sample_id,y_true_price,raw_prediction,y_pred_price,absolute_error,absolute_percentage_error
3909,5.5,4.539541971830454,4.539541971830454,0.9604580281695458,17.46287323944629
6004,37.499,27.597672559745455,27.597672559745455,9.901327440254548,26.40424395385089
1768,27.49,18.37143006003212,18.37143006003212,9.118569939967877,33.17049814466307
3360,7.8,7.870110808845373,7.870110808845373,0.07011080884537346,0.8988565236586341
4700,12.99,11.690996492701354,11.690996492701354,1.2990035072986466,10.000026999989581
865,3.5,2.96606483943647,2.96606483943647,0.5339351605635301,15.255290301815144
7074,52.5,39.562954216472534,39.562954216472534,12.937045783527466,24.641991968623746
2233,26.0,32.65284027189762,32.65284027189762,6.652840271897617,25.587847199606216
1720,22.0,12.363793515764293,12.363793515764293,9.636206484235707,43.80093856470776
1662,4.7,12.872063969821497,12.872063969821497,8.172063969821497,173.87370148556377
1566,11.49,17.41230083899105,17.41230083899105,5.922300838991051,51.54308824187164
5141,3.2,5.101669175863099,5.101669175863099,1.9016691758630992,59.42716174572185
7264,63.86,52.96620934287596,52.96620934287596,10.893790657124036,17.058864167121886
5464,127.0,102.1944870074909,102.1944870074909,24.805512992509094,19.531899994101646
6348,31.79,28.030179430801763,28.030179430801763,3.7598205691982365,11.827054322737455
6283,17.99,33.600142651752535,33.600142651752535,15.610142651752536,86.77122096582845
6419,30.9,32.09834746498072,32.09834746498072,1.1983474649807206,3.8781471358599378
763,7.9,12.933792280884607,12.933792280884607,5.033792280884606,63.718889631450715
3297,4.8,5.5359830336707265,5.5359830336707265,0.7359830336707267,15.33297986814014
2654,3.59,3.6624071677855046,3.6624071677855046,0.07240716778550471,2.0169127516853678
2189,3.1399,4.954023664800472,4.954023664800472,1.814123664800472,57.77647902163993
3945,1.9,1.8648090045741021,1.8648090045741021,0.035190995425897764,1.8521576539946194
6006,20.04,24.510348233413644,24.510348233413644,4.470348233413645,22.307126913241742
1197,19.8,11.796360721452015,11.796360721452015,8.003639278547986,40.4224205987272
429,7.5,6.7187935788607405,6.7187935788607405,0.7812064211392595,10.416085615190127
4271,5.7,5.773402231043487,5.773402231043487,0.0734022310434872,1.2877584393594246
3905,5.1,6.527689708545282,6.527689708545282,1.427689708545282,27.99391585382906
2316,2.7,5.522018659995759,5.522018659995759,2.8220186599957584,104.51920962947253
4584,13.5,9.044237045402166,9.044237045402166,4.455762954597834,33.005651515539505
7086,51.49,58.36379259650973,58.36379259650973,6.87379259650973,13.34976227716009
1992,16.5,15.368114817132065,15.368114817132065,1.1318851828679346,6.859910199199604
7240,13.1,12.888041312317277,12.888041312317277,0.2119586876827224,1.6180052494864305
554,7.2,11.110844988277828,11.110844988277828,3.9108449882778276,54.31729150385871
1905,11.999,10.34644635009957,10.34644635009957,1.6525536499004314,13.77242811818011
2034,14.5,13.52973629112658,13.52973629112658,0.9702637088734196,6.691473854299446
1215,6.2,6.122850906620613,6.122850906620613,0.07714909337938725,1.2443402157965684
1615,7.0,7.720683272193522,7.720683272193522,0.7206832721935221,10.295475317050316
1002,3.2,2.6875654294254367,2.6875654294254367,0.5124345705745634,16.013580330455106
2388,9.95,8.820137516672531,8.820137516672531,1.129862483327468,11.355401842487115
6001,38.9,44.922005053851514,44.922005053851514,6.022005053851515,15.480732786250684
1533,4.95,4.595611214810074,4.595611214810074,0.35438878518992656,7.1593693977762936
5326,26.5,26.589637325758066,26.589637325758066,0.0896373257580656,0.3382540594643985
2764,22.5,19.997133180494668,19.997133180494668,2.502866819505332,11.123852531134808
6702,12.99,16.66771185004017,16.66771185004017,3.67771185004017,28.311869515320787
496,10.89,12.657085161035031,12.657085161035031,1.7670851610350304,16.226677328145367
2691,29.5,27.895134167202762,27.895134167202762,1.6048658327972376,5.440223162024535
7213,26.25,28.337898081736668,28.337898081736668,2.087898081736668,7.953897454234927
5400,13.99,13.872080858171016,13.872080858171016,0.11791914182898466,0.8428816428090397
5931,44.99,36.41190629253021,36.41190629253021,8.57809370746979,19.066667498265815
828,4.8,3.535334619989561,3.535334619989561,1.264665380010439,26.34719541688415
3552,1.55,4.193107221228924,4.193107221228924,2.6431072212289246,170.52304653089837
61,6.9,9.712153060904985,9.712153060904985,2.8121530609049845,40.75584146239108
1429,10.0,14.14775517463092,14.14775517463092,4.14775517463092,41.477551746309196
2970,3.2,4.243977491954931,4.243977491954931,1.043977491954931,32.62429662359159
3955,29.9,30.378318504251702,30.378318504251702,0.4783185042517033,1.5997274389689076
4121,14.5,13.421290225710509,13.421290225710509,1.078709774289491,7.4393777537206285
3550,16.4,14.988067246898389,14.988067246898389,1.4119327531016097,8.609346055497621
5189,4.6,3.0403591148828983,3.0403591148828983,1.5596408851171013,33.90523663298047
465,5.95,6.930981518075586,6.930981518075586,0.9809815180755859,16.487084337404802
5636,7.5,13.65613214639376,13.65613214639376,6.156132146393761,82.0817619519168
6951,12.9,20.637564198532164,20.637564198532164,7.737564198532164,59.981117818078786
4230,8.2,6.575069895768161,6.575069895768161,1.6249301042318383,19.816220783315103
6145,42.45,62.22862396624223,62.22862396624223,19.77862396624223,46.59275374850937
1902,8.9,7.966299545507361,7.966299545507361,0.933700454492639,10.491016342613921
185,4.7,4.595611214810074,4.595611214810074,0.10438878518992656,2.2210379827643947
2662,4.8,5.762407458245782,5.762407458245782,0.9624074582457824,20.05015538012047
932,2.0,4.497052102215504,4.497052102215504,2.4970521022155037,124.85260511077519
6485,20.95,25.43532725019874,25.43532725019874,4.48532725019874,21.409676611927157
5510,12.99,23.45158403018076,23.45158403018076,10.461584030180761,80.53567382741156
1487,18.99,9.712153060904985,9.712153060904985,9.277846939095014,48.85648730434446
1084,17.0,15.437403345905711,15.437403345905711,1.562596654094289,9.191745024084053
7123,11.999,14.007121258904451,14.007121258904451,2.008121258904451,16.73573846907618
5735,99.69,75.64242810570877,75.64242810570877,24.047571894291224,24.122351182958397
2939,12.5,11.626693534073802,11.626693534073802,0.8733064659261984,6.986451727409587
1940,7.5,7.594290323762343,7.594290323762343,0.09429032376234314,1.257204316831242
5481,17.86,17.428599629094315,17.428599629094315,0.43140037090568484,2.4154556041751674
3268,2.2,3.124475391246408,3.124475391246408,0.9244753912464079,42.021608693018536
1703,22.5,26.93208566531077,26.93208566531077,4.432085665310769,19.698158512492306
6381,19.8,21.90036775745585,21.90036775745585,2.1003677574558495,10.607917966948735
3244,1.5,2.375961022276538,2.375961022276538,0.8759610222765382,58.39740148510254
4438,1.5,2.4654310735566245,2.4654310735566245,0.9654310735566245,64.36207157044164
5549,17.5,14.194973602096528,14.194973602096528,3.3050263979034717,18.88586513087698
4063,8.0,8.621943849387042,8.621943849387042,0.6219438493870424,7.77429811733803
5269,5.299999,6.4226969827109865,6.4226969827109865,1.1226979827109869,21.182984802657263
7091,24.299,31.980470073703106,31.980470073703106,7.681470073703107,31.6122888748636
2718,22.0,17.330632457573397,17.330632457573397,4.669367542426603,21.22439792012092
1740,7.8,8.610551271975694,8.610551271975694,0.8105512719756947,10.391682974047367
5023,17.5,16.10347141817158,16.10347141817158,1.39652858182842,7.980163324733828
3994,7.0,8.47275738379074,8.47275738379074,1.4727573837907393,21.039391197010563
101,12.6,12.671863066433906,12.671863066433906,0.07186306643390594,0.5703417970944916
4505,15.0,16.489329248841376,16.489329248841376,1.4893292488413756,9.928861658942505
736,8.2,10.812285489768128,10.812285489768128,2.6122854897681282,31.857140119123518
7111,48.49,50.044566786464415,50.044566786464415,1.554566786464413,3.2059533645378697
538,25.5,18.499420699309923,18.499420699309923,7.000579300690077,27.45325215956893
4520,9.0,6.546954368373338,6.546954368373338,2.4530456316266616,27.256062573629574
5153,8.5,7.752092735377771,7.752092735377771,0.7479072646222287,8.798908995555632
733,10.8,14.05446661686847,14.05446661686847,3.25446661686847,30.13395015618953
5218,4.4,7.237009314334876,7.237009314334876,2.8370093143348756,64.47748441670171
79,3.7,2.9389859042681667,2.9389859042681667,0.7610140957318334,20.567948533292792
5808,17.79,15.996087902306105,15.996087902306105,1.7939120976938945,10.083822921269784
3113,5.5,5.773402231043487,5.773402231043487,0.2734022310434874,4.970949655336134
5278,5.3,3.795840190433685,3.795840190433685,1.504159809566315,28.38037376540217
3082,5.9,6.080340026622856,6.080340026622856,0.1803400266228561,3.056610620726374
4939,11.5,9.155079179558555,9.155079179558555,2.3449208204414447,20.390615829925608
132,8.9,6.743405702953517,6.743405702953517,2.1565942970464835,24.231396596027903
737,12.2,7.774336044853367,7.774336044853367,4.425663955146632,36.275934058578954
1041,9.0,8.958443597386129,8.958443597386129,0.04155640261387106,0.4617378068207895
2095,13.5,15.86485457781676,15.86485457781676,2.364854577816759,17.51744131716118
7199,21.99,23.81725389538451,23.81725389538451,1.827253895384512,8.309476559274726
6848,42.499,36.73119392257071,36.73119392257071,5.767806077429292,13.57162774989833
1634,9.3,15.368114817132065,15.368114817132065,6.068114817132065,65.24854642077489
6425,20.34,19.94592131430269,19.94592131430269,0.3940786856973091,1.9374566651785108
5527,23.9,28.30804606626878,28.30804606626878,4.408046066268781,18.443707390245947
6243,47.499,29.274037361350388,29.274037361350388,18.224962638649615,38.36915016873958
6607,41.0,50.5174875698198,50.5174875698198,9.5174875698198,23.213384316633658
3308,17.2,15.529071713930803,15.529071713930803,1.6709282860691967,9.71469933761161
4726,5.0,8.56133884665241,8.56133884665241,3.5613388466524096,71.2267769330482
5241,1.8,4.526187187957037,4.526187187957037,2.726187187957037,151.45484377539094
5112,14.499,10.128888362633564,10.128888362633564,4.370111637366437,30.140779621811408
2647,7.5,7.988740062597087,7.988740062597087,0.4887400625970866,6.516534167961155
3139,6.2,6.617887387650445,6.617887387650445,0.41788738765044453,6.740119155652331
5239,6.6,7.1404517438805515,7.1404517438805515,0.5404517438805518,8.188662786068967
319,9.0,7.834902237898017,7.834902237898017,1.1650977621019827,12.94553069002203
5857,4.845,11.849060765482598,11.849060765482598,7.004060765482598,144.56265769829926
6898,38.8,41.334295058215034,41.334295058215034,2.5342950582150365,6.531688294368651
842,7.5,5.797612593127809,5.797612593127809,1.702387406872191,22.69849875829588
1894,5.5,4.802465070533067,4.802465070533067,0.6975349294669329,12.682453263035143
177,7.5,12.316619701160548,12.316619701160548,4.816619701160548,64.22159601547396
5163,3.8,1.7741362629487654,1.7741362629487654,2.0258637370512345,53.31220360661143
4671,7.3,6.6031834098115265,6.6031834098115265,0.6968165901884733,9.545432742307854
3832,22.9,14.6452660336085,14.6452660336085,8.254733966391498,36.0468732156834
3961,3.95,4.1035458218208145,4.1035458218208145,0.15354582182081433,3.8872359954636537
1509,4.0,3.044234166404763,3.044234166404763,0.9557658335952368,23.89414583988092
6654,19.49,15.876153086987431,15.876153086987431,3.6138469130125674,18.542057019048578
2177,11.4,8.14184797868344,8.14184797868344,3.25815202131656,28.580280888741754
3671,1.4,2.0369188553054194,2.0369188553054194,0.6369188553054195,45.49420395038711
1755,6.9,4.677423378390941,4.677423378390941,2.2225766216090594,32.211255385638545
2245,4.0,5.5279762412481634,5.5279762412481634,1.5279762412481634,38.199406031204084
3193,4.799,5.5359830336707265,5.5359830336707265,0.7369830336707262,15.357012579094103
1038,13.5,9.263880428874963,9.263880428874963,4.2361195711250375,31.37866348981509
6559,8.1,4.319038531665182,4.319038531665182,3.7809614683348176,46.67853664610886
3450,7.29,6.152442051967647,6.152442051967647,1.1375579480323532,15.604361427055599
5444,41.29,34.71618373152677,34.71618373152677,6.57381626847323,15.921085658690313
3433,17.49,12.579639219807085,12.579639219807085,4.910360780192914,28.075247456791963
3002,15.9,16.466811611861147,16.466811611861147,0.5668116118611461,3.5648529047870823
2516,1.5,0.6853135624101547,0.6853135624101547,0.8146864375898453,54.31242917265635
3698,5.35,4.54383712412562,4.54383712412562,0.8061628758743797,15.068464969614576
2045,4.99,5.389036418105748,5.389036418105748,0.39903641810574797,7.996721805726412
4239,9.49,6.085733907649891,6.085733907649891,3.4042660923501096,35.872140066913694
4710,4.99,6.03390111004418,6.03390111004418,1.04390111004418,20.919861924733063
1728,31.5,28.61697909500075,28.61697909500075,2.883020904999249,9.152447317457932
3319,9.19,11.10305491126115,11.10305491126115,1.9130549112611508,20.816701972373785
5372,2.899,5.330032374994971,5.330032374994971,2.431032374994971,83.85761900638052
2771,27.5,19.444532876800736,19.444532876800736,8.055467123199264,29.292607720724597
4552,1.5,2.699991603579928,2.699991603579928,1.199991603579928,79.99944023866186
3379,5.0,10.559476442180777,10.559476442180777,5.559476442180777,111.18952884361555
3857,6.7,7.272334007279333,7.272334007279333,0.5723340072793333,8.542298616109452
5435,23.49,28.522415746089486,28.522415746089486,5.032415746089487,21.423651537205142
4104,3.2,3.469897404839964,3.469897404839964,0.2698974048399636,8.434293901248862
6784,28.799,18.03914655735574,18.03914655735574,10.75985344264426,37.36189951958145
2412,21.49,14.026973543855,14.026973543855,7.463026456144998,34.72790347205677
6248,27.89,33.798699071143005,33.798699071143005,5.908699071143005,21.185726321774847
3045,11.5,11.372464841234876,11.372464841234876,0.12753515876512367,1.1090013805662928
1918,14.9,12.9600844351032,12.9600844351032,1.9399155648968005,13.019567549642955
3824,4.0,6.703568832716659,6.703568832716659,2.703568832716659,67.58922081791647
1550,13.5,12.878540973119117,12.878540973119117,0.6214590268808831,4.603400199117652
1934,7.9,7.602987725377447,7.602987725377447,0.29701227462255364,3.759649045855109
7148,19.199,14.398046462431731,14.398046462431731,4.800953537568271,25.006268751332208
3370,8.99,8.033882652084595,8.033882652084595,0.9561173479154057,10.635343135877704
2481,10.7,11.387208727252302,11.387208727252302,0.6872087272523029,6.422511469647691
6017,21.999,15.396884134331419,15.396884134331419,6.60211586566858,30.010981706752943
5643,21.1,17.69188839840769,17.69188839840769,3.40811160159231,16.15218768527161
3889,2.9,5.9339551313216745,5.9339551313216745,3.0339551313216746,104.61914245936809
3664,26.0,21.334148440391587,21.334148440391587,4.665851559608413,17.945582921570818
1600,14.8,15.368114817132065,15.368114817132065,0.5681148171320647,3.8386136292707067
2275,23.49,16.067869530433498,16.067869530433498,7.4221304695665005,31.596979436213285
4024,8.2,7.143614971065028,7.143614971065028,1.0563850289349714,12.882744255304532
2312,8.0,8.50569729095193,8.50569729095193,0.5056972909519306,6.321216136899133
3935,6.9,5.986773681088481,5.986773681088481,0.9132263189115193,13.235164042195931
4352,1.0,4.254533252010779,4.254533252010779,3.254533252010779,325.45332520107786
1672,1.3,5.344264078506789,5.344264078506789,4.04426407850679,311.0972368082146
3792,15.9,17.645495889559804,17.645495889559804,1.7454958895598036,10.977961569558513
1034,4.6,5.5279762412481634,5.5279762412481634,0.9279762412481638,20.173396548873125
3439,10.5,10.026283234227137,10.026283234227137,0.47371676577286337,4.511588245455841
3221,8.9,11.12321749697354,11.12321749697354,2.2232174969735397,24.979971876107186
2955,5.5,4.834462793241421,4.834462793241421,0.6655372067585787,12.100676486519614
4490,2.0,0.7343637671436589,0.7343637671436589,1.265636232856341,63.281811642817054
7244,46.49,36.87323282166286,36.87323282166286,9.616767178337142,20.68566826917002
6285,16.09,21.316357898020996,21.316357898020996,5.226357898020996,32.48202546936604
2268,16.49,19.692415034201197,19.692415034201197,3.2024150342011986,19.420345871444507
1699,2.6,2.500857259062034,2.500857259062034,0.09914274093796616,3.813182343767929
3519,10.5,9.191205404953166,9.191205404953166,1.3087945950468338,12.464710429017464
87,8.5,10.473256402421743,10.473256402421743,1.9732564024217432,23.214781204961685
7113,22.59,21.535538783098122,21.535538783098122,1.0544612169018777,4.667823005320397
676,5.3,5.799798737414964,5.799798737414964,0.49979873741496395,9.430164856886112
4407,24.99,17.190830890517333,17.190830890517333,7.799169109482666,31.20916010197145
3317,4.9,5.5359830336707265,5.5359830336707265,0.6359830336707262,12.97924558511686
6902,67.0,63.7699258771032,63.7699258771032,3.230074122896802,4.821006153577317
2569,4.1,5.6543157209801596,5.6543157209801596,1.55431572098016,37.91013953610147
393,2.999,3.247532742760413,3.247532742760413,0.2485327427604127,8.287187154398556
1149,5.6,4.8160124438626575,4.8160124438626575,0.7839875561373422,13.999777788166826
1168,5.9,6.088101497007674,6.088101497007674,0.18810149700767376,3.188160966231758
2208,3.4,3.067209993217592,3.067209993217592,0.3327900067824081,9.78794137595318
230,18.5,23.936445405473393,23.936445405473393,5.436445405473393,29.38619138093726
2802,4.999999,5.5359830336707265,5.5359830336707265,0.5359840336707267,10.719682817351098
1543,4.4,4.876535076649944,4.876535076649944,0.47653507664994343,10.830342651135078
2345,28.5,25.734820501428985,25.734820501428985,2.7651794985710154,9.702384205512335
3599,6.0,6.711935996728849,6.711935996728849,0.7119359967288492,11.86559994548082
2892,2.2,4.379658856336107,4.379658856336107,2.179658856336107,99.07540256073212
4691,25.9,25.634330084778988,25.634330084778988,0.2656699152210109,1.0257525684208915
2942,16.0,23.7261308979364,23.7261308979364,7.7261308979364,48.2883181121025
5121,24.49,18.307138397529705,18.307138397529705,6.182861602470293,25.246474489466287
7189,54.99,50.13703660643429,50.13703660643429,4.852963393565709,8.82517438364377
970,3.2,2.4618700993300244,2.4618700993300244,0.7381299006699757,23.066559395936743
3718,5.6,5.022235034707089,5.022235034707089,0.5777649652929107,10.317231523087692
5329,7.0,6.640174284352177,6.640174284352177,0.3598257156478226,5.140367366397466
169,10.5,14.105376044712209,14.105376044712209,3.6053760447122087,34.33691471154485
1056,9.0,5.850664148441648,5.850664148441648,3.1493358515583516,34.99262057287058
5968,24.1145,19.93943073995645,19.93943073995645,4.17506926004355,17.31352198902548
251,3.7,6.007732697476673,6.007732697476673,2.3077326974766725,62.37115398585601
5889,51.0,28.900685766061628,28.900685766061628,22.099314233938372,43.331988693996806
2705,10.5,6.1196786562067835,6.1196786562067835,4.3803213437932165,41.71734613136396
1729,4.3,5.331790858247109,5.331790858247109,1.031790858247109,23.99513623830486
2533,8.6,5.810479264670558,5.810479264670558,2.7895207353294413,32.43628762010978
95,7.5,3.398525322352098,3.398525322352098,4.101474677647902,54.686329035305356
5646,17.5,25.752044337830768,25.752044337830768,8.252044337830768,47.154539073318674
5174,23.49,12.54743459657559,12.54743459657559,10.942565403424409,46.583931049060915
3692,2.8,5.572190195790959,5.572190195790959,2.7721901957909596,99.00679270682
1172,6.69,6.527689708545282,6.527689708545282,0.16231029145471876,2.4261628020137334
1383,11.9,14.331169968444406,14.331169968444406,2.431169968444406,20.429999734826943
5263,7.2,9.239529320594528,9.239529320594528,2.0395293205945277,28.326796119368442
711,13.7,15.368114817132065,15.368114817132065,1.668114817132066,12.176020563007782
2354,7.9,8.541770669923869,8.541770669923869,0.6417706699238686,8.123679366124918
2215,7.0,7.774336044853367,7.774336044853367,0.7743360448533672,11.061943497905245
3779,7.49,8.831197707412528,8.831197707412528,1.3411977074125279,17.90651144743028
5242,5.5,11.523006667038414,11.523006667038414,6.023006667038414,109.50921212797118
69,5.5,6.781832472689683,6.781832472689683,1.2818324726896826,23.306044957994228
263,6.5,9.095498899646,9.095498899646,2.5954988996459996,39.93075230224615
408,16.0,9.816183980213793,9.816183980213793,6.183816019786207,38.64885012366379
7137,54.99,54.34724351079675,54.34724351079675,0.6427564892032507,1.1688606823117853
6024,24.39,23.08548796653936,23.08548796653936,1.3045120334606395,5.348552822716849
3217,1.79,6.7924380299700555,6.7924380299700555,5.0024380299700555,279.4658117301707
5196,11.6,13.492889954150693,13.492889954150693,1.892889954150693,16.318016846126664
37,13.8,14.026973543855,14.026973543855,0.22697354385499935,1.6447358250362272
3504,6.99,6.385741108247599,6.385741108247599,0.6042588917524014,8.644619338374842
1862,31.0,23.652154719406912,23.652154719406912,7.347845280593088,23.702726711590604
4602,13.3,12.878540973119117,12.878540973119117,0.42145902688088377,3.1688648637660433
6222,20.66,22.519746329427186,22.519746329427186,1.8597463294271854,9.001676328301961
6474,9.29,9.903623580066334,9.903623580066334,0.613623580066335,6.605205382845372
2333,28.5,32.46088748087007,32.46088748087007,3.9608874808700705,13.897850810070423
1575,6.8,9.044237045402166,9.044237045402166,2.2442370454021665,33.00348596179657
6763,35.89,42.11216983932741,42.11216983932741,6.222169839327407,17.336778599407655
5733,20.0,32.97979380692069,32.97979380692069,12.97979380692069,64.89896903460345
3295,11.0,11.061178896273015,11.061178896273015,0.06117889627301487,0.5561717843001351
3985,19.5,15.898717515678737,15.898717515678737,3.6012824843212634,18.468115304211608
5958,89.09,95.2496787363826,95.2496787363826,6.159678736382602,6.913995663242342
3641,13.8,10.930687554564617,10.930687554564617,2.8693124454353836,20.792119169821618
1163,5.39,5.5359830336707265,5.5359830336707265,0.14598303367072685,2.708405077378977
3781,8.5,10.758621777001206,10.758621777001206,2.2586217770012063,26.572020905896544
1554,23.99,22.877760519981287,22.877760519981287,1.1122394800187116,4.63626294297087
19,10.0,5.349610851204414,5.349610851204414,4.650389148795586,46.50389148795586
3257,7.1,12.830388524939147,12.830388524939147,5.730388524939148,80.70969753435419
3279,6.699999,7.834902237898017,7.834902237898017,1.1349032378980173,16.93885682517292
982,1.7,2.6736717450298606,2.6736717450298606,0.9736717450298606,57.274808531168276
6602,12.15,13.214968408857175,13.214968408857175,1.0649684088571743,8.765172089359458
239,4.8,5.258451626930345,5.258451626930345,0.45845162693034514,9.551075561048858
7053,20.99,22.808312194516585,22.808312194516585,1.8183121945165865,8.662754618945149
2509,22.05,20.406693146087072,20.406693146087072,1.6433068539129287,7.452638793255913
3800,7.3,4.602109063618705,4.602109063618705,2.6978909363812944,36.95741008741499
6775,25.99,36.225966836640495,36.225966836640495,10.235966836640497,39.38425100669679
1322,2.5,3.448487873774731,3.448487873774731,0.9484878737747309,37.939514950989235
3842,10.9,14.50995282421709,14.50995282421709,3.609952824217089,33.11883324969806
3166,10.9,8.438456199913043,8.438456199913043,2.4615438000869574,22.58297064299961
4381,12.0,14.093329637284446,14.093329637284446,2.0933296372844463,17.444413644037052
5635,15.999,27.142157391458902,27.142157391458902,11.143157391458901,69.64908676454091
5514,28.49,28.311683575778783,28.311683575778783,0.1783164242212152,0.6258912749077403
1965,4.5,5.037892758712205,5.037892758712205,0.5378927587122053,11.953172415826785
2486,4.686,9.118079367241439,9.118079367241439,4.432079367241439,94.58129251475542
4706,3.0,4.607242451958731,4.607242451958731,1.6072424519587312,53.57474839862437
2676,6.2,5.499404964990703,5.499404964990703,0.7005950350092975,11.299919919504799
1726,6.799999,8.795713503509953,8.795713503509953,1.9957145035099533,29.348747014667993
332,4.0,3.5393708387897913,3.5393708387897913,0.4606291612102087,11.515729030255217
4728,4.99,5.5359830336707265,5.5359830336707265,0.5459830336707263,10.941543760936398
3544,4.75,8.859176963317317,8.859176963317317,4.109176963317317,86.5089887014172
6459,13.19,10.228109996278391,10.228109996278391,2.9618900037216083,22.45557243155124
1562,25.0,27.648964665978617,27.648964665978617,2.6489646659786175,10.59585866391447
3989,4.5,5.249179401273478,5.249179401273478,0.7491794012734783,16.648431139410626
1320,29.5,30.764610052179272,30.764610052179272,1.2646100521792718,4.286813736200921
6674,35.99,38.86770237327297,38.86770237327297,2.8777023732729674,7.995838769860981
2036,10.799,12.751095461490337,12.751095461490337,1.9520954614903374,18.076631738960437
3774,5.5,4.878240660755017,4.878240660755017,0.6217593392449832,11.304715258999694
3121,8.2,7.900956732430826,7.900956732430826,0.2990432675691732,3.6468691166972342
2650,3.6,6.030120556509939,6.030120556509939,2.4301205565099386,67.50334879194274
4595,3.95,3.6246254581668644,3.6246254581668644,0.32537454183313574,8.237330172990779
2471,3.55,2.9378874470743757,2.9378874470743757,0.6121125529256242,17.242607124665472
4397,10.8,6.555262439989214,6.555262439989214,4.244737560010787,39.303125555655434
6418,5.8,6.40353917283846,6.40353917283846,0.6035391728384605,10.405847807559663
1888,13.8,23.384327892286727,23.384327892286727,9.584327892286726,69.45165139338208
5537,25.99,18.108228205606796,18.108228205606796,7.881771794393202,30.32617081336361
7214,57.99,57.33023664864271,57.33023664864271,0.6597633513572916,1.1377191780605131
2519,29.5,32.453141249103155,32.453141249103155,2.9531412491031546,10.010648302044592
1142,13.89,14.117359165199629,14.117359165199629,0.22735916519962807,1.6368550410340392
308,11.3,7.263638451961426,7.263638451961426,4.036361548038575,35.72001369945641
5255,1.99,1.9491800249450186,1.9491800249450186,0.04081997505498136,2.051255027888511
381,4.5,7.327764759936999,7.327764759936999,2.827764759936999,62.83921688748886
4118,7.5,7.5302164770986115,7.5302164770986115,0.030216477098611527,0.40288636131482036
3617,7.2,6.085733907649891,6.085733907649891,1.1142660923501095,15.475917949307078
1400,9.8,6.917920551071655,6.917920551071655,2.882079448928346,29.408973968656593
7075,23.5,20.982280857608096,20.982280857608096,2.517719142391904,10.71369847826342
6806,14.4,14.489910489718122,14.489910489718122,0.08991048971812177,0.6243784008202901
2465,4.3,3.0261939562963143,3.0261939562963143,1.2738060437036856,29.62339636520199
994,10.5,13.135908765265,13.135908765265,2.6359087652650004,25.103893002523815
683,4.7,6.106012134917439,6.106012134917439,1.4060121349174386,29.915151806754007
3428,7.9,8.192006508750033,8.192006508750033,0.292006508750033,3.696284920886493
2906,11.9,10.92862584624678,10.92862584624678,0.9713741537532208,8.162808014732947
2984,12.8,10.351980341909968,10.351980341909968,2.4480196580900326,19.12515357882838
457,2.7,4.429650333740632,4.429650333740632,1.729650333740632,64.06112347187525
4028,4.8,4.226683386656971,4.226683386656971,0.573316613343029,11.944096111313105
3622,3.8,6.46885435897315,6.46885435897315,2.6688543589731504,70.23300944666185
756,2.95,4.46867029662552,4.46867029662552,1.5186702966255199,51.480349038153214
5845,21.99,25.51799215768068,25.51799215768068,3.527992157680682,16.04362054425049
4100,1.5,2.681991371183342,2.681991371183342,1.1819913711833419,78.79942474555612
1046,11.89,8.268248940627274,8.268248940627274,3.621751059372727,30.460479893799214
1024,4.49,2.381489422376079,2.381489422376079,2.108510577623921,46.96014649496483
2344,13.4,13.227707798590146,13.227707798590146,0.17229220140985468,1.2857626970884677
2997,3.2,8.964030959756936,8.964030959756936,5.764030959756936,180.12596749240424
4591,3.55,8.085547897887029,8.085547897887029,4.535547897887029,127.76191261653602
4974,26.9,17.768355798883714,17.768355798883714,9.131644201116284,33.9466327179044
1515,28.2,29.735595650189474,29.735595650189474,1.5355956501894745,5.445374646061967
5186,24.19,20.478742962598666,20.478742962598666,3.711257037401335,15.342112597773191
1737,4.3,5.901729910362922,5.901729910362922,1.6017299103629226,37.24953279913773
6156,22.85,26.545278251633974,26.545278251633974,3.6952782516339724,16.17189606842001
1869,5.6,6.649304822361541,6.649304822361541,1.0493048223615418,18.73758611359896
6526,22.99,22.84576072846016,22.84576072846016,0.1442392715398384,0.6274000501950344
1042,3.5,0.3010587222043881,0.3010587222043881,3.198941277795612,91.39832222273176
3442,6.5,5.391728745533841,5.391728745533841,1.1082712544661586,17.050326991787053
50,7.5,8.336992834239672,8.336992834239672,0.8369928342396715,11.159904456528952
786,6.5,5.956940015384934,5.956940015384934,0.5430599846150663,8.354768994077943
245,18.5,25.171347345232412,25.171347345232412,6.671347345232412,36.061337001256284
5303,4.25,9.47499940184267,9.47499940184267,5.22499940184267,122.94116239629811
3076,14.0,11.413389913107503,11.413389913107503,2.586610086892497,18.475786334946406
5462,37.19,26.752890007005945,26.752890007005945,10.437109992994053,28.064291457365027
7234,54.95,36.66377835112508,36.66377835112508,18.28622164887492,33.27792838739749
625,7.5,9.532593459454443,9.532593459454443,2.032593459454443,27.101246126059237
6414,26.59,18.0012827585971,18.0012827585971,8.5887172414029,32.30055374728432
2272,5.7,4.696836950122778,4.696836950122778,1.0031630498772222,17.599351752231968
4812,12.99,13.86646767343184,13.86646767343184,0.87646767343184,6.747249218105003
7182,57.28,37.07667944173596,37.07667944173596,20.20332055826404,35.27116019250007
4894,6.9,6.640174284352177,6.640174284352177,0.259825715647823,3.7655900818525065
6403,5.3,6.180848451112679,6.180848451112679,0.8808484511126791,16.619782096465645
1025,12.5,9.118079367241439,9.118079367241439,3.381920632758561,27.055365062068486
5457,53.99,42.10803984393914,42.10803984393914,11.881960156060863,22.007705419634863
2926,7.5,9.53541094329836,9.53541094329836,2.035410943298359,27.138812577311455
321,31.8,33.48599725273482,33.48599725273482,1.6859972527348184,5.301878153254146
3326,17.0,22.099408002013895,22.099408002013895,5.099408002013895,29.996517658905265
3105,11.9,14.356391159612828,14.356391159612828,2.456391159612828,20.641942517754856
1893,4.5,2.8816522220687038,2.8816522220687038,1.6183477779312962,35.96328395402881
4920,6.8,5.855801804178299,5.855801804178299,0.9441981958217012,13.885267585613253
2138,11.49,10.773627643473958,10.773627643473958,0.7163723565260423,6.2347463579290014
5476,40.49,28.115767791703227,28.115767791703227,12.374232208296775,30.56120575030075
3475,1.55,1.8074079121649351,1.8074079121649351,0.2574079121649351,16.606962075157103
4098,11.0,13.13546670600603,13.13546670600603,2.1354667060060297,19.413333690963906
7001,45.499,39.6559114445187,39.6559114445187,5.843088555481302,12.842235116115303
5321,14.799,20.547755826389647,20.547755826389647,5.748755826389647,38.84556947354313
5339,2.7,2.9114358734037253,2.9114358734037253,0.21143587340372516,7.830958274212042
4296,24.5,22.80986140326071,22.80986140326071,1.6901385967392883,6.898524884650156
3767,5.9,5.797612593127809,5.797612593127809,0.10238740687219128,1.7353797774947672
2126,16.3,21.685570367040864,21.685570367040864,5.385570367040863,33.04030900025069
4279,5.9,4.458509277047618,4.458509277047618,1.4414907229523823,24.432046151735292
233,3.8,5.850664148441648,5.850664148441648,2.0506641484416486,53.964846011622335
65,15.0,12.900102177869126,12.900102177869126,2.099897822130874,13.999318814205827
5856,20.709,29.80509661791904,29.80509661791904,9.096096617919041,43.923398608909366
1595,14.5,15.379292504737725,15.379292504737725,0.8792925047377249,6.064086239570517
5133,9.8,15.898717515678737,15.898717515678737,6.098717515678736,62.231811384476885
2656,20.9,23.25110271420146,23.25110271420146,2.3511027142014598,11.249295283260574
3218,32.99,43.73165175289175,43.73165175289175,10.741651752891748,32.560326622891026
509,5.0,5.212832246695465,5.212832246695465,0.21283224669546463,4.256644933909293
6253,15.5,19.504123580746402,19.504123580746402,4.004123580746402,25.833055359654207
6481,18.99,29.633688144579263,29.633688144579263,10.643688144579265,56.04891071395085
576,26.7,14.337094570242988,14.337094570242988,12.362905429757012,46.303016590850234
217,4.999999,4.465848005072676,4.465848005072676,0.534150994927324,10.683022035150886
5697,15.59,23.478901461849382,23.478901461849382,7.8889014618493825,50.60231854938667
7082,11.9,13.698242327925511,13.698242327925511,1.7982423279255109,15.111280066600932
3757,4.0,5.116521644739731,5.116521644739731,1.1165216447397306,27.913041118493265
3954,9.2,14.042269246366644,14.042269246366644,4.842269246366644,52.63336137355049
6731,24.5,23.18029563458669,23.18029563458669,1.3197043654133083,5.386548430258401
6889,39.9,26.131651061466734,26.131651061466734,13.768348938533265,34.507140196825226
2115,10.5,6.01576264701926,6.01576264701926,4.48423735298074,42.707022409340375
3467,2.0,3.6304237340698275,3.6304237340698275,1.6304237340698275,81.52118670349138
4871,17.5,17.42239783878953,17.42239783878953,0.07760216121047137,0.4434409212026935
6130,20.5,33.70836572915316,33.70836572915316,13.208365729153158,64.43105233733247
3478,9.0,9.118079367241439,9.118079367241439,0.11807936724143886,1.3119929693493206
4487,4.499999,7.184136141032042,7.184136141032042,2.684137141032042,59.647505277935444
3933,29.99,24.853813151757578,24.853813151757578,5.136186848242421,17.126331604676295
3347,7.6,6.703568832716659,6.703568832716659,0.8964311672833407,11.795146937938695
1261,6.5,5.70386626225093,5.70386626225093,0.79613373774907,12.248211349985691
4382,9.5,11.815556060747788,11.815556060747788,2.315556060747788,24.374274323660927
3163,9.65,10.90961203401298,10.90961203401298,1.2596120340129797,13.052974445730358
1412,4.0,4.090346037429557,4.090346037429557,0.0903460374295566,2.258650935738915
1281,14.0,8.991192308156034,8.991192308156034,5.008807691843966,35.777197798885474
4588,6.0,8.390415779869794,8.390415779869794,2.3904157798697945,39.8402629978299
2917,6.2,5.602352875541063,5.602352875541063,0.5976471244589368,9.639469749337689
1565,13.6,19.826434236811338,19.826434236811338,6.226434236811338,45.782604682436315
6580,22.562,15.394064909838171,15.394064909838171,7.16793509016183,31.769945439951375
4002,7.6,6.305821119731569,6.305821119731569,1.294178880268431,17.028669477216198
6500,7.899,12.149646259052716,12.149646259052716,4.250646259052716,53.812460552635976
6365,25.4,29.781384271652392,29.781384271652392,4.381384271652394,17.24954437658423
6900,21.699,17.438624270089502,17.438624270089502,4.2603757299105,19.633972671139222
3007,5.0,8.110452888640534,8.110452888640534,3.110452888640534,62.20905777281068
1315,9.2,10.294330863440528,10.294330863440528,1.094330863440529,11.894900689570969
3885,2.3,4.5971189974053015,4.5971189974053015,2.2971189974053017,99.87473901762182
3745,12.4,11.387208727252302,11.387208727252302,1.0127912727476982,8.16767155441692
6498,18.006229,39.19778098784279,39.19778098784279,21.19155198784279,117.69011705806246
1702,40.99,29.754696552788438,29.754696552788438,11.235303447211564,27.40986447233853
1839,6.2,8.515430372296068,8.515430372296068,2.315430372296068,37.34565116606561
503,10.5,5.486871654711226,5.486871654711226,5.013128345288774,47.7440794789407
7023,38.9,51.716317210291955,51.716317210291955,12.816317210291956,32.94683087478652
5818,9.79,11.589501393349718,11.589501393349718,1.7995013933497184,18.381015253827567
4694,11.0,4.3230058868684065,4.3230058868684065,6.6769941131315935,60.699946483014486
1721,36.0,40.442554423337,40.442554423337,4.4425544233370005,12.340428953713891
7187,50.999,85.06388104898015,85.06388104898015,34.06488104898015,66.79519411945361
4618,14.99,14.117359165199629,14.117359165199629,0.8726408348003716,5.821486556373393
1803,18.8,17.768355798883714,17.768355798883714,1.0316442011162863,5.487469154873863
1385,4.2,5.098297751175581,5.098297751175581,0.8982977511755807,21.388041694656685
1373,1.2,2.2274832754546825,2.2274832754546825,1.0274832754546825,85.62360628789023
5834,26.9,29.274554686034328,29.274554686034328,2.3745546860343296,8.827340840276317
5654,44.99,56.852358799912835,56.852358799912835,11.862358799912833,26.366656590159664
5670,16.0,19.18882533314154,19.18882533314154,3.1888253331415406,19.930158332134628
856,6.9,6.884409155498749,6.884409155498749,0.015590844501251588,0.22595426813408098
2458,13.899999,7.774336044853367,7.774336044853367,6.125662955146632,44.069520833394535
2726,7.8,12.438902851351592,12.438902851351592,4.638902851351593,59.473113478866566
5886,37.99,29.76982090730386,29.76982090730386,8.220179092696142,21.637744387197003
4252,24.79,23.25110271420146,23.25110271420146,1.5388972857985408,6.207734109715776
3269,8.1,5.82520129832327,5.82520129832327,2.2747987016767297,28.0839345886016
2505,6.0,7.657507131003041,7.657507131003041,1.6575071310030411,27.625118850050683
318,1.7,1.9184015001842294,1.9184015001842294,0.21840150018422944,12.847147069660556
6053,30.49,32.92558095847815,32.92558095847815,2.435580958478152,7.988130398419652
176,4.7,5.70386626225093,5.70386626225093,1.0038662622509298,21.358856643636802
5683,80.49,66.96329133093423,66.96329133093423,13.52670866906577,16.805452440136378
4967,2.0,3.0258292063649144,3.0258292063649144,1.0258292063649144,51.29146031824572
3100,2.6,8.515605073568143,8.515605073568143,5.915605073568143,227.52327206031316
2840,1.85,3.1170846728341424,3.1170846728341424,1.2670846728341423,68.49106339644013
6504,14.2,18.931655291814817,18.931655291814817,4.731655291814818,33.32151613954097
3043,2.7,3.3751458086499966,3.3751458086499966,0.6751458086499964,25.005400320370235
3169,12.5,9.216667729433162,9.216667729433162,3.283332270566838,26.266658164534707
468,4.6,5.683458853382287,5.683458853382287,1.0834588533822878,23.553453334397563
472,28.5,20.983466743193347,20.983466743193347,7.516533256806653,26.373800901075978
91,7.9,4.609955678829207,4.609955678829207,3.290044321170793,41.64613064773155
4304,2.7,4.687372410518217,4.687372410518217,1.9873724105182164,73.60638557474876
4149,5.8,6.729284227269488,6.729284227269488,0.9292842272694886,16.022141849473943
1047,5.6,6.566131563612503,6.566131563612503,0.9661315636125032,17.252349350223273
6571,129.29,116.08789674292507,116.08789674292507,13.202103257074924,10.211233086143496
6768,9.49,9.413862548314764,9.413862548314764,0.076137451685236,0.8022913770836249
435,5.5,7.90913318894904,7.90913318894904,2.40913318894904,43.80242161725528
6016,151.89,152.49869701330144,152.49869701330144,0.6086970133014518,0.4007485767999551
1335,20.49,16.769501351904577,16.769501351904577,3.720498648095422,18.157631274257795
1352,8.9,8.452861434578114,8.452861434578114,0.447138565421886,5.024028824965011
4074,2.55,4.720636051548528,4.720636051548528,2.170636051548528,85.12298241366778
4868,5.9,6.089735788832751,6.089735788832751,0.18973578883275088,3.2158608276737435
6046,25.09,24.069049979559928,24.069049979559928,1.0209500204400719,4.069151137664695
5546,18.99,21.83562169846717,21.83562169846717,2.84562169846717,14.984843067231015
4207,8.8,8.349191944781143,8.349191944781143,0.45080805521885736,5.122818809305197
3758,11.5,16.988029441530227,16.988029441530227,5.488029441530227,47.721995143741104
106,7.7,6.091362290357154,6.091362290357154,1.6086377096428466,20.891398826530473
5694,19.0,25.214261937828304,25.214261937828304,6.214261937828304,32.7066417780437
5676,26.99,28.13466986129029,28.13466986129029,1.1446698612902928,4.241088778400492
4791,4.1,5.132443237430131,5.132443237430131,1.0324432374301313,25.181542376344666
5900,27.9,15.895622401872366,15.895622401872366,12.004377598127633,43.026443004041695
5313,12.9,13.4590055650925,13.4590055650925,0.5590055650924999,4.33337647358527
3333,10.99,11.368372875835323,11.368372875835323,0.3783728758353231,3.442883310603486
4086,15.0,15.86485457781676,15.86485457781676,0.8648545778167591,5.7656971854450605
1617,12.99,12.478121044868178,12.478121044868178,0.5118789551318219,3.9405616253412004
2252,4.0,1.472917265004014,1.472917265004014,2.527082734995986,63.17706837489965
4860,7.8,10.64680840880704,10.64680840880704,2.84680840880704,36.49754370265436
5584,9.299,13.061525392337636,13.061525392337636,3.7625253923376363,40.46161299427505
3494,15.9,17.22118178197229,17.22118178197229,1.3211817819722906,8.309319383473527
1498,6.666,5.685903927711125,5.685903927711125,0.980096072288875,14.70291137547067
996,6.5,8.268248940627274,8.268248940627274,1.7682489406272737,27.203829855804212
5912,15.3205,11.211546238466735,11.211546238466735,4.1089537615332645,26.81997168195075
6638,87.999,102.08625273202941,102.08625273202941,14.087252732029413,16.008423654847682
41,18.0,17.364338424458538,17.364338424458538,0.6356615755414623,3.5314531974525685
5253,17.2,20.824049185050082,20.824049185050082,3.624049185050083,21.070053401453972
5689,13.69,12.657799897169385,12.657799897169385,1.0322001028306147,7.5398108314873244
3282,3.7,7.8947812616091015,7.8947812616091015,4.194781261609101,113.3724665299757
1539,7.3,4.246732695370682,4.246732695370682,3.053267304629318,41.82557951547011
1805,8.9,9.388346637214148,9.388346637214148,0.48834663721414806,5.487040867574697
1144,2.9,10.019265712408806,10.019265712408806,7.119265712408806,245.49192111754502
6198,34.79,34.63461202497328,34.63461202497328,0.15538797502671997,0.4466455160296636
2615,6.5,6.933473582001682,6.933473582001682,0.43347358200168173,6.668824338487411
2114,14.99,15.744795882972092,15.744795882972092,0.7547958829720915,5.035329439440237
5792,10.89,7.694041380525589,7.694041380525589,3.1959586194744114,29.347645725201204
4546,11.0,13.021746716651,13.021746716651,2.021746716651,18.379515605918183
3172,1.0,4.870276783778886,4.870276783778886,3.870276783778886,387.0276783778886
167,9.2,18.37143006003212,18.37143006003212,9.171430060032122,99.6894571742622
2337,11.3,11.476034878916451,11.476034878916451,0.1760348789164503,1.5578307868712415
6928,39.18,27.597672559745455,27.597672559745455,11.582327440254545,29.561836243630797
3964,5.4,3.201494337523833,3.201494337523833,2.198505662476167,40.71306782363272
2445,25.0,26.246171939686842,26.246171939686842,1.2461719396868425,4.98468775874737
7257,17.99,22.123391429852035,22.123391429852035,4.133391429852036,22.976050193730053
3341,1.9,5.003508407807258,5.003508407807258,3.1035084078072583,163.3425477793294
4103,1.3,3.234987399068073,3.234987399068073,1.934987399068073,148.84518454369794
3017,18.5,14.356391159612828,14.356391159612828,4.143608840387172,22.39788562371444
6151,13.09,12.44365325654256,12.44365325654256,0.646346743457439,4.937713853761949
4958,8.99,10.941004376576686,10.941004376576686,1.9510043765766856,21.70193967271063
6935,25.4,37.93840940876008,37.93840940876008,12.538409408760081,49.36381656992158
789,3.6,6.47019190419142,6.47019190419142,2.87019190419142,79.72755289420611
4617,19.2,14.910727371189152,14.910727371189152,4.289272628810847,22.33996160838983
1097,3.5,3.7485596401325427,3.7485596401325427,0.24855964013254273,7.101704003786935
3206,15.3,13.930971724040658,13.930971724040658,1.3690282759593426,8.947897228492435
6535,19.99,23.302528291965864,23.302528291965864,3.312528291965865,16.570926923290973
6251,31.49,25.203684457477678,25.203684457477678,6.2863155425223205,19.962894704739032
544,4.0,6.293847742365772,6.293847742365772,2.293847742365772,57.3461935591443
6770,19.299,19.76320009553483,19.76320009553483,0.46420009553483155,2.405306469427595
5924,14.25,16.282522550991576,16.282522550991576,2.032522550991576,14.263316147309304
4838,2.4,4.668324951555718,4.668324951555718,2.268324951555718,94.51353964815492
6194,19.59,16.222644605841374,16.222644605841374,3.3673553941586256,17.189154640932237
6068,7.39,8.55469784801388,8.55469784801388,1.1646978480138808,15.760458024545072
4229,16.7,14.826855201019876,14.826855201019876,1.8731447989801229,11.216435922036665
877,9.5,4.5390106615997965,4.5390106615997965,4.9609893384002035,52.22094040421267
3908,9.7,7.395850731285755,7.395850731285755,2.3041492687142444,23.7541161723118
3914,12.8,9.093909794682448,9.093909794682448,3.706090205317553,28.953829729043377
5397,10.9,8.805123866490904,8.805123866490904,2.0948761335090964,19.21904709641373
1078,8.2,5.773402231043487,5.773402231043487,2.426597768956512,29.592655718981852
5983,42.7,67.95273713426391,67.95273713426391,25.25273713426391,59.13989961185927
4990,10.5,8.653835836440722,8.653835836440722,1.846164163559278,17.582515843421696
511,13.0,10.568762748667393,10.568762748667393,2.4312372513326075,18.70182501025083
2375,4.4,4.061795308304983,4.061795308304983,0.338204691695017,7.68647026579584
2877,15.6,17.768355798883714,17.768355798883714,2.1683557988837148,13.899716659510991
2069,1.5,1.1827241174648915,1.1827241174648915,0.3172758825351085,21.151725502340568
4851,3.5,2.8090156598371454,2.8090156598371454,0.6909843401628546,19.742409718938703
3262,11.0,8.232796545138154,8.232796545138154,2.7672034548618463,25.156395044198604
4934,10.89,20.450250881032467,20.450250881032467,9.560250881032466,87.78926428863605
1302,8.9,12.669881347273183,12.669881347273183,3.7698813472731825,42.35821738509193
6045,47.89,48.087275389151195,48.087275389151195,0.19727538915119425,0.4119344104222056
4394,2.5,6.532728126716643,6.532728126716643,4.032728126716643,161.30912506866574
3689,16.3,16.590042232367008,16.590042232367008,0.2900422323670071,1.7794001985705958
3159,8.5,7.915845242051887,7.915845242051887,0.584154757948113,6.872408917036624
858,7.99,10.762359157414947,10.762359157414947,2.7723591574149467,34.697861794930496
4678,19.9,18.908709295310935,18.908709295310935,0.9912907046890638,4.981360325070672
7140,24.85,32.512638694267835,32.512638694267835,7.662638694267834,30.83556818618846
7028,12.5,20.595793046617942,20.595793046617942,8.095793046617942,64.76634437294354
7112,25.99,31.679145326094538,31.679145326094538,5.68914532609454,21.889747310867797
4357,9.9,14.356391159612828,14.356391159612828,4.456391159612828,45.01405211730129
2890,7.9,8.565148820781744,8.565148820781744,0.6651488207817433,8.41960532635118
4794,8.8,12.062790368035964,12.062790368035964,3.2627903680359633,37.077163273135945
2024,12.0,15.368114817132065,15.368114817132065,3.3681148171320654,28.067623476100543
4194,16.5,14.97135833101817,14.97135833101817,1.5286416689818303,9.264494963526245
4921,4.5,3.1391984202584062,3.1391984202584062,1.3608015797415938,30.24003510536875
5356,9.5,7.802798224545045,7.802798224545045,1.697201775454955,17.865281846894266
743,5.3,5.9002231119781765,5.9002231119781765,0.6002231119781767,11.324964376946731
2499,1.15,2.091894944546354,2.091894944546354,0.941894944546354,81.9039082214221
4241,9.3,11.433172728898903,11.433172728898903,2.133172728898902,22.937341170955936
179,25.99,17.03438342412315,17.03438342412315,8.95561657587685,34.457932188829744
3613,8.5,6.091362290357154,6.091362290357154,2.4086377096428464,28.336914231092308
3693,20.0,13.905168694301162,13.905168694301162,6.094831305698838,30.47415652849419
3771,7.0,8.905569937961687,8.905569937961687,1.9055699379616868,27.222427685166956
6566,35.55,38.779201206539156,38.779201206539156,3.229201206539159,9.083547697719153
31,11.0,8.50569729095193,8.50569729095193,2.4943027090480694,22.675479173164266
5151,6.8,6.388727053517393,6.388727053517393,0.41127294648260726,6.048131565920696
2484,3.2,4.216551699733241,4.216551699733241,1.0165516997332409,31.767240616663777
168,11.5,8.474966070153048,8.474966070153048,3.025033929846952,26.304642868234364
3248,2.8,2.6939785800822182,2.6939785800822182,0.10602141991778158,3.786479282777914
642,5.0,6.476793653593582,6.476793653593582,1.4767936535935817,29.53587307187163
1483,14.9,12.996482061661526,12.996482061661526,1.9035179383384744,12.775288176768285
1790,6.0,5.9002231119781765,5.9002231119781765,0.0997768880218235,1.6629481336970582
5035,8.0,5.960408688230055,5.960408688230055,2.0395913117699447,25.49489139712431
3982,3.0,9.154766910700681,9.154766910700681,6.1547669107006815,205.15889702335605
7092,62.49,60.08357439044509,60.08357439044509,2.4064256095549155,3.850897118826877
6492,22.89,27.818794725628628,27.818794725628628,4.928794725628627,21.532523921488107
6912,19.899,21.142746944229536,21.142746944229536,1.2437469442295352,6.250298729732827
6178,24.5,26.67092960141285,26.67092960141285,2.170929601412851,8.860937148623883
6644,18.15,13.369113354586807,13.369113354586807,4.780886645413192,26.34097325296525
2758,9.5,6.640174284352177,6.640174284352177,2.8598257156478226,30.103428585766558
3412,12.6,8.958759022419004,8.958759022419004,3.6412409775809955,28.898737917309493
6122,20.7,21.409282205722402,21.409282205722402,0.7092822057224026,3.4264840856154724
800,2.5,4.695311705138648,4.695311705138648,2.195311705138648,87.81246820554593
1954,10.5,9.266769683706695,9.266769683706695,1.2332303162933052,11.74505063136481
7248,48.99,36.30157262230178,36.30157262230178,12.688427377698225,25.90003547192942
5306,4.0,3.247532742760413,3.247532742760413,0.7524672572395872,18.81168143098968
6637,15.69,12.42325009842873,12.42325009842873,3.26674990157127,20.820585733405164
2119,20.5,21.87491811090037,21.87491811090037,1.3749181109003707,6.70691761414815
5309,3.5,4.198873956939643,4.198873956939643,0.6988739569396429,19.967827341132654
5660,25.49,30.79417539977622,30.79417539977622,5.30417539977622,20.808848174877287
5679,19.5,22.123391429852035,22.123391429852035,2.6233914298520347,13.453289383856587
1406,8.7,8.245877474770317,8.245877474770317,0.4541225252296819,5.219799140571057
1501,9.8,7.870110808845373,7.870110808845373,1.9298891911546274,19.692746848516602
1074,5.3,5.791699490584204,5.791699490584204,0.49169949058420404,9.277348878947246
500,13.6,12.08423057106509,12.08423057106509,1.5157694289349095,11.145363448050807
437,17.5,15.898717515678737,15.898717515678737,1.6012824843212634,9.150185624692934
5437,9.5,9.785943647348052,9.785943647348052,0.2859436473480521,3.009933129979496
4113,8.9,5.797612593127809,5.797612593127809,3.1023874068721913,34.85828547047406
3386,3.6,3.2460442127762885,3.2460442127762885,0.35395578722371157,9.832105200658654
6683,22.99,23.351977475282098,23.351977475282098,0.36197747528209945,1.5744996749982576
80,16.9,11.450891886164936,11.450891886164936,5.449108113835063,32.24324327713055
1608,19.99,13.876329045494355,13.876329045494355,6.113670954505643,30.58364659582613
960,5.0,7.72880783219492,7.72880783219492,2.72880783219492,54.5761566438984
3114,22.5,28.52730926684517,28.52730926684517,6.027309266845169,26.78804118597853
5198,3.8,5.70386626225093,5.70386626225093,1.9038662622509301,50.10174374344554
4628,13.0,18.37143006003212,18.37143006003212,5.371430060032122,41.31869276947786
1632,12.19,13.492889954150693,13.492889954150693,1.302889954150693,10.688186662433905
3305,4.8,4.420717084043819,4.420717084043819,0.379282915956181,7.901727415753772
5935,21.3,22.45056132675949,22.45056132675949,1.1505613267594903,5.401696369762865
5419,9.5,8.538675256823932,8.538675256823932,0.9613247431760676,10.119207822905976
2477,3.0,4.0494141822223675,4.0494141822223675,1.0494141822223675,34.98047274074558
5506,16.45,15.2259506427793,15.2259506427793,1.2240493572207,7.441029527177509
6399,22.45,15.355329639750838,15.355329639750838,7.094670360249161,31.602095145875996
5517,51.999,37.36794007299828,37.36794007299828,14.631059927001722,28.13719480567265
534,6.9,8.659290171286838,8.659290171286838,1.7592901712868372,25.49695900415706
5701,26.69,23.780756129878576,23.780756129878576,2.9092438701214256,10.900126901916169
2794,20.3,13.150370184315607,13.150370184315607,7.149629815684394,35.21985130879012
585,4.5,4.262946565444128,4.262946565444128,0.2370534345558717,5.267854101241594
6722,50.9,51.49739168455339,51.49739168455339,0.5973916845533935,1.1736575335037203
4970,25.0,19.659773172737978,19.659773172737978,5.340226827262022,21.360907309048088
1451,2.75,4.56797321455616,4.56797321455616,1.8179732145561598,66.10811689295126
6275,25.49,23.025646510659797,23.025646510659797,2.4643534893402013,9.667922672970581
1410,30.5,22.08814864230116,22.08814864230116,8.41185135769884,27.57984051704538
5684,20.59,38.62609455787321,38.62609455787321,18.03609455787321,87.59637959141918
4536,10.0,10.90961203401298,10.90961203401298,0.9096120340129801,9.0961203401298
866,15.0,9.53541094329836,9.53541094329836,5.464589056701641,36.43059371134427
4638,2.0,-1.4785925981556858,0.0,2.0,100.0
6358,54.8,44.587117531637624,44.587117531637624,10.212882468362373,18.636646840077326
4679,3.95,9.081375208824193,9.081375208824193,5.131375208824193,129.9082331347897
742,7.1,5.901729910362922,5.901729910362922,1.1982700896370773,16.877043516015174
1544,6.9,5.81593313071485,5.81593313071485,1.0840668692851505,15.711114047610877
5509,53.29,45.73032237095107,45.73032237095107,7.559677629048927,14.18592161577956
2706,18.9,12.57556966947306,12.57556966947306,6.324430330526939,33.46259434141238
3734,7.89,6.6566877818552825,6.6566877818552825,1.2333122181447171,15.6313335633044
2589,8.2,9.118079367241439,9.118079367241439,0.9180793672414396,11.1960898444078
5283,2.5,3.8730211894065167,3.8730211894065167,1.3730211894065167,54.92084757626067
6816,50.709,45.21539321383071,45.21539321383071,5.493606786169295,10.833593220472292
5944,15.9,17.828205575342576,17.828205575342576,1.9282055753425755,12.127079090204877
4253,3.7,2.4243771054147683,2.4243771054147683,1.275622894585232,34.47629444824951
748,16.5,12.875404094071751,12.875404094071751,3.624595905928249,21.967247914716662
4055,5.79,8.033882652084595,8.033882652084595,2.2438826520845945,38.75444994964757
401,5.3,5.5279762412481634,5.5279762412481634,0.22797624124816362,4.301438514116295
3749,20.8,19.997133180494668,19.997133180494668,0.8028668195053328,3.8599366322371766
157,7.5,7.114484535330712,7.114484535330712,0.38551546466928777,5.140206195590504
5434,98.19,99.81131567532556,99.81131567532556,1.6213156753255618,1.6512024394801526
6483,29.5,25.504834793917013,25.504834793917013,3.995165206082987,13.54293290197623
5749,14.3,13.591465238895568,13.591465238895568,0.708534761104433,4.954788539191839
4528,12.0,14.50995282421709,14.50995282421709,2.5099528242170894,20.916273535142412
1820,8.9,5.810479264670558,5.810479264670558,3.089520735329442,34.713716127297104
2922,9.0,9.517509982324935,9.517509982324935,0.5175099823249347,5.750110914721497
2864,15.3,5.351161899943799,5.351161899943799,9.948838100056202,65.02508562128236
3362,3.3,3.0624955043250406,3.0624955043250406,0.23750449567495924,7.19710592954422
5281,1.6,2.8351637895623885,2.8351637895623885,1.2351637895623884,77.19773684764927
3803,1.4,2.956348472241995,2.956348472241995,1.5563484722419951,111.16774801728538
4237,5.4,9.5257354724178,9.5257354724178,4.1257354724178,76.40250874847777
7295,47.59,38.76552060234425,38.76552060234425,8.82447939765575,18.542717792930762
2666,4.8,4.592732198163631,4.592732198163631,0.20726780183636873,4.318079204924349
1782,13.0,5.960435002899089,5.960435002899089,7.039564997100911,54.15049997769932
5910,45.3565,44.541600065698134,44.541600065698134,0.814899934301863,1.7966552408185443
2415,8.0,9.948123418939417,9.948123418939417,1.9481234189394172,24.351542736742715
535,11.9,10.899257200638107,10.899257200638107,1.000742799361893,8.409603355982293
5978,119.9,99.81798447906982,99.81798447906982,20.082015520930184,16.748970409449697
2406,1.5,1.7834456691992404,1.7834456691992404,0.2834456691992404,18.896377946616028
3098,5.8,5.7342029761391355,5.7342029761391355,0.06579702386086428,1.1344314458769704
5359,8.0,10.909863793890576,10.909863793890576,2.909863793890576,36.3732974236322
5154,8.4,7.657372089599935,7.657372089599935,0.7426279104000653,8.840808457143634
1966,8.9,3.5862853056560002,3.5862853056560002,5.313714694344,59.704659487011234
5416,10.5,10.294330863440528,10.294330863440528,0.2056691365594716,1.9587536815187774
1176,7.86,11.135036899508107,11.135036899508107,3.2750368995081063,41.66713612605733
5902,21.5,26.020642814852756,26.020642814852756,4.520642814852756,21.026245650477936
1760,2.8,2.1643058449011114,2.1643058449011114,0.6356941550988884,22.703362682103158
997,5.2,7.812530772041061,7.812530772041061,2.612530772041061,50.24097638540501
473,6.2,5.794910292908527,5.794910292908527,0.40508970709147274,6.533704953088269
2266,2.1,1.2742778334516274,1.2742778334516274,0.8257221665483727,39.32010316897013
4205,15.7,15.55555213769218,15.55555213769218,0.14444786230781936,0.920050078393754
1882,5.2,7.349551714887875,7.349551714887875,2.149551714887875,41.33753297861298
4222,18.9,13.64037212845165,13.64037212845165,5.259627871548348,27.828718897081213
2578,10.8,9.244430162609586,9.244430162609586,1.555569837390415,14.403424420281619
3783,2.6,3.6611363432054063,3.6611363432054063,1.0611363432054062,40.81293627713101
469,14.9,14.084636985680644,14.084636985680644,0.815363014319356,5.472234995431919
5097,14.9,11.258458191771439,11.258458191771439,3.6415418082285615,24.439877907574235
7040,17.29,20.87050248346965,20.87050248346965,3.580502483469651,20.70851638791007
4712,10.0,13.573616771880669,13.573616771880669,3.573616771880669,35.73616771880669
3997,7.0,8.11274457928359,8.11274457928359,1.1127445792835893,15.896351132622705
247,6.5,3.365446301530561,3.365446301530561,3.134553698469439,48.22390305337599
3780,17.9,9.282741930411703,9.282741930411703,8.617258069588296,48.14110653401283
2182,9.9,15.815244473922396,15.815244473922396,5.915244473922396,59.749944181034294
3395,6.5,10.424330585694348,10.424330585694348,3.9243305856943476,60.37431670298996
7097,83.99,80.60484801598326,80.60484801598326,3.38515198401673,4.030422650335433
811,4.0,3.5703571381581067,3.5703571381581067,0.42964286184189326,10.741071546047332
6502,26.8,22.984289515156775,22.984289515156775,3.815710484843226,14.237725689713528
1419,7.4,8.268248940627274,8.268248940627274,0.8682489406272733,11.73309379226045
6733,13.9,15.012732669082016,15.012732669082016,1.1127326690820158,8.005271000590042
3625,3.9,3.8294955677509286,3.8294955677509286,0.07050443224907132,1.807805955104393
228,9.0,6.7554877013840695,6.7554877013840695,2.2445122986159305,24.939025540177006
7107,45.5,38.08019194193477,38.08019194193477,7.419808058065229,16.307270457286215
17,18.0,25.734820501428985,25.734820501428985,7.734820501428985,42.9712250079388
1407,10.6,10.909863793890576,10.909863793890576,0.3098637938905764,2.923243338590343
7070,59.99,69.54664890685686,69.54664890685686,9.556648906856857,15.930403245302314
2392,13.5,14.701798905803681,14.701798905803681,1.201798905803681,8.902214117064304
6272,47.9,36.46806332493918,36.46806332493918,11.431936675060818,23.866256106598787
5439,109.0,99.85312014954242,99.85312014954242,9.14687985045758,8.391632890328054
6745,45.49,38.6235785822384,38.6235785822384,6.8664214177616,15.094353523327324
5879,10.99,18.20285277450125,18.20285277450125,7.212852774501249,65.63105345315059
2440,3.9,5.723574519726549,5.723574519726549,1.8235745197265492,46.758321018629466
5831,17.9,19.319848632223803,19.319848632223803,1.419848632223804,7.932115263820134
5853,13.5,12.339415589087215,12.339415589087215,1.1605844109127847,8.596921562316924
4844,9.0,8.399225238639175,8.399225238639175,0.6007747613608245,6.675275126231384
6915,25.49,43.72330082625207,43.72330082625207,18.233300826252073,71.53119194292692
6092,21.69,21.556162720109906,21.556162720109906,0.13383727989009486,0.617046011480382
5461,23.2,18.691752002164836,18.691752002164836,4.508247997835163,19.43210343894467
2585,5.7,5.247050905641791,5.247050905641791,0.4529490943582095,7.94647533961771
543,9.9,5.81593313071485,5.81593313071485,4.0840668692851505,41.25320069985
6112,17.0,21.573792519797443,21.573792519797443,4.573792519797443,26.90466188116143
3794,16.5,12.204252065678958,12.204252065678958,4.295747934321042,26.034835965582076
4119,7.799999,4.755378136291412,4.755378136291412,3.0446208637085874,39.0336058210852
3153,12.0,6.218772579348988,6.218772579348988,5.781227420651012,48.17689517209177
1535,10.499,11.602278137081274,11.602278137081274,1.1032781370812739,10.508411630453127
1832,14.5,23.35998950600949,23.35998950600949,8.85998950600949,61.10337590351374
6746,33.79,36.942963109983296,36.942963109983296,3.152963109983297,9.331053891634498
3590,8.99,7.774336044853367,7.774336044853367,1.215663955146633,13.52240217070782
3289,2.0,3.732315783705346,3.732315783705346,1.7323157837053458,86.61578918526729
96,3.8,2.0920086038248886,2.0920086038248886,1.7079913961751112,44.947142004608196
6679,62.99,61.120394496849464,61.120394496849464,1.869605503150538,2.9680989095896777
2094,5.7,5.81593313071485,5.81593313071485,0.11593313071484967,2.033914573944731
4773,8.0,8.193435256879502,8.193435256879502,0.1934352568795017,2.417940710993771
2927,9.5,9.525995420718555,9.525995420718555,0.025995420718555096,0.27363600756373785
7038,44.5,35.302667248160176,35.302667248160176,9.197332751839824,20.668163487280502
156,12.99,9.987130425145075,9.987130425145075,3.002869574854925,23.116778867243458
1022,6.4,5.812761204709025,5.812761204709025,0.5872387952909754,9.175606176421491
5447,24.49,30.120504982880476,30.120504982880476,5.630504982880478,22.99103708811955
4966,5.8,5.474439664432504,5.474439664432504,0.32556033556749586,5.6131092339223425
6458,49.5,52.8604321348565,52.8604321348565,3.3604321348565023,6.788751787588894
2716,12.5,17.501753045790167,17.501753045790167,5.001753045790167,40.01402436632134
1287,15.0,15.007204010278237,15.007204010278237,0.007204010278236694,0.04802673518824463
696,18.0,17.883311762052465,17.883311762052465,0.11668823794753536,0.6482679885974186
425,25.0,23.45904233301995,23.45904233301995,1.5409576669800487,6.163830667920195
6872,47.39,40.4424933072153,40.4424933072153,6.9475066927847,14.660280001655835
712,10.9,13.645344537061119,13.645344537061119,2.7453445370611185,25.186647129001088
4173,2.45,2.1811827085440285,2.1811827085440285,0.26881729145597166,10.9721343451417
1811,16.0,15.789501255070002,15.789501255070002,0.21049874492999798,1.3156171558124874
5096,18.7,25.99924614948791,25.99924614948791,7.29924614948791,39.03340186891931
6480,17.9,24.510348233413644,24.510348233413644,6.610348233413646,36.92931973974104
447,31.49,25.967755678367354,25.967755678367354,5.522244321632645,17.53650149772196
6748,15.899,13.600479231328753,13.600479231328753,2.2985207686712457,14.457014709549314
4080,5.99,7.082066616700265,7.082066616700265,1.092066616700265,18.23149610517972
1009,5.3,1.9163749431021984,1.9163749431021984,3.3836250568978015,63.8419822056189
592,1.5,2.232136677244428,2.232136677244428,0.7321366772444282,48.809111816295214
6096,29.85,30.06111481709779,30.06111481709779,0.211114817097787,0.707252318585551
1242,8.5,4.86560182598873,4.86560182598873,3.6343981740112703,42.75762557660318
3058,8.4,8.565148820781744,8.565148820781744,0.1651488207817433,1.9660573902588487
131,15.8,18.37143006003212,18.37143006003212,2.571430060032121,16.274873797671653
2404,4.5,6.017172987720642,6.017172987720642,1.5171729877206417,33.714955282680926
2306,8.95,9.422535813681874,9.422535813681874,0.4725358136818745,5.279729761808654
6277,62.5,74.65132020493994,74.65132020493994,12.151320204939935,19.442112327903896
7103,20.89,18.630683211131245,18.630683211131245,2.2593167888687553,10.815302962511993
624,8.5,4.656061973621604,4.656061973621604,3.843938026378396,45.22280031033407
2986,6.0,5.506575943637614,5.506575943637614,0.49342405636238595,8.223734272706434
2127,8.3,7.723087487523698,7.723087487523698,0.5769125124763024,6.950753162365088
6539,43.9,40.149282090899625,40.149282090899625,3.7507179091003735,8.543776558315203
4739,3.9,4.687372410518217,4.687372410518217,0.7873724105182167,20.18903616713376
3686,17.9,20.824049185050082,20.824049185050082,2.924049185050084,16.33547030754237
3844,6.0,6.106012134917439,6.106012134917439,0.10601213491743877,1.7668689152906463
2815,9.9,8.133253032485872,8.133253032485872,1.7667469675141287,17.845928964789177
2579,3.999999,6.613918349206614,6.613918349206614,2.613919349206614,65.34800006716537
1945,5.6,9.811636830506998,9.811636830506998,4.211636830506999,75.20780054476784
2436,6.99,4.687372410518217,4.687372410518217,2.3026275894817836,32.94173947756486
93,6.5,6.302592438926938,6.302592438926938,0.1974075610730619,3.037039401124029
6701,35.19,24.456964719010244,24.456964719010244,10.733035280989753,30.500242344386912
1375,4.868,5.9002231119781765,5.9002231119781765,1.0322231119781762,21.204254559946097
3903,5.6,10.494761542588444,10.494761542588444,4.894761542588444,87.4064561176508
3477,13.5,10.077086347666004,10.077086347666004,3.422913652333996,25.354915943214785
6022,42.99,44.71234301789955,44.71234301789955,1.7223430178995471,4.006380595253657
2223,8.8,5.5279762412481634,5.5279762412481634,3.2720237587518373,37.18208816763451
1087,13.9,15.952806993636987,15.952806993636987,2.0528069936369864,14.76839563767616
2531,2.5,4.444763698627485,4.444763698627485,1.9447636986274848,77.79054794509939
6729,78.99,63.777193475826365,63.777193475826365,15.21280652417363,19.25915498692699
6880,17.375,19.529842522467717,19.529842522467717,2.1548425224677175,12.401971352332186
764,1.8,4.33554005715173,4.33554005715173,2.5355400571517306,140.86333650842948
4669,6.5,6.712432733112454,6.712432733112454,0.21243273311245403,3.2681958940377545
476,12.99,13.492889954150693,13.492889954150693,0.5028899541506924,3.8713622336465927
5594,56.5,55.14164098919747,55.14164098919747,1.3583590108025305,2.404175240358461
2622,1.5,3.2800459279424015,3.2800459279424015,1.7800459279424015,118.66972852949343
5111,5.7,6.385741108247599,6.385741108247599,0.6857411082475986,12.030545758729799
6466,21.6,22.74899014321984,22.74899014321984,1.1489901432198373,5.31939881120295
4461,10.0,9.034885250459709,9.034885250459709,0.965114749540291,9.65114749540291
6338,13.5,14.57295163391198,14.57295163391198,1.0729516339119805,7.947789880829485
7034,23.29,19.477458444924146,19.477458444924146,3.8125415550758532,16.369864985297784
2181,20.0,17.878438549532394,17.878438549532394,2.121561450467606,10.60780725233803
6334,34.0,30.12738444590356,30.12738444590356,3.8726155540964413,11.390045747342475
2620,10.0,6.198322202296673,6.198322202296673,3.801677797703327,38.01677797703327
5170,8.9,14.356391159612828,14.356391159612828,5.456391159612828,61.30776583834637
752,6.8,6.305821119731569,6.305821119731569,0.49417888026843126,7.267336474535754
2283,11.5,10.827724320053704,10.827724320053704,0.6722756799462957,5.845875477793876
2799,8.0,5.765380172401644,5.765380172401644,2.2346198275983564,27.932747844979456
3049,14.9,19.272511859477316,19.272511859477316,4.372511859477315,29.345717177700102
351,3.5,6.033141427666182,6.033141427666182,2.533141427666182,72.37546936189092
487,1.8,2.6061754575340217,2.6061754575340217,0.8061754575340216,44.787525418556754
927,5.0,5.5279762412481634,5.5279762412481634,0.5279762412481634,10.559524824963269
3318,6.5,4.851332330627303,4.851332330627303,1.6486676693726974,25.36411799034919
1061,18.0,14.034402327103681,14.034402327103681,3.965597672896319,22.03109818275733
6018,39.39,38.36148032118149,38.36148032118149,1.0285196788185118,2.6111187581074176
2191,3.5,5.303594671671201,5.303594671671201,1.8035946716712008,51.531276333462884
4608,2.1,3.751494974220808,3.751494974220808,1.651494974220808,78.64261782003848
6128,27.9,19.783741499038904,19.783741499038904,8.116258500961095,29.090532261509306
561,12.99,13.111311487517169,13.111311487517169,0.12131148751716836,0.9338836606402491
3535,9.9,8.29987299405596,8.29987299405596,1.6001270059440404,16.162899049939803
5501,21.99,19.048063365966243,19.048063365966243,2.9419366340337554,13.378520391240361
2966,9.5,10.517567306344253,10.517567306344253,1.0175673063442527,10.711234803623713
6026,37.49,42.98418392528103,42.98418392528103,5.494183925281028,14.655065151456462
334,13.5,15.46873630064234,15.46873630064234,1.9687363006423393,14.58323185660992
2225,6.8,5.5587491487294916,5.5587491487294916,1.2412508512705083,18.25368898927218
4847,13.0,10.472987584682103,10.472987584682103,2.5270124153178966,19.438557040906897
5507,25.5,18.627336558629324,18.627336558629324,6.872663441370676,26.951621338708538
3213,12.5,6.074332328798651,6.074332328798651,6.425667671201349,51.40534136961079
1103,7.9,8.185743119404092,8.185743119404092,0.285743119404092,3.6170015114442027
2110,26.99,22.08814864230116,22.08814864230116,4.901851357698838,18.16173159577191
23,12.99,14.331169968444406,14.331169968444406,1.3411699684444063,10.324634091180956
4151,21.99,23.977498349187243,23.977498349187243,1.9874983491872449,9.038191674339451
1005,3.2,2.8116373675860356,2.8116373675860356,0.3883626324139646,12.136332262936394
1643,9.7,12.057454408374516,12.057454408374516,2.357454408374517,24.303653694582653
2550,59.7,51.83518931473561,51.83518931473561,7.864810685264395,13.173887244998985
3038,8.69,6.46885435897315,6.46885435897315,2.2211456410268493,25.559788734486183
4030,1.7,4.6393066530718805,4.6393066530718805,2.9393066530718803,172.90039135716944
3817,7.999,8.438456199913043,8.438456199913043,0.4394561999130433,5.493889235067425
1671,14.9,15.467561830648547,15.467561830648547,0.5675618306485468,3.8091398030103814
1372,14.3,13.645344537061119,13.645344537061119,0.6546554629388819,4.578010230341832
3203,30.99,27.895134167202762,27.895134167202762,3.094865832797236,9.98665967343413
445,6.9,7.567436853622781,7.567436853622781,0.6674368536227808,9.672997878591026
5433,62.99,44.21088484046769,44.21088484046769,18.77911515953231,29.81285149949565
7125,59.999,58.156220873536576,58.156220873536576,1.8427791264634266,3.0713497332679323
3399,22.5,20.448273878762777,20.448273878762777,2.0517261212372233,9.118782761054325
3939,2.0,3.2237444548852086,3.2237444548852086,1.2237444548852086,61.187222744260424
5206,20.49,21.104385825138525,21.104385825138525,0.6143858251385268,2.9984666917448846
6378,83.79,79.64518521448971,79.64518521448971,4.144814785510292,4.946669991061333
2592,16.99,13.492889954150693,13.492889954150693,3.497110045849306,20.583343412885853
3887,11.0,14.910727371189152,14.910727371189152,3.910727371189152,35.552067010810475
3518,1.2,3.7970843584790295,3.7970843584790295,2.5970843584790293,216.42369653991912
4295,10.9,11.690996492701354,11.690996492701354,0.7909964927013533,7.256848556893149
1128,10.8,8.459806494970955,8.459806494970955,2.3401935050290454,21.668458379898567
2570,7.5,5.81593313071485,5.81593313071485,1.6840668692851501,22.454224923802002
5277,9.6,8.795713503509953,8.795713503509953,0.8042864964900467,8.377984338437987
1783,10.6,8.571379368594428,8.571379368594428,2.0286206314055715,19.137930484958222
2523,18.0,14.776668669941051,14.776668669941051,3.223331330058949,17.907396278105274
4248,5.15,3.165054288599327,3.165054288599327,1.9849457114006732,38.542635172828604
1844,6.49,5.872860951682739,5.872860951682739,0.6171390483172612,9.509076245258262
5291,7.9,5.718528536415532,5.718528536415532,2.1814714635844688,27.61356283018315
6129,24.49,23.956172198751727,23.956172198751727,0.5338278012482718,2.179778690274691
6060,5.69,11.636974468201606,11.636974468201606,5.9469744682016055,104.51624724431643
2515,6.699,7.915845242051887,7.915845242051887,1.2168452420518872,18.164580415761865
5040,17.5,14.356391159612828,14.356391159612828,3.143608840387172,17.963479087926697
6799,56.99,32.25479859766384,32.25479859766384,24.73520140233616,43.4027046891317
3554,3.5,5.400629079179977,5.400629079179977,1.9006290791799767,54.30368797657076
3878,4.2,9.993706076646209,9.993706076646209,5.793706076646209,137.94538277729066
5945,29.7,29.827098684894118,29.827098684894118,0.12709868489411846,0.4279416999801969
2264,14.5,12.329955309330924,12.329955309330924,2.1700446906690765,14.965825452890183
2462,4.9,4.963183778333539,4.963183778333539,0.0631837783335385,1.2894648639497652
1775,6.6,9.266769683706695,9.266769683706695,2.666769683706695,40.40560126828326
6861,28.05,25.261885053544518,25.261885053544518,2.788114946455483,9.939803730679083
378,7.8,8.268248940627274,8.268248940627274,0.46824894062727385,6.003191546503511
6853,9.999,12.53516896275584,12.53516896275584,2.5361689627558395,25.364226050163406
4913,1.6,0.4970400253496443,0.4970400253496443,1.1029599746503558,68.93499841564723
5246,8.2,12.204252065678958,12.204252065678958,4.004252065678958,48.83234226437755
199,1.5,2.8537419382812335,2.8537419382812335,1.3537419382812335,90.24946255208222
2446,11.0,14.61898863484449,14.61898863484449,3.6189886348444897,32.89989668040445
2957,3.8,6.043063591145913,6.043063591145913,2.243063591145913,59.02798924068192
1328,11.49,11.742196177015305,11.742196177015305,0.25219617701530517,2.1949188600113594
1193,10.5,8.565148820781744,8.565148820781744,1.9348511792182563,18.427154087792918
5686,12.75,11.598694004132028,11.598694004132028,1.1513059958679719,9.029850947984093
1075,9.3,13.111311487517169,13.111311487517169,3.811311487517168,40.9818439517975
5427,3.4,4.31100214526346,4.31100214526346,0.9110021452634602,26.79418074304295
6969,24.5,23.798225946968486,23.798225946968486,0.7017740530315137,2.864383889924546
2063,10.5,14.05237544603893,14.05237544603893,3.55237544603893,33.83214710513266
965,14.5,15.952806993636987,15.952806993636987,1.4528069936369867,10.019358576806805
5060,9.49,8.565148820781744,8.565148820781744,0.9248511792182565,9.745534027589636
1467,9.4,8.24356471644079,8.24356471644079,1.15643528355921,12.30250301658734
5975,18.46,21.808934420466347,21.808934420466347,3.348934420466346,18.14157324196287
3296,51.0,26.21224662933298,26.21224662933298,24.78775337066702,48.60343798170004
5414,7.5,7.327764759936999,7.327764759936999,0.17223524006300117,2.2964698675066826
7126,29.95,26.711856966384605,26.711856966384605,3.238143033615394,10.811829828432034
5724,62.05,44.48322343482319,44.48322343482319,17.56677656517681,28.31067939593362
2755,6.0,6.388727053517393,6.388727053517393,0.38872705351739256,6.478784225289876
4022,6.5,7.171217020673542,7.171217020673542,0.6712170206735424,10.326415702669884
3091,6.5,8.022894695980375,8.022894695980375,1.5228946959803746,23.429149168928838
2022,5.89,5.70386626225093,5.70386626225093,0.18613373774906972,3.1601653268093335
5090,8.6,12.255844531306183,12.255844531306183,3.655844531306183,42.509820131467244
2907,7.0,6.246053995103223,6.246053995103223,0.7539460048967772,10.770657212811104
5744,42.345,29.936022987567938,29.936022987567938,12.40897701243206,29.30446808934245
5769,15.1,15.119535673222005,15.119535673222005,0.019535673222005556,0.12937531935103017
6155,18.49,17.88478343826426,17.88478343826426,0.6052165617357375,3.273210177045633
6547,13.79,11.132086229261596,11.132086229261596,2.6579137707384035,19.274211535448902
2850,6.699999,6.305821119731569,6.305821119731569,0.3941778802684315,5.883252822402383
2132,16.5,10.930687554564617,10.930687554564617,5.569312445435383,33.75340876021444
6114,86.19,89.75325480140522,89.75325480140522,3.563254801405222,4.134185870060589
6570,20.79,20.73300320902468,20.73300320902468,0.056996790975318845,0.2741548387461224
6434,31.0,30.777158926001533,30.777158926001533,0.22284107399846675,0.7188421741886024
4246,7.5,5.99964035263123,5.99964035263123,1.5003596473687697,20.004795298250265
1701,4.5,8.18206863834084,8.18206863834084,3.6820686383408407,81.82374751868535
6332,39.999,28.734392950227413,28.734392950227413,11.26460704977259,28.16222167997347
3927,19.5,22.099408002013895,22.099408002013895,2.599408002013895,13.330297446225103
5780,66.99,68.48402594968354,68.48402594968354,1.4940259496835466,2.2302223461465096
547,12.4,11.477814359053346,11.477814359053346,0.9221856409466547,7.4369809753762475
6811,37.99,45.464663699313476,45.464663699313476,7.474663699313474,19.675345352233414
6203,33.3,38.05701360528451,38.05701360528451,4.757013605284513,14.285326141995537
1263,19.9,16.8437652068165,16.8437652068165,3.056234793183499,15.357963784841704
5231,2.299,3.815420664107455,3.815420664107455,1.516420664107455,65.96001148792757
3011,13.29,12.092648408169028,12.092648408169028,1.1973515918309712,9.009417545755992
5865,13.69,14.030735923508766,14.030735923508766,0.3407359235087668,2.4889402739866093
1789,11.9,9.654895250868066,9.654895250868066,2.2451047491319347,18.866426463293568
6610,21.49,32.28279452595969,32.28279452595969,10.792794525959689,50.22240356426101
3018,6.4,5.3671765220339065,5.3671765220339065,1.0328234779660939,16.137866843220216
5494,26.59,25.720068669535046,25.720068669535046,0.8699313304649543,3.2716484786196096
4715,13.8,13.742363702330705,13.742363702330705,0.0576362976692959,0.4176543309369268
2199,5.9,8.245877474770317,8.245877474770317,2.345877474770317,39.76063516559859
1244,2.5,1.869646776447146,1.869646776447146,0.630353223552854,25.214128942114154
7130,10.89,23.44672931196326,23.44672931196326,12.55672931196326,115.30513601435499
5008,38.0,4.3230058868684065,4.3230058868684065,33.67699411313159,88.62366871876735
5482,12.726,11.07773299358578,11.07773299358578,1.6482670064142209,12.951964532564991
4837,8.5,9.53541094329836,9.53541094329836,1.0354109432983591,12.181305215274813
7202,35.29,35.38376545403824,35.38376545403824,0.0937654540382411,0.26569978474990397
6764,20.99,21.241783398877672,21.241783398877672,0.25178339887767365,1.1995397755010657
3915,5.2,6.171086551818496,6.171086551818496,0.9710865518184955,18.674741381124914
6083,32.299,32.69645245702789,32.69645245702789,0.3974524570278888,1.2305410601810853
518,13.29,15.33370869163266,15.33370869163266,2.043708691632661,15.37779301454222
611,12.5,11.951825244439497,11.951825244439497,0.5481747555605025,4.38539804448402
5806,11.22,9.422581426453213,9.422581426453213,1.7974185735467874,16.019773382769937
5672,16.5,20.423191286991283,20.423191286991283,3.9231912869912833,23.776916890856263
2288,7.5,5.823939923137413,5.823939923137413,1.676060076862587,22.347467691501162
957,10.99,9.384788353138287,9.384788353138287,1.6052116468617132,14.606111436412315
4401,6.15,8.541770669923869,8.541770669923869,2.3917706699238686,38.890579998762085
491,25.8,13.905168694301162,13.905168694301162,11.894831305698839,46.10399730891023
1330,4.9,6.106012134917439,6.106012134917439,1.2060121349174384,24.612492549335478
3458,21.5,17.128250219794488,17.128250219794488,4.371749780205512,20.333719907932615
323,5.89,3.4627018069795135,3.4627018069795135,2.427298193020486,41.21049563702014
5362,7.2,10.27161534179637,10.27161534179637,3.0716153417963694,42.66132419161624
7010,22.79,19.78099755580979,19.78099755580979,3.009002444190209,13.203170005222505
4247,10.5,11.082801644749562,11.082801644749562,0.5828016447495621,5.550491854757735
2031,4.75,3.4806477297263605,3.4806477297263605,1.2693522702736395,26.72320568997136
5516,32.0,45.04535152133052,45.04535152133052,13.045351521330517,40.766723504157866
1153,6.3,5.562896709437249,5.562896709437249,0.737103290562751,11.700052231154778
6685,15.7,15.655033901464424,15.655033901464424,0.04496609853557487,0.2864082709272285
7286,6.6,10.27292148711965,10.27292148711965,3.67292148711965,55.65032556241894
6854,21.69,23.173024541357087,23.173024541357087,1.4830245413570857,6.837365335901732
1606,6.4,7.1346367163182975,7.1346367163182975,0.7346367163182972,11.478698692473394
324,23.9,24.18902830506201,24.18902830506201,0.28902830506201127,1.2093234521423066
2083,7.99,6.165779259545783,6.165779259545783,1.8242207404542174,22.831298378651034
2687,10.8,9.875679269309453,9.875679269309453,0.9243207306905479,8.55852528417174
6858,35.35,29.68843601930513,29.68843601930513,5.661563980694872,16.015739690791715
586,7.89,5.986773681088481,5.986773681088481,1.9032263189115186,24.12200657682533
4125,9.8,12.878540973119117,12.878540973119117,3.0785409731191162,31.41368339917465
3245,8.99,11.433172728898903,11.433172728898903,2.4431727288989027,27.17655983202339
4556,4.4,7.25799119350904,7.25799119350904,2.85799119350904,64.95434530702363
706,24.9,22.04738060249317,22.04738060249317,2.852619397506828,11.456302801232242
1978,6.4,6.499705524092876,6.499705524092876,0.09970552409287592,1.5578988139511862
4160,7.4,2.956608973948951,2.956608973948951,4.443391026051049,60.045824676365534
4995,4.39,4.106054778344369,4.106054778344369,0.28394522165563085,6.468000493294553
6812,9.8,15.486867404906826,15.486867404906826,5.686867404906826,58.02925923374311
6202,17.34,15.996087902306105,15.996087902306105,1.3439120976938952,7.7503581181885535
5939,27.79,22.956377779030944,22.956377779030944,4.833622220969055,17.39338690525029
6218,29.3,25.2434297623638,25.2434297623638,4.056570237636201,13.844949616505806
4453,9.5,10.081720682844086,10.081720682844086,0.581720682844086,6.123375608885116
3801,8.9,9.53541094329836,9.53541094329836,0.6354109432983588,7.1394488011051545
2572,56.99,32.849190907768694,32.849190907768694,24.140809092231308,42.359728184297786
208,2.25,6.056109302542966,6.056109302542966,3.806109302542966,169.16041344635403
3682,29.8,23.1679209527508,23.1679209527508,6.632079047249199,22.255298816272482
747,2.5,4.072850553793852,4.072850553793852,1.5728505537938524,62.914022151754104
5101,9.9,6.640174284352177,6.640174284352177,3.259825715647823,32.92753248129114
6260,40.99,38.754860250280885,38.754860250280885,2.235139749719117,5.452890338421852
798,5.0,3.580769408604178,3.580769408604178,1.4192305913958219,28.38461182791644
88,6.99,13.205421396490362,13.205421396490362,6.2154213964903615,88.9187610370581
734,1.7,5.623319215993909,5.623319215993909,3.923319215993909,230.78348329375936
1221,4.8,7.307609764916898,7.307609764916898,2.5076097649168982,52.241870102435385
3574,14.5,9.266769683706695,9.266769683706695,5.233230316293305,36.091243560643484
1480,6.9,6.01500743362255,6.01500743362255,0.8849925663774503,12.825979222861598
3936,10.49,20.388639542730804,20.388639542730804,9.898639542730804,94.36262671812014
6199,28.99,26.502470154851224,26.502470154851224,2.4875298451487744,8.580647965328646
852,13.5,11.498797735258112,11.498797735258112,2.001202264741888,14.823720479569541
486,7.89,5.969511268216367,5.969511268216367,1.9204887317836326,24.340795079640465
2678,3.6,3.8485608380969083,3.8485608380969083,0.2485608380969082,6.904467724914117
3195,4.0,4.661658756448256,4.661658756448256,0.6616587564482561,16.5414689112064
1430,8.4,8.610551271975694,8.610551271975694,0.21055127197569412,2.506562761615406
1536,14.9,17.1726410859438,17.1726410859438,2.272641085943798,15.252624737877838
1891,6.0,7.855923746594833,7.855923746594833,1.8559237465948328,30.932062443247215
6513,39.99,22.530072989714807,22.530072989714807,17.459927010285195,43.66073270889021
1919,5.6,7.834902237898017,7.834902237898017,2.2349022378980177,39.90896853389317
4302,14.8,16.061018024845147,16.061018024845147,1.2610180248451464,8.520392059764502
198,5.0,3.5649861280510233,3.5649861280510233,1.4350138719489767,28.700277438979533
4629,6.6,6.062332660128268,6.062332660128268,0.5376673398717315,8.146474846541388
2882,3.85,6.613332415262681,6.613332415262681,2.763332415262681,71.7748679289008
1057,8.9,9.266769683706695,9.266769683706695,0.3667696837066945,4.121007682097691
73,7.0,8.460337187502017,8.460337187502017,1.4603371875020166,20.86195982145738
548,27.8,23.94458814299121,23.94458814299121,3.8554118570087894,13.868387974851759
6352,13.69,15.447276565141863,15.447276565141863,1.7572765651418631,12.836205735148745
2963,4.0,5.473698131746573,5.473698131746573,1.4736981317465734,36.842453293664335
6569,27.3,38.78471034208259,38.78471034208259,11.48471034208259,42.06853605158457
1512,34.99,19.13913972656794,19.13913972656794,15.850860273432062,45.301115385630354
3912,10.9,9.191205404953166,9.191205404953166,1.7087945950468342,15.677014633457192
1582,1.9,3.0953862827977883,3.0953862827977883,1.1953862827977884,62.91506751567307
6697,15.44,19.477458444924146,19.477458444924146,4.037458444924146,26.149342259871418
5822,10.08,9.646458138082364,9.646458138082364,0.4335418619176359,4.301010534897181
2865,6.9,6.106012134917439,6.106012134917439,0.7939878650825616,11.50707050844292
3647,10.8,10.909863793890576,10.909863793890576,0.10986379389057532,1.0172573508386602
5349,20.499,12.859494850145072,12.859494850145072,7.6395051498549265,37.267696716205315
4428,3.0,3.372562736303024,3.372562736303024,0.37256273630302417,12.418757876767472
6213,25.55,22.240504307097027,22.240504307097027,3.309495692902974,12.953016410579155
4359,28.8,30.063220386449196,30.063220386449196,1.2632203864491949,4.386181897393038
1452,3.6,7.506399430020837,7.506399430020837,3.9063994300208367,108.51109527835656
7037,24.89,24.863544531462367,24.863544531462367,0.02645546853763392,0.10628954816245045
2020,1.9,3.0420339676358648,3.0420339676358648,1.1420339676358648,60.10705092820342
4903,29.49,29.156080801462267,29.156080801462267,0.3339191985377319,1.1323133215928516
5220,6.9,6.062332660128268,6.062332660128268,0.8376673398717323,12.14010637495264
6818,12.35,15.079327434853633,15.079327434853633,2.7293274348536336,22.09981728626424
4814,10.0,14.268936885341448,14.268936885341448,4.268936885341448,42.689368853414486
5267,8.8,9.437402741589853,9.437402741589853,0.6374027415898524,7.24321297261196
2098,9.2,13.182802980380323,13.182802980380323,3.982802980380324,43.291336743264395
1880,13.5,10.522494365672854,10.522494365672854,2.977505634327146,22.055597291312193
937,9.5,8.565148820781744,8.565148820781744,0.9348511792182563,9.840538728613224
7120,29.999,26.43050147262258,26.43050147262258,3.568498527377418,11.895391604311538
2855,13.5,13.394128258489246,13.394128258489246,0.10587174151075374,0.7842351223018795
6139,14.99,20.843522443911212,20.843522443911212,5.853522443911212,39.049515970054784
5985,12.49,11.342870223459325,11.342870223459325,1.147129776540675,9.184385720902121
1295,7.0,12.996253304687848,12.996253304687848,5.996253304687848,85.66076149554068
1175,45.9,35.211901092803025,35.211901092803025,10.688098907196974,23.2856185341982
2197,5.5,4.954746776335892,4.954746776335892,0.5452532236641083,9.913694975711062
2614,41.9,32.902543420259235,32.902543420259235,8.997456579740764,21.473643388402778
6148,27.36,18.427641790732864,18.427641790732864,8.932358209267136,32.64750807480679
4335,4.0,8.188538389042108,8.188538389042108,4.188538389042108,104.7134597260527
4914,11.5,10.294330863440528,10.294330863440528,1.2056691365594716,10.48407944834323
1321,7.2,5.5359830336707265,5.5359830336707265,1.6640169663292737,23.111346754573244
1181,12.79,14.331169968444406,14.331169968444406,1.5411699684444073,12.04980428807199
6150,22.799,24.097231833701848,24.097231833701848,1.2982318337018484,5.694249018386106
3438,12.6,8.958436295882649,8.958436295882649,3.6415637041173508,28.901299239026596
6343,34.99,27.624366318337913,27.624366318337913,7.365633681662089,21.050682142503828
4301,12.6,10.294330863440528,10.294330863440528,2.3056691365594713,18.298961401265647
620,7.9,7.022942815235535,7.022942815235535,0.8770571847644657,11.101989680562857
6864,24.89,21.359916770265446,21.359916770265446,3.5300832297345544,14.18273696156912
5159,16.0,12.444717363987632,12.444717363987632,3.555282636012368,22.2205164750773
2492,15.5,11.22191529069574,11.22191529069574,4.2780847093042595,27.600546511640385
478,14.0,15.740472199134723,15.740472199134723,1.7404721991347234,12.431944279533738
3968,5.3,7.281196951920652,7.281196951920652,1.9811969519206523,37.38107456454061
2276,3.7,5.615681111230083,5.615681111230083,1.9156811112300831,51.775165168380624
5227,6.9,7.974592231078539,7.974592231078539,1.0745922310785385,15.5738004504136
1897,12.5,6.963058445762639,6.963058445762639,5.536941554237361,44.295532433898885
7044,14.766,13.84703066963572,13.84703066963572,0.9189693303642805,6.223549575811192
2206,1.4,1.8205510248107188,1.8205510248107188,0.42055102481071893,30.039358915051356
1033,4.5,6.023521138980165,6.023521138980165,1.5235211389801648,33.856025310670326
5948,10.59,7.838369505280252,7.838369505280252,2.7516304947197483,25.983290790554754
286,12.3,18.37143006003212,18.37143006003212,6.071430060032121,49.36122000026114
550,3.2,2.7888502697767947,2.7888502697767947,0.41114973022320545,12.84842906947517
7008,10.099,10.723139355465264,10.723139355465264,0.6241393554652639,6.18020948079279
5668,25.79,28.676780905198186,28.676780905198186,2.8867809051981865,11.193411807670364
5015,2.5,3.0776723523936536,3.0776723523936536,0.5776723523936536,23.106894095746142
2825,12.5,12.002682677097551,12.002682677097551,0.49731732290244857,3.978538583219589
1055,10.799,12.781033873893241,12.781033873893241,1.9820338738932417,18.35386493094955
2091,6.5,5.830246991296319,5.830246991296319,0.6697530087036814,10.3038924415951
6540,25.79,23.173024541357087,23.173024541357087,2.616975458642912,10.147248773334287
2571,3.5,3.0734822606196364,3.0734822606196364,0.42651773938036364,12.186221125153248
1677,10.3,7.5180317520887785,7.5180317520887785,2.781968247911222,27.009400465157498
1174,1.8,1.869646776447146,1.869646776447146,0.06964677644714601,3.8692653581747782
6021,78.2,75.75636547127655,75.75636547127655,2.44363452872345,3.124852338521036
5916,12.54,21.320485128355198,21.320485128355198,8.780485128355199,70.01981761048803
5389,3.9,5.46646977114108,5.46646977114108,1.56646977114108,40.16589156772
2087,14.0,12.75291537521769,12.75291537521769,1.2470846247823104,8.907747319873646
1370,46.5,32.849190907768694,32.849190907768694,13.650809092231306,29.356578692970555
6314,16.899,19.972484302775918,19.972484302775918,3.073484302775917,18.187373825527644
2934,5.0,5.849635184289729,5.849635184289729,0.8496351842897294,16.992703685794588
3107,16.99,16.72723388589131,16.72723388589131,0.26276611410868966,1.54659278463031
1188,7.8,5.743067139327652,5.743067139327652,2.0569328606723483,26.370934111183953
2029,6.699999,7.812530772041061,7.812530772041061,1.112531772041061,16.604954299859763
4209,4.888888,6.712432733112454,6.712432733112454,1.8235447331124544,37.299785413624825
5027,4.5,5.43633100006423,5.43633100006423,0.9363310000642304,20.8073555569829
7009,23.5,28.1803694039972,28.1803694039972,4.680369403997201,19.916465548924258
7093,40.9,40.97137954249324,40.97137954249324,0.07137954249323997,0.17452210878542782
3956,7.2,13.022147125424635,13.022147125424635,5.822147125424634,80.86315451978659
833,9.0,7.205862153495632,7.205862153495632,1.794137846504368,19.934864961159647
1393,5.4,7.785453525883097,7.785453525883097,2.3854535258830962,44.17506529413141
549,24.9,22.877760519981287,22.877760519981287,2.022239480018712,8.121443694854264
1020,5.5,5.81593313071485,5.81593313071485,0.31593313071484985,5.7442387402699975
248,3.6,4.603912907867436,4.603912907867436,1.0039129078674356,27.88646966298432
2648,6.5,4.862798023694367,4.862798023694367,1.637201976305633,25.18772271239435
296,6.3,6.3896130224427665,6.3896130224427665,0.0896130224427667,1.4224289276629636
1559,7.39,4.695311705138648,4.695311705138648,2.6946882948613515,36.46398233912519
1563,12.8,11.728249468967226,11.728249468967226,1.0717505310327748,8.373051023693554
6766,13.69,13.683538980137254,13.683538980137254,0.0064610198627459425,0.04719517796016028
3260,9.7,12.995160336615466,12.995160336615466,3.295160336615467,33.97072511974709
100,1.4,2.4570292362233985,2.4570292362233985,1.0570292362233986,75.50208830167134
4204,43.5,33.440291929203696,33.440291929203696,10.059708070796304,23.125765679991506
3197,7.0,6.687898804940559,6.687898804940559,0.3121011950594408,4.458588500849154
2937,17.5,16.554224722281802,16.554224722281802,0.945775277718198,5.404430158389703
7017,15.99,14.282755789226897,14.282755789226897,1.7072442107731032,10.67694941071359
1499,6.0,5.522018659995759,5.522018659995759,0.4779813400042414,7.966355666737357
4872,7.0,8.525468733735227,8.525468733735227,1.5254687337352273,21.792410481931817
1656,5.0,5.50712849600427,5.50712849600427,0.5071284960042703,10.142569920085407
6788,13.29,14.209632361903484,14.209632361903484,0.919632361903485,6.919731842765124
346,4.0,4.603912907867436,4.603912907867436,0.6039129078674357,15.097822696685892
1718,7.5,8.268248940627274,8.268248940627274,0.7682489406272737,10.24331920836365
1665,1.7,2.833629677314498,2.833629677314498,1.133629677314498,66.68409866555871
681,6.0,6.922134920759419,6.922134920759419,0.9221349207594187,15.368915345990311
6514,69.99,40.299006116327405,40.299006116327405,29.69099388367259,42.4217658003609
3898,3.9,5.423880377469233,5.423880377469233,1.5238803774692333,39.073855832544446
6186,20.45,24.11441914526663,24.11441914526663,3.6644191452666313,17.9189200257537
6408,54.999,45.27323855311332,45.27323855311332,9.725761446886679,17.683524149323947
7289,23.79,24.358322089830743,24.358322089830743,0.568322089830744,2.3889116848707186
5761,17.75,17.81149227400802,17.81149227400802,0.06149227400802104,0.3464353465240622
7063,49.59,40.92134819893519,40.92134819893519,8.668651801064811,17.480644890229506
1793,3.8,5.839113530083255,5.839113530083255,2.039113530083255,53.66088237061197
3542,5.9,8.958680635687909,8.958680635687909,3.0586806356879084,51.842044672676415
6741,18.8,22.66433606020088,22.66433606020088,3.8643360602008805,20.554979043621703
1706,6.2,8.115033823271492,8.115033823271492,1.915033823271492,30.887642310830515
1414,5.6,4.936624109107125,4.936624109107125,0.6633758908928744,11.845998051658473
4761,2.9,3.8823477053785407,3.8823477053785407,0.9823477053785408,33.87405880615658
3066,8.8,5.81593313071485,5.81593313071485,2.984066869285151,33.90985078733126
2991,8.0,7.245506113810015,7.245506113810015,0.7544938861899846,9.431173577374807
6041,9.75,8.7052932314187,8.7052932314187,1.0447067685812996,10.714941216218458
84,37.9,32.78538188464758,32.78538188464758,5.114618115352421,13.495034605151506
5327,9.5,8.11274457928359,8.11274457928359,1.3872554207164107,14.602688639120112
3207,9.0,12.313184783479755,12.313184783479755,3.3131847834797554,36.813164260886175
5025,3.99,4.409665881166612,4.409665881166612,0.41966588116661185,10.517941883874983
1561,1.2,1.5297695064219692,1.5297695064219692,0.3297695064219692,27.480792201830774
6072,8.39,37.091610798867436,37.091610798867436,28.701610798867435,342.09309653000514
2948,8.9,11.602278137081274,11.602278137081274,2.702278137081274,30.3626756975424
3528,7.8,7.785453525883097,7.785453525883097,0.01454647411690324,0.1864932579090159
1297,5.0,5.894872074823974,5.894872074823974,0.894872074823974,17.89744149647948
4866,8.499,7.549004572105128,7.549004572105128,0.9499954278948728,11.17773182603686
6289,13.28,16.518387249614914,16.518387249614914,3.238387249614915,24.38544615673882
4506,14.2,14.125139837432918,14.125139837432918,0.07486016256708083,0.5271842434301468
1912,18.5,15.898717515678737,15.898717515678737,2.6012824843212634,14.060986401736558
6456,79.99,43.44344702938254,43.44344702938254,36.546552970617455,45.68890232606258
5998,9.494,10.989316166184926,10.989316166184926,1.4953161661849261,15.750117613070636
6127,18.99,18.512870031086667,18.512870031086667,0.4771299689133315,2.512532748358776
6875,44.199,31.06347673053975,31.06347673053975,13.135523269460247,29.719050814408128
1817,12.2,9.498073257349649,9.498073257349649,2.7019267426503504,22.146940513527465
3722,7.6,8.342411403103057,8.342411403103057,0.7424114031030573,9.768571093461281
5451,9.79,11.507500331867814,11.507500331867814,1.7175003318678144,17.543415034400557
6187,36.99,35.59504590450024,35.59504590450024,1.394954095499763,3.7711654379555632
7164,8.99,12.608977891755409,12.608977891755409,3.6189778917554083,40.255593901617445
3089,1.2,2.011942200047777,2.011942200047777,0.811942200047777,67.66185000398141
4845,6.0,5.375952573482595,5.375952573482595,0.6240474265174054,10.400790441956758
3142,3.2,1.9055103377092717,1.9055103377092717,1.2944896622907285,40.45280194658527
1623,5.5,5.630058325885054,5.630058325885054,0.13005832588505406,2.3646968342737105
6834,18.38,18.985597015297355,18.985597015297355,0.6055970152973558,3.2948695065144493
5459,16.79,23.387450040679454,23.387450040679454,6.597450040679455,39.293925197614385
5605,47.95,46.21523109319744,46.21523109319744,1.7347689068025645,3.617870504280635
6392,26.4,28.86041655791053,28.86041655791053,2.4604165579105306,9.31975968905504
1199,2.0,3.3223268560265566,3.3223268560265566,1.3223268560265566,66.11634280132783
373,6.0,3.859414549463523,3.859414549463523,2.140585450536477,35.67642417560795
2457,5.7,5.5359830336707265,5.5359830336707265,0.16401696632927365,2.877490637355678
5260,4.99,4.695311705138648,4.695311705138648,0.29468829486135206,5.905577051329701
3819,21.09,22.074606942537194,22.074606942537194,0.9846069425371944,4.668596218763368
7284,23.3,28.04810661210916,28.04810661210916,4.748106612109158,20.378139966133723
1317,8.0,9.868678171417091,9.868678171417091,1.8686781714170912,23.35847714271364
1446,13.0,15.368114817132065,15.368114817132065,2.3681148171320654,18.21626782409281
3799,18.9,18.223164507828614,18.223164507828614,0.6768354921713851,3.5811401702189687
3482,3.7,5.465677922443422,5.465677922443422,1.7656779224434223,47.7210249309033
1488,6.399,6.46885435897315,6.46885435897315,0.06985435897315018,1.0916449284755458
4486,4.0,4.970827337857017,4.970827337857017,0.9708273378570169,24.270683446425423
6067,102.0,85.79198019174493,85.79198019174493,16.208019808255074,15.890215498289287
812,5.123,4.02747690693157,4.02747690693157,1.0955230930684303,21.38440548640309
3580,34.5,26.856565334128174,26.856565334128174,7.643434665871826,22.154883089483555
4317,3.95,2.6619179013835197,2.6619179013835197,1.2880820986164805,32.60967338269571
3366,3.9,1.7853633272710194,1.7853633272710194,2.1146366727289805,54.221453146896934
3651,4.0,4.3230058868684065,4.3230058868684065,0.3230058868684065,8.075147171710162
6684,40.5,33.128833020343635,33.128833020343635,7.3711669796563655,18.200412295447816
1511,3.5,2.49169611150859,2.49169611150859,1.00830388849141,28.808682528325996
7149,18.29,20.01453352715546,20.01453352715546,1.7245335271554616,9.428832843933634
1801,3.4,3.742206271591879,3.742206271591879,0.3422062715918792,10.064890340937623
4516,4.6,5.5359830336707265,5.5359830336707265,0.9359830336707269,20.347457253711458
921,7.8,8.795713503509953,8.795713503509953,0.9957135035099531,12.765557737307093
322,15.0,15.299254171105463,15.299254171105463,0.2992541711054635,1.9950278073697567
3838,2.5,2.783936063481125,2.783936063481125,0.283936063481125,11.357442539245
5634,27.49,28.986939281772308,28.986939281772308,1.4969392817723097,5.445395713977119
7262,9.08,15.428583593647367,15.428583593647367,6.348583593647367,69.91832151594018
4402,6.85,8.492101989250298,8.492101989250298,1.642101989250298,23.972291813872964
6217,10.45,10.945811405276745,10.945811405276745,0.4958114052767453,4.744606749059764
1569,5.9,7.951335766313778,7.951335766313778,2.0513357663137777,34.76840281887759
4661,17.5,16.835627483615212,16.835627483615212,0.6643725163847876,3.796414379341643
231,12.9,11.098505442145061,11.098505442145061,1.801494557854939,13.965074091898751
1545,1.8,2.747552058627331,2.747552058627331,0.9475520586273312,52.64178103485173
1420,1.0,2.6905750531589074,2.6905750531589074,1.6905750531589074,169.05750531589075
1079,5.9,9.306788459163291,9.306788459163291,3.406788459163291,57.742177273954084
3103,7.9,7.057206271245642,7.057206271245642,0.8427937287543585,10.668275047523524
1115,4.75,5.812761204709025,5.812761204709025,1.062761204709025,22.37392009913737
6946,14.45,17.212631710823246,17.212631710823246,2.7626317108232463,19.118558552410008
1941,10.9,9.498073257349649,9.498073257349649,1.4019267426503514,12.861713235324324
1867,10.95,7.752092735377771,7.752092735377771,3.197907264622228,29.20463255362765
2586,6.65,9.434585429109852,9.434585429109852,2.7845854291098515,41.87346509939626
2751,11.5,9.044237045402166,9.044237045402166,2.4557629545978337,21.35446047476377
1425,9.59,8.565148820781744,8.565148820781744,1.0248511792182562,10.68666505962728
5395,14.5,14.671070615485077,14.671070615485077,0.17107061548507652,1.1797973481729416
4053,32.5,23.203138477104446,23.203138477104446,9.296861522895554,28.60572776275555
7283,16.95,19.546318552364774,19.546318552364774,2.5963185523647745,15.317513583273007
4333,4.49,8.711306646993858,8.711306646993858,4.221306646993858,94.01573824039772
1618,9.0,14.671468361539427,14.671468361539427,5.671468361539427,63.01631512821585
2402,16.8,15.744795882972092,15.744795882972092,1.055204117027909,6.280976887070887
265,15.3,15.10983707860709,15.10983707860709,0.19016292139291124,1.2428949110647793
0,9.99,8.565148820781744,8.565148820781744,1.4248511792182565,14.262774566749314
4015,16.5,13.421290225710509,13.421290225710509,3.078709774289491,18.658847116906006
5187,3.5,3.7875070832487143,3.7875070832487143,0.2875070832487143,8.214488092820408
838,1.2,2.916352302013287,2.916352302013287,1.7163523020132871,143.02935850110728
14,21.9,16.332901574450478,16.332901574450478,5.567098425549521,25.420540755933885
3263,2.6,2.189913341287971,2.189913341287971,0.4100866587120291,15.772563796616504
4912,21.0,15.073373222169538,15.073373222169538,5.926626777830462,28.222032275383153
6477,29.155,30.980126638166478,30.980126638166478,1.825126638166477,6.260081077573236
8,16.5,14.066897493847069,14.066897493847069,2.433102506152931,14.746075794866249
1039,8.5,15.752303796309425,15.752303796309425,7.252303796309425,85.32122113305206
2759,11.9,10.909863793890576,10.909863793890576,0.9901362061094243,8.320472320247262
3992,15.5,17.02153937882963,17.02153937882963,1.5215393788296296,9.816383089223416
6472,12.99,14.021934302704274,14.021934302704274,1.0319343027042738,7.944066995413963
4141,32.79,27.98581369199195,27.98581369199195,4.804186308008049,14.651376358670475
6629,18.1,18.90760796706328,18.90760796706328,0.8076079670632801,4.461922469962873
339,4.1,4.66182048386535,4.66182048386535,0.5618204838653504,13.702938630862208
1956,3.3,3.665548181483226,3.665548181483226,0.3655481814832262,11.077217620703825
4220,6.5,6.380024820662097,6.380024820662097,0.11997517933790292,1.8457719898138911
2770,29.999999,11.79126991742907,11.79126991742907,18.20872908257093,60.69576563176196
1090,23.5,24.63197531394448,24.63197531394448,1.13197531394448,4.816916229550978
4512,8.999,5.8290524745474315,5.8290524745474315,3.169947525452569,35.2255531220421
1883,6.0,9.23179071625551,9.23179071625551,3.23179071625551,53.8631786042585
622,5.3,7.475100010840137,7.475100010840137,2.1751000108401373,41.039622846040324
7220,12.5,14.06318482492137,14.06318482492137,1.56318482492137,12.505478599370958
5192,3.8,7.307609764916898,7.307609764916898,3.5076097649168982,92.30552012939206
5045,2.8,9.22684480062427,9.22684480062427,6.426844800624271,229.53017145086685
4331,16.5,20.69056384685239,20.69056384685239,4.190563846852388,25.39735664759023
4952,4.7,3.5393708387897913,3.5393708387897913,1.1606291612102089,24.694237472557635
3032,8.4,6.363896868018848,6.363896868018848,2.036103131981152,24.239322999775617
4568,5.999,5.5279762412481634,5.5279762412481634,0.4710237587518362,7.851704596630042
889,4.5,7.492510290543481,7.492510290543481,2.992510290543481,66.50022867874402
1507,3.1,3.0502157313078104,3.0502157313078104,0.04978426869218966,1.605944151360957
3688,10.0,8.101806024291221,8.101806024291221,1.8981939757087787,18.981939757087787
196,1.9,-0.16199161280624352,0.0,1.9,100.0
5533,12.99,14.304090959593262,14.304090959593262,1.314090959593262,10.116173668924263
3980,11.2,13.645344537061119,13.645344537061119,2.4453445370611195,21.83343336661714
2789,3.8,4.893685662095713,4.893685662095713,1.0936856620957132,28.781201634097712
6575,38.0,19.507737624972286,19.507737624972286,18.492262375027714,48.663848355336086
4236,21.5,12.670076700184238,12.670076700184238,8.829923299815762,41.0694106968175
432,4.2,7.281026710591012,7.281026710591012,3.0810267105910114,73.35777882359551
2598,10.9,11.061178896273015,11.061178896273015,0.16117889627301452,1.4787054703946285
6091,28.99,27.3668596356365,27.3668596356365,1.623140364363497,5.59896641725939
1694,23.5,26.86698359873207,26.86698359873207,3.3669835987320695,14.327589781838594
5357,29.9,29.227560167300574,29.227560167300574,0.6724398326994248,2.248962651168645
1108,13.9,15.467561830648547,15.467561830648547,1.5675618306485468,11.277423242075876
6353,37.5,42.52448767463767,42.52448767463767,5.024487674637669,13.398633799033785
6690,60.89,51.11582996914893,51.11582996914893,9.774170030851067,16.05217610584836
6262,110.99,85.46699705887424,85.46699705887424,25.523002941125753,22.995768034170425
4825,1.65,3.093879531070165,3.093879531070165,1.443879531070165,87.50785036788879
1277,4.6,5.4123297803589345,5.4123297803589345,0.8123297803589349,17.659343051281194
1195,5.9,5.70386626225093,5.70386626225093,0.1961337377490704,3.324300639814752
6062,18.19,23.708945871491224,23.708945871491224,5.518945871491223,30.340549046130967
604,9.0,9.314816002080534,9.314816002080534,0.3148160020805335,3.4979555786725944
3742,6.2,4.727612583404989,4.727612583404989,1.4723874165950113,23.748184138629213
1593,17.9,17.15837276838497,17.15837276838497,0.741627231615027,4.143168891704062
1219,19.4,21.719727354581543,21.719727354581543,2.319727354581545,11.957357497843017
2229,7.0,8.260400747783557,8.260400747783557,1.2604007477835566,18.005724968336523
4519,4.1,3.50056908212842,3.50056908212842,0.5994309178715795,14.62026628955072
1652,3.3,3.790151219283498,3.790151219283498,0.49015121928349803,14.853067251015093
4657,5.9,7.84256174224923,7.84256174224923,1.9425617422492296,32.92477529235982
4865,5.9,4.551190891220678,4.551190891220678,1.3488091087793226,22.861171335242755
6264,11.09,10.567037328164151,10.567037328164151,0.5229626718358489,4.715623731612704
4955,38.0,34.76420367881052,34.76420367881052,3.2357963211894827,8.51525347681443
1158,12.0,10.429396916061751,10.429396916061751,1.5706030839382485,13.088359032818738
4818,10.8,11.60667778148456,11.60667778148456,0.8066777814845594,7.469238717449624
3256,8.8,8.390415779869794,8.390415779869794,0.40958422013020623,4.654366137843252
5728,38.699,41.280991550449684,41.280991550449684,2.581991550449686,6.671985194577861
4650,17.5,18.37143006003212,18.37143006003212,0.8714300600321216,4.979600343040695
7219,15.49,17.31978363683153,17.31978363683153,1.8297836368315306,11.812676803302327
5702,14.19,12.137628774809777,12.137628774809777,2.052371225190223,14.463504053489942
2807,4.59,3.2463536917552567,3.2463536917552567,1.3436463082447432,29.273340048905084
2851,8.6,13.87793876014986,13.87793876014986,5.27793876014986,61.37138093197512
4559,10.49,8.841115954703902,8.841115954703902,1.6488840452960982,15.718627695863663
2995,6.5,9.763266558294752,9.763266558294752,3.2632665582947524,50.20410089684234
904,5.95,3.9338241849964195,3.9338241849964195,2.0161758150035807,33.88530781518623
6841,21.169,17.819512992879716,17.819512992879716,3.3494870071202847,15.822603841089727
2357,23.8,24.853813151757578,24.853813151757578,1.053813151757577,4.427786351922593
3383,12.8,11.62805367058723,11.62805367058723,1.171946329412771,9.155830698537274
3470,9.0,14.49004715028515,14.49004715028515,5.49004715028515,61.000523892057224
1616,7.8,8.565148820781744,8.565148820781744,0.7651488207817438,9.809600266432614
3575,5.8,6.566131563612503,6.566131563612503,0.766131563612503,13.209164889870742
6977,26.95,25.76424806880076,25.76424806880076,1.1857519311992384,4.399821637102925
5006,10.9,9.53541094329836,9.53541094329836,1.3645890567016412,12.519165657813222
3820,3.65,4.428954723731422,4.428954723731422,0.7789547237314225,21.341225307710207
1860,7.5,5.204899483111694,5.204899483111694,2.295100516888306,30.601340225177413
2088,4.99,3.732315783705346,3.732315783705346,1.2576842162946544,25.204092510914915
7077,27.52,20.151561564756854,20.151561564756854,7.368438435243146,26.77484896527306
6930,27.699,27.48376953420229,27.48376953420229,0.21523046579771332,0.777033343433746
5213,4.1,8.061044834798366,8.061044834798366,3.9610448347983667,96.61084962922847
2251,3.2,1.7359411544537,1.7359411544537,1.4640588455463002,45.75183892332188
3784,14.0,18.239237985753263,18.239237985753263,4.239237985753263,30.28027132680902
3127,6.5,5.81593313071485,5.81593313071485,0.6840668692851501,10.524105681310001
254,11.7,8.795713503509953,8.795713503509953,2.9042864964900463,24.822961508461937
6705,16.78,14.87081443042628,14.87081443042628,1.9091855695737205,11.3777447531211
4989,2.999999,4.603912907867436,4.603912907867436,1.6039139078674358,53.46381475018611
221,14.85,14.58119475018999,14.58119475018999,0.26880524981000953,1.8101363623569666
267,2.9,2.4096659083435625,2.4096659083435625,0.4903340916564374,16.908072126084047
107,8.1,5.823939923137413,5.823939923137413,2.2760600768625867,28.099507121760332
4800,5.5,4.585740049716042,4.585740049716042,0.9142599502839577,16.622908186981046
1226,5.4,8.50569729095193,8.50569729095193,3.1056972909519303,57.51291279540611
4938,4.9,6.236643037432195,6.236643037432195,1.3366430374321947,27.27842933535091
3418,9.5,8.488906388904505,8.488906388904505,1.011093611095495,10.643090643110472
4154,8.5,6.670102026414591,6.670102026414591,1.8298979735854086,21.528211453945982
1758,6.99,9.55494848446328,9.55494848446328,2.5649484844632795,36.69454198087667
2284,9.99,8.883124983992337,8.883124983992337,1.1068750160076632,11.079829990066699
2526,3.3,3.953575375784446,3.953575375784446,0.6535753757844462,19.80531441771049
4004,15.0,8.00407363541986,8.00407363541986,6.995926364580139,46.63950909720093
1210,15.5,22.64999736026505,22.64999736026505,7.149997360265051,46.129015227516454
6664,11.5,16.314217584826885,16.314217584826885,4.814217584826885,41.8627616071903
2464,13.6,11.183322522144731,11.183322522144731,2.416677477855268,17.76968733717109
4240,13.5,13.66870808276387,13.66870808276387,0.16870808276386917,1.2496895019545864
4198,14.5,12.649295520910972,12.649295520910972,1.8507044790890284,12.76347916613123
376,4.5,5.621232344996633,5.621232344996633,1.121232344996633,24.91627433325851
755,1.8,2.9596978292115743,2.9596978292115743,1.1596978292115743,64.42765717842079
291,12.49,13.492889954150693,13.492889954150693,1.0028899541506924,8.029543267819793
5091,1.7,4.425222175209438,4.425222175209438,2.7252221752094377,160.30718677702575
1465,1.35,1.279855965897724,1.279855965897724,0.0701440341022761,5.195854377946377
188,4.7,7.502700540048968,7.502700540048968,2.802700540048968,59.631926384020595
1870,33.0,16.486208406448117,16.486208406448117,16.513791593551883,50.04179270773298
1201,8.7,10.827724320053704,10.827724320053704,2.127724320053705,24.456601379927644
1649,4.0,3.702631533947919,3.702631533947919,0.297368466052081,7.434211651302025
6030,128.96,114.81513420832557,114.81513420832557,14.144865791674434,10.968413299995683
3706,30.49,24.273167920086046,24.273167920086046,6.216832079913953,20.389741160754195
4176,6.5,7.145026125048638,7.145026125048638,0.6450261250486378,9.92347884690212
501,10.0,8.66809986557833,8.66809986557833,1.3319001344216694,13.319001344216694
6193,26.99,22.082091633092872,22.082091633092872,4.907908366907126,18.18417327494304
2605,5.5,5.812761204709025,5.812761204709025,0.3127612047090249,5.686567358345907
6874,64.89,79.45143116019858,79.45143116019858,14.56143116019858,22.440177469869905
3312,23.5,17.03438342412315,17.03438342412315,6.465616575876851,27.51326202500788
2812,6.5,6.338066715264146,6.338066715264146,0.1619332847358539,2.4912813036285213
4763,5.5,7.395795189614376,7.395795189614376,1.8957951896143763,34.469003447534114
6753,76.79,49.63762955120519,49.63762955120519,27.15237044879482,35.359253091281175
672,7.9,5.81593313071485,5.81593313071485,2.0840668692851505,26.380593282090516
4766,13.8,15.851910472676378,15.851910472676378,2.0519104726763775,14.868916468669402
3753,7.35,5.778085097964132,5.778085097964132,1.5719149020358678,21.386597306610447
1374,12.8,12.831749419842277,12.831749419842277,0.03174941984227608,0.2480423425177819
7043,23.99,34.104439689606444,34.104439689606444,10.114439689606446,42.1610658174508
6988,15.58,17.029531950894796,17.029531950894796,1.4495319508947961,9.303799428079564
5718,79.99,70.65935134744876,70.65935134744876,9.330648652551233,11.664768911803018
1192,4.9,5.956940015384934,5.956940015384934,1.0569400153849333,21.57020439561088
3053,52.9,41.095366979303684,41.095366979303684,11.804633020696315,22.31499625840513
3950,2.8,3.5687404885677374,3.5687404885677374,0.7687404885677376,27.455017448847773
216,13.0,11.381836866453378,11.381836866453378,1.6181631335466218,12.447408719589397
4697,6.49,7.455649135886911,7.455649135886911,0.9656491358869106,14.879031369598007
421,1.2,1.2167357244746455,1.2167357244746455,0.016735724474645552,1.3946437062204629
505,3.9,5.303594671671201,5.303594671671201,1.4035946716712009,35.989606965928225
4836,2.9,3.083768219380504,3.083768219380504,0.18376821938050414,6.336835151051867
6453,19.9,20.020309461101007,20.020309461101007,0.12030946110100871,0.6045701562864759
6845,49.5,31.137177221954857,31.137177221954857,18.362822778045143,37.09661167281847
6252,20.59,23.714479011357295,23.714479011357295,3.1244790113572947,15.174740220287978
506,16.3,15.368114817132065,15.368114817132065,0.9318851828679353,5.717087011459725
1807,8.9,6.085733907649891,6.085733907649891,2.8142660923501097,31.620967329776512
4436,20.89,21.750389987826143,21.750389987826143,0.8603899878261423,4.118669161446349
1438,5.99,2.466943270599632,2.466943270599632,3.523056729400368,58.81563822037342
5520,76.49,70.06176217343312,70.06176217343312,6.428237826566871,8.404023828692472
7069,41.599,28.041560889365385,28.041560889365385,13.557439110634611,32.590781294345085
4704,3.8,2.727094772806552,2.727094772806552,1.0729052271934476,28.234348084038096
1426,27.9,31.978108902267213,31.978108902267213,4.078108902267214,14.616877785903995
2859,7.5,6.3896130224427665,6.3896130224427665,1.1103869775572335,14.805159700763113
3016,5.0,4.529061739379202,4.529061739379202,0.47093826062079813,9.418765212415963
2688,20.49,22.08814864230116,22.08814864230116,1.5981486423011617,7.799651743783123
4664,12.0,5.597503755343929,5.597503755343929,6.402496244656071,53.354135372133925
2280,2.95,4.405586937425742,4.405586937425742,1.4555869374257417,49.34193008222853
347,6.5,6.624933556326885,6.624933556326885,0.12493355632688541,1.9220547127213141
4320,12.99,16.029644890111427,16.029644890111427,3.0396448901114272,23.39988368061145
333,11.5,7.184593084056128,7.184593084056128,4.315406915943872,37.52527752994671
4386,6.5,6.527689708545282,6.527689708545282,0.027689708545281633,0.42599551608125585
3381,7.75,8.159967216420732,8.159967216420732,0.409967216420732,5.289899566719122
5781,18.355,23.55829787909233,23.55829787909233,5.203297879092329,28.34812246849539
6380,15.89,13.611271681330237,13.611271681330237,2.2787283186697636,14.340643918626581
5832,83.49,85.23525662421743,85.23525662421743,1.7452566242174328,2.090378038348824
6831,8.29,12.862304021453234,12.862304021453234,4.572304021453235,55.15445140474349
3023,9.79,10.162165042042734,10.162165042042734,0.3721650420427345,3.8014815326122013
6726,5.65,7.099430024032529,7.099430024032529,1.4494300240325284,25.653628743938555
746,14.5,15.86485457781676,15.86485457781676,1.3648545778167591,9.412790191839719
3410,34.0,21.543306304705656,21.543306304705656,12.456693695294344,36.63733439792454
5257,5.7,5.7342029761391355,5.7342029761391355,0.034202976139135366,0.6000522129672871
3704,5.0,4.345596989942591,4.345596989942591,0.6544030100574094,13.088060201148188
3589,2.5,5.089397207254807,5.089397207254807,2.589397207254807,103.57588829019228
5019,7.8,6.491462401749404,6.491462401749404,1.308537598250596,16.77612305449482
4038,24.2,22.08814864230116,22.08814864230116,2.111851357698839,8.726658502887766
3608,9.3,8.582765634489753,8.582765634489753,0.7172343655102473,7.71219747860481
6968,28.59,30.465664447888038,30.465664447888038,1.8756644478880382,6.560561202826297
259,4.8,5.767578374314379,5.767578374314379,0.9675783743143791,20.15788279821623
1795,11.49,8.565148820781744,8.565148820781744,2.9248511792182565,25.455623840019637
4210,20.0,17.453542730956507,17.453542730956507,2.5464572690434935,12.732286345217467
3653,8.3,4.5855738747776424,4.5855738747776424,3.7144261252223583,44.75212199063082
3265,4.59,5.81593313071485,5.81593313071485,1.22593313071485,26.7087828042451
3246,5.0,5.9634082584785535,5.9634082584785535,0.9634082584785535,19.26816516957107
1730,25.0,16.768215331055757,16.768215331055757,8.231784668944243,32.92713867577697
599,11.5,18.257464292840112,18.257464292840112,6.757464292840112,58.76055906817489
45,13.0,13.637641892607014,13.637641892607014,0.6376418926070144,4.904937635438573
4651,23.5,13.111311487517169,13.111311487517169,10.388688512482831,44.207185159501414
5070,6.0,5.952381884938907,5.952381884938907,0.047618115061093036,0.7936352510182173
4575,6.0,5.010152607964352,5.010152607964352,0.9898473920356476,16.49745653392746
3921,14.2,9.237480310114728,9.237480310114728,4.962519689885271,34.94732175975543
3881,2.686686,3.5574297718968815,3.5574297718968815,0.8707437718968816,32.409584592203245
6979,5.85,13.3486832388766,13.3486832388766,7.4986832388766,128.18261946797605
6997,28.9,21.343732737444043,21.343732737444043,7.556267262555956,26.146253503653828
1421,1.9,3.1066747980107046,3.1066747980107046,1.2066747980107047,63.50919989530025
4251,17.2,17.201737730895893,17.201737730895893,0.0017377308958934634,0.010103086604031765
3529,2.3,2.3371680061968565,2.3371680061968565,0.03716800619685667,1.6160002694285511
6651,12.09,13.577237613734843,13.577237613734843,1.4872376137348429,12.301386383249321
6497,96.79,90.40220328922561,90.40220328922561,6.387796710774396,6.599645325730339
7180,15.99,16.451408354276246,16.451408354276246,0.46140835427624616,2.8856057178001637
3044,13.2,15.467561830648547,15.467561830648547,2.267561830648548,17.178498717034454
1298,4.1,5.81593313071485,5.81593313071485,1.7159331307148502,41.85202757841098
426,6.5,5.5480225823662614,5.5480225823662614,0.9519774176337386,14.645806425134438
4603,8.2,6.6959607685072875,6.6959607685072875,1.5040392314927118,18.341941847472096
805,19.9,17.620199922963753,17.620199922963753,2.2798000770362457,11.45628179415199
410,7.7,11.655671495288997,11.655671495288997,3.955671495288997,51.37235708167529
6097,12.38,13.605927976198263,13.605927976198263,1.2259279761982622,9.902487691423765
3858,15.0,7.659136978393185,7.659136978393185,7.340863021606815,48.9390868107121
438,8.8,10.98832773950078,10.98832773950078,2.18832773950078,24.86736067614522
2389,2.0,2.460709583091189,2.460709583091189,0.46070958309118915,23.035479154559457
4161,9.2,11.514579461732968,11.514579461732968,2.3145794617329685,25.158472410140963
434,5.8,6.106012134917439,6.106012134917439,0.30601213491743895,5.2760712916799815
751,10.5,7.812530772041061,7.812530772041061,2.687469227958939,25.594945028180373
3411,8.5,5.975089602183623,5.975089602183623,2.5249103978163774,29.70482820960444
2874,6.99,6.062332660128268,6.062332660128268,0.9276673398717321,13.271349640511188
4383,14.6,16.10347141817158,16.10347141817158,1.5034714181715803,10.297749439531371
2142,9.0,8.094329417203497,8.094329417203497,0.9056705827965033,10.063006475516703
6044,24.0,31.258142075992126,31.258142075992126,7.258142075992126,30.24225864996719
4937,7.5,6.640174284352177,6.640174284352177,0.8598257156478226,11.464342875304302
4856,5.9,8.449949409058963,8.449949409058963,2.5499494090589625,43.21948150947394
1049,6.0,8.314123036630438,8.314123036630438,2.3141230366304377,38.56871727717397
626,6.5,7.215976851898715,7.215976851898715,0.7159768518987146,11.015028490749454
1926,10.2,10.804925140885917,10.804925140885917,0.6049251408859178,5.930638636136449
1223,7.6,6.062332660128268,6.062332660128268,1.5376673398717315,20.232464998312256
210,7.89,10.930687554564617,10.930687554564617,3.0406875545646175,38.538498790426075
2431,3.89,2.4556624428247584,2.4556624428247584,1.4343375571752417,36.872430775713156
6216,14.59,16.45484624696277,16.45484624696277,1.8648462469627702,12.781674071026528
4927,16.0,16.690485659537458,16.690485659537458,0.6904856595374582,4.315535372109114
51,18.8,13.938840683257954,13.938840683257954,4.861159316742047,25.857230408202376
1109,12.5,12.813206909759245,12.813206909759245,0.3132069097592449,2.5056552780739594
1436,7.2,9.662927851049016,9.662927851049016,2.462927851049016,34.20733126456966
7277,10.49,13.705821812937858,13.705821812937858,3.2158218129378575,30.656070666709795
3882,2.8,4.799211024370864,4.799211024370864,1.9992110243708643,71.40039372753087
1786,10.8,5.7342029761391355,5.7342029761391355,5.065797023860865,46.90552799871171
5456,22.0,23.464475656751155,23.464475656751155,1.464475656751155,6.656707530687068
4338,6.0,4.992808844857146,4.992808844857146,1.0071911551428538,16.786519252380895
6336,19.592,24.238059241713398,24.238059241713398,4.646059241713399,23.714063095719677
1558,2.8,3.6304237340698275,3.6304237340698275,0.8304237340698277,29.657990502493845
2249,26.49,17.6951752879156,17.6951752879156,8.794824712084399,33.20054628948433
5044,36.0,22.260840388587518,22.260840388587518,13.739159611412482,38.16433225392356
3786,8.5,12.650904355735008,12.650904355735008,4.150904355735008,48.8341688910001
4233,12.8,15.864987712058214,15.864987712058214,3.0649877120582136,23.945216500454794
4561,13.0,10.022345597427574,10.022345597427574,2.9776544025724263,22.90503386594174
3733,3.5,4.520292254359612,4.520292254359612,1.020292254359612,29.151207267417483
5661,63.05,85.4059535933442,85.4059535933442,22.355953593344196,35.457499751537185
5664,70.99,70.06176217343312,70.06176217343312,0.9282378265668711,1.3075613840919442
6291,8.89,8.503448880857388,8.503448880857388,0.386551119142613,4.348156570783048
6970,20.49,29.231339493198334,29.231339493198334,8.741339493198335,42.661490938010424
4693,29.5,17.642228654270276,17.642228654270276,11.857771345729724,40.19583507027025
3164,1.0,0.9234925286531048,0.9234925286531048,0.07650747134689517,7.650747134689517
2112,5.4,4.67417885290064,4.67417885290064,0.7258211470993601,13.441132353691854
705,7.2,7.141509842603185,7.141509842603185,0.05849015739681551,0.8123632971779932
2943,26.5,17.03438342412315,17.03438342412315,9.465616575876851,35.71930783349755
6952,20.99,12.962236611765869,12.962236611765869,8.02776338823413,38.24565692345941
57,3.8,5.568698070950086,5.568698070950086,1.7686980709500864,46.54468607763385
4881,9.8,9.809485159839088,9.809485159839088,0.009485159839087487,0.09678734529681109
5640,17.2,26.725345941666912,26.725345941666912,9.525345941666913,55.37991826550531
527,4.5,9.993706076646209,9.993706076646209,5.493706076646209,122.08235725880465
1935,3.8,4.77924577864783,4.77924577864783,0.9792457786478304,25.769625753890274
5058,1.95,3.507696619735647,3.507696619735647,1.557696619735647,79.88187793516138
565,4.0,6.284472815975208,6.284472815975208,2.2844728159752083,57.11182039938021
1871,4.9,5.360243777875178,5.360243777875178,0.4602437778751778,9.392730160717914
6095,18.85,22.56800472675991,22.56800472675991,3.718004726759908,19.72416300668386
640,5.5,4.659173841536459,4.659173841536459,0.8408261584635408,15.287748335700742
5282,5.0,5.180234585673643,5.180234585673643,0.18023458567364337,3.604691713472867
1747,41.0,28.789464580790533,28.789464580790533,12.210535419209467,29.781793705388942
730,6.5,8.23921931039839,8.23921931039839,1.73921931039839,26.75722015997523
