sample_id,y_true_price,raw_prediction,y_pred_price,absolute_error,absolute_percentage_error
3909,5.5,1.5695958096344165,3.8047057854623123,1.6952942145376877,30.823531173412505
6004,37.499,3.339889583836777,27.21601102972194,10.282988970278062,27.422035175012834
1768,27.49,2.8545652093830665,16.36688460740271,11.123115392597288,40.462405938877005
3360,7.8,2.1416042039532455,7.513083402706483,0.2869165972935166,3.6784179140194437
4700,12.99,2.464215720820166,10.754259914723269,2.2357400852767313,17.211240071414405
865,3.5,1.3403612709900816,2.8204234642492314,0.6795765357507686,19.41647245002196
7074,52.5,3.833116388101945,45.20631088965089,7.2936891103491135,13.892741162569742
2233,26.0,2.990491790551108,18.895464487465837,7.104535512534163,27.325136586669856
1720,22.0,2.549101371040597,11.795600117855155,10.204399882144845,46.383635827931116
1662,4.7,2.4616812985357925,10.72450737513453,6.02450737513453,128.18100798158574
1566,11.49,2.9725952441418064,18.542571584884293,7.0525715848842925,61.38008341935851
5141,3.2,1.7591635403631982,4.807577557942609,1.6075775579426086,50.23679868570652
7264,63.86,3.9491364014462995,50.89053488833536,12.96946511166464,20.309215646202066
5464,127.0,4.642539930206256,102.80767727734997,24.192322722650033,19.049073009960658
6348,31.79,3.2290715079234222,24.25619590316001,7.53380409683999,23.698660260585058
6283,17.99,3.5946114093208235,35.401551935366776,17.411551935366777,96.78461331499044
6419,30.9,3.4333984962791444,29.981755416508882,0.9182445834911164,2.971665318741477
763,7.9,2.6380490926439015,12.985891795802669,5.085891795802668,64.37837716205908
3297,4.8,1.8770910074266043,5.534468467007635,0.7344684670076349,15.301426395992396
2654,3.59,1.3765402521824317,2.9611732323504496,0.6288267676495503,17.516065951240954
2189,3.1399,1.7253893412215242,4.6147066409333535,1.4748066409333536,46.96986021635573
3945,1.9,1.1182446990135748,2.059479180458228,0.15947918045822806,8.393641076748846
6006,20.04,3.1117642142297153,21.460634839061928,1.420634839061929,7.088996202903837
1197,19.8,2.526256402051062,11.50659871289283,8.293401287107171,41.88586508639985
429,7.5,2.072589953593969,6.945374644226869,0.5546253557731307,7.395004743641742
4271,5.7,1.9016233741632607,5.696756965159109,0.00324303484089139,0.056895348085813854
3905,5.1,1.9548572429167668,6.062910671201634,0.9629106712016346,18.880601396110485
2316,2.7,1.9531130899825366,6.050602611519621,3.350602611519621,124.09639301924523
4584,13.5,2.293008385923412,8.904690035530624,4.595309964469376,34.03933307014352
7086,51.49,3.988314878579347,52.96387701633396,1.473877016333958,2.8624529351989865
1992,16.5,2.7665313695148415,14.903375296797687,1.5966247032023126,9.676513352741289
7240,13.1,2.5685699233864376,12.047152665181752,1.0528473348182477,8.037002555864486
554,7.2,2.4738141646855762,10.867625715968154,3.6676257159681542,50.93924605511325
1905,11.999,2.318865975585747,9.164141383522587,2.8348586164774137,23.625790619863434
2034,14.5,2.594877128643214,12.394941405664927,2.1050585943350733,14.51764547817292
1215,6.2,1.896973907272176,5.665692887034066,0.5343071129659345,8.617856660740879
1615,7.0,2.1151693531862668,7.290989752763,0.2909897527630001,4.156996468042858
1002,3.2,1.33430231706821,2.797345678737349,0.4026543212626512,12.58294753945785
2388,9.95,2.1269725996471855,7.389430163572214,2.560569836427785,25.734370215354623
6001,38.9,3.7589233663079784,41.90221113902588,3.0022111390258814,7.717766424231058
1533,4.95,1.713380298886983,4.547682643695082,0.40231735630491805,8.127623359695315
5326,26.5,3.3120071731466885,26.440147361125955,0.05985263887404457,0.2258590146190361
2764,22.5,3.035026227899093,19.801523472579667,2.6984765274203326,11.993229010757034
6702,12.99,3.0051515395933155,19.18927533875753,6.199275338757529,47.723443716378206
496,10.89,2.622612393606179,12.771653612801167,1.8816536128011663,17.2787292268243
2691,29.5,3.188233947762911,23.245570666265582,6.254429333734418,21.201455368591247
7213,26.25,3.3417835727077816,27.26950248071246,1.019502480712461,3.883818974142709
5400,13.99,2.6161306561658115,12.682678039625355,1.3073219603746455,9.344688780376307
5931,44.99,3.462324665975895,30.891026394697935,14.098973605302067,31.338016459884564
828,4.8,1.4881392159333338,3.428846719357236,1.3711532806427638,28.565693346724245
3552,1.55,1.4682776918526939,3.3417508649097147,1.7917508649097147,115.59682999417514
61,6.9,2.296785650029482,8.942173413425671,2.0421734134256706,29.596716136603916
1429,10.0,2.249169923877857,8.479863561133428,1.5201364388665723,15.201364388665722
2970,3.2,1.4928305815530036,3.4496728719425995,0.24967287194259935,7.80227724820623
3955,29.9,3.2364943172776997,24.444365339308142,5.455634660691857,18.24626976820019
4121,14.5,2.651406034179228,13.173953704831561,1.3260462951684389,9.145146863230613
3550,16.4,2.752891985650334,14.687935628444729,1.71206437155527,10.439416899727256
5189,4.6,1.3394484168863057,2.8169375663119154,1.7830624336880843,38.762226819306186
465,5.95,1.9726327598575304,6.189580030881406,0.239580030881406,4.026555140863966
5636,7.5,2.7152977262413778,14.109107780189252,6.609107780189252,88.12143706919002
6951,12.9,3.0492524014145572,20.099564520170482,7.199564520170481,55.81057767574017
4230,8.2,2.040755730939383,6.696423426912579,1.50357657308742,18.336299671797807
6145,42.45,4.208027388783965,66.22380250680274,23.77380250680274,56.004246187992315
1902,8.9,2.167869477862871,7.739644186070995,1.160355813929005,13.037705774483202
185,4.7,1.713380298886983,4.547682643695082,0.15231735630491805,3.240794814998256
2662,4.8,1.725737993705618,4.616664563648649,0.18333543635135108,3.819488257319814
932,2.0,1.590821391819972,3.9077784822783173,1.9077784822783173,95.38892411391586
6485,20.95,3.186108091731627,23.194082820896682,2.2440828208966828,10.711612510246695
5510,12.99,3.0706511518089012,20.55593429175695,7.565934291756951,58.24429785802118
1487,18.99,2.296785650029482,8.942173413425671,10.047826586574327,52.91114579554675
1084,17.0,2.5815088000066226,12.217065030852488,4.782934969147512,28.134911583220656
7123,11.999,2.7532858693542144,14.69411606774355,2.69511606774355,22.46117232889032
5735,99.69,4.260842857722629,69.86969135476801,29.82030864523199,29.91303906633764
2939,12.5,2.4900498425820357,11.061877300571267,1.4381226994287335,11.504981595429868
1940,7.5,2.090787970760969,7.09128835167234,0.40871164832766027,5.449488644368803
5481,17.86,2.778081643404983,15.088128558670011,2.7718714413299885,15.519996871948424
3268,2.2,1.2797827266329223,2.5958583564343667,0.3958583564343665,17.993561656107566
1703,22.5,3.382368268632597,28.440411420160117,5.9404114201601175,26.40182853404497
6381,19.8,3.1368219282341014,22.03055766441845,2.2305576644184484,11.265442749588123
3244,1.5,1.19817658406362,2.3140684847139688,0.8140684847139688,54.27123231426458
4438,1.5,1.1936775282033154,2.2991917960967885,0.7991917960967885,53.27945307311923
5549,17.5,2.782930584147155,15.166328380633892,2.3336716193661076,13.335266396377756
4063,8.0,2.213174486418556,8.144700090762877,0.1447000907628766,1.8087511345359575
5269,5.299999,1.9206756809790153,5.825568818574359,0.5255698185743594,9.916413542235752
7091,24.299,3.513550837459732,32.56724826131008,8.268248261310077,34.02711330223498
2718,22.0,2.9394385951656705,17.905229845036754,4.094770154963246,18.612591613469302
1740,7.8,2.2286692925842964,8.287498909094204,0.4874989090942039,6.249986014028256
5023,17.5,2.771878368471511,14.988638375571801,2.511361624428199,14.350637853875423
3994,7.0,2.1960745896203036,7.989656059399035,0.9896560593990351,14.1379437057005
101,12.6,2.6330220406602716,12.91576041544736,0.315760415447361,2.506035043233024
4505,15.0,2.780320729483629,15.124191622442357,0.12419162244235693,0.8279441496157129
736,8.2,2.4869931457723355,11.025064090781436,2.825064090781437,34.452001107090695
7111,48.49,3.925910370831346,49.69921213999597,1.2092121399959694,2.4937350793895017
538,25.5,2.867520089841337,16.593334167860252,8.906665832139748,34.928101302508814
4520,9.0,1.9304213442330498,5.892413708626714,3.107586291373286,34.52873657081429
5153,8.5,2.11697731090152,7.305993070248601,1.1940069297513993,14.047140350016463
733,10.8,2.70384693878575,13.937083385401838,3.137083385401837,29.047068383350343
5218,4.4,2.0973853755013794,7.144846333378421,2.7448463333784208,62.38287121314592
79,3.7,1.3153395181160839,2.7260158203936826,0.9739841796063176,26.323896746116688
5808,17.79,2.75697318482595,14.752092046909643,3.0379079530903557,17.076492147781654
3113,5.5,1.9016233741632607,5.696756965159109,0.1967569651591088,3.5773993665292507
5278,5.3,1.5333565752398868,3.6337041249764654,1.6662958750235344,31.4395448117648
3082,5.9,1.8533517173422789,5.38117160306958,0.5188283969304202,8.793701642888477
4939,11.5,2.2815296107260767,8.791646367875952,2.708353632124048,23.550901148904764
132,8.9,2.0285027309328303,6.602694553227444,2.2973054467725564,25.81242075025344
737,12.2,2.1006905828110654,7.171811276831905,5.028188723168094,41.21466166531225
1041,9.0,2.4292357242282314,10.350204078248993,1.3502040782489928,15.00226753609992
2095,13.5,2.6908098470449002,13.743611156858828,0.24361115685882773,1.8045270878431683
7199,21.99,3.118567816111986,21.613969077613405,0.37603092238659386,1.7100087420945604
6848,42.499,3.43196860794965,29.937486623269567,12.561513376730435,29.55719752636635
1634,9.3,2.7665313695148415,14.903375296797687,5.603375296797687,60.25134727739447
6425,20.34,3.0766575400307556,20.685797214745005,0.345797214745005,1.7000846349311947
5527,23.9,3.408917625354458,29.232503648372603,5.3325036483726045,22.31173074632889
6243,47.499,3.3207730199340917,26.681740827369396,20.817259172630607,43.826731452516064
6607,41.0,3.758638720183403,41.890000928766405,0.8900009287664048,2.170733972600987
3308,17.2,2.675263593829607,13.51617570967745,3.6838242903225495,21.41758308327064
4726,5.0,2.1862865048506848,7.902093776449943,2.9020937764499433,58.041875528998865
5241,1.8,1.4788026978415798,3.3876891450320024,1.5876891450320023,88.2049525017779
5112,14.499,2.373619523974396,9.736181909588183,4.762818090411818,32.84928678123883
2647,7.5,2.118513493549749,7.3187623981782775,0.18123760182172255,2.4165013576229675
3139,6.2,1.9983289596708333,6.376718998961477,0.17671899896147725,2.8503064348625364
5239,6.6,2.1240139418674735,7.36464539365735,0.7646453936573501,11.585536267535607
319,9.0,2.1523993360447755,7.605481087858667,1.3945189121413328,15.494654579348143
5857,4.845,2.487933262532211,11.036374370730606,6.191374370730606,127.78894470032212
6898,38.8,3.7305607957094464,40.70248818415599,1.9024881841559917,4.903320062257712
842,7.5,1.884384738329814,5.582303356947113,1.9176966430528868,25.56928857403849
1894,5.5,1.5690910146712458,3.8022810062419516,1.6977189937580484,30.867618068328152
177,7.5,2.548492297227645,11.787809025818285,4.2878090258182855,57.17078701091047
5163,3.8,1.2084197987200798,2.3481896564904634,1.4518103435095364,38.20553535551412
4671,7.3,1.9694038370170752,6.166402870474696,1.1335971295253042,15.528727801716496
3832,22.9,2.693717779120826,13.786546973620537,9.113453026379462,39.79673810646053
3961,3.95,1.5702596626307743,3.8078964627477694,0.1421035372522308,3.5975579051197664
1509,4.0,1.2897644188488988,2.631930840513448,1.3680691594865522,34.201728987163804
6654,19.49,2.692461786989887,13.767986845105497,5.722013154894501,29.358712954820433
2177,11.4,2.1516441460359332,7.598984767806579,3.8010152321934214,33.34223887888966
3671,1.4,1.1615440935614407,2.1948626362665045,0.7948626362665046,56.77590259046461
1755,6.9,1.7624155285730096,4.826494473811086,2.0735055261889146,30.050804727375574
2245,4.0,1.8763589091654231,5.529686344710494,1.5296863447104938,38.24215861776234
3193,4.799,1.8770910074266043,5.534468467007635,0.7354684670076344,15.325452531936534
1038,13.5,2.4438852691528763,10.517703300929272,2.9822966990707283,22.091086659783173
6559,8.1,1.8934120824210425,5.641993088780007,2.458006911219993,30.345764336049296
3450,7.29,1.9960737609559818,6.36010177636754,0.9298982236324598,12.75580553679643
5444,41.29,3.4724482105098167,31.215516343555322,10.074483656444677,24.399330725223244
3433,17.49,2.71198765520037,14.059178240819797,3.4308217591802013,19.615904855232714
3002,15.9,2.775180446194541,15.041521365993901,0.858478634006099,5.399236691862258
2516,1.5,1.1396891486007972,2.1257965559168155,0.6257965559168155,41.719770394454365
3698,5.35,1.6730297339280447,4.328286657787213,1.0217133422127862,19.097445648837127
2045,4.99,1.8809227633583663,5.559554987334449,0.569554987334449,11.413927601892764
4239,9.49,1.9118212944370447,5.76539936877651,3.72460063122349,39.24763573470484
4710,4.99,1.8980628971894382,5.672955713234115,0.6829557132341151,13.686487239160622
1728,31.5,3.347261644084001,27.424789782194715,4.075210217805285,12.937175294619955
3319,9.19,2.5024298953509962,11.212132140396701,2.0221321403967014,22.00361415012733
5372,2.899,1.7088960822729724,4.522861326688668,1.623861326688668,56.01453351806375
2771,27.5,2.9694529818315756,18.481260077615545,9.018739922384455,32.79541789957984
4552,1.5,1.2672861004934957,2.5512018677747537,1.0512018677747537,70.08012451831691
3379,5.0,2.4016178659545755,10.041024836730667,5.041024836730667,100.82049673461336
3857,6.7,2.119620181281902,7.327973766585103,0.6279737665851028,9.372742784852282
5435,23.49,3.41255770082559,29.342752779177566,5.8527527791775675,24.91593350011736
4104,3.2,1.4647871197231437,3.3266220897485415,0.12662208974854128,3.9569403046419147
6784,28.799,2.8967941520387277,17.11597511487877,11.683024885121231,40.56746722150502
2412,21.49,2.631967404416004,12.901092086382006,8.588907913617993,39.96699820203813
6248,27.89,3.5754929506544575,34.71222083996291,6.82222083996291,24.461171889433164
3045,11.5,2.37448478431879,9.745475522162135,1.7545244778378652,15.25673458989448
1918,14.9,2.6393713626470916,13.004397152835145,1.8956028471648558,12.722166759495677
3824,4.0,1.9980695667619823,6.374805778511196,2.3748057785111962,59.370144462779905
1550,13.5,2.6645846376940403,13.361982880591148,0.1380171194088522,1.0223490326581643
1934,7.9,2.119629980056952,7.328055370926471,0.5719446290735295,7.239805431310499
7148,19.199,2.8916559851707824,17.02313094045639,2.1758690595436114,11.333241624790933
3370,8.99,2.174526483900204,7.798018132465087,1.1919818675349134,13.258975167240417
2481,10.7,2.4585486034768653,10.687835539641783,0.012164460358215834,0.11368654540388631
6017,21.999,2.8960683033914463,17.10283042995045,4.896169570049548,22.256327878765163
5643,21.1,2.9539807719128586,18.182161754951384,2.9178382450486176,13.828617275111931
3889,2.9,1.8701649325007668,5.489366618492101,2.5893666184921007,89.2885040859345
3664,26.0,3.0906442578516256,20.991241442777607,5.008758557222393,19.264455989316893
1600,14.8,2.7665313695148415,14.903375296797687,0.10337529679768664,0.6984817351195044
2275,23.49,2.79668911972609,15.390290547619323,8.099709452380676,34.48152172150139
4024,8.2,2.0103135105454357,6.46565754283033,1.734342457169669,21.15051777036182
2312,8.0,2.196253283505084,7.991262599498297,0.008737400501702908,0.10921750627128635
3935,6.9,1.897166948295717,5.666979763417559,1.2330202365824414,17.869858501194802
4352,1.0,1.5214666595213007,3.5789360127974854,2.5789360127974854,257.89360127974857
1672,1.3,1.8597041084314299,5.421836323056945,4.121836323056945,317.0643325428419
3792,15.9,2.9148425077319553,17.445907086227333,1.5459070862273325,9.722686076901462
1034,4.6,1.8763589091654231,5.529686344710494,0.9296863447104942,20.2105727110977
3439,10.5,2.373449000277327,9.734351292242808,0.7656487077571921,7.291892454830401
3221,8.9,2.452431771316753,10.616561220086846,1.7165612200868452,19.28720472007691
2955,5.5,1.755373165558249,4.785606328191975,0.7143936718080246,12.988975851054994
4490,2.0,0.9786367175684796,1.6608263104183658,0.3391736895816342,16.95868447908171
7244,46.49,3.689994177593464,39.04461380058683,7.445386199413171,16.015027316440463
6285,16.09,3.1314922280112434,21.908138215368382,5.818138215368382,36.159964048280806
2268,16.49,2.9211741723574134,17.563070913214712,1.073070913214714,6.50740396127783
1699,2.6,1.297923216929212,2.6616842418327846,0.06168424183278454,2.372470839722482
3519,10.5,2.2518731487366943,8.505524431895903,1.9944755681040967,18.995005410515205
87,8.5,2.298258454973936,8.956827083937936,0.45682708393793625,5.3744362816227795
7113,22.59,3.115527594050997,21.545321994001252,1.0446780059987475,4.624515298799237
676,5.3,1.878595100909513,5.544304313605216,0.2443043136052161,4.609515351041813
4407,24.99,2.7177154416893217,14.145681498079924,10.844318501920075,43.39463186042447
3317,4.9,1.8770910074266043,5.534468467007635,0.6344684670076344,12.948336061380292
6902,67.0,4.19641385322569,65.44761236591106,1.5523876340889444,2.3169964687894695
2569,4.1,1.829948662753848,5.233566636165448,1.1335666361654484,27.647966735742646
393,2.999,1.4653570405429832,3.329088624555073,0.33008862455507293,11.006623026177822
1149,5.6,1.7143583733377565,4.5531113447540115,1.0468886552459882,18.69444027224979
1168,5.9,1.9162573588431446,5.795477781672569,0.10452221832743103,1.7715630224988308
2208,3.4,1.48560854791885,3.4176529484565012,0.01765294845650134,0.5192043663676865
230,18.5,2.9190730987174476,17.52410947899632,0.9758905210036808,5.275083897317193
2802,4.999999,1.8770910074266043,5.534468467007635,0.5344694670076349,10.689391478030993
1543,4.4,1.7222556999891367,4.597139703310775,0.1971397033107749,4.480447802517611
2345,28.5,3.2337051763139653,24.373496295463344,4.126503704536656,14.478960366795285
3599,6.0,1.9744781460928023,6.20285983232053,0.20285983232052995,3.3809972053421657
2892,2.2,1.4409829217982233,3.224846470468462,1.0248464704684617,46.58393047583916
4691,25.9,3.271332396801849,25.346419853048925,0.5535801469510737,2.1373750847531805
2942,16.0,3.1194919498823603,21.634877069522933,5.634877069522933,35.21798168451833
5121,24.49,2.8824876548794727,16.858644110110415,7.6313558898895835,31.161110207797403
7189,54.99,3.908844377452154,48.8413209256763,6.148679074323702,11.181449489586656
970,3.2,1.218227372994944,2.381188831652154,0.8188111683478461,25.58784901087019
3718,5.6,1.7920181312584207,5.0015521729176395,0.5984478270823601,10.68656834075643
5329,7.0,2.039495739224458,6.686732103935589,0.31326789606441086,4.475255658063012
169,10.5,2.7153602049470598,14.110051807177854,3.610051807177854,34.381445782646225
1056,9.0,1.8738144393643896,5.513092874740401,3.4869071252595987,38.743412502884425
5968,24.1145,2.940956571463024,17.933949328070053,6.180550671929947,25.630017922536013
251,3.7,1.8223325365811363,5.186271338251466,1.4862713382514654,40.169495628417984
5889,51.0,3.276897251302459,25.49344254668076,25.50655745331924,50.012857751606354
2705,10.5,1.997970536833177,6.374075488180894,4.125924511819106,39.294519160181956
1729,4.3,1.7599329299886148,4.812047567233373,0.5120475672333731,11.908082958915653
2533,8.6,1.879743146044905,5.551821784709368,3.0481782152906316,35.44393273593758
95,7.5,1.3429558482062154,2.83034871827661,4.6696512817233895,62.26201708964519
5646,17.5,3.2589873692211566,25.023171930798597,7.523171930798597,42.9895538902777
5174,23.49,2.4935239647604464,11.103854610946424,12.386145389053574,52.72943971500032
3692,2.8,1.7525042824677435,4.769031886464487,1.969031886464487,70.32256737373169
1172,6.69,1.9548572429167668,6.062910671201634,0.6270893287983661,9.373532567987535
1383,11.9,2.6434212142001563,13.061227882729362,1.1612278827293618,9.75821750192741
5263,7.2,2.3225780505495144,9.201941553407067,2.0019415534070673,27.80474379732038
711,13.7,2.7665313695148415,14.903375296797687,1.203375296797688,8.783761290494073
2354,7.9,2.1960745896203036,7.989656059399035,0.08965605939903476,1.134886827835883
2215,7.0,2.1006905828110654,7.171811276831905,0.1718112768319049,2.4544468118843557
3779,7.49,2.1476030671693067,7.56430570978452,0.07430570978451989,0.992065551195192
5242,5.5,2.4894779759523264,11.054981487382076,5.554981487382076,100.99966340694684
69,5.5,1.961627178781474,6.11088834310197,0.61088834310197,11.107060783672184
263,6.5,2.253185070170895,8.51800311687878,2.0180031168787806,31.046201798135087
408,16.0,2.291037019205763,8.885183492837808,7.1148165071621925,44.467603169763706
7137,54.99,3.9689855208257683,51.93080639235697,3.0591936076430315,5.563181683293383
6024,24.39,3.077543502817405,20.705018537507147,3.6849814624928534,15.108575081971518
3217,1.79,1.7936610486198115,5.011420331242477,3.221420331242477,179.96761627052945
5196,11.6,2.6543761967334842,13.216115233673236,1.616115233673236,13.932027876493414
37,13.8,2.631967404416004,12.901092086382006,0.8989079136179949,6.513825460999962
3504,6.99,1.9410988456691598,5.966401766756372,1.0235982332436286,14.643751548549766
1862,31.0,2.8999282361609,17.17284116979673,13.82715883020327,44.60373816194603
4602,13.3,2.6645846376940403,13.361982880591148,0.061982880591147094,0.46603669617403826
6222,20.66,2.9630004919950483,18.355962121583385,2.304037878416615,11.152167852936183
6474,9.29,2.4146703301820924,10.186082035994056,0.8960820359940573,9.64566238960234
2333,28.5,3.474341539486989,31.27656869201555,2.7765686920155517,9.742346287773866
1575,6.8,2.293008385923412,8.904690035530624,2.1046900355306244,30.95132405192095
6763,35.89,3.580695405958064,34.898496197148546,0.9915038028514545,2.762618564646014
5733,20.0,3.5134182064043284,32.5627964969738,12.562796496973803,62.813982484869015
3295,11.0,2.4615121582072406,10.722524455805532,0.27747554419446807,2.522504947222437
3985,19.5,2.7704849236447076,14.966374605409847,4.533625394590153,23.249360997898222
5958,89.09,4.558501116068456,94.44031860586001,5.350318605860011,6.00552094046471
3641,13.8,2.444792509017596,10.528157361967303,3.271842638032698,23.709004623425347
1163,5.39,1.8770910074266043,5.534468467007635,0.14446846700763505,2.680305510345734
3781,8.5,2.363325272654803,9.626227873039738,1.1262278730397384,13.249739682820453
1554,23.99,3.1493840752081477,22.32169574573821,1.6683042542617876,6.954165294963683
19,10.0,1.7859738800044755,4.965386690405028,5.034613309594972,50.34613309594972
3257,7.1,2.563244380580465,11.977854184962117,4.877854184962118,68.70217161918475
3279,6.699999,2.1523993360447755,7.605481087858667,0.9054820878586671,13.51466004485474
982,1.7,1.2560262427585718,2.511440115886976,0.811440115886976,47.731771522763296
6602,12.15,2.624768432126451,12.801377860275045,0.6513778602750442,5.3611346524695
239,4.8,1.7891719998768498,4.984495251573798,0.1844952515737983,3.8436510744541317
7053,20.99,3.2657073874783,25.198637025288242,4.208637025288244,20.05067663310264
2509,22.05,2.97968512623924,18.681618443770947,3.3683815562290533,15.276106830970763
3800,7.3,1.6687398101393716,4.305477673483598,2.9945223265164023,41.02085378789592
6775,25.99,3.483652203997254,31.578488349894833,5.588488349894835,21.502456136571123
1322,2.5,1.512565082222083,3.538357135885172,1.038357135885172,41.53428543540688
3842,10.9,2.68712722110245,13.689415803782346,2.7894158037823455,25.590970676902252
3166,10.9,2.1971635795375657,7.999451036555067,2.9005489634449333,26.610540949036082
4381,12.0,2.5211783861090216,11.44325098176729,0.5567490182327095,4.639575151939246
5635,15.999,3.200878006457755,23.55407937582217,7.555079375822169,47.222197486231444
5514,28.49,3.249691561728094,24.78238641596228,3.70761358403772,13.013736693709092
1965,4.5,1.7889916191564255,4.983415861362461,0.4834158613624613,10.742574696943583
2486,4.686,2.3514669559336085,9.500962881233212,4.814962881233212,102.75208880139164
4706,3.0,1.7274419195626427,4.626243101870861,1.6262431018708607,54.20810339569536
2676,6.2,1.788449978619773,4.980175878316587,1.2198241216834136,19.674582607796992
1726,6.799999,2.2740284535116935,8.71847247662216,1.918473476622161,28.212849393391988
332,4.0,1.5738183273928452,3.825036634443223,0.17496336555677683,4.374084138919421
4728,4.99,1.8770910074266043,5.534468467007635,0.5444684670076345,10.911191723599888
3544,4.75,2.2189791568204473,8.197936420909313,3.447936420909313,72.58813517703817
6459,13.19,2.408686458432685,10.11934582530883,3.0706541746911693,23.28016811744632
1562,25.0,3.323110764856554,26.74652937647829,1.7465293764782892,6.986117505913157
3989,4.5,1.7610219199058772,4.818380275934873,0.3183802759348726,7.07511724299717
1320,29.5,3.4184860830765693,29.52317048033936,0.023170480339359756,0.07854400115037205
6674,35.99,3.64059795459778,37.114620725526805,1.1246207255268033,3.1248144638144018
2036,10.799,2.586852893846441,12.287887338640619,1.4888873386406196,13.78727047542013
3774,5.5,1.749221223430507,4.750122870884961,0.7498771291150392,13.634129620273441
3121,8.2,2.186577560853528,7.904685161382227,0.29531483861777197,3.601400470948439
2650,3.6,1.888924952268387,5.612256367481084,2.012256367481084,55.89601020780789
4595,3.95,1.5349776956323757,3.6412220092775627,0.3087779907224375,7.8171643220870255
2471,3.55,1.3219893390466047,2.750875723727426,0.7991242762725737,22.510542993593624
4397,10.8,2.101292316561772,7.176730011217408,3.6232699887825923,33.54879619243141
6418,5.8,2.007928106579786,6.447870157205993,0.6478701572059933,11.170175124241263
1888,13.8,2.854454132026106,16.364955646895787,2.564955646895786,18.586635122433233
5537,25.99,3.055061860716432,20.222498325257174,5.7675016747428245,22.191233838948925
7214,57.99,3.938209169158338,50.32660168594389,7.66339831405611,13.21503416805675
2519,29.5,3.3750544844911574,28.225876094844004,1.2741239051559958,4.319064085274562
1142,13.89,2.7006302094002375,13.889112027145735,0.0008879728542652288,0.0063928931192601055
308,11.3,2.045763945575918,6.735065450373028,4.564934549626972,40.39765088165462
5255,1.99,1.1915048415478806,2.2920314674996187,0.30203146749961873,15.1774606783728
381,4.5,2.1569505234087436,7.644735503990564,3.144735503990564,69.8830111997903
4118,7.5,2.0799414610024303,7.004000354424678,0.4959996455753224,6.613328607670965
3617,7.2,1.9118212944370447,5.76539936877651,1.43460063122349,19.925008766992917
1400,9.8,2.042535358033626,6.710132385370724,3.0898676146292763,31.529261373768126
7075,23.5,3.0927675457237793,21.037984786252533,2.462015213747467,10.476660484031775
6806,14.4,2.797290216640148,15.400145662330793,1.0001456623307927,6.945455988408282
2465,4.3,1.339394736322115,2.8167326764492264,1.4832673235507734,34.49458891978543
994,10.5,2.4985988022703784,11.165435831521478,0.6654358315214779,6.337484109728361
683,4.7,1.9329091658722288,5.909582151754381,1.2095821517543808,25.735790462859164
3428,7.9,2.1790598455694146,7.837993273054897,0.06200672694510345,0.7848952777861197
2906,11.9,2.45199209108507,10.611454770442982,1.288545229557018,10.828111172748049
2984,12.8,2.3123201286388277,9.097825752456238,3.7021742475437627,28.923236308935646
457,2.7,1.62275755884438,4.067043740309318,1.3670437403093176,50.63124964108584
4028,4.8,1.6709824078995335,4.317389077082143,0.482610922917857,10.054394227455354
3622,3.8,1.9803110849141488,6.244996443731062,2.4449964437310623,64.34201167713323
756,2.95,1.5884875150640196,3.8963376880501714,0.9463376880501713,32.079243662717666
5845,21.99,3.293619613115229,25.940200491809357,3.9502004918093583,17.96362206370786
4100,1.5,1.1887671217379097,2.2830311335538074,0.7830311335538074,52.202075570253825
1046,11.89,2.188450218893956,7.921376215087383,3.9686237849126176,33.37782830035843
1024,4.49,1.1753738816813295,2.2393538525203693,2.250646147479631,50.12574938707418
2344,13.4,2.6563316770616296,13.243941765606067,0.1560582343939334,1.1646136895069656
2997,3.2,2.2113129474188113,8.127692709765801,4.927692709765801,153.99039718018128
4591,3.55,1.672573818383026,4.325857962753592,0.7758579627535918,21.85515388038287
4974,26.9,2.9369595777366424,17.858421494081878,9.041578505918121,33.611816007130564
1515,28.2,3.4438980717298557,30.30876441879957,2.10876441879957,7.477888009927554
5186,24.19,3.0106174524280602,19.299930297640135,4.890069702359867,20.21525300686179
1737,4.3,1.901192760337171,5.693873869814858,1.3938738698148585,32.41567139104322
6156,22.85,3.237126370571635,24.46045261770604,1.6104526177060379,7.047932681426861
1869,5.6,1.9648540070074156,6.133871018950474,0.5338710189504745,9.533411052687045
6526,22.99,3.11474394138772,21.527661213238964,1.462338786761034,6.360760272992754
1042,3.5,0.8228309671869076,1.2769366549809096,2.2230633450190904,63.516095571974006
3442,6.5,1.8621607103829159,5.437631612125693,1.062368387874307,16.34412904422011
50,7.5,2.252237779593038,8.508991071392957,1.0089910713929573,13.453214285239431
786,6.5,1.8900464542844446,5.619676186221041,0.8803238137789586,13.543443288907056
245,18.5,2.9740869081597663,18.571744288262583,0.0717442882625825,0.38780696358152705
5303,4.25,2.3186173581373986,9.16161471472715,4.9116147147271505,115.56740505240354
3076,14.0,2.494612641448334,11.117038970745329,2.8829610292546715,20.59257878039051
5462,37.19,3.2744482471059637,25.428639378708233,11.761360621291765,31.625062170722686
7234,54.95,3.783586782869617,42.97348254769971,11.976517452300293,21.795300186169776
625,7.5,2.3144562802624056,9.11941929466087,1.6194192946608705,21.59225726214494
6414,26.59,2.8714166823797065,16.662021959762793,9.927978040237207,37.33726227994437
2272,5.7,1.689236262530859,4.415343224828892,1.2846567751711078,22.537838160896627
4812,12.99,2.6258994785849015,12.816996690972164,0.17300330902783578,1.331819161107281
7182,57.28,3.4342334948302673,30.007635940989424,27.272364059010577,47.612367421457016
4894,6.9,2.039495739224458,6.686732103935589,0.2132678960644112,3.0908390733972637
6403,5.3,1.989154639651698,6.30935211336883,1.0093521133688306,19.044379497525103
1025,12.5,2.3514669559336085,9.500962881233212,2.999037118766788,23.992296950134303
5457,53.99,3.7330359052731463,40.80583425515542,13.184165744844584,24.41964390599108
2926,7.5,2.3338967461471247,9.318070196942696,1.8180701969426956,24.24093595923594
321,31.8,3.4868891177704833,31.684112964205575,0.11588703579442594,0.36442464086297466
3326,17.0,3.1368928357149617,22.03219076114394,5.032190761143941,29.601122124376122
3105,11.9,2.675958966405286,13.526273370581047,1.6262733705810462,13.666162777991984
1893,4.5,1.4403876001050064,3.22233207622506,1.2776679237749402,28.392620528332003
4920,6.8,1.9022817502544331,5.701167401536982,1.0988325984630176,16.15930291857379
2138,11.49,2.330225021113059,9.280254547115907,2.2097454528840927,19.23190124355172
5476,40.49,2.974607248539238,18.58193090713718,21.90806909286282,54.10735760153821
3475,1.55,1.135666840482302,2.1132488912572467,0.5632488912572466,36.33863814562881
4098,11.0,2.6315142401602922,12.894794035466655,1.8947940354666546,17.225400322424132
7001,45.499,3.5581412152114664,34.09789703736199,11.401102962638014,25.05791987216865
5321,14.799,3.0400117170209358,19.905488183700438,5.1064881837004386,34.50563000000296
5339,2.7,1.3194754785025953,2.74145838713491,0.0414583871349099,1.5354958198114779
4296,24.5,3.1058561855601576,21.328327985682915,3.1716720143170853,12.945600058437082
3767,5.9,1.884384738329814,5.582303356947113,0.31769664305288714,5.384688865303171
2126,16.3,3.03253161971457,19.74969649275535,3.4496964927553506,21.163782164143257
4279,5.9,1.6264334313216309,4.085703821964329,1.8142961780356712,30.750782678570697
233,3.8,1.8738144393643896,5.513092874740401,1.7130928747404015,45.08139144053688
65,15.0,2.546654971370191,11.76433522474931,3.23566477525069,21.57109850167127
5856,20.709,3.3983964697847275,28.916090210496957,8.207090210496958,39.630548121574954
1595,14.5,2.7679571083332317,14.926065527629614,0.42606552762961414,2.938382949169753
5133,9.8,2.7704849236447076,14.966374605409847,5.166374605409846,52.71810821846782
2656,20.9,3.1449522228932967,22.218566130872446,1.3185661308724477,6.3089288558490315
3218,32.99,3.620089109665596,36.34089510848093,3.350895108480927,10.157305572843063
509,5.0,1.7800609011049982,4.9302175643964965,0.0697824356035035,1.39564871207007
6253,15.5,2.959021196668007,18.279092077700852,2.7790920777008523,17.929626307747434
6481,18.99,3.305875624705569,26.272411534038728,7.282411534038729,38.34866526613339
576,26.7,2.6486177148197734,13.134487243435613,13.565512756564386,50.807163882263616
217,4.999999,1.699230595873002,4.469737333838682,0.5302616661613175,10.60523544427344
5697,15.59,3.0824083633383124,20.810867687210877,5.220867687210877,33.48856758955021
7082,11.9,2.705328000327174,13.959222515805374,2.0592225158053736,17.304390889120786
3757,4.0,1.732432163136468,4.65438959587528,0.6543895958752799,16.359739896881997
3954,9.2,2.662667983235174,13.334482285053198,4.134482285053199,44.94002483753478
6731,24.5,3.2372946105609146,24.46473644432686,0.03526355567313999,0.14393288029853057
6889,39.9,3.0534650139318837,20.18863629048253,19.711363709517467,49.401914058941024
2115,10.5,2.0247105621175514,6.573918448438869,3.926081551561131,37.391252872010774
3467,2.0,1.5212432999312595,3.577913377738768,1.577913377738768,78.8956688869384
4871,17.5,3.0247326919195134,19.588500503019585,2.088500503019585,11.934288588683343
6130,20.5,3.5342756695632764,33.27018278558999,12.770182785589988,62.2935745638536
3478,9.0,2.3514669559336085,9.500962881233212,0.5009628812332121,5.566254235924579
4487,4.499999,2.0434913830254184,6.717506989212268,2.217507989212268,49.27796626648735
3933,29.99,3.33978880665704,27.21316764298359,2.77683235701641,9.259194254806303
3347,7.6,1.9980695667619823,6.374805778511196,1.2251942214888034,16.12097659853689
1261,6.5,1.867693291355708,5.473347038434377,1.026652961565623,15.79466094716343
4382,9.5,2.238595101570457,8.380143876724224,1.1198561232757758,11.787959192376588
3163,9.65,2.4374573637242194,10.443906028395876,0.7939060283958757,8.227005475604928
1412,4.0,1.510271265569667,3.5279589070867257,0.47204109291327434,11.801027322831859
1281,14.0,1.8455859706048796,5.331808957489299,8.668191042510701,61.915650303647865
4588,6.0,2.156495583643662,7.64080356451681,1.6408035645168102,27.34672607528017
2917,6.2,1.8685497933534219,5.478893848192417,0.7211061518075832,11.630744383993278
1565,13.6,2.778439765697213,15.093891107934219,1.4938911079342194,10.98449344069279
6580,22.562,2.7524678473883295,14.681283185570345,7.880716814429656,34.929158826476616
4002,7.6,1.9945964839765407,6.34923689464271,1.25076310535729,16.457409281016975
6500,7.899,2.6880211228190127,13.702552568398115,5.803552568398115,73.47199099124086
6365,25.4,3.3061658129104123,26.280326814588523,0.8803268145885248,3.465853600742224
6900,21.699,3.0362129260843944,19.826223255431195,1.8727767445688066,8.630705307013256
3007,5.0,2.15226165243939,7.604296335758754,2.604296335758754,52.08592671517508
1315,9.2,2.4288247348004077,10.345540222832474,1.1455402228324747,12.451524161222553
3885,2.3,1.578038367829635,3.8454415085644307,1.5454415085644309,67.19310906801874
3745,12.4,2.4585486034768653,10.687835539641783,1.712164460358217,13.807777906114652
6498,18.006229,3.6294735353555945,36.69296737801163,18.68673837801163,103.77929980792551
1702,40.99,3.42604992215309,29.754918176208626,11.235081823791376,27.409323795538853
1839,6.2,2.1433252429421876,7.527747366165556,1.327747366165556,21.415280099444452
503,10.5,1.8767650364364454,5.532338766980354,4.967661233019646,47.31105936209187
7023,38.9,3.709689763285642,39.841134142105474,0.9411341421054757,2.419367974564205
5818,9.79,2.3673519335530253,9.669102351874894,0.12089764812510495,1.2349095824831968
4694,11.0,1.5466728473312985,3.6958204509592107,7.304179549040789,66.40163226400718
1721,36.0,3.8438073487952478,45.702950791643104,9.702950791643104,26.95264108789751
7187,50.999,4.386621759402802,79.3684558803434,28.369455880343402,55.627474813904975
4618,14.99,2.7006302094002375,13.889112027145735,1.1008879728542649,7.3441492518630085
1803,18.8,2.9369595777366424,17.858421494081878,0.9415785059181232,5.008396308075123
1385,4.2,1.833470961840347,5.255561836329919,1.055561836329919,25.13242467452188
1373,1.2,1.1579866992180403,2.1835174416264294,0.9835174416264294,81.95978680220244
5834,26.9,3.4018468370808836,29.01948999081686,2.119489990816863,7.879144947274584
5654,44.99,4.024405144801067,54.94701850635581,9.957018506355809,22.131625930997572
5670,16.0,2.906742956059288,17.297106929386743,1.297106929386743,8.106918308667144
856,6.9,2.009224520628174,6.4575319421920545,0.44246805780794585,6.412580547941244
2458,13.899999,2.1006905828110654,7.171811276831905,6.728187723168094,48.40423170654973
2726,7.8,2.595366482578955,12.401497877047504,4.601497877047504,58.99356252625005
5886,37.99,3.480589549230168,31.47886432211893,6.511135677881072,17.139077857017824
4252,24.79,3.1449522228932967,22.218566130872446,2.571433869127553,10.372867564048217
3269,8.1,1.9108194906346023,5.758625159744567,2.3413748402554324,28.90586222537571
2505,6.0,2.1022227192694634,7.184341203147646,1.1843412031476461,19.739020052460766
318,1.7,1.1415084258949024,2.1314884225889887,0.4314884225889888,25.381671916999345
6053,30.49,3.4923868951704433,31.864297795997274,1.3742977959972755,4.507372240069779
176,4.7,1.867693291355708,5.473347038434377,0.7733470384343768,16.454192307114397
5683,80.49,4.124223364275991,60.81977915289682,19.670220847103174,24.438092740841316
4967,2.0,1.3381258116673262,2.8118926017498453,0.8118926017498453,40.59463008749227
3100,2.6,1.9532388286911133,6.0514892009248165,3.4514892009248164,132.7495846509545
2840,1.85,1.338889827302506,2.814806060119362,0.9648060601193618,52.1516789253709
6504,14.2,2.9887051633372836,18.859950443806135,4.659950443806135,32.81655242116997
3043,2.7,1.3087349712662188,2.7014882602124155,0.0014882602124153266,0.05512074860797505
3169,12.5,2.2048008505832217,8.068445412400012,4.431554587599988,35.45243670079991
468,4.6,1.9560503848809823,6.071342755649533,1.471342755649533,31.98571207933768
472,28.5,3.004723186715706,19.180629056531462,9.319370943468538,32.699547170065046
91,7.9,1.7415557684001428,4.706214068079432,3.1937859319205684,40.42767002431099
4304,2.7,1.70947714233352,4.526071373350185,1.8260713733501852,67.6322730870439
4149,5.8,1.9467787762765696,6.006083032109956,0.20608303210995604,3.553155726033725
1047,5.6,2.0198609489743786,6.537276794722516,0.937276794722516,16.73708562004493
6571,129.29,4.724595039784083,111.68485624935322,17.605143750646775,13.6167868749685
6768,9.49,2.4148081247809894,10.187623523883348,0.6976235238833475,7.351143560414621
435,5.5,2.1799827269028382,7.8461534569330365,2.3461534569330365,42.657335580600666
6016,151.89,5.01841761602118,150.17190243510817,1.7180975648918206,1.1311459377785378
1335,20.49,2.8016279589023636,15.471439783248261,5.018560216751737,24.492729217919656
1352,8.9,2.1869629306239324,7.908117419160114,0.9918825808398868,11.14474809932457
4074,2.55,1.7130388893437045,4.5457889351809175,1.9957889351809177,78.26623275219285
4868,5.9,1.9541711073353083,6.058066219047015,0.158066219047015,2.679088458423983
6046,25.09,3.164772267338625,22.683349946336016,2.4066500536639843,9.592068767094396
5546,18.99,3.1203237980549234,21.653713684164938,2.6637136841649394,14.026928299973351
4207,8.8,2.186645067763792,7.905286309454942,0.8947136905450588,10.167201028921122
3758,11.5,2.8157295096221313,15.705358055690272,4.205358055690272,36.56833091904584
106,7.7,1.8978990465568981,5.671862434789218,2.0281375652107823,26.33944889884133
5694,19.0,3.228953625540603,24.253218818082384,5.2532188180823844,27.648520095170444
5676,26.99,3.3476590288625907,27.436087605631634,0.44608760563163585,1.652788461028662
4791,4.1,1.703268042901413,4.491865749677203,0.3918657496772031,9.5577012116391
5900,27.9,2.838486827796835,16.089886021519025,11.810113978480974,42.330157628964066
5313,12.9,2.5844926285179546,12.256561382193524,0.6434386178064759,4.987896262065704
3333,10.99,2.521263967844213,11.44431594234767,0.4543159423476695,4.133903024091624
4086,15.0,2.6908098470449002,13.743611156858828,1.2563888431411723,8.375925620941148
1617,12.99,2.5349827947161527,11.616213780630378,1.373786219369622,10.57572147320725
2252,4.0,1.2005442750523747,2.3219244714057616,1.6780755285942384,41.951888214855956
4860,7.8,2.399893829119197,10.022006102421855,2.2220061024218554,28.487257723357125
5584,9.299,2.7144999273415804,14.097058557692616,4.798058557692617,51.597575628482815
3494,15.9,2.8486660911634014,16.26473688895463,0.36473688895462963,2.2939426978278594
1498,6.666,1.8798485340106605,5.552512304264837,1.113487695735163,16.703985834610904
996,6.5,2.188450218893956,7.921376215087383,1.421376215087383,21.867326385959736
5912,15.3205,2.549400792376385,11.79943196717474,3.5210680328252586,22.98272271025919
6638,87.999,4.630968443542329,101.61339128249526,13.614391282495262,15.471074992324073
41,18.0,2.853588495996895,16.349930419769386,1.650069580230614,9.167053223503412
5253,17.2,3.064451812855216,20.422715110702406,3.2227151107024063,18.736715759897713
5689,13.69,2.6628439830829023,13.337005373777734,0.35299462622226585,2.5784852171093195
3282,3.7,2.112724683925626,7.270745779965322,3.570745779965322,96.50664270176546
1539,7.3,1.5584500538388264,3.7514510416020537,3.548548958397946,48.61025970408146
1805,8.9,2.3121651067549385,9.096260489813023,0.1962604898130227,2.2051740428429514
1144,2.9,2.2618731138143624,8.60105620536782,5.70105620536782,196.58814501268344
6198,34.79,3.5601501332335737,34.16847670590565,0.6215232940943523,1.7864998393054103
2615,6.5,2.0197864485692754,6.536715285464527,0.03671528546452674,0.5648505456081037
2114,14.99,2.7701856091246837,14.961596352794174,0.028403647205825777,0.18948397068596248
5792,10.89,2.459300137037558,10.696622641789181,0.19337735821081914,1.7757333169037568
4546,11.0,2.6124059826602775,12.631809324732997,1.6318093247329966,14.834630224845425
3172,1.0,1.6687652333088883,4.3056125572564365,3.3056125572564365,330.56125572564366
167,9.2,2.8545652093830665,16.36688460740271,7.166884607402711,77.90091964568164
2337,11.3,2.4729961890741925,10.85792225670501,0.44207774329499117,3.9121924185397443
6928,39.18,3.339889583836777,27.21601102972194,11.96398897027806,30.535959597442723
3964,5.4,1.3476666771748256,2.848435404172316,2.5515645958276845,47.251196219031186
2445,25.0,3.2410160064995006,24.55967735790502,0.44032264209497995,1.76129056837992
7257,17.99,3.125738164160338,21.77670183468166,3.7867018346816614,21.048926262821908
3341,1.9,1.5719710668145954,3.8161317618221062,1.9161317618221063,100.84904009590035
4103,1.3,1.3661414456256067,2.920195188806446,1.620195188806446,124.63039913895739
3017,18.5,2.675958966405286,13.526273370581047,4.9737266294189535,26.88500880767002
6151,13.09,2.7258544149155393,14.26945480484289,1.1794548048428908,9.010349922405583
4958,8.99,2.439850173078685,10.471321901189807,1.4813219011898067,16.47744050266748
6935,25.4,3.643683416782109,37.23240356024491,11.832403560244913,46.58426598521619
789,3.6,2.006102551726772,6.434286064721453,2.834286064721453,78.7301684644848
4617,19.2,2.6847921496060234,13.655154983939132,5.544845016060867,28.879401125317017
1097,3.5,1.485365420988141,3.416579028608914,0.08342097139108606,2.3834563254596017
3206,15.3,2.6153743742597717,12.67233398979971,2.62766601020029,17.17428764836791
6535,19.99,3.254687205447407,24.911508287628443,4.921508287628445,24.61985136382414
6251,31.49,3.1740009145822485,22.90292686911249,8.587073130887507,27.269206512821555
544,4.0,1.8876655238426698,5.603933945701087,1.6039339457010868,40.09834864252717
6770,19.299,2.9053139350098798,17.27097865181707,2.0280213481829286,10.50842711116083
5924,14.25,2.8651221598868477,16.551197125888272,2.3011971258882724,16.148751760619458
4838,2.4,1.5930844135874511,3.918897468322128,1.5188974683221281,63.287394513422015
6194,19.59,2.8207769970945735,15.789891301977889,3.800108698022111,19.398206728035277
6068,7.39,2.184118141795939,7.8828117180018165,0.4928117180018168,6.668629472284395
4229,16.7,2.7844354127660633,15.190674247828305,1.5093257521716943,9.03787875551913
877,9.5,1.7403814571918448,4.69951712985674,4.80048287014326,50.53139863308695
3908,9.7,2.02601361971354,6.5837941333002155,3.116205866699784,32.12583367731736
3914,12.8,2.268247811771572,8.662455531905554,4.137544468094447,32.32456615698786
5397,10.9,2.2381147514890882,8.375639205845916,2.5243607941540844,23.15927334086316
1078,8.2,1.9016233741632607,5.696756965159109,2.5032430348408905,30.527354083425497
5983,42.7,4.224119091696523,67.31429840213606,24.614298402136058,57.64472693708677
4990,10.5,2.1508970334509545,7.592562757349645,2.9074372426503547,27.689878501431952
511,13.0,2.289341429253579,8.868436477080023,4.131563522919977,31.78125786861521
2375,4.4,1.4959939550880148,3.4637711366271597,0.9362288633728406,21.277928713019104
2877,15.6,2.9369595777366424,17.858421494081878,2.258421494081878,14.477060859499217
2069,1.5,1.2548864284463896,2.5074400063106608,1.0074400063106608,67.16266708737739
4851,3.5,1.3238845827951224,2.7579912882289617,0.7420087117710383,21.20024890774395
3262,11.0,2.1490119098603455,7.576379972658952,3.423620027341048,31.123818430373166
4934,10.89,2.86378405957774,16.527727569401183,5.637727569401182,51.769766477513144
1302,8.9,2.605091229802989,12.53245981007729,3.6324598100772896,40.81415516940775
6045,47.89,3.9484428717401916,50.85455973728439,2.9645597372843895,6.190352343462914
4394,2.5,1.5999971614805504,3.953018365136197,1.453018365136197,58.12073460544788
3689,16.3,2.782353152029091,15.15699611802913,1.1430038819708699,7.012293754422514
3159,8.5,2.1505941849146115,7.589960906298424,0.9100390937015757,10.706342278842067
858,7.99,2.2394751962051553,8.388402924861705,0.3984029248617045,4.986269397518204
4678,19.9,2.886179239222631,16.92469263794499,2.975307362055009,14.951293276658337
7140,24.85,3.3812674100876814,28.4080195244013,3.558019524401299,14.31798601368732
7028,12.5,3.0072322174709307,19.23132644955724,6.7313264495572405,53.850611596457924
7112,25.99,3.5417041203468154,33.52570504400049,7.5357050440004905,28.99463272027892
4357,9.9,2.675958966405286,13.526273370581047,3.626273370581046,36.62902394526309
2890,7.9,2.2294013908454775,8.294300760404234,0.39430076040423323,4.99114886587637
4794,8.8,2.561604494801399,11.956589427093894,3.156589427093893,35.870334398794235
2024,12.0,2.7665313695148415,14.903375296797687,2.9033752967976874,24.194794139980726
4194,16.5,2.7574936955099867,14.760293313354227,1.739706686645773,10.543676888762262
4921,4.5,1.6876714375541608,4.406875787250028,0.09312421274997185,2.0694269499993743
5356,9.5,2.114732806561955,7.287371139078489,2.2126288609215106,23.290830114963267
743,5.3,1.9113438131493634,5.762169788267717,0.46216978826771715,8.72018468429655
2499,1.15,1.1198150659663613,2.0642874598493632,0.9142874598493633,79.50325737820552
4241,9.3,2.499668288325892,11.178453555398807,1.8784535553988064,20.198425326868886
179,25.99,2.8532376989167356,16.343845182241346,9.646154817758653,37.11487040307293
3613,8.5,1.8978990465568981,5.671862434789218,2.828137565210782,33.27220664953861
3693,20.0,2.6156342653970643,12.675887770007751,7.324112229992249,36.62056114996125
3771,7.0,2.191479086013804,7.948438842030059,0.9484388420300593,13.549126314715135
6566,35.55,3.6042980755657954,35.755874953623284,0.20587495362328667,0.5791137935957431
31,11.0,2.196253283505084,7.991262599498297,3.008737400501703,27.352158186379118
5151,6.8,1.926727509861589,5.8670012375917935,0.9329987624082063,13.7205700354148
2484,3.2,1.5397446478567551,3.6633993099287707,0.46339930992877054,14.48122843527408
168,11.5,2.2133964583634502,8.146730182930915,3.3532698170690853,29.158867974513786
3248,2.8,1.3277222953489336,2.772441087927,0.027558912072999764,0.9842468597499916
642,5.0,1.9690329684311543,6.163745569561156,1.163745569561156,23.27491139122312
1483,14.9,2.6206796719232166,12.74506254409837,2.1549374559016297,14.462667489272683
1790,6.0,1.9113438131493634,5.762169788267717,0.23783021173228303,3.963836862204717
5035,8.0,1.9578166381449411,6.083843574428407,1.916156425571593,23.951955319644913
3982,3.0,2.267390197378599,8.654172423334183,5.654172423334183,188.47241411113941
7092,62.49,4.128890729184399,61.108989019733166,1.3810109802668364,2.2099711638131483
6492,22.89,3.10947914232943,21.40936926859304,1.4806307314069613,6.4684610371645315
6912,19.899,3.027026087498097,19.635772264748084,0.2632277352519168,1.322818911763992
6178,24.5,3.2386636332942857,24.499622121612457,0.00037787838754255176,0.0015423607654798032
6644,18.15,2.6501847712318143,13.156654146158665,4.993345853841333,27.511547404084485
2758,9.5,2.039495739224458,6.686732103935589,2.813267896064411,29.61334627436222
3412,12.6,2.166021938530702,7.723512256464019,4.87648774353598,38.702283678856986
6122,20.7,3.00958208798534,19.278923348420975,1.4210766515790247,6.86510459700012
800,2.5,1.699352856619797,4.470406108891526,1.9704061088915257,78.81624435566103
1954,10.5,2.2886895400905782,8.86200544667211,1.6379945533278892,15.599948126932278
7248,48.99,3.467392267107327,31.053047578773068,17.936952421226934,36.61349749178798
5306,4.0,1.4653570405429832,3.329088624555073,0.670911375444927,16.772784386123174
6637,15.69,2.458210553448314,10.683885134258851,5.006114865741148,31.906404498031538
2119,20.5,3.000254209086301,19.090643498218167,1.4093565017818328,6.874909764789429
5309,3.5,1.6436866991137529,4.1742101480880525,0.6742101480880525,19.26314708823007
5660,25.49,3.488511238253544,31.737173557017954,6.247173557017955,24.508330941616148
5679,19.5,3.125738164160338,21.77670183468166,2.27670183468166,11.675394024008511
1406,8.7,2.1877181206327747,7.914847281275128,0.7851527187248717,9.024743893389331
1501,9.8,2.1416042039532455,7.513083402706483,2.2869165972935175,23.335883645852217
1074,5.3,1.7272084143106023,4.624929497929997,0.6750705020700032,12.737179284339684
500,13.6,2.566562405524821,12.02098654642628,1.5790134535737188,11.610393040983228
437,17.5,2.7704849236447076,14.966374605409847,2.5336253945901532,14.477859397658019
5437,9.5,2.3994093157434544,10.016667086554463,0.5166670865544631,5.438600911099612
4113,8.9,1.884384738329814,5.582303356947113,3.317696643052887,37.27749037138075
3386,3.6,1.5179516786301042,3.5628693936821207,0.037130606317879344,1.031405731052204
6683,22.99,3.063884007095383,20.410554622395658,2.5794453776043405,11.219858101802265
80,16.9,2.4994008312686384,11.175196777592502,5.7248032224074965,33.87457528051773
1608,19.99,2.6969041982003943,13.833738254688608,6.15626174531139,30.796707080097
960,5.0,2.099823314942623,7.164727199824741,2.164727199824741,43.294543996494816
3114,22.5,3.468666725904993,31.09392390931861,8.593923909318612,38.19521737474938
5198,3.8,1.867693291355708,5.473347038434377,1.6733470384343772,44.035448379852035
4628,13.0,2.8545652093830665,16.36688460740271,3.36688460740271,25.899112364636235
1632,12.19,2.6543761967334842,13.216115233673236,1.0261152336732362,8.41768034186412
3305,4.8,1.934812692966469,5.9227472546799635,1.1227472546799637,23.39056780583258
5935,21.3,3.0834422225605347,20.833428714367408,0.4665712856325932,2.1904755194018457
5419,9.5,2.2988410476634,8.962629548679944,0.5373704513200561,5.656531066526906
2477,3.0,1.4242772455268846,3.154853818118468,0.1548538181184682,5.161793937282274
5506,16.45,2.871258895617116,16.659235346348098,0.20923534634809826,1.2719473942133634
6399,22.45,2.805755326162228,15.539563954560784,6.910436045439216,30.781452318214768
5517,51.999,3.77898135658838,42.77143153813604,9.22756846186396,17.745665227915843
534,6.9,2.2145403622148683,8.157199149419027,1.2571991494190264,18.220277527811977
5701,26.69,3.2105647351047226,23.793083796529782,2.8969162034702194,10.8539385667674
2794,20.3,2.531218631751791,11.568813563006188,8.731186436993813,43.01077062558528
585,4.5,1.587735525346854,3.892657076521444,0.6073429234785559,13.496509410634575
6722,50.9,3.974786506252597,52.238749552200396,1.3387495522003974,2.6301562911599166
4970,25.0,2.8840333970164425,16.886270314814258,8.113729685185742,32.45491874074297
1451,2.75,1.7135096375241585,4.548400219811858,1.7984002198118576,65.3963716295221
6275,25.49,3.134737702383089,21.9826067683778,3.507393231622199,13.75987929235857
1410,30.5,3.056701583676353,20.25732588900255,10.242674110997449,33.582538068844094
5684,20.59,3.4924825281636047,31.86744085745145,11.277440857451449,54.771446612197416
4536,10.0,2.4374573637242194,10.443906028395876,0.443906028395876,4.43906028395876
866,15.0,2.3338967461471247,9.318070196942696,5.681929803057304,37.87953202038203
4638,2.0,0.8574013786309773,1.3570277059364866,0.6429722940635134,32.14861470317567
6358,54.8,3.6562247581034435,37.71490848809821,17.085091511901787,31.17717429179158
4679,3.95,2.208623360713619,8.103175973527708,4.153175973527708,105.14369553234704
742,7.1,1.901192760337171,5.693873869814858,1.4061261301851413,19.804593382889315
1544,6.9,1.889141119131326,5.613685872697254,1.286314127302746,18.642233729025303
5509,53.29,3.7491888290422404,41.486604118870304,11.803395881129696,22.149363635071676
2706,18.9,2.7567642973213915,14.748801975349771,4.151198024650228,21.964010712435066
3734,7.89,1.9734540106972838,6.195486904699791,1.6945130953002083,21.476718571612274
2589,8.2,2.3514669559336085,9.500962881233212,1.3009628812332128,15.865400990648936
5283,2.5,1.401259072502006,3.060308973242872,0.5603089732428721,22.412358929714884
6816,50.709,3.4587192213249667,30.776252094695003,19.932747905305,39.30810685540042
5944,15.9,2.8865774080063904,16.931831112076374,1.0318311120763735,6.48950384953694
4253,3.7,1.3413930760077402,2.8243674307015088,0.8756325692984914,23.665745116175444
748,16.5,2.375600563369854,9.75747178999107,6.742528210008929,40.863807333387456
4055,5.79,2.174526483900204,7.798018132465087,2.0080181324650868,34.680796761055035
401,5.3,1.8763589091654231,5.529686344710494,0.22968634471049398,4.333704617179132
3749,20.8,3.035026227899093,19.801523472579667,0.9984765274203333,4.800367920290064
157,7.5,2.0555529336590554,6.811155729700711,0.6888442702992892,9.18459027065719
5434,98.19,4.539021325647871,92.59915219042048,5.590847809579515,5.693907535980767
6483,29.5,3.2039374917033276,23.629317255293834,5.870682744706166,19.90061947358022
5749,14.3,2.7294947948342543,14.325142722573169,0.025142722573168186,0.1758232347773999
4528,12.0,2.68712722110245,13.689415803782346,1.689415803782346,14.07846503151955
1820,8.9,1.879743146044905,5.551821784709368,3.3481782152906323,37.61997994708575
2922,9.0,2.2868864686220216,8.844239567416636,0.1557604325833637,1.7306714731484856
2864,15.3,1.8665234881515234,5.465778923792438,9.834221076207562,64.27595474645466
3362,3.3,1.288127129183924,2.6259891831188202,0.6740108168811796,20.424570208520596
5281,1.6,1.0873735379039693,1.9664725041948738,0.36647250419487376,22.90453151217961
3803,1.4,1.2881375027601183,2.6260267977889895,1.2260267977889896,87.57334269921355
4237,5.4,2.347436176917579,9.458721011417245,4.058721011417244,75.16150021143045
7295,47.59,3.6039667583049364,35.743699114957316,11.846300885042687,24.892416232491463
2666,4.8,1.5611620613557604,3.764354501774986,1.0356454982250138,21.57594787968779
1782,13.0,1.9259849872440378,5.861904226415351,7.138095773584649,54.90842902757422
5910,45.3565,3.7078326753647586,39.76535894759185,5.5911410524081475,12.327099869716905
2415,8.0,2.343980011002281,9.42263632958322,1.42263632958322,17.78295411979025
535,11.9,2.4604231682899784,10.709765693211095,1.1902343067889056,10.001968964612653
5978,119.9,4.546578059626891,93.3091352822795,26.590864717720507,22.177535210776067
2406,1.5,1.1278625852966255,2.0890468646870985,0.5890468646870985,39.2697909791399
3098,5.8,1.890994840063387,5.625957170904754,0.17404282909524582,3.000738432676652
5359,8.0,2.484151027637052,10.990935959114926,2.9909359591149265,37.38669948893658
5154,8.4,2.106375282911925,7.218397863150596,1.1816021368494045,14.066692105350054
1966,8.9,1.5771779510308668,3.841274202360239,5.058725797639761,56.839615703817536
5416,10.5,2.4288247348004077,10.345540222832474,0.154459777167526,1.471045496833581
1176,7.86,2.2609774757207677,8.59246098337024,0.7324609833702391,9.318842027611185
5902,21.5,3.264171741067435,25.15843605750694,3.6584360575069397,17.015981662822977
1760,2.8,1.1686892291004256,2.217772111015877,0.5822278889841228,20.793853178004387
997,5.2,2.1516672377835944,7.599183335685609,2.399183335685609,46.13814107087709
473,6.2,1.8861124828153666,5.593685725354978,0.6063142746450225,9.779262494274557
2266,2.1,1.0049499681088438,1.7317705937577892,0.3682294062422109,17.53473363058147
4205,15.7,2.760301862792821,14.804613052901223,0.8953869470987765,5.703101573877558
1882,5.2,2.0903007383846073,7.087346974282234,1.8873469742822335,36.295134120812186
4222,18.9,2.6647419280399633,13.364242059515435,5.535757940484563,29.28972455282838
2578,10.8,2.339081319880785,9.371703906490126,1.428296093509875,13.224963828795138
3783,2.6,1.5507038747868087,3.7147876350596762,1.1147876350596762,42.876447502295235
469,14.9,2.687559508654409,13.695767228101799,1.2042327718982015,8.082099140256387
5097,14.9,2.5196574312702182,11.424339744190895,3.475660255809105,23.326578898047686
7040,17.29,3.0763161521607243,20.678395210173107,3.3883952101731083,19.59742747352868
4712,10.0,2.5865764743471296,12.284214815077513,2.2842148150775134,22.842148150775134
3997,7.0,2.159336831667363,7.665389140888514,0.6653891408885144,9.505559155550205
247,6.5,1.4179312658725276,3.128570684641957,3.371429315358043,51.868143313200655
3780,17.9,2.378670254969936,9.790544646547433,8.109455353452566,45.30421985169031
2182,9.9,2.8238591239951045,15.841719707449382,5.941719707449382,60.01737078231698
3395,6.5,2.367491659702855,9.67059320862207,3.170593208622069,48.77835705572414
7097,83.99,4.378611440436261,78.72725047240014,5.262749527599851,6.265923952375106
811,4.0,1.3425599768884282,2.828832693177147,1.171167306822853,29.279182670571323
6502,26.8,3.0820912373087257,20.803951989971154,5.996048010028847,22.373313470256893
1419,7.4,2.188450218893956,7.921376215087383,0.5213762150873826,7.045624528207874
6733,13.9,2.7809539328504727,15.134404748016824,1.2344047480168232,8.880609697962756
3625,3.9,1.4926851805915846,3.449025932262984,0.450974067737016,11.563437634282462
228,9.0,1.9515546992483153,6.039623574775676,2.9603764252243243,32.893071391381376
7107,45.5,3.5623669150199886,34.24652401949371,11.253475980506288,24.73291424287096
17,18.0,3.2337051763139653,24.373496295463344,6.373496295463344,35.40831275257413
1407,10.6,2.484151027637052,10.990935959114926,0.39093595911492685,3.688075085989876
7070,59.99,4.121299449194735,60.63928736822691,0.6492873682269078,1.0823260013784093
2392,13.5,2.679778890895506,13.581868755463935,0.08186875546393502,0.6064352256587779
6272,47.9,3.3676144886916117,28.00924257498427,19.890757425015728,41.52558961381154
5439,109.0,4.651214749474962,103.71210732834123,5.287892671658767,4.851277680420887
6745,45.49,3.66836680338936,38.18785210112121,7.302147898878793,16.052204657900184
5879,10.99,2.829119863186496,15.930553062045185,4.9405530620451845,44.95498691578876
2440,3.9,1.8700983294805538,5.488934421469013,1.588934421469013,40.74190824279521
5831,17.9,2.997679076570084,19.03897398534855,1.138973985348553,6.362983158371804
5853,13.5,2.679286827608246,13.574695318227025,0.07469531822702535,0.5532986535335211
4844,9.0,2.2150204640589752,8.161596593143472,0.8384034068565285,9.315593409516982
6915,25.49,3.825857246642427,44.872107225990135,19.382107225990136,76.03808248721121
6092,21.69,3.0945133834962886,21.0764931374084,0.6135068625916027,2.8285240322342213
5461,23.2,3.042910192489451,19.966170128439114,3.2338298715608857,13.938921860176231
2585,5.7,1.6927466871454429,4.434386784916518,1.2656132150834818,22.20374061549968
543,9.9,1.889141119131326,5.613685872697254,4.286314127302746,43.29610229598733
6112,17.0,3.048727408931212,20.088490314587233,3.088490314587233,18.16759008580725
3794,16.5,2.5783382334554314,12.175225808629037,4.324774191370963,26.210752674975534
4119,7.799999,1.7654906631179506,4.8444393054881045,2.955559694511895,37.89179581320325
3153,12.0,1.9302710874531552,5.891378154538614,6.108621845461386,50.905182045511545
1535,10.499,2.4554158085082745,10.651277241994762,0.15227724199476178,1.4503975806720808
1832,14.5,3.0450311829736156,20.010686368343126,5.510686368343126,38.00473357478018
6746,33.79,3.658792237581891,37.814435933815254,4.024435933815255,11.910138898535823
3590,8.99,2.1006905828110654,7.171811276831905,1.8181887231680953,20.22456866705334
3289,2.0,1.614490608995909,4.025327414796365,2.025327414796365,101.26637073981826
96,3.8,1.3459437179777958,2.8418104159296385,0.9581895840703614,25.21551537027267
6679,62.99,3.9912749334537914,53.12384970069644,9.866150299303563,15.663042227819593
2094,5.7,1.889141119131326,5.613685872697254,0.0863141273027459,1.514282935135893
4773,8.0,2.273401971601239,8.71238593617112,0.7123859361711204,8.904824202139006
2927,9.5,2.2714975326926785,8.693906892189617,0.8060931078103835,8.485190608530353
7038,44.5,3.453767376684821,30.619289977820355,13.880710022179645,31.192606791414935
156,12.99,2.201678363427527,8.040173470436272,4.949826529563728,38.10490015060606
1022,6.4,1.8966302050330799,5.663402267131809,0.7365977328681916,11.509339576065495
5447,24.49,3.5191216635486886,32.754767396948054,8.264767396948056,33.74751897487977
4966,5.8,1.8717173168805143,5.499448433266313,0.3005515667336871,5.181923564373916
6458,49.5,3.8284745595288054,44.99232613998622,4.507673860013782,9.10641183841168
2716,12.5,2.517777659486521,11.401006758123792,1.098993241876208,8.791945935009664
1287,15.0,2.7366975883511753,14.43592505339764,0.5640749466023607,3.760499644015738
696,18.0,2.9301035950233505,17.729570686486788,0.27042931351321187,1.5023850750733991
425,25.0,3.2258472755987926,24.17489519654629,0.8251048034537085,3.300419213814834
6872,47.39,3.574442082459852,34.674711714948565,12.715288285051436,26.831163294052406
712,10.9,2.639139012122888,13.00114360181231,2.101143601812309,19.27654680561751
4173,2.45,1.2011847113060419,2.3240526336725886,0.12594736632741155,5.140708829690267
1811,16.0,2.755115850720694,14.722862302225426,1.2771376977745739,7.982110611091087
5096,18.7,3.2159152465794016,23.926094997534474,5.226094997534474,27.94703207237687
6480,17.9,3.1117642142297153,21.460634839061928,3.5606348390619296,19.891814743362737
447,31.49,3.1587681301005297,22.541577898319417,8.948422101680581,28.41671038958584
6748,15.899,2.59675877580283,12.420169687032509,3.4788303129674905,21.88081208231644
4080,5.99,2.0500051595210707,6.767941185059598,0.7779411850595981,12.987331970944876
1009,5.3,1.2227879726847937,2.3966442966953867,2.903355703304613,54.78029628876628
592,1.5,1.0937858524418684,1.9855555769043316,0.4855555769043316,32.370371793622105
6096,29.85,3.4036229968813334,29.072856782113366,0.7771432178866355,2.603494867291911
1242,8.5,1.824742823186332,5.201200009154596,3.2987999908454038,38.80941165700475
3058,8.4,2.2294013908454775,8.294300760404234,0.10569923959576677,1.2583242809019852
131,15.8,2.8545652093830665,16.36688460740271,0.5668846074027094,3.5878772620424644
2404,4.5,1.9098966926161831,5.752391190629472,1.2523911906294716,27.83091534732159
2306,8.95,2.3155332062706098,9.130323030691855,0.18032303069185573,2.0147824658307907
6277,62.5,4.338098820475405,75.5618430763833,13.061843076383298,20.898948922213275
7103,20.89,3.0064992885057595,19.216503757052408,1.6734962429475928,8.010992067724235
624,8.5,1.7369737574900967,4.680127942060896,3.8198720579391043,44.939671269871816
2986,6.0,1.8985658259521156,5.676312578655703,0.32368742134429684,5.39479035573828
2127,8.3,2.147046145361568,7.559537389080742,0.7404626109192591,8.921236276135652
6539,43.9,3.467457497638508,31.055138484287305,12.844861515712694,29.259365639436663
4739,3.9,1.70947714233352,4.526071373350185,0.6260713733501855,16.053112137184243
3686,17.9,3.064451812855216,20.422715110702406,2.522715110702407,14.09338050671736
3844,6.0,1.9329091658722288,5.909582151754381,0.09041784824561905,1.506964137426984
2815,9.9,2.2310950666747167,8.310055631007456,1.589944368992544,16.06004413123782
2579,3.999999,1.5743787937870954,3.82774166329593,0.17225733670407006,4.306434494210375
1945,5.6,2.3474410615586248,9.458772098639955,3.858772098639955,68.90664461857064
2436,6.99,1.70947714233352,4.526071373350185,2.463928626649815,35.24933657581995
93,6.5,1.8985823006117504,5.67642256953908,0.8235774304609196,12.67042200709107
6701,35.19,3.072441770272107,20.594567323879257,14.59543267612074,41.47608035271595
1375,4.868,1.9113438131493634,5.762169788267717,0.8941697882677166,18.368319397446932
3903,5.6,2.2913934971867285,8.888707971252959,3.2887079712529594,58.72692805808857
3477,13.5,2.3310079224980282,9.28830612402278,4.21169387597722,31.197732414646072
6022,42.99,3.743260823903577,41.23548835447644,1.7545116455235643,4.081208759068537
2223,8.8,1.8763589091654231,5.529686344710494,3.270313655289507,37.16265517374439
1087,13.9,2.7930207671424627,15.33027532873529,1.4302753287352896,10.289750566440931
2531,2.5,1.6638541288969757,4.279620018297675,1.779620018297675,71.18480073190699
6729,78.99,4.108215370429921,59.838047252221145,19.15195274777885,24.24604728165445
6880,17.375,3.006628098107386,19.219108004570074,1.8441080045700744,10.613571249324169
764,1.8,1.280077326025824,2.5969178501785772,0.7969178501785772,44.27321389880984
4669,6.5,1.9765628211380513,6.217891116695445,0.28210888330455486,4.340136666223922
476,12.99,2.6543761967334842,13.216115233673236,0.2261152336732355,1.740686941287417
5594,56.5,3.9179731264118773,49.29839290577507,7.201607094224933,12.74620724641581
2622,1.5,1.382165855304327,2.983520018994286,1.483520018994286,98.90133459961908
5111,5.7,1.9410988456691598,5.966401766756372,0.2664017667563714,4.67371520625213
6466,21.6,3.096569067021171,21.121922098423568,0.4780779015764338,2.2133236184094156
4461,10.0,2.212442388157375,8.138007721762168,1.8619922782378318,18.619922782378318
6338,13.5,2.672768943945256,13.480008065183938,0.019991934816061985,0.1480884060449036
7034,23.29,3.0022485560236474,19.1307511925831,4.159248807416898,17.858517850652202
2181,20.0,2.9149181490922094,17.44730241250198,2.5526975874980202,12.763487937490101
6334,34.0,3.5305234481370724,33.141834417796254,0.8581655822037462,2.5240164182463123
2620,10.0,1.9337564738365738,5.915439176743407,4.084560823256593,40.84560823256594
5170,8.9,2.675958966405286,13.526273370581047,4.626273370581046,51.98059966944996
752,6.8,1.9945964839765407,6.34923689464271,0.45076310535729025,6.628869196430739
2283,11.5,2.4778314321637476,10.91539703363426,0.5846029663657397,5.0835040553542585
2799,8.0,1.8998513605856617,5.684900728699374,2.3150992713006264,28.93874089125783
3049,14.9,2.873740525417781,16.703113453130687,1.8031134531306865,12.101432571346889
351,3.5,1.9928388490436812,6.336330964426224,2.8363309644262236,81.03802755503496
487,1.8,1.3155907343159299,2.726951973512139,0.926951973512139,51.4973318617855
927,5.0,1.8763589091654231,5.529686344710494,0.5296863447104938,10.593726894209876
3318,6.5,1.88606020892388,5.593341056751537,0.9066589432484626,13.948599126899424
1061,18.0,2.6724020013185847,13.474695707715085,4.525304292284915,25.14057940158286
6018,39.39,3.617920321837354,36.25999838529738,3.1300016147026213,7.946183332578373
2191,3.5,1.8049137796786145,5.079447254026467,1.5794472540264666,45.12706440075619
4608,2.1,1.5533540256222622,3.727299104768017,1.6272991047680168,77.49043356038175
6128,27.9,2.9449364126704287,18.00945358764646,9.89054641235354,35.44998714105212
561,12.99,2.6058550059253083,12.542799527868612,0.4472004721313887,3.4426518254918297
3535,9.9,2.282105446641473,8.797286373228413,1.1027136267715871,11.138521482541282
5501,21.99,2.92721270580732,17.675503760968493,4.314496239031506,19.62026484325378
2966,9.5,2.2924824871039906,8.89948254016206,0.6005174598379401,6.3212364193467385
6026,37.49,3.767957200552119,42.29153851490092,4.801538514900919,12.807518044547663
334,13.5,2.8332927574566487,16.00135008141392,2.5013500814139213,18.5285191215846
2225,6.8,1.863833721924705,5.448410858502135,1.3515891414978647,19.876310904380365
4847,13.0,2.3722960982119594,9.721982767686358,3.2780172323136423,25.215517171643402
5507,25.5,2.8881931728829477,16.960828154852706,8.539171845147294,33.48694841234233
3213,12.5,1.9174902848012854,5.8038612696755685,6.6961387303244315,53.56910984259545
1103,7.9,2.217845224886727,8.187512498203656,0.28751249820365565,3.6393987114386785
2110,26.99,3.056701583676353,20.25732588900255,6.732674110997447,24.945068955159126
23,12.99,2.6434212142001563,13.061227882729362,0.07122788272936198,0.5483285814423555
4151,21.99,3.142317012388417,22.157460869470782,0.16746086947078354,0.7615319211950139
1005,3.2,1.228610255518224,2.4164782037545343,0.7835217962454659,24.48505613267081
1643,9.7,2.615028906141156,12.667611450089593,2.967611450089594,30.593932475150453
2550,59.7,3.9688852219101376,51.92549775610204,7.774502243897963,13.022616823949686
3038,8.69,1.9803110849141488,6.244996443731062,2.4450035562689374,28.13582918606372
4030,1.7,1.7055466397299823,4.5043937652852035,2.8043937652852033,164.9643391344237
3817,7.999,2.1971635795375657,7.999451036555067,0.0004510365550673967,0.005638661771063843
1671,14.9,2.722873388331654,14.224003932935258,0.6759960670647427,4.536886356139212
1372,14.3,2.639139012122888,13.00114360181231,1.2988563981876915,9.082911875438402
3203,30.99,3.188233947762911,23.245570666265582,7.744429333734416,24.990091428636386
445,6.9,2.0916168998195768,7.097998236333593,0.19799823633359281,2.8695396570085916
5433,62.99,3.7006499488181896,39.473601582733835,23.516398417266167,37.33354249446923
7125,59.999,4.122164433931629,60.692627476857595,0.6936274768575927,1.1560650625136963
3399,22.5,3.1373990867432386,22.043853783359644,0.4561462166403558,2.0273165184015816
3939,2.0,1.1262209488209136,2.083979932846845,0.0839799328468449,4.198996642342245
5206,20.49,3.070193724074036,20.546076264400423,0.056076264400424236,0.27367625378440336
6378,83.79,4.284068142681729,71.53492301798263,12.255076982017371,14.625942215082194
2592,16.99,2.6543761967334842,13.216115233673236,3.7738847663267627,22.21238826560779
3887,11.0,2.6847921496060234,13.655154983939132,2.6551549839391324,24.13777258126484
3518,1.2,1.4698373408260137,3.3485277556001503,2.14852775560015,179.04397963334583
4295,10.9,2.464215720820166,10.754259914723269,0.14574008527673143,1.3370650025388204
1128,10.8,2.188143824278965,7.918643172172967,2.881356827827034,26.67922988728735
2570,7.5,1.889141119131326,5.613685872697254,1.8863141273027457,25.15085503070328
5277,9.6,2.2740284535116935,8.71847247662216,0.881527523377839,9.182578368519156
1783,10.6,2.224027700299388,8.244490017897064,2.3555099821029355,22.22179228398996
2523,18.0,2.7672536956898766,14.914866870878699,3.085133129121301,17.139628495118338
4248,5.15,1.349422963700767,2.855200298225874,2.294799701774126,44.559217510177206
1844,6.49,1.9443628169859046,5.989177051021551,0.500822948978449,7.7168405081425115
5291,7.9,1.8709462745799084,5.4944390150784965,2.405560984921504,30.450139049639287
6129,24.49,3.29399135896636,25.95021726130172,1.4602172613017217,5.962504129447618
6060,5.69,2.4229371774329036,10.278938955680815,4.588938955680814,80.64919078525156
2515,6.699,2.1505941849146115,7.589960906298424,0.8909609062984245,13.299909035653448
5040,17.5,2.675958966405286,13.526273370581047,3.9737266294189535,22.707009310965447
6799,56.99,3.4042365324692136,29.09131321123751,27.898686788762493,48.9536529018468
3554,3.5,1.6542108284556758,4.228951753545168,0.728951753545168,20.82719295843337
3878,4.2,2.1262883572416222,7.38369172316181,3.18369172316181,75.802183884805
5945,29.7,3.359763954744875,27.78239612930254,1.9176038706974587,6.456578689217032
2264,14.5,2.5047710692301144,11.240756359234526,3.259243640765474,22.47754235010672
2462,4.9,1.6981526341362825,4.4638443430628225,0.43615565693717784,8.90113585586077
1775,6.6,2.2886895400905782,8.86200544667211,2.262005446672111,34.27280979806229
6861,28.05,3.2232051331772915,24.108467332573284,3.941532667426717,14.0518098660489
378,7.8,2.188450218893956,7.921376215087383,0.12137621508738317,1.5561053216331175
6853,9.999,2.551072546519153,11.820847366244424,1.8218473662444232,18.220295692013433
4913,1.6,0.8937431555819566,1.4442618013033308,0.15573819869666927,9.733637418541829
5246,8.2,2.5783382334554314,12.175225808629037,3.9752258086290375,48.47836351986631
199,1.5,1.2246894011433576,2.403108916883443,0.903108916883443,60.20726112556286
2446,11.0,2.6604796844064795,13.303148450659325,2.303148450659325,20.937713187812047
2957,3.8,1.9463455108022405,6.00304819571425,2.20304819571425,57.97495251879605
1328,11.49,2.521488564285709,11.44711120531648,0.04288879468352036,0.3732706238774618
1193,10.5,2.2294013908454775,8.294300760404234,2.2056992395957664,21.006659424721587
5686,12.75,2.484326569643849,10.993041056837695,1.7569589431623047,13.78007014244945
1075,9.3,2.6058550059253083,12.542799527868612,3.242799527868611,34.86881212761947
5427,3.4,1.6124497467556007,4.015081872256929,0.6150818722569293,18.09064330167439
6969,24.5,3.1428814949442425,22.170536542316217,2.329463457683783,9.508014112995031
2063,10.5,2.6686549482698196,13.420559743539247,2.920559743539247,27.814854700373782
965,14.5,2.7930207671424627,15.33027532873529,0.83027532873529,5.726036749898551
5060,9.49,2.2294013908454775,8.294300760404234,1.1956992395957666,12.599570490998593
1467,9.4,2.224452400493684,8.248416988437382,1.151583011562618,12.250883101729979
5975,18.46,3.0241146857551953,19.575780613684504,1.1157806136845032,6.0443153504035925
3296,51.0,3.327574167689331,26.870650108650118,24.129349891349882,47.31245076735271
5414,7.5,2.1569505234087436,7.644735503990564,0.14473550399056379,1.9298067198741837
7126,29.95,3.2232836859363303,24.110439749425872,5.839560250574127,19.497696996908605
5724,62.05,3.8299760078102407,45.061433106313636,16.98856689368636,27.378834639301147
2755,6.0,1.926727509861589,5.8670012375917935,0.13299876240820652,2.2166460401367756
4022,6.5,2.14687928266158,7.558109240717011,1.0581092407170107,16.278603703338625
3091,6.5,2.150912047774752,7.59269176983765,1.09269176983765,16.810642612886923
2022,5.89,1.867693291355708,5.473347038434377,0.4166529615656227,7.0739042710632045
5090,8.6,2.6115100959957203,12.619602237445003,4.019602237445003,46.739560900523294
2907,7.0,1.9953285822377218,6.354619228152391,0.6453807718476092,9.219725312108704
5744,42.345,3.3782655819667,28.31987406935311,14.02512593064689,33.12109087412183
5769,15.1,2.831671461114292,15.973808187530764,0.8738081875307646,5.786809188945461
6155,18.49,3.0030862548832613,19.147621765143438,0.6576217651434391,3.556634749288475
6547,13.79,2.4200498043911134,10.246419422005353,3.5435805779946463,25.69674095717655
2850,6.699999,1.9945964839765407,6.34923689464271,0.35076210535729047,5.235256085221661
2132,16.5,2.444792509017596,10.528157361967303,5.971842638032697,36.19298568504665
6114,86.19,4.504227643713756,89.39849723142335,3.208497231423351,3.7225864153885033
6570,20.79,3.0432789080222324,19.973902106390995,0.8160978936090046,3.925434793694106
6434,31.0,3.489959512545804,31.784620313547407,0.784620313547407,2.5310332695077644
4246,7.5,1.892525356010808,5.63610606856548,1.8638939314345198,24.851919085793597
1701,4.5,2.220780160276653,8.214516862427859,3.7145168624278586,82.54481916506352
6332,39.999,3.2732101936766775,25.395939557333843,14.603060442666159,36.50856382076091
3927,19.5,3.1368928357149617,22.03219076114394,2.5321907611439407,12.985593646892005
5780,66.99,4.299182920945021,72.63959973676958,5.649599736769588,8.433497144005955
547,12.4,2.5007413411948747,11.191528693829,1.2084713061710008,9.745736340088715
6811,37.99,3.606723834958422,35.84514409147714,2.144855908522864,5.645843402271292
6203,33.3,3.5847868351467937,35.04567322921416,1.7456732292141623,5.24226194959208
1263,19.9,2.806360631884542,15.549578477885426,4.350421522114573,21.86141468399283
5231,2.299,1.442004809441147,3.229165995528634,0.9301659955286339,40.459590932084986
3011,13.29,2.5926694709324374,12.365402577792944,0.9245974222070554,6.9570912129951505
5865,13.69,2.6388672531557473,12.997339182454242,0.6926608175457574,5.059611523343736
1789,11.9,2.265072533127412,8.631823202033646,3.2681767979663547,27.463670571145837
6610,21.49,3.258128719772793,25.000836738997876,3.5108367389978774,16.33707184270767
3018,6.4,1.8014957780785876,5.058703165444544,1.3412968345554566,20.95776303992901
5494,26.59,3.258710427215237,25.015966019219555,1.5740339807804453,5.919646411359328
4715,13.8,2.5631411732547926,11.976514844454787,1.8234851555452138,13.213660547429084
2199,5.9,2.1877181206327747,7.914847281275128,2.0148472812751272,34.14995391991741
1244,2.5,1.0668120346843961,1.9061001701989024,0.5938998298010976,23.755993192043903
7130,10.89,3.16165092026417,22.609541242483967,11.719541242483967,107.61745860866819
5008,38.0,1.5466728473312985,3.6958204509592107,34.30417954904079,90.27415670800207
5482,12.726,2.4865679625992025,11.019952322670092,1.7060476773299094,13.406000921970055
4837,8.5,2.3338967461471247,9.318070196942696,0.8180701969426956,9.62435525814936
7202,35.29,3.6280485090515926,36.63929216140304,1.3492921614030422,3.823440525369913
6764,20.99,3.052206608776361,20.16198917128867,0.8280108287113279,3.944787178234054
3915,5.2,1.914827458897231,5.785767872114093,0.5857678721140926,11.264766771424858
6083,32.299,3.4801440246141686,31.464397411485415,0.8346025885145849,2.583988942427273
518,13.29,2.752470059675584,14.681317877111642,1.3913178771116428,10.46890802943298
611,12.5,2.530011331233149,11.55364838417902,0.9463516158209799,7.570812926567839
5806,11.22,2.4763102314465173,10.89728510255455,0.3227148974454508,2.8762468578025913
5672,16.5,2.999784080271667,19.081200527685308,2.581200527685308,15.643639561729138
2288,7.5,1.8898732173925072,5.6185295134187925,1.8814704865812075,25.0862731544161
957,10.99,2.2958126816302515,8.93250469731511,2.05749530268489,18.72152231742393
4401,6.15,2.1960745896203036,7.989656059399035,1.8396560593990348,29.913106656894872
491,25.8,2.6156342653970643,12.675887770007751,13.12411222999225,50.86865205423352
1330,4.9,1.9329091658722288,5.909582151754381,1.0095821517543806,20.60371738274246
3458,21.5,2.7967009095026145,15.390483786621168,6.109516213378832,28.416354480831778
323,5.89,1.2627152271279904,2.53500681470694,3.35499318529306,56.96083506439831
5362,7.2,2.2193647949609305,8.201484180038605,1.001484180038605,13.909502500536181
7010,22.79,3.125019370867339,21.760335976705367,1.0296640232946324,4.518051879309488
4247,10.5,2.581552282421036,12.217639753246559,1.7176397532465586,16.358473840443416
2031,4.75,1.3687747517462592,2.9305318666366458,1.8194681333633542,38.30459228133377
5516,32.0,4.031050158134185,55.32002513474293,23.320025134742927,72.87507854607165
1153,6.3,1.8575816633044813,5.408220782077556,0.8917792179224442,14.15522568130864
6685,15.7,2.8454198879079153,16.208782911987832,0.5087829119878329,3.2406554903683626
7286,6.6,2.179234331248461,7.839535510857848,1.2395355108578485,18.780841073603767
6854,21.69,3.1156416255053467,21.54789301644294,0.14210698355705986,0.655172814924204
1606,6.4,2.0097343160668943,6.461334727199161,0.06133472719916089,0.9583551124868889
324,23.9,2.932297691767814,17.770710292188628,6.12928970781137,25.64556363100992
2083,7.99,1.9321770676110477,5.904525509880805,2.0854744901191955,26.10105744830032
2687,10.8,2.3639016067177425,9.632353895271603,1.167646104728398,10.811538006744424
6858,35.35,3.3321676761700587,26.998968666850114,8.351031333149887,23.623851013153853
586,7.89,1.897166948295717,5.666979763417559,2.2230202365824407,28.17516142690039
4125,9.8,2.6645846376940403,13.361982880591148,3.561982880591147,36.34676408766476
3245,8.99,2.499668288325892,11.178453555398807,2.188453555398807,24.3431986140023
4556,4.4,2.1393006804825414,7.493495884096021,3.0934958840960203,70.30672463854592
706,24.9,3.073279686593303,20.612669347220375,4.287330652779623,17.21819539268925
1978,6.4,1.9547827425116633,6.062384501095607,0.3376154989043938,5.275242170381153
4160,7.4,1.3659332616308804,2.9193791518577967,4.480620848142204,60.54893038030005
4995,4.39,1.452593783131484,3.274186462593674,1.1158135374063258,25.41716486119193
6812,9.8,2.4078113774202277,10.109619753077382,0.30961975307738143,3.159385235483484
6202,17.34,2.75697318482595,14.752092046909643,2.5879079530903564,14.924497999367684
5939,27.79,3.2432190311420745,24.61604802716875,3.173951972831251,11.421201773412202
6218,29.3,3.208370139378345,23.738732661984045,5.561267338015956,18.980434600737052
4453,9.5,2.3593741183804764,9.584324844538795,0.08432484453879496,0.8876299425136313
3801,8.9,2.3338967461471247,9.318070196942696,0.4180701969426952,4.69741794317635
2572,56.99,3.4590364862191807,30.7863351833748,26.203664816625203,45.97940834642078
208,2.25,1.4898853422784681,3.4365868009060225,1.1865868009060225,52.73719115137878
3682,29.8,3.2163603268288283,23.93719157936473,5.862808420635272,19.673853760521045
747,2.5,1.518322999065717,3.564563994933594,1.0645639949335939,42.582559797343755
5101,9.9,2.039495739224458,6.686732103935589,3.213267896064411,32.45725147539809
6260,40.99,3.8136653517700383,44.31623477187375,3.32623477187375,8.114746942848866
798,5.0,1.560091302108896,3.759255755388944,1.2407442446110561,24.814884892221123
88,6.99,2.5263302205960465,11.5075219658887,4.517521965888699,64.62835430455935
734,1.7,1.935621803755803,5.928350790810627,4.228350790810627,248.72651710650743
1221,4.8,2.0436082210610227,6.718408740247034,1.9184087402470338,39.966848755146536
3574,14.5,2.2886895400905782,8.86200544667211,5.637994553327889,38.88272105743372
1480,6.9,1.8822963546555243,5.568571325942769,1.3314286740572312,19.29606773995987
3936,10.49,2.870795291906159,16.65105035675124,6.161050356751241,58.732605879420795
6199,28.99,3.2453487362108837,24.670660788390265,4.3193392116097336,14.89941087136852
852,13.5,2.5174278060433757,11.396668982048185,2.103331017951815,15.580229762606038
486,7.89,1.973883449785379,6.198577591617934,1.6914224083820653,21.437546367326558
2678,3.6,1.5810776576884562,3.8601906118494744,0.26019061184947434,7.227516995818732
3195,4.0,1.6788353359818293,4.359310538766064,0.35931053876606356,8.982763469151589
1430,8.4,2.2286692925842964,8.287498909094204,0.11250109090579663,1.3392987012594837
1536,14.9,2.8956488576826307,17.09523886764461,2.19523886764461,14.733146762715505
1891,6.0,2.062786564763635,6.867863603397591,0.8678636033975913,14.464393389959854
6513,39.99,2.9577000273111316,18.25363795032845,21.736362049671552,54.354493747615784
1919,5.6,2.1523993360447755,7.605481087858667,2.0054810878586675,35.812162283190496
4302,14.8,2.7986001749979654,15.421643247607204,0.6216432476072029,4.200292213562181
198,5.0,1.5148040659239022,3.5485298275411816,1.4514701724588184,29.029403449176368
4629,6.6,1.8941383119797575,5.646818452438641,0.9531815475613588,14.442144660020586
2882,3.85,1.8159902224247078,5.147160220568513,1.297160220568513,33.692473261519815
1057,8.9,2.2886895400905782,8.86200544667211,0.03799455332788959,0.4269050935717931
73,7.0,2.189973990390811,7.934980716319922,0.934980716319922,13.356867375998885
548,27.8,3.2149150301037137,23.901175970931344,3.898824029068656,14.02454686715344
6352,13.69,2.8080669417441797,15.577841292517473,1.8878412925174732,13.7899290907047
2963,4.0,1.7544930333084783,4.780516469680931,0.780516469680931,19.512911742023277
6569,27.3,3.5686142459697487,34.46740997529082,7.16740997529082,26.254248993739264
1512,34.99,2.9073069723187954,17.307429706030145,17.682570293969857,50.53606828799616
3912,10.9,2.2518731487366943,8.505524431895903,2.394475568104097,21.967665762422907
1582,1.9,1.2316530503784051,2.426889678030074,0.526889678030074,27.73103568579337
6697,15.44,3.0022485560236474,19.1307511925831,3.690751192583102,23.90382896750714
5822,10.08,2.3706435908891725,9.7042792442777,0.3757207557223001,3.7273884496259937
2865,6.9,1.9329091658722288,5.909582151754381,0.9904178482456194,14.353881858632164
3647,10.8,2.484151027637052,10.990935959114926,0.19093595911492578,1.7679255473604236
5349,20.499,2.6343513104506506,12.93427051511037,7.564729484889629,36.90291958090457
4428,3.0,1.6007275232869504,3.9566371819384143,0.9566371819384143,31.88790606461381
6213,25.55,3.0845537590425627,20.857710859656283,4.692289140343718,18.365123836961715
4359,28.8,3.36272013568687,27.86760798898718,0.9323920110128192,3.237472260461178
1452,3.6,2.0568507892723606,6.821300063527254,3.2213000635272535,89.48055732020148
7037,24.89,3.2439801512684294,24.635552338500275,0.2544476614997251,1.022288716350844
2020,1.9,1.3056217342259988,2.6899825691216175,0.7899825691216176,41.578029953769345
4903,29.49,3.4445967361779233,30.33064638259688,0.84064638259688,2.8506150647571378
5220,6.9,1.8941383119797575,5.646818452438641,1.2531815475613595,18.162051413932744
6818,12.35,2.74618188942542,14.583020459899382,2.2330204598993824,18.081137327120505
4814,10.0,2.7417646951965184,14.514339033129742,4.514339033129742,45.143390331297425
5267,8.8,2.2356125467999854,8.352208763567868,0.44779123643213303,5.0885367776378745
2098,9.2,2.5455528725424235,11.75027541493395,2.5502754149339513,27.720384944934256
1880,13.5,2.4329648500811505,10.392609436029026,3.1073905639709736,23.01770788126647
937,9.5,2.2294013908454775,8.294300760404234,1.2056992395957664,12.691570943113332
7120,29.999,3.3054557800813593,26.260963761977866,3.738036238022133,12.46053614461193
2855,13.5,2.605925674064813,12.543756606132002,0.9562433938679984,7.083284399022211
6139,14.99,3.1386288250105228,22.07220912343275,7.082209123432749,47.246224972866905
5985,12.49,2.3885368248666436,9.89753726663932,2.59246273336068,20.756306912415372
1295,7.0,2.6079635817252282,12.571385674653518,5.571385674653518,79.59122392362168
1175,45.9,3.5317003333560075,33.182039091572555,12.717960908427443,27.70797583535391
2197,5.5,1.5243122745835018,3.5919844587064578,1.9080155412935422,34.691191659882584
2614,41.9,3.4891667982107015,31.758641773195045,10.141358226804954,24.203718918388912
6148,27.36,2.885123432666501,16.905777616999885,10.454222383000115,38.209877130848376
4335,4.0,1.949345026782719,6.024085485760321,2.024085485760321,50.60213714400803
4914,11.5,2.4288247348004077,10.345540222832474,1.154459777167526,10.038780671021966
1321,7.2,1.8770910074266043,5.534468467007635,1.6655315329923654,23.13238240267174
1181,12.79,2.6434212142001563,13.061227882729362,0.27122788272936305,2.120624571769844
6150,22.799,3.169127504169776,22.786721484676224,0.012278515323774997,0.05385549946828807
3438,12.6,2.269307208647449,8.67269733121657,3.9273026687834296,31.169068799868487
6343,34.99,3.338299063481926,27.171168560729686,7.8188314392703155,22.34590294161279
4301,12.6,2.4288247348004077,10.345540222832474,2.2544597771675257,17.89253791402798
620,7.9,2.188745291207261,7.924009054624957,0.024009054624956505,0.3039120838602089
6864,24.89,3.02983983473543,19.69391787711393,5.196082122886072,20.876183699823507
5159,16.0,2.5294636549330853,11.546774930865222,4.453225069134778,27.83265668209236
2492,15.5,2.4920830661315145,11.086426742344004,4.413573257655996,28.474666178425778
478,14.0,2.8081612905004807,15.57940546501328,1.5794054650132807,11.281467607237719
3968,5.3,2.0860349993187843,7.052921938666142,1.7529219386661419,33.0739988427574
2276,3.7,1.9319951984829344,5.903269904027719,2.203269904027719,59.54783524399241
5227,6.9,2.097022346734775,7.141890056499074,0.24189005649907358,3.5056529927401963
1897,12.5,2.038232021988884,6.677024383289473,5.822975616710527,46.58380493368421
7044,14.766,2.748924003010751,14.62580951141112,0.14019048858888006,0.9494141174920768
2206,1.4,1.037586656468313,1.82239737414745,0.42239737414745004,30.171241010532146
1033,4.5,1.717048316985065,4.568069009957658,0.06806900995765819,1.5126446657257375
5948,10.59,2.221667439928011,8.222696343944122,2.367303656055878,22.354142172387892
286,12.3,2.8545652093830665,16.36688460740271,4.066884607402709,33.06410249920902
550,3.2,1.294285412363417,2.648387949498998,0.551612050501002,17.237876578156314
7008,10.099,2.437346506686122,10.442637461185406,0.3436374611854056,3.4026880006476445
5668,25.79,3.27837980835087,25.53274971702656,0.25725028297343755,0.9974807404941355
5015,2.5,1.2205195297898848,2.388947935752013,0.11105206424798686,4.442082569919474
2825,12.5,2.5223698600918825,11.458085627366462,1.0419143726335385,8.335314981068308
1055,10.799,2.610790519414957,12.609805415840047,1.810805415840047,16.768269430873666
2091,6.5,1.907671601711421,5.737383209658864,0.762616790341136,11.732566005248248
6540,25.79,3.1156416255053467,21.54789301644294,4.242106983557058,16.448650576025816
2571,3.5,1.4977151741747385,3.471460880674936,0.028539119325063922,0.8154034092875406
1677,10.3,2.1238978474863197,7.363674361693571,2.93632563830643,28.508015905887667
1174,1.8,1.0668120346843961,1.9061001701989024,0.10610017019890239,5.8944538999390215
6021,78.2,4.181098097303273,64.43767070523054,13.762329294769458,17.59888656620135
5916,12.54,3.124624385698361,21.751347756777253,9.211347756777254,73.45572373825561
5389,3.9,1.8186044963078967,5.16325160546795,1.2632516054679503,32.39106680687052
2087,14.0,2.537477257343821,11.647723738275893,2.352276261724107,16.801973298029335
1370,46.5,3.4590364862191807,30.7863351833748,15.7136648166252,33.79282756263484
6314,16.899,3.0259776658453474,19.614148611618294,2.715148611618293,16.066918821340273
2934,5.0,1.8870399455644604,5.59980396002328,0.5998039600232801,11.996079200465601
3107,16.99,2.839754587120674,16.1115656232211,0.8784343767788982,5.170302394225417
1188,7.8,1.8913136202054923,5.628069731176521,2.1719302688234787,27.84525985671127
2029,6.699999,2.1516672377835944,7.599183335685609,0.8991843356856091,13.420663729735018
4209,4.888888,1.9765628211380513,6.217891116695445,1.3290031166954455,27.18415960225404
5027,4.5,1.8047306899908881,5.078334271818069,0.5783342718180693,12.851872707068207
7009,23.5,3.3793710126558834,28.352303078661123,4.852303078661123,20.648098207068607
7093,40.9,4.0577445915243135,56.84370266940231,15.943702669402313,38.98215811589808
3956,7.2,2.545373728898471,11.747991488716263,4.547991488716263,63.16654845439253
833,9.0,2.0838597758140582,7.035424071368949,1.9645759286310511,21.828621429233902
1393,5.4,2.113525392305359,7.277370887453559,1.8773708874535586,34.76612754543627
549,24.9,3.1493840752081477,22.32169574573821,2.5783042542617878,10.35463555928429
1020,5.5,1.889141119131326,5.613685872697254,0.11368587269725428,2.0670158672228047
248,3.6,1.700147156169918,4.474752976131603,0.8747529761316026,24.298693781433407
2648,6.5,1.7150861616913242,4.557154305548224,1.9428456944517762,29.889933760796556
296,6.3,1.9903441878623787,6.318052113605488,0.01805211360548853,0.28654148580140526
1559,7.39,1.699352856619797,4.470406108891526,2.919593891108474,39.50735982555445
1563,12.8,2.5145040805017103,11.360477457137627,1.439522542862374,11.246269866112296
6766,13.69,2.6606185662611934,13.305135036391563,0.38486496360843603,2.8112853441083714
3260,9.7,2.595026075354637,12.39693668672859,2.6969366867285913,27.803470997201973
100,1.4,1.1230705744724638,2.074279529549056,0.674279529549056,48.162823539218294
4204,43.5,3.447174830558449,30.411523956186546,13.088476043813454,30.088450675433226
3197,7.0,1.795870114691225,5.024714634528077,1.9752853654719233,28.21836236388462
2937,17.5,2.845865401106895,16.21645135998406,1.2835486400159404,7.334563657233945
7017,15.99,2.6666142788357865,13.391162153632312,2.5988378463676884,16.252894598922378
1499,6.0,1.9531130899825366,6.050602611519621,0.0506026115196212,0.8433768586603533
4872,7.0,2.225187953547698,8.255222192285439,1.255222192285439,17.9317456040777
1656,5.0,1.86581289094361,5.46118599139794,0.46118599139794014,9.223719827958803
6788,13.29,2.724715153590557,14.252068811005818,0.9620688110058193,7.239042972203307
346,4.0,1.700147156169918,4.474752976131603,0.4747529761316027,11.868824403290068
1718,7.5,2.188450218893956,7.921376215087383,0.421376215087383,5.6183495344984395
1665,1.7,1.2731870062200956,2.572219124652107,0.8722191246521069,51.307007332476886
681,6.0,1.9819254716939465,6.256702116408793,0.2567021164087926,4.27836860681321
6514,69.99,3.4458395073773516,30.36960741238896,39.620392587611036,56.60864778912851
3898,3.9,1.7963137858624383,5.027388219778697,1.1273882197786969,28.907390250735816
6186,20.45,3.126668505900008,21.79790181117288,1.347901811172882,6.59120690060089
6408,54.999,3.6123339277407043,36.0524296704116,18.946570329588404,34.448936034452274
7289,23.79,3.1439928409739917,22.19630134026081,1.5936986597391893,6.699027573514877
5761,17.75,2.9513719455623466,18.13218404583311,0.3821840458331103,2.153149553989354
7063,49.59,3.552211080429003,33.890377694330176,15.699622305669827,31.65884715803554
1793,3.8,2.017097651073801,6.516477803718442,2.7164778037184423,71.48625799259058
3542,5.9,2.2075804717245187,8.09368732020511,2.1936873202051093,37.18114102042558
6741,18.8,3.16945926929961,22.794614398642324,3.994614398642323,21.247948928948528
1706,6.2,2.07139044055046,6.935849777448581,0.735849777448581,11.868544797557758
1414,5.6,1.7552299482290383,4.784777788437829,0.8152222115621708,14.557539492181624
4761,2.9,1.4710222822094234,3.353683560154492,0.45368356015449196,15.644260694982481
3066,8.8,1.889141119131326,5.613685872697254,3.1863141273027464,36.208115082985756
2991,8.0,1.9294890258807138,5.885990779406907,2.1140092205930934,26.425115257413665
6041,9.75,2.3962033010255044,9.98140404684871,0.2314040468487093,2.3733748394739416
84,37.9,3.4587562537948693,30.777428869583623,7.122571130416375,18.79306366864479
5327,9.5,2.159336831667363,7.665389140888514,1.8346108591114856,19.311693253805114
3207,9.0,2.5805288212511224,12.204118932398988,3.2041189323989876,35.60132147109986
5025,3.99,1.6990739456060946,4.4688805651336985,0.47888056513369825,12.002019176283165
1561,1.2,1.3779996449690037,2.966958360352365,1.7669583603523649,147.24653002936375
6072,8.39,3.3696123469730654,28.06725686336795,19.677256863367948,234.53226297220436
2948,8.9,2.4554158085082745,10.651277241994762,1.751277241994762,19.67727238196362
3528,7.8,2.113525392305359,7.277370887453559,0.5226291125464408,6.700373237774883
1297,5.0,1.886198818246776,5.59425501863139,0.5942550186313902,11.885100372627804
4866,8.499,2.1554357072183707,7.6316502320806965,0.8673497679193041,10.205315542055583
6289,13.28,2.832924916555645,15.995097439540906,2.715097439540907,20.44501083991647
4506,14.2,2.667739173198168,13.40735979941924,0.7926402005807596,5.581973243526476
1912,18.5,2.7704849236447076,14.966374605409847,3.5336253945901532,19.100677808595425
6456,79.99,3.803517948814707,43.85871790707922,36.13128209292078,45.16974883475532
5998,9.494,2.6371167368421977,12.972858045435409,3.478858045435409,36.64270113161375
6127,18.99,2.9557175113884937,18.215505118486046,0.7744948815139523,4.07843539501818
6875,44.199,3.4354550463924376,30.04553651114979,14.153463488850207,32.02213509095275
1817,12.2,2.338349221619604,9.36411357886654,2.835886421133459,23.244970665028355
3722,7.6,2.2200480620154717,8.20777339939522,0.6077733993952208,7.997018413095011
5451,9.79,2.614124711528971,12.655258854871597,2.8652588548715983,29.26719974332583
6187,36.99,3.486850033311958,31.682835548311708,5.307164451688294,14.34756542765151
7164,8.99,2.5723659945068724,12.09677470943408,3.106774709434079,34.558116901380195
3089,1.2,1.0371491881349506,1.8211629347058653,0.6211629347058654,51.76357789215545
4845,6.0,1.904538239631243,5.716305587745643,0.28369441225435743,4.72824020423929
3142,3.2,1.1442846626632768,2.1401942550218926,1.0598057449781075,33.11892953056586
1623,5.5,1.795694946581202,5.023659389077492,0.4763406109225077,8.66073838040923
6834,18.38,2.9933585042203794,18.95258091657714,0.5725809165771416,3.1152389367635562
5459,16.79,3.1626477622746925,22.633087959272036,5.843087959272037,34.80100035301987
5605,47.95,3.5781704607788374,34.80796879868854,13.142031201311461,27.407781441734013
6392,26.4,3.2516724240739325,24.8335083904806,1.5664916095193995,5.933680339088634
1199,2.0,1.4486610521548609,3.257410246886222,1.2574102468862218,62.870512344311095
373,6.0,1.537347398420414,3.652233367683361,2.347766632316639,39.129443871943984
2457,5.7,1.8770910074266043,5.534468467007635,0.16553153299236545,2.904061982322201
5260,4.99,1.699352856619797,4.470406108891526,0.5195938911084745,10.412703228626743
3819,21.09,3.1188595260738183,21.620566759927954,0.5305667599279538,2.5157266947745556
7284,23.3,3.2816283541620366,25.619082722417026,2.3190827224170256,9.953144731403544
1317,8.0,2.4084371038179637,10.116573510773684,2.1165735107736836,26.457168884671045
1446,13.0,2.7665313695148415,14.903375296797687,1.9033752967976874,14.641348436905288
3799,18.9,2.862696420486756,16.508674091252708,2.391325908747291,12.652518035699952
3482,3.7,1.7476249194007687,4.740951248870851,1.0409512488708508,28.13381753705002
1488,6.399,1.9803110849141488,6.244996443731062,0.1540035562689379,2.4066816107038274
4486,4.0,1.677777520329301,4.353644373598857,0.3536443735988568,8.841109339971421
6067,102.0,4.07453664270761,57.82321810562898,44.17678189437102,43.31057048467747
812,5.123,1.5869176011237793,3.8886568899311245,1.2343431100688758,24.094146204740888
3580,34.5,3.4673892332193326,31.052950333564347,3.447049666435653,9.991448308509138
4317,3.95,1.3194572466817507,2.741390174157724,1.2086098258422764,30.597717109931043
3366,3.9,1.4050103741035458,3.0755690214232523,0.8244309785767476,21.139255860942246
3651,4.0,1.5466728473312985,3.6958204509592107,0.30417954904078925,7.604488726019731
6684,40.5,3.4891343670689254,31.75757939026655,8.74242060973345,21.586223727736915
1511,3.5,1.3193418428218113,2.740958428203141,0.759041571796859,21.68690205133883
7149,18.29,2.9970237274083162,19.025845762799253,0.7358457627992543,4.023213574626869
1801,3.4,1.452451027605203,3.2735763424058337,0.12642365759416618,3.718342870416653
4516,4.6,1.8770910074266043,5.534468467007635,0.9344684670076351,20.31453189147033
921,7.8,2.2740284535116935,8.71847247662216,0.9184724766221608,11.775288161822575
322,15.0,2.7523870552887586,14.680016312955155,0.3199836870448447,2.1332245802989647
3838,2.5,1.323291137290447,2.7557617868015845,0.25576178680158446,10.230471472063378
5634,27.49,3.3532021902321905,27.594151108972763,0.10415110897276492,0.3788690759285738
7262,9.08,2.8062019343574427,15.546952309095207,6.466952309095207,71.22194173012343
4402,6.85,2.171440817802606,7.770912227580592,0.9209122275805921,13.443974125264118
6217,10.45,2.5009842095343666,11.194489989746693,0.7444899897466932,7.124306121977926
1569,5.9,2.117243830939555,7.308207078863328,1.4082070788633274,23.867916590903853
4661,17.5,2.8497048544532557,16.282680181647297,1.2173198183527028,6.956113247729729
231,12.9,2.4614287855498964,10.72154715853137,2.17845284146863,16.887231329214185
1545,1.8,1.2939126427565362,2.6470281948106704,0.8470281948106704,47.05712193392613
1420,1.0,1.0723134307714293,1.922131836142249,0.922131836142249,92.2131836142249
1079,5.9,2.2432359468283662,8.423776841560146,2.523776841560146,42.77587867051094
3103,7.9,2.0398381584389274,6.6893646393940935,1.2106353606059068,15.324498235517808
1115,4.75,1.8966302050330799,5.663402267131809,0.9134022671318087,19.22952141330124
6946,14.45,2.992310454692365,18.93168057777305,4.4816805777730515,31.015090503619735
1941,10.9,2.338349221619604,9.36411357886654,1.5358864211334602,14.090701111316148
1867,10.95,2.11697731090152,7.305993070248601,3.6440069297513986,33.27860209818629
2586,6.65,2.3453377541963967,9.436797204364707,2.7867972043647065,41.90672487766476
2751,11.5,2.293008385923412,8.904690035530624,2.595309964469376,22.56791273451631
1425,9.59,2.2294013908454775,8.294300760404234,1.2956992395957663,13.510940975972538
5395,14.5,2.6180844868639794,12.70943780952943,1.7905621904705704,12.348704761866003
4053,32.5,3.0787663215173686,20.731576074274905,11.768423925725095,36.21053515607721
7283,16.95,2.9942423246249463,18.97022320987596,2.0202232098759616,11.918721002218064
4333,4.49,2.1976258308897387,8.003612006598454,3.5136120065984535,78.2541649576493
1618,9.0,2.7230405057445526,14.226548341688073,5.226548341688073,58.0727593520897
2402,16.8,2.7701856091246837,14.961596352794174,1.8384036472058263,10.942878852415632
265,15.3,2.733719558287976,14.390024784648284,0.9099752153517162,5.9475504271354
0,9.99,2.2294013908454775,8.294300760404234,1.6956992395957666,16.973966362319988
4015,16.5,2.651406034179228,13.173953704831561,3.326046295168439,20.157856334354175
5187,3.5,1.4722475174962044,3.359021116093083,0.14097888390691704,4.027968111626201
838,1.2,1.4069111232606752,3.0833230226767174,1.8833230226767175,156.9435852230598
14,21.9,2.7935810985993332,15.339428259799455,6.560571740200544,29.956948585390613
3263,2.6,1.2063924152894088,2.3414084686148375,0.25859153138516255,9.94582813019856
4912,21.0,2.721981854806761,14.210437271511287,6.789562728488713,32.33125108804149
6477,29.155,3.32865524822568,26.900796818592518,2.254203181407483,7.731789337703596
8,16.5,2.685663518741,13.667930598990392,2.8320694010096084,17.164056975815807
1039,8.5,2.77028859995971,14.963240335587033,6.463240335587033,76.03812159514156
2759,11.9,2.484151027637052,10.990935959114926,0.9090640408850739,7.639193620882974
3992,15.5,2.5861368653788106,12.278376238547061,3.221623761452939,20.784669428728638
6472,12.99,2.6723362753277797,13.47374437526207,0.48374437526207004,3.7239751752276367
4141,32.79,3.255768321803973,24.939536791368404,7.850463208631595,23.94163833068495
6629,18.1,2.8557679249497445,16.387784595716017,1.7122154042839846,9.459753614828644
339,4.1,1.5623849716412064,3.770184443920262,0.3298155560797378,8.04428185560336
1956,3.3,1.6654855604289829,4.288240386731007,0.9882403867310074,29.946678385788104
4220,6.5,1.9053527266799508,5.721778160029112,0.7782218399708878,11.972643691859812
2770,29.999999,2.544033856011366,11.730922238421966,18.269076761578035,60.89692456849094
1090,23.5,3.193832978205771,23.38170310372524,0.11829689627476014,0.5033910479777027
4512,8.999,1.9165102764817785,5.797196695229116,3.201803304770885,35.57954555807184
1883,6.0,2.34228622235664,9.404997528927687,3.4049975289276873,56.749958815461454
622,5.3,2.0901425488673,7.086067741951318,1.7860677419513182,33.69939135757205
7220,12.5,2.6922569529870923,13.764962169035627,1.264962169035627,10.119697352285016
5192,3.8,2.0436082210610227,6.718408740247034,2.918408740247034,76.8002300065009
5045,2.8,2.097403346989083,7.144992709699446,4.344992709699446,155.17831106069454
4331,16.5,3.1160275298523015,21.55659602552917,5.056596025529171,30.64603651835861
4952,4.7,1.5738183273928452,3.825036634443223,0.874963365556777,18.616241820356958
3032,8.4,1.9312679510204314,5.898251343595899,2.501748656404101,29.78272210004882
4568,5.999,1.8763589091654231,5.529686344710494,0.46931365528950586,7.823198121178628
889,4.5,2.089161698568894,7.078140408392988,2.578140408392988,57.29200907539974
1507,3.1,1.3172334917052133,2.733079483033902,0.3669205169660983,11.836145708583816
3688,10.0,1.9947739624947867,6.350541342069284,3.649458657930716,36.49458657930717
196,1.9,0.7634498491206418,1.145665689784063,0.754334310215937,39.70180580083879
5533,12.99,2.542941122251463,11.717018327917062,1.2729816720829383,9.799704942901757
3980,11.2,2.639139012122888,13.00114360181231,1.80114360181231,16.081639301895624
2789,3.8,1.6698363517738115,4.3112985414719605,0.5112985414719606,13.455224775577912
6575,38.0,2.661698596654074,13.3205933632339,24.6794066367661,64.94580693885815
4236,21.5,2.5344329396170004,11.609278597998603,9.890721402001397,46.00335535814603
432,4.2,2.136356002335962,7.46852206036049,3.26852206036049,77.8219538181069
2598,10.9,2.4615121582072406,10.722524455805532,0.17747554419446843,1.6282160017841139
6091,28.99,3.285963258905452,25.734724377065447,3.255275622934551,11.228960410260612
1694,23.5,3.243135110633463,24.61389840558962,1.1138984055896195,4.739993215274977
5357,29.9,3.2190484152602523,24.004315132165754,5.895684867834245,19.718009591418877
1108,13.9,2.722873388331654,14.224003932935258,0.3240039329352573,2.330963546296815
6353,37.5,3.766610940815088,42.233296073167956,4.733296073167956,12.622122861781218
6690,60.89,3.834466325359786,45.268728630806564,15.621271369193437,25.654904531439378
6262,110.99,4.326510402208885,74.67973341504054,36.31026658495945,32.71489916655505
4825,1.65,1.460080650264198,3.3063068191231517,1.6563068191231518,100.3822314620092
1277,4.6,1.8737860289675181,5.512907837815467,0.9129078378154674,19.845822561205814
1195,5.9,1.867693291355708,5.473347038434377,0.4266529615656234,7.231406128230904
6062,18.19,3.0985866892011664,21.166600836363283,2.976600836363282,16.36394082662607
604,9.0,2.4062125336351885,10.091871398784848,1.091871398784848,12.131904430942758
3742,6.2,1.628359401558421,4.095508174573564,2.104491825426436,33.94341653913606
1593,17.9,2.832545677814058,15.988653462154957,1.9113465378450414,10.677913619246041
1219,19.4,2.94470446333326,18.005044868806337,1.3949551311936617,7.190490366977638
2229,7.0,2.1545547177285815,7.624049187658445,0.6240491876584446,8.914988395120638
4519,4.1,1.5274974713480651,3.6066341514385236,0.49336584856147603,12.033313379548197
1652,3.3,1.4605728712685948,3.308426995545778,0.008426995545778304,0.25536350138722136
4657,5.9,2.0811701455873517,7.013840790435902,1.1138407904359013,18.878657465015277
4865,5.9,1.5894121694117045,3.9008672017757178,1.9991327982242826,33.88360674956411
6264,11.09,2.4561923483143593,10.660328436416448,0.4296715635835522,3.874405442592896
4955,38.0,3.5999822135651085,35.597583497352936,2.402416502647064,6.3221486911764835
1158,12.0,2.435468866704846,10.421172465670216,1.5788275343297844,13.15689611941487
4818,10.8,2.464576405824193,10.758500264677295,0.04149973532270579,0.3842568085435721
3256,8.8,2.156495583643662,7.64080356451681,1.1591964354831905,13.172686766854437
5728,38.699,3.6975409393541026,39.34796417750865,0.6489641775086525,1.6769533515301496
4650,17.5,2.8545652093830665,16.36688460740271,1.1331153925972899,6.474945100555943
7219,15.49,2.9865028020633115,18.816259787010715,3.3262597870107147,21.473594493290605
5702,14.19,2.757100394143585,14.754095987247497,0.564095987247498,3.975306464041565
2807,4.59,1.3391212733577935,2.815689084115932,1.774310915884068,38.65601123930432
2851,8.6,2.6180285161906847,12.708670504538226,4.108670504538226,47.7752384248631
4559,10.49,2.2732963552505123,8.711360203579716,1.7786397964202845,16.955574799049423
2995,6.5,2.0706704026006704,6.930137721140431,0.43013772114043114,6.617503402160479
904,5.95,1.6218149898826044,4.062269952317372,1.887730047682628,31.726555423237446
6841,21.169,2.8856500027159844,16.915208746062838,4.2537912539371625,20.09443645867619
2357,23.8,3.33978880665704,27.21316764298359,3.4131676429835878,14.341040516737763
3383,12.8,2.5075937459675823,11.275356867510354,1.524643132489647,11.911274472575368
3470,9.0,2.7447198511001676,14.560254133440079,5.560254133440079,61.78060148266754
1616,7.8,2.2294013908454775,8.294300760404234,0.49430076040423376,6.3371892359517155
3575,5.8,2.0198609489743786,6.537276794722516,0.7372767947225158,12.711668874526136
6977,26.95,3.3222698533630473,26.723206808502766,0.22679319149723298,0.8415331780973395
5006,10.9,2.3338967461471247,9.318070196942696,1.5819298030573048,14.513117459241329
3820,3.65,1.5965066958910954,3.935760162072606,0.28576016207260624,7.829045536235787
1860,7.5,1.8417791688061476,5.307750837062421,2.1922491629375793,29.229988839167724
2088,4.99,1.614490608995909,4.025327414796365,0.9646725852036351,19.33211593594459
7077,27.52,3.0365548616079523,19.833345698622548,7.686654301377452,27.93115661837737
6930,27.699,3.2776929458656445,25.514531623994635,2.1844683760053663,7.886452131865288
5213,4.1,2.162607996463243,7.693781469463925,3.5937814694639254,87.65320657229087
2251,3.2,1.1532575750917125,2.1684977355064246,1.0315022644935756,32.23444576542423
3784,14.0,2.774245955250143,15.026537711678053,1.0265377116780527,7.332412226271805
3127,6.5,1.889141119131326,5.613685872697254,0.8863141273027457,13.635601958503779
254,11.7,2.2740284535116935,8.71847247662216,2.9815275233778387,25.483141225451618
6705,16.78,2.824127088890404,15.84623330182287,0.9337666981771306,5.564759822271339
4989,2.999999,1.700147156169918,4.474752976131603,1.4747539761316029,49.15848225721418
221,14.85,2.6652973068319397,13.37222187062192,1.4777781293780805,9.95136787459987
267,2.9,1.296558991470834,2.656692284821171,0.24330771517882877,8.38992121306306
107,8.1,1.8898732173925072,5.6185295134187925,2.481470486581207,30.635438105940832
4800,5.5,1.6548889042352146,4.232498581454775,1.2675014185452254,23.045480337185918
1226,5.4,2.196253283505084,7.991262599498297,2.5912625994982967,47.98634443515364
4938,4.9,1.9068577868868397,5.73190245778501,0.8319024577850094,16.9776011792859
3418,9.5,2.2200110175209367,8.207432308401659,1.2925676915983413,13.605975701035172
4154,8.5,1.9803480886619318,6.245264540712421,2.254735459287579,26.52629952103034
1758,6.99,2.279616056075966,8.772927433000815,1.7829274330008147,25.506830228910083
2284,9.99,2.224352847366537,8.247496325433227,1.7425036745667732,17.442479224892622
2526,3.3,1.4913659412895077,3.4431604722205735,0.1431604722205737,4.338196127896174
4004,15.0,2.14346179889294,7.528911960329241,7.471088039670759,49.807253597805065
1210,15.5,2.9722308722826565,18.535452118888635,3.035452118888635,19.583562057346033
6664,11.5,2.6572683311318244,13.257289661841241,1.7572896618412415,15.280779668184707
2464,13.6,2.4679797622848656,10.798586808226412,2.8014131917735874,20.598626410099907
4240,13.5,2.6370314424842576,12.971666290305551,0.5283337096944489,3.913583034773696
4198,14.5,2.66587777233828,13.38056687142553,1.1194331285744692,7.720228472927373
376,4.5,1.7226302976153092,4.599236771310816,0.09923677131081643,2.2052615846848096
755,1.8,1.2803322754757702,2.597834999314348,0.7978349993143479,44.32416662857488
291,12.49,2.6543761967334842,13.216115233673236,0.7261152336732355,5.813572727567938
5091,1.7,1.528093798278781,3.6093820306787485,1.9093820306787486,112.31659003992638
1465,1.35,1.2212697588780763,2.3914913770343014,1.0414913770343013,77.14750940994823
188,4.7,1.9289061282836915,5.881978121526405,1.181978121526405,25.14847067077457
1870,33.0,2.642939301101357,13.054453225356648,19.945546774643354,60.441050832252586
1201,8.7,2.4778314321637476,10.91539703363426,2.215397033634261,25.464333719934036
1649,4.0,1.4827707917979764,3.4051344973185707,0.5948655026814293,14.871637567035734
6030,128.96,4.768568954882139,116.75061489041126,12.209385109588752,9.467575302100457
3706,30.49,3.033527004531729,19.770360708321956,10.719639291678043,35.15788550894734
4176,6.5,2.003623346803133,6.415877774496748,0.08412222550325232,1.2941880846654203
501,10.0,2.4303671780949068,10.363053578478427,0.3630535784784268,3.6305357847842683
6193,26.99,3.062168816049723,20.373862906471228,6.616137093528771,24.513290453978403
2605,5.5,1.8966302050330799,5.663402267131809,0.16340226713180872,2.970950311487431
6874,64.89,4.393492423893045,79.92254186606789,15.032541866067888,23.166191810861285
3312,23.5,2.8532376989167356,16.343845182241346,7.1561548177586545,30.45172262876023
2812,6.5,2.0193368715714617,6.533327713177458,0.03332771317745831,0.512734048883974
4763,5.5,2.0743757838294137,6.959576411696995,1.459576411696995,26.537752939945364
6753,76.79,3.8805615389622075,47.45141479095848,29.338585209041526,38.20625759739748
672,7.9,1.889141119131326,5.613685872697254,2.286314127302746,28.94068515573096
4766,13.8,2.732510986586737,14.371436071371233,0.5714360713712328,4.1408410968929905
3753,7.35,2.084407312635977,7.039824966643911,0.31017503335608865,4.22006848103522
1374,12.8,2.662414307371795,13.330846434066764,0.5308464340667634,4.1472377661465885
7043,23.99,3.6140274966878403,36.11523368116746,12.125233681167462,50.54286653258634
6988,15.58,2.875362834959506,16.731856691915127,1.1518566919151265,7.393175172754342
5718,79.99,4.328293310941049,74.81478382810003,5.175216171899962,6.469828943492889
1192,4.9,1.8900464542844446,5.619676186221041,0.719676186221041,14.687269106551856
3053,52.9,3.5470581410323803,33.71105211626332,19.18894788373668,36.27400356093891
3950,2.8,1.3664159664687077,2.9212715118245893,0.1212715118245895,4.331125422306768
216,13.0,2.526486640774375,11.509478547725504,1.4905214522744963,11.465549632880741
4697,6.49,2.0942865747378,7.119646142691918,0.629646142691918,9.70178956382
421,1.2,1.0792606102304534,1.9425030898566042,0.7425030898566043,61.87525748805036
505,3.9,1.8049137796786145,5.079447254026467,1.1794472540264667,30.242237282729917
4836,2.9,1.3775394063800934,2.9651330331095673,0.06513303310956742,2.2459666589506004
6453,19.9,2.942363370923061,17.960604342495056,1.9393956575049422,9.745706821632877
6845,49.5,3.589837511472763,35.22818878315296,14.271811216847041,28.831941852216247
6252,20.59,3.117868873246457,21.598168727679475,1.0081687276794753,4.89639984302805
506,16.3,2.7665313695148415,14.903375296797687,1.3966247032023134,8.568249712897627
1807,8.9,1.9118212944370447,5.76539936877651,3.13460063122349,35.220231811499886
4436,20.89,3.1236232909780624,21.72858289944873,0.8385828994487277,4.014279078261023
1438,5.99,1.3644833031876604,2.9137003329849858,3.0762996670150144,51.35725654449106
5520,76.49,4.298622745706779,72.59836020820278,3.8916397917972176,5.087775907696716
7069,41.599,3.1990251874527615,23.508627231206074,18.090372768793923,43.48751837494633
4704,3.8,1.3462946832648708,2.8431589946634714,0.9568410053365284,25.18002645622443
1426,27.9,3.382623528298799,28.447927328965452,0.5479273289654536,1.9638972364353178
2859,7.5,1.9903441878623787,6.318052113605488,1.1819478863945116,15.759305151926823
3016,5.0,1.7403901475456451,4.699566660892311,0.30043333910768943,6.008666782153789
2688,20.49,3.056701583676353,20.25732588900255,0.23267411099744706,1.1355495900314645
4664,12.0,1.7257052813824045,4.6164808325072135,7.3835191674927865,61.52932639577322
2280,2.95,1.7177828053150987,4.572160193945819,1.6221601939458186,54.98848115070572
347,6.5,2.0479639440991955,6.752101315509252,0.2521013155092522,3.8784817770654185
4320,12.99,2.8605081048578427,16.470401477649602,3.480401477649602,26.792929004230963
333,11.5,2.050864120654865,6.774616411096604,4.725383588903396,41.090292077420834
4386,6.5,1.9548572429167668,6.062910671201634,0.4370893287983657,6.724451212282549
3381,7.75,1.8243480229223963,5.198752256972661,2.5512477430273393,32.919325716481794
5781,18.355,3.086293762654444,20.895776463039237,2.5407764630392364,13.84242148209881
6380,15.89,2.5954272084199905,12.402311718987594,3.4876882810124066,21.94895079302962
5832,83.49,4.468260253591156,86.20487659372138,2.7148765937213852,3.25173864381529
6831,8.29,2.5717643842403883,12.088897924925842,3.7988979249258428,45.825065439394976
3023,9.79,2.390197154866124,9.91564580359718,0.12564580359718036,1.2834096383777363
6726,5.65,1.8723030818445934,5.503256697709409,0.14674330229059152,2.5972265892140087
746,14.5,2.6908098470449002,13.743611156858828,0.7563888431411723,5.216474780283947
3410,34.0,2.9290577163783618,17.709992068689804,16.290007931310196,47.91178803326528
5257,5.7,1.890994840063387,5.625957170904754,0.07404282909524618,1.2989970016709855
3704,5.0,1.5905733845806553,3.906561468606087,1.0934385313939128,21.868770627878256
3589,2.5,1.3230271215094118,2.7547703373049757,0.25477033730497567,10.190813492199027
5019,7.8,2.081760848496008,7.018575987910095,0.7814240120899045,10.018256565255186
4038,24.2,3.056701583676353,20.25732588900255,3.942674110997448,16.29204178098119
3608,9.3,2.131512866113916,7.427607012971922,1.8723929870280784,20.1332579250331
6968,28.59,3.3090821839050912,26.3600024938844,2.2299975061155983,7.7999213225449395
259,4.8,1.8878649769156541,5.605251251986369,0.8052512519863688,16.776067749716017
1795,11.49,2.2294013908454775,8.294300760404234,3.1956992395957666,27.8128741479179
4210,20.0,2.842563439171286,16.15969704478715,3.8403029552128487,19.201514776064244
3653,8.3,1.5641351581826246,3.7785404667004174,4.521459533299583,54.4754160638504
3265,4.59,1.889141119131326,5.613685872697254,1.0236858726972544,22.302524459635173
3246,5.0,1.9182625965518634,5.809118001339971,0.8091180013399706,16.18236002679941
1730,25.0,2.2972039136282376,8.946332732442254,16.053667267557746,64.21466907023098
599,11.5,2.8693413380917443,16.625405192716435,5.1254051927164355,44.568740806229876
45,13.0,2.654067028132511,13.211720736570431,0.211720736570431,1.6286210505417769
4651,23.5,2.6058550059253083,12.542799527868612,10.957200472131388,46.62638498779314
5070,6.0,1.9567710539683716,6.07644069052126,0.07644069052125957,1.2740115086876593
4575,6.0,1.5310145104072708,3.6228643881387352,2.3771356118612648,39.618926864354414
3921,14.2,2.186701385305515,7.9057878474107905,6.294212152589209,44.3254376942902
3881,2.686686,1.4532834753758004,3.277135352644093,0.590449352644093,21.97686490509472
6979,5.85,2.5808724169436092,12.208656590302457,6.3586565903024574,108.69498444961468
6997,28.9,3.168990202181812,22.783455744730656,6.116544255269343,21.164512994011567
1421,1.9,1.353508295174942,2.8709822847165136,0.9709822847165137,51.104330774553354
4251,17.2,2.9123984072097824,17.400878484715506,0.2008784847155063,1.1678981669506179
3529,2.3,1.1403539951919268,2.1278754220885503,0.17212457791144953,7.483677300497805
6651,12.09,2.822333889808208,15.816051720607007,3.726051720607007,30.819286357378058
6497,96.79,4.576810292094754,96.20384731321566,0.5861526867843452,0.6055921962850968
7180,15.99,3.1091909439574645,21.40291185540574,5.41291185540574,33.8518565066025
3044,13.2,2.722873388331654,14.224003932935258,1.0240039329352584,7.757605552539837
1298,4.1,1.889141119131326,5.613685872697254,1.5136858726972546,36.91916762676231
426,6.5,1.7995486977747386,5.0469178610345775,1.4530821389654225,22.355109830237268
4603,8.2,1.941623501928085,5.97005769201366,2.229942307986339,27.194418390077306
805,19.9,2.8672143184450416,16.587955451876912,3.3120445481230867,16.64343994031702
410,7.7,2.3199893579440443,9.175566016554194,1.4755660165541942,19.16319502018434
6097,12.38,2.70946663828742,14.02126161209239,1.6412616120923893,13.257363587176002
3858,15.0,2.1371272538150654,7.47505593983359,7.52494406016641,50.16629373444273
438,8.8,2.4828712798915378,10.975600400770741,2.1756004007707404,24.72273182694023
2389,2.0,1.2634039805361261,2.5374424013613734,0.5374424013613734,26.87212006806867
4161,9.2,2.455776493512302,10.655480440943562,1.4554804409435622,15.820439575473502
434,5.8,1.9329091658722288,5.909582151754381,0.10958215175438113,1.8893474440410543
751,10.5,2.1516672377835944,7.599183335685609,2.900816664314391,27.62682537442277
3411,8.5,1.9005431779540505,5.689527059232832,2.810472940767168,33.06438753843727
2874,6.99,1.8941383119797575,5.646818452438641,1.3431815475613593,19.215758906457214
4383,14.6,2.771878368471511,14.988638375571801,0.3886383755718015,2.6619066819986403
2142,9.0,2.139302085567445,7.4935078181872505,1.5064921818127495,16.73880202014166
6044,24.0,3.4983635364543835,32.06130404639164,8.06130404639164,33.58876685996517
4937,7.5,2.039495739224458,6.686732103935589,0.8132678960644109,10.843571947525477
4856,5.9,2.2041279708552297,8.062345491804216,2.1623454918042153,36.64992358990195
1049,6.0,1.8820225936977963,5.566773353684208,0.43322664631579233,7.220444105263206
626,6.5,2.0161753069922494,6.509548221123078,0.009548221123077738,0.14689570958581136
1926,10.2,2.4527241893462506,10.619958608733,0.41995860873300117,4.117241262088247
1223,7.6,1.8941383119797575,5.646818452438641,1.9531815475613588,25.699757204754718
210,7.89,2.444792509017596,10.528157361967303,2.638157361967303,33.43672195142336
2431,3.89,1.2975872093277925,2.6604540947744857,1.2295459052255144,31.607863887545356
6216,14.59,2.7536863666145406,14.700402777052819,0.11040277705281909,0.7567016933023927
4927,16.0,2.800376847255515,15.45084505893118,0.5491549410688208,3.43221838168013
51,18.8,2.7068903145131022,13.982611787290166,4.817388212709835,25.62440538675444
1109,12.5,2.590368405132551,12.334683264155123,0.16531673584487727,1.3225338867590182
1436,7.2,2.2412440907290883,8.405024716147645,1.205024716147645,16.736454390939514
7277,10.49,2.6311860540142344,12.890234704757397,2.4002347047573966,22.881169730766413
3882,2.8,1.6606524251416817,4.262743270648557,1.4627432706485575,52.24083109459134
1786,10.8,1.890994840063387,5.625957170904754,5.174042829095247,47.90780397310414
5456,22.0,3.1951839347537003,23.41466398452873,1.4146639845287297,6.430290838766953
4338,6.0,1.715314824973992,4.558425167988273,1.4415748320117272,24.026247200195453
6336,19.592,3.1251201838510947,21.762630629749925,2.170630629749926,11.079168179613752
1558,2.8,1.5212432999312595,3.577913377738768,0.7779133777387681,27.782620633527433
2249,26.49,2.7484605962237953,14.618570082761595,11.871429917238403,44.81475997447491
5044,36.0,3.037665434521705,19.856495500450357,16.143504499549643,44.84306805430457
3786,8.5,2.5964183114604813,12.415601375503526,3.9156013755035257,46.0658985353356
4233,12.8,2.7775449853088654,15.079497050519144,2.2794970505191436,17.80857070718081
4561,13.0,2.3468110127633497,9.452184637308102,3.547815362691898,27.29088740532229
3733,3.5,1.6151300023758226,4.028541603333217,0.5285416033332169,15.10118866666334
5661,63.05,4.386621759402802,79.3684558803434,16.318455880343407,25.881769834010164
5664,70.99,4.298622745706779,72.59836020820278,1.6083602082027824,2.2656151686192176
6291,8.89,2.315994598838069,9.134998164897326,0.24499816489732495,2.75588486948622
6970,20.49,3.248208596484004,24.744180369119345,4.2541803691193465,20.762227277302813
4693,29.5,2.7628275658170356,14.844581264554984,14.655418735445016,49.67938554388141
3164,1.0,1.017504411807303,1.7662826403497083,0.7662826403497083,76.62826403497083
2112,5.4,1.7581255433656993,4.801552437444189,0.598447562555811,11.082362269552055
705,7.2,2.098270114835759,7.152055587987338,0.04794441201266242,0.665894611286978
2943,26.5,2.8532376989167356,16.343845182241346,10.156154817758654,38.32511251984398
6952,20.99,2.7807930020689824,15.131808434570825,5.858191565429173,27.90944052133956
57,3.8,1.8670867051489053,5.469421586092001,1.6694215860920014,43.93214700242109
4881,9.8,2.4343798767875837,10.40874169373291,0.6087416937329095,6.2116499360500965
5640,17.2,3.2169708793629823,23.95242169379756,6.752421693797562,39.258265661613734
527,4.5,2.1262883572416222,7.38369172316181,2.88369172316181,64.08203829248467
1935,3.8,1.5851933163467096,3.880234716474943,0.08023471647494329,2.11143990723535
5058,1.95,1.490625227407176,3.4398705801621503,1.4898705801621503,76.4036194954949
565,4.0,1.970732273976258,6.175929311149191,2.175929311149191,54.39823277872977
1871,4.9,1.9091798319161517,5.74755240132983,0.8475524013298292,17.29698778224141
6095,18.85,3.166492874522132,22.72413476564781,3.87413476564781,20.552439075054693
640,5.5,1.5357149369877594,3.644644971702009,1.855355028297991,33.7337277872362
5282,5.0,1.7288664454915814,4.634263542358401,0.36573645764159934,7.314729152831986
1747,41.0,3.336237709660529,27.113157625836546,13.886842374163454,33.8703472540572
730,6.5,2.184689484316815,7.887888296135625,1.3878882961356247,21.352127632855762
