sample_id,y_true_price,raw_prediction,y_pred_price,absolute_error,absolute_percentage_error
3909,5.5,4.1250536055094145,4.1250536055094145,1.3749463944905855,24.999025354374282
6004,37.499,26.885192623689882,26.885192623689882,10.61380737631012,28.304241116590095
1768,27.49,17.26810368316236,17.26810368316236,10.22189631683764,37.184053535240594
3360,7.8,7.488048706831469,7.488048706831469,0.3119512931685309,3.999375553442704
4700,12.99,11.896418857345267,11.896418857345267,1.0935811426547328,8.41863851158378
865,3.5,3.083112759241928,3.083112759241928,0.41688724075807215,11.911064021659204
7074,52.5,44.140444470852735,44.140444470852735,8.359555529147265,15.922962912661456
2233,26.0,30.88406711264158,30.88406711264158,4.884067112641581,18.784873510159926
1720,22.0,12.832411577988433,12.832411577988433,9.167588422011567,41.67085646368894
1662,4.7,11.69489500553429,11.69489500553429,6.99489500553429,148.82755330924022
1566,11.49,18.392850887233486,18.392850887233486,6.902850887233486,60.0770312204829
5141,3.2,4.507070766188029,4.507070766188029,1.307070766188029,40.845961443375906
7264,63.86,48.871885756547876,48.871885756547876,14.988114243452124,23.470269720407337
5464,127.0,100.81398678787522,100.81398678787522,26.186013212124777,20.61890804104313
6348,31.79,25.365115228173824,25.365115228173824,6.424884771826175,20.210395633300333
6283,17.99,32.22640997495742,32.22640997495742,14.236409974957422,79.13513048892398
6419,30.9,32.752323814153655,32.752323814153655,1.8523238141536567,5.994575450335458
763,7.9,13.389604431625811,13.389604431625811,5.489604431625811,69.48866369146596
3297,4.8,5.457981329979011,5.457981329979011,0.6579813299790116,13.707944374562741
2654,3.59,3.733108663136461,3.733108663136461,0.1431086631364611,3.986313736391674
2189,3.1399,5.192234697385974,5.192234697385974,2.052334697385974,65.3630592498479
3945,1.9,2.4831997303699413,2.4831997303699413,0.5831997303699414,30.69472265104955
6006,20.04,23.86267040374105,23.86267040374105,3.82267040374105,19.075201615474302
1197,19.8,12.141375838497027,12.141375838497027,7.658624161502974,38.67992000759078
429,7.5,6.950770983367371,6.950770983367371,0.549229016632629,7.32305355510172
4271,5.7,5.69913810512465,5.69913810512465,0.0008618948753502664,0.015120962725443271
3905,5.1,5.929501197265299,5.929501197265299,0.8295011972652997,16.264729358143132
2316,2.7,6.25221005942201,6.25221005942201,3.55221005942201,131.5633355341485
4584,13.5,9.202789037756517,9.202789037756517,4.297210962243483,31.831192312914684
7086,51.49,57.0155626229476,57.0155626229476,5.5255626229475965,10.73133156525072
1992,16.5,15.225972999891955,15.225972999891955,1.2740270001080454,7.721375758230578
7240,13.1,13.440433259106918,13.440433259106918,0.34043325910691813,2.5987271687551003
554,7.2,11.701965717124924,11.701965717124924,4.501965717124924,62.52730162673505
1905,11.999,8.575439547145496,8.575439547145496,3.4235604528545043,28.532048111130127
2034,14.5,12.442294356193141,12.442294356193141,2.057705643806859,14.191073405564545
1215,6.2,5.61975295447496,5.61975295447496,0.5802470455250406,9.35882331492001
1615,7.0,8.14967827946156,8.14967827946156,1.1496782794615594,16.42397542087942
1002,3.2,3.6882652801711053,3.6882652801711053,0.48826528017110515,15.258290005347035
2388,9.95,8.438006213076598,8.438006213076598,1.5119937869234015,15.1959174565166
6001,38.9,42.708480979238026,42.708480979238026,3.808480979238027,9.790439535316265
1533,4.95,4.31755405064929,4.31755405064929,0.6324459493507097,12.776685845468883
5326,26.5,24.63625953956972,24.63625953956972,1.8637404604302787,7.032982869548221
2764,22.5,20.890340937590558,20.890340937590558,1.6096590624094418,7.154040277375297
6702,12.99,21.149084584894396,21.149084584894396,8.159084584894396,62.810504887562715
496,10.89,12.709587149863658,12.709587149863658,1.8195871498636578,16.708789254946353
2691,29.5,24.548227636382215,24.548227636382215,4.951772363617785,16.78566902921283
7213,26.25,27.448182296993107,27.448182296993107,1.1981822969931066,4.564503988545169
5400,13.99,13.395563172216935,13.395563172216935,0.5944368277830652,4.249012350129129
5931,44.99,33.49546504509141,33.49546504509141,11.494534954908595,25.549088586149356
828,4.8,3.5766034599459573,3.5766034599459573,1.2233965400540425,25.487427917792555
3552,1.55,4.056930146067783,4.056930146067783,2.5069301460677833,161.73742877856665
61,6.9,9.292731080357717,9.292731080357717,2.3927310803577164,34.6772620341698
1429,10.0,14.895390909735731,14.895390909735731,4.895390909735731,48.95390909735731
2970,3.2,4.229280550463683,4.229280550463683,1.0292805504636826,32.16501720199008
3955,29.9,27.80633878625051,27.80633878625051,2.0936612137494883,7.002211417222369
4121,14.5,13.79409222579844,13.79409222579844,0.7059077742015596,4.868329477252136
3550,16.4,14.911674327123361,14.911674327123361,1.4883256728766376,9.075156541930717
5189,4.6,2.9777336434871913,2.9777336434871913,1.6222663565128084,35.26665992419149
465,5.95,5.959294174121869,5.959294174121869,0.009294174121868615,0.1562046070902288
5636,7.5,12.948186034580115,12.948186034580115,5.4481860345801145,72.64248046106819
6951,12.9,21.73480900586744,21.73480900586744,8.83480900586744,68.48689151835224
4230,8.2,7.289681801249305,7.289681801249305,0.9103181987506943,11.1014414481792
6145,42.45,62.954526761793915,62.954526761793915,20.50452676179391,48.30277211258871
1902,8.9,7.477902847291014,7.477902847291014,1.4220971527089867,15.9786196933594
185,4.7,4.31755405064929,4.31755405064929,0.38244594935070975,8.13714785852574
2662,4.8,6.848812843766815,6.848812843766815,2.0488128437668154,42.683600911808654
932,2.0,4.234139185539405,4.234139185539405,2.234139185539405,111.70695927697025
6485,20.95,24.29308751420413,24.29308751420413,3.3430875142041323,15.95745830169037
5510,12.99,21.76666443011909,21.76666443011909,8.776664430119089,67.5647762133879
1487,18.99,9.292731080357717,9.292731080357717,9.697268919642282,51.065133858042564
1084,17.0,12.470436094384898,12.470436094384898,4.5295639056151025,26.644493562441777
7123,11.999,18.29596056891999,18.29596056891999,6.296960568919991,52.479044661388365
5735,99.69,81.53365187491603,81.53365187491603,18.156348125083966,18.212807829354965
2939,12.5,11.265072926785448,11.265072926785448,1.2349270732145516,9.879416585716413
1940,7.5,6.872104454085375,6.872104454085375,0.6278955459146252,8.371940612195
5481,17.86,16.01694093658923,16.01694093658923,1.8430590634107702,10.319479638358175
3268,2.2,2.8817440323915733,2.8817440323915733,0.6817440323915731,30.988365108707868
1703,22.5,29.966777373732782,29.966777373732782,7.466777373732782,33.18567721659014
6381,19.8,23.417865567818826,23.417865567818826,3.617865567818825,18.272048322317296
3244,1.5,2.3167821182475237,2.3167821182475237,0.8167821182475237,54.45214121650158
4438,1.5,2.297017235718151,2.297017235718151,0.7970172357181511,53.13448238121007
5549,17.5,14.639924936923483,14.639924936923483,2.8600750630765166,16.34328607472295
4063,8.0,8.327059348133467,8.327059348133467,0.32705934813346715,4.088241851668339
5269,5.299999,6.521751647660684,6.521751647660684,1.2217526476606846,23.051941097737654
7091,24.299,32.625797193614936,32.625797193614936,8.326797193614937,34.26806532620658
2718,22.0,18.38445134821545,18.38445134821545,3.6155486517845503,16.43431205356614
1740,7.8,8.04563256068543,8.04563256068543,0.24563256068543016,3.1491353934029505
5023,17.5,15.53278963184087,15.53278963184087,1.9672103681591295,11.241202103766454
3994,7.0,8.048126584411403,8.048126584411403,1.0481265844114027,14.973236920162897
101,12.6,13.01329809755021,13.01329809755021,0.41329809755021074,3.280143631350879
4505,15.0,15.212757276777813,15.212757276777813,0.21275727677781298,1.41838184518542
736,8.2,11.367935252049733,11.367935252049733,3.167935252049734,38.633356732313835
7111,48.49,50.15315313532343,50.15315313532343,1.6631531353234266,3.429888915907252
538,25.5,16.921411062142994,16.921411062142994,8.578588937857006,33.64152524649806
4520,9.0,5.683723529366873,5.683723529366873,3.3162764706331274,36.84751634036808
5153,8.5,6.927357466009245,6.927357466009245,1.5726425339907548,18.501676870479468
733,10.8,14.098679561105294,14.098679561105294,3.2986795611052937,30.54332926949346
5218,4.4,7.064060595089424,7.064060595089424,2.664060595089424,60.54683170657782
79,3.7,2.7308156380678277,2.7308156380678277,0.9691843619321725,26.19417194411277
5808,17.79,14.879154960038878,14.879154960038878,2.9108450399611208,16.362254299950088
3113,5.5,5.69913810512465,5.69913810512465,0.1991381051246499,3.62069282044818
5278,5.3,3.7629071885443803,3.7629071885443803,1.5370928114556195,29.00175115953999
3082,5.9,8.845117544246264,8.845117544246264,2.945117544246264,49.91724651264854
4939,11.5,8.527137750524048,8.527137750524048,2.972862249475952,25.850976082399583
132,8.9,6.329869937875653,6.329869937875653,2.5701300621243472,28.8778658665657
737,12.2,7.142982208274525,7.142982208274525,5.057017791725475,41.45096550594651
1041,9.0,10.132886658843184,10.132886658843184,1.1328866588431836,12.58762954270204
2095,13.5,15.445251581163015,15.445251581163015,1.9452515811630153,14.409270971577893
7199,21.99,24.605836285321935,24.605836285321935,2.6158362853219366,11.895572011468563
6848,42.499,31.338341247326866,31.338341247326866,11.160658752673136,26.26099144138247
1634,9.3,15.225972999891955,15.225972999891955,5.925972999891954,63.72013978378445
6425,20.34,21.47796805763171,21.47796805763171,1.13796805763171,5.5947298801952305
5527,23.9,30.548897591561857,30.548897591561857,6.648897591561859,27.819655194819493
6243,47.499,29.320971157006205,29.320971157006205,18.178028842993797,38.270340097673206
6607,41.0,46.81004465619804,46.81004465619804,5.810044656198038,14.170840624873263
3308,17.2,14.900863700097826,14.900863700097826,2.299136299902173,13.367071511059148
4726,5.0,8.072086207308494,8.072086207308494,3.0720862073084945,61.44172414616988
5241,1.8,4.039862903282021,4.039862903282021,2.239862903282021,124.43682796011228
5112,14.499,10.889027661197481,10.889027661197481,3.6099723388025193,24.898078066090896
2647,7.5,7.696158591508203,7.696158591508203,0.19615859150820292,2.615447886776039
3139,6.2,6.546869413992715,6.546869413992715,0.34686941399271465,5.59466796762443
5239,6.6,7.381636119599384,7.381636119599384,0.7816361195993844,11.842971509081583
319,9.0,7.840079758225115,7.840079758225115,1.159920241774885,12.888002686387612
5857,4.845,12.047710170131813,12.047710170131813,7.202710170131813,148.66274860953175
6898,38.8,41.52969739974392,41.52969739974392,2.7296973997439196,7.035302576659587
842,7.5,5.47217469493866,5.47217469493866,2.0278253050613397,27.0376707341512
1894,5.5,4.1048907528067975,4.1048907528067975,1.3951092471932025,25.365622676240047
177,7.5,13.186541868653626,13.186541868653626,5.6865418686536255,75.820558248715
5163,3.8,2.87986964545723,2.87986964545723,0.9201303545427697,24.21395669849394
4671,7.3,6.115881376863225,6.115881376863225,1.1841186231367749,16.22080305666815
3832,22.9,14.191623335189785,14.191623335189785,8.708376664810213,38.027845697861196
3961,3.95,5.4006850744367,5.4006850744367,1.4506850744366995,36.726204416118975
1509,4.0,3.4056497186128674,3.4056497186128674,0.5943502813871326,14.858757034678316
6654,19.49,15.43083090343904,15.43083090343904,4.059169096560959,20.826932255315338
2177,11.4,7.820908477164106,7.820908477164106,3.5790915228358946,31.395539673999075
3671,1.4,2.9634671848205105,2.9634671848205105,1.5634671848205106,111.67622748717933
1755,6.9,4.696514134816633,4.696514134816633,2.2034858651833673,31.934577756280685
2245,4.0,5.441751305340402,5.441751305340402,1.4417513053404019,36.04378263351005
3193,4.799,5.457981329979011,5.457981329979011,0.658981329979011,13.731638465909793
1038,13.5,12.630353879640747,12.630353879640747,0.8696461203592527,6.441823113772243
6559,8.1,7.580725230724229,7.580725230724229,0.5192747692757704,6.4107996206885245
3450,7.29,6.511851989086814,6.511851989086814,0.7781480109131858,10.674183963143838
5444,41.29,38.20407337036882,38.20407337036882,3.0859266296311816,7.473786945098526
3433,17.49,13.886604000419851,13.886604000419851,3.6033959995801474,20.60260720171611
3002,15.9,15.671071080870098,15.671071080870098,0.22892891912990265,1.4398045228295764
2516,1.5,1.579927561649681,1.579927561649681,0.07992756164968107,5.328504109978738
3698,5.35,5.14679125090057,5.14679125090057,0.20320874909942965,3.798294375690274
2045,4.99,6.6391548489392775,6.6391548489392775,1.6491548489392773,33.04919536952459
4239,9.49,5.62930630492208,5.62930630492208,3.86069369507792,40.68170384697492
4710,4.99,5.613076280283471,5.613076280283471,0.6230762802834704,12.486498602875159
1728,31.5,27.041486193360868,27.041486193360868,4.458513806639132,14.154012084568674
3319,9.19,11.793631103237995,11.793631103237995,2.603631103237996,28.33113278822629
5372,2.899,6.18630087545964,6.18630087545964,3.28730087545964,113.39430408622422
2771,27.5,18.77248530494781,18.77248530494781,8.72751469505219,31.73641707291705
4552,1.5,3.1517722604541767,3.1517722604541767,1.6517722604541767,110.11815069694511
3379,5.0,10.37971822543658,10.37971822543658,5.37971822543658,107.59436450873162
3857,6.7,7.8774225000439735,7.8774225000439735,1.1774225000439733,17.573470149910047
5435,23.49,30.987849723858428,30.987849723858428,7.49784972385843,31.919326197779608
4104,3.2,3.694022860829806,3.694022860829806,0.49402286082980584,15.438214400931432
6784,28.799,17.93113011137236,17.93113011137236,10.867869888627638,37.736969646958705
2412,21.49,13.579776007496246,13.579776007496246,7.910223992503752,36.80885989997093
6248,27.89,34.34463023055952,34.34463023055952,6.454630230559516,23.143170421511353
3045,11.5,10.9073216008664,10.9073216008664,0.5926783991336002,5.153725209857393
1918,14.9,14.510914705384927,14.510914705384927,0.38908529461507335,2.6113107021145865
3824,4.0,6.910859769170671,6.910859769170671,2.9108597691706706,72.77149422926676
1550,13.5,13.869246662718945,13.869246662718945,0.369246662718945,2.735160464584778
1934,7.9,7.411389323389885,7.411389323389885,0.48861067661011504,6.184945273545759
7148,19.199,17.7481780136714,17.7481780136714,1.4508219863286023,7.556758093278828
3370,8.99,7.311336391751301,7.311336391751301,1.6786636082486996,18.672565164056724
2481,10.7,10.694967271055859,10.694967271055859,0.00503272894414053,0.0470348499452386
6017,21.999,18.286147223418283,18.286147223418283,3.712852776581716,16.87737068312976
5643,21.1,18.580636827588933,18.580636827588933,2.5193631724110688,11.940109821853406
3889,2.9,4.989911526123295,4.989911526123295,2.0899115261232954,72.06591469390673
3664,26.0,24.417356896425332,24.417356896425332,1.582643103574668,6.087088859902569
1600,14.8,15.225972999891955,15.225972999891955,0.4259729998919539,2.8781959452159045
2275,23.49,16.447904902436033,16.447904902436033,7.042095097563966,29.979119189288916
4024,8.2,6.700041048070345,6.700041048070345,1.4999589519296546,18.292182340605546
2312,8.0,8.330242791971592,8.330242791971592,0.33024279197159245,4.128034899644906
3935,6.9,5.399566870904717,5.399566870904717,1.500433129095283,21.745407668047577
4352,1.0,4.217371752761958,4.217371752761958,3.2173717527619576,321.7371752761958
1672,1.3,4.728577265763908,4.728577265763908,3.4285772657639084,263.7367127510699
3792,15.9,16.62033737247433,16.62033737247433,0.7203373724743312,4.530423726253655
1034,4.6,5.441751305340402,5.441751305340402,0.8417513053404022,18.29894142044353
3439,10.5,9.791704140882691,9.791704140882691,0.7082958591173085,6.745674848736272
3221,8.9,10.81835652598249,10.81835652598249,1.9183565259824888,21.55456770766841
2955,5.5,4.71169607034297,4.71169607034297,0.7883039296570296,14.332798721036902
4490,2.0,1.532438456147041,1.532438456147041,0.467561543852959,23.37807719264795
7244,46.49,36.569834696168144,36.569834696168144,9.920165303831858,21.338277702370096
6285,16.09,23.791929979515036,23.791929979515036,7.701929979515036,47.86780596342471
2268,16.49,18.28460327194259,18.28460327194259,1.7946032719425915,10.882979211295279
1699,2.6,2.7658721118968987,2.7658721118968987,0.16587211189689866,6.379696611419179
3519,10.5,8.312103147753266,8.312103147753266,2.187896852246734,20.837112878540324
87,8.5,8.697917915812527,8.697917915812527,0.1979179158125266,2.3284460683826658
7113,22.59,20.97971774053756,20.97971774053756,1.6102822594624406,7.128296854636745
676,5.3,5.316816054726157,5.316816054726157,0.016816054726157326,0.31728405143693067
4407,24.99,16.58546265548696,16.58546265548696,8.404537344513038,33.631602018859695
3317,4.9,5.457981329979011,5.457981329979011,0.5579813299790111,11.387374081204307
6902,67.0,60.47106378142448,60.47106378142448,6.528936218575517,9.74468092324704
2569,4.1,6.0475170730224175,6.0475170730224175,1.9475170730224178,47.50041641518093
393,2.999,4.110682129419661,4.110682129419661,1.1116821294196613,37.06842712302972
1149,5.6,5.076488898883213,5.076488898883213,0.523511101116787,9.348412519942626
1168,5.9,5.591026461399553,5.591026461399553,0.30897353860044774,5.2368396372957235
2208,3.4,4.100757885529662,4.100757885529662,0.7007578855296619,20.610526044990056
230,18.5,26.198282838292428,26.198282838292428,7.698282838292428,41.61233966644556
2802,4.999999,5.457981329979011,5.457981329979011,0.45798232997901156,9.159648431509918
1543,4.4,4.449240616388991,4.449240616388991,0.04924061638899069,1.1191049179316066
2345,28.5,24.536477520821013,24.536477520821013,3.9635224791789874,13.907096418171886
3599,6.0,6.0666557138896575,6.0666557138896575,0.06665571388965752,1.1109285648276255
2892,2.2,4.529552789359677,4.529552789359677,2.329552789359677,105.88876315271258
4691,25.9,26.383459465447743,26.383459465447743,0.4834594654477442,1.8666388627326034
2942,16.0,22.065006903841333,22.065006903841333,6.065006903841333,37.90629314900833
5121,24.49,18.45534998296582,18.45534998296582,6.034650017034178,24.64128222553768
7189,54.99,50.46299707999817,50.46299707999817,4.527002920001834,8.232411202040069
970,3.2,3.7215101257953087,3.7215101257953087,0.5215101257953085,16.297191431103393
3718,5.6,5.138355973917976,5.138355973917976,0.4616440260820234,8.243643322893275
5329,7.0,7.259205737802035,7.259205737802035,0.25920573780203515,3.7029391114576446
169,10.5,13.871242968020905,13.871242968020905,3.371242968020905,32.107075885913375
1056,9.0,5.399571766450936,5.399571766450936,3.6004282335490636,40.00475815054515
5968,24.1145,19.755759212442314,19.755759212442314,4.358740787557686,18.075186247103137
251,3.7,7.704745544284233,7.704745544284233,4.004745544284233,108.236366061736
5889,51.0,29.04838374006648,29.04838374006648,21.95161625993352,43.04238482339906
2705,10.5,6.460795694591917,6.460795694591917,4.039204305408083,38.468612432457924
1729,4.3,5.301994793214355,5.301994793214355,1.0019947932143554,23.302204493357102
2533,8.6,5.433645575252733,5.433645575252733,3.166354424747267,36.81807470636357
95,7.5,3.6075844211874504,3.6075844211874504,3.8924155788125496,51.89887438416733
5646,17.5,27.708350539025638,27.708350539025638,10.208350539025638,58.333431651575076
5174,23.49,11.893405569169085,11.893405569169085,11.596594430830914,49.36821809634276
3692,2.8,6.697748201958854,6.697748201958854,3.897748201958854,139.20529292710194
1172,6.69,5.929501197265299,5.929501197265299,0.760498802734701,11.367695108142017
1383,11.9,13.750802435931305,13.750802435931305,1.8508024359313051,15.552961646481556
5263,7.2,9.780367143750714,9.780367143750714,2.5803671437507143,35.83843255209325
711,13.7,15.225972999891955,15.225972999891955,1.5259729998919553,11.138489050306244
2354,7.9,8.038573233964282,8.038573233964282,0.13857323396428178,1.7540915691681238
2215,7.0,7.142982208274525,7.142982208274525,0.14298220827452468,2.0426029753503525
3779,7.49,8.025211956218673,8.025211956218673,0.5352119562186726,7.145686998914186
5242,5.5,12.590569436795644,12.590569436795644,7.0905694367956436,128.91944430537535
69,5.5,7.148544856267503,7.148544856267503,1.6485448562675034,29.973542841227335
263,6.5,8.297027120056612,8.297027120056612,1.7970271200566117,27.646571077794025
408,16.0,9.205583866945691,9.205583866945691,6.794416133054309,42.46510083158943
7137,54.99,52.3326182388772,52.3326182388772,2.6573817611227994,4.8324818351023815
6024,24.39,23.88193314404473,23.88193314404473,0.5080668559552706,2.083094940366013
3217,1.79,6.0687770901428735,6.0687770901428735,4.278777090142873,239.03782626496496
5196,11.6,13.65274629513278,13.65274629513278,2.0527462951327795,17.69608875114465
37,13.8,13.579776007496246,13.579776007496246,0.22022399250375457,1.5958260326359026
3504,6.99,5.90696340917448,5.90696340917448,1.08303659082552,15.494085705658367
1862,31.0,27.27260164212744,27.27260164212744,3.727398357872559,12.023865670556642
4602,13.3,13.869246662718945,13.869246662718945,0.5692466627189443,4.28005009563116
6222,20.66,19.96723561191764,19.96723561191764,0.6927643880823595,3.353167415693899
6474,9.29,10.718624522319972,10.718624522319972,1.4286245223199732,15.378089583638033
2333,28.5,31.20735199671417,31.20735199671417,2.70735199671417,9.499480690225157
1575,6.8,9.202789037756517,9.202789037756517,2.4027890377565173,35.33513290818408
6763,35.89,41.140642059271656,41.140642059271656,5.250642059271655,14.629819056204111
5733,20.0,33.33891581832303,33.33891581832303,13.33891581832303,66.69457909161515
3295,11.0,10.965253247170038,10.965253247170038,0.03474675282996209,0.31587957118147353
3985,19.5,15.310546756432487,15.310546756432487,4.189453243567513,21.484375608038526
5958,89.09,98.21343382075142,98.21343382075142,9.123433820751416,10.240693479348318
3641,13.8,11.081085676092803,11.081085676092803,2.718914323907198,19.702277709472447
1163,5.39,5.457981329979011,5.457981329979011,0.06798132997901174,1.2612491647312012
3781,8.5,9.368243090947985,9.368243090947985,0.8682430909479848,10.214624599388056
1554,23.99,22.129072505819757,22.129072505819757,1.8609274941802418,7.757096682702135
19,10.0,4.9031194620532315,4.9031194620532315,5.0968805379467685,50.96880537946768
3257,7.1,12.183824423066845,12.183824423066845,5.0838244230668455,71.60316088826544
3279,6.699999,7.840079758225115,7.840079758225115,1.140080758225115,17.016133259499217
982,1.7,3.4775697014502516,3.4775697014502516,1.7775697014502516,104.56292361472069
6602,12.15,14.79898386479521,14.79898386479521,2.648983864795209,21.802336335763037
239,4.8,4.893770590840116,4.893770590840116,0.09377059084011652,1.953553975835761
7053,20.99,27.341170121236132,27.341170121236132,6.351170121236134,30.25807585152994
2509,22.05,19.98074824403379,19.98074824403379,2.06925175596621,9.384361705062176
3800,7.3,4.514861358777873,4.514861358777873,2.785138641222127,38.15258412633051
6775,25.99,33.85260284484429,33.85260284484429,7.862602844844293,30.252415716984583
1322,2.5,4.599429956499213,4.599429956499213,2.099429956499213,83.97719825996852
3842,10.9,13.576026863051263,13.576026863051263,2.6760268630512627,24.550705165607916
3166,10.9,8.03189655977279,8.03189655977279,2.8681034402272108,26.312875598414777
4381,12.0,14.865056326974814,14.865056326974814,2.8650563269748144,23.875469391456786
5635,15.999,28.93007736854447,28.93007736854447,12.93107736854447,80.82428507121988
5514,28.49,27.445987916271655,27.445987916271655,1.0440120837283438,3.664486078372565
1965,4.5,4.6459823230181225,4.6459823230181225,0.14598232301812253,3.244051622624945
2486,4.686,10.2216551919152,10.2216551919152,5.5356551919152,118.13177959699533
4706,3.0,4.454512914939054,4.454512914939054,1.4545129149390537,48.48376383130179
2676,6.2,4.984873633532841,4.984873633532841,1.2151263664671594,19.59881236237354
1726,6.799999,8.9757969822891,8.9757969822891,2.175797982289101,31.997033856756463
332,4.0,4.544900615983261,4.544900615983261,0.544900615983261,13.622515399581525
4728,4.99,5.457981329979011,5.457981329979011,0.4679813299790112,9.37838336631285
3544,4.75,7.972872563939976,7.972872563939976,3.2228725639399762,67.84994871452582
6459,13.19,9.895814692684766,9.895814692684766,3.2941853073152334,24.97486965364089
1562,25.0,27.50839243847655,27.50839243847655,2.5083924384765517,10.033569753906207
3989,4.5,5.187241908565955,5.187241908565955,0.6872419085659551,15.27204241257678
1320,29.5,30.76311192137929,30.76311192137929,1.2631119213792914,4.281735326709462
6674,35.99,38.769148278695056,38.769148278695056,2.779148278695054,7.722001330077949
2036,10.799,11.810420818936755,11.810420818936755,1.011420818936756,9.365874793376758
3774,5.5,4.248954001492216,4.248954001492216,1.2510459985077844,22.746290881959716
3121,8.2,7.706306277054703,7.706306277054703,0.493693722945296,6.020655157869464
2650,3.6,6.1922478039351265,6.1922478039351265,2.5922478039351264,72.0068834426424
4595,3.95,4.016346448956346,4.016346448956346,0.06634644895634612,1.679656935603699
2471,3.55,2.9615553386506654,2.9615553386506654,0.5884446613493344,16.575905953502378
4397,10.8,7.511167939936614,7.511167939936614,3.2888320600633865,30.452148704290614
6418,5.8,8.669949626524236,8.669949626524236,2.869949626524236,49.48189011248683
1888,13.8,22.889527750680863,22.889527750680863,9.089527750680862,65.8661431208758
5537,25.99,22.458737825437638,22.458737825437638,3.531262174562361,13.587003364995617
7214,57.99,49.375401857785306,49.375401857785306,8.614598142214696,14.855316679107942
2519,29.5,32.41601426114994,32.41601426114994,2.9160142611499396,9.884794105593016
1142,13.89,14.79873597403341,14.79873597403341,0.9087359740334087,6.542375622990702
308,11.3,7.17129097145786,7.17129097145786,4.128709028542141,36.537248040195934
5255,1.99,3.9243137293976833,3.9243137293976833,1.9343137293976833,97.2016949446072
381,4.5,7.340982776262215,7.340982776262215,2.840982776262215,63.132950583604774
4118,7.5,7.259007799541467,7.259007799541467,0.24099220045853276,3.213229339447103
3617,7.2,5.62930630492208,5.62930630492208,1.57069369507792,21.815190209415555
1400,9.8,8.015427750187332,8.015427750187332,1.784572249812669,18.209920916455804
7075,23.5,21.152396745070984,21.152396745070984,2.347603254929016,9.989801084804323
6806,14.4,14.302148743142306,14.302148743142306,0.09785125685769458,0.6795226170673235
2465,4.3,3.000380414508177,3.000380414508177,1.2996195854918229,30.22371129050751
994,10.5,11.720713337251524,11.720713337251524,1.2207133372515244,11.625841307157375
683,4.7,5.685568398288289,5.685568398288289,0.9855683982882892,20.969540389112538
3428,7.9,7.752080822191836,7.752080822191836,0.14791917780816455,1.8723946557995512
2906,11.9,11.380254164494312,11.380254164494312,0.5197458355056881,4.367612063073009
2984,12.8,9.582272269766062,9.582272269766062,3.217727730233939,25.138497892452648
457,2.7,4.752158803060082,4.752158803060082,2.052158803060082,76.00588159481785
4028,4.8,5.009076764891473,5.009076764891473,0.2090767648914733,4.355765935239027
3622,3.8,6.112911885338054,6.112911885338054,2.312911885338054,60.866102245738276
756,2.95,4.5039427496688536,4.5039427496688536,1.5539427496688534,52.6760254125035
5845,21.99,26.581333693648634,26.581333693648634,4.591333693648636,20.879189148015627
4100,1.5,3.213489818737571,3.213489818737571,1.7134898187375711,114.23265458250474
1046,11.89,7.804193785434387,7.804193785434387,4.085806214565614,34.36338279701946
1024,4.49,2.2614702064778722,2.2614702064778722,2.228529793522128,49.63318025661755
2344,13.4,13.852887065183173,13.852887065183173,0.4528870651831731,3.3797542177848743
2997,3.2,10.352833857933586,10.352833857933586,7.152833857933586,223.52605806042453
4591,3.55,8.41126569102871,8.41126569102871,4.86126569102871,136.93706171911862
4974,26.9,18.21957009392296,18.21957009392296,8.680429906077038,32.26925615642022
1515,28.2,30.82804593585467,30.82804593585467,2.628045935854672,9.319311829271888
5186,24.19,20.96233059585412,20.96233059585412,3.2276694041458818,13.342990509077643
1737,4.3,5.528129590079219,5.528129590079219,1.2281295900792193,28.56115325765626
6156,22.85,26.64381519925896,26.64381519925896,3.793815199258958,16.60312997487509
1869,5.6,7.320631057930587,7.320631057930587,1.7206310579305875,30.725554605903348
6526,22.99,20.607818976568538,20.607818976568538,2.3821810234314604,10.361813934021143
1042,3.5,1.714320628300154,1.714320628300154,1.785679371699846,51.0194106199956
3442,6.5,5.7259087934554405,5.7259087934554405,0.7740912065445595,11.909095485300917
50,7.5,9.493335223315533,9.493335223315533,1.9933352233155333,26.577802977540443
786,6.5,5.48346147692202,5.48346147692202,1.0165385230779798,15.63905420119969
245,18.5,26.55450569537858,26.55450569537858,8.05450569537858,43.537868623668004
5303,4.25,10.710285854458748,10.710285854458748,6.460285854458748,152.00672598726464
3076,14.0,11.610235381542005,11.610235381542005,2.3897646184579955,17.069747274699967
5462,37.19,26.54670597287068,26.54670597287068,10.643294027129318,28.618698647833607
7234,54.95,44.94680371032736,44.94680371032736,10.003196289672644,18.20417887110581
625,7.5,8.888176397352265,8.888176397352265,1.3881763973522645,18.509018631363528
6414,26.59,16.787602762793473,16.787602762793473,9.802397237206527,36.86497644680905
2272,5.7,4.437828608423345,4.437828608423345,1.262171391576655,22.14335774695886
4812,12.99,13.733360407775994,13.733360407775994,0.7433604077759934,5.722558951316346
7182,57.28,32.03909460709407,32.03909460709407,25.24090539290593,44.06582645409555
4894,6.9,7.259205737802035,7.259205737802035,0.3592057378020348,5.205880258000504
6403,5.3,8.127072089652685,8.127072089652685,2.8270720896526855,53.34098282363557
1025,12.5,10.2216551919152,10.2216551919152,2.2783448080847997,18.226758464678397
5457,53.99,39.882454741202494,39.882454741202494,14.107545258797508,26.129922687159674
2926,7.5,10.038887988069849,10.038887988069849,2.538887988069849,33.85183984093132
321,31.8,35.950863133777545,35.950863133777545,4.150863133777545,13.053028722570895
3326,17.0,20.644130507954387,20.644130507954387,3.6441305079543866,21.436061811496394
3105,11.9,13.972297052189539,13.972297052189539,2.0722970521895387,17.414260942769232
1893,4.5,4.027203506383149,4.027203506383149,0.47279649361685117,10.506588747041137
4920,6.8,5.540674224095321,5.540674224095321,1.2593257759046788,18.51949670448057
2138,11.49,10.489044893947803,10.489044893947803,1.0009551060521975,8.711532689749326
5476,40.49,26.996849139965658,26.996849139965658,13.493150860034344,33.32465018531574
3475,1.55,2.4355623831646245,2.4355623831646245,0.8855623831646244,57.13305697836286
4098,11.0,14.038259507399568,14.038259507399568,3.0382595073995677,27.62054097635971
7001,45.499,37.90922905719228,37.90922905719228,7.589770942807725,16.681181878300016
5321,14.799,19.389304350932015,19.389304350932015,4.590304350932016,31.01766572695463
5339,2.7,3.464470178114336,3.464470178114336,0.7644701781143359,28.313710300530957
4296,24.5,24.400358218542355,24.400358218542355,0.09964178145764535,0.40670114880671576
3767,5.9,5.47217469493866,5.47217469493866,0.4278253050613401,7.251276356971865
2126,16.3,20.364482487903807,20.364482487903807,4.064482487903806,24.93547538591292
4279,5.9,5.856781956368955,5.856781956368955,0.04321804363104498,0.7325092140855081
233,3.8,5.399571766450936,5.399571766450936,1.5995717664509366,42.093993853972016
65,15.0,12.853990189402763,12.853990189402763,2.1460098105972367,14.306732070648245
5856,20.709,31.233350087565558,31.233350087565558,10.524350087565558,50.82017522606384
1595,14.5,15.509020645723867,15.509020645723867,1.0090206457238668,6.958763073957702
5133,9.8,15.310546756432487,15.310546756432487,5.510546756432486,56.23006894318863
2656,20.9,22.101520403266253,22.101520403266253,1.2015204032662545,5.748901451034711
3218,32.99,38.83340342806699,38.83340342806699,5.843403428066985,17.712650585228808
509,5.0,4.534808313978761,4.534808313978761,0.46519168602123884,9.303833720424777
6253,15.5,19.57976414876366,19.57976414876366,4.079764148763658,26.321059024281666
6481,18.99,26.734254301871694,26.734254301871694,7.744254301871695,40.780696692320674
576,26.7,13.839985543548964,13.839985543548964,12.860014456451035,48.16484815150201
217,4.999999,5.16294279912232,5.16294279912232,0.1629437991223197,3.2588766342217212
5697,15.59,23.0716432483258,23.0716432483258,7.481643248325799,47.99001442158948
7082,11.9,14.350913717542811,14.350913717542811,2.450913717542811,20.59591359279673
3757,4.0,5.163600564094473,5.163600564094473,1.163600564094473,29.090014102361827
3954,9.2,14.100384968562993,14.100384968562993,4.900384968562994,53.265054006119506
6731,24.5,23.66295841914181,23.66295841914181,0.837041580858191,3.41649624840078
6889,39.9,26.263785802118203,26.263785802118203,13.636214197881795,34.17597543328771
2115,10.5,7.023660341993613,7.023660341993613,3.4763396580063866,33.10799674291797
3467,2.0,3.6287932811231656,3.6287932811231656,1.6287932811231656,81.43966405615828
4871,17.5,21.157106071208258,21.157106071208258,3.6571060712082577,20.8977489783329
6130,20.5,34.38702704373431,34.38702704373431,13.887027043734307,67.74159533528929
3478,9.0,10.2216551919152,10.2216551919152,1.2216551919152003,13.57394657683556
4487,4.499999,8.993380459128794,8.993380459128794,4.493381459128794,99.8529435035162
3933,29.99,25.4266717883202,25.4266717883202,4.563328211679799,15.216166094297431
3347,7.6,6.910859769170671,6.910859769170671,0.6891402308293291,9.067634616175383
1261,6.5,5.653265927819183,5.653265927819183,0.8467340721808174,13.026678033551036
4382,9.5,9.96990127656588,9.96990127656588,0.46990127656587966,4.946329227009259
3163,9.65,10.351169113025406,10.351169113025406,0.7011691130254061,7.266001171247731
1412,4.0,4.1281598943920095,4.1281598943920095,0.12815989439200948,3.203997359800237
1281,14.0,9.873822850113452,9.873822850113452,4.126177149886548,29.472693927761057
4588,6.0,8.455773819188881,8.455773819188881,2.455773819188881,40.929563653148016
2917,6.2,5.326963942416995,5.326963942416995,0.873036057583005,14.081226735209757
1565,13.6,17.880820682691002,17.880820682691002,4.280820682691003,31.47662266684561
6580,22.562,14.684369163026304,14.684369163026304,7.877630836973697,34.915481060959564
4002,7.6,6.571387883011225,6.571387883011225,1.028612116988775,13.53436996037862
6500,7.899,14.441443349468809,14.441443349468809,6.542443349468809,82.82622293288782
6365,25.4,28.226453343017234,28.226453343017234,2.826453343017235,11.127769066996988
6900,21.699,19.551414645519785,19.551414645519785,2.147585354480217,9.897162793125107
3007,5.0,7.683004756851016,7.683004756851016,2.683004756851016,53.66009513702033
1315,9.2,10.313165896080756,10.313165896080756,1.1131658960807567,12.099629305225616
3885,2.3,4.75259173590338,4.75259173590338,2.45259173590338,106.63442330014696
3745,12.4,10.694967271055859,10.694967271055859,1.7050327289441416,13.750263943097915
6498,18.006229,38.69005190002473,38.69005190002473,20.683822900024726,114.87037569068306
1702,40.99,31.486473737921514,31.486473737921514,9.503526262078488,23.18498722146496
1839,6.2,7.921803346306787,7.921803346306787,1.7218033463067872,27.771021714625597
503,10.5,5.417081776279813,5.417081776279813,5.082918223720187,48.4087449878113
7023,38.9,44.92280069323067,44.92280069323067,6.022800693230671,15.482778131698385
5818,9.79,10.736045464734865,10.736045464734865,0.9460454647348655,9.66338574805787
4694,11.0,4.0196286619651005,4.0196286619651005,6.9803713380348995,63.457921254862725
1721,36.0,39.485456984017134,39.485456984017134,3.4854569840171337,9.68182495560315
7187,50.999,87.77211196268802,87.77211196268802,36.77311196268801,72.10555493772037
4618,14.99,14.79873597403341,14.79873597403341,0.19126402596659098,1.2759441358678518
1803,18.8,18.21957009392296,18.21957009392296,0.5804299060770397,3.0873931174310623
1385,4.2,5.3989867746599245,5.3989867746599245,1.1989867746599243,28.547304158569624
1373,1.2,2.7060932572899468,2.7060932572899468,1.5060932572899468,125.50777144082889
5834,26.9,30.3453795022755,30.3453795022755,3.4453795022755003,12.808102238942382
5654,44.99,62.64261978372213,62.64261978372213,17.65261978372213,39.236763244547966
5670,16.0,17.07141456039454,17.07141456039454,1.0714145603945404,6.696341002465878
856,6.9,6.68470930488054,6.68470930488054,0.2152906951194602,3.120155001731307
2458,13.899999,7.142982208274525,7.142982208274525,6.757016791725475,48.61163509238723
2726,7.8,13.80281014159974,13.80281014159974,6.002810141599741,76.95910437948386
5886,37.99,29.6751786808125,29.6751786808125,8.314821319187502,21.886868436924193
4252,24.79,22.101520403266253,22.101520403266253,2.688479596733746,10.845016525751296
3269,8.1,5.858612916607806,5.858612916607806,2.241387083392194,27.671445473977705
2505,6.0,6.910369422210725,6.910369422210725,0.9103694222107253,15.172823703512087
318,1.7,2.118420085085308,2.118420085085308,0.41842008508530815,24.612946181488716
6053,30.49,36.84251470000234,36.84251470000234,6.352514700002342,20.834748114143466
176,4.7,5.653265927819183,5.653265927819183,0.9532659278191824,20.282253783386857
5683,80.49,62.3767933818202,62.3767933818202,18.113206618179795,22.503673273921972
4967,2.0,3.0464485543782516,3.0464485543782516,1.0464485543782516,52.32242771891258
3100,2.6,8.378492921482454,8.378492921482454,5.778492921482455,222.24972774932516
2840,1.85,2.6836710907473815,2.6836710907473815,0.8336710907473814,45.063302202561154
6504,14.2,19.602038237604095,19.602038237604095,5.402038237604096,38.04252280002884
3043,2.7,2.906862610719612,2.906862610719612,0.20686261071961187,7.661578174800439
3169,12.5,9.566562225797549,9.566562225797549,2.933437774202451,23.46750219361961
468,4.6,6.010654767104922,6.010654767104922,1.4106547671049228,30.666407980541806
472,28.5,18.868415580789836,18.868415580789836,9.631584419210164,33.79503304986022
91,7.9,4.657062601372537,4.657062601372537,3.242937398627463,41.049840488955226
4304,2.7,4.514861358777873,4.514861358777873,1.8148613587778728,67.21708736214343
4149,5.8,6.413320771169982,6.413320771169982,0.613320771169982,10.574496054654862
1047,5.6,6.83508244624769,6.83508244624769,1.2350824462476906,22.055043682994476
6571,129.29,121.35946056161171,121.35946056161171,7.93053943838828,6.133915568403032
6768,9.49,9.428745203152634,9.428745203152634,0.06125479684736668,0.6454667739448543
435,5.5,7.879043880724485,7.879043880724485,2.3790438807244847,43.25534328589972
6016,151.89,150.24651503563535,150.24651503563535,1.6434849643646317,1.0820231512045768
1335,20.49,16.881750509717268,16.881750509717268,3.6082494902827307,17.60980717561118
1352,8.9,7.797567138389477,7.797567138389477,1.1024328616105237,12.386886085511502
4074,2.55,4.738604018750085,4.738604018750085,2.188604018750085,85.8276085784347
4868,5.9,6.265810483299102,6.265810483299102,0.3658104832991018,6.200177683035624
6046,25.09,24.131281804993975,24.131281804993975,0.9587181950060248,3.8211167596892177
5546,18.99,20.593844244727755,20.593844244727755,1.6038442447277568,8.445730619946062
4207,8.8,7.800928560946714,7.800928560946714,0.9990714390532869,11.35308453469644
3758,11.5,19.7419463842573,19.7419463842573,8.2419463842573,71.66909899354174
106,7.7,5.387022236888615,5.387022236888615,2.312977763111385,30.038672248199806
5694,19.0,25.290253798354023,25.290253798354023,6.290253798354023,33.10659893870538
5676,26.99,30.248459858513442,30.248459858513442,3.2584598585134437,12.072841269038324
4791,4.1,6.453199944904954,6.453199944904954,2.3531999449049543,57.39512060743791
5900,27.9,16.437006624035565,16.437006624035565,11.462993375964434,41.08599776331339
5313,12.9,12.58524619082101,12.58524619082101,0.3147538091789901,2.439952009139458
3333,10.99,13.243488766459704,13.243488766459704,2.2534887664597036,20.50490233357328
4086,15.0,15.445251581163015,15.445251581163015,0.44525158116301533,2.9683438744201025
1617,12.99,12.172967700240886,12.172967700240886,0.8170322997591146,6.289702076667549
2252,4.0,2.0913940895837477,2.0913940895837477,1.9086059104162523,47.71514776040631
4860,7.8,10.836060497541014,10.836060497541014,3.0360604975410146,38.923852532577115
5584,9.299,13.268119454126266,13.268119454126266,3.9691194541262664,42.68329340925117
3494,15.9,19.761178888771052,19.761178888771052,3.861178888771052,24.28414395453492
1498,6.666,5.55329327712459,5.55329327712459,1.1127067228754104,16.692270070138168
996,6.5,7.804193785434387,7.804193785434387,1.3041937854343866,20.064519775913638
5912,15.3205,11.301238806458658,11.301238806458658,4.019261193541341,26.234530162470815
6638,87.999,91.51847110537334,91.51847110537334,3.5194711053733414,3.9994444316109745
41,18.0,18.416806302973878,18.416806302973878,0.4168063029738782,2.3155905720771015
5253,17.2,21.417586431221444,21.417586431221444,4.217586431221445,24.520851344310728
5689,13.69,13.67986886250326,13.67986886250326,0.010131137496738774,0.07400392619969887
3282,3.7,7.171344136059002,7.171344136059002,3.4713441360590016,93.82011178537842
1539,7.3,5.295582999514501,5.295582999514501,2.004417000485499,27.457767129938343
1805,8.9,10.155400011221555,10.155400011221555,1.255400011221555,14.105618103612978
1144,2.9,8.88584616856273,8.88584616856273,5.98584616856273,206.40848857112863
6198,34.79,36.30525384051846,36.30525384051846,1.5152538405184615,4.355429262772238
2615,6.5,6.6789638727880565,6.6789638727880565,0.17896387278805648,2.753290350585484
2114,14.99,15.369755002466622,15.369755002466622,0.37975500246662186,2.5333889424057494
5792,10.89,9.60374504305922,9.60374504305922,1.2862549569407804,11.811340284121032
4546,11.0,13.010093236923478,13.010093236923478,2.0100932369234776,18.273574881122524
3172,1.0,4.404545242704199,4.404545242704199,3.4045452427041987,340.4545242704199
167,9.2,17.26810368316236,17.26810368316236,8.06810368316236,87.69677916480826
2337,11.3,11.231998438377296,11.231998438377296,0.06800156162270454,0.6017837311743764
6928,39.18,26.885192623689882,26.885192623689882,12.294807376310118,31.380314896146295
3964,5.4,3.1073484468486416,3.1073484468486416,2.2926515531513587,42.456510243543676
2445,25.0,25.87166572743935,25.87166572743935,0.8716657274393498,3.4866629097573996
7257,17.99,23.098006041753337,23.098006041753337,5.108006041753338,28.393585557272587
3341,1.9,5.648257290080707,5.648257290080707,3.748257290080707,197.27669947793197
4103,1.3,3.2959602383502933,3.2959602383502933,1.9959602383502932,153.53540295002256
3017,18.5,13.972297052189539,13.972297052189539,4.527702947810461,24.474069988164654
6151,13.09,15.002731842646403,15.002731842646403,1.9127318426464033,14.612160753601247
4958,8.99,11.16906194841099,11.16906194841099,2.1790619484109897,24.238731350511564
6935,25.4,36.13692152657838,36.13692152657838,10.736921526578378,42.271344592828264
789,3.6,6.812544658156867,6.812544658156867,3.2125446581568666,89.23735161546851
4617,19.2,13.761659158757265,13.761659158757265,5.438340841242734,28.324691881472575
1097,3.5,3.674905261759511,3.674905261759511,0.17490526175951082,4.997293193128881
3206,15.3,12.377445839819199,12.377445839819199,2.922554160180802,19.1016611776523
6535,19.99,24.64323428515425,24.64323428515425,4.653234285154252,23.27781033093673
6251,31.49,25.557309408564265,25.557309408564265,5.932690591435733,18.83991931227607
544,4.0,6.618542301944851,6.618542301944851,2.618542301944851,65.46355754862128
6770,19.299,19.29283943948845,19.29283943948845,0.006160560511549562,0.031921656622361586
5924,14.25,16.89699855666335,16.89699855666335,2.6469985566633483,18.57542846781297
4838,2.4,4.502891159662463,4.502891159662463,2.102891159662463,87.62046498593595
6194,19.59,16.56112182679424,16.56112182679424,3.0288781732057615,15.461348510493933
6068,7.39,9.971486270147,9.971486270147,2.5814862701470007,34.93215521173208
4229,16.7,14.399825938738452,14.399825938738452,2.300174061261547,13.773497372823638
877,9.5,5.2777702429243245,5.2777702429243245,4.2222297570756755,44.444523758691325
3908,9.7,7.119196903330937,7.119196903330937,2.5808030966690625,26.606217491433636
3914,12.8,8.958718649766183,8.958718649766183,3.8412813502338174,30.0100105487017
5397,10.9,8.289565359662443,8.289565359662443,2.610434640337557,23.948941654473
1078,8.2,5.69913810512465,5.69913810512465,2.5008618948753494,30.4983157911628
5983,42.7,64.46807247271141,64.46807247271141,21.76807247271141,50.979092441947095
4990,10.5,8.37186182856944,8.37186182856944,2.1281381714305603,20.267982585052955
511,13.0,9.996776289652061,9.996776289652061,3.003223710347939,23.101720848830297
2375,4.4,3.810098290744497,3.810098290744497,0.5899017092555034,13.40685702853417
2877,15.6,18.21957009392296,18.21957009392296,2.6195700939229614,16.792115986685648
2069,1.5,3.916722548125504,3.916722548125504,2.416722548125504,161.11483654170027
4851,3.5,2.7679056943897233,2.7679056943897233,0.7320943056102767,20.91698016029362
3262,11.0,7.838896425321953,7.838896425321953,3.161103574678047,28.73730522434588
4934,10.89,20.968337787561275,20.968337787561275,10.078337787561274,92.54671981231657
1302,8.9,13.158114828496048,13.158114828496048,4.258114828496048,47.843986837034244
6045,47.89,46.89088322808764,46.89088322808764,0.9991167719123624,2.0862743201343963
4394,2.5,7.803407864602552,7.803407864602552,5.303407864602552,212.13631458410208
3689,16.3,15.564964278203945,15.564964278203945,0.7350357217960557,4.509421606110771
3159,8.5,7.836814533737442,7.836814533737442,0.6631854662625578,7.8021819560300925
858,7.99,8.923098483097506,8.923098483097506,0.9330984830975062,11.67832894990621
4678,19.9,17.872457990619203,17.872457990619203,2.027542009380795,10.188653313471335
7140,24.85,30.702650085052266,30.702650085052266,5.8526500850522645,23.55191181107551
7028,12.5,21.038315501958955,21.038315501958955,8.538315501958955,68.30652401567164
7112,25.99,34.56154514821728,34.56154514821728,8.571545148217279,32.98016601853513
4357,9.9,13.972297052189539,13.972297052189539,4.072297052189539,41.13431365848019
2890,7.9,8.068170348776253,8.068170348776253,0.16817034877625225,2.1287385921044586
4794,8.8,12.908263442178773,12.908263442178773,4.108263442178773,46.68481184294059
2024,12.0,15.225972999891955,15.225972999891955,3.2259729998919546,26.883108332432954
4194,16.5,14.821867987225394,14.821867987225394,1.678132012774606,10.170497047118825
4921,4.5,5.83920199855843,5.83920199855843,1.3392019985584298,29.760044412409552
5356,9.5,6.946462844297536,6.946462844297536,2.5535371557024638,26.87933848107857
743,5.3,5.756018197047714,5.756018197047714,0.4560181970477144,8.604116925428574
2499,1.15,2.0035317359381946,2.0035317359381946,0.8535317359381946,74.22015095114737
4241,9.3,11.62345349596963,11.62345349596963,2.3234534959696287,24.983370924404607
179,25.99,17.446160676956307,17.446160676956307,8.543839323043692,32.87356415176488
3613,8.5,5.387022236888615,5.387022236888615,3.1129777631113846,36.623267801310405
3693,20.0,13.56048612223518,13.56048612223518,6.439513877764821,32.19756938882411
3771,7.0,8.991574517600586,8.991574517600586,1.9915745176005863,28.451064537151233
6566,35.55,37.76652035374291,37.76652035374291,2.216520353742915,6.234937703918186
31,11.0,8.330242791971592,8.330242791971592,2.6697572080284075,24.270520072985523
5151,6.8,5.947153056710192,5.947153056710192,0.8528469432898076,12.541866813085406
2484,3.2,3.7156343142977892,3.7156343142977892,0.515634314297789,16.113572321805908
168,11.5,8.424100580724946,8.424100580724946,3.0758994192750535,26.746951471956987
3248,2.8,2.822272410397513,2.822272410397513,0.022272410397513376,0.7954432284826207
642,5.0,5.983202434644994,5.983202434644994,0.9832024346449941,19.664048692899883
1483,14.9,13.65274629513278,13.65274629513278,1.2472537048672212,8.370830234008196
1790,6.0,5.756018197047714,5.756018197047714,0.24398180295228578,4.066363382538096
5035,8.0,6.122288565277543,6.122288565277543,1.8777114347224568,23.47139293403071
3982,3.0,8.970540349246479,8.970540349246479,5.970540349246479,199.0180116415493
7092,62.49,63.17231895822401,63.17231895822401,0.682318958224009,1.0918850347639766
6492,22.89,24.171964920630003,24.171964920630003,1.2819649206300028,5.60054574325034
6912,19.899,20.648022177558136,20.648022177558136,0.7490221775581354,3.764119692236471
6178,24.5,25.537623868318327,25.537623868318327,1.0376238683183274,4.235199462523785
6644,18.15,12.753081668266397,12.753081668266397,5.396918331733602,29.735087227182383
2758,9.5,7.259205737802035,7.259205737802035,2.240794262197965,23.587308023136472
3412,12.6,8.836107956968918,8.836107956968918,3.763892043031081,29.87215907167525
6122,20.7,19.85511335830457,19.85511335830457,0.8448866416954282,4.081577979204967
800,2.5,4.385151908084813,4.385151908084813,1.8851519080848131,75.40607632339253
1954,10.5,9.18430880393973,9.18430880393973,1.3156911960602695,12.530392343431137
7248,48.99,33.76910351296268,33.76910351296268,15.220896487037322,31.06939474798392
5306,4.0,4.110682129419661,4.110682129419661,0.11068212941966138,2.7670532354915345
6637,15.69,14.542671923550545,14.542671923550545,1.1473280764494547,7.312479773419087
2119,20.5,23.347195275394768,23.347195275394768,2.8471952753947676,13.888757440950087
5309,3.5,4.014424371296331,4.014424371296331,0.5144243712963306,14.697839179895158
5660,25.49,32.23780603107804,32.23780603107804,6.747806031078039,26.472365755504274
5679,19.5,23.098006041753337,23.098006041753337,3.5980060417533366,18.451313034632495
1406,8.7,7.787963760795775,7.787963760795775,0.912036239204224,10.483175163266944
1501,9.8,7.488048706831469,7.488048706831469,2.3119512931685318,23.591339726209508
1074,5.3,5.286486310128364,5.286486310128364,0.013513689871635925,0.2549752805969043
500,13.6,12.08571455374399,12.08571455374399,1.5142854462560091,11.13445181070595
437,17.5,15.310546756432487,15.310546756432487,2.189453243567513,12.51116139181436
5437,9.5,10.261633669270644,10.261633669270644,0.761633669270644,8.01719651863836
4113,8.9,5.47217469493866,5.47217469493866,3.42782530506134,38.514891068104944
3386,3.6,4.455254749759389,4.455254749759389,0.8552547497593888,23.75707638220524
6683,22.99,22.693188890229756,22.693188890229756,0.2968111097702426,1.2910444096139304
80,16.9,10.122312502145626,10.122312502145626,6.777687497854373,40.10465975061759
1608,19.99,14.160298156790562,14.160298156790562,5.8297018432094365,29.163090761427902
960,5.0,6.916365010150797,6.916365010150797,1.9163650101507974,38.327300203015945
3114,22.5,30.591298374421637,30.591298374421637,8.091298374421637,35.96132610854061
5198,3.8,5.653265927819183,5.653265927819183,1.8532659278191828,48.77015599524165
4628,13.0,17.26810368316236,17.26810368316236,4.268103683162359,32.831566793556604
1632,12.19,13.65274629513278,13.65274629513278,1.4627462951327797,11.999559435051516
3305,4.8,6.034863542362814,6.034863542362814,1.234863542362814,25.72632379922529
5935,21.3,22.06458107157562,22.06458107157562,0.7645810715756198,3.5895824956601867
5419,9.5,10.184656978758147,10.184656978758147,0.6846569787581469,7.2069155658752315
2477,3.0,5.451817178502262,5.451817178502262,2.451817178502262,81.72723928340874
5506,16.45,17.96561780881599,17.96561780881599,1.515617808815989,9.21348212046194
6399,22.45,15.677188345739149,15.677188345739149,6.772811654260851,30.16842607688575
5517,51.999,42.87641549934321,42.87641549934321,9.122584500656792,17.543769112207528
534,6.9,7.9842228452081825,7.9842228452081825,1.0842228452081821,15.713374568234522
5701,26.69,24.524751437880184,24.524751437880184,2.1652485621198174,8.112583597301676
2794,20.3,12.851697512252732,12.851697512252732,7.448302487747268,36.691145259838756
585,4.5,3.761306418795188,3.761306418795188,0.7386935812048119,16.415412915662486
6722,50.9,50.96849057266201,50.96849057266201,0.06849057266201442,0.13455908185071594
4970,25.0,23.78389113053224,23.78389113053224,1.2161088694677602,4.864435477871041
1451,2.75,4.3034646668631495,4.3034646668631495,1.5534646668631495,56.48962424956907
6275,25.49,23.676080292172244,23.676080292172244,1.813919707827754,7.116201286103391
1410,30.5,18.377957614624492,18.377957614624492,12.122042385375508,39.74440126352626
5684,20.59,34.250527357134104,34.250527357134104,13.660527357134104,66.34544612498351
4536,10.0,10.351169113025406,10.351169113025406,0.35116911302540643,3.5116911302540648
866,15.0,10.038887988069849,10.038887988069849,4.961112011930151,33.07408007953434
4638,2.0,1.538660245695418,1.538660245695418,0.4613397543045821,23.066987715229104
6358,54.8,39.900429069790235,39.900429069790235,14.899570930209762,27.188998047828033
4679,3.95,7.976802641741132,7.976802641741132,4.026802641741132,101.94437067699069
742,7.1,5.528129590079219,5.528129590079219,1.5718704099207805,22.139019858039163
1544,6.9,5.369143481306459,5.369143481306459,1.5308565186935414,22.186326357877412
5509,53.29,44.88099730379349,44.88099730379349,8.409002696206507,15.77970106250048
2706,18.9,14.944471948212767,14.944471948212767,3.9555280517872315,20.928719850726093
3734,7.89,6.126709695695023,6.126709695695023,1.7632903043049764,22.34841957294013
2589,8.2,10.2216551919152,10.2216551919152,2.021655191915201,24.654331608721964
5283,2.5,4.393556268495573,4.393556268495573,1.8935562684955727,75.74225073982291
6816,50.709,33.50926904150855,33.50926904150855,17.19973095849145,33.91849762072107
5944,15.9,17.822280187020326,17.822280187020326,1.9222801870203252,12.089812496983177
4253,3.7,3.4309805427930105,3.4309805427930105,0.2690194572069897,7.270796140729452
748,16.5,10.892520475715251,10.892520475715251,5.607479524284749,33.98472438960454
4055,5.79,7.311336391751301,7.311336391751301,1.5213363917513005,26.275239926620042
401,5.3,5.441751305340402,5.441751305340402,0.14175130534040203,2.674552930950982
3749,20.8,20.890340937590558,20.890340937590558,0.0903409375905575,0.4343314307238342
157,7.5,7.184947013607684,7.184947013607684,0.31505298639231594,4.200706485230879
5434,98.19,110.97350359303312,110.97350359303312,12.783503593033117,13.019150211867927
6483,29.5,24.937218235047226,24.937218235047226,4.562781764952774,15.467056830348389
5749,14.3,15.268855138949958,15.268855138949958,0.9688551389499569,6.775210761887811
4528,12.0,13.576026863051263,13.576026863051263,1.576026863051263,13.133557192093859
1820,8.9,5.433645575252733,5.433645575252733,3.4663544247472675,38.9478025252502
2922,9.0,8.438815039878893,8.438815039878893,0.561184960121107,6.235388445790077
2864,15.3,5.57630357401732,5.57630357401732,9.72369642598268,63.5535714116515
3362,3.3,2.5247137223474727,2.5247137223474727,0.7752862776525271,23.493523565228095
5281,1.6,2.4195791578739083,2.4195791578739083,0.8195791578739082,51.22369736711926
3803,1.4,2.9571518966116823,2.9571518966116823,1.5571518966116824,111.22513547226302
4237,5.4,11.23464765460647,11.23464765460647,5.834647654606469,108.04903064086054
7295,47.59,36.72824902973631,36.72824902973631,10.861750970263692,22.82359943320801
2666,4.8,4.950874189552561,4.950874189552561,0.15087418955256116,3.1432122823450244
1782,13.0,7.304256284156409,7.304256284156409,5.695743715843591,43.81341319879685
5910,45.3565,43.73521023689183,43.73521023689183,1.621289763108166,3.5745477783959654
2415,8.0,11.340227391985236,11.340227391985236,3.340227391985236,41.75284239981545
535,11.9,10.93792088856037,10.93792088856037,0.9620791114396301,8.084698415459076
5978,119.9,95.38679222933294,95.38679222933294,24.513207770667066,20.444710400889964
2406,1.5,2.0777878953791724,2.0777878953791724,0.5777878953791724,38.519193025278156
3098,5.8,5.597961390281791,5.597961390281791,0.2020386097182092,3.4834243054863654
5359,8.0,11.423777813390114,11.423777813390114,3.4237778133901138,42.797222667376424
5154,8.4,7.349068700039589,7.349068700039589,1.0509312999604115,12.511086904290611
1966,8.9,4.372548162684408,4.372548162684408,4.527451837315592,50.87024536309654
5416,10.5,10.313165896080756,10.313165896080756,0.18683410391924404,1.779372418278515
1176,7.86,10.500896689828812,10.500896689828812,2.6408966898288115,33.599194527084116
5902,21.5,25.88494833204192,25.88494833204192,4.384948332041919,20.395108521125206
1760,2.8,2.1794017215922388,2.1794017215922388,0.620598278407761,22.16422422884861
997,5.2,7.823849733586504,7.823849733586504,2.6238497335865034,50.458648722817365
473,6.2,5.37582015549795,5.37582015549795,0.8241798445020505,13.29322329842017
2266,2.1,1.198861603749016,1.198861603749016,0.901138396250984,42.91135220242781
4205,15.7,13.453032874859126,13.453032874859126,2.2469671251408734,14.311892516820851
1882,5.2,7.266246175934702,7.266246175934702,2.066246175934702,39.73550338335965
4222,18.9,15.034172886662514,15.034172886662514,3.8658271133374846,20.454111710780342
2578,10.8,10.040071320973011,10.040071320973011,0.7599286790269897,7.0363766576573115
3783,2.6,4.543186518806387,4.543186518806387,1.9431865188063866,74.73794303101486
469,14.9,15.345018802139748,15.345018802139748,0.44501880213974765,2.9867033700654204
5097,14.9,12.714155013920903,12.714155013920903,2.185844986079097,14.67010057771206
7040,17.29,21.69502540521271,21.69502540521271,4.405025405212712,25.47730136039741
4712,10.0,13.080831789372413,13.080831789372413,3.0808317893724126,30.808317893724123
3997,7.0,7.620727649049695,7.620727649049695,0.6207276490496954,8.867537843567076
247,6.5,3.66134449494386,3.66134449494386,2.83865550505614,43.67162315470985
3780,17.9,12.119696795337921,12.119696795337921,5.7803032046620775,32.29219667408982
2182,9.9,16.523663595224782,16.523663595224782,6.623663595224782,66.9056928810584
3395,6.5,11.023503431263006,11.023503431263006,4.523503431263006,69.59236048096932
7097,83.99,83.78478974342033,83.78478974342033,0.20521025657966163,0.24432701104853152
811,4.0,3.9691920526933995,3.9691920526933995,0.030807947306600525,0.7701986826650131
6502,26.8,22.086563070554952,22.086563070554952,4.713436929445049,17.58745122927257
1419,7.4,7.804193785434387,7.804193785434387,0.4041937854343862,5.46207818154576
6733,13.9,17.31643390437451,17.31643390437451,3.416433904374509,24.578661182550423
3625,3.9,4.082325304673727,4.082325304673727,0.1823253046737272,4.675007812146852
228,9.0,5.667600540549833,5.667600540549833,3.3323994594501674,37.02666066055741
7107,45.5,37.58589814705769,37.58589814705769,7.914101852942309,17.393630446027053
17,18.0,24.536477520821013,24.536477520821013,6.536477520821013,36.313764004561186
1407,10.6,11.423777813390114,11.423777813390114,0.8237778133901141,7.771488805567114
7070,59.99,65.71774472982128,65.71774472982128,5.727744729821275,9.547832521789088
2392,13.5,14.056870808730071,14.056870808730071,0.5568708087300713,4.124968953556084
6272,47.9,30.13876414009158,30.13876414009158,17.761235859908417,37.079824342188765
5439,109.0,96.32738404966122,96.32738404966122,12.67261595033878,11.626253165448421
6745,45.49,37.90710299971133,37.90710299971133,7.582897000288675,16.66937129102808
5879,10.99,15.627945431861034,15.627945431861034,4.637945431861034,42.201505294458904
2440,3.9,6.114697078290378,6.114697078290378,2.2146970782903783,56.78710457154816
5831,17.9,20.34190861112372,20.34190861112372,2.441908611123722,13.64194754817722
5853,13.5,13.172539499507439,13.172539499507439,0.3274605004925615,2.425633336981937
4844,9.0,7.62875887121715,7.62875887121715,1.3712411287828496,15.236012542031663
6915,25.49,43.427367419942755,43.427367419942755,17.937367419942756,70.37021349526385
6092,21.69,24.02570204923248,24.02570204923248,2.335702049232477,10.768566386502892
5461,23.2,18.36823416003185,18.36823416003185,4.831765839968149,20.826576896414437
2585,5.7,4.355489914737589,4.355489914737589,1.344510085262411,23.587896232673877
543,9.9,5.369143481306459,5.369143481306459,4.5308565186935414,45.766227461550926
6112,17.0,23.38525459720227,23.38525459720227,6.38525459720227,37.56032116001335
3794,16.5,13.612493827903617,13.612493827903617,2.8875061720963835,17.500037406644747
4119,7.799999,4.7199814646131415,4.7199814646131415,3.080017535386858,39.487409362319895
3153,12.0,5.1199964873191774,5.1199964873191774,6.8800035126808226,57.33336260567352
1535,10.499,11.938006188885595,11.938006188885595,1.4390061888855943,13.706126191881078
1832,14.5,23.927311184953364,23.927311184953364,9.427311184953364,65.01593920657493
6746,33.79,38.99611501425774,38.99611501425774,5.20611501425774,15.407265505349926
3590,8.99,7.142982208274525,7.142982208274525,1.8470177917254755,20.54524796135123
3289,2.0,3.6469635562065577,3.6469635562065577,1.6469635562065577,82.34817781032788
96,3.8,3.477109766682471,3.477109766682471,0.322890233317529,8.497111403092868
6679,62.99,52.68154644218848,52.68154644218848,10.308453557811525,16.365222349280085
2094,5.7,5.369143481306459,5.369143481306459,0.33085651869354127,5.804500327956864
4773,8.0,9.71191923491299,9.71191923491299,1.7119192349129904,21.39899043641238
2927,9.5,8.330842521487895,8.330842521487895,1.1691574785121048,12.306920826443209
7038,44.5,31.804210782283683,31.804210782283683,12.695789217716317,28.529863410598466
156,12.99,9.793408880619118,9.793408880619118,3.196591119380882,24.60809175812842
1022,6.4,5.479587980726739,5.479587980726739,0.920412019273261,14.381437801144703
5447,24.49,30.341885477690724,30.341885477690724,5.851885477690725,23.89499990890456
4966,5.8,5.431996844309186,5.431996844309186,0.3680031556908139,6.344881994669205
6458,49.5,47.10211935201091,47.10211935201091,2.3978806479890906,4.84420332927089
2716,12.5,16.42611846101926,16.42611846101926,3.9261184610192608,31.408947688154086
1287,15.0,17.210160985577087,17.210160985577087,2.2101609855770867,14.734406570513912
696,18.0,17.960562429137198,17.960562429137198,0.03943757086280186,0.21909761590445478
425,25.0,26.01818108887052,26.01818108887052,1.01818108887052,4.07272435548208
6872,47.39,38.52931303913107,38.52931303913107,8.860686960868932,18.697377001200532
712,10.9,13.659494635798008,13.659494635798008,2.759494635798008,25.316464548605577
4173,2.45,2.255296546663576,2.255296546663576,0.19470345333642403,7.947079728017306
1811,16.0,16.812968759347022,16.812968759347022,0.8129687593470223,5.081054745918889
5096,18.7,25.660623263535165,25.660623263535165,6.960623263535165,37.22258429697949
6480,17.9,23.86267040374105,23.86267040374105,5.9626704037410505,33.311007842128774
447,31.49,27.073866531869484,27.073866531869484,4.416133468130514,14.023923366562446
6748,15.899,12.570895971177128,12.570895971177128,3.328104028822871,20.93278840696189
4080,5.99,6.036567455409205,6.036567455409205,0.04656745540920504,0.7774199567479972
1009,5.3,2.8984242662122934,2.8984242662122934,2.4015757337877064,45.312749694107666
592,1.5,1.9711275552394323,1.9711275552394323,0.4711275552394323,31.40850368262882
6096,29.85,30.57568975724444,30.57568975724444,0.7256897572444387,2.4311214648054897
1242,8.5,5.482087991697947,5.482087991697947,3.017912008302053,35.50484715649475
3058,8.4,8.068170348776253,8.068170348776253,0.33182965122374775,3.9503529907589012
131,15.8,17.26810368316236,17.26810368316236,1.468103683162358,9.291795463052898
2404,4.5,6.3123007057687985,6.3123007057687985,1.8123007057687985,40.27334901708441
2306,8.95,8.663045716069163,8.663045716069163,0.2869542839308359,3.2061931165456525
6277,62.5,72.43513333037484,72.43513333037484,9.935133330374839,15.896213328599742
7103,20.89,20.429997171997012,20.429997171997012,0.4600028280029882,2.202024068946808
624,8.5,4.634937810626692,4.634937810626692,3.865062189373308,45.4713198749801
2986,6.0,4.257855505170614,4.257855505170614,1.742144494829386,29.035741580489766
2127,8.3,7.919697224061654,7.919697224061654,0.3803027759383468,4.581961155883697
6539,43.9,35.502190967492226,35.502190967492226,8.397809032507773,19.129405541019985
4739,3.9,4.514861358777873,4.514861358777873,0.6148613587778731,15.76567586609931
3686,17.9,21.417586431221444,21.417586431221444,3.5175864312214458,19.65132084481255
3844,6.0,5.685568398288289,5.685568398288289,0.3144316017117106,5.240526695195177
2815,9.9,8.229893353754989,8.229893353754989,1.6701066462450118,16.869764103484965
2579,3.999999,7.223895585433994,7.223895585433994,3.2238965854339945,80.59743478520856
1945,5.6,9.174073101673244,9.174073101673244,3.5740731016732443,63.8227339584508
2436,6.99,4.514861358777873,4.514861358777873,2.4751386412221272,35.40970874423644
93,6.5,5.266016642126015,5.266016642126015,1.233983357873985,18.98435935190746
6701,35.19,20.916713530043257,20.916713530043257,14.27328646995674,40.56063219652385
1375,4.868,5.756018197047714,5.756018197047714,0.8880181970477139,18.241951459484675
3903,5.6,10.26356776278686,10.26356776278686,4.66356776278686,83.27799576405107
3477,13.5,10.892732366501303,10.892732366501303,2.6072676334986973,19.313093581471833
6022,42.99,44.573949149462706,44.573949149462706,1.583949149462704,3.6844595242212237
2223,8.8,5.441751305340402,5.441751305340402,3.358248694659599,38.16191698476817
1087,13.9,15.702614671503488,15.702614671503488,1.8026146715034876,12.968450874125809
2531,2.5,3.679764657868507,3.679764657868507,1.1797646578685068,47.19058631474027
6729,78.99,58.36201444043082,58.36201444043082,20.627985559569176,26.1146797817055
6880,17.375,18.487134383003504,18.487134383003504,1.1121343830035038,6.400773427358295
764,1.8,6.611013329839009,6.611013329839009,4.811013329839009,267.2785183243894
4669,6.5,7.785011415644498,7.785011415644498,1.2850114156444983,19.76940639453074
476,12.99,13.65274629513278,13.65274629513278,0.6627462951327789,5.10197301872809
5594,56.5,48.67687289159627,48.67687289159627,7.823127108403732,13.846242669741118
2622,1.5,2.6511764021384714,2.6511764021384714,1.1511764021384714,76.7450934758981
5111,5.7,5.90696340917448,5.90696340917448,0.20696340917448008,3.6309370030610544
6466,21.6,21.806523663867317,21.806523663867317,0.20652366386731558,0.9561280734597943
4461,10.0,8.416757535223049,8.416757535223049,1.5832424647769514,15.832424647769514
6338,13.5,14.326454639968713,14.326454639968713,0.8264546399687127,6.121886221990464
7034,23.29,20.33160963462924,20.33160963462924,2.958390365370761,12.702406034223962
2181,20.0,17.49107600076606,17.49107600076606,2.5089239992339394,12.544619996169699
6334,34.0,33.69774650860025,33.69774650860025,0.3022534913997532,0.8889808570580977
2620,10.0,6.124722862976467,6.124722862976467,3.8752771370235326,38.75277137023533
5170,8.9,13.972297052189539,13.972297052189539,5.072297052189539,56.99210170999481
752,6.8,6.571387883011225,6.571387883011225,0.22861211698877515,3.361942896893752
2283,11.5,11.371678327019737,11.371678327019737,0.1283216729802632,1.1158406346109844
2799,8.0,5.610987670102917,5.610987670102917,2.389012329897083,29.86265412371354
3049,14.9,17.467171765287095,17.467171765287095,2.5671717652870942,17.229340706624793
351,3.5,6.538702240447563,6.538702240447563,3.038702240447563,86.82006401278751
487,1.8,2.761514844032412,2.761514844032412,0.9615148440324119,53.417491335133995
927,5.0,5.441751305340402,5.441751305340402,0.44175130534040186,8.835026106808037
3318,6.5,7.333357836145037,7.333357836145037,0.8333578361450371,12.820889786846726
1061,18.0,12.186762757298013,12.186762757298013,5.813237242701987,32.29576245945548
6018,39.39,36.65525342369392,36.65525342369392,2.7347465763060796,6.942743275719927
2191,3.5,4.99767891389744,4.99767891389744,1.49767891389744,42.79082611135543
4608,2.1,4.488944305289889,4.488944305289889,2.3889443052898893,113.75925263285187
6128,27.9,17.805446962431276,17.805446962431276,10.094553037568723,36.18119368304202
561,12.99,13.069169488874898,13.069169488874898,0.07916948887489816,0.609464887412611
3535,9.9,9.092324986959218,9.092324986959218,0.8076750130407824,8.158333465058409
5501,21.99,18.718186907651837,18.718186907651837,3.271813092348161,14.87864071099664
2966,9.5,10.266743705286519,10.266743705286519,0.7667437052865189,8.070986371437042
6026,37.49,44.1620679082489,44.1620679082489,6.6720679082488985,17.79692693584662
334,13.5,15.304927449950565,15.304927449950565,1.804927449950565,13.369832962596778
2225,6.8,5.723316193407239,5.723316193407239,1.0766838065927606,15.83358539107001
4847,13.0,8.704666256477756,8.704666256477756,4.295333743522244,33.04102879632496
5507,25.5,17.826604851445232,17.826604851445232,7.673395148554768,30.091745680606934
3213,12.5,5.894250684102316,5.894250684102316,6.605749315897684,52.845994527181475
1103,7.9,7.319356647766719,7.319356647766719,0.580643352233281,7.34991585105419
2110,26.99,18.377957614624492,18.377957614624492,8.612042385375506,31.90827115737498
23,12.99,13.750802435931305,13.750802435931305,0.7608024359313053,5.856831685383412
4151,21.99,22.56082816577206,22.56082816577206,0.5708281657720633,2.595853414152175
1005,3.2,3.013642836991197,3.013642836991197,0.186357163008803,5.823661344025094
1643,9.7,13.624375066257922,13.624375066257922,3.924375066257923,40.4574749098755
2550,59.7,47.07136208929902,47.07136208929902,12.62863791070098,21.153497337857587
3038,8.69,6.112911885338054,6.112911885338054,2.5770881146619455,29.65578958184057
4030,1.7,4.6888106421874856,4.6888106421874856,2.9888106421874854,175.8123907169109
3817,7.999,8.03189655977279,8.03189655977279,0.032896559772789935,0.41125840446043177
1671,14.9,15.582976436380518,15.582976436380518,0.6829764363805175,4.583734472352466
1372,14.3,13.659494635798008,13.659494635798008,0.6405053642019922,4.479058490923022
3203,30.99,24.548227636382215,24.548227636382215,6.441772363617783,20.786616210447832
445,6.9,7.235224889596167,7.235224889596167,0.3352248895961667,4.858331733277778
5433,62.99,40.31674728290996,40.31674728290996,22.673252717090044,35.99500351974923
7125,59.999,52.758762315438474,52.758762315438474,7.240237684561528,12.067263928668023
3399,22.5,21.38434812006853,21.38434812006853,1.1156518799314696,4.95845279969542
3939,2.0,2.5854336556754305,2.5854336556754305,0.5854336556754305,29.271682783771524
5206,20.49,20.37242510528028,20.37242510528028,0.11757489471971994,0.5738159820386527
6378,83.79,71.37079204084492,71.37079204084492,12.419207959155088,14.821825944808554
2592,16.99,13.65274629513278,13.65274629513278,3.3372537048672193,19.642458533650498
3887,11.0,13.761659158757265,13.761659158757265,2.761659158757265,25.105992352338774
3518,1.2,3.6804834873830465,3.6804834873830465,2.4804834873830464,206.70695728192055
4295,10.9,11.896418857345267,11.896418857345267,0.996418857345267,9.141457406837313
1128,10.8,9.618644545310897,9.618644545310897,1.181355454689104,10.938476432306517
2570,7.5,5.369143481306459,5.369143481306459,2.130856518693541,28.411420249247215
5277,9.6,8.9757969822891,8.9757969822891,0.624203017710899,6.502114767821865
1783,10.6,7.959679164188856,7.959679164188856,2.640320835811144,24.90868713029381
2523,18.0,15.467956318621692,15.467956318621692,2.5320436813783083,14.066909340990602
4248,5.15,2.9902815109947642,2.9902815109947642,2.159718489005236,41.936281339907495
1844,6.49,5.596749777945693,5.596749777945693,0.8932502220543075,13.763485701915368
5291,7.9,5.51174873028412,5.51174873028412,2.38825126971588,30.23102873058076
6129,24.49,24.10037692880147,24.10037692880147,0.38962307119852824,1.5909476161638556
6060,5.69,12.265438001871964,12.265438001871964,6.575438001871963,115.56130056013994
2515,6.699,7.836814533737442,7.836814533737442,1.1378145337374423,16.984841524667
5040,17.5,13.972297052189539,13.972297052189539,3.527702947810461,20.15830255891692
6799,56.99,30.628089724454497,30.628089724454497,26.361910275545505,46.25708067300492
3554,3.5,5.021697844738977,5.021697844738977,1.521697844738977,43.477081278256485
3878,4.2,9.162441443860327,9.162441443860327,4.962441443860327,118.15336771096017
5945,29.7,30.35661973423405,30.35661973423405,0.6566197342340523,2.2108408560069104
2264,14.5,10.364515475701356,10.364515475701356,4.1354845242986435,28.52058292619754
2462,4.9,6.3729593019628155,6.3729593019628155,1.472959301962815,30.06039391760847
1775,6.6,9.18430880393973,9.18430880393973,2.584308803939731,39.15619399908684
6861,28.05,23.48028744739201,23.48028744739201,4.569712552607992,16.291310347978584
378,7.8,7.804193785434387,7.804193785434387,0.004193785434386754,0.053766479928035314
6853,9.999,12.85958630179998,12.85958630179998,2.86058630179998,28.608723890388838
4913,1.6,0.7844022654164657,0.7844022654164657,0.8155977345835344,50.97485841147089
5246,8.2,13.612493827903617,13.612493827903617,5.412493827903617,66.00602229150753
199,1.5,3.000561544402876,3.000561544402876,1.500561544402876,100.03743629352506
2446,11.0,13.929594234542622,13.929594234542622,2.9295942345426216,26.632674859478378
2957,3.8,6.461468697377024,6.461468697377024,2.661468697377024,70.03864993097432
1328,11.49,10.651144371850865,10.651144371850865,0.8388556281491351,7.300745240636511
1193,10.5,8.068170348776253,8.068170348776253,2.4318296512237474,23.16028239260712
5686,12.75,11.27881194035961,11.27881194035961,1.4711880596403901,11.538729879532472
1075,9.3,13.069169488874898,13.069169488874898,3.7691694888748977,40.52870418145051
5427,3.4,4.432291693327018,4.432291693327018,1.0322916933270183,30.361520391971126
6969,24.5,23.208101915307836,23.208101915307836,1.2918980846921642,5.273053406906793
2063,10.5,14.660156999749578,14.660156999749578,4.160156999749578,39.620542854757886
965,14.5,15.702614671503488,15.702614671503488,1.202614671503488,8.293894286230952
5060,9.49,8.068170348776253,8.068170348776253,1.4218296512237476,14.982398853780268
1467,9.4,9.049191767695651,9.049191767695651,0.3508082323043489,3.7320024713228603
5975,18.46,19.64688815745227,19.64688815745227,1.1868881574522696,6.429513312309153
3296,51.0,25.519492831667232,25.519492831667232,25.480507168332768,49.9617787614368
5414,7.5,7.340982776262215,7.340982776262215,0.15901722373778515,2.1202296498371354
7126,29.95,26.863310936949016,26.863310936949016,3.086689063050983,10.306140444243683
5724,62.05,47.76773382123081,47.76773382123081,14.282266178769184,23.017350811876206
2755,6.0,5.947153056710192,5.947153056710192,0.05284694328980777,0.8807823881634628
4022,6.5,8.022876496321915,8.022876496321915,1.5228764963219152,23.428869174183312
3091,6.5,7.833453111180205,7.833453111180205,1.333453111180205,20.514663248926233
2022,5.89,5.653265927819183,5.653265927819183,0.2367340721808171,4.019254196618287
5090,8.6,13.386548365592136,13.386548365592136,4.786548365592136,55.65753913479228
2907,7.0,6.5939256711020455,6.5939256711020455,0.4060743288979545,5.80106184139935
5744,42.345,30.630078907754037,30.630078907754037,11.714921092245962,27.665417622496076
5769,15.1,15.182112079248581,15.182112079248581,0.08211207924858144,0.5437886042952413
6155,18.49,20.39843482976554,20.39843482976554,1.9084348297655431,10.321443103112728
6547,13.79,11.686439824073487,11.686439824073487,2.1035601759265123,15.25424348025027
2850,6.699999,6.571387883011225,6.571387883011225,0.12861111698877536,1.9195691967830946
2132,16.5,11.081085676092803,11.081085676092803,5.418914323907197,32.84190499337695
6114,86.19,85.1484418136526,85.1484418136526,1.0415581863474017,1.2084443512558323
6570,20.79,21.488732450259256,21.488732450259256,0.6987324502592571,3.3609064466534737
6434,31.0,31.650883664009882,31.650883664009882,0.6508836640098821,2.099624722612523
4246,7.5,5.36103775121879,5.36103775121879,2.13896224878121,28.519496650416137
1701,4.5,8.39837708396994,8.39837708396994,3.8983770839699403,86.63060186599867
6332,39.999,31.18116106257933,31.18116106257933,8.817838937420671,22.04514847226348
3927,19.5,20.644130507954387,20.644130507954387,1.1441305079543866,5.867335938227624
5780,66.99,65.5365996186905,65.5365996186905,1.4534003813094927,2.1695781180914953
547,12.4,11.654245448944046,11.654245448944046,0.7457545510559545,6.014149605289955
6811,37.99,39.52249196325914,39.52249196325914,1.5324919632591403,4.033935149405476
6203,33.3,37.042752216065786,37.042752216065786,3.7427522160657887,11.239496144341707
1263,19.9,15.7418037841248,15.7418037841248,4.158196215875199,20.895458371232156
5231,2.299,4.587046485029038,4.587046485029038,2.2880464850290383,99.52355306781376
3011,13.29,13.480524469959542,13.480524469959542,0.1905244699595432,1.433592700974742
5865,13.69,14.190644349055546,14.190644349055546,0.5006443490555466,3.657007662933138
1789,11.9,8.797169453349227,8.797169453349227,3.1028305466507735,26.074206274376248
6610,21.49,28.407245806911,28.407245806911,6.917245806911001,32.188207570549096
3018,6.4,5.074650204842094,5.074650204842094,1.3253497951579067,20.708590549342293
5494,26.59,26.34731968173034,26.34731968173034,0.24268031826965952,0.9126751345229768
4715,13.8,15.080974794170853,15.080974794170853,1.2809747941708522,9.28242604471632
2199,5.9,7.787963760795775,7.787963760795775,1.8879637607957749,31.999385776199574
1244,2.5,1.8684678818763416,1.8684678818763416,0.6315321181236584,25.261284724946336
7130,10.89,24.405880862745995,24.405880862745995,13.515880862745995,124.11277192604217
5008,38.0,4.0196286619651005,4.0196286619651005,33.9803713380349,89.42202983693394
5482,12.726,12.11526733179904,12.11526733179904,0.6107326682009617,4.799093730952079
4837,8.5,10.038887988069849,10.038887988069849,1.538887988069849,18.104564565527635
7202,35.29,36.6089331808639,36.6089331808639,1.318933180863901,3.7374133773417433
6764,20.99,21.843074395868655,21.843074395868655,0.8530743958686564,4.064194358592932
3915,5.2,5.880882594724692,5.880882594724692,0.6808825947246921,13.093896052397923
6083,32.299,31.507017266556314,31.507017266556314,0.7919827334436853,2.4520348414616095
518,13.29,14.745486140658148,14.745486140658148,1.4554861406581487,10.951739207360037
611,12.5,12.451559266176606,12.451559266176606,0.04844073382339431,0.3875258705871545
5806,11.22,10.3850171849572,10.3850171849572,0.8349828150428014,7.441914572573986
5672,16.5,21.829626232443655,21.829626232443655,5.329626232443655,32.30076504511306
2288,7.5,5.3853735059450685,5.3853735059450685,2.1146264940549315,28.195019920732424
957,10.99,8.893226699187249,8.893226699187249,2.0967733008127514,19.078919934601924
4401,6.15,8.038573233964282,8.038573233964282,1.8885732339642818,30.708507869337915
491,25.8,13.56048612223518,13.56048612223518,12.239513877764821,47.439976270406284
1330,4.9,5.685568398288289,5.685568398288289,0.7855683982882891,16.03200812833243
3458,21.5,15.612850968244514,15.612850968244514,5.887149031755486,27.38208851979296
323,5.89,2.996448878844504,2.996448878844504,2.893551121155496,49.126504603658674
5362,7.2,10.079727454453042,10.079727454453042,2.8797274544530422,39.99621464518114
7010,22.79,22.668723687081645,22.668723687081645,0.12127631291835428,0.5321470509800539
4247,10.5,13.154951406801088,13.154951406801088,2.6549514068010875,25.28525149334369
2031,4.75,3.0725213916933978,3.0725213916933978,1.6774786083066022,35.315339122244254
5516,32.0,44.076526555727135,44.076526555727135,12.076526555727135,37.739145486647296
1153,6.3,5.139792442920081,5.139792442920081,1.1602075570799188,18.41599296952252
6685,15.7,16.549218725232322,16.549218725232322,0.8492187252323227,5.409036466447915
7286,6.6,11.086157438018935,11.086157438018935,4.486157438018935,67.97208239422629
6854,21.69,22.149555959934048,22.149555959934048,0.45955595993404685,2.118745781162042
1606,6.4,6.763902733711799,6.763902733711799,0.3639027337117984,5.685980214246849
324,23.9,26.779848086516875,26.779848086516875,2.8798480865168763,12.04957358375262
2083,7.99,5.663030610197469,5.663030610197469,2.3269693898025317,29.12352177475008
2687,10.8,12.195984779650367,12.195984779650367,1.395984779650366,12.925784996762646
6858,35.35,29.486961289096858,29.486961289096858,5.863038710903144,16.58568235050394
586,7.89,5.399566870904717,5.399566870904717,2.4904331290952824,31.564424956847688
4125,9.8,13.869246662718945,13.869246662718945,4.069246662718944,41.52292512978514
3245,8.99,11.62345349596963,11.62345349596963,2.633453495969629,29.293142335590982
4556,4.4,8.099564778005028,8.099564778005028,3.699564778005028,84.08101768193245
706,24.9,19.857656167288077,19.857656167288077,5.042343832711921,20.25037683820049
1978,6.4,5.8098912266435985,5.8098912266435985,0.5901087733564019,9.22044958369378
4160,7.4,2.77975840787715,2.77975840787715,4.62024159212285,62.435697190849325
4995,4.39,4.0110727953966645,4.0110727953966645,0.3789272046033352,8.631599193697841
6812,9.8,12.963916427915638,12.963916427915638,3.1639164279156375,32.28486150934324
6202,17.34,14.879154960038878,14.879154960038878,2.4608450399611215,14.191724567249835
5939,27.79,26.522390960810473,26.522390960810473,1.2676090391895265,4.561385531448458
6218,29.3,25.000262935186157,25.000262935186157,4.2997370648138435,14.674870528374893
4453,9.5,10.257996356070105,10.257996356070105,0.7579963560701053,7.978909011264267
3801,8.9,10.038887988069849,10.038887988069849,1.1388879880698486,12.796494247975826
2572,56.99,35.489452488324986,35.489452488324986,21.500547511675016,37.726877542858425
208,2.25,6.071699306952441,6.071699306952441,3.821699306952441,169.85330253121958
3682,29.8,21.998769303094598,21.998769303094598,7.801230696905403,26.17862649968256
747,2.5,3.950022795069245,3.950022795069245,1.4500227950692448,58.00091180276979
5101,9.9,7.259205737802035,7.259205737802035,2.640794262197965,26.67468951715116
6260,40.99,41.79318166999241,41.79318166999241,0.803181669992405,1.9594575993959626
798,5.0,4.81938278021941,4.81938278021941,0.18061721978058998,3.6123443956117995
88,6.99,13.260070693406785,13.260070693406785,6.270070693406785,89.70058216604842
734,1.7,7.872271419738706,7.872271419738706,6.172271419738705,363.07478939639446
1221,4.8,6.712640961163784,6.712640961163784,1.9126409611637838,39.846686690912165
3574,14.5,9.18430880393973,9.18430880393973,5.3156911960602695,36.65993928317427
1480,6.9,5.2964983287424,5.2964983287424,1.6035016712576002,23.23915465590725
3936,10.49,21.095712078961874,21.095712078961874,10.605712078961874,101.10307034282053
6199,28.99,27.239280843707014,27.239280843707014,1.750719156292984,6.039045037230024
852,13.5,12.063300193737568,12.063300193737568,1.4366998062624319,10.642220787129125
486,7.89,6.538324168628728,6.538324168628728,1.3516758313712716,17.13150610103006
2678,3.6,3.8829416641290333,3.8829416641290333,0.2829416641290332,7.859490670250922
3195,4.0,6.557817926318178,6.557817926318178,2.5578179263181777,63.945448157954445
1430,8.4,8.04563256068543,8.04563256068543,0.3543674393145704,4.2186599918401235
1536,14.9,17.191130585378588,17.191130585378588,2.2911305853785873,15.376715338111325
1891,6.0,8.165581234306405,8.165581234306405,2.165581234306405,36.093020571773415
6513,39.99,18.66581004488659,18.66581004488659,21.32418995511341,53.323805839243335
1919,5.6,7.840079758225115,7.840079758225115,2.2400797582251153,40.001424254019916
4302,14.8,15.78221208291203,15.78221208291203,0.9822120829120298,6.636568127783985
198,5.0,4.472551650673019,4.472551650673019,0.5274483493269813,10.548966986539625
4629,6.6,5.377468886441497,5.377468886441497,1.222531113558503,18.523198690280353
2882,3.85,8.223122573465702,8.223122573465702,4.373122573465702,113.58759931079744
1057,8.9,9.18430880393973,9.18430880393973,0.2843088039397301,3.1944809431430348
73,7.0,8.036480853090978,8.036480853090978,1.0364808530909784,14.80686932987112
548,27.8,22.93200840318019,22.93200840318019,4.8679915968198095,17.5107611396396
6352,13.69,15.548328934347325,15.548328934347325,1.858328934347325,13.574353063165267
2963,4.0,3.873685203370327,3.873685203370327,0.12631479662967315,3.157869915741829
6569,27.3,35.75134060379086,35.75134060379086,8.451340603790857,30.957291588977498
1512,34.99,20.249799216694786,20.249799216694786,14.740200783305216,42.12689563676826
3912,10.9,8.312103147753266,8.312103147753266,2.5878968522467343,23.742172956392057
1582,1.9,2.987827284739325,2.987827284739325,1.0878272847393249,57.25406761785921
6697,15.44,20.33160963462924,20.33160963462924,4.891609634629239,31.681409550707507
5822,10.08,9.987626075689622,9.987626075689622,0.09237392431037783,0.9164079792696213
2865,6.9,5.685568398288289,5.685568398288289,1.214431601711711,17.6004579958219
3647,10.8,11.423777813390114,11.423777813390114,0.6237778133901131,5.775720494352898
5349,20.499,12.701044616423056,12.701044616423056,7.797955383576943,38.040662391223684
4428,3.0,4.567353942592314,4.567353942592314,1.5673539425923142,52.24513141974381
6213,25.55,23.814089503758623,23.814089503758623,1.7359104962413774,6.79417023969228
4359,28.8,26.07250541341334,26.07250541341334,2.727494586586662,9.47046731453702
1452,3.6,7.926973305503764,7.926973305503764,4.326973305503763,120.1937029306601
7037,24.89,26.505912932460618,26.505912932460618,1.615912932460617,6.492217486784319
2020,1.9,3.1323882660359708,3.1323882660359708,1.2323882660359708,64.86254031768269
4903,29.49,30.78695231298623,30.78695231298623,1.2969523129862317,4.397939345494174
5220,6.9,5.377468886441497,5.377468886441497,1.5225311135585038,22.06566831244208
6818,12.35,14.870052307998995,14.870052307998995,2.520052307998995,20.40528184614571
4814,10.0,14.218228797045072,14.218228797045072,4.218228797045072,42.182287970450716
5267,8.8,8.712478885545819,8.712478885545819,0.08752111445418187,0.9945581187975212
2098,9.2,12.341915685970903,12.341915685970903,3.141915685970904,34.15125745620548
1880,13.5,11.655377939546891,11.655377939546891,1.8446220604531085,13.66386711446747
937,9.5,8.068170348776253,8.068170348776253,1.4318296512237474,15.07189106551313
7120,29.999,24.866825115436818,24.866825115436818,5.132174884563181,17.107819875873133
2855,13.5,13.316697988235756,13.316697988235756,0.1833020117642441,1.3577926797351414
6139,14.99,24.071867144154318,24.071867144154318,9.081867144154318,60.586171742190245
5985,12.49,12.749953484217725,12.749953484217725,0.2599534842177249,2.081292908068254
1295,7.0,14.89793217701368,14.89793217701368,7.897932177013679,112.82760252876685
1175,45.9,34.06945428243371,34.06945428243371,11.830545717566288,25.774609406462503
2197,5.5,4.360469713556956,4.360469713556956,1.139530286443044,20.71873248078262
2614,41.9,32.320772235297426,32.320772235297426,9.579227764702573,22.862118770173208
6148,27.36,17.601062264973553,17.601062264973553,9.758937735026446,35.66863207246509
4335,4.0,6.233369460627193,6.233369460627193,2.233369460627193,55.83423651567983
4914,11.5,10.313165896080756,10.313165896080756,1.186834103919244,10.320296555819514
1321,7.2,5.457981329979011,5.457981329979011,1.7420186700209888,24.19470375029151
1181,12.79,13.750802435931305,13.750802435931305,0.9608024359313063,7.512137888438673
6150,22.799,25.098358995197223,25.098358995197223,2.299358995197224,10.085350213593685
3438,12.6,8.046720074975175,8.046720074975175,4.553279925024825,36.13714226210178
6343,34.99,28.515996777832676,28.515996777832676,6.474003222167326,18.50243847432788
4301,12.6,10.313165896080756,10.313165896080756,2.2868341039192437,18.149477015232094
620,7.9,6.436254419967467,6.436254419967467,1.4637455800325334,18.52842506370295
6864,24.89,19.48559348759984,19.48559348759984,5.404406512400161,21.713163971073367
5159,16.0,11.991530467155865,11.991530467155865,4.008469532844135,25.052934580275842
2492,15.5,11.625132510214891,11.625132510214891,3.8748674897851085,24.9991450953878
478,14.0,16.24910219915364,16.24910219915364,2.24910219915364,16.065015708240285
3968,5.3,7.642131432736914,7.642131432736914,2.342131432736914,44.19115910824366
2276,3.7,6.067814583309801,6.067814583309801,2.3678145833098005,63.99498873810271
5227,6.9,6.729028285720261,6.729028285720261,0.17097171427973912,2.477850931590422
1897,12.5,7.004406671632268,7.004406671632268,5.495593328367732,43.96474662694185
7044,14.766,14.157861980629335,14.157861980629335,0.6081380193706654,4.118502095155529
2206,1.4,2.3149271261304136,2.3149271261304136,0.9149271261304137,65.35193758074385
1033,4.5,5.703027732492197,5.703027732492197,1.2030277324921972,26.733949610937714
5948,10.59,8.78883541267054,8.78883541267054,1.8011645873294597,17.008164186302736
286,12.3,17.26810368316236,17.26810368316236,4.968103683162358,40.39108685497852
550,3.2,2.609217179798984,2.609217179798984,0.5907828202010164,18.46196313128176
7008,10.099,10.549834973544755,10.549834973544755,0.45083497354475455,4.464154604859437
5668,25.79,27.339356601697983,27.339356601697983,1.5493566016979834,6.007586668080587
5015,2.5,2.2894670651055886,2.2894670651055886,0.21053293489441138,8.421317395776455
2825,12.5,11.788380401089887,11.788380401089887,0.7116195989101133,5.692956791280906
1055,10.799,15.00147625490855,15.00147625490855,4.20247625490855,38.9154204547509
2091,6.5,5.500923252606125,5.500923252606125,0.9990767473938753,15.370411498367313
6540,25.79,22.149555959934048,22.149555959934048,3.640444040065951,14.115719426389884
2571,3.5,4.576944541708311,4.576944541708311,1.0769445417083112,30.769844048808892
1677,10.3,7.434820203818826,7.434820203818826,2.8651797961811747,27.81727957457451
1174,1.8,1.8684678818763416,1.8684678818763416,0.06846788187634156,3.803771215352309
6021,78.2,67.62956725878657,67.62956725878657,10.570432741213438,13.517177418431507
5916,12.54,24.099751530800383,24.099751530800383,11.559751530800384,92.18302656140658
5389,3.9,6.362533114920318,6.362533114920318,2.462533114920318,63.14187474154661
2087,14.0,12.460893085144882,12.460893085144882,1.5391069148551182,10.993620820393701
1370,46.5,35.489452488324986,35.489452488324986,11.010547511675014,23.678596799301104
6314,16.899,21.453214948893866,21.453214948893866,4.554214948893865,26.94961210067971
2934,5.0,5.486402179352629,5.486402179352629,0.48640217935262875,9.728043587052575
3107,16.99,16.21972614954442,16.21972614954442,0.7702738504555775,4.5336895259304155
1188,7.8,5.359794610093344,5.359794610093344,2.440205389906656,31.284684485982773
2029,6.699999,7.823849733586504,7.823849733586504,1.1238507335865036,16.77389404963349
4209,4.888888,7.785011415644498,7.785011415644498,2.8961234156444986,59.23889881798271
5027,4.5,5.064552835798741,5.064552835798741,0.5645528357987413,12.545618573305362
7009,23.5,30.41138497172811,30.41138497172811,6.911384971728111,29.4101488158643
7093,40.9,54.05321920727556,54.05321920727556,13.153219207275562,32.15946016448793
3956,7.2,13.638147975183978,13.638147975183978,6.438147975183978,89.41872187755524
833,9.0,6.957682889635057,6.957682889635057,2.0423171103649427,22.69241233738825
1393,5.4,7.296628005014388,7.296628005014388,1.8966280050143878,35.12274083359977
549,24.9,22.129072505819757,22.129072505819757,2.770927494180242,11.128222868193744
1020,5.5,5.369143481306459,5.369143481306459,0.1308565186935411,2.3792094307916565
248,3.6,4.851070009783582,4.851070009783582,1.2510700097835818,34.75194471621061
2648,6.5,4.849236311794282,4.849236311794282,1.6507636882057177,25.39636443393412
296,6.3,6.385415680554223,6.385415680554223,0.085415680554223,1.355804453241635
1559,7.39,4.385151908084813,4.385151908084813,3.0048480919151865,40.66100259695787
1563,12.8,12.967340435555801,12.967340435555801,0.16734043555580058,1.307347152779692
6766,13.69,14.0144190428896,14.0144190428896,0.3244190428896001,2.3697519568268817
3260,9.7,13.055904795657638,13.055904795657638,3.355904795657638,34.59695665626432
100,1.4,3.8526908065631904,3.8526908065631904,2.4526908065631905,175.19220046879934
4204,43.5,30.508936213437742,30.508936213437742,12.991063786562258,29.864514451867258
3197,7.0,9.008858636435164,9.008858636435164,2.008858636435164,28.697980520502348
2937,17.5,18.716472337727424,18.716472337727424,1.2164723377274242,6.951270501299566
7017,15.99,13.311565397059063,13.311565397059063,2.6784346029409374,16.7506854467851
1499,6.0,6.25221005942201,6.25221005942201,0.25221005942201025,4.203500990366837
4872,7.0,7.789051275085522,7.789051275085522,0.7890512750855221,11.272161072650315
1656,5.0,5.3894238787601,5.3894238787601,0.3894238787601001,7.788477575202002
6788,13.29,13.288730177869027,13.288730177869027,0.0012698221309719315,0.009554718818449447
346,4.0,4.851070009783582,4.851070009783582,0.8510700097835819,21.27675024458955
1718,7.5,7.804193785434387,7.804193785434387,0.3041937854343866,4.055917139125154
1665,1.7,3.128741549921946,3.128741549921946,1.428741549921946,84.04362058364389
681,6.0,8.029567807220204,8.029567807220204,2.0295678072202037,33.82613012033673
6514,69.99,37.899739612744156,37.899739612744156,32.09026038725584,45.849779093093076
3898,3.9,5.147052261030243,5.147052261030243,1.2470522610302432,31.97569900077547
6186,20.45,24.382276911188193,24.382276911188193,3.9322769111881932,19.228737952020506
6408,54.999,39.15388561024615,39.15388561024615,15.845114389753853,28.80982270541983
7289,23.79,25.877883117671523,25.877883117671523,2.087883117671524,8.776305664865589
5761,17.75,18.483602961368213,18.483602961368213,0.7336029613682129,4.132974430243453
7063,49.59,38.40045967945039,38.40045967945039,11.189540320549611,22.56410631286471
1793,3.8,7.405325997345403,7.405325997345403,3.6053259973454033,94.87699993014219
3542,5.9,10.643512522533754,10.643512522533754,4.743512522533754,80.39851733108058
6741,18.8,24.075985541016877,24.075985541016877,5.275985541016876,28.063752877749337
1706,6.2,7.505729080058984,7.505729080058984,1.3057290800589838,21.060146452564254
1414,5.6,4.839215647126148,4.839215647126148,0.760784352873852,13.58543487274736
4761,2.9,3.6804834873830465,3.6804834873830465,0.7804834873830466,26.913223702863675
3066,8.8,5.369143481306459,5.369143481306459,3.430856518693542,38.98700589424479
2991,8.0,6.847714734039246,6.847714734039246,1.1522852659607539,14.403565824509423
6041,9.75,13.029707078377012,13.029707078377012,3.2797070783770117,33.6380213166873
84,37.9,27.33116618199004,27.33116618199004,10.56883381800996,27.886105060712296
5327,9.5,7.620727649049695,7.620727649049695,1.8792723509503046,19.781814220529522
3207,9.0,14.694854178278785,14.694854178278785,5.694854178278785,63.276157536430944
5025,3.99,4.485199511170862,4.485199511170862,0.4951995111708616,12.411015317565452
1561,1.2,3.4679249973485415,3.4679249973485415,2.2679249973485414,188.99374977904512
6072,8.39,29.422955079404616,29.422955079404616,21.032955079404616,250.6907637592922
2948,8.9,11.938006188885595,11.938006188885595,3.0380061888855945,34.13490099871454
3528,7.8,7.296628005014388,7.296628005014388,0.5033719949856117,6.45348711520015
1297,5.0,5.279744609045279,5.279744609045279,0.2797446090452791,5.594892180905582
4866,8.499,7.8308353569812335,7.8308353569812335,0.6681646430187671,7.8616854102690565
6289,13.28,16.818112768928753,16.818112768928753,3.5381127689287535,26.642415428680373
4506,14.2,14.125405501411729,14.125405501411729,0.0745944985882705,0.5253133703399331
1912,18.5,15.310546756432487,15.310546756432487,3.189453243567513,17.240287803067638
6456,79.99,40.12555622642017,40.12555622642017,39.86444377357982,49.83678431501416
5998,9.494,13.624286640720026,13.624286640720026,4.130286640720026,43.50417780408707
6127,18.99,18.532786924975074,18.532786924975074,0.45721307502492436,2.4076517905472583
6875,44.199,30.503006517695304,30.503006517695304,13.695993482304694,30.987111659324178
1817,12.2,10.057368221886637,10.057368221886637,2.142631778113362,17.562555558306247
3722,7.6,8.38347995529705,8.38347995529705,0.7834799552970502,10.308946780224344
5451,9.79,14.804086847883505,14.804086847883505,5.014086847883506,51.216413155092
6187,36.99,33.96451711517335,33.96451711517335,3.0254828848266513,8.179191362061776
7164,8.99,12.976498752048968,12.976498752048968,3.986498752048968,44.3437013576081
3089,1.2,2.8108612677215703,2.8108612677215703,1.6108612677215703,134.2384389767975
4845,6.0,5.97882059959575,5.97882059959575,0.02117940040425026,0.35299000673750436
3142,3.2,2.18932963246745,2.18932963246745,1.0106703675325504,31.5834489853922
1623,5.5,4.932998833055256,4.932998833055256,0.5670011669447437,10.309112126268067
6834,18.38,19.048040624054785,19.048040624054785,0.668040624054786,3.6346062244547666
5459,16.79,23.995025625359418,23.995025625359418,7.2050256253594185,42.91260050839439
5605,47.95,38.68567198061263,38.68567198061263,9.26432801938737,19.320809216657704
6392,26.4,24.733125177691875,24.733125177691875,1.6668748223081238,6.313919781470166
1199,2.0,3.260067260254358,3.260067260254358,1.260067260254358,63.0033630127179
373,6.0,3.8535296631698035,3.8535296631698035,2.1464703368301965,35.77450561383661
2457,5.7,5.457981329979011,5.457981329979011,0.24201867002098876,4.245941579315592
5260,4.99,4.385151908084813,4.385151908084813,0.6048480919151871,12.121204246797337
3819,21.09,22.344989995663642,22.344989995663642,1.2549899956636423,5.950640093236806
7284,23.3,26.045086222737403,26.045086222737403,2.7450862227374024,11.78148593449529
1317,8.0,11.087720666886433,11.087720666886433,3.087720666886433,38.59650833608042
1446,13.0,15.225972999891955,15.225972999891955,2.2259729998919546,17.12286922993811
3799,18.9,18.143427237423687,18.143427237423687,0.7565727625763117,4.0030304898217555
3482,3.7,6.740262388611958,6.740262388611958,3.040262388611958,82.16925374626913
1488,6.399,6.112911885338054,6.112911885338054,0.28608811466194606,4.470825358055103
4486,4.0,4.300930243596342,4.300930243596342,0.30093024359634235,7.523256089908559
6067,102.0,79.90039614225537,79.90039614225537,22.099603857744626,21.666278291906497
812,5.123,3.3843135877074673,3.3843135877074673,1.738686412292533,33.93883295515388
3580,34.5,27.32750430451776,27.32750430451776,7.17249569548224,20.789842595600696
4317,3.95,2.540243528206876,2.540243528206876,1.4097564717931244,35.69003726058543
3366,3.9,2.682275736864261,2.682275736864261,1.217724263135739,31.223699054762537
3651,4.0,4.0196286619651005,4.0196286619651005,0.01962866196510049,0.4907165491275123
6684,40.5,33.32818622877639,33.32818622877639,7.171813771223611,17.70818215116941
1511,3.5,2.432921117935507,2.432921117935507,1.067078882064493,30.487968058985516
7149,18.29,20.83525493625987,20.83525493625987,2.5452549362598695,13.916101346418094
1801,3.4,3.945896972760478,3.945896972760478,0.5458969727604779,16.055793316484642
4516,4.6,5.457981329979011,5.457981329979011,0.8579813299790118,18.651768043021995
921,7.8,8.9757969822891,8.9757969822891,1.1757969822891008,15.074320285757704
322,15.0,16.096380872075088,16.096380872075088,1.0963808720750876,7.309205813833917
3838,2.5,3.0135283576490686,3.0135283576490686,0.5135283576490686,20.541134305962743
5634,27.49,30.454865032060347,30.454865032060347,2.9648650320603487,10.785249298146049
7262,9.08,16.601523561971526,16.601523561971526,7.5215235619715255,82.83616257677892
4402,6.85,8.760253617054929,8.760253617054929,1.910253617054929,27.886914117590205
6217,10.45,11.469042045434264,11.469042045434264,1.019042045434265,9.751598520902057
1569,5.9,7.2823219658739635,7.2823219658739635,1.3823219658739632,23.42918586227056
4661,17.5,15.370374405912733,15.370374405912733,2.1296255940872673,12.169289109070098
231,12.9,11.548887854524315,11.548887854524315,1.3511121454756854,10.473737561827019
1545,1.8,2.6680972657814337,2.6680972657814337,0.8680972657814336,48.22762587674631
1420,1.0,2.2311604879277063,2.2311604879277063,1.2311604879277063,123.11604879277063
1079,5.9,8.329755007198148,8.329755007198148,2.429755007198148,41.18228825759573
3103,7.9,6.778795104006729,6.778795104006729,1.1212048959932712,14.192467037889509
1115,4.75,5.479587980726739,5.479587980726739,0.7295879807267394,15.359746962668197
6946,14.45,20.04028555972269,20.04028555972269,5.590285559722691,38.687097299118975
1941,10.9,10.057368221886637,10.057368221886637,0.842631778113363,7.730566771682229
1867,10.95,6.927357466009245,6.927357466009245,4.022642533990754,36.73646149763246
2586,6.65,9.950247340042754,9.950247340042754,3.3002473400427537,49.62777954951509
2751,11.5,9.202789037756517,9.202789037756517,2.297210962243483,19.975747497769415
1425,9.59,8.068170348776253,8.068170348776253,1.5218296512237472,15.868922327672024
5395,14.5,13.397191585891886,13.397191585891886,1.1028084141081145,7.605575269711134
4053,32.5,20.51627511017605,20.51627511017605,11.98372488982395,36.87299966099677
7283,16.95,18.610158957920547,18.610158957920547,1.6601589579205474,9.794448129324763
4333,4.49,8.19337853266868,8.19337853266868,3.7033785326686797,82.48059092803295
1618,9.0,16.475743012111103,16.475743012111103,7.475743012111103,83.06381124567892
2402,16.8,15.369755002466622,15.369755002466622,1.4302449975333786,8.513363080555825
265,15.3,13.55287933291749,13.55287933291749,1.7471206670825108,11.419089327336671
0,9.99,8.068170348776253,8.068170348776253,1.9218296512237476,19.23753404628376
4015,16.5,13.79409222579844,13.79409222579844,2.7059077742015596,16.399441055767028
5187,3.5,3.5546879799286284,3.5546879799286284,0.054687979928628394,1.5625137122465254
838,1.2,3.782670533032105,3.782670533032105,2.582670533032105,215.22254441934209
14,21.9,15.553355472032246,15.553355472032246,6.346644527967753,28.980111999852753
3263,2.6,2.2066085796146186,2.2066085796146186,0.39339142038538144,15.130439245591592
4912,21.0,16.278139011602363,16.278139011602363,4.721860988397637,22.485052325703034
6477,29.155,27.658051854523155,27.658051854523155,1.4969481454768463,5.134447420603143
8,16.5,14.243995281725315,14.243995281725315,2.256004718274685,13.672755868331423
1039,8.5,19.394936669441822,19.394936669441822,10.894936669441822,128.17572552284497
2759,11.9,11.423777813390114,11.423777813390114,0.4762221866098866,4.001867114368795
3992,15.5,13.257481859165335,13.257481859165335,2.2425181408346653,14.467858973126873
6472,12.99,14.226719353333664,14.226719353333664,1.2367193533336636,9.520549294331513
4141,32.79,26.00566171852302,26.00566171852302,6.78433828147698,20.690266183217386
6629,18.1,17.065992475665347,17.065992475665347,1.0340075243346547,5.712748753230136
339,4.1,4.511181609812089,4.511181609812089,0.41118160981208973,10.028819751514384
1956,3.3,4.687261958142388,4.687261958142388,1.3872619581423882,42.03824115582995
4220,6.5,6.367927916089339,6.367927916089339,0.1320720839106606,2.031878214010163
2770,29.999999,13.133915386851264,13.133915386851264,16.866083613148735,56.22028058450513
1090,23.5,24.650651623830726,24.650651623830726,1.1506516238307256,4.8963898886413855
4512,8.999,5.0766340673638,5.0766340673638,3.9223659326362004,43.58668666114235
1883,6.0,9.793662785465894,9.793662785465894,3.7936627854658944,63.22771309109824
622,5.3,7.77830876837303,7.77830876837303,2.4783087683730303,46.76054279949114
7220,12.5,14.680998988006877,14.680998988006877,2.180998988006877,17.447991904055016
5192,3.8,6.712640961163784,6.712640961163784,2.912640961163784,76.64844634641537
5045,2.8,8.4518138140903,8.4518138140903,5.651813814090301,201.8504933603679
4331,16.5,18.756720359572416,18.756720359572416,2.256720359572416,13.67709308831767
4952,4.7,4.544900615983261,4.544900615983261,0.15509938401673917,3.299986893973174
3032,8.4,5.642799387783169,5.642799387783169,2.757200612216831,32.823816812105136
4568,5.999,5.441751305340402,5.441751305340402,0.5572486946595978,9.289026415395863
889,4.5,6.975273703386945,6.975273703386945,2.4752737033869447,55.00608229748766
1507,3.1,3.1957903508822803,3.1957903508822803,0.09579035088228016,3.090011318783231
3688,10.0,7.917765881283698,7.917765881283698,2.0822341187163023,20.822341187163023
196,1.9,0.8733460545717957,0.8733460545717957,1.0266539454282042,54.0344181804318
5533,12.99,16.863493952701955,16.863493952701955,3.8734939527019545,29.819045055442295
3980,11.2,13.659494635798008,13.659494635798008,2.459494635798009,21.9597735339108
2789,3.8,6.1394943210169295,6.1394943210169295,2.3394943210169297,61.565640026761315
6575,38.0,20.432033956092667,20.432033956092667,17.567966043907333,46.231489589229824
4236,21.5,13.166639586637983,13.166639586637983,8.333360413362017,38.75981587610241
432,4.2,7.546165892956608,7.546165892956608,3.3461658929566074,79.67061649896684
2598,10.9,10.965253247170038,10.965253247170038,0.06525324717003755,0.5986536437618124
6091,28.99,27.012634014828237,27.012634014828237,1.9773659851717618,6.8208554162530595
1694,23.5,28.187200684639397,28.187200684639397,4.6872006846393965,19.94553482825275
5357,29.9,27.18102892683745,27.18102892683745,2.7189710731625496,9.093548739674079
1108,13.9,15.582976436380518,15.582976436380518,1.6829764363805175,12.107744146622428
6353,37.5,42.476904409069704,42.476904409069704,4.976904409069704,13.271745090852544
6690,60.89,47.483951050476335,47.483951050476335,13.406048949523665,22.016831909219356
6262,110.99,69.08572752663619,69.08572752663619,41.904272473363804,37.75499817403713
4825,1.65,4.106298773261413,4.106298773261413,2.456298773261413,148.8665923188735
1277,4.6,6.613138779675028,6.613138779675028,2.013138779675028,43.763886514674525
1195,5.9,5.653265927819183,5.653265927819183,0.24673407218081778,4.181933426793521
6062,18.19,22.92043129227117,22.92043129227117,4.73043129227117,26.005669556191148
604,9.0,11.00940495730788,11.00940495730788,2.009404957307879,22.326721747865324
3742,6.2,6.203559356100605,6.203559356100605,0.0035593561006050933,0.05740896936459827
1593,17.9,15.953382594011943,15.953382594011943,1.9466174059880554,10.874957575352266
1219,19.4,19.769663507708223,19.769663507708223,0.36966350770822487,1.9054819984960045
2229,7.0,8.31528938053544,8.31528938053544,1.3152893805354395,18.789848293363423
4519,4.1,4.054801286930088,4.054801286930088,0.045198713069911634,1.1024076358515034
1652,3.3,3.5444825975781207,3.5444825975781207,0.24448259757812085,7.4085635629733595
4657,5.9,8.891088030261539,8.891088030261539,2.9910880302615386,50.696407292568445
4865,5.9,4.765136369919482,4.765136369919482,1.1348636300805186,19.234976781025736
6264,11.09,10.388348805250345,10.388348805250345,0.7016511947496546,6.326881828220511
4955,38.0,35.156151595257015,35.156151595257015,2.8438484047429853,7.483811591428909
1158,12.0,11.070942176235206,11.070942176235206,0.9290578237647935,7.742148531373279
4818,10.8,11.820248647858588,11.820248647858588,1.0202486478585868,9.44674673943136
3256,8.8,8.455773819188881,8.455773819188881,0.3442261808111198,3.911661145580906
5728,38.699,38.660264052097695,38.660264052097695,0.03873594790230328,0.10009547508282716
4650,17.5,17.26810368316236,17.26810368316236,0.23189631683764134,1.3251218105008076
7219,15.49,18.47829230421398,18.47829230421398,2.9882923042139797,19.29175147975455
5702,14.19,14.228375102892148,14.228375102892148,0.038375102892148405,0.2704376525169021
2807,4.59,3.393173071610912,3.393173071610912,1.196826928389088,26.074660749217603
2851,8.6,13.543044094079868,13.543044094079868,4.943044094079868,57.47725690790544
4559,10.49,8.953259194198276,8.953259194198276,1.536740805801724,14.649578701637026
2995,6.5,10.238711640791283,10.238711640791283,3.7387116407912835,57.518640627558206
904,5.95,3.8829416641290333,3.8829416641290333,2.067058335870967,34.74047623312549
6841,21.169,17.042074811355363,17.042074811355363,4.126925188644638,19.495135285769933
2357,23.8,25.4266717883202,25.4266717883202,1.6266717883201984,6.834755413110077
3383,12.8,11.82565516280542,11.82565516280542,0.9743448371945806,7.612069040582662
3470,9.0,14.674488262163692,14.674488262163692,5.674488262163692,63.049869579596574
1616,7.8,8.068170348776253,8.068170348776253,0.2681703487762528,3.438081394567343
3575,5.8,6.83508244624769,6.83508244624769,1.0350824462476904,17.84624907323604
6977,26.95,28.649396777183842,28.649396777183842,1.6993967771838427,6.305739432964167
5006,10.9,10.038887988069849,10.038887988069849,0.8611120119301514,7.90011020119405
3820,3.65,5.129655271472862,5.129655271472862,1.4796552714728617,40.53850058829758
1860,7.5,5.8626635825028615,5.8626635825028615,1.6373364174971385,21.83115223329518
2088,4.99,3.6469635562065577,3.6469635562065577,1.3430364437934426,26.914557991852554
7077,27.52,18.29278301108492,18.29278301108492,9.227216988915078,33.52913150041816
6930,27.699,27.215471874981077,27.215471874981077,0.4835281250189247,1.7456519189101583
5213,4.1,8.08123653337076,8.08123653337076,3.98123653337076,97.10333008221367
2251,3.2,1.9245371612062385,1.9245371612062385,1.2754628387937617,39.85821371230505
3784,14.0,17.891818504892775,17.891818504892775,3.8918185048927754,27.798703606376968
3127,6.5,5.369143481306459,5.369143481306459,1.130856518693541,17.397792595285246
254,11.7,8.9757969822891,8.9757969822891,2.7242030177108987,23.283786476161527
6705,16.78,15.319339061736944,15.319339061736944,1.4606609382630573,8.704773172008684
4989,2.999999,4.851070009783582,4.851070009783582,1.851071009783582,61.702387560248596
221,14.85,12.445221033094224,12.445221033094224,2.4047789669057753,16.193797756941247
267,2.9,2.9876070439522504,2.9876070439522504,0.0876070439522505,3.020932550077603
107,8.1,5.3853735059450685,5.3853735059450685,2.714626494054931,33.5139073340115
4800,5.5,4.198635593376254,4.198635593376254,1.3013644066237458,23.661171029522652
1226,5.4,8.330242791971592,8.330242791971592,2.930242791971592,54.26375540688133
4938,4.9,6.428310682564064,6.428310682564064,1.5283106825640633,31.19001392987884
3418,9.5,8.016057385533701,8.016057385533701,1.483942614466299,15.620448573329462
4154,8.5,6.21021074612454,6.21021074612454,2.28978925387546,26.938697104417177
1758,6.99,10.061955000320092,10.061955000320092,3.0719550003200915,43.947854081832496
2284,9.99,8.081363748527371,8.081363748527371,1.908636251472629,19.105467982708998
2526,3.3,3.8221397018305225,3.8221397018305225,0.5221397018305227,15.822415206985537
4004,15.0,9.82972903807315,9.82972903807315,5.17027096192685,34.46847307951233
1210,15.5,22.00409548615066,22.00409548615066,6.504095486150661,41.961906362262326
6664,11.5,14.127224855314573,14.127224855314573,2.627224855314573,22.845433524474547
2464,13.6,11.19638192313036,11.19638192313036,2.4036180768696394,17.67366232992382
4240,13.5,12.513606644471524,12.513606644471524,0.9863933555284756,7.306617448359079
4198,14.5,13.230142511584166,13.230142511584166,1.269857488415834,8.757637851143683
376,4.5,6.427151287684575,6.427151287684575,1.927151287684575,42.82558417076834
755,1.8,2.9365171231068548,2.9365171231068548,1.1365171231068547,63.13984017260304
291,12.49,13.65274629513278,13.65274629513278,1.162746295132779,9.309417895378534
5091,1.7,3.5686311275716207,3.5686311275716207,1.8686311275716208,109.91947809244829
1465,1.35,2.220184822699567,2.220184822699567,0.8701848226995668,64.45813501478271
188,4.7,8.950724591696389,8.950724591696389,4.250724591696389,90.44094875949763
1870,33.0,14.667894012092718,14.667894012092718,18.332105987907283,55.55183632699177
1201,8.7,11.371678327019737,11.371678327019737,2.6716783270197375,30.708946287583196
1649,4.0,3.6874498957756128,3.6874498957756128,0.3125501042243872,7.813752605609681
6030,128.96,116.76655339420138,116.76655339420138,12.193446605798627,9.455216040476602
3706,30.49,22.344622121849664,22.344622121849664,8.145377878150335,26.71491596638352
4176,6.5,6.643697388257449,6.643697388257449,0.14369738825744882,2.2107290501145975
501,10.0,12.823495234346899,12.823495234346899,2.8234952343468986,28.23495234346899
6193,26.99,20.19904803445864,20.19904803445864,6.790951965541357,25.1609928326838
2605,5.5,5.479587980726739,5.479587980726739,0.02041201927326064,0.3711276231501935
6874,64.89,70.13560697013466,70.13560697013466,5.245606970134659,8.08384492238351
3312,23.5,17.446160676956307,17.446160676956307,6.053839323043693,25.761018395930606
2812,6.5,6.997675856323788,6.997675856323788,0.49767585632378797,7.656551635750584
4763,5.5,6.763401724538209,6.763401724538209,1.263401724538209,22.970940446149253
6753,76.79,45.17530946724141,45.17530946724141,31.614690532758594,41.1703223502521
672,7.9,5.369143481306459,5.369143481306459,2.5308565186935414,32.03615846447521
4766,13.8,15.929437244455022,15.929437244455022,2.129437244455021,15.430704669963918
3753,7.35,5.480605777938374,5.480605777938374,1.8693942220616258,25.433934994035727
1374,12.8,13.874136829865792,13.874136829865792,1.0741368298657914,8.391693983326496
7043,23.99,36.86050710053077,36.86050710053077,12.87050710053077,53.649466863404626
6988,15.58,16.322563967364488,16.322563967364488,0.7425639673644877,4.766135862416481
5718,79.99,72.89482263718706,72.89482263718706,7.095177362812933,8.870080463574114
1192,4.9,5.48346147692202,5.48346147692202,0.5834614769220199,11.907377080041222
3053,52.9,37.24534043553463,37.24534043553463,15.65465956446537,29.592929233393896
3950,2.8,3.603399212443401,3.603399212443401,0.8033992124434013,28.692829015835763
216,13.0,13.287831031827618,13.287831031827618,0.2878310318276185,2.21408486021245
4697,6.49,7.712921374737791,7.712921374737791,1.2229213747377905,18.843164479781056
421,1.2,1.4446793678187753,1.4446793678187753,0.2446793678187753,20.38994731823128
505,3.9,4.99767891389744,4.99767891389744,1.09767891389744,28.145613176857438
4836,2.9,3.2970054297541864,3.2970054297541864,0.3970054297541865,13.689842405316776
6453,19.9,20.6516727986072,20.6516727986072,0.7516727986072027,3.7772502442573006
6845,49.5,34.839738383018684,34.839738383018684,14.660261616981316,29.61669013531579
6252,20.59,23.89435656019362,23.89435656019362,3.3043565601936216,16.04835629040127
506,16.3,15.225972999891955,15.225972999891955,1.074027000108046,6.589122700049361
1807,8.9,5.62930630492208,5.62930630492208,3.27069369507792,36.749367360426064
4436,20.89,22.409237505489976,22.409237505489976,1.5192375054899756,7.272558666778246
1438,5.99,3.163946393690521,3.163946393690521,2.826053606309479,47.179525981794306
5520,76.49,68.30143546769804,68.30143546769804,8.188564532301953,10.705405323966472
7069,41.599,27.747921328918608,27.747921328918608,13.851078671081389,33.29666259064254
4704,3.8,2.909857692360866,2.909857692360866,0.8901423076391337,23.424797569450888
1426,27.9,28.530875794396515,28.530875794396515,0.6308757943965162,2.2612035641452195
2859,7.5,6.385415680554223,6.385415680554223,1.1145843194457772,14.861124259277029
3016,5.0,5.419287440459387,5.419287440459387,0.41928744045938693,8.385748809187739
2688,20.49,18.377957614624492,18.377957614624492,2.1120423853755064,10.307673915937073
4664,12.0,4.289614054816445,4.289614054816445,7.710385945183555,64.25321620986296
2280,2.95,4.697205573570477,4.697205573570477,1.7472055735704766,59.227307578660216
347,6.5,6.8007708627557815,6.8007708627557815,0.30077086275578147,4.627244042396638
4320,12.99,17.957687284682994,17.957687284682994,4.967687284682993,38.24239634090064
333,11.5,7.801385868705487,7.801385868705487,3.698614131294513,32.16186201125664
4386,6.5,5.929501197265299,5.929501197265299,0.5704988027347007,8.776904657456933
3381,7.75,6.965602904973318,6.965602904973318,0.7843970950266819,10.121252839053959
5781,18.355,23.015250575618055,23.015250575618055,4.660250575618054,25.38954277100547
6380,15.89,12.989251647175871,12.989251647175871,2.900748352824129,18.255181578503016
5832,83.49,90.13465753488396,90.13465753488396,6.644657534883962,7.9586268234327004
6831,8.29,12.083978591783085,12.083978591783085,3.7939785917830857,45.7657248707248
3023,9.79,10.739750563280127,10.739750563280127,0.9497505632801282,9.701231494179043
6726,5.65,8.646025390930742,8.646025390930742,2.9960253909307415,53.02699806957064
746,14.5,15.445251581163015,15.445251581163015,0.9452515811630153,6.518976421813899
3410,34.0,23.905139936431613,23.905139936431613,10.094860063568387,29.690764892848197
5257,5.7,5.597961390281791,5.597961390281791,0.10203860971820955,1.7901510476878868
3704,5.0,4.055532776229942,4.055532776229942,0.944467223770058,18.88934447540116
3589,2.5,4.636264169894993,4.636264169894993,2.136264169894993,85.45056679579972
5019,7.8,7.452268434890972,7.452268434890972,0.3477315651090276,4.458096988577276
4038,24.2,18.377957614624492,18.377957614624492,5.822042385375507,24.058026385849203
3608,9.3,8.427776290115794,8.427776290115794,0.8722237098842065,9.37874956864738
6968,28.59,27.714706262244746,27.714706262244746,0.8752937377552534,3.0615380823898337
259,4.8,5.68290808048604,5.68290808048604,0.8829080804860405,18.393918343459177
1795,11.49,8.068170348776253,8.068170348776253,3.4218296512237476,29.780936912304156
4210,20.0,17.782616333600174,17.782616333600174,2.217383666399826,11.08691833199913
3653,8.3,4.071576024461704,4.071576024461704,4.228423975538297,50.94486717516019
3265,4.59,5.369143481306459,5.369143481306459,0.779143481306459,16.97480351430194
3246,5.0,5.231985980930473,5.231985980930473,0.23198598093047273,4.639719618609455
1730,25.0,15.767036984488103,15.767036984488103,9.232963015511897,36.93185206204759
599,11.5,18.029968502533094,18.029968502533094,6.5299685025330945,56.7823348046356
45,13.0,13.70282321871621,13.70282321871621,0.70282321871621,5.406332451663154
4651,23.5,13.069169488874898,13.069169488874898,10.430830511125102,44.38651281329831
5070,6.0,6.462664094115192,6.462664094115192,0.46266409411519227,7.7110682352532045
4575,6.0,4.3369342442165735,4.3369342442165735,1.6630657557834265,27.717762596390443
3921,14.2,9.40301390796698,9.40301390796698,4.79698609203302,33.781592197415634
3881,2.686686,3.609235384972285,3.609235384972285,0.9225493849722852,34.337819342203936
6979,5.85,13.800267230435477,13.800267230435477,7.950267230435477,135.90200393906798
6997,28.9,24.364244565377795,24.364244565377795,4.535755434622203,15.69465548312181
1421,1.9,4.122554023163836,4.122554023163836,2.2225540231638363,116.97652753493877
4251,17.2,19.14088868541465,19.14088868541465,1.9408886854146523,11.284236543108445
3529,2.3,2.677819112805384,2.677819112805384,0.37781911280538427,16.426917948060186
6651,12.09,14.740946334166871,14.740946334166871,2.6509463341668713,21.926768686243765
6497,96.79,94.0068092097369,94.0068092097369,2.783190790263106,2.8754941525602913
7180,15.99,20.877182317658463,20.877182317658463,4.887182317658462,30.563991980353112
3044,13.2,15.582976436380518,15.582976436380518,2.3829764363805186,18.05285179076151
1298,4.1,5.369143481306459,5.369143481306459,1.2691434813064593,30.954719056255108
426,6.5,5.1657295506416006,5.1657295506416006,1.3342704493583994,20.527237682436912
4603,8.2,5.78322669113688,5.78322669113688,2.416773308863119,29.472845230038043
805,19.9,16.744429197782825,16.744429197782825,3.1555708022171736,15.857139709634039
410,7.7,11.411653053450813,11.411653053450813,3.7116530534508128,48.203286408452115
6097,12.38,13.210119514919294,13.210119514919294,0.8301195149192928,6.705327261060523
3858,15.0,7.976656674640488,7.976656674640488,7.023343325359512,46.82228883573008
438,8.8,11.221038530862185,11.221038530862185,2.421038530862184,27.51180148707027
2389,2.0,2.5942509161118252,2.5942509161118252,0.5942509161118252,29.71254580559126
4161,9.2,11.861835979398919,11.861835979398919,2.6618359793989192,28.932999776075214
434,5.8,5.685568398288289,5.685568398288289,0.1144316017117104,1.9729586502019039
751,10.5,7.823849733586504,7.823849733586504,2.6761502664134964,25.487145394414252
3411,8.5,5.49969150156063,5.49969150156063,3.00030849843937,35.29774704046318
2874,6.99,5.377468886441497,5.377468886441497,1.6125311135585036,23.06911464318317
4383,14.6,15.53278963184087,15.53278963184087,0.9327896318408708,6.3889700811018555
2142,9.0,7.717530703281029,7.717530703281029,1.282469296718971,14.249658852433011
6044,24.0,34.131339626090735,34.131339626090735,10.131339626090735,42.2139151087114
4937,7.5,7.259205737802035,7.259205737802035,0.24079426219796485,3.210590162639531
4856,5.9,8.400669700296007,8.400669700296007,2.5006697002960063,42.384232208406885
1049,6.0,7.207923069142089,7.207923069142089,1.2079230691420886,20.132051152368145
626,6.5,6.789157758861188,6.789157758861188,0.28915775886118844,4.448580905556746
1926,10.2,11.38884352971499,11.38884352971499,1.1888435297149904,11.655328722695986
1223,7.6,5.377468886441497,5.377468886441497,2.222531113558503,29.243830441559254
210,7.89,11.081085676092803,11.081085676092803,3.1910856760928032,40.444685375067216
2431,3.89,2.8341462874867283,2.8341462874867283,1.0558537125132719,27.142768959210073
6216,14.59,16.11004749315564,16.11004749315564,1.5200474931556407,10.418420103876908
4927,16.0,15.77039511631489,15.77039511631489,0.22960488368510923,1.4350305230319327
51,18.8,13.773675787266715,13.773675787266715,5.026324212733286,26.73576708900684
1109,12.5,12.65765643560189,12.65765643560189,0.1576564356018899,1.2612514848151193
1436,7.2,10.21806527252261,10.21806527252261,3.01806527252261,41.917573229480695
7277,10.49,14.609625822850182,14.609625822850182,4.119625822850182,39.271933487608976
3882,2.8,4.319531165695931,4.319531165695931,1.5195311656959314,54.26897020342613
1786,10.8,5.597961390281791,5.597961390281791,5.20203860971821,48.1670241640575
5456,22.0,25.054813368494116,25.054813368494116,3.0548133684941163,13.885515311336894
4338,6.0,3.682024803939358,3.682024803939358,2.317975196060642,38.63291993434403
6336,19.592,24.205807508857504,24.205807508857504,4.613807508857505,23.54944624774145
1558,2.8,3.6287932811231656,3.6287932811231656,0.8287932811231657,29.599760040113065
2249,26.49,17.263350748097565,17.263350748097565,9.226649251902433,34.83068800265169
5044,36.0,20.443363392476684,20.443363392476684,15.556636607523316,43.212879465342546
3786,8.5,12.900535798844896,12.900535798844896,4.400535798844896,51.77100939817524
4233,12.8,15.341123706880099,15.341123706880099,2.5411237068800983,19.852528960000768
4561,13.0,11.147750280082713,11.147750280082713,1.8522497199172872,14.248074768594515
3733,3.5,5.283913753351733,5.283913753351733,1.783913753351733,50.96896438147809
5661,63.05,88.34873359118288,88.34873359118288,25.29873359118288,40.124874847236924
5664,70.99,68.30143546769804,68.30143546769804,2.688564532301953,3.787244023527191
6291,8.89,9.860678259865026,9.860678259865026,0.970678259865025,10.918765577784308
6970,20.49,26.432072338497765,26.432072338497765,5.942072338497766,28.9998649999891
4693,29.5,15.91536894533539,15.91536894533539,13.58463105466461,46.049596795473256
3164,1.0,0.7607108309789332,0.7607108309789332,0.23928916902106678,23.92891690210668
2112,5.4,5.359488488883716,5.359488488883716,0.04051151111628393,0.7502131688200727
705,7.2,7.131619200391339,7.131619200391339,0.06838079960866139,0.9497333278980749
2943,26.5,17.446160676956307,17.446160676956307,9.053839323043693,34.16543140771205
6952,20.99,15.173516801753795,15.173516801753795,5.816483198246203,27.710734627185346
57,3.8,5.581798995872177,5.581798995872177,1.781798995872177,46.88944725979413
4881,9.8,11.05075688280117,11.05075688280117,1.25075688280117,12.762825334705816
5640,17.2,24.949746074167493,24.949746074167493,7.7497460741674935,45.05666322190404
527,4.5,9.162441443860327,9.162441443860327,4.662441443860327,103.60980986356283
1935,3.8,4.871554740249756,4.871554740249756,1.0715547402497565,28.19880895394096
5058,1.95,3.5625140761598164,3.5625140761598164,1.6125140761598165,82.69302954665726
565,4.0,6.446981738546864,6.446981738546864,2.4469817385468637,61.1745434636716
1871,4.9,5.9996350909767,5.9996350909767,1.0996350909766992,22.441532468912225
6095,18.85,25.02772091175745,25.02772091175745,6.177720911757447,32.77305523478752
640,5.5,3.879683940300035,3.879683940300035,1.6203160596999648,29.460291994544814
5282,5.0,4.502686532211195,4.502686532211195,0.49731346778880514,9.946269355776103
1747,41.0,28.59826310093299,28.59826310093299,12.40173689906701,30.24813877821222
730,6.5,7.794640434987267,7.794640434987267,1.2946404349872669,19.91754515365026
