sample_id,y_true_price,raw_prediction,y_pred_price,absolute_error,absolute_percentage_error
3909,5.5,1.5335769991282824,3.634725616633813,1.8652743833661871,33.91407969756704
6004,37.499,3.3592362618193845,27.767211869152117,9.731788130847885,25.952127072316287
1768,27.49,2.8840120245649348,16.88588804545433,10.604111954545669,38.57443417441131
3360,7.8,2.1023793715818004,7.185623399548968,0.614376600451032,7.876623082705539
4700,12.99,2.480130292537068,10.942820376848625,2.0471796231513757,15.75965837683892
865,3.5,1.3411534677767067,2.82345119056034,0.6765488094396601,19.329965983990288
7074,52.5,3.877856842454551,47.32054547924745,5.17945452075255,9.865627658576285
2233,26.0,2.858644067570272,16.43786633065066,9.56213366934934,36.77743718980515
1720,22.0,2.579093465601236,12.185179921047657,9.814820078952343,44.612818540692466
1662,4.7,2.4696624940640786,10.818457378930047,6.118457378930047,130.1799442325542
1566,11.49,2.894372945174816,17.072165648875874,5.582165648875874,48.58281678743145
5141,3.2,1.7598662853011553,4.811660238046614,1.611660238046614,50.36438243895669
7264,63.86,3.923695276074712,49.58703287074339,14.272967129256607,22.350402645249932
5464,127.0,4.573554751371103,95.8879107809543,31.1120892190457,24.49770804649268
6348,31.79,3.2380073915895684,24.482893695667446,7.307106304332553,22.98554987207472
6283,17.99,3.5567376369058996,34.048668946331375,16.058668946331377,89.26441882340956
6419,30.9,3.4257038642519215,29.744277035105636,1.1557229648943625,3.7402037698846686
763,7.9,2.6015692638335826,12.484882778666366,4.5848827786663655,58.0364908691945
3297,4.8,1.8667228893089012,5.467068336144076,0.6670683361440766,13.897257003001595
2654,3.59,1.3908884619518407,3.018418679568353,0.5715813204316467,15.921485248792386
2189,3.1399,1.7131200023648196,4.546238789120176,1.4063387891201762,44.789285936500406
3945,1.9,1.1466851109282976,2.147741183254701,0.24774118325470118,13.039009644984272
6006,20.04,3.135921233133433,22.009823492949497,1.969823492949498,9.829458547652186
1197,19.8,2.533833202415534,11.601718611768824,8.198281388231177,41.40546155672311
429,7.5,2.0634456892497948,6.8730512144052645,0.6269487855947355,8.35931714126314
4271,5.7,1.8902111911397972,5.620766780687497,0.0792332193125036,1.3900564791667298
3905,5.1,1.9765716195358756,6.217954622852318,1.1179546228523183,21.920678879457224
2316,2.7,1.939293527735145,5.953836542236567,3.2538365422365665,120.51246452728024
4584,13.5,2.299218947765868,8.96639513887089,4.53360486112911,33.582258230586
7086,51.49,4.008558669236301,54.06744293689027,2.5774429368902645,5.005715550379228
1992,16.5,2.758899374506128,14.782462804581467,1.717537195418533,10.409316335869898
7240,13.1,2.5543497879120545,11.862933303144386,1.2370666968556137,9.443257227905448
554,7.2,2.4017166772834186,10.042115868968859,2.8421158689688584,39.47383151345637
1905,11.999,2.432861036669339,10.391426791762267,1.6075732082377332,13.397559865303219
2034,14.5,2.565668185051339,12.009348118107512,2.4906518818924877,17.17690953029302
1215,6.2,1.9195671937483312,5.8180069545859485,0.38199304541405166,6.161178151839543
1615,7.0,2.124239197965618,7.366529793269372,0.36652979326937185,5.236139903848169
1002,3.2,1.3320225315495984,2.7886984057589506,0.4113015942410496,12.8531748200328
2388,9.95,2.1119683745432307,7.264492902185651,2.685507097814348,26.990021083561288
6001,38.9,3.7509137299831035,41.55995254348631,2.6599525434863125,6.8379242763144275
1533,4.95,1.6805943054402157,4.368745697967519,0.5812543020324812,11.742511152171337
5326,26.5,3.309459770795783,26.370335222784117,0.12966477721588276,0.4893010460976708
2764,22.5,3.0454360345280254,20.01919429948693,2.48080570051307,11.025803113391422
6702,12.99,2.9524638707761417,18.153086369798185,5.163086369798185,39.74662332408148
496,10.89,2.632259790226131,12.905157162709688,2.015157162709688,18.5046571415031
2691,29.5,3.2703262923925704,25.31992593392536,4.1800740660746385,14.16974259686318
7213,26.25,3.3765580947840115,28.269853477094692,2.019853477094692,7.694679912741684
5400,13.99,2.6339295759061976,12.92839519088307,1.0616048091169308,7.588311716346896
5931,44.99,3.494741174905924,31.941760695207087,13.048239304792915,29.002532351173404
828,4.8,1.4826944670958553,3.4047982895709,1.3952017104290997,29.066702300606245
3552,1.55,1.3128375964429042,2.7167052726453305,1.1667052726453304,75.27130791260196
61,6.9,2.2990326164733546,8.9645382605856,2.0645382605856,29.920844356313044
1429,10.0,2.330766108537595,9.2858185687477,0.7141814312522996,7.141814312522995
2970,3.2,1.5613636776928694,3.7653151703183045,0.5653151703183044,17.66609907244701
3955,29.9,3.3096598103209844,26.37581091930629,3.5241890806937093,11.786585554159563
4121,14.5,2.6349379615572,12.942447468601909,1.5575525313980911,10.741741595848904
3550,16.4,2.742037509674433,14.518572146834355,1.8814278531656434,11.47212105588807
5189,4.6,1.3276959660990646,2.7723417636905516,1.827658236309448,39.731700789335825
465,5.95,1.9833060299139063,6.26672733477192,0.3167273347719197,5.323148483561676
5636,7.5,2.722046103317282,14.21141455084439,6.71141455084439,89.48552734459186
6951,12.9,3.0009176625222183,19.10397712730877,6.20397712730877,48.09284594813
4230,8.2,2.0200024773427274,6.538343608699505,1.661656391300494,20.264102332932858
6145,42.45,4.236860193528874,68.19026638326888,25.740266383268875,60.63666992525059
1902,8.9,2.182884950194701,7.871864260739347,1.0281357392606534,11.55208695798487
185,4.7,1.6805943054402157,4.368745697967519,0.3312543020324812,7.047963873031514
2662,4.8,1.7395846196939133,4.6949773498612455,0.10502265013875434,2.1879718778907153
932,2.0,1.5734090889972563,3.8230624481762483,1.8230624481762483,91.15312240881241
6485,20.95,3.2200381994485987,24.02907625998892,3.07907625998892,14.697261384195324
5510,12.99,3.0791220791070586,20.739308622774107,7.749308622774107,59.65595552558973
1487,18.99,2.2990326164733546,8.9645382605856,10.025461739414398,52.793374088543445
1084,17.0,2.574655508972146,12.126794316628962,4.873205683371038,28.66591578453552
7123,11.999,2.75328822414784,14.694153024191536,2.6951530241915354,22.46148032495654
5735,99.69,4.283608095108059,71.50156117724724,28.188438822752758,28.276094716373517
2939,12.5,2.5139069822124602,11.353099240173231,1.146900759826769,9.175206078614153
1940,7.5,2.1005966969611114,7.17104409539882,0.3289559046011803,4.386078728015738
5481,17.86,2.8061847700781293,15.54666829502144,2.313331704978559,12.952585134258449
3268,2.2,1.284527150835678,2.612959168526067,0.41295916852606673,18.770871296639395
1703,22.5,3.4328629824511245,29.965168699671512,7.465168699671512,33.17852755409561
6381,19.8,3.1350180080026866,21.989049825178306,2.189049825178305,11.055807197870227
3244,1.5,1.1865710321900147,2.2758292141204493,0.7758292141204493,51.72194760802995
4438,1.5,1.1970683933005417,2.310397898861318,0.8103978988613179,54.02652659075452
5549,17.5,2.773092446548769,15.008061619190123,2.491938380809877,14.239647890342155
4063,8.0,2.190271027493235,7.937635131312465,0.06236486868753488,0.779560858594186
5269,5.299999,1.9017424455390692,5.697554404699575,0.39755540469957573,7.501046786981955
7091,24.299,3.503951038355721,32.24655119806382,7.94755119806382,32.70731798865723
2718,22.0,2.880327800993027,16.82011367325804,5.179886326741961,23.544937848827097
1740,7.8,2.2571776637751184,8.556080598621119,0.7560805986211188,9.693341007963062
5023,17.5,2.796033072499126,15.379541269359056,2.1204587306409444,12.116907032233968
3994,7.0,2.2203288144911353,8.210358867493753,1.2103588674937527,17.290840964196466
101,12.6,2.701483502524725,13.901822226059695,1.301822226059695,10.331922429045198
4505,15.0,2.817192095385362,15.729808950959168,0.7298089509591676,4.86539300639445
736,8.2,2.48723240626396,11.027941557745963,2.827941557745964,34.48709216763371
7111,48.49,3.9064970596663304,48.724464709591224,0.23446470959122223,0.48353208824751953
538,25.5,2.9063018266567933,17.289037317541982,8.210962682458018,32.19985365669811
4520,9.0,1.9362334628375293,5.932589875798464,3.067410124201536,34.0823347133504
5153,8.5,2.1308537421281897,7.422054005308707,1.0779459946912926,12.681717584603442
733,10.8,2.7068112018315076,13.981426519579852,3.1814265195798512,29.457652959072693
5218,4.4,2.0947742886624505,7.123607173025254,2.723607173025254,61.900163023301225
79,3.7,1.3156839210175049,2.7272992920559624,0.9727007079440377,26.28920832281183
5808,17.79,2.8053299822697535,15.532530447984094,2.2574695520159054,12.689542169847698
3113,5.5,1.8902111911397972,5.620766780687497,0.12076678068749658,2.195759648863574
5278,5.3,1.581293178137579,3.861238195196724,1.438761804803276,27.14644914723162
3082,5.9,1.7793889961934544,4.926234360405471,0.9737656395945296,16.504502366008975
4939,11.5,2.2879146102184174,8.854366044434869,2.645633955565131,23.005512657088097
132,8.9,2.026638389986542,6.588533742860678,2.3114662571393225,25.97153097909351
737,12.2,2.11206682033995,7.2653065468231794,4.93469345317682,40.44830699325262
1041,9.0,2.3865074590083037,9.87544460120296,0.8754446012029593,9.727162235588436
2095,13.5,2.699601163537421,13.8737983286136,0.3737983286135993,2.7688765082488835
7199,21.99,3.0830730954027543,20.825370890153838,1.1646291098461603,5.296176033861575
6848,42.499,3.381578485201743,28.417169050450326,14.081830949549676,33.1344995165761
1634,9.3,2.758899374506128,14.782462804581467,5.482462804581466,58.95121295248889
6425,20.34,3.10129201181916,21.226649832299646,0.8866498322996463,4.359143718287347
5527,23.9,3.3961285415959166,28.848319544759352,4.948319544759354,20.7042658776542
6243,47.499,3.335186188701522,27.083611588230422,20.41538841176958,42.98066993361877
6607,41.0,3.8077801210485527,44.05032152273632,3.0503215227363185,7.439808592039801
3308,17.2,2.7153012825619003,14.109161513114874,3.0908384868851257,17.9699912028205
4726,5.0,2.2052943051661473,8.072921382601953,3.072921382601953,61.45842765203906
5241,1.8,1.5137307486781992,3.543650431073302,1.7436504310733019,96.86946839296121
5112,14.499,2.381738327066977,9.823701653524257,4.675298346475744,32.245660710916226
2647,7.5,2.1325666520109845,7.436492587312431,0.06350741268756899,0.8467655025009199
3139,6.2,1.9880563664920559,6.301328854799588,0.10132885479958809,1.6343363677352916
5239,6.6,2.0820908395424658,7.021222482827243,0.4212224828272433,6.382158830715808
319,9.0,2.160670114166133,7.676950257980007,1.3230497420199931,14.700552689111035
5857,4.845,2.5176027573271282,11.398837984930235,6.553837984930236,135.2701338478893
6898,38.8,3.716787850493035,40.132059358705206,1.3320593587052088,3.433142677075281
842,7.5,1.8830112198672857,5.57326864785063,1.9267313521493703,25.689751361991604
1894,5.5,1.5686256496282103,3.800046712456248,1.6999532875437522,30.908241591704584
177,7.5,2.52035449572668,11.433003329009294,3.933003329009294,52.44004438679058
5163,3.8,1.1998450492822355,2.319602508091796,1.480397491908204,38.95782873442642
4671,7.3,1.974325206932674,6.201758317221797,1.0982416827782027,15.044406613400039
3832,22.9,2.689997436583543,13.73163815707048,9.168361842929519,40.0365145979455
3961,3.95,1.5725971439651496,3.8191479759650973,0.13085202403490293,3.3127094692380488
1509,4.0,1.1621893423978766,2.1969247828924363,1.8030752171075637,45.07688042768909
6654,19.49,2.7775229659426923,15.079142994083774,4.410857005916224,22.631385356163285
2177,11.4,2.1693769625945474,7.75282900169902,3.6471709983009806,31.99272805527176
3671,1.4,1.1602253711095083,2.1906522759357308,0.7906522759357308,56.47516256683792
1755,6.9,1.7394235576118477,4.694060178814682,2.2059398211853187,31.97014233601911
2245,4.0,1.8633269787007847,5.445143997794206,1.4451439977942062,36.128599944855154
3193,4.799,1.8667228893089012,5.467068336144076,0.668068336144076,13.920990542697979
1038,13.5,2.4566761252094453,10.66597079861529,2.834029201384711,20.992808899146006
6559,8.1,1.8671488664722822,5.469823746398555,2.6301762536014444,32.47131177285734
3450,7.29,1.9575851848878396,6.082204185488582,1.2077958145114183,16.56784382045841
5444,41.29,3.5347670899678816,33.2870279913803,8.0029720086197,19.382349257979413
3433,17.49,2.6621470610642475,13.327017079986387,4.1629829200136115,23.80207501437171
3002,15.9,2.8070177955173685,15.560457833366552,0.33954216663344816,2.1354853247386676
2516,1.5,1.0909698387055988,1.9771600379139378,0.4771600379139378,31.81066919426252
3698,5.35,1.69367747585923,4.439447405621228,0.910552594378772,17.019674661285457
2045,4.99,1.8749313413162505,5.52037142484161,0.5303714248416096,10.628685868569331
4239,9.49,1.9225512839524606,5.838382889043733,3.651617110956267,38.478578619138744
4710,4.99,1.9129357798568498,5.772943510869486,0.7829435108694858,15.69025071882737
1728,31.5,3.3893514302979275,28.646718070577002,2.853281929422998,9.058037871184121
3319,9.19,2.5000019293931843,11.182517465546965,1.9925174655469657,21.681365239901695
5372,2.899,1.6911997424828498,4.425986588279967,1.526986588279967,52.6728730003438
2771,27.5,2.994812188771098,18.981606767306467,8.518393232693533,30.97597539161285
4552,1.5,1.2444835296557364,2.4711415946137976,0.9711415946137976,64.74277297425317
3379,5.0,2.3958826592296774,9.977883514179545,4.977883514179545,99.55767028359091
3857,6.7,2.082645676294814,7.025674186729741,0.32567418672974124,4.860808757160317
5435,23.49,3.443121576051616,30.284462734834676,6.794462734834678,28.92491585710804
4104,3.2,1.4557541870223991,3.2877159862388936,0.08771598623889343,2.74112456996542
6784,28.799,2.895853749266152,17.09894680964048,11.700053190359519,40.62659533441966
2412,21.49,2.6222664006614047,12.766889542028226,8.723110457971773,40.591486542446596
6248,27.89,3.6009488186741896,35.632976011078114,7.742976011078113,27.762552926059925
3045,11.5,2.350288801508177,9.488598410401616,2.0114015895983837,17.490448605203337
1918,14.9,2.5920743893095244,12.357451438359185,2.5425485616408157,17.064084306314196
3824,4.0,1.9817632646944605,6.255525123993111,2.2555251239931113,56.38812809982778
1550,13.5,2.6300620761906277,12.874631159646592,0.6253688403534081,4.632361780395615
1934,7.9,2.1271008679317207,7.390506330405085,0.5094936695949155,6.449286956897664
7148,19.199,2.908581199874974,17.33077240624192,1.868227593758082,9.7308588663893
3370,8.99,2.1905330913818832,7.939977669664245,1.0500223303357554,11.67989243977481
2481,10.7,2.444578971126839,10.525695926374146,0.1743040736258532,1.6290100338864786
6017,21.999,2.8571992578355303,16.41269012341722,5.586309876582778,25.393471869552155
5643,21.1,2.928547019081262,17.70043936578896,3.399560634211042,16.111661773512047
3889,2.9,1.8877895797126056,5.604753253290626,2.7047532532906264,93.26735356174575
3664,26.0,3.0213649480909255,19.519280330837347,6.480719669162653,24.925844881394816
1600,14.8,2.758899374506128,14.782462804581467,0.017537195418533713,0.11849456363874131
2275,23.49,2.7998374487618163,15.441973890648814,8.048026109351184,34.26149897552654
4024,8.2,2.032955516435319,6.636623203756061,1.5633767962439382,19.065570685901687
2312,8.0,2.1559209783433917,7.635839939189328,0.3641600608106721,4.552000760133401
3935,6.9,1.9149556125284195,5.786637548632219,1.1133624513677818,16.13568770098234
4352,1.0,1.5231840386369981,3.5868065382815892,2.5868065382815892,258.68065382815894
1672,1.3,1.8900951461756748,5.619998518621303,4.319998518621303,332.30757835548485
3792,15.9,2.8814726371546793,16.840526466218208,0.9405264662182073,5.915260793825204
1034,4.6,1.8633269787007847,5.445143997794206,0.8451439977942066,18.372695604221885
3439,10.5,2.3628611500165615,9.621297144444643,0.8787028555553569,8.368598624336732
3221,8.9,2.459921234225623,10.703889637743618,1.8038896377436178,20.268422895995705
2955,5.5,1.7582920899996908,4.802518746940135,0.6974812530598653,12.681477328361188
4490,2.0,0.9803874175572753,1.6654886990412248,0.33451130095877524,16.725565047938762
7244,46.49,3.6603187836813427,37.87373320808856,8.616266791911443,18.533591722760683
6285,16.09,3.103992293509622,21.286749153913043,5.196749153913043,32.2980059286081
2268,16.49,2.907039305716971,17.302530074295735,0.8125300742957364,4.927411002399857
1699,2.6,1.2681310855893677,2.55420384856135,0.045796151438650234,1.7613904399480858
3519,10.5,2.2807386329661203,8.783904455609457,1.7160955443905426,16.34376708943374
87,8.5,2.3609337472168774,9.600845342353804,1.1008453423538036,12.951121674750631
7113,22.59,3.082531482558468,20.813553189546532,1.7764468104534679,7.863863702759928
676,5.3,1.882754215471555,5.571579505981553,0.27157950598155356,5.124141622293464
4407,24.99,2.704648439186552,13.949060262816912,11.040939737183086,44.18143152134088
3317,4.9,1.8667228893089012,5.467068336144076,0.567068336144076,11.572823186613796
6902,67.0,4.197965360304639,65.55078632374256,1.4492136762574432,2.1630054869514077
2569,4.1,1.842603438515714,5.31295226840956,1.21295226840956,29.584201668525857
393,2.999,1.4423655419054116,3.230691868199343,0.23169186819934273,7.7256374858066925
1149,5.6,1.653591567843109,4.225714672081158,1.3742853279188418,24.540809427122177
1168,5.9,1.919415528494039,5.8169729782385415,0.08302702176145882,1.4072376569738783
2208,3.4,1.486274178138594,3.420594450627097,0.020594450627096972,0.6057191360910874
230,18.5,2.9677569103190438,18.448246472001752,0.051753527998247506,0.27974879999052704
2802,4.999999,1.8667228893089012,5.467068336144076,0.46706933614407653,9.341388591159248
1543,4.4,1.7229933052160926,4.601269705780396,0.20126970578039582,4.574311495008996
2345,28.5,3.2465004706911667,24.700243606057352,3.7997563939426477,13.33247857523736
3599,6.0,1.9829289256416003,6.263987537475396,0.26398753747539594,4.399792291256599
2892,2.2,1.4814657558442015,3.3993893880208343,1.1993893880208342,54.51769945549246
4691,25.9,3.262831737129132,25.12340712486541,0.7765928751345896,2.99842808932274
2942,16.0,3.0946119554578893,21.07866936789811,5.078669367898112,31.7416835493632
5121,24.49,2.9163626257472655,17.47396836472176,7.016031635278239,28.64855710607693
7189,54.99,3.934692368052889,50.1464132655264,4.843586734473604,8.808122812281512
970,3.2,1.1928377977217175,2.2964225270635064,0.9035774729364938,28.23679602926543
3718,5.6,1.777407237675471,4.914501624546682,0.6854983754533173,12.241042418809238
5329,7.0,2.010920693960409,6.47019194273911,0.5298080572608903,7.5686865322984325
169,10.5,2.699657833753658,13.874641253865299,3.374641253865299,32.139440513002846
1056,9.0,1.863264995605049,5.444744520197319,3.555255479802681,39.50283866447423
5968,24.1145,2.936381400789358,17.84752114098192,6.266978859018078,25.9884254660809
251,3.7,1.8112570717565482,5.118133533095547,1.4181335330955465,38.32793332690666
5889,51.0,3.2578673244934304,24.994041131223415,26.005958868776585,50.99207621328742
2705,10.5,1.9713714263704956,6.180517289601808,4.319482710398192,41.13793057522087
1729,4.3,1.759647636452644,4.810389664137451,0.5103896641374508,11.869527072963972
2533,8.6,1.873100096112137,5.508441952169388,3.0915580478306115,35.9483493933792
95,7.5,1.3125186118740864,2.715519890085936,4.784480109914064,63.793068132187514
5646,17.5,3.263729511288607,25.14687057560348,7.646870575603479,43.69640328916274
5174,23.49,2.4540055288474134,10.634857263779436,12.855142736220563,54.72602271698835
3692,2.8,1.720740292910154,4.588664181736992,1.7886641817369924,63.88086363346402
1172,6.69,1.9765716195358756,6.217954622852318,0.47204537714768247,7.055984710727689
1383,11.9,2.6584578142098145,13.274258556737939,1.3742585567379386,11.54839123309192
5263,7.2,2.3150253762848907,9.125179854931817,1.9251798549318169,26.738609096275233
711,13.7,2.758899374506128,14.782462804581467,1.0824628045814677,7.901188354609253
2354,7.9,2.2241831457931,8.2459271439065,0.3459271439064988,4.378824606411377
2215,7.0,2.11206682033995,7.2653065468231794,0.26530654682317945,3.7900935260454203
3779,7.49,2.1579960935109037,7.65377890790713,0.16377890790712968,2.1866342844743616
5242,5.5,2.5342169132725125,11.60655495583627,6.10655495583627,111.02827192429581
69,5.5,1.9516456722036555,6.0402640192678785,0.5402640192678785,9.822982168506881
263,6.5,2.2744783589688744,8.722845854154295,2.2228458541542953,34.197628525450696
408,16.0,2.3041588001074778,9.015749460402889,6.984250539597111,43.651565872481946
7137,54.99,3.9604534736361696,51.48111935787498,3.508880642125021,6.380943157164977
6024,24.39,3.0552990221072234,20.227532079358525,4.162467920641475,17.066289137521423
3217,1.79,1.7922292768252854,5.002819507844626,3.2128195078446256,179.48712334327516
5196,11.6,2.6635454324233883,13.347065584693375,1.7470655846933756,15.06091021287393
37,13.8,2.6222664006614047,12.766889542028226,1.033110457971775,7.486307666462137
3504,6.99,1.9677853397397878,6.154813448194996,0.8351865518050046,11.948305462160294
1862,31.0,3.0461768861798326,20.0347721740379,10.9652278259621,35.371702664393865
4602,13.3,2.6300620761906277,12.874631159646592,0.42536884035340883,3.1982619575444273
6222,20.66,3.055508727220715,20.231984068168465,0.42801593183153486,2.071713125999685
6474,9.29,2.4517597260559056,10.608756987863911,1.318756987863912,14.195446586263854
2333,28.5,3.504124539116647,32.252320000426174,3.752320000426174,13.166035089214645
1575,6.8,2.299218947765868,8.96639513887089,2.1663951388708904,31.85875204221898
6763,35.89,3.6064893519792207,35.83650554515708,0.05349445484291948,0.1490511419418208
5733,20.0,3.5462114754827585,33.68167590191453,13.68167590191453,68.40837950957265
3295,11.0,2.4702441659276113,10.825333842786621,0.17466615721337853,1.5878741564852594
3985,19.5,2.764231973282504,14.866849145699383,4.633150854300617,23.759747970772395
5958,89.09,4.60135130627277,98.61884029323507,9.528840293235064,10.695746204102665
3641,13.8,2.455762572074682,10.65531818102912,3.1446818189708807,22.787549412832465
1163,5.39,1.8667228893089012,5.467068336144076,0.07706833614407671,1.4298392605580095
3781,8.5,2.376642947502826,9.768691054271516,1.2686910542715157,14.925777109076655
1554,23.99,3.1339969682636637,21.965589070963798,2.0244109290362005,8.438561604986248
19,10.0,1.7863173320038666,4.967435866267618,5.032564133732382,50.32564133732382
3257,7.1,2.5654646103525196,12.00670001353522,4.90670001353522,69.10845089486224
3279,6.699999,2.160670114166133,7.676950257980007,0.9769512579800068,14.581364235726108
982,1.7,1.2643534841463675,2.5408028108004674,0.8408028108004675,49.458988870615734
6602,12.15,2.6475986398080837,13.120090477620865,0.9700904776208645,7.984283766426868
239,4.8,1.792418903153987,5.003957908401704,0.20395790840170402,4.249123091702167
7053,20.99,3.266432418983584,25.21763875011926,4.227638750119262,20.141204145399055
2509,22.05,2.986125644618884,18.808787346343223,3.2412126536567776,14.699377114089692
3800,7.3,1.6769866028507303,4.349411756735697,2.9505882432643027,40.419017031017844
6775,25.99,3.5110164224207447,32.48228263705682,6.492282637056821,24.979925498487194
1322,2.5,1.5187353916677342,3.5664467755522544,1.0664467755522544,42.65787102209018
3842,10.9,2.7000196159558856,13.880023607896712,2.9800236078967117,27.33966612749277
3166,10.9,2.2186014787387354,8.194463217843778,2.705536782156223,24.821438368405712
4381,12.0,2.5402531032543707,11.682880642993045,0.3171193570069555,2.642661308391296
5635,15.999,3.2215597989813776,24.0671894799073,8.068189479907298,50.42933608292579
5514,28.49,3.2536176898373608,24.883810339369216,3.6061896606307826,12.657738366552415
1965,4.5,1.8027256167611856,5.066158976746616,0.5661589767466157,12.581310594369238
2486,4.686,2.3224094099496067,9.200221236924957,4.514221236924957,96.33421333599995
4706,3.0,1.6952994647677326,4.448277288031355,1.4482772880313552,48.27590960104517
2676,6.2,1.812104566819774,5.123320818850056,1.0766791811499443,17.36579324435394
1726,6.799999,2.277154241259313,8.74889788572792,1.948898885727921,28.6602819460403
332,4.0,1.5292670469591478,3.614793155740511,0.38520684425948915,9.630171106487229
4728,4.99,1.8667228893089012,5.467068336144076,0.4770683361440762,9.560487698278079
3544,4.75,2.2657136900757298,8.638000692563466,3.888000692563466,81.85264615923087
6459,13.19,2.4266056191788175,10.320391072045824,2.869608927954175,21.755943350676084
1562,25.0,3.3566763200986864,27.69366366302608,2.6936636630260793,10.774654652104317
3989,4.5,1.7553599779742974,4.785530030525903,0.2855300305259032,6.345111789464515
1320,29.5,3.4849145086538127,31.61963829386142,2.1196382938614207,7.185214555462443
6674,35.99,3.654023011309369,37.629761832536644,1.6397618325366423,4.556159579151548
2036,10.799,2.5741120755316476,12.119662715581514,1.3206627155815145,12.229490837869381
3774,5.5,1.7513884531670967,4.762598221752535,0.7374017782474649,13.407305059044816
3121,8.2,2.209687706602774,8.112870059468497,0.08712994053150247,1.0625602503841765
2650,3.6,1.913851257076276,5.779146825425479,2.179146825425479,60.53185626181886
4595,3.95,1.6400554132849212,4.15545518502664,0.20545518502663995,5.2013970892820245
2471,3.55,1.3086612726522642,2.7012154757101117,0.8487845242898882,23.90942321943347
4397,10.8,2.0804057099997704,7.007717066237042,3.7922829337629587,35.113730868175544
6418,5.8,2.0232543496672037,6.562897240653921,0.7628972406539214,13.15340070092968
1888,13.8,2.837765871977315,16.077569409137052,2.277569409137051,16.504126153167036
5537,25.99,3.0110017949529118,19.307733923641635,6.6822660763583634,25.710912182987162
7214,57.99,3.9492252735193327,50.89514671266985,7.094853287330153,12.234615084204437
2519,29.5,3.3687313706458966,28.041660574693257,1.4583394253067432,4.943523475616079
1142,13.89,2.6900517671898254,13.732438557646013,0.1575614423539875,1.1343516368177646
308,11.3,2.0429813532565726,6.713571834514819,4.586428165485182,40.58785987155028
5255,1.99,1.2475741518024686,2.4818861768698564,0.49188617686985636,24.717898335168663
381,4.5,2.1173983771659235,7.309491180139201,2.809491180139201,62.43313733642668
4118,7.5,2.0801293224375756,7.005504138665275,0.494495861334725,6.593278151129667
3617,7.2,1.9225512839524606,5.838382889043733,1.3616171109562671,18.911348763281488
1400,9.8,2.002497447080621,6.407532938374124,3.3924670616258767,34.6170108329171
7075,23.5,3.056814545091585,20.259727282248857,3.240272717751143,13.788394543621884
6806,14.4,2.830074025764974,15.946715271671518,1.546715271671518,10.741078275496653
2465,4.3,1.3438162719634483,2.833645859578241,1.4663541404217586,34.10125907957578
994,10.5,2.5122764604266,11.33297365480076,0.8329736548007602,7.933082426673907
683,4.7,1.9574818305503356,6.081472246792094,1.381472246792094,29.393026527491354
3428,7.9,2.1928145621513555,7.960397251880115,0.06039725188011502,0.7645221756976585
2906,11.9,2.4534514822742697,10.628412796415805,1.271587203584195,10.685606752808361
2984,12.8,2.3816694470500557,9.822956142446914,2.9770438575530864,23.25815513713349
457,2.7,1.641222963059295,4.161477950819961,1.461477950819961,54.12881299333188
4028,4.8,1.6701012024974333,4.312705429033411,0.487294570966589,10.151970228470605
3622,3.8,2.0015079706748176,6.400206984333442,2.6002069843334423,68.42649958772216
756,2.95,1.4936090050110669,3.453137950160942,0.5031379501609416,17.055523734269208
5845,21.99,3.292756547946699,25.916959373874004,3.9269593738740056,17.85793257787179
4100,1.5,1.1632804418037181,2.200414849282009,0.700414849282009,46.69432328546727
1046,11.89,2.2067074651498877,8.08575193571234,3.804248064287661,31.995357983916406
1024,4.49,1.1879068010445095,2.2802078885547177,2.2097921114452825,49.21585994310206
2344,13.4,2.6350480339798503,12.943982232038469,0.4560177679615318,3.403117671354715
2997,3.2,2.2405387749846986,8.398393542949304,5.198393542949304,162.44979821716572
4591,3.55,1.6365047148042207,4.137182178300469,0.5871821783004689,16.540343050717436
4974,26.9,2.9247527739491392,17.62961975320357,9.270380246796428,34.462380099614975
1515,28.2,3.397046503674869,28.875731749979423,0.6757317499794233,2.396211879359657
5186,24.19,3.04734930237857,20.05944814409845,4.130551855901551,17.075452070696777
1737,4.3,1.9238058859831784,5.846967722251678,1.5469677222516784,35.97599354073671
6156,22.85,3.2758569728038833,25.465896318404866,2.6158963184048645,11.448123931749954
1869,5.6,1.975214577383219,6.208166197328334,0.6081661973283348,10.860110666577407
6526,22.99,3.124949226881793,21.75873953201874,1.231260467981258,5.3556349194487085
1042,3.5,0.9038152128151797,1.469004944059277,2.030995055940723,58.028430169734946
3442,6.5,1.8018747523986465,5.060999693492198,1.4390003065078023,22.13846625396619
50,7.5,2.1015700371282673,7.1790011726677285,0.3209988273322715,4.279984364430287
786,6.5,1.9002967155551147,5.687878545502737,0.8121214544972633,12.49417622303482
245,18.5,3.011453725292121,19.316913678871025,0.8169136788710247,4.4157496155190525
5303,4.25,2.285461422789437,8.83022106572218,4.58022106572218,107.76990742875716
3076,14.0,2.486361994420098,11.017476849920325,2.9825231500796754,21.303736786283395
5462,37.19,3.2797231761822463,25.568416911191154,11.621583088808844,31.249215081497294
7234,54.95,3.759254931606959,41.91643838198882,13.033561618011184,23.7189474395108
625,7.5,2.3066016990555607,9.040246834345627,1.540246834345627,20.536624457941695
6414,26.59,2.8924416349057442,17.037296372308205,9.552703627691795,35.925925640059404
2272,5.7,1.6991171167725003,4.469116668183014,1.2308833318169858,21.594444417841856
4812,12.99,2.6236037684800344,12.785313253958101,0.20468674604189907,1.575725527651263
7182,57.28,3.4483188954146957,30.447481341694505,26.832518658305496,46.844480897879706
4894,6.9,2.010920693960409,6.47019194273911,0.42980805726089066,6.229102279143342
6403,5.3,1.9770021469936723,6.221062819540586,0.9210628195405866,17.378543764916728
1025,12.5,2.3224094099496067,9.200221236924957,3.299778763075043,26.398230104600344
5457,53.99,3.679838296879372,38.63998364523643,15.350016354763575,28.431221253498006
2926,7.5,2.3302494667407316,9.280505857462655,1.7805058574626553,23.74007809950207
321,31.8,3.4856048811359845,31.6421657697979,0.15783423020210208,0.4963340572393147
3326,17.0,3.1507684997327727,22.35400523314738,5.3540052331473795,31.494148430278702
3105,11.9,2.6676902949197254,13.406655609685275,1.506655609685275,12.660971509960294
1893,4.5,1.4408438920537654,3.224259131973005,1.275740868026995,28.349797067266557
4920,6.8,1.9220785502307784,5.835150918841149,0.9648490811588513,14.18895707586546
2138,11.49,2.383610957244251,9.843989433696477,1.6460105663035236,14.325592396027185
5476,40.49,2.988331420409212,18.85252931465956,21.637470685340443,53.43904837080869
3475,1.55,1.1285666176080393,2.091222419231795,0.5412224192317951,34.91757543430936
4098,11.0,2.6216806694487835,12.758828206241219,1.758828206241219,15.989347329465629
7001,45.499,3.580725622658724,34.89958094765098,10.59941905234902,23.295938487327238
5321,14.799,3.0274701493008256,19.644937857874954,4.845937857874954,32.745035866443374
5339,2.7,1.2835841135919948,2.6095536195024076,0.09044638049759257,3.34986594435528
4296,24.5,3.1113884198746216,21.45219584504006,3.047804154959941,12.440016959020166
3767,5.9,1.8830112198672857,5.57326864785063,0.32673135214937066,5.537819527955435
2126,16.3,3.034717130091796,19.795094760887384,3.4950947608873832,21.442299146548365
4279,5.9,1.5743574186880278,3.827638470942481,2.0723615290575195,35.12477167894101
233,3.8,1.863264995605049,5.444744520197319,1.6447445201973192,43.2827505315084
65,15.0,2.5599720780943747,11.935456127915351,3.0645438720846485,20.430292480564326
5856,20.709,3.3777352167090564,28.30432794971352,7.595327949713521,36.676459267533545
1595,14.5,2.756975401610549,14.752126965943399,0.2521269659433987,1.7388066616786115
5133,9.8,2.764231973282504,14.866849145699383,5.066849145699383,51.70254230305492
2656,20.9,3.1290614612711503,21.85252149793534,0.95252149793534,4.557519128877225
3218,32.99,3.5415659697198945,33.52093562566042,0.530935625660419,1.6093835273125763
509,5.0,1.7716869510472724,4.880765561956856,0.1192344380431436,2.384688760862872
6253,15.5,3.041687582698237,19.940552347022084,4.440552347022084,28.648724819497318
6481,18.99,3.3481133010451574,27.449008263737486,8.459008263737488,44.544540619997306
576,26.7,2.6435470524282576,13.06299743406732,13.63700256593268,51.07491597727596
217,4.999999,1.6695097053234607,4.309563907977995,0.690435092022005,13.80870460218102
5697,15.59,3.117498687228516,21.58980474979477,5.9998047497947695,38.48495670169833
7082,11.9,2.6462360952903867,13.10086432696877,1.2008643269687695,10.091296865283777
3757,4.0,1.6719629547113466,4.322605583085051,0.3226055830850507,8.065139577126267
3954,9.2,2.6400946858742587,13.01453052298745,3.81453052298745,41.46228829334186
6731,24.5,3.317971825839084,26.60430740208405,2.10430740208405,8.589009804424693
6889,39.9,3.081301169640515,20.786732195761708,19.11326780423829,47.902926827664885
2115,10.5,1.996477792747401,6.363076092291908,4.136923907708092,39.39927531150564
3467,2.0,1.5094481172146836,3.5242332587519405,1.5242332587519405,76.21166293759703
4871,17.5,2.996991511031359,19.025200612995523,1.5252006129955227,8.715432074260129
6130,20.5,3.5303211030310155,33.134926683586684,12.634926683586684,61.633788700422855
3478,9.0,2.3224094099496067,9.200221236924957,0.20022123692495697,2.2246804102773
4487,4.499999,2.047112145160157,6.745500895347913,2.245501895347913,49.90005320774323
3933,29.99,3.3261807876758303,26.83184274480676,3.158157255193238,10.530701084338908
3347,7.6,1.9817632646944605,6.255525123993111,1.3444748760068883,17.69045889482748
1261,6.5,1.866487665500033,5.465547306596034,1.0344526934039662,15.914656821599479
4382,9.5,2.25810701058289,8.564965639623011,0.9350343603769886,9.842466951336721
3163,9.65,2.4581573659292713,10.683263713921828,1.0332637139218281,10.707395999189927
1412,4.0,1.5027105356429233,3.493853326681341,0.5061466733186588,12.65366683296647
1281,14.0,1.7877644381422777,4.976077630607309,9.023922369392691,64.45658835280493
4588,6.0,2.170358286116571,7.761422574530586,1.7614225745305863,29.357042908843106
2917,6.2,1.8803302660156875,5.555669619583996,0.6443303804160045,10.392425490580719
1565,13.6,2.8331732780264356,15.999318891138486,2.3993188911384866,17.64205067013593
6580,22.562,2.765898433100221,14.8933126562987,7.668687343701301,33.98939519413749
4002,7.6,1.9789251691471466,6.234962443673341,1.3650375563266586,17.961020477982352
6500,7.899,2.6316417225177746,12.896565489479196,4.997565489479196,63.26833130116718
6365,25.4,3.3175823896463763,26.59355937867755,1.193559378677552,4.699052671958866
6900,21.699,2.9786317420103323,18.660897053012086,3.038102946987916,14.00111962296841
3007,5.0,2.1716569815448823,7.772808385723819,2.7728083857238186,55.456167714476365
1315,9.2,2.460128353009364,10.706313984185606,1.5063139841856064,16.372978088973984
3885,2.3,1.6069549146373534,3.98760041146235,1.6876004114623502,73.37393093314567
3745,12.4,2.444578971126839,10.525695926374146,1.8743040736258543,15.115355432466565
6498,18.006229,3.652187352409312,37.55891581088058,19.552686810880576,108.58846019830457
1702,40.99,3.4558417098244143,30.684946992589815,10.305053007410187,25.140407434521073
1839,6.2,2.1084307290579725,7.2353077100514405,1.0353077100514403,16.698511452442585
503,10.5,1.8722580179481922,5.502963642226474,4.997036357773526,47.59082245498596
7023,38.9,3.731794723810572,40.7539778169326,1.8539778169325984,4.766009812166063
5818,9.79,2.377536513068843,9.778317886250921,0.011682113749078127,0.1193270045871106
4694,11.0,1.5753490215972847,3.832427945531128,7.167572054468872,65.15974594971702
1721,36.0,3.824049773201459,44.78926949654815,8.789269496548151,24.414637490411533
7187,50.999,4.3649848382668885,77.64820748960547,26.649207489605466,52.2543726143757
4618,14.99,2.6900517671898254,13.732438557646013,1.2575614423539871,8.389335839586305
1803,18.8,2.9247527739491392,17.62961975320357,1.1703802467964302,6.225426844661863
1385,4.2,1.8395310510602445,5.293586198322456,1.0935861983224555,26.03776662672513
1373,1.2,1.145802751874761,2.144964970311899,0.9449649703118992,78.74708085932494
5834,26.9,3.430937812096284,29.90561282085868,3.00561282085868,11.17328186192818
5654,44.99,4.0025467062773,53.73737268892184,8.747372688921836,19.44292662574313
5670,16.0,2.9068439419436,17.298954772211804,1.298954772211804,8.118467326323774
856,6.9,2.0358174661347985,6.658510139955118,0.24148986004488204,3.499853044128725
2458,13.899999,2.11206682033995,7.2653065468231794,6.63469245317682,47.73160381649538
2726,7.8,2.5849042938093003,12.262019771834863,4.462019771834863,57.20538169019056
5886,37.99,3.5025658309108967,32.200529709842414,5.789470290157588,15.239458515813602
4252,24.79,3.1290614612711503,21.85252149793534,2.9374785020646605,11.849449383076486
3269,8.1,1.9313721947598008,5.89897048059318,2.20102951940682,27.173203943294073
2505,6.0,2.07840861667275,6.991740866210554,0.991740866210554,16.52901443684257
318,1.7,1.145492197855304,2.143988440439804,0.443988440439804,26.116967084694352
6053,30.49,3.507390194054175,32.36108810630771,1.8710881063077132,6.136727144334907
176,4.7,1.866487665500033,5.465547306596034,0.7655473065960336,16.288240565873053
5683,80.49,4.139768436653611,61.788280301367635,18.70171969863236,23.234836251251537
4967,2.0,1.341224828614037,2.823724044974233,0.8237240449742331,41.18620224871166
3100,2.6,1.9337216145425509,5.915198113617517,3.3151981136175173,127.5076197545199
2840,1.85,1.3566512675841034,2.883167814594829,1.033167814594829,55.84690889701779
6504,14.2,2.977313392198678,18.634994191353385,4.434994191353386,31.232353460235114
3043,2.7,1.2775519343807102,2.587845684099341,0.11215431590065927,4.1538635518762685
3169,12.5,2.1929265440070256,7.961400709975424,4.538599290024576,36.30879432019661
468,4.6,1.9137391489654432,5.778386870681164,1.1783868706811642,25.61710588437314
472,28.5,3.0501042091103416,20.117544948452874,8.382455051547126,29.412122987884654
91,7.9,1.7164031071810986,4.564477595975618,3.335522404024382,42.22180258258712
4304,2.7,1.7008321657720993,4.478504519264661,1.7785045192646605,65.87053775054298
4149,5.8,1.9391571048157565,5.9528879442612475,0.15288794426124763,2.6359990389870283
1047,5.6,2.005898335118702,6.432768015048645,0.8327680150486456,14.870857411582957
6571,129.29,4.7118990706132475,110.26325617903571,19.026743820964285,14.716330590892015
6768,9.49,2.4033674371457345,10.060358803850052,0.570358803850052,6.010103307165985
435,5.5,2.158491778518595,7.658069519679769,2.158069519679769,39.23762763054125
6016,151.89,5.006589613498788,148.39437382146994,3.4956261785300455,2.301419565823982
1335,20.49,2.826834749263387,15.8919089893872,4.598091010612798,22.440658909774516
1352,8.9,2.2096439186722177,8.112471034483468,0.7875289655165325,8.848640061983511
4074,2.55,1.6848905251936013,4.391860627140038,1.8418606271400382,72.22982851529562
4868,5.9,1.951864427456202,6.0418042824655975,0.14180428246559718,2.4034624146711385
6046,25.09,3.200604681377353,23.547369047194906,1.5426309528050943,6.148389608629311
5546,18.99,3.086966857915044,20.91051936753663,1.920519367536631,10.113319470966989
4207,8.8,2.207763202041332,8.095349164400167,0.7046508355998338,8.00739585908902
3758,11.5,2.8073881645144407,15.566592449491036,4.066592449491036,35.3616734738351
106,7.7,1.9202560170334042,5.82270497440102,1.87729502559898,24.380454877908832
5694,19.0,3.2533757411833917,24.87754854384506,5.877548543845059,30.93446602023715
5676,26.99,3.2923276716922896,25.905417804287122,1.0845821957128763,4.018459413534185
4791,4.1,1.7199002570855693,4.583971474909639,0.4839714749096391,11.804182314869248
5900,27.9,2.820674689020645,15.788173648403724,12.111826351596275,43.41156398421604
5313,12.9,2.6168371481326718,12.692348157273482,0.20765184272651815,1.6097042071823113
3333,10.99,2.5026215020912317,11.214472291414642,0.2244722914146422,2.042514025610939
4086,15.0,2.699601163537421,13.8737983286136,1.1262016713864007,7.508011142576004
1617,12.99,2.5371294827585875,11.643325946163156,1.3466740538368445,10.367005803208965
2252,4.0,1.1663606512965474,2.2102879953547765,1.7897120046452235,44.74280011613059
4860,7.8,2.3613860192452636,9.605640892544258,1.8056408925442584,23.14924221210588
5584,9.299,2.682174901723613,13.616848960636515,4.317848960636516,46.433476294617876
3494,15.9,2.84383348761322,16.181504536637135,0.2815045366371347,1.7704687838813502
1498,6.666,1.874778750737356,5.519376553497213,1.1466234465027876,17.201071804722286
996,6.5,2.2067074651498877,8.08575193571234,1.5857519357123397,24.39618362634369
5912,15.3205,2.531593975007964,11.573532067889259,3.7469679321107403,24.457217010611537
6638,87.999,4.552802758851586,93.89801217288762,5.899012172887623,6.7034990998620705
41,18.0,2.7956368160367253,15.37305205606118,2.62694794393882,14.594155244104556
5253,17.2,3.0683541308279265,20.506476682753167,3.3064766827531678,19.223701643913767
5689,13.69,2.6515790853763437,13.176406736731975,0.5135932632680245,3.7515943262821363
3282,3.7,2.12844360827276,7.40178016896173,3.7017801689617302,100.04811267464136
1539,7.3,1.557646141574586,3.7476328267972603,3.5523671732027395,48.66256401647588
1805,8.9,2.280356310380062,8.780164562924517,0.1198354370754835,1.346465585117792
1144,2.9,2.295904792237974,8.933419628495775,6.033419628495775,208.04895270675087
6198,34.79,3.5731182037214815,34.62751397154958,0.1624860284504166,0.46704808407708137
2615,6.5,2.0057359539011483,6.431561171115614,0.06843882888438557,1.052905059759778
2114,14.99,2.770461538220579,14.966001229333697,0.02399877066630296,0.16009853679988634
5792,10.89,2.413523639497377,10.173262411401678,0.7167375885983223,6.581612383822977
4546,11.0,2.60909076363329,12.586691719781316,1.5866917197813155,14.42447017983014
3172,1.0,1.7113162042862815,4.5362435116904845,3.5362435116904845,353.62435116904845
167,9.2,2.8840120245649348,16.88588804545433,7.68588804545433,83.54226136363403
2337,11.3,2.5009513804437664,11.194089662301225,0.10591033769877534,0.937259625652879
6928,39.18,3.3592362618193845,27.767211869152117,11.412788130847883,29.129117230341713
3964,5.4,1.3451171104368023,2.838636058623355,2.561363941376645,47.43266558104898
2445,25.0,3.2911388721158668,25.873451659432305,0.8734516594323054,3.4938066377292216
7257,17.99,3.180020871742124,23.047255454941332,5.057255454941334,28.11148112807857
3341,1.9,1.5399192464382376,3.66421360391839,1.7642136039183902,92.85334757465212
4103,1.3,1.3732831210560645,2.9482921607758463,1.6482921607758463,126.79170467506509
3017,18.5,2.6676902949197254,13.406655609685275,5.093344390314725,27.53159129899851
6151,13.09,2.7042154488622168,13.942588865492525,0.8525888654925247,6.513283922784757
4958,8.99,2.4253793265303623,10.306517467984456,1.3165174679844558,14.644243247880487
6935,25.4,3.7804403687544488,42.835341200426704,17.435341200426706,68.64307559223113
789,3.6,1.9976339105468723,6.3715935982925025,2.7715935982925024,76.98871106368061
4617,19.2,2.702298855414958,13.91397742459618,5.28602257540382,27.531367580228228
1097,3.5,1.4884513167804725,3.4302291818928374,0.06977081810716257,1.9934519459189306
3206,15.3,2.573547460964986,12.112257253715166,3.187742746284835,20.834919910358394
6535,19.99,3.2470923990821436,24.715460813206956,4.725460813206958,23.639123627848715
6251,31.49,3.1947673759468107,23.40449595916601,8.085504040833989,25.67641804012064
544,4.0,1.9093017004749004,5.748374765925238,1.748374765925238,43.709369148130946
6770,19.299,2.896838111176395,17.116771495026786,2.1822285049732137,11.307469324696688
5924,14.25,2.8400040150770223,16.115834258400763,1.8658342584007634,13.093573743163253
4838,2.4,1.5710966465766472,3.8119222794374563,1.4119222794374564,58.83009497656069
6194,19.59,2.8079139179389365,15.575304682246003,4.014695317753997,20.493595292261343
6068,7.39,2.1536891281302335,7.616587530218384,0.22658753021838418,3.0661370800863894
4229,16.7,2.797061439369017,15.396394110911224,1.3036058890887752,7.806023287956738
877,9.5,1.7275896594740625,4.627074383933614,4.872925616066386,51.29395385333038
3908,9.7,2.0440914151597145,6.722139130980427,2.9778608690195725,30.699596587830648
3914,12.8,2.2728327824877486,8.70685932482295,4.09314067517705,31.977661524820704
5397,10.9,2.271952353170033,8.698316882350644,2.201683117649356,20.19892768485648
1078,8.2,1.8902111911397972,5.620766780687497,2.5792332193125027,31.454063650152474
5983,42.7,4.218121631595437,66.90581228714414,24.20581228714414,56.6880849816022
4990,10.5,2.091617332976123,7.098001744035299,3.401998255964701,32.39998339014001
511,13.0,2.313147061675713,9.106179431662278,3.8938205683377216,29.952465910290165
2375,4.4,1.4917035735421544,3.444660879778419,0.9553391202215815,21.712252732308666
2877,15.6,2.9247527739491392,17.62961975320357,2.029619753203571,13.010383033356224
2069,1.5,1.2152237951803404,2.371048404295209,0.8710484042952089,58.06989361968059
4851,3.5,1.324977458046828,2.7621005489496646,0.7378994510503354,21.08284145858101
3262,11.0,2.1677564510030494,7.738656427355368,3.2613435726446323,29.64857793313302
4934,10.89,2.8956177484028913,17.094675946552805,6.204675946552804,56.975904008749346
1302,8.9,2.5993033933969425,12.454362372138139,3.5543623721381383,39.936655866720656
6045,47.89,3.9223794353814774,49.520512169263085,1.6305121692630848,3.404702796540165
4394,2.5,1.5981657843361643,3.943955821507136,1.443955821507136,57.75823286028544
3689,16.3,2.8092675171596504,15.59775619349302,0.7022438065069814,4.308244211699272
3159,8.5,2.161725851057577,7.6861156717540045,0.8138843282459955,9.575109744070536
858,7.99,2.2818437352259013,8.794722647035751,0.8047226470357511,10.07162261621716
4678,19.9,2.8276073376180513,15.904964524188127,3.9950354758118714,20.075555154833527
7140,24.85,3.42788451197917,29.81139262408061,4.961392624080609,19.965362672356576
7028,12.5,2.9819678953406052,18.72659835406129,6.2265983540612915,49.81278683249033
7112,25.99,3.5761842573311364,34.736917472158424,8.746917472158426,33.654934483102835
4357,9.9,2.6676902949197254,13.406655609685275,3.506655609685275,35.42076373419469
2890,7.9,2.26164884398058,8.598903219522423,0.698903219522423,8.846876196486367
4794,8.8,2.542163504746019,11.707133195772242,2.907133195772241,33.03560449741183
2024,12.0,2.758899374506128,14.782462804581467,2.782462804581467,23.187190038178894
4194,16.5,2.7542057023735844,14.708558675287824,1.791441324712176,10.857220149770765
4921,4.5,1.5797817770537381,3.8538964640674678,0.6461035359325322,14.357856354056272
5356,9.5,2.1397558310684195,7.497362583622344,2.002637416377656,21.080393856606904
743,5.3,1.9062633882708475,5.727902213268787,0.4279022132687871,8.073626665448813
2499,1.15,1.1374539672792925,2.118817636321146,0.968817636321146,84.2450118540127
4241,9.3,2.505594300484442,11.250837481424151,1.9508374814241503,20.976747112087637
179,25.99,2.8622008593269848,16.49999962195654,9.490000378043458,36.514045317596995
3613,8.5,1.9202560170334042,5.82270497440102,2.67729502559898,31.497588536458586
3693,20.0,2.618455965590748,12.714531520075601,7.285468479924399,36.42734239962199
3771,7.0,2.2000563676852565,8.025522232892422,1.0255222328924223,14.65031761274889
6566,35.55,3.63208631699164,36.79157964104084,1.2415796410408433,3.492488441746395
31,11.0,2.1559209783433917,7.635839939189328,3.364160060810672,30.583273280097018
5151,6.8,1.9365748725845238,5.934957133633432,0.8650428663665677,12.72121862303776
2484,3.2,1.5759319247354113,3.8352456040765714,0.6352456040765713,19.85142512739285
168,11.5,2.2163119348073343,8.173436170740253,3.3265638292597473,28.926641993563017
3248,2.8,1.3244757082066554,2.7602133890811884,0.039786610918811416,1.4209503899575506
642,5.0,1.9928892282886528,6.336700572551284,1.3367005725512842,26.734011451025687
1483,14.9,2.6092593177731187,12.588982005930443,2.311017994069557,15.510187879661455
1790,6.0,1.9062633882708475,5.727902213268787,0.2720977867312131,4.534963112186885
5035,8.0,1.9345692479621572,5.9210621515679875,2.0789378484320125,25.986723105400156
3982,3.0,2.2680233622190715,8.660287041452822,5.660287041452822,188.67623471509407
7092,62.49,4.125579817128553,60.90369166749208,1.5863083325079188,2.538499491931379
6492,22.89,3.1204397196969578,21.65633989206761,1.2336601079323906,5.389515543610269
6912,19.899,3.0604355600248825,20.3368486167013,0.4378486167012987,2.200354875628417
6178,24.5,3.2681958630139594,25.263912877588936,0.7639128775889361,3.1180117452609637
6644,18.15,2.6341121469173765,12.930938344223142,5.219061655776857,28.75516063788902
2758,9.5,2.010920693960409,6.47019194273911,3.0298080572608903,31.8927163922199
3412,12.6,2.190769278570246,7.942089427229293,4.657910572770707,36.967544228338944
6122,20.7,3.017791084145201,19.446078099992164,1.2539219000078354,6.057593719844616
800,2.5,1.6878828501537477,4.408018989755303,1.9080189897553028,76.32075959021212
1954,10.5,2.303231564654287,9.00646680668082,1.4935331933191804,14.224125650658861
7248,48.99,3.458498827346353,30.769249571755708,18.220750428244294,37.19279532199285
5306,4.0,1.4423655419054116,3.230691868199343,0.7693081318006572,19.232703295016428
6637,15.69,2.4434719441615034,10.512943730004345,5.177056269995655,32.995897195638335
2119,20.5,2.9485843210638474,18.078924968520514,2.4210750314794858,11.81012210477798
5309,3.5,1.6127209501665827,4.016442164016584,0.5164421640165839,14.755490400473828
5660,25.49,3.47680893126775,31.356305963407905,5.866305963407907,23.01414658065087
5679,19.5,3.180020871742124,23.047255454941332,3.5472554549413324,18.191053615083757
1406,8.7,2.2014070606449034,8.037721178890147,0.6622788211098527,7.612400242641986
1501,9.8,2.1023793715818004,7.185623399548968,2.614376600451033,26.677312249500336
1074,5.3,1.7724297797745647,4.885135586443667,0.41486441355633286,7.8276304444591105
500,13.6,2.5886357921686884,12.311599422518993,1.2884005774810063,9.473533657948577
437,17.5,2.764231973282504,14.866849145699383,2.6331508543006166,15.046576310289236
5437,9.5,2.4235178224532645,10.285489917127903,0.7854899171279026,8.268314917135818
4113,8.9,1.8830112198672857,5.57326864785063,3.3267313521493707,37.3790039567345
3386,3.6,1.4745736199834416,3.3691724478950276,0.23082755210497252,6.411876447360347
6683,22.99,3.02250982364558,19.542785806141804,3.447214193858194,14.994407106821203
80,16.9,2.5290619701008024,11.541736093761395,5.358263906238603,31.70570358721067
1608,19.99,2.6788518100486987,13.56835644869828,6.4216435513017185,32.12427989645683
960,5.0,2.1594787956173014,7.666619401082938,2.6666194010829383,53.33238802165876
3114,22.5,3.433528873731348,29.985795002174605,7.485795002174605,33.27020000966491
5198,3.8,1.866487665500033,5.465547306596034,1.665547306596034,43.830192278843
4628,13.0,2.8840120245649348,16.88588804545433,3.8858880454543296,29.891446503494844
1632,12.19,2.6635454324233883,13.347065584693375,1.1570655846933757,9.491924402734831
3305,4.8,1.9187694442289116,5.812570061742194,1.0125700617421938,21.09520961962904
5935,21.3,3.134576591841918,21.978904326423052,0.6789043264230514,3.1873442555072837
5419,9.5,2.3194211465463797,9.16978578631777,0.3302142136822308,3.4759390913919033
2477,3.0,1.391164380072262,3.019527587074287,0.019527587074287034,0.6509195691429011
5506,16.45,2.8155185226909154,15.701833815256652,0.7481661847433472,4.548122703606974
6399,22.45,2.8207859839591025,15.790042191134486,6.659957808865514,29.66573634238536
5517,51.999,3.76970271091926,42.36717033304654,9.631829666953465,18.523105573094607
534,6.9,2.2309260496660785,8.30848220622597,1.408482206225969,20.41278559747781
5701,26.69,3.2199524934049184,24.026931208808943,2.6630687911910584,9.977777411731203
2794,20.3,2.5680759195307683,12.04070891320985,8.259291086790151,40.686162989114045
585,4.5,1.558459174158556,3.7514943765523467,0.7485056234476533,16.63345829883674
6722,50.9,3.9344092983635965,50.13193731516294,0.7680626848370551,1.5089640173616015
4970,25.0,2.86577002841376,16.56257167832518,8.437428321674819,33.749713286699276
1451,2.75,1.6774310619780453,4.351789880066906,1.6017898800669057,58.24690472970566
6275,25.49,3.1609755551602845,22.593601565366757,2.896398434633241,11.36288126572476
1410,30.5,3.069579871507397,20.532854208796095,9.967145791203905,32.67916652853739
5684,20.59,3.550141257740054,33.81823548549856,13.228235485498562,64.24592270761808
4536,10.0,2.4581573659292713,10.683263713921828,0.6832637139218285,6.832637139218285
866,15.0,2.3302494667407316,9.280505857462655,5.719494142537345,38.129960950248964
4638,2.0,0.8319967295578305,1.2979024522721097,0.7020975477278903,35.10487738639452
6358,54.8,3.696156152046062,39.292129497311166,15.507870502688831,28.299033764030717
4679,3.95,2.256469606715381,8.549316743170234,4.599316743170234,116.43839856127174
742,7.1,1.9238058859831784,5.846967722251678,1.2530322777483214,17.648341940117206
1544,6.9,1.8957413617630183,5.657482178276284,1.242517821723716,18.00750466266255
5509,53.29,3.8028085952068915,43.82690849708355,9.463091502916448,17.757724719302775
2706,18.9,2.7516133146317916,14.667888739235384,4.232111260764615,22.392123072828653
3734,7.89,1.997417116647794,6.369995654992346,1.5200043450076537,19.264947338500047
2589,8.2,2.3224094099496067,9.200221236924957,1.0002212369249577,12.197819962499484
5283,2.5,1.406340648035561,3.0809942523721796,0.5809942523721796,23.239770094887184
6816,50.709,3.3555927287517586,27.66258829690873,23.046411703091273,45.44836558222657
5944,15.9,2.868829727665754,16.616390157947066,0.7163901579470657,4.505598477654502
4253,3.7,1.3252212274743231,2.7630177458343987,0.9369822541656014,25.323844707178417
748,16.5,2.4354245745349257,10.42066660836152,6.07933339163848,36.84444479780897
4055,5.79,2.1905330913818832,7.939977669664245,2.1499776696642448,37.13260223945155
401,5.3,1.8633269787007847,5.445143997794206,0.1451439977942064,2.7385659961171016
3749,20.8,3.0454360345280254,20.01919429948693,0.7808057005130706,3.7538735601589934
157,7.5,2.0918474113046184,7.09986513309522,0.4001348669047804,5.335131558730406
5434,98.19,4.486647194683533,87.82313938235492,10.366860617645074,10.557959687997835
6483,29.5,3.1964160803108665,23.444764944861014,6.055235055138986,20.52622052589487
5749,14.3,2.6787123187612885,13.566324431629434,0.7336755683705665,5.130598380213751
4528,12.0,2.7000196159558856,13.880023607896712,1.880023607896712,15.666863399139267
1820,8.9,1.873100096112137,5.508441952169388,3.391558047830612,38.107393795849575
2922,9.0,2.3285084930434428,9.262623338184651,0.26262333818465144,2.9180370909405715
2864,15.3,1.9000496527126485,5.686226423316621,9.613773576683379,62.83512141623123
3362,3.3,1.2908830181808553,2.635995789025843,0.6640042109741566,20.121339726489595
5281,1.6,1.1120918835693738,2.040712562677517,0.440712562677517,27.544535167344815
3803,1.4,1.279211773084826,2.5938058743390333,1.1938058743390334,85.27184816707381
4237,5.4,2.332064315129969,9.299180357526154,3.899180357526154,72.20704365789173
7295,47.59,3.616840038855279,36.219768776722724,11.37023122327728,23.892059725314727
2666,4.8,1.5981040801386177,3.9436507680920982,0.8563492319079016,17.840608998081283
1782,13.0,1.929366187205508,5.885144965372485,7.114855034627515,54.72965411251934
5910,45.3565,3.7494262603354134,41.49669296588538,3.859807034114617,8.50993139707565
2415,8.0,2.3876950753623323,9.888368129646565,1.8883681296465653,23.604601620582066
535,11.9,2.4675261323648767,10.793235830010286,1.1067641699897148,9.300539243611048
5978,119.9,4.551841703433281,93.80685373527407,26.09314626472593,21.76242390719427
2406,1.5,1.1352166224876374,2.1118475660591134,0.6118475660591134,40.789837737274226
3098,5.8,1.8912396237978082,5.627579295971979,0.17242070402802057,2.972770759103803
5359,8.0,2.477822764035799,10.915293749895852,2.915293749895852,36.44117187369815
5154,8.4,2.113769335135391,7.279390339038422,1.1206096609615788,13.340591201923557
1966,8.9,1.6234486253464784,4.07054661472309,4.82945338527691,54.263521182886635
5416,10.5,2.460128353009364,10.706313984185606,0.20631398418560565,1.9648950874819586
1176,7.86,2.367609562043399,9.67185137070503,1.8118513707050292,23.051544156552534
5902,21.5,3.2412842718372294,24.56653505318352,3.0665350531835216,14.26295373573731
1760,2.8,1.188266700750807,2.2813886468749445,0.5186113531250554,18.521834040180547
997,5.2,2.157274203558017,7.647534086167237,2.447534086167237,47.06796319552379
473,6.2,1.8978667877768882,5.671647212118107,0.528352787881893,8.52181915938537
2266,2.1,1.0198085302526583,1.772663831893849,0.32733616810615107,15.587436576483386
4205,15.7,2.7883064693781408,15.253470730381352,0.44652926961864736,2.8441354752780086
1882,5.2,2.084182294272406,7.038016061912547,1.8380160619125467,35.346462729087435
4222,18.9,2.630337813574001,12.878457441638071,6.0215425583619275,31.860013536306496
2578,10.8,2.336024548010168,9.340048380248193,1.4599516197518074,13.518070553257475
3783,2.6,1.4985268623999288,3.475091786203463,0.8750917862034631,33.65737639244089
469,14.9,2.658064310206133,13.26864268385298,1.631357316147021,10.948706819778664
5097,14.9,2.5553105377404526,11.875297302512175,3.0247026974878253,20.300018103945135
7040,17.29,3.088786588665006,20.9504269128585,3.660426912858501,21.17077451045981
4712,10.0,2.5833658002104976,12.24163192661482,2.2416319266148204,22.416319266148204
3997,7.0,2.109340437511492,7.242802847770784,0.24280284777078442,3.468612111011206
247,6.5,1.4274277773662392,3.167964459261972,3.332035540738028,51.26208524212351
3780,17.9,2.3368153958430584,9.348229019495731,8.551770980504267,47.77525687432552
2182,9.9,2.8069454901389284,15.559260466484321,5.659260466484321,57.16424713620526
3395,6.5,2.379448342185106,9.798943898633212,3.298943898633212,50.75298305589556
7097,83.99,4.396196155284407,80.14163072803218,3.8483692719678118,4.581937459183012
811,4.0,1.373903447070745,2.9507421489338657,1.0492578510661343,26.231446276653358
6502,26.8,3.1141595065292527,21.51449910931702,5.285500890682982,19.722018248817097
1419,7.4,2.2067074651498877,8.08575193571234,0.6857519357123394,9.266918050166748
6733,13.9,2.7583171237383644,14.773276128230515,0.8732761282305148,6.282562073600825
3625,3.9,1.4890663161617321,3.4329546080803475,0.46704539191965244,11.975522869734679
228,9.0,1.982913184913827,6.263873197924917,2.7361268020750833,30.40140891194537
7107,45.5,3.584105197323257,35.02111150701671,10.478888492983288,23.03052416040283
17,18.0,3.2465004706911667,24.700243606057352,6.700243606057352,37.22357558920751
1407,10.6,2.477822764035799,10.915293749895852,0.31529374989585257,2.9744693386401186
7070,59.99,4.12122887767651,60.63493754362365,0.644937543623648,1.0750750852202833
2392,13.5,2.6657104589166325,13.378161010849036,0.12183898915096414,0.9025110307478825
6272,47.9,3.386090371432525,28.550195845650336,19.349804154349663,40.39625084415378
5439,109.0,4.612147944258433,99.70021595479699,9.299784045203012,8.531911968076157
6745,45.49,3.6694551272840705,38.230524393370956,7.259475606629046,15.958398783532745
5879,10.99,2.8646873009788933,16.543566490717904,5.553566490717904,50.53290710389358
2440,3.9,1.8519380229266065,5.3721569498926405,1.4721569498926406,37.7476140998113
5831,17.9,2.9892625668130437,18.871023535015,0.971023535015,5.424712486117319
5853,13.5,2.6289916394061743,12.859787190265404,0.6402128097345958,4.742317109145154
4844,9.0,2.244176351374944,8.432643172463413,0.567356827536587,6.303964750406522
6915,25.49,3.755311605994062,41.74753812452239,16.257538124522394,63.7800632582283
6092,21.69,3.0785980223470757,20.727918975804396,0.962081024195605,4.43559716088338
5461,23.2,3.078129757751358,20.717746942396836,2.482253057603163,10.699366627599842
2585,5.7,1.7426723533897306,4.712589099525089,0.9874109004749112,17.32299825394581
543,9.9,1.8957413617630183,5.657482178276284,4.242517821723716,42.853715370946624
6112,17.0,3.0514281106578,20.145521013580435,3.145521013580435,18.503064785767265
3794,16.5,2.546271546463273,11.759441998856175,4.740558001143825,28.730654552386813
4119,7.799999,1.771449300306842,4.879368159720174,2.9206308402798253,37.44398993230416
3153,12.0,1.9630725284271253,6.121173494078094,5.878826505921906,48.99022088268255
1535,10.499,2.47801854679795,10.91762678739486,0.41862678739486014,3.987301527715593
1832,14.5,3.0255822686749503,19.605999446771644,5.105999446771644,35.21378928808031
6746,33.79,3.635432837879034,36.918261805704,3.1282618057039997,9.257951481811185
3590,8.99,2.11206682033995,7.2653065468231794,1.7246934531768208,19.18457678728388
3289,2.0,1.593068369243099,3.9188185484704237,1.9188185484704237,95.94092742352119
96,3.8,1.2375300650834375,2.4470888563556454,1.3529111436443544,35.60292483274617
6679,62.99,4.020878900602218,54.75008308216786,8.23991691783214,13.081309601257566
2094,5.7,1.8957413617630183,5.657482178276284,0.042517821723715876,0.7459266969072961
4773,8.0,2.249922948314409,8.487004818483333,0.4870048184833333,6.0875602310416665
2927,9.5,2.3070732945887844,9.04498288656793,0.45501711343207063,4.789653825600744
7038,44.5,3.463406959294713,30.925560524152964,13.574439475847036,30.50435837268997
156,12.99,2.2551863821017992,8.537070683785348,4.452929316214652,34.27967141042842
1022,6.4,1.9262644449852353,5.8638221066415355,0.5361778933584649,8.377779583726014
5447,24.49,3.503259261316394,32.223559950633614,7.733559950633616,31.578439978087445
4966,5.8,1.86022754401957,5.425198620625978,0.3748013793740217,6.462092747827961
6458,49.5,3.8925218972431117,48.03439042022557,1.46560957977443,2.9608274338877374
2716,12.5,2.4721795038948002,10.848242020730238,1.651757979269762,13.214063834158097
1287,15.0,2.696653681606688,13.830022622542298,1.1699773774577018,7.799849183051346
696,18.0,2.927433789250889,17.679633062093586,0.3203669379064138,1.7798163217022989
425,25.0,3.207068601751244,23.706555215198936,1.2934447848010642,5.173779139204257
6872,47.39,3.621283482032357,36.38552068622212,11.004479313777878,23.221100050174886
712,10.9,2.63962882228842,13.008003184086972,2.1080031840869715,19.339478753091484
4173,2.45,1.2037636582704827,2.332636252713528,0.11736374728647236,4.790357032100912
1811,16.0,2.800929729475575,15.459942953469536,0.5400570465304639,3.3753565408153996
5096,18.7,3.2404880444148416,24.54618637903997,5.84618637903997,31.263028764919632
6480,17.9,3.135921233133433,22.009823492949497,4.109823492949499,22.959907781840776
447,31.49,3.202804524584324,23.601428849986345,7.888571150013654,25.051035725670545
6748,15.899,2.575917857036392,12.143375363348571,3.7556246366514277,23.621766379341015
4080,5.99,2.0806263112778067,7.009483773717806,1.0194837737178055,17.01976249946253
1009,5.3,1.2212577504474482,2.391450650789904,2.908549349210096,54.87828960773766
592,1.5,1.0458572231028112,1.84583699556465,0.3458369955646501,23.055799704310008
6096,29.85,3.4657950282021863,31.00189206881283,1.1518920688128276,3.8589349038955696
1242,8.5,1.8428920746759627,5.314774677706105,3.1852253222938947,37.473239085810526
3058,8.4,2.26164884398058,8.598903219522423,0.19890321952242296,2.367895470505035
131,15.8,2.8840120245649348,16.88588804545433,1.085888045454329,6.872709148445119
2404,4.5,1.9128762191688389,5.772540121707307,1.2725401217073067,28.27866937127348
2306,8.95,2.311298974670324,9.087519580605568,0.13751958060556824,1.5365316268778575
6277,62.5,4.385945277588929,79.3141064667989,16.814106466798904,26.902570346878246
7103,20.89,3.006491583908078,19.216347997624464,1.6736520023755368,8.011737684899648
624,8.5,1.7060907798317766,4.507389741710497,3.9926102582895027,46.97188539164121
2986,6.0,1.9230820030836617,5.842013112898844,0.15798688710115627,2.633114785019271
2127,8.3,2.127575523917522,7.394489879791706,0.9055101202082945,10.909760484437282
6539,43.9,3.5272482747429112,33.03019690597987,10.869803094020128,24.760371512574324
4739,3.9,1.7008321657720993,4.478504519264661,0.5785045192646607,14.83344921191438
3686,17.9,3.0683541308279265,20.506476682753167,2.6064766827531685,14.561322250017703
3844,6.0,1.9574818305503356,6.081472246792094,0.08147224679209408,1.3578707798682346
2815,9.9,2.2079155792150593,8.096735193596825,1.8032648064031758,18.214796024274502
2579,3.999999,1.5797522780442022,3.8537532810412767,0.14624571895872318,3.6561438880040513
1945,5.6,2.3032014837288517,9.006165807426127,3.4061658074261274,60.82438941832371
2436,6.99,1.7008321657720993,4.478504519264661,2.5114954807353396,35.92983520365293
93,6.5,1.9122328352844131,5.768184179957994,0.731815820042006,11.258704923723169
6701,35.19,3.0723192700638453,20.591922146905432,14.598077853094566,41.483597195494646
1375,4.868,1.9062633882708475,5.727902213268787,0.8599022132687866,17.66438400305642
3903,5.6,2.3305433798954254,9.283527877455029,3.6835278774550293,65.77728352598267
3477,13.5,2.3544984734915047,9.53284503582152,3.96715496417848,29.38633306798874
6022,42.99,3.7614199669983672,42.009454645376586,0.9805453546234162,2.2808684685355107
2223,8.8,1.8633269787007847,5.445143997794206,3.3548560022057945,38.12336366142948
1087,13.9,2.80266249133345,15.488488839270833,1.5884888392708323,11.42797726094124
2531,2.5,1.6672387551265677,4.297519833698341,1.797519833698341,71.90079334793363
6729,78.99,4.094278367981621,58.996028477018655,19.99397152298134,25.312028766908902
6880,17.375,2.9861092153260884,18.808461904649384,1.4334619046493842,8.250140458413723
764,1.8,1.2436003656330044,2.468077360549437,0.668077360549437,37.11540891941317
4669,6.5,1.9871393329772817,6.294636360627081,0.20536363937291924,3.159440605737219
476,12.99,2.6635454324233883,13.347065584693375,0.357065584693375,2.748772784398576
5594,56.5,3.953474179019553,51.11611338780322,5.3838866121967826,9.529002853445633
2622,1.5,1.3960103330019473,3.03905330069478,1.5390533006947802,102.60355337965201
5111,5.7,1.9677853397397878,6.154813448194996,0.4548134481949955,7.979183301666587
6466,21.6,3.1136208508730814,21.502374812729542,0.09762518727045943,0.4519684595854603
4461,10.0,2.1849706229882506,7.890387376520675,2.1096126234793253,21.096126234793253
6338,13.5,2.7127024803826516,14.069946768999824,0.5699467689998237,4.221827918517213
7034,23.29,3.0028194296385977,19.142246588184907,4.147753411815092,17.8091602053031
2181,20.0,2.8754879553665966,16.73407544784582,3.2659245521541784,16.329622760770892
6334,34.0,3.5628380729991838,34.26313461332402,0.26313461332402,0.7739253333059412
2620,10.0,1.910922888079892,5.759324020449339,4.240675979550661,42.4067597955066
5170,8.9,2.6676902949197254,13.406655609685275,4.506655609685275,50.636579884104215
752,6.8,1.9789251691471466,6.234962443673341,0.5650375563266588,8.309375828333216
2283,11.5,2.470628856764224,10.829883815466115,0.6701161845338852,5.827097256816393
2799,8.0,1.8953838295384942,5.655102339323264,2.344897660676736,29.3112207584592
3049,14.9,2.9226849180892973,17.591136187776485,2.6911361877764843,18.06131669648647
351,3.5,1.9791769860238504,6.236784558729009,2.736784558729009,78.19384453511454
487,1.8,1.315934419943868,2.728233093480101,0.9282330934801009,51.56850519333893
927,5.0,1.8633269787007847,5.445143997794206,0.4451439977942062,8.902879955884124
3318,6.5,1.8314766499952593,5.243098727056045,1.2569012729439546,19.336942660676222
1061,18.0,2.7065882997573567,13.978087500685843,4.021912499314157,22.34395832952309
6018,39.39,3.618194177802083,36.27020365542426,3.1197963445757395,7.920275056044019
2191,3.5,1.8157393091292477,5.145618009828531,1.6456180098285307,47.017657423672304
4608,2.1,1.5404579835342154,3.6667270657971693,1.5667270657971692,74.60605075224616
6128,27.9,2.9187812052597035,17.518703201695736,10.381296798304263,37.20894909786474
561,12.99,2.592202685061792,12.359165252575039,0.6308347474249612,4.856310603733342
3535,9.9,2.2126803077218695,8.140182091231939,1.7598179087680617,17.77593847240466
5501,21.99,2.9803092282889856,18.693905616009882,3.2960943839901162,14.989060409232
2966,9.5,2.328517256986239,9.262713279622647,0.23728672037735343,2.4977549513405624
6026,37.49,3.7907314844050264,43.28878498561888,5.79878498561888,15.46755130866599
334,13.5,2.792552533958626,15.322630741789496,1.8226307417894958,13.500968457699969
2225,6.8,1.8499178262842733,5.359296934072122,1.4407030659278774,21.18680979305702
4847,13.0,2.3866454942000326,9.876945898897198,3.1230541011028023,24.023493085406173
5507,25.5,2.8436375276209267,16.17813797900662,9.321862020993379,36.55632165095442
3213,12.5,1.8897903452895266,5.6179810446860685,6.8820189553139315,55.05615164251145
1103,7.9,2.266182660700072,8.642521691790725,0.7425216917907242,9.39900875684461
2110,26.99,3.069579871507397,20.532854208796095,6.457145791203903,23.92421560283032
23,12.99,2.6584578142098145,13.274258556737939,0.28425855673793876,2.1882875807385584
4151,21.99,3.141971672637334,22.14946505841357,0.15946505841356995,0.7251707976969984
1005,3.2,1.164916796827672,2.2056561513453152,0.994343848654685,31.073245270458905
1643,9.7,2.5455949620999467,11.750812079678377,2.050812079678378,21.142392574003903
2550,59.7,3.9321482221669966,50.016454715492266,9.683545284507737,16.22034386014696
3038,8.69,2.0015079706748176,6.400206984333442,2.2897930156665574,26.349747015725633
4030,1.7,1.6612943173880244,4.266122469173118,2.566122469173118,150.94838053959518
3817,7.999,2.2186014787387354,8.194463217843778,0.19546321784377785,2.4435956725062864
1671,14.9,2.7439539395400137,14.548340917737535,0.351659082262465,2.360128068875604
1372,14.3,2.63962882228842,13.008003184086972,1.2919968159130288,9.03494276862258
3203,30.99,3.2703262923925704,25.31992593392536,5.670074066074637,18.29646358849512
445,6.9,2.096790396480436,7.140001762033325,0.2400017620333248,3.4782864062800694
5433,62.99,3.7323786958013496,40.77836809140666,22.21163190859334,35.262155752648574
7125,59.999,4.119643266670441,60.53728594747828,0.5382859474782791,0.8971581984337723
3399,22.5,3.1628733702662104,22.638420374274997,0.13842037427499676,0.6152016634444301
3939,2.0,1.1732466804108537,2.23247041870996,0.2324704187099602,11.62352093549801
5206,20.49,3.1173012834549545,21.585345877206755,1.095345877206757,5.345758307500035
6378,83.79,4.308266520533563,73.31155966170988,10.478440338290127,12.50559773038564
2592,16.99,2.6635454324233883,13.347065584693375,3.642934415306623,21.441638701039572
3887,11.0,2.702298855414958,13.91397742459618,2.9139774245961796,26.49070385996527
3518,1.2,1.4601251400691586,3.306498410135527,2.1064984101355266,175.54153417796056
4295,10.9,2.480130292537068,10.942820376848625,0.042820376848624164,0.3928474940240749
1128,10.8,2.181518781196138,7.859752070360232,2.940247929639769,27.224517867034898
2570,7.5,1.8957413617630183,5.657482178276284,1.8425178217237157,24.566904289649543
5277,9.6,2.277154241259313,8.74889788572792,0.8511021142720789,8.865647023667488
1783,10.6,2.260951393858602,8.592210797387715,2.007789202612285,18.941407571814008
2523,18.0,2.740619115192385,14.496576292818686,3.503423707181314,19.46346503989619
4248,5.15,1.3402283634180499,2.8199157347837573,2.330084265216243,45.244354664393065
1844,6.49,1.9454308321226164,5.99664558544919,0.49335441455081064,7.60176293606796
5291,7.9,1.86107141522902,5.4306229491523625,2.469377050847638,31.25793735250174
6129,24.49,3.3625152805281093,27.86169491625196,3.371694916251961,13.767639511032916
6060,5.69,2.4431209578739392,10.508903553690335,4.818903553690334,84.69074786801993
2515,6.699,2.161725851057577,7.6861156717540045,0.9871156717540046,14.735269021555524
5040,17.5,2.6676902949197254,13.406655609685275,4.093344390314725,23.390539373227
6799,56.99,3.399039801728353,28.935342379061268,28.054657620938734,49.22733395497234
3554,3.5,1.6206721727939153,4.056488008189867,0.5564880081898673,15.899657376853352
3878,4.2,2.1241553523654644,7.365828325965538,3.1658283259655375,75.37686490394137
5945,29.7,3.38036746138431,28.3815657206802,1.3184342793197992,4.4391726576424215
2264,14.5,2.530314941351481,11.55746037750103,2.9425396224989697,20.293376706889447
2462,4.9,1.724187567870689,4.607963089041619,0.29203691095838114,5.959936958334308
1775,6.6,2.303231564654287,9.00646680668082,2.40646680668082,36.46161828304273
6861,28.05,3.2388320465153746,24.503916956753866,3.546083043246135,12.642007284299947
378,7.8,2.2067074651498877,8.08575193571234,0.2857519357123399,3.663486355286409
6853,9.999,2.5445114449278465,11.737003837916273,1.7380038379162723,17.381776556818405
4913,1.6,0.9267397698144864,1.5262595494420985,0.07374045055790157,4.608778159868848
5246,8.2,2.546271546463273,11.759441998856175,3.559441998856176,43.40782925434362
199,1.5,1.209575162397032,2.352060268754967,0.852060268754967,56.80401791699779
2446,11.0,2.6879345522942257,13.701279815798786,2.7012798157987863,24.55708923453442
2957,3.8,1.938253833092812,5.946610432764526,2.1466104327645263,56.48974823064543
1328,11.49,2.534446777155274,11.609453080581005,0.11945308058100501,1.0396264628459966
1193,10.5,2.26164884398058,8.598903219522423,1.9010967804775767,18.10568362359597
5686,12.75,2.5073563474900595,11.272443062359095,1.4775569376409052,11.588681863850237
1075,9.3,2.592202685061792,12.359165252575039,3.0591652525750384,32.894250027688585
5427,3.4,1.5773580136790302,3.842146013501557,0.4421460135015569,13.004294514751674
6969,24.5,3.1614301886742444,22.60433044602295,1.8956695539770507,7.737426750926738
2063,10.5,2.6745192264971522,13.505374363270436,3.0053743632704357,28.62261298352796
965,14.5,2.80266249133345,15.488488839270833,0.9884888392708326,6.817164408764363
5060,9.49,2.26164884398058,8.598903219522423,0.8910967804775769,9.38985016309354
1467,9.4,2.224105523413991,8.245209480898238,1.1547905191017627,12.285005522359176
5975,18.46,3.0298428051523394,19.693979346768806,1.2339793467688054,6.684611845984861
3296,51.0,3.3136750958625094,26.48595359624581,24.51404640375419,48.06675765441998
5414,7.5,2.1173983771659235,7.309491180139201,0.19050881986079915,2.5401175981439885
7126,29.95,3.2371597775004295,24.461303187441093,5.488696812558906,18.326199708043095
5724,62.05,3.795000804174067,43.478272173787374,18.571727826212623,29.930262411301566
2755,6.0,1.9365748725845238,5.934957133633432,0.06504286636656786,1.084047772776131
4022,6.5,2.116363500009567,7.300896325612303,0.8008963256123032,12.321481932496972
3091,6.5,2.165981051986431,7.7231555894854385,1.2231555894854385,18.817778299775973
2022,5.89,1.866487665500033,5.465547306596034,0.42445269340396585,7.206327562036773
5090,8.6,2.5657936247783715,12.010980109540455,3.4109801095404553,39.662559413261114
2907,7.0,1.9814004325255328,6.252893063602628,0.7471069363973717,10.672956234248167
5744,42.345,3.4060221188777247,29.145091850036376,13.199908149963623,31.17229460376343
5769,15.1,2.7514711234681926,14.665661062286155,0.4343389377138447,2.8764168060519517
6155,18.49,2.97168636444148,18.524817807524684,0.03481780752468566,0.18830615210754822
6547,13.79,2.4268182535454135,10.322798432165724,3.467201567834275,25.142868512213745
2850,6.699999,1.9789251691471466,6.234962443673341,0.46503655632665897,6.940845160225531
2132,16.5,2.455762572074682,10.65531818102912,5.84468181897088,35.42231405436897
6114,86.19,4.5357553312651815,92.29395654006818,6.103956540068182,7.081977654099295
6570,20.79,3.012029112756889,19.32860714013752,1.4613928598624781,7.0293066852452055
6434,31.0,3.50562258144499,32.30217071321873,1.3021707132187288,4.200550687802351
4246,7.5,1.9186925975202231,5.812046558270256,1.6879534417297437,22.50604588972992
1701,4.5,2.2203644699639913,8.21068727304904,3.7106872730490394,82.45971717886754
6332,39.999,3.281839482746683,25.624703364995067,14.374296635004935,35.93664000351242
3927,19.5,3.1507684997327727,22.35400523314738,2.8540052331473795,14.635924272550666
5780,66.99,4.299752512972859,72.68155621361583,5.69155621361584,8.496128099142917
547,12.4,2.5021256445201243,11.208417154218742,1.1915828457812587,9.609539078881118
6811,37.99,3.6198189870108974,36.33080984895527,1.6591901510447329,4.367439197274896
6203,33.3,3.639034496414844,37.05507666931407,3.7550766693140716,11.276506514456672
1263,19.9,2.830894475696684,15.960624908358849,3.93937509164115,19.795854731865077
5231,2.299,1.4781926952333118,3.385013459379846,1.086013459379846,47.238514979549635
3011,13.29,2.5567343035539953,11.8936417666623,1.3963582333376987,10.506833960404053
5865,13.69,2.6691939635303945,13.42833474053982,0.26166525946018027,1.911360551206576
1789,11.9,2.2965580565551496,8.939910897112833,2.960089102887167,24.874698343589642
6610,21.49,3.3409767071308205,27.246701991984693,5.756701991984695,26.787817552278714
3018,6.4,1.8146775241580848,5.139096148007341,1.2609038519926594,19.701622687385303
5494,26.59,3.266022068153396,25.206882527355983,1.3831174726440167,5.201645252516046
4715,13.8,2.554730600185705,11.867832598818126,1.932167401181875,14.001213052042571
2199,5.9,2.2014070606449034,8.037721178890147,2.1377211788901462,36.232562354070275
1244,2.5,1.0967883622590986,1.9945332078018327,0.5054667921981673,20.21867168792669
7130,10.89,3.201434723488678,23.56775285576575,12.67775285576575,116.41646332199953
5008,38.0,1.5753490215972847,3.832427945531128,34.16757205446887,89.91466330123387
5482,12.726,2.4968158961929827,11.143765326021702,1.5822346739782986,12.433087175689915
4837,8.5,2.3302494667407316,9.280505857462655,0.7805058574626553,9.182421852501827
7202,35.29,3.604297815614125,35.75586539887344,0.46586539887344003,1.3201059758385945
6764,20.99,3.0763700770960294,20.67956424775219,0.31043575224780895,1.4789697582077608
3915,5.2,1.8791026339648007,5.547626607383873,0.34762660738387297,6.68512706507448
6083,32.299,3.456757314685615,30.713971169394142,1.5850288306058573,4.907361932585706
518,13.29,2.7796812503645727,15.113883834746904,1.8238838347469049,13.723730885981226
611,12.5,2.516351641729112,11.383335305174421,1.1166646948255785,8.933317558604628
5806,11.22,2.462945443683095,10.739338226436619,0.4806617735633818,4.283973026411602
5672,16.5,3.0645183065759407,20.424139634098545,3.9241396340985446,23.782664449082088
2288,7.5,1.9010417662680026,5.692863210864429,1.807136789135571,24.09515718847428
957,10.99,2.3055634579404445,9.029828046818992,1.9601719531810087,17.835959537588796
4401,6.15,2.2241831457931,8.2459271439065,2.095927143906499,34.08011616108128
491,25.8,2.618455965590748,12.714531520075601,13.0854684799244,50.718870077226356
1330,4.9,1.9574818305503356,6.081472246792094,1.1814722467920937,24.111678505961095
3458,21.5,2.8466010491131164,16.22912126782607,5.27087873217393,24.515715033367115
323,5.89,1.3147287834247339,2.7237409080263117,3.166259091973688,53.756521086140715
5362,7.2,2.228212428054068,8.28325674938804,1.0832567493880392,15.045232630389432
7010,22.79,3.1340409886952596,21.966600048358224,0.8233999516417754,3.6129879405080096
4247,10.5,2.5495850652590684,11.801790772725319,1.3017907727253188,12.398007359288751
2031,4.75,1.372317454287629,2.944481266567201,1.8055187334327991,38.0109207038484
5516,32.0,4.001546325103611,53.68264183221034,21.682641832210336,67.7582557256573
1153,6.3,1.8575675083363046,5.408130074558299,0.8918699254417009,14.156665483201603
6685,15.7,2.89272952090071,17.04248980484321,1.3424898048432112,8.550890476708352
7286,6.6,2.172560336418649,7.780736925539053,1.180736925539053,17.88995341725838
6854,21.69,3.1370395207973747,22.03556948774223,0.3455694877422282,1.5932203215409322
1606,6.4,2.0468111072393596,6.743169556791104,0.3431695567911035,5.362024324860992
324,23.9,2.9805044266716245,18.697750209751003,5.202249790248995,21.766735524054376
2083,7.99,1.9530106503448745,6.049880387335621,1.940119612664379,24.281847467639288
2687,10.8,2.36631964861883,9.658094480862879,1.1419055191371221,10.573199251269648
6858,35.35,3.3663952541366857,27.973895056861153,7.376104943138849,20.86592628893592
586,7.89,1.9149556125284195,5.786637548632219,2.103362451367781,26.65858620237999
4125,9.8,2.6300620761906277,12.874631159646592,3.074631159646591,31.37378734333256
3245,8.99,2.505594300484442,11.250837481424151,2.2608374814241508,25.148359081469973
4556,4.4,2.0965824181503634,7.138308994095695,2.7383089940956946,62.23429532035669
706,24.9,3.105259595858455,21.315011107901462,3.5849888920985364,14.397545751399745
1978,6.4,1.977586465235397,6.2252834512466455,0.17471654875335485,2.7299460742711696
4160,7.4,1.3209211994254129,2.7468714037198927,4.653128596280108,62.8801161659474
4995,4.39,1.5002767894133076,3.4829297261187424,0.9070702738812573,20.662193026907914
6812,9.8,2.5270008060966185,11.515912141617795,1.7159121416177943,17.509307567528513
6202,17.34,2.8053299822697535,15.532530447984094,1.807469552015906,10.423699838615375
5939,27.79,3.239711333725161,24.526352086749352,3.2636479132506473,11.743965143039393
6218,29.3,3.227798353878951,24.224061335665862,5.075938664334139,17.324022745167706
4453,9.5,2.3260616402195877,9.237542905866004,0.2624570941339961,2.7627062540420644
3801,8.9,2.3302494667407316,9.280505857462655,0.380505857462655,4.275346713063539
2572,56.99,3.4259898609345965,29.753071053819063,27.23692894618094,47.792470514442776
208,2.25,1.459199273054729,3.3025130105695872,1.0525130105695872,46.778356025314984
3682,29.8,3.210528700835187,23.79219041196196,6.0078095880380395,20.16043485918805
747,2.5,1.5038676279474417,3.499056139269995,0.999056139269995,39.9622455707998
5101,9.9,2.010920693960409,6.47019194273911,3.4298080572608907,34.64452583091809
6260,40.99,3.7940019139300096,43.43386544405736,2.4438654440573586,5.962101595651033
798,5.0,1.554612204053539,3.7332506337974465,1.2667493662025535,25.334987324051074
88,6.99,2.6587634244920197,13.278621583582709,6.288621583582708,89.96597401405877
734,1.7,1.912928678494493,5.772895413914171,4.07289541391417,239.5820831714218
1221,4.8,2.0493573069504456,6.762910334195185,1.9629103341951852,40.893965295733025
3574,14.5,2.303231564654287,9.00646680668082,5.49353319331918,37.886435815994346
1480,6.9,1.8648987621138224,5.4552823337715095,1.4447176662284908,20.937937191717257
3936,10.49,2.9103192283798407,17.36265951352399,6.87265951352399,65.51629660175395
6199,28.99,3.228153244839681,24.23301471566963,4.756985284330369,16.409055827286544
852,13.5,2.4763663979411885,10.89795335012125,2.6020466498787496,19.27441962873148
486,7.89,1.9344134505910082,5.9199839522717035,1.9700160477282962,24.96851771518753
2678,3.6,1.5907756485664568,3.907553989657556,0.30755398965755587,8.54316637937655
3195,4.0,1.671819342146518,4.321841244931287,0.32184124493128685,8.046031123282171
1430,8.4,2.2571776637751184,8.556080598621119,0.15608059862111823,1.8581023645371217
1536,14.9,2.92527431973915,17.63933848711744,2.739338487117438,18.38482206119086
1891,6.0,2.0782415395696416,6.990405740835382,0.9904057408353824,16.506762347256373
6513,39.99,2.9273718139803635,17.678475422654127,22.311524577345875,55.792759633273
1919,5.6,2.160670114166133,7.676950257980007,2.076950257980007,37.0883974639287
4302,14.8,2.807514420479639,15.568684212656802,0.768684212656801,5.1938122476810875
198,5.0,1.461289730596234,3.3115166389125106,1.6884833610874894,33.769667221749785
4629,6.6,1.918523748256287,5.810896446323503,0.7891035536764965,11.956114449643888
2882,3.85,1.7881925680452226,4.978636715914675,1.1286367159146748,29.31523937440714
1057,8.9,2.303231564654287,9.00646680668082,0.1064668066808192,1.1962562548406652
73,7.0,2.1814710089079554,7.859328829840765,0.8593288298407646,12.276126140582353
548,27.8,3.238507028127435,24.495629061710535,3.304370938289466,11.886226396724698
6352,13.69,2.826545702138013,15.88702713722839,2.1970271372283907,16.04840859918474
2963,4.0,1.815891135662639,5.146551148542326,1.1465511485423256,28.66377871355814
6569,27.3,3.5833732286449065,34.9947548289424,7.694754828942397,28.185915124331125
1512,34.99,2.8742230940150506,16.71165848137239,18.278341518627613,52.238758269870274
3912,10.9,2.2807386329661203,8.783904455609457,2.116095544390543,19.413720590738926
1582,1.9,1.2489979711950985,2.486847284954241,0.5868472849542412,30.886699208117964
6697,15.44,3.0028194296385977,19.142246588184907,3.7022465881849076,23.97828101156028
5822,10.08,2.392599778395761,9.94190352212099,0.13809647787901014,1.370004740863196
2865,6.9,1.9574818305503356,6.081472246792094,0.8185277532079063,11.862721060984148
3647,10.8,2.477822764035799,10.915293749895852,0.1152937498958515,1.067534721257884
5349,20.499,2.614521900520312,12.66068365062592,7.838316349374079,38.237554755715294
4428,3.0,1.5524536413030359,3.7230446343984163,0.7230446343984163,24.101487813280542
6213,25.55,3.0773748258182616,20.701357708871367,4.848642291128634,18.977073546491717
4359,28.8,3.415333042931816,29.427081264654156,0.627081264654155,2.1773655022713716
1452,3.6,2.053835223230044,6.797749942967193,3.1977499429671927,88.82638730464424
7037,24.89,3.215241042252721,23.90929538026357,0.9807046197364322,3.9401551616570196
2020,1.9,1.3064870359815468,2.693176899347084,0.7931768993470842,41.746152597214966
4903,29.49,3.3969356626344687,28.872420476305432,0.617579523694566,2.0941998090694
5220,6.9,1.918523748256287,5.810896446323503,1.0891035536764972,15.784109473572421
6818,12.35,2.7290065556591316,14.317662213818974,1.9676622138189739,15.932487561287239
4814,10.0,2.7713697792508096,14.980508793924322,4.980508793924322,49.80508793924322
5267,8.8,2.2694847018244313,8.674414321368387,0.12558567863161407,1.4271099844501598
2098,9.2,2.522778520001306,11.463177787920602,2.2631777879206023,24.599758564354374
1880,13.5,2.3986257053715914,10.008037693444619,3.491962306555381,25.866387455965782
937,9.5,2.26164884398058,8.598903219522423,0.9010967804775767,9.485229268185018
7120,29.999,3.282342968507068,25.638111899233603,4.360888100766395,14.536778228495601
2855,13.5,2.5867561012087545,12.286601231219702,1.2133987687802978,8.988139028002207
6139,14.99,3.0846526309712203,20.859872080525296,5.869872080525296,39.15858626100931
5985,12.49,2.458449226045353,10.686674090277798,1.8033259097222025,14.438157804020838
1295,7.0,2.5004284789768922,11.187715021729316,4.187715021729316,59.824500310418806
1175,45.9,3.5074533976673967,32.363196714252155,13.536803285747844,29.491946156313386
2197,5.5,1.5235762227077865,3.588605763532371,1.911394236467629,34.752622481229615
2614,41.9,3.5024599266780636,32.19701381939097,9.702986180609031,23.157484917921316
6148,27.36,2.8896071901412186,16.986243040145077,10.373756959854923,37.91577836204284
4335,4.0,1.8970576155896495,5.666250884324615,1.666250884324615,41.656272108115374
4914,11.5,2.460128353009364,10.706313984185606,0.7936860158143944,6.901617528820821
1321,7.2,1.8667228893089012,5.467068336144076,1.7329316638559238,24.068495331332272
1181,12.79,2.6584578142098145,13.274258556737939,0.4842585567379398,3.7862279651128996
6150,22.799,3.1611953244564903,22.598787284387775,0.2002127156122242,0.8781644616528103
3438,12.6,2.306132812084382,9.035540196944293,3.5644598030557066,28.28936351631513
6343,34.99,3.3044569329313624,26.233747820563575,8.756252179436427,25.0250133736394
4301,12.6,2.460128353009364,10.706313984185606,1.893686015814394,15.029254093765033
620,7.9,2.1399503738836354,7.4990158452711455,0.40098415472885485,5.075748794036137
6864,24.89,3.0349641484569045,19.800232165688037,5.089767834311964,20.449047144684464
5159,16.0,2.5495765458464428,11.801681709451957,4.198318290548043,26.23948931592527
2492,15.5,2.4860286122281146,11.013471104905118,4.486528895094882,28.94534771028956
478,14.0,2.795306792446461,15.367649454180121,1.3676494541801212,9.768924672715151
3968,5.3,2.089861617160859,7.083796428199133,1.7837964281991328,33.656536381115714
2276,3.7,1.9192667010458315,5.8159585010385895,2.1159585010385893,57.18806759563755
5227,6.9,2.1113930417174585,7.259739435674442,0.35973943567444167,5.213615009774516
1897,12.5,1.9736831510744848,6.197135870198352,6.302864129801648,50.422913038413185
7044,14.766,2.7337163466445205,14.389975357455274,0.376024642544726,2.546557243293553
2206,1.4,1.060219380453916,1.8870042721081521,0.4870042721081522,34.78601943629659
1033,4.5,1.7728321564749483,4.8875041043685075,0.38750410436850746,8.611202319300165
5948,10.59,2.2131268406092235,8.14426439450558,2.44573560549442,23.094764924404345
286,12.3,2.8840120245649348,16.88588804545433,4.585888045454329,37.28364264597015
550,3.2,1.2773168652486078,2.5870023914481814,0.6129976085518187,19.156175267244336
7008,10.099,2.4554280593118007,10.651419980377412,0.5524199803774117,5.470046344959022
5668,25.79,3.270663830953161,25.32881142335324,0.4611885766467587,1.7882457411661834
5015,2.5,1.148191860622585,2.1524876162655264,0.3475123837344736,13.900495349378945
2825,12.5,2.539252442490965,11.67019572967264,0.8298042703273598,6.6384341626188785
1055,10.799,2.5464049859450233,11.7611447257869,0.9621447257869011,8.909572421399215
2091,6.5,1.8989475133936238,5.678861329704749,0.8211386702952508,12.632902619926936
6540,25.79,3.1370395207973747,22.03556948774223,3.7544305122577697,14.557698767963434
2571,3.5,1.45397599675207,3.2800983861686053,0.21990161383139473,6.282903252325564
1677,10.3,2.1223294721616717,7.35056726231366,2.9494327376863403,28.635269297925632
1174,1.8,1.0967883622590986,1.9945332078018327,0.1945332078018327,10.807400433435149
6021,78.2,4.20937610224779,66.31452932281938,11.88547067718062,15.198811607647853
5916,12.54,3.104434529659083,21.29660733970528,8.75660733970528,69.82940462284913
5389,3.9,1.713156229999584,4.546439719872946,0.6464397198729457,16.57537743263963
2087,14.0,2.556996805506762,11.897026817076059,2.1029731829239413,15.021237020885295
1370,46.5,3.4259898609345965,29.753071053819063,16.746928946180937,36.014900959528894
6314,16.899,3.013110559492214,19.350603337677178,2.4516033376771773,14.507387050578005
2934,5.0,1.9013737706285734,5.695085639542731,0.6950856395427314,13.901712790854628
3107,16.99,2.8466463186658366,16.22990124009399,0.7600987599060076,4.473800823460905
1188,7.8,1.8993157925513955,5.681321468111172,2.118678531888828,27.162545280626006
2029,6.699999,2.157274203558017,7.647534086167237,0.9475350861672371,14.142316829707543
4209,4.888888,1.9871393329772817,6.294636360627081,1.405748360627081,28.75394896809011
5027,4.5,1.8250377493825618,5.2030291752065905,0.7030291752065905,15.622870560146454
7009,23.5,3.3740343052289345,28.196075665606312,4.696075665606312,19.98330070470771
7093,40.9,3.9942510955561943,53.285170991091384,12.385170991091385,30.28159166526011
3956,7.2,2.4897069504418554,11.057742086655773,3.8577420866557732,53.579751203552405
833,9.0,2.0849677626714485,7.044332149739139,1.9556678502608609,21.72964278067623
1393,5.4,2.1111753867293483,7.257941857818768,1.8579418578187674,34.406330700347546
549,24.9,3.1339969682636637,21.965589070963798,2.9344109290362006,11.784782847534943
1020,5.5,1.8957413617630183,5.657482178276284,0.1574821782762843,2.8633123322960783
248,3.6,1.6640014577842703,4.280397916142315,0.6803979161423146,18.899942115064295
2648,6.5,1.7519288317959747,4.765713048195406,1.7342869518045942,26.68133772007068
296,6.3,1.9639020568143426,6.127083160420847,0.17291683957915271,2.7447117393516307
1559,7.39,1.6878828501537477,4.408018989755303,2.981981010244697,40.351569827397796
1563,12.8,2.5126204144136666,11.33721635986755,1.46278364013245,11.427997188534766
6766,13.69,2.6893006312403904,13.721376648441458,0.0313766484414586,0.2291939257958992
3260,9.7,2.5327350591309132,11.587887714643937,1.887887714643938,19.462759944782867
100,1.4,1.052089162315275,1.8636274556852035,0.4636274556852036,33.1162468346574
4204,43.5,3.4674716018737,31.055590600687957,12.444409399312043,28.607837699567916
3197,7.0,1.7751923832602097,4.90141636083577,2.0985836391642296,29.97976627377471
2937,17.5,2.7549969564179735,14.720993054598882,2.779006945401118,15.88003968800639
7017,15.99,2.661430190681635,13.31675014624061,2.6732498537593905,16.718260498807947
1499,6.0,1.939293527735145,5.953836542236567,0.046163457763433335,0.7693909627238888
4872,7.0,2.2493439645636775,8.481513586670713,1.4815135866707134,21.16447980958162
1656,5.0,1.8548270342133069,5.390592801109904,0.3905928011099036,7.8118560221980715
6788,13.29,2.742323873600412,14.523016742435455,1.2330167424354563,9.277778347896588
346,4.0,1.6640014577842703,4.280397916142315,0.2803979161423147,7.009947903557867
1718,7.5,2.2067074651498877,8.08575193571234,0.5857519357123397,7.810025809497863
1665,1.7,1.2496098139425444,2.488981339963458,0.7889813399634582,46.410667056674015
681,6.0,2.0053218107055883,6.428484077846809,0.4284840778468091,7.141401297446818
6514,69.99,3.419252047978423,29.546559113913297,40.4434408860867,57.784599065704676
3898,3.9,1.8035117500976983,5.070929661494288,1.1709296614942883,30.023837474212524
6186,20.45,3.186719942120887,23.208890509471495,2.7588905094714953,13.490907136779928
6408,54.999,3.678141229437392,38.572768969642,16.426231030358004,29.86641762642594
7289,23.79,3.162633129416806,22.632742142184668,1.1572578578153312,4.864471869757592
5761,17.75,2.913283218135523,17.417166988102206,0.3328330118977938,1.8751155599875706
7063,49.59,3.6249178034095086,36.52163888205843,13.06836111794157,26.3528153215196
1793,3.8,1.9502821649998894,6.030671110047828,2.230671110047828,58.7018713170481
3542,5.9,2.238202968271093,8.376466331048517,2.476466331048517,41.97400561099181
6741,18.8,3.123422049141661,21.724009417890596,2.924009417890595,15.553241584524441
1706,6.2,2.0847426294952967,7.042521307540225,0.8425213075402249,13.589053347422983
1414,5.6,1.7261022206006023,4.618710676544888,0.9812893234551119,17.523023633127
4761,2.9,1.4701934512751305,3.3500765875334437,0.4500765875334438,15.519882328739442
3066,8.8,1.8957413617630183,5.657482178276284,3.1425178217237164,35.710429792314955
2991,8.0,1.9607114722141712,6.104379836342817,1.895620163657183,23.69525204571479
6041,9.75,2.3337724041041508,9.316787306775105,0.4332126932248954,4.443207109998927
84,37.9,3.471970665756992,31.200135665539257,6.699864334460742,17.67774230728428
5327,9.5,2.109340437511492,7.242802847770784,2.2571971522292156,23.759970023465428
3207,9.0,2.5529931826928136,11.845495211667938,2.845495211667938,31.61661346297709
5025,3.99,1.6530585111522433,4.222929812220684,0.23292981222068398,5.8378399052803
1561,1.2,1.2173043627805122,2.37806939967887,1.17806939967887,98.17244997323917
6072,8.39,3.385460811409106,28.531598078481338,20.141598078481337,240.0667232238538
2948,8.9,2.47801854679795,10.91762678739486,2.0176267873948603,22.669963903313036
3528,7.8,2.1111753867293483,7.257941857818768,0.542058142181232,6.949463361297847
1297,5.0,1.891277079580173,5.627827541788787,0.6278275417887871,12.556550835775743
4866,8.499,2.14779304774581,7.565932916084519,0.933067083915482,10.978551405053324
6289,13.28,2.7952283983619637,15.366366377579254,2.086366377579255,15.710590192614873
4506,14.2,2.66473974965779,13.364210768740682,0.8357892312593176,5.885839656755758
1912,18.5,2.764231973282504,14.866849145699383,3.6331508543006166,19.63865326648982
6456,79.99,3.8757422125477428,47.21847336906814,32.77152663093185,40.9695294798498
5998,9.494,2.5596590641958152,11.931407783990121,2.437407783990121,25.673138655889204
6127,18.99,2.955676816106307,18.21472315399413,0.7752768460058697,4.082553164854501
6875,44.199,3.4501344737401256,30.50462856914362,13.694371430856378,30.983441776638337
1817,12.2,2.3335492846317814,9.314485687412267,2.8855143125877323,23.651756660555183
3722,7.6,2.217889206585605,8.187916589498036,0.587916589498036,7.73574459865837
5451,9.79,2.554585671210679,11.865967812162847,2.0759678121628475,21.20498275957965
6187,36.99,3.4835166442982484,31.574072319144726,5.415927680855276,14.641599569762844
7164,8.99,2.574990601498871,12.131193744370828,3.1411937443708275,34.940976021922445
3089,1.2,1.028759594409254,1.7975935309553681,0.5975935309553682,49.799460912947346
4845,6.0,1.8881693650854714,5.607262118352584,0.39273788164741585,6.5456313607902645
3142,3.2,1.1632217468910806,2.2002270067247816,0.9997729932752186,31.24290603985058
1623,5.5,1.8286584108392785,5.225528951312736,0.27447104868726413,4.990382703404802
6834,18.38,2.9680983454599446,18.45488792052363,0.07488792052362925,0.4074424402808991
5459,16.79,3.155505902565765,22.46490504483147,5.674905044831473,33.799315335506094
5605,47.95,3.676109496202,38.49244928142945,9.457550718570552,19.72377626396361
6392,26.4,3.2487074216360243,24.757025417255807,1.6429745827441913,6.223388571000725
1199,2.0,1.3656379174798012,2.9182217570727373,0.9182217570727373,45.911087853636865
373,6.0,1.5598127525698966,3.7579302515101176,2.2420697484898824,37.367829141498035
2457,5.7,1.8667228893089012,5.467068336144076,0.2329316638559238,4.086520418524978
5260,4.99,1.6878828501537477,4.408018989755303,0.5819810102446974,11.662946097088124
3819,21.09,3.13040196488592,21.883175927206175,0.7931759272061747,3.760910038910264
7284,23.3,3.3175338564317727,26.59222020703596,3.2922202070359603,14.129700459381803
1317,8.0,2.376534950382649,9.767528129446976,1.7675281294469762,22.0941016180872
1446,13.0,2.758899374506128,14.782462804581467,1.782462804581467,13.71125234293436
3799,18.9,2.941958968783006,17.952938183732197,0.9470618162678015,5.010909080782019
3482,3.7,1.7084982960570696,4.520664845474506,0.8206648454745062,22.180130958770437
1488,6.399,2.0015079706748176,6.400206984333442,0.0012069843334421293,0.018862077409628523
4486,4.0,1.718022724346032,4.573497221602532,0.5734972216025316,14.33743054006329
6067,102.0,4.105021384149969,59.64404135501548,42.35595864498452,41.52544965194561
812,5.123,1.5748248975418835,3.8298958174314714,1.2931041825685288,25.241151328684925
3580,34.5,3.454532637739972,30.643496249909244,3.8565037500907557,11.178271739393494
4317,3.95,1.3197455230452888,2.7424688839875104,1.2075311160124897,30.570408000316196
3366,3.9,1.289854531803159,2.632258139277863,1.2677418607221371,32.50620155697788
3651,4.0,1.5753490215972847,3.832427945531128,0.1675720544688719,4.189301361721798
6684,40.5,3.5318267587975924,33.18636084414296,7.3136391558570395,18.058368286066763
1511,3.5,1.4185949796862454,3.1313117835882576,0.36868821641174243,10.533949040335498
7149,18.29,2.981815254867451,18.72358750654924,0.43358750654924094,2.3706260609581244
1801,3.4,1.4868140145074975,3.4229814925317656,0.022981492531765735,0.6759262509342864
4516,4.6,1.8667228893089012,5.467068336144076,0.8670683361440767,18.849311655306018
921,7.8,2.277154241259313,8.74889788572792,0.9488978857279209,12.16535750933232
322,15.0,2.7609472572357183,14.81481655462519,0.18518344537480935,1.234556302498729
3838,2.5,1.2964574004014897,2.6563208164109495,0.15632081641094953,6.252832656437982
5634,27.49,3.360890903416018,27.8148506962535,0.3248506962535025,1.1817049700018278
7262,9.08,2.7434766148170544,14.540921081193089,5.460921081193089,60.14230265631155
4402,6.85,2.1682387199769453,7.742871826620254,0.8928718266202544,13.034625206135104
6217,10.45,2.5140016003607397,11.354268122846733,0.9042681228467337,8.653283472217549
1569,5.9,2.1529293436668726,7.610043267315191,1.710043267315191,28.983784191782895
4661,17.5,2.8540119218809834,16.35727838494579,1.14272161505421,6.529837800309772
231,12.9,2.4607285674245096,10.713342391651869,2.1866576083481313,16.95083417324133
1545,1.8,1.2829288901274836,2.607189329928087,0.807189329928087,44.8438516626715
1420,1.0,1.1253804139743535,2.0813888293561336,1.0813888293561336,108.13888293561335
1079,5.9,2.2738828267989972,8.71705731046846,2.81705731046846,47.746734075736605
3103,7.9,2.0406428114684756,6.69555439991729,1.2044456000827104,15.246146836490004
1115,4.75,1.9262644449852353,5.8638221066415355,1.1138221066415355,23.448886455611273
6946,14.45,2.9688710690570606,18.469926981269303,4.019926981269304,27.819563884216635
1941,10.9,2.3335492846317814,9.314485687412267,1.5855143125877333,14.54600286777737
1867,10.95,2.1308537421281897,7.422054005308707,3.527945994691292,32.2186848830255
2586,6.65,2.336225349510359,9.34212488595075,2.692124885950749,40.483080991740586
2751,11.5,2.299218947765868,8.96639513887089,2.5336048611291098,22.031346618513997
1425,9.59,2.26164884398058,8.598903219522423,0.9910967804775765,10.3346900988277
5395,14.5,2.6179694953872095,12.707861431666773,1.7921385683332272,12.359576333332601
4053,32.5,3.097854091065457,21.150367572870863,11.349632427129137,34.92194592962811
7283,16.95,2.986186779295077,18.809998387161336,1.8599983871613368,10.97344181216128
4333,4.49,2.1702632870070673,7.7605902867219445,3.2705902867219443,72.84165449269364
1618,9.0,2.7097438105493734,14.025425666204296,5.0254256662042955,55.83806295782551
2402,16.8,2.770461538220579,14.966001229333697,1.8339987706663035,10.916659349204187
265,15.3,2.727881117583344,14.300432830651983,0.9995671693480173,6.533118753908609
0,9.99,2.26164884398058,8.598903219522423,1.391096780477577,13.924892697473243
4015,16.5,2.6349379615572,12.942447468601909,3.557552531398091,21.5609244327157
5187,3.5,1.466606705455766,3.334501916409476,0.1654980835905242,4.728516674014977
838,1.2,1.3983856202562888,3.048658615694583,1.848658615694583,154.05488464121527
14,21.9,2.8044980062111775,15.518781498655095,6.381218501344904,29.137984024405956
3263,2.6,1.1809625566357203,2.2575082304713248,0.3424917695286753,13.172760366487513
4912,21.0,2.7032362306750612,13.927963972361528,7.072036027638472,33.676362036373675
6477,29.155,3.364636268728205,27.92297519500525,1.2320248049947509,4.225775355838624
8,16.5,2.6869964391298793,13.687494818625469,2.812505181374531,17.04548594772443
1039,8.5,2.7583782892492628,14.774240938229688,6.274240938229688,73.81459927329045
2759,11.9,2.477822764035799,10.915293749895852,0.9847062501041481,8.274842437849985
3992,15.5,2.5906217898166233,12.338062496766032,3.1619375032339683,20.39959679505786
6472,12.99,2.579870334109414,12.19542705192425,0.79457294807575,6.116804835071208
4141,32.79,3.3197768831774184,26.65417975741901,6.135820242580991,18.71247405483681
6629,18.1,2.910363257162106,17.363468016860104,0.7365319831398978,4.069237475911037
339,4.1,1.5876217059657132,3.892100229011481,0.20789977098851864,5.0707261216711865
1956,3.3,1.6274474937528731,4.0908636589028395,0.7908636589028397,23.965565421298173
4220,6.5,1.8363770250618932,5.27376733486502,1.2262326651349804,18.865117925153545
2770,29.999999,2.593952577613897,12.382562821998574,17.617436178001427,58.72478921749773
1090,23.5,3.1845891862710847,23.15736219102958,0.3426378089704194,1.4580332296613592
4512,8.999,1.9256532228705703,5.859628068653786,3.139371931346215,34.885786546796474
1883,6.0,2.3334339788872445,9.313296436525611,3.3132964365256115,55.221607275426855
622,5.3,2.0932193521795934,7.11098529551156,1.8109852955115597,34.169533877576605
7220,12.5,2.657455384097649,13.259956779595475,0.7599567795954751,6.079654236763801
5192,3.8,2.0493573069504456,6.762910334195185,2.9629103341951852,77.97132458408382
5045,2.8,2.1096379976441533,7.2452559422331255,4.445255942233126,158.7591407940402
4331,16.5,3.080092745699945,20.76042048804022,4.260420488040221,25.820730230546797
4952,4.7,1.5292670469591478,3.614793155740511,1.0852068442594893,23.089507324669984
3032,8.4,1.972524069383572,6.188798634486229,2.211201365513771,26.323825779925848
4568,5.999,1.8633269787007847,5.445143997794206,0.5538560022057935,9.232472115449134
889,4.5,2.1010471609213557,7.174725685430921,2.6747256854309214,59.438348565131584
1507,3.1,1.3468829330198844,2.8454203970700553,0.25457960292994475,8.21224525580467
3688,10.0,2.0093203137338,6.4582463565545405,3.5417536434454595,35.4175364344546
196,1.9,0.7553007560309208,1.1282515115877398,0.7717484884122601,40.61834149538211
5533,12.99,2.635760380607947,12.953918719455173,0.03608128054482762,0.27776197494093624
3980,11.2,2.63962882228842,13.008003184086972,1.8080031840869726,16.142885572205113
2789,3.8,1.6256384925589238,4.08166260533329,0.28166260533329,7.412173824560265
6575,38.0,2.78537326168957,15.205865776808537,22.794134223191463,59.98456374524069
4236,21.5,2.5540527242525,11.859112760605022,9.640887239394978,44.84133599718594
432,4.2,2.1056142913616887,7.212146110887286,3.0121461108872856,71.71776454493536
2598,10.9,2.4702441659276113,10.825333842786621,0.07466615721337888,0.6850106166365034
6091,28.99,3.244011697728296,24.636361062179397,4.353638937820602,15.017726587859958
1694,23.5,3.2288937907125326,24.25170784128115,0.7517078412811493,3.1987567714091463
5357,29.9,3.270929443443027,25.3358056133416,4.5641943866584,15.264864169426087
1108,13.9,2.7439539395400137,14.548340917737535,0.648340917737535,4.664323149190899
6353,37.5,3.7801463138528653,42.82245309848177,5.322453098481773,14.193208262618063
6690,60.89,3.853452945748243,46.155608197436365,14.734391802563636,24.19837707762134
6262,110.99,4.4175224080264295,81.89066149990154,29.099338500098455,26.217982250741915
4825,1.65,1.4240322006720936,3.153835817300955,1.503835817300955,91.14156468490636
1277,4.6,1.852567572461655,5.376169801349551,0.7761698013495515,16.873256551077205
1195,5.9,1.866487665500033,5.465547306596034,0.43445269340396653,7.363604972948584
6062,18.19,3.1062820474725834,21.337838795142183,3.1478387951421816,17.30532597659253
604,9.0,2.420510385520614,10.251600503628197,1.2516005036281967,13.906672262535519
3742,6.2,1.5313274255390086,3.6243111787072815,2.5756888212927187,41.543368085366424
1593,17.9,2.869661399036798,16.63104729942021,1.2689527005797885,7.0891212322893224
1219,19.4,3.008835038371731,19.263779643822755,0.13622035617724393,0.7021667844187832
2229,7.0,2.136117610470691,7.4665034742072525,0.46650347420725247,6.664335345817893
4519,4.1,1.4924596850196459,3.448022809719915,0.6519771902800846,15.901882689758162
1652,3.3,1.4611309266459371,3.3108320074010136,0.010832007401013755,0.32824264851556834
4657,5.9,2.0525163051568174,6.7874721289241515,0.8874721289241512,15.041900490239849
4865,5.9,1.635801571360835,4.1335712719756454,1.766428728024355,29.939469966514487
6264,11.09,2.454553000464655,10.64122876185005,0.44877123814995024,4.046629739855277
4955,38.0,3.5777869120785777,34.79423733230824,3.205762667691758,8.436217546557257
1158,12.0,2.429938545781248,10.358184050225992,1.6418159497740081,13.681799581450068
4818,10.8,2.46954356815228,10.817051941683316,0.01705194168331481,0.15788834891958153
3256,8.8,2.170358286116571,7.761422574530586,1.0385774254694145,11.802016198516073
5728,38.699,3.6696394783312254,38.23775724829501,0.46124275170498663,1.1918725334116815
4650,17.5,2.8840120245649348,16.88588804545433,0.6141119545456704,3.509211168832402
7219,15.49,2.933897351800369,17.800761076336777,2.3107610763367763,14.917760337874606
5702,14.19,2.729166083683017,14.320106005123906,0.13010600512390624,0.9168851664827784
2807,4.59,1.3248677900982233,2.761687989722692,1.8283120102773078,39.832505670529585
2851,8.6,2.59615164566154,12.41202437039811,3.8120243703981096,44.32586477207104
4559,10.49,2.2746789778809267,8.724796636586989,1.7652033634130113,16.827486781820888
2995,6.5,2.116154689024077,7.2991631882254655,0.7991631882254655,12.294818280391777
904,5.95,1.6156660326369092,4.031237776352343,1.918762223647657,32.24810459912028
6841,21.169,2.9051140877970787,17.267327612495528,3.9016723875044725,18.431066122653277
2357,23.8,3.3261807876758303,26.83184274480676,3.0318427448067595,12.738835062213274
3383,12.8,2.4999480641249394,11.181861268649055,1.618138731350946,12.641708838679266
3470,9.0,2.7078690410863433,13.99728284588927,4.99728284588927,55.52536495432522
1616,7.8,2.26164884398058,8.598903219522423,0.7989032195224235,10.242348968236199
3575,5.8,2.005898335118702,6.432768015048645,0.6327680150486454,10.90979336290768
6977,26.95,3.278357781458171,25.53216528943212,1.417834710567881,5.260982228452249
5006,10.9,2.3302494667407316,9.280505857462655,1.619494142537345,14.85774442694812
3820,3.65,1.6187058032566275,4.046554853531902,0.3965548535319017,10.864516535120593
1860,7.5,1.8144783012858658,5.137873221461421,2.3621267785385793,31.495023713847726
2088,4.99,1.593068369243099,3.9188185484704237,1.0711814515295766,21.466562154901332
7077,27.52,3.009345387682857,19.274123889169516,8.245876110830483,29.963212612029373
6930,27.699,3.259397470214349,25.033846248077893,2.6651537519221087,9.621841048132094
5213,4.1,2.1747961860510014,7.8003912968875575,3.700391296887558,90.2534462655502
2251,3.2,1.164499167212796,2.204317653918941,0.9956823460810593,31.115073315033104
3784,14.0,2.8403853663265446,16.122362647907455,2.1223626479074547,15.159733199338962
3127,6.5,1.8957413617630183,5.657482178276284,0.8425178217237157,12.96181264190332
254,11.7,2.277154241259313,8.74889788572792,2.9511021142720786,25.22309499377845
6705,16.78,2.866193667062639,16.570013438659174,0.20998656134082694,1.2514097815305538
4989,2.999999,1.6640014577842703,4.280397916142315,1.2803989161423148,42.67997809806986
221,14.85,2.7067390008476253,13.980344884893192,0.8696551151068075,5.856263401392643
267,2.9,1.2917601657044069,2.63918649288225,0.26081350711774975,8.993569210956888
107,8.1,1.9010417662680026,5.692863210864429,2.4071367891355706,29.71773813747618
4800,5.5,1.66495470687092,4.285433850501599,1.2145661494984008,22.083020899970922
1226,5.4,2.1559209783433917,7.635839939189328,2.2358399391893276,41.40444331832088
4938,4.9,1.9166933864250804,5.798441443490004,0.8984414434900039,18.3355396630613
3418,9.5,2.241152077472263,8.404159369005304,1.0958406309946955,11.535164536786269
4154,8.5,1.9775545624445954,6.225052948217082,2.2749470517829176,26.76408296215197
1758,6.99,2.278195103683656,8.759050430000254,1.769050430000254,25.308303719603064
2284,9.99,2.2617577773334876,8.599948917189002,1.3900510828109987,13.91442525336335
2526,3.3,1.4939115526815425,3.454485440503823,0.15448544050382296,4.6813769849643325
4004,15.0,2.1246337557347625,7.369831523918993,7.630168476081007,50.86778984054005
1210,15.5,2.9924936832042546,18.935332964545253,3.4353329645452533,22.163438480937117
6664,11.5,2.699843265337822,13.877399737904005,2.377399737904005,20.67304119916526
2464,13.6,2.4749035268404103,10.880560902563044,2.7194390974369558,19.995875716448204
4240,13.5,2.6072614954309796,12.56186073483349,0.9381392651665106,6.949179741974152
4198,14.5,2.651445471508529,13.174512698733855,1.3254873012661452,9.141291732869968
376,4.5,1.7163109335959836,4.563964721763396,0.06396472176339607,1.4214382614088017
755,1.8,1.2890640324602205,2.6293879761858614,0.8293879761858614,46.07710978810341
291,12.49,2.6635454324233883,13.347065584693375,0.857065584693375,6.862014288978183
5091,1.7,1.5676621311819243,3.7954240062947227,2.0954240062947225,123.26023566439544
1465,1.35,1.2994963722097743,2.667449173110687,1.317449173110687,97.58882763782866
188,4.7,1.9462303253674234,6.002241593018113,1.3022415930181133,27.707267936555603
1870,33.0,2.6324730896515094,12.908123441083779,20.09187655891622,60.884474420958234
1201,8.7,2.470628856764224,10.829883815466115,2.1298838154661155,24.481423166277192
1649,4.0,1.4838010283354857,3.4096751664103344,0.5903248335896656,14.75812083974164
6030,128.96,4.782469275412826,118.3988148957277,10.561185104272312,8.189504578374931
3706,30.49,3.091787567952931,21.016398629752008,9.47360137024799,31.071175369786786
4176,6.5,2.0011665975345303,6.397681183581221,0.10231881641877916,1.574135637211987
501,10.0,2.407176756432325,10.102571591906514,0.10257159190651421,1.0257159190651421
6193,26.99,3.0721189422256296,20.587597117045227,6.402402882954771,23.72138896982131
2605,5.5,1.9262644449852353,5.8638221066415355,0.36382210664153547,6.614947393482463
6874,64.89,4.332981188383078,75.17102860650185,10.281028606501849,15.843779637080981
3312,23.5,2.8622008593269848,16.49999962195654,7.00000037804346,29.787235651248768
2812,6.5,1.9980380724628954,6.374573517829763,0.1254264821702371,1.929638187234417
4763,5.5,2.0845388856887515,7.040882860552186,1.5408828605521858,28.016052010039743
6753,76.79,3.866431223976149,46.771595380993276,30.01840461900673,39.09155439381004
672,7.9,1.8957413617630183,5.657482178276284,2.242517821723716,28.38630154080653
4766,13.8,2.7574046523796376,14.758890029979687,0.9588900299796865,6.94847847811367
3753,7.35,2.049122305532159,6.761086253595774,0.5889137464042253,8.01243192386701
1374,12.8,2.6351691458346718,12.94567111586005,0.14567111586004877,1.138055592656631
7043,23.99,3.608530088374784,35.911755899661394,11.921755899661395,49.694689035687354
6988,15.58,2.894962162629807,17.082817222063937,1.5028172220639373,9.645810154454026
5718,79.99,4.314665482774117,73.78860118359215,6.2013988164078455,7.752717610211084
1192,4.9,1.9002967155551147,5.687878545502737,0.7878785455027364,16.079153989851765
3053,52.9,3.56804942450864,34.44738287736662,18.452617122633377,34.88207395582869
3950,2.8,1.367465474169502,2.925389076803285,0.12538907680328526,4.478181314403045
216,13.0,2.5002133184956974,11.185092989189581,1.814907010810419,13.960823160080146
4697,6.49,2.1020639218994743,7.18304165447468,0.6930416544746798,10.678607927190752
421,1.2,1.0193692818679223,1.7714462112228073,0.5714462112228074,47.620517601900616
505,3.9,1.8157393091292477,5.145618009828531,1.2456180098285308,31.938923328936685
4836,2.9,1.3910510115435153,3.019071924974843,0.11907192497484287,4.105928447408375
6453,19.9,2.955691787049915,18.21501081868421,1.684989181315789,8.467282318169794
6845,49.5,3.6311453402089384,36.75603536780762,12.74396463219238,25.74538309533814
6252,20.59,3.1001606166724978,21.20151692885627,0.6115169288562718,2.969970514114968
506,16.3,2.758899374506128,14.782462804581467,1.5175371954185337,9.310044143671986
1807,8.9,1.9225512839524606,5.838382889043733,3.0616171109562673,34.400192257935586
4436,20.89,3.125955993184998,21.781663801837897,0.8916638018378968,4.268376265380071
1438,5.99,1.3346646436950036,2.7987218074768823,3.191278192523118,53.27676448285672
5520,76.49,4.300786256780778,72.75776344870182,3.732236551298172,4.879378417176326
7069,41.599,3.1664554377097156,22.72324662628951,18.875753373710488,45.375497905503714
4704,3.8,1.3472806442220333,2.8469500680024122,0.9530499319975876,25.08026136835757
1426,27.9,3.4676839211368344,31.062397342639287,3.162397342639288,11.33475750049924
2859,7.5,1.9639020568143426,6.127083160420847,1.372916839579153,18.305557861055373
3016,5.0,1.725203560578772,4.613663634012984,0.3863363659870158,7.726727319740316
2688,20.49,3.069579871507397,20.532854208796095,0.042854208796097026,0.20914694385601282
4664,12.0,1.7770601699258655,4.912449247955276,7.087550752044724,59.062922933706034
2280,2.95,1.6637677308161376,4.279163888965173,1.329163888965173,45.05640301576857
347,6.5,2.0371818400208257,6.668966342658873,0.168966342658873,2.599482194751892
4320,12.99,2.812074350179513,15.644408765994402,2.6544087659944022,20.43424762120402
333,11.5,2.047555550685261,6.7489360547676585,4.7510639452323415,41.31359952375949
4386,6.5,1.9765716195358756,6.217954622852318,0.2820453771476821,4.339159648425879
3381,7.75,1.9120387908271936,5.766870978746262,1.9831290212537382,25.588761564564365
5781,18.355,3.1198299962087748,21.64253000001477,3.287530000014769,17.910814492044505
6380,15.89,2.5546501241858386,11.866797088791035,4.023202911208966,25.319086917614637
5832,83.49,4.456924929817285,85.22196243249603,1.731962432496033,2.074454943701082
6831,8.29,2.5774465772475907,12.1634832726776,3.8734832726776016,46.72476806607481
3023,9.79,2.408224466061979,10.114209958827209,0.3242099588272094,3.3116441146803823
6726,5.65,1.8246347578906754,5.200529910850019,0.44947008914998143,7.95522281681383
746,14.5,2.699601163537421,13.8737983286136,0.6262016713864007,4.318632216457936
3410,34.0,3.0395895253921132,19.89666392448809,14.103336075511908,41.48040022209385
5257,5.7,1.8912396237978082,5.627579295971979,0.07242070402802092,1.2705386671582617
3704,5.0,1.5460071031422986,3.6926952761802996,1.3073047238197004,26.146094476394012
3589,2.5,1.310265340914612,2.7071572422123125,0.20715724221231246,8.286289688492499
5019,7.8,2.0543653407611595,6.80188476278862,0.9981152372113797,12.79634919501769
4038,24.2,3.069579871507397,20.532854208796095,3.667145791203904,15.15349500497481
3608,9.3,2.014907953118659,6.500036994414197,2.799963005585804,30.107129092320466
6968,28.59,3.3415281837324278,27.262283683280028,1.3277163167199717,4.643988515984511
259,4.8,1.8810261193382378,5.56023299160498,0.7602329916049806,15.838187325103764
1795,11.49,2.26164884398058,8.598903219522423,2.891096780477577,25.161851875348795
4210,20.0,2.8211823752805962,15.796698937397625,4.203301062602375,21.016505313011873
3653,8.3,1.5874680011257845,3.891348347314273,4.408651652685728,53.1162849721172
3265,4.59,1.8957413617630183,5.657482178276284,1.0674821782762844,23.256692337173952
3246,5.0,1.9351736085078688,5.925246232686233,0.9252462326862334,18.504924653724668
1730,25.0,2.4330342172449124,10.393399736443584,14.606600263556416,58.426401054225664
599,11.5,2.8736603296840633,16.701693795884214,5.201693795884214,45.23211996421056
45,13.0,2.6313710519341726,12.892804606991184,0.10719539300881564,0.8245799462216588
4651,23.5,2.592202685061792,12.359165252575039,11.140834747424961,47.4078074358509
5070,6.0,1.9558565386340496,6.0699721352446785,0.06997213524467849,1.1662022540779748
4575,6.0,1.5482166899890788,3.7030756578926214,2.2969243421073786,38.28207236845631
3921,14.2,2.1945307266689333,7.975787970432313,6.224212029567687,43.83247908146258
3881,2.686686,1.4403898791056813,3.2223416989336764,0.5356556989336765,19.937413562049176
6979,5.85,2.547340811821537,11.773092524893052,5.923092524893052,101.24944486996672
6997,28.9,3.1740727510494913,22.90464403261227,5.995355967387727,20.745176357743002
1421,1.9,1.2511499887435888,2.4943591214032437,0.5943591214032438,31.282059021223358
4251,17.2,2.89869722500586,17.150483963406497,0.04951603659350212,0.28788393368315185
3529,2.3,1.088301360988525,1.9692261431113018,0.330773856888698,14.381472038639043
6651,12.09,2.806522655911595,15.552260124476163,3.4622601244761633,28.63738729922385
6497,96.79,4.616221042527533,100.1112142801748,3.3212142801748,3.431360967222647
7180,15.99,3.0985241572048685,21.165214757899427,5.175214757899427,32.36532056222281
3044,13.2,2.7439539395400137,14.548340917737535,1.348340917737536,10.214703922254062
1298,4.1,1.8957413617630183,5.657482178276284,1.5574821782762847,37.98737020186061
426,6.5,1.8153459762425912,5.143201211490728,1.3567987885092716,20.873827515527253
4603,8.2,1.9333704934147526,5.912770467680747,2.2872295323192526,27.89304307706406
805,19.9,2.818956846436826,15.75935896543664,4.140641034563359,20.80724137971537
410,7.7,2.3077672131641913,9.051955705787154,1.3519557057871543,17.55786630892408
6097,12.38,2.7266194803759136,14.28114140725071,1.9011414072507087,15.356554178115578
3858,15.0,2.0598515910907693,6.8448054848973126,8.155194515102687,54.367963434017916
438,8.8,2.4842714843240086,10.992380434530684,2.1923804345306834,24.913414028757764
2389,2.0,1.2625010680898625,2.5342498421068815,0.5342498421068815,26.712492105344076
4161,9.2,2.4693480186442236,10.814741348914444,1.6147413489144444,17.55153640124396
434,5.8,1.9574818305503356,6.081472246792094,0.28147224679209426,4.852969772277487
751,10.5,2.157274203558017,7.647534086167237,2.852465913832763,27.166342036502506
3411,8.5,1.9077144706545897,5.737672040347673,2.7623279596523274,32.497975995909734
2874,6.99,1.918523748256287,5.810896446323503,1.179103553676497,16.868434244298957
4383,14.6,2.796033072499126,15.379541269359056,0.779541269359056,5.339323762733261
2142,9.0,2.152827397956169,7.609165555075377,1.3908344449246233,15.453716054718036
6044,24.0,3.4770747443228425,31.364907835141793,7.364907835141793,30.68711597975747
4937,7.5,2.010920693960409,6.47019194273911,1.0298080572608903,13.73077409681187
4856,5.9,2.183540534341256,7.877682421237582,1.9776824212375814,33.52004103792511
1049,6.0,1.97840155286878,6.231175091210696,0.23117509121069624,3.852918186844937
626,6.5,2.0518372362535513,6.782185693896313,0.282185693896313,4.341318367635584
1926,10.2,2.45481461199706,10.644274639946559,0.4442746399465598,4.355633724966273
1223,7.6,1.918523748256287,5.810896446323503,1.7891035536764965,23.540836232585484
210,7.89,2.455762572074682,10.65531818102912,2.7653181810291203,35.04839266196604
2431,3.89,1.2907645982234772,2.6355652400527787,1.2544347599472214,32.24768020429875
6216,14.59,2.793804154408409,15.343073270695093,0.7530732706950936,5.1615714235441645
4927,16.0,2.800096190489824,15.446228665805336,0.5537713341946642,3.461070838716651
51,18.8,2.736474888701245,14.43248786103687,4.36751213896313,23.231447547676222
1109,12.5,2.5952197728260953,12.399531890824218,0.10046810917578242,0.8037448734062593
1436,7.2,2.0531608933284007,6.792493459516282,0.4075065404837179,5.65981306227386
7277,10.49,2.661614389324044,13.319387515073673,2.829387515073673,26.972235606040734
3882,2.8,1.683820783432084,4.3860958126360625,1.5860958126360627,56.64627902271653
1786,10.8,1.8912396237978082,5.627579295971979,5.1724207040280215,47.89278429655575
5456,22.0,3.170889460957363,22.828669604585585,0.8286696045855848,3.7666800208435673
4338,6.0,1.8163718014619816,5.14950629562551,0.8504937043744896,14.174895072908159
6336,19.592,3.1480382505475535,22.29032994364596,2.6983299436459625,13.772610982268082
1558,2.8,1.5094481172146836,3.5242332587519405,0.7242332587519407,25.865473526855027
2249,26.49,2.837512761096732,16.07324743749779,10.416752562502207,39.323339231793916
5044,36.0,3.0262397586107306,19.619552138915708,16.380447861084292,45.50124405856748
3786,8.5,2.5839159991492795,12.248919463062157,3.7489194630621565,44.10493485955478
4233,12.8,2.7707136900787397,14.970027593817383,2.170027593817382,16.9533405766983
4561,13.0,2.3353067281191464,9.332628751143993,3.667371248856007,28.21054806812313
3733,3.5,1.6523596947577175,4.219281218237573,0.7192812182375734,20.550891949644953
5661,63.05,4.415973048477097,81.76233350073278,18.712333500732782,29.67856225334303
5664,70.99,4.300786256780778,72.75776344870182,1.767763448701828,2.490158400763246
6291,8.89,2.313596874152255,9.110726339812157,0.22072633981215617,2.4828609652660987
6970,20.49,3.301781460335312,26.160982059387596,5.6709820593875975,27.67682801067642
4693,29.5,2.769819325848927,14.95575095759637,14.54424904240363,49.30253912679197
3164,1.0,1.0257430588862657,1.7891672062338855,0.7891672062338855,78.91672062338854
2112,5.4,1.748475301929144,4.745835329883398,0.654164670116602,12.11416055771485
705,7.2,2.082908700157269,7.0277854081917805,0.17221459180821963,2.3918693306697167
2943,26.5,2.8622008593269848,16.49999962195654,10.00000037804346,37.735850483182865
6952,20.99,2.76847462277107,14.934309629515004,6.055690370484994,28.850359078060954
57,3.8,1.8508932717141136,5.36550310760317,1.5655031076031705,41.19745020008344
4881,9.8,2.420165847052436,10.247724562169937,0.4477245621699364,4.568617981325882
5640,17.2,3.254811906259593,24.914739675231008,7.714739675231009,44.85313764669191
527,4.5,2.1241553523654644,7.365828325965538,2.8658283259655377,63.68507391034528
1935,3.8,1.62757719095721,4.091523972506548,0.29152397250654793,7.671683487014419
5058,1.95,1.4651078526374142,3.328010002423074,1.3780100024230741,70.6671796114397
565,4.0,1.9031196582549668,5.706784716383516,1.706784716383516,42.6696179095879
1871,4.9,1.8887325070172833,5.610983992579263,0.7109839925792629,14.509877399576792
6095,18.85,3.1250446715282596,21.760911835533125,2.910911835533124,15.44250310627652
640,5.5,1.5185602813332943,3.565647213538014,1.9343527864619858,35.170050662945194
5282,5.0,1.7170288425019384,4.56796057574753,0.4320394242524701,8.640788485049402
1747,41.0,3.2824484391734132,25.640921586812993,15.359078413187007,37.46116686143172
730,6.5,2.1879810247220393,7.917191339198251,1.4171913391982507,21.80294367997309
