sample_id,y_true_price,raw_prediction,y_pred_price,absolute_error,absolute_percentage_error
3909,5.5,4.370615640990561,4.370615640990561,1.129384359009439,20.53426107289889
6004,37.499,28.092748399470214,28.092748399470214,9.406251600529789,25.084006508252987
1768,27.49,17.742681017585983,17.742681017585983,9.747318982414015,35.457690005143746
3360,7.8,7.66727173225907,7.66727173225907,0.13272826774093005,1.7016444582170518
4700,12.99,11.569017877880151,11.569017877880151,1.4209821221198489,10.939046359660114
865,3.5,2.975588470870198,2.975588470870198,0.5244115291298019,14.983186546565769
7074,52.5,45.84324867076097,45.84324867076097,6.656751329239029,12.679526341407673
2233,26.0,30.662876637385047,30.662876637385047,4.662876637385047,17.934140913019412
1720,22.0,12.451494522349584,12.451494522349584,9.548505477650416,43.40229762568371
1662,4.7,11.963279805826431,11.963279805826431,7.263279805826431,154.537868209073
1566,11.49,18.666899819116754,18.666899819116754,7.176899819116754,62.462139417900374
5141,3.2,4.745807221587423,4.745807221587423,1.545807221587423,48.30647567460697
7264,63.86,52.84493923902748,52.84493923902748,11.015060760972517,17.248764110511303
5464,127.0,103.8080142529995,103.8080142529995,23.1919857470005,18.261406100000393
6348,31.79,28.574739387232036,28.574739387232036,3.2152606127679633,10.114062953029139
6283,17.99,32.151888384492565,32.151888384492565,14.161888384492567,78.72089152024773
6419,30.9,32.39563108310466,32.39563108310466,1.4956310831046622,4.84023004240991
763,7.9,13.347719517785988,13.347719517785988,5.447719517785988,68.95847490868339
3297,4.8,5.476370542123739,5.476370542123739,0.6763705421237391,14.091052960911233
2654,3.59,3.762644020964201,3.762644020964201,0.17264402096420106,4.8090256535989155
2189,3.1399,5.065971669406366,5.065971669406366,1.9260716694063662,61.34181564401307
3945,1.9,2.0808502868962027,2.0808502868962027,0.18085028689620275,9.518436152431724
6006,20.04,23.5135342024764,23.5135342024764,3.473534202476401,17.33300500237725
1197,19.8,12.029088131614143,12.029088131614143,7.770911868385857,39.247029638312405
429,7.5,6.946187424245733,6.946187424245733,0.5538125757542671,7.384167676723561
4271,5.7,5.75077825490164,5.75077825490164,0.05077825490163956,0.8908465772217466
3905,5.1,6.202374394227816,6.202374394227816,1.102374394227816,21.61518420054541
2316,2.7,5.669655749865692,5.669655749865692,2.9696557498656917,109.9872499950256
4584,13.5,9.011363446446715,9.011363446446715,4.488636553553285,33.24915965595026
7086,51.49,57.55486624686783,57.55486624686783,6.06486624686783,11.778726445655135
1992,16.5,15.369768908748627,15.369768908748627,1.1302310912513729,6.849885401523472
7240,13.1,12.988074802365453,12.988074802365453,0.11192519763454634,0.8543908216377584
554,7.2,11.303045698098893,11.303045698098893,4.103045698098893,56.98674580692907
1905,11.999,8.802574226888972,8.802574226888972,3.196425773111029,26.63910136770588
2034,14.5,12.583758885900135,12.583758885900135,1.916241114099865,13.215455959309413
1215,6.2,5.870146727425711,5.870146727425711,0.3298532725742893,5.3202140737788595
1615,7.0,7.768338197708957,7.768338197708957,0.7683381977089567,10.97625996727081
1002,3.2,2.877694829091366,2.877694829091366,0.322305170908634,10.072036590894811
2388,9.95,8.34443580853464,8.34443580853464,1.6055641914653584,16.13632353231516
6001,38.9,43.56064485607402,43.56064485607402,4.660644856074022,11.981092174997485
1533,4.95,4.5001377911652725,4.5001377911652725,0.4498622088347277,9.088125431004599
5326,26.5,26.02759253616742,26.02759253616742,0.4724074638325817,1.782669674839931
2764,22.5,19.99233182342499,19.99233182342499,2.5076681765750095,11.145191895888932
6702,12.99,19.40886747081047,19.40886747081047,6.41886747081047,49.413914324945885
496,10.89,12.57739068935393,12.57739068935393,1.6873906893539292,15.494863997740396
2691,29.5,25.93558173608372,25.93558173608372,3.5644182639162807,12.082773775987391
7213,26.25,28.796140436785393,28.796140436785393,2.546140436785393,9.699582616325307
5400,13.99,13.644068458134418,13.644068458134418,0.34593154186558195,2.4727058031850033
5931,44.99,35.721339074630485,35.721339074630485,9.268660925369517,20.601602412468363
828,4.8,3.6210567769607636,3.6210567769607636,1.1789432230392363,24.561317146650758
3552,1.55,4.055475326504062,4.055475326504062,2.5054753265040626,161.64356945187498
61,6.9,9.79356293418586,9.79356293418586,2.8935629341858604,41.9356946983458
1429,10.0,12.922685153524881,12.922685153524881,2.9226851535248812,29.22685153524881
2970,3.2,4.130849273216805,4.130849273216805,0.930849273216805,29.089039788025158
3955,29.9,28.341686417443576,28.341686417443576,1.5583135825564227,5.211751112228838
4121,14.5,14.008326208556015,14.008326208556015,0.4916737914439846,3.3908537340964453
3550,16.4,15.082829542980491,15.082829542980491,1.3171704570195075,8.031527176948218
5189,4.6,3.124239456039188,3.124239456039188,1.4757605439608117,32.081750955669825
465,5.95,6.28133747507089,6.28133747507089,0.33133747507088973,5.568697060014953
5636,7.5,12.962519388836176,12.962519388836176,5.462519388836176,72.83359185114901
6951,12.9,21.251936055778724,21.251936055778724,8.351936055778724,64.74369035487383
4230,8.2,7.221220792056364,7.221220792056364,0.978779207943635,11.936331804190672
6145,42.45,64.58340197985959,64.58340197985959,22.133401979859585,52.13993399260208
1902,8.9,7.596393606564843,7.596393606564843,1.3036063934351576,14.64726284758604
185,4.7,4.5001377911652725,4.5001377911652725,0.19986220883472772,4.252387422015484
2662,4.8,6.561387589909208,6.561387589909208,1.7613875899092077,36.695574789775165
932,2.0,4.54134972058049,4.54134972058049,2.54134972058049,127.0674860290245
6485,20.95,24.70682973136912,24.70682973136912,3.7568297313691197,17.932361486248784
5510,12.99,21.798244946957247,21.798244946957247,8.808244946957247,67.80789027680714
1487,18.99,9.79356293418586,9.79356293418586,9.196437065814138,48.42778865620926
1084,17.0,14.825523931072809,14.825523931072809,2.1744760689271914,12.791035699571715
7123,11.999,16.10137985418767,16.10137985418767,4.102379854187669,34.189347897222014
5735,99.69,79.97309952185219,79.97309952185219,19.716900478147807,19.778212938256402
2939,12.5,11.169467737338067,11.169467737338067,1.330532262661933,10.644258101295463
1940,7.5,7.233720054596184,7.233720054596184,0.2662799454038156,3.550399272050875
5481,17.86,17.131154086864854,17.131154086864854,0.7288459131351459,4.080884172089283
3268,2.2,2.9328685430496026,2.9328685430496026,0.7328685430496025,33.312206502254654
1703,22.5,29.2755822058331,29.2755822058331,6.7755822058331,30.113698692591555
6381,19.8,23.209781472097895,23.209781472097895,3.409781472097894,17.221118545948958
3244,1.5,2.309282763635304,2.309282763635304,0.8092827636353039,53.952184242353596
4438,1.5,2.278440240094744,2.278440240094744,0.7784402400947439,51.89601600631626
5549,17.5,14.08702375468794,14.08702375468794,3.412976245312059,19.502721401783198
4063,8.0,8.735324416399918,8.735324416399918,0.7353244163999175,9.19155520499897
5269,5.299999,6.175297151404763,6.175297151404763,0.8752981514047633,16.515062576516776
7091,24.299,32.19505168588941,32.19505168588941,7.896051685889411,32.49537711794482
2718,22.0,18.005085763379412,18.005085763379412,3.9949142366205876,18.158701075548127
1740,7.8,8.431989882676541,8.431989882676541,0.6319898826765415,8.102434393288995
5023,17.5,15.845799000475996,15.845799000475996,1.6542009995240043,9.452577140137167
3994,7.0,8.210883682526998,8.210883682526998,1.2108836825269975,17.29833832181425
101,12.6,13.349714460714825,13.349714460714825,0.7497144607148254,5.95011476757798
4505,15.0,16.162614828982896,16.162614828982896,1.1626148289828961,7.750765526552642
736,8.2,10.861106815248483,10.861106815248483,2.661106815248484,32.452522137176636
7111,48.49,52.05229673374081,52.05229673374081,3.5622967337408085,7.346456452342356
538,25.5,17.770678254262545,17.770678254262545,7.729321745737455,30.311065669558644
4520,9.0,6.073171190371694,6.073171190371694,2.926828809628306,32.52032010698118
5153,8.5,7.249977567557667,7.249977567557667,1.250022432442333,14.706146264027447
733,10.8,14.271176763982869,14.271176763982869,3.471176763982868,32.14052559243396
5218,4.4,7.053250636585936,7.053250636585936,2.653250636585936,60.30115083149854
79,3.7,2.6950327201955524,2.6950327201955524,1.0049672798044478,27.161277832552642
5808,17.79,15.400750355447922,15.400750355447922,2.389249644552077,13.43029592215895
3113,5.5,5.75077825490164,5.75077825490164,0.25077825490163974,4.559604634575268
5278,5.3,3.6504504178374546,3.6504504178374546,1.6495495821625452,31.123577021934818
3082,5.9,7.238182719657476,7.238182719657476,1.3381827196574756,22.681063045041956
4939,11.5,8.856169918896313,8.856169918896313,2.643830081103687,22.98982679220597
132,8.9,6.662382820733196,6.662382820733196,2.2376171792668043,25.141766059177574
737,12.2,7.651287589840679,7.651287589840679,4.54871241015932,37.28452795212557
1041,9.0,9.701724745172324,9.701724745172324,0.7017247451723243,7.796941613025826
2095,13.5,15.431026249550152,15.431026249550152,1.9310262495501522,14.303898144815944
7199,21.99,24.058786489547053,24.058786489547053,2.0687864895470547,9.407851248508663
6848,42.499,34.11323655470672,34.11323655470672,8.385763445293286,19.7316723812167
1634,9.3,15.369768908748627,15.369768908748627,6.069768908748626,65.26633235213576
6425,20.34,20.69307698106913,20.69307698106913,0.35307698106912966,1.7358750298383956
5527,23.9,29.1002400479316,29.1002400479316,5.200240047931601,21.758326560383267
6243,47.499,29.045602489899007,29.045602489899007,18.453397510100995,38.850075812334985
6607,41.0,47.55901666172144,47.55901666172144,6.5590166617214365,15.997601613954723
3308,17.2,15.096192859048767,15.096192859048767,2.1038071409512327,12.231436865995539
4726,5.0,8.333345982080466,8.333345982080466,3.3333459820804663,66.66691964160933
5241,1.8,4.445056349950484,4.445056349950484,2.645056349950484,146.94757499724912
5112,14.499,9.41147467324988,9.41147467324988,5.08752532675012,35.08880148113745
2647,7.5,7.930462942567781,7.930462942567781,0.4304629425677806,5.739505900903741
3139,6.2,6.681990710113,6.681990710113,0.4819907101130001,7.774043711500002
5239,6.6,7.518644671409089,7.518644671409089,0.9186446714090897,13.918858657713482
319,9.0,7.792164721750091,7.792164721750091,1.2078352782499087,13.420391980554541
5857,4.845,11.761685252214447,11.761685252214447,6.916685252214447,142.75924153177394
6898,38.8,41.52486426533367,41.52486426533367,2.7248642653336717,7.022846044674412
842,7.5,5.579690183754877,5.579690183754877,1.9203098162451226,25.6041308832683
1894,5.5,4.635368031316981,4.635368031316981,0.8646319686830193,15.72058124878217
177,7.5,12.511032334715269,12.511032334715269,5.011032334715269,66.81376446287025
5163,3.8,2.094131430771279,2.094131430771279,1.7058685692287208,44.891278137597915
4671,7.3,6.429449061339023,6.429449061339023,0.8705509386609771,11.925355324122973
3832,22.9,14.658044681130448,14.658044681130448,8.24195531886955,35.99107126143908
3961,3.95,5.162437945134036,5.162437945134036,1.2124379451340355,30.694631522380643
1509,4.0,3.007295518292869,3.007295518292869,0.9927044817071309,24.81761204267827
6654,19.49,15.51778748946885,15.51778748946885,3.9722125105311488,20.38077224490071
2177,11.4,7.916569485175651,7.916569485175651,3.4834305148243496,30.556408024774996
3671,1.4,2.325608260310405,2.325608260310405,0.9256082603104052,66.11487573645752
1755,6.9,4.751402368036308,4.751402368036308,2.1485976319636926,31.139096115415832
2245,4.0,5.522110035305063,5.522110035305063,1.5221100353050634,38.05275088262658
3193,4.799,5.476370542123739,5.476370542123739,0.6773705421237386,14.11482688317855
1038,13.5,10.863060048457688,10.863060048457688,2.6369399515423115,19.532888529943047
6559,8.1,5.867261887017687,5.867261887017687,2.2327381129823127,27.564668061510034
3450,7.29,6.01984693022283,6.01984693022283,1.2701530697771704,17.423224551127163
5444,41.29,35.36573180011193,35.36573180011193,5.924268199888068,14.347949139956572
3433,17.49,13.755046909765841,13.755046909765841,3.734953090234157,21.354791825238177
3002,15.9,16.164179254478118,16.164179254478118,0.2641792544781172,1.661504745145391
2516,1.5,1.2374819225799598,1.2374819225799598,0.2625180774200402,17.50120516133601
3698,5.35,4.4519795208885995,4.4519795208885995,0.8980204791114001,16.78542951610094
2045,4.99,5.4771058848932785,5.4771058848932785,0.48710588489327833,9.761640979825216
4239,9.49,5.863007103164996,5.863007103164996,3.626992896835004,38.21910323324556
4710,4.99,5.860819230710057,5.860819230710057,0.8708192307100564,17.451287188578284
1728,31.5,28.1254356007537,28.1254356007537,3.3745643992462995,10.712902854750157
3319,9.19,11.562490252687253,11.562490252687253,2.3724902526872533,25.815998397032136
5372,2.899,5.996017018882757,5.996017018882757,3.097017018882757,106.83052841955008
2771,27.5,20.205964054263188,20.205964054263188,7.2940359457368125,26.52376707540659
4552,1.5,2.901796963932057,2.901796963932057,1.4017969639320569,93.4531309288038
3379,5.0,11.08194727106465,11.08194727106465,6.081947271064649,121.63894542129299
3857,6.7,7.702724404486954,7.702724404486954,1.0027244044869539,14.966035887864985
5435,23.49,29.74098975394801,29.74098975394801,6.250989753948012,26.611280348863396
4104,3.2,3.574338309374836,3.574338309374836,0.3743383093748358,11.69807216796362
6784,28.799,17.837762259992758,17.837762259992758,10.961237740007242,38.0611748324846
2412,21.49,13.995311708626035,13.995311708626035,7.494688291373963,34.87523634887838
6248,27.89,33.879606835651686,33.879606835651686,5.989606835651685,21.475822286309377
3045,11.5,11.134833975839362,11.134833975839362,0.36516602416063826,3.175356731831637
1918,14.9,13.461612926371556,13.461612926371556,1.4383870736284443,9.65360452099627
3824,4.0,7.257193042327655,7.257193042327655,3.257193042327655,81.42982605819138
1550,13.5,13.403415484247263,13.403415484247263,0.09658451575273652,0.7154408574276779
1934,7.9,7.511209601126697,7.511209601126697,0.38879039887330347,4.921397454092449
7148,19.199,15.546078981178749,15.546078981178749,3.652921018821253,19.026621276218826
3370,8.99,7.679745274547866,7.679745274547866,1.3102547254521344,14.574579815930305
2481,10.7,11.137297621781387,11.137297621781387,0.4372976217813882,4.086893661508301
6017,21.999,17.238680707158924,17.238680707158924,4.760319292841075,21.638798549211668
5643,21.1,17.569759260729654,17.569759260729654,3.530240739270347,16.73099876431444
3889,2.9,5.743169186093759,5.743169186093759,2.843169186093759,98.04031676185376
3664,26.0,22.59940877234368,22.59940877234368,3.400591227656321,13.079197029447387
1600,14.8,15.369768908748627,15.369768908748627,0.5697689087486264,3.8497899239772053
2275,23.49,16.41111738049819,16.41111738049819,7.078882619501808,30.13572847808348
4024,8.2,6.69709906305215,6.69709906305215,1.5029009369478494,18.328060206681094
2312,8.0,8.275644858408,8.275644858408,0.27564485840800046,3.4455607301000057
3935,6.9,5.673365820143653,5.673365820143653,1.2266341798563474,17.777306954439815
4352,1.0,3.9345989746081678,3.9345989746081678,2.9345989746081678,293.45989746081676
1672,1.3,5.314280285120297,5.314280285120297,4.014280285120297,308.79079116309975
3792,15.9,17.946251586137393,17.946251586137393,2.0462515861373927,12.869506831052785
1034,4.6,5.522110035305063,5.522110035305063,0.9221100353050637,20.045870332718778
3439,10.5,9.756879103925126,9.756879103925126,0.7431208960748741,7.0773418673797535
3221,8.9,10.746109282667245,10.746109282667245,1.8461092826672445,20.742800928845444
2955,5.5,4.838228035285374,4.838228035285374,0.6617719647146263,12.032217540265933
4490,2.0,1.181445188785899,1.181445188785899,0.818554811214101,40.92774056070505
7244,46.49,36.95466367626737,36.95466367626737,9.53533632373263,20.510510483399933
6285,16.09,22.0603170548272,22.0603170548272,5.970317054827198,37.10576168320198
2268,16.49,18.954603206241863,18.954603206241863,2.464603206241865,14.94604733924721
1699,2.6,2.5650228350646245,2.5650228350646245,0.034977164935375615,1.3452755744375238
3519,10.5,8.633108657520157,8.633108657520157,1.8668913424798426,17.779917547427072
87,8.5,9.279417026853482,9.279417026853482,0.7794170268534817,9.169612080629197
7113,22.59,21.055985162210888,21.055985162210888,1.5340148377891119,6.790680999509127
676,5.3,5.557056426787886,5.557056426787886,0.2570564267878863,4.850121260148798
4407,24.99,16.551089332699313,16.551089332699313,8.438910667300686,33.76915032933448
3317,4.9,5.476370542123739,5.476370542123739,0.5763705421237386,11.762664124974256
6902,67.0,63.093644791933315,63.093644791933315,3.9063552080666852,5.830380907562216
2569,4.1,6.096982946513352,6.096982946513352,1.9969829465133522,48.706901134472005
393,2.999,3.588296953967639,3.588296953967639,0.5892969539676387,19.649781726163344
1149,5.6,4.656170561558175,4.656170561558175,0.9438294384418242,16.854097115032577
1168,5.9,5.859458874821412,5.859458874821412,0.040541125178588544,0.6871377148913312
2208,3.4,3.4321137931463053,3.4321137931463053,0.03211379314630536,0.9445233278325105
230,18.5,24.806474585318696,24.806474585318696,6.306474585318696,34.08905181253349
2802,4.999999,5.476370542123739,5.476370542123739,0.4763715421237391,9.527432747961333
1543,4.4,4.638580155297198,4.638580155297198,0.238580155297198,5.4222762567544995
2345,28.5,25.223661045960668,25.223661045960668,3.276338954039332,11.495926154523971
3599,6.0,6.335829286735311,6.335829286735311,0.3358292867353114,5.5971547789218565
2892,2.2,4.317222665280518,4.317222665280518,2.1172226652805177,96.23739387638716
4691,25.9,26.65863932388351,26.65863932388351,0.7586393238835107,2.929109358623594
2942,16.0,22.679637695016744,22.679637695016744,6.679637695016744,41.74773559385465
5121,24.49,18.611253252790608,18.611253252790608,5.878746747209391,24.00468251208408
7189,54.99,50.58147985505566,50.58147985505566,4.40852014494434,8.016948799680561
970,3.2,3.3105985337662336,3.3105985337662336,0.11059853376623341,3.456204180194794
3718,5.6,5.163664860432281,5.163664860432281,0.43633513956771885,7.791698920852124
5329,7.0,7.000253632944977,7.000253632944977,0.0002536329449771557,0.0036233277853879387
169,10.5,14.194949033758023,14.194949033758023,3.6949490337580233,35.18999079769546
1056,9.0,5.499849611572971,5.499849611572971,3.500150388427029,38.89055987141143
5968,24.1145,19.57951481603876,19.57951481603876,4.53498518396124,18.80605106455137
251,3.7,6.798304626488569,6.798304626488569,3.098304626488569,83.73796287806944
5889,51.0,28.728873543167545,28.728873543167545,22.271126456832455,43.668875405553834
2705,10.5,6.877337220422028,6.877337220422028,3.622662779577972,34.50155028169497
1729,4.3,5.31030690438147,5.31030690438147,1.01030690438147,23.495509404220236
2533,8.6,5.561134110590318,5.561134110590318,3.0388658894096814,35.33564987685676
95,7.5,3.4324949175107964,3.4324949175107964,4.067505082489204,54.233401099856046
5646,17.5,27.119027774652732,27.119027774652732,9.619027774652732,54.965872998015605
5174,23.49,12.470906860025252,12.470906860025252,11.019093139974746,46.909719625265
3692,2.8,6.202171121860619,6.202171121860619,3.4021711218606194,121.50611149502213
1172,6.69,6.202374394227816,6.202374394227816,0.48762560577218483,7.2888730309743615
1383,11.9,14.059954138173728,14.059954138173728,2.1599541381737275,18.150875110703595
5263,7.2,9.372126164360743,9.372126164360743,2.1721261643607432,30.168418949454768
711,13.7,15.369768908748627,15.369768908748627,1.6697689087486278,12.188094224442539
2354,7.9,8.246857260248186,8.246857260248186,0.34685726024818564,4.390598230989692
2215,7.0,7.651287589840679,7.651287589840679,0.6512875898406794,9.30410842629542
3779,7.49,8.66221105697981,8.66221105697981,1.17221105697981,15.650347890251135
5242,5.5,11.675896874740321,11.675896874740321,6.175896874740321,112.28903408618764
69,5.5,6.511546714925542,6.511546714925542,1.011546714925542,18.391758453191674
263,6.5,9.077315171843868,9.077315171843868,2.5773151718438676,39.65100264375181
408,16.0,9.717946281630951,9.717946281630951,6.282053718369049,39.262835739806555
7137,54.99,54.16516484564682,54.16516484564682,0.8248351543531811,1.4999730030063303
6024,24.39,22.661547455710025,22.661547455710025,1.7284525442899756,7.086726298851888
3217,1.79,6.295946863450814,6.295946863450814,4.505946863450814,251.7288750531181
5196,11.6,13.612952968376725,13.612952968376725,2.012952968376725,17.353042830833836
37,13.8,13.995311708626035,13.995311708626035,0.19531170862603453,1.4153022364205399
3504,6.99,6.204854536962994,6.204854536962994,0.785145463037006,11.23241005775402
1862,31.0,23.48274081669259,23.48274081669259,7.517259183307409,24.249223171959386
4602,13.3,13.403415484247263,13.403415484247263,0.10341548424726277,0.7775600319343065
6222,20.66,21.404466337554954,21.404466337554954,0.7444663375549538,3.603418865222429
6474,9.29,10.21660436609859,10.21660436609859,0.9266043660985908,9.974212767476759
2333,28.5,31.20880602066552,31.20880602066552,2.70880602066552,9.504582528650946
1575,6.8,9.011363446446715,9.011363446446715,2.2113634464467156,32.52005068303993
6763,35.89,40.492866210561516,40.492866210561516,4.6028662105615155,12.82492674996243
5733,20.0,32.686010489928314,32.686010489928314,12.686010489928314,63.43005244964157
3295,11.0,10.805007351038379,10.805007351038379,0.19499264896162138,1.7726604451056491
3985,19.5,15.629438718391594,15.629438718391594,3.8705612816084063,19.849032213376443
5958,89.09,96.47545331531825,96.47545331531825,7.3854533153182444,8.28987912820546
3641,13.8,10.848997785573454,10.848997785573454,2.9510022144265466,21.38407401758367
1163,5.39,5.476370542123739,5.476370542123739,0.08637054212373929,1.602421931794792
3781,8.5,10.15872549475624,10.15872549475624,1.65872549475624,19.51441758536753
1554,23.99,23.053995371471046,23.053995371471046,0.936004628528952,3.9016449709418595
19,10.0,5.178139631065701,5.178139631065701,4.821860368934299,48.21860368934299
3257,7.1,12.522428886831868,12.522428886831868,5.422428886831868,76.37223784270238
3279,6.699999,7.792164721750091,7.792164721750091,1.0921657217500913,16.300983354625746
982,1.7,2.7290929569715185,2.7290929569715185,1.0290929569715186,60.534879821854034
6602,12.15,15.339324159400753,15.339324159400753,3.189324159400753,26.249581558853937
239,4.8,5.0685106631507235,5.0685106631507235,0.2685106631507237,5.59397214897341
7053,20.99,24.537432453397734,24.537432453397734,3.547432453397736,16.90058338922218
2509,22.05,19.776073148995845,19.776073148995845,2.2739268510041555,10.312593428590274
3800,7.3,4.683361376716986,4.683361376716986,2.6166386232830137,35.844364702507036
6775,25.99,36.38085864033579,36.38085864033579,10.39085864033579,39.98021793126507
1322,2.5,3.863719279489576,3.863719279489576,1.363719279489576,54.54877117958304
3842,10.9,13.977126276544869,13.977126276544869,3.0771262765448686,28.230516298576774
3166,10.9,8.23862529552011,8.23862529552011,2.66137470447989,24.41628169247605
4381,12.0,13.886644061041995,13.886644061041995,1.886644061041995,15.722033842016625
5635,15.999,27.33507097477103,27.33507097477103,11.336070974771028,70.85487202182028
5514,28.49,27.943005320495498,27.943005320495498,0.5469946795045004,1.9199532450140415
1965,4.5,4.817761816869195,4.817761816869195,0.31776181686919536,7.061373708204341
2486,4.686,9.813191578534251,9.813191578534251,5.1271915785342514,109.41509984067972
4706,3.0,4.761553679408442,4.761553679408442,1.7615536794084417,58.71845598028139
2676,6.2,5.360660976688925,5.360660976688925,0.8393390233110756,13.537726182436701
1726,6.799999,9.017703509157851,9.017703509157851,2.2177045091578513,32.61330640133699
332,4.0,3.7699702868486202,3.7699702868486202,0.23002971315137977,5.750742828784494
4728,4.99,5.476370542123739,5.476370542123739,0.48637054212373876,9.746904651778332
3544,4.75,8.452998410201385,8.452998410201385,3.702998410201385,77.95786126739758
6459,13.19,10.161237225852114,10.161237225852114,3.0287627741478858,22.96256841658746
1562,25.0,27.016460389869508,27.016460389869508,2.0164603898695077,8.06584155947803
3989,4.5,5.348710753973391,5.348710753973391,0.8487107539733909,18.860238977186462
1320,29.5,30.774916710820946,30.774916710820946,1.2749167108209463,4.321751562104902
6674,35.99,37.999162190689376,37.999162190689376,2.0091621906893735,5.582556795469223
2036,10.799,12.269730851943796,12.269730851943796,1.470730851943797,13.619139290154617
3774,5.5,4.674783064828221,4.674783064828221,0.8252169351717793,15.003944275850534
3121,8.2,7.931432537499664,7.931432537499664,0.2685674625003349,3.275212957321158
2650,3.6,5.998076572941992,5.998076572941992,2.3980765729419917,66.61323813727755
4595,3.95,3.7647056417477476,3.7647056417477476,0.1852943582522526,4.690996411449433
2471,3.55,2.9971079437645187,2.9971079437645187,0.5528920562354811,15.574424119309327
4397,10.8,7.578120449320928,7.578120449320928,3.2218795506790725,29.832218061843264
6418,5.8,7.090222960980419,7.090222960980419,1.2902229609804188,22.245223465179635
1888,13.8,23.294163445339315,23.294163445339315,9.494163445339314,68.79828583579213
5537,25.99,20.246139415736717,20.246139415736717,5.743860584263281,22.100271582390462
7214,57.99,54.21142070946427,54.21142070946427,3.778579290535731,6.515915313908831
2519,29.5,30.439478723915023,30.439478723915023,0.9394787239150233,3.1846736403899096
1142,13.89,14.574610018720707,14.574610018720707,0.684610018720706,4.928797830962607
308,11.3,7.262265114439062,7.262265114439062,4.037734885560939,35.73216712885786
5255,1.99,3.073673575285662,3.073673575285662,1.083673575285662,54.45595855706845
381,4.5,7.75540146035908,7.75540146035908,3.2554014603590797,72.34225467464621
4118,7.5,7.258905871037803,7.258905871037803,0.24109412896219684,3.214588386162624
3617,7.2,5.863007103164996,5.863007103164996,1.336992896835004,18.569345789375056
1400,9.8,7.373940730601391,7.373940730601391,2.4260592693986096,24.755706830598058
7075,23.5,19.967584884985094,19.967584884985094,3.5324151150149063,15.031553680914495
6806,14.4,14.44234443138776,14.44234443138776,0.04234443138775923,0.29405855130388353
2465,4.3,2.8840096689758674,2.8840096689758674,1.4159903310241324,32.93000769823564
994,10.5,12.182128932215884,12.182128932215884,1.6821289322158837,16.02027554491318
683,4.7,5.966668586827771,5.966668586827771,1.2666685868277705,26.950395464420644
3428,7.9,7.941877144435281,7.941877144435281,0.04187714443528101,0.530090435889633
2906,11.9,10.968220298505688,10.968220298505688,0.9317797014943121,7.830081525162286
2984,12.8,9.791562397953177,9.791562397953177,3.0084376020468238,23.503418765990812
457,2.7,4.265895167876337,4.265895167876337,1.565895167876337,57.99611732875323
4028,4.8,4.644925139671729,4.644925139671729,0.15507486032827078,3.2307262568389747
3622,3.8,6.2553036157239585,6.2553036157239585,2.4553036157239587,64.61325304536733
756,2.95,4.443256785979356,4.443256785979356,1.493256785979356,50.618874100995114
5845,21.99,26.0588205074752,26.0588205074752,4.068820507475202,18.503049147226932
4100,1.5,2.551989295084061,2.551989295084061,1.051989295084061,70.13261967227074
1046,11.89,8.039500616385446,8.039500616385446,3.8504993836145545,32.38435141812073
1024,4.49,2.348699221061006,2.348699221061006,2.1413007789389944,47.69044051089074
2344,13.4,13.615276384044927,13.615276384044927,0.21527638404492677,1.606540179439752
2997,3.2,9.644464501730155,9.644464501730155,6.444464501730155,201.38951567906736
4591,3.55,7.748326600162677,7.748326600162677,4.198326600162678,118.26272113134304
4974,26.9,18.15837152480784,18.15837152480784,8.741628475192158,32.49676013082587
1515,28.2,30.425466588041285,30.425466588041285,2.225466588041286,7.891725489508106
5186,24.19,19.6126775942709,19.6126775942709,4.577322405729102,18.922374558615555
1737,4.3,5.7063952202185,5.7063952202185,1.4063952202185002,32.706865586476745
6156,22.85,26.51364452014051,26.51364452014051,3.663644520140508,16.033455230374212
1869,5.6,6.932445468849849,6.932445468849849,1.3324454688498495,23.793669086604456
6526,22.99,21.944675175434853,21.944675175434853,1.0453248245651459,4.546867440474754
1042,3.5,0.830802071708943,0.830802071708943,2.669197928291057,76.26279795117306
3442,6.5,5.408717323414031,5.408717323414031,1.0912826765859691,16.788964255168757
50,7.5,9.155369970131588,9.155369970131588,1.6553699701315878,22.071599601754503
786,6.5,5.767642324720265,5.767642324720265,0.7323576752797347,11.267041158149766
245,18.5,25.804276952291755,25.804276952291755,7.3042769522917546,39.48257812049597
5303,4.25,9.757823804550046,9.757823804550046,5.507823804550046,129.59585422470695
3076,14.0,11.431319126420181,11.431319126420181,2.568680873579819,18.347720525570136
5462,37.19,26.880260961938,26.880260961938,10.309739038061998,27.7218043507986
7234,54.95,41.40458000917991,41.40458000917991,13.545419990820093,24.650445843166686
625,7.5,9.27824165338771,9.27824165338771,1.7782416533877097,23.70988871183613
6414,26.59,17.589940580486044,17.589940580486044,9.000059419513956,33.847534484821196
2272,5.7,4.480014310738319,4.480014310738319,1.219985689261681,21.40325770634528
4812,12.99,13.824995033662159,13.824995033662159,0.8349950336621585,6.427983323034322
7182,57.28,34.156312283069084,34.156312283069084,23.123687716930917,40.36956654492129
4894,6.9,7.000253632944977,7.000253632944977,0.1002536329449768,1.452951202101113
6403,5.3,6.95046225921849,6.95046225921849,1.6504622592184903,31.140797343745103
1025,12.5,9.813191578534251,9.813191578534251,2.6868084214657486,21.49446737172599
5457,53.99,41.33047001371363,41.33047001371363,12.659529986286373,23.44791625539243
2926,7.5,9.915223714100852,9.915223714100852,2.4152237141008523,32.202982854678034
321,31.8,34.35768717010352,34.35768717010352,2.5576871701035166,8.043041415419863
3326,17.0,21.72119541651482,21.72119541651482,4.721195416514821,27.771737744204827
3105,11.9,14.323911018529687,14.323911018529687,2.4239110185296866,20.36900015571165
1893,4.5,3.417618755953942,3.417618755953942,1.0823812440460578,24.052916534356843
4920,6.8,5.695075178638827,5.695075178638827,1.1049248213611724,16.24889443178195
2138,11.49,10.425936297543542,10.425936297543542,1.0640637024564583,9.260780700230272
5476,40.49,26.17051306252409,26.17051306252409,14.319486937475912,35.36549009008622
3475,1.55,1.870174658957552,1.870174658957552,0.32017465895755204,20.656429610164647
4098,11.0,13.219939035221307,13.219939035221307,2.219939035221307,20.181263956557334
7001,45.499,39.09026952985148,39.09026952985148,6.4087304701485195,14.085431482337016
5321,14.799,20.157264792931276,20.157264792931276,5.358264792931276,36.20693825887747
5339,2.7,3.3969985997261976,3.3969985997261976,0.6969985997261974,25.81476295282212
4296,24.5,23.45674341382759,23.45674341382759,1.0432565861724115,4.258190147642496
3767,5.9,5.579690183754877,5.579690183754877,0.320309816245123,5.428979936358017
2126,16.3,20.74519520676469,20.74519520676469,4.445195206764691,27.271136237820187
4279,5.9,4.767315032381584,4.767315032381584,1.1326849676184167,19.198050298617233
233,3.8,5.499849611572971,5.499849611572971,1.6998496115729713,44.7328845150782
65,15.0,11.923644640558361,11.923644640558361,3.0763553594416386,20.509035729610925
5856,20.709,29.574315763048673,29.574315763048673,8.865315763048674,42.808999773280576
1595,14.5,15.026815410616512,15.026815410616512,0.5268154106165124,3.6332097283897404
5133,9.8,15.629438718391594,15.629438718391594,5.829438718391593,59.48406855501626
2656,20.9,23.060099177746544,23.060099177746544,2.1600991777465453,10.335402764337537
3218,32.99,38.397378244946864,38.397378244946864,5.407378244946862,16.390961639729802
509,5.0,4.691738098103217,4.691738098103217,0.30826190189678293,6.165238037935659
6253,15.5,19.748886562272105,19.748886562272105,4.248886562272105,27.41217136949745
6481,18.99,28.344757289832117,28.344757289832117,9.354757289832119,49.261491784266035
576,26.7,13.997169754156626,13.997169754156626,12.702830245843373,47.576143242859075
217,4.999999,4.6988237972503715,4.6988237972503715,0.3011752027496284,6.02350525969362
5697,15.59,23.64602498956945,23.64602498956945,8.056024989569451,51.67431038851477
7082,11.9,14.07240085431445,14.07240085431445,2.17240085431445,18.255469363986972
3757,4.0,4.771307228247151,4.771307228247151,0.7713072282471511,19.28268070617878
3954,9.2,13.78409680918077,13.78409680918077,4.584096809180771,49.827139230225775
6731,24.5,22.183159834024316,22.183159834024316,2.316840165975684,9.456490473370138
6889,39.9,24.32342903206007,24.32342903206007,15.57657096793993,39.039024982305584
2115,10.5,6.653095981529924,6.653095981529924,3.8469040184700756,36.637181128286436
3467,2.0,3.746959157327547,3.746959157327547,1.746959157327547,87.34795786637734
4871,17.5,19.185140542007844,19.185140542007844,1.6851405420078436,9.629374525759106
6130,20.5,33.48557133510187,33.48557133510187,12.985571335101866,63.34425041513106
3478,9.0,9.813191578534251,9.813191578534251,0.8131915785342514,9.035461983713905
4487,4.499999,8.359693959074441,8.359693959074441,3.8596949590744414,85.7710181507694
3933,29.99,25.49063213861636,25.49063213861636,4.499367861383639,15.002893835890763
3347,7.6,7.257193042327655,7.257193042327655,0.3428069576723445,4.510617864109796
1261,6.5,5.865084058403287,5.865084058403287,0.6349159415967129,9.767937563026354
4382,9.5,10.034943977832924,10.034943977832924,0.5349439778329241,5.63098924034657
3163,9.65,10.751162483631353,10.751162483631353,1.1011624836313523,11.411010193071007
1412,4.0,4.322233648596297,4.322233648596297,0.32223364859629733,8.055841214907433
1281,14.0,9.312236451929824,9.312236451929824,4.687763548070176,33.484025343358404
4588,6.0,8.411903073658504,8.411903073658504,2.411903073658504,40.198384560975065
2917,6.2,5.409876879611687,5.409876879611687,0.790123120388313,12.743921296585695
1565,13.6,19.52748355157965,19.52748355157965,5.92748355157965,43.58443787926213
6580,22.562,14.397391648888746,14.397391648888746,8.164608351111255,36.18743174856508
4002,7.6,6.634017073358489,6.634017073358489,0.9659829266415105,12.710301666335667
6500,7.899,13.707752814404405,13.707752814404405,5.8087528144044045,73.53782522350176
6365,25.4,28.69534349251136,28.69534349251136,3.2953434925113605,12.973793277603782
6900,21.699,18.844409406654542,18.844409406654542,2.85459059334546,13.155401600744089
3007,5.0,7.917130799068101,7.917130799068101,2.917130799068101,58.34261598136201
1315,9.2,10.374393258110578,10.374393258110578,1.1743932581105785,12.765144109897594
3885,2.3,4.609086163340534,4.609086163340534,2.3090861633405337,100.39505058002321
3745,12.4,11.137297621781387,11.137297621781387,1.2627023782186129,10.183083695311394
6498,18.006229,38.334451713021515,38.334451713021515,20.328222713021514,112.89550251205576
1702,40.99,32.25717223579564,32.25717223579564,8.732827764204359,21.304776199571503
1839,6.2,8.272955503610058,8.272955503610058,2.072955503610058,33.434766187258994
503,10.5,5.542166819666548,5.542166819666548,4.957833180333452,47.21745886031859
7023,38.9,48.746943106955015,48.746943106955015,9.846943106955017,25.313478424048885
5818,9.79,10.9984716519209,10.9984716519209,1.2084716519209007,12.343939243318701
4694,11.0,4.231159336873828,4.231159336873828,6.768840663126172,61.534915119328836
1721,36.0,40.29866506830402,40.29866506830402,4.298665068304018,11.940736300844495
7187,50.999,87.47486171914429,87.47486171914429,36.475861719144284,71.52269989439847
4618,14.99,14.574610018720707,14.574610018720707,0.4153899812792936,2.7711139511627327
1803,18.8,18.15837152480784,18.15837152480784,0.6416284751921602,3.4129174212348943
1385,4.2,5.55516763810013,5.55516763810013,1.3551676381001299,32.265896145241186
1373,1.2,2.35998774948785,2.35998774948785,1.1599877494878499,96.66564579065417
5834,26.9,30.096178611547835,30.096178611547835,3.196178611547836,11.881704875642514
5654,44.99,57.91535425392928,57.91535425392928,12.925354253929278,28.72939376290126
5670,16.0,17.354528880220883,17.354528880220883,1.354528880220883,8.465805501380519
856,6.9,6.61235815726682,6.61235815726682,0.28764184273317994,4.168722358451883
2458,13.899999,7.651287589840679,7.651287589840679,6.24871141015932,44.954761580625444
2726,7.8,12.948881821442075,12.948881821442075,5.1488818214420755,66.01130540310353
5886,37.99,30.268661306712122,30.268661306712122,7.72133869328788,20.3246609457433
4252,24.79,23.060099177746544,23.060099177746544,1.7299008222534553,6.978220339868718
3269,8.1,5.990449499557416,5.990449499557416,2.109550500442584,26.043833338797334
2505,6.0,7.311089443409473,7.311089443409473,1.3110894434094726,21.85149072349121
318,1.7,2.0018275314083063,2.0018275314083063,0.3018275314083063,17.754560671076845
6053,30.49,35.17703991862765,35.17703991862765,4.687039918627651,15.37238412144195
176,4.7,5.865084058403287,5.865084058403287,1.1650840584032869,24.78902251921887
5683,80.49,65.61038405945649,65.61038405945649,14.879615940543502,18.486291390910054
4967,2.0,2.964238217351122,2.964238217351122,0.9642382173511219,48.2119108675561
3100,2.6,7.323847748179196,7.323847748179196,4.723847748179196,181.68645185304598
2840,1.85,2.887436528924148,2.887436528924148,1.037436528924148,56.077650212116104
6504,14.2,18.76661765906013,18.76661765906013,4.566617659060132,32.159279289155855
3043,2.7,3.3743641458068083,3.3743641458068083,0.6743641458068081,24.976449844696596
3169,12.5,9.15076221709407,9.15076221709407,3.3492377829059308,26.79390226324745
468,4.6,5.854032132992142,5.854032132992142,1.2540321329921422,27.26156810852483
472,28.5,20.393919719126465,20.393919719126465,8.106080280873535,28.442386950433455
91,7.9,4.879886919047278,4.879886919047278,3.020113080952722,38.22927950573066
4304,2.7,4.617167197984276,4.617167197984276,1.9171671979842762,71.00619251793616
4149,5.8,6.783929422581934,6.783929422581934,0.9839294225819346,16.964300389343702
1047,5.6,6.886426710806134,6.886426710806134,1.2864267108061345,22.971905550109543
6571,129.29,118.18666007591536,118.18666007591536,11.103339924084636,8.587934042914872
6768,9.49,9.507900462510115,9.507900462510115,0.01790046251011468,0.1886244732361926
435,5.5,8.163757789334321,8.163757789334321,2.663757789334321,48.43195980607856
6016,151.89,152.79739745979,152.79739745979,0.907397459790019,0.5974043451116064
1335,20.49,16.684081324930045,16.684081324930045,3.805918675069954,18.57451769189826
1352,8.9,8.103016601679201,8.103016601679201,0.7969833983207995,8.954869644053925
4074,2.55,4.80739809565417,4.80739809565417,2.25739809565417,88.52541551584982
4868,5.9,6.08291801239843,6.08291801239843,0.18291801239842975,3.10030529488864
6046,25.09,24.154840827851938,24.154840827851938,0.9351591721480617,3.727218701267683
5546,18.99,20.799316799517207,20.799316799517207,1.8093167995172088,9.527734594614055
4207,8.8,8.042757390809179,8.042757390809179,0.757242609190822,8.605029649895704
3758,11.5,18.008640274487924,18.008640274487924,6.508640274487924,56.59687195206891
106,7.7,5.683384361120533,5.683384361120533,2.0166156388794674,26.189813491941134
5694,19.0,25.65743845737041,25.65743845737041,6.657438457370411,35.039149775633746
5676,26.99,27.45444582811719,27.45444582811719,0.46444582811719215,1.7208070697191262
4791,4.1,6.288747036050031,6.288747036050031,2.1887470360500316,53.38407405000078
5900,27.9,15.897845365440059,15.897845365440059,12.00215463455994,43.01847539268796
5313,12.9,12.539062502756682,12.539062502756682,0.36093749724331836,2.797965094909445
3333,10.99,11.664240992601165,11.664240992601165,0.674240992601165,6.135040878991492
4086,15.0,15.431026249550152,15.431026249550152,0.43102624955015223,2.873508330334348
1617,12.99,12.316751847512087,12.316751847512087,0.673248152487913,5.182818725849985
2252,4.0,1.953663401084361,1.953663401084361,2.046336598915639,51.158414972890974
4860,7.8,10.894691957016462,10.894691957016462,3.0946919570164626,39.67553791046747
5584,9.299,13.447983449974679,13.447983449974679,4.148983449974679,44.617522851647266
3494,15.9,18.151374622059663,18.151374622059663,2.2513746220596627,14.1595888179853
1498,6.666,5.688543481822878,5.688543481822878,0.9774565181771226,14.663314104067245
996,6.5,8.039500616385446,8.039500616385446,1.539500616385446,23.6846248674684
5912,15.3205,11.317159308262909,11.317159308262909,4.00334069173709,26.13061382942522
6638,87.999,91.98390596619197,91.98390596619197,3.984905966191974,4.528353692873753
41,18.0,18.07433172809835,18.07433172809835,0.07433172809835042,0.4129540449908357
5253,17.2,21.047955439472243,21.047955439472243,3.847955439472244,22.371833950420026
5689,13.69,12.990629438408481,12.990629438408481,0.6993705615915182,5.108623532443523
3282,3.7,7.447607618217344,7.447607618217344,3.7476076182173435,101.28669238425252
1539,7.3,5.318576017070622,5.318576017070622,1.9814239829293774,27.142794286703804
1805,8.9,9.457622233871376,9.457622233871376,0.5576222338713759,6.2654183581053475
1144,2.9,9.243658487556111,9.243658487556111,6.343658487556111,218.7468443984866
6198,34.79,35.84719061146791,35.84719061146791,1.0571906114679095,3.0387772678008322
2615,6.5,6.882632159012648,6.882632159012648,0.3826321590126476,5.886648600194578
2114,14.99,15.632684501032983,15.632684501032983,0.6426845010329831,4.287421621300755
5792,10.89,8.249662347702765,8.249662347702765,2.6403376522972355,24.24552481448334
4546,11.0,12.773427918926693,12.773427918926693,1.7734279189266928,16.122071990242663
3172,1.0,4.535376238296051,4.535376238296051,3.5353762382960507,353.5376238296051
167,9.2,17.742681017585983,17.742681017585983,8.542681017585984,92.85522845202158
2337,11.3,11.141399102978644,11.141399102978644,0.1586008970213566,1.4035477612509433
6928,39.18,28.092748399470214,28.092748399470214,11.087251600529786,28.298242982465
3964,5.4,3.2164525533604866,3.2164525533604866,2.1835474466395137,40.43606382665766
2445,25.0,24.899175917342088,24.899175917342088,0.10082408265791187,0.40329633063164755
7257,17.99,22.44745452007514,22.44745452007514,4.457454520075142,24.777401445665053
3341,1.9,5.398016253224704,5.398016253224704,3.4980162532247037,184.1061185907739
4103,1.3,2.829709316644676,2.829709316644676,1.529709316644676,117.66994743420585
3017,18.5,14.323911018529687,14.323911018529687,4.176088981470313,22.573453953893583
6151,13.09,14.155022703532806,14.155022703532806,1.0650227035328061,8.136155107202491
4958,8.99,10.85181179213696,10.85181179213696,1.86181179213696,20.709808588842712
6935,25.4,37.42878565173493,37.42878565173493,12.028785651734928,47.35742382572807
789,3.6,6.90458761745953,6.90458761745953,3.30458761745953,91.79410048498694
4617,19.2,14.236583527255853,14.236583527255853,4.9634164727441465,25.8511274622091
1097,3.5,3.720939983548952,3.720939983548952,0.22093998354895206,6.312570958541487
3206,15.3,13.46914161078063,13.46914161078063,1.8308583892193706,11.9663947007802
6535,19.99,23.99086988227028,23.99086988227028,4.000869882270283,20.01435658964624
6251,31.49,25.073583456414116,25.073583456414116,6.416416543585882,20.376044914531224
544,4.0,6.323186909461267,6.323186909461267,2.323186909461267,58.07967273653168
6770,19.299,18.502495586229987,18.502495586229987,0.7965044137700126,4.127179717964727
5924,14.25,16.428739984356795,16.428739984356795,2.1787399843567954,15.289403398995056
4838,2.4,4.228321527356204,4.228321527356204,1.8283215273562043,76.18006363984186
6194,19.59,15.836483620503165,15.836483620503165,3.753516379496835,19.160369471653063
6068,7.39,8.70157266459498,8.70157266459498,1.3115726645949808,17.74793862780759
4229,16.7,15.1249324570053,15.1249324570053,1.5750675429946988,9.43154217362095
877,9.5,4.7120603339085125,4.7120603339085125,4.7879396660914875,50.39936490622618
3908,9.7,7.0457046095624625,7.0457046095624625,2.654295390437537,27.363870004510694
3914,12.8,9.183092350563507,9.183092350563507,3.6169076494364933,28.257091011222602
5397,10.9,8.625957126044014,8.625957126044014,2.2740428739559864,20.862778660146663
1078,8.2,5.75077825490164,5.75077825490164,2.4492217450983595,29.86855786705317
5983,42.7,70.14639747962812,70.14639747962812,27.446397479628118,64.27727746985508
4990,10.5,8.61205403052384,8.61205403052384,1.88794596947616,17.98043780453486
511,13.0,9.986042845501707,9.986042845501707,3.013957154498293,23.18428580383302
2375,4.4,3.9036328892650207,3.9036328892650207,0.49636711073497963,11.281070698522264
2877,15.6,18.15837152480784,18.15837152480784,2.558371524807841,16.39981746671693
2069,1.5,3.076467611668715,3.076467611668715,1.5764676116687149,105.09784077791433
4851,3.5,2.7663433495173724,2.7663433495173724,0.7336566504826276,20.96161858521793
3262,11.0,7.914648663817423,7.914648663817423,3.085351336182577,28.048648510750702
4934,10.89,19.7320496205133,19.7320496205133,8.8420496205133,81.19421139130671
1302,8.9,13.441806771432718,13.441806771432718,4.541806771432718,51.03153675767098
6045,47.89,47.68349199702734,47.68349199702734,0.2065080029726616,0.4312132031168544
4394,2.5,6.333715347909221,6.333715347909221,3.833715347909221,153.34861391636883
3689,16.3,16.510579774142702,16.510579774142702,0.21057977414270113,1.2919004548631972
3159,8.5,7.795421496173822,7.795421496173822,0.7045785038261778,8.289158868543268
858,7.99,9.946285200175277,9.946285200175277,1.9562852001752766,24.484170214959658
4678,19.9,18.454312647714122,18.454312647714122,1.4456873522858764,7.264760564250635
7140,24.85,31.426415127992904,31.426415127992904,6.576415127992902,26.464447195142466
7028,12.5,19.632877804897497,19.632877804897497,7.132877804897497,57.063022439179974
7112,25.99,34.137205056456345,34.137205056456345,8.147205056456347,31.347460778977865
4357,9.9,14.323911018529687,14.323911018529687,4.423911018529687,44.68596988413825
2890,7.9,8.400626776443751,8.400626776443751,0.5006267764437506,6.337047803085451
4794,8.8,12.430305192609193,12.430305192609193,3.6303051926091925,41.25346809783173
2024,12.0,15.369768908748627,15.369768908748627,3.369768908748627,28.081407572905228
4194,16.5,14.792523390764053,14.792523390764053,1.7074766092359468,10.348343086278465
4921,4.5,5.094947971798261,5.094947971798261,0.5949479717982609,13.221066039961352
5356,9.5,7.357011451125743,7.357011451125743,2.142988548874257,22.557774198676388
743,5.3,5.9878859989850834,5.9878859989850834,0.6878859989850836,12.978981112926109
2499,1.15,1.967746303886372,1.967746303886372,0.8177463038863722,71.10837425098889
4241,9.3,11.311572388756487,11.311572388756487,2.011572388756486,21.62981063179017
179,25.99,17.599721152230806,17.599721152230806,8.390278847769192,32.282719691301246
3613,8.5,5.683384361120533,5.683384361120533,2.816615638879467,33.13665457505255
3693,20.0,13.950338054348325,13.950338054348325,6.049661945651675,30.24830972825837
3771,7.0,8.48428145003728,8.48428145003728,1.4842814500372796,21.20402071481828
6566,35.55,38.46101148452574,38.46101148452574,2.911011484525744,8.188499253236975
31,11.0,8.275644858408,8.275644858408,2.7243551415919995,24.766864923563634
5151,6.8,6.436327870432596,6.436327870432596,0.36367212956740413,5.348119552461825
2484,3.2,4.095585642217646,4.095585642217646,0.8955856422176458,27.987051319301433
168,11.5,8.526874601226048,8.526874601226048,2.973125398773952,25.8532643371648
3248,2.8,2.760366316202056,2.760366316202056,0.03963368379794385,1.4154887070694235
642,5.0,6.19768428861242,6.19768428861242,1.19768428861242,23.9536857722484
1483,14.9,13.328362643070815,13.328362643070815,1.5716373569291857,10.54790172435695
1790,6.0,5.9878859989850834,5.9878859989850834,0.012114001014916553,0.2019000169152759
5035,8.0,5.947416226841007,5.947416226841007,2.052583773158993,25.657297164487414
3982,3.0,9.312013096428126,9.312013096428126,6.312013096428126,210.40043654760422
7092,62.49,61.344004670915865,61.344004670915865,1.145995329084137,1.833885948286345
6492,22.89,26.73536514809323,26.73536514809323,3.8453651480932294,16.799323495383263
6912,19.899,20.640264921026716,20.640264921026716,0.7412649210267155,3.725136544684233
6178,24.5,26.913217077740683,26.913217077740683,2.4132170777406827,9.84986562343136
6644,18.15,13.288374094836385,13.288374094836385,4.8616259051636135,26.785817659303657
2758,9.5,7.000253632944977,7.000253632944977,2.499746367055023,26.313119653210766
3412,12.6,8.194576114526761,8.194576114526761,4.405423885473239,34.96368163073999
6122,20.7,20.452941971487338,20.452941971487338,0.24705802851266156,1.1935170459548867
800,2.5,4.5703656701507285,4.5703656701507285,2.0703656701507285,82.81462680602914
1954,10.5,9.146880996718743,9.146880996718743,1.3531190032812574,12.886847650297689
7248,48.99,31.972938370897378,31.972938370897378,17.017061629102624,34.73578613819682
5306,4.0,3.588296953967639,3.588296953967639,0.4117030460323612,10.29257615080903
6637,15.69,12.54601403156908,12.54601403156908,3.14398596843092,20.038151487768772
2119,20.5,22.25833684972437,22.25833684972437,1.758336849724369,8.577252925484727
5309,3.5,4.207033644001321,4.207033644001321,0.7070336440013207,20.20096125718059
5660,25.49,31.933834169542024,31.933834169542024,6.443834169542026,25.279851587061696
5679,19.5,22.44745452007514,22.44745452007514,2.9474545200751407,15.115151385000722
1406,8.7,8.066195707428118,8.066195707428118,0.633804292571881,7.285106811171047
1501,9.8,7.66727173225907,7.66727173225907,2.132728267740931,21.762533344295214
1074,5.3,5.498875254460318,5.498875254460318,0.19887525446031784,3.7523632917041105
500,13.6,12.198576229346397,12.198576229346397,1.4014237706536026,10.304586548923549
437,17.5,15.629438718391594,15.629438718391594,1.8705612816084063,10.688921609190894
5437,9.5,10.114782059516795,10.114782059516795,0.614782059516795,6.47139010017679
4113,8.9,5.579690183754877,5.579690183754877,3.320309816245123,37.30685186792273
3386,3.6,4.1076604762737166,4.1076604762737166,0.5076604762737165,14.101679896492122
6683,22.99,22.478004117160935,22.478004117160935,0.5119958828390629,2.2270373329232838
80,16.9,10.346166080412043,10.346166080412043,6.553833919587955,38.78008236442577
1608,19.99,14.070402419876068,14.070402419876068,5.919597580123931,29.61279429776854
960,5.0,7.124838397184597,7.124838397184597,2.1248383971845968,42.496767943691935
3114,22.5,30.455454219640263,30.455454219640263,7.955454219640263,35.35757430951228
5198,3.8,5.865084058403287,5.865084058403287,2.0650840584032872,54.344317326402305
4628,13.0,17.742681017585983,17.742681017585983,4.7426810175859835,36.48216167373833
1632,12.19,13.612952968376725,13.612952968376725,1.422952968376725,11.673117049850083
3305,4.8,4.853569386044256,4.853569386044256,0.05356938604425654,1.1160288759220114
5935,21.3,22.02323739907159,22.02323739907159,0.7232373990715892,3.395480746814973
5419,9.5,8.949641348465086,8.949641348465086,0.5503586515349141,5.7932489635254125
2477,3.0,5.076997347962651,5.076997347962651,2.076997347962651,69.23324493208837
5506,16.45,15.791194104216725,15.791194104216725,0.6588058957832743,4.0048990625123055
6399,22.45,15.620249690495255,15.620249690495255,6.829750309504744,30.422050376413118
5517,51.999,39.84757442726885,39.84757442726885,12.15142557273115,23.368575497088692
534,6.9,8.365513498005164,8.365513498005164,1.4655134980051638,21.23932605804585
5701,26.69,23.753855069449337,23.753855069449337,2.9361449305506646,11.000917686589226
2794,20.3,13.06380028230452,13.06380028230452,7.236199717695481,35.646304028056555
585,4.5,4.125054149239663,4.125054149239663,0.37494585076033715,8.332130016896382
6722,50.9,50.78618341503881,50.78618341503881,0.11381658496118519,0.22360822192767227
4970,25.0,21.625886078723276,21.625886078723276,3.3741139212767237,13.496455685106895
1451,2.75,4.538581796183541,4.538581796183541,1.788581796183541,65.03933804303786
6275,25.49,23.040568523638463,23.040568523638463,2.4494314763615357,9.609382017895394
1410,30.5,21.084329044395552,21.084329044395552,9.415670955604448,30.871052313457202
5684,20.59,37.32207011039934,37.32207011039934,16.732070110399338,81.26308941427556
4536,10.0,10.751162483631353,10.751162483631353,0.7511624836313526,7.511624836313527
866,15.0,9.915223714100852,9.915223714100852,5.084776285899148,33.89850857266099
4638,2.0,-0.038033373939622805,0.0,2.0,100.0
6358,54.8,42.62247464731977,42.62247464731977,12.177525352680227,22.221761592482167
4679,3.95,8.479311459544387,8.479311459544387,4.529311459544387,114.66611289985791
742,7.1,5.7063952202185,5.7063952202185,1.3936047797814997,19.6282363349507
1544,6.9,5.674443713570145,5.674443713570145,1.225556286429855,17.761685310577608
5509,53.29,46.522579154402045,46.522579154402045,6.767420845597954,12.699232211668143
2706,18.9,14.597744724882078,14.597744724882078,4.30225527511792,22.76325542390434
3734,7.89,6.178293645785674,6.178293645785674,1.7117063542143258,21.694630598407173
2589,8.2,9.813191578534251,9.813191578534251,1.613191578534252,19.673068030905515
5283,2.5,3.908790121102811,3.908790121102811,1.408790121102811,56.351604844112444
6816,50.709,42.322315132939465,42.322315132939465,8.386684867060538,16.53884885732422
5944,15.9,17.752799409221655,17.752799409221655,1.8527994092216549,11.65282647309217
4253,3.7,3.132364781513523,3.132364781513523,0.567635218486477,15.341492391526405
748,16.5,11.734676140562776,11.734676140562776,4.765323859437224,28.880750663255906
4055,5.79,7.679745274547866,7.679745274547866,1.8897452745478658,32.638087643313746
401,5.3,5.522110035305063,5.522110035305063,0.22211003530506357,4.190755383114407
3749,20.8,19.99233182342499,19.99233182342499,0.8076681765750102,3.883020079687549
157,7.5,6.94220495450348,6.94220495450348,0.5577950454965199,7.437267273286932
5434,98.19,102.5815421238446,102.5815421238446,4.3915421238446015,4.472494270134027
6483,29.5,26.202532318452437,26.202532318452437,3.2974676815475625,11.177856547618855
5749,14.3,14.444636066367039,14.444636066367039,0.1446360663670383,1.0114410235457223
4528,12.0,13.977126276544869,13.977126276544869,1.977126276544869,16.476052304540577
1820,8.9,5.561134110590318,5.561134110590318,3.338865889409682,37.5153470720189
2922,9.0,9.101739492947186,9.101739492947186,0.10173949294718554,1.1304388105242837
2864,15.3,5.654138336517132,5.654138336517132,9.645861663482869,63.044847473744234
3362,3.3,2.668089187929576,2.668089187929576,0.6319108120704238,19.14881248698254
5281,1.6,2.5748098371222756,2.5748098371222756,0.9748098371222755,60.925614820142215
3803,1.4,2.9616794154707176,2.9616794154707176,1.5616794154707176,111.54852967647983
4237,5.4,10.570466643359147,10.570466643359147,5.170466643359147,95.74938228442863
7295,47.59,41.47312114716138,41.47312114716138,6.116878852838624,12.853286095479351
2666,4.8,4.791532638253784,4.791532638253784,0.008467361746215651,0.17640336971282608
1782,13.0,7.491135642428542,7.491135642428542,5.508864357571458,42.3758796736266
5910,45.3565,41.824516425280585,41.824516425280585,3.531983574719412,7.7871607701639505
2415,8.0,9.88275306899683,9.88275306899683,1.8827530689968306,23.534413362460384
535,11.9,10.554559216777196,10.554559216777196,1.345440783222804,11.306225069099192
5978,119.9,99.97432270579183,99.97432270579183,19.92567729420817,16.618579895086047
2406,1.5,1.9077172566822416,1.9077172566822416,0.40771725668224157,27.18115044548277
3098,5.8,5.62414318580209,5.62414318580209,0.17585681419790955,3.0320140378949922
5359,8.0,10.908661644023953,10.908661644023953,2.9086616440239528,36.35827055029941
5154,8.4,7.624653958115936,7.624653958115936,0.7753460418840641,9.230310022429332
1966,8.9,3.4262678946357994,3.4262678946357994,5.473732105364201,61.50260792544046
5416,10.5,10.374393258110578,10.374393258110578,0.12560674188942222,1.1962546846611641
1176,7.86,10.132481023258299,10.132481023258299,2.2724810232582984,28.91197230608522
5902,21.5,25.830248776226824,25.830248776226824,4.330248776226824,20.140691982450345
1760,2.8,2.211550302801477,2.211550302801477,0.5884496971985227,21.016060614232952
997,5.2,7.83899454344437,7.83899454344437,2.63899454344437,50.74989506623788
473,6.2,5.652100928938783,5.652100928938783,0.5478990710612175,8.83708179130996
2266,2.1,1.2223578572761618,1.2223578572761618,0.8776421427238383,41.79248298684944
4205,15.7,14.929705049341068,14.929705049341068,0.7702949506589309,4.90633726534351
1882,5.2,7.422382233833709,7.422382233833709,2.2223822338337085,42.73811988141747
4222,18.9,14.625340931486267,14.625340931486267,4.274659068513731,22.617243748749903
2578,10.8,9.795682524917604,9.795682524917604,1.0043174750823969,9.299235880392564
3783,2.6,3.8114721500161526,3.8114721500161526,1.2114721500161525,46.59508269292894
469,14.9,15.07867423696825,15.07867423696825,0.17867423696825036,1.1991559528070495
5097,14.9,11.859106747975158,11.859106747975158,3.0408932520248424,20.40867954379089
7040,17.29,21.46557429716391,21.46557429716391,4.175574297163912,24.15022728261372
4712,10.0,13.520258620277803,13.520258620277803,3.5202586202778026,35.20258620277802
3997,7.0,8.067810950637341,8.067810950637341,1.067810950637341,15.254442151962014
247,6.5,3.5137901434702954,3.5137901434702954,2.9862098565297046,45.941690100456995
3780,17.9,10.351516919688962,10.351516919688962,7.548483080311037,42.170296538050486
2182,9.9,16.1796946961457,16.1796946961457,6.2796946961456985,63.43125955702725
3395,6.5,10.653431115417497,10.653431115417497,4.153431115417497,63.89894023719227
7097,83.99,81.1262625227731,81.1262625227731,2.8637374772268913,3.409617189221207
811,4.0,3.547485159109492,3.547485159109492,0.4525148408905082,11.312871022262705
6502,26.8,22.811828238467356,22.811828238467356,3.9881717615326444,14.881237916166585
1419,7.4,8.039500616385446,8.039500616385446,0.6395006163854458,8.641900221424942
6733,13.9,16.773544957442603,16.773544957442603,2.8735449574426024,20.67298530534246
3625,3.9,4.005526265345514,4.005526265345514,0.10552626534551424,2.705801675526006
228,9.0,6.118390249808904,6.118390249808904,2.881609750191096,32.017886113234404
7107,45.5,37.11673348638399,37.11673348638399,8.383266513616007,18.42476156838683
17,18.0,25.223661045960668,25.223661045960668,7.223661045960668,40.13145025533704
1407,10.6,10.908661644023953,10.908661644023953,0.30866164402395313,2.9119023021127655
7070,59.99,66.39619096003034,66.39619096003034,6.406190960030337,10.678764727505145
2392,13.5,14.563446097521046,14.563446097521046,1.0634460975210462,7.877378500155897
6272,47.9,31.709262922757667,31.709262922757667,16.190737077242332,33.80112124685247
5439,109.0,95.46416187144798,95.46416187144798,13.535838128552015,12.41820011793763
6745,45.49,38.91925130516533,38.91925130516533,6.57074869483467,14.444380511837041
5879,10.99,16.782053138320332,16.782053138320332,5.792053138320332,52.70294029408855
2440,3.9,5.512548960979043,5.512548960979043,1.6125489609790429,41.3474092558729
5831,17.9,19.864489981253037,19.864489981253037,1.9644899812530383,10.974804364542114
5853,13.5,12.686297137148227,12.686297137148227,0.8137028628517733,6.027428613716839
4844,9.0,8.146514377747966,8.146514377747966,0.853485622252034,9.483173580578155
6915,25.49,44.11984836380983,44.11984836380983,18.62984836380983,73.08689040333398
6092,21.69,23.018940690908373,23.018940690908373,1.3289406909083716,6.126974139734308
5461,23.2,18.774791425232827,18.774791425232827,4.425208574767172,19.07417489123781
2585,5.7,4.854020994362498,4.854020994362498,0.8459790056375018,14.841736941008804
543,9.9,5.674443713570145,5.674443713570145,4.225556286429855,42.6823867316147
6112,17.0,21.868499007580592,21.868499007580592,4.868499007580592,28.638229456356424
3794,16.5,12.913095816364688,12.913095816364688,3.586904183635312,21.738813234153405
4119,7.799999,4.62754100574017,4.62754100574017,3.1724579942598297,40.67254360237521
3153,12.0,5.81150058782362,5.81150058782362,6.18849941217638,51.570828434803175
1535,10.499,11.627739333969647,11.627739333969647,1.128739333969646,10.750922316121974
1832,14.5,24.017705804954815,24.017705804954815,9.517705804954815,65.63935037899873
6746,33.79,36.858082041271686,36.858082041271686,3.068082041271687,9.07985214936871
3590,8.99,7.651287589840679,7.651287589840679,1.3387124101593209,14.89112803291792
3289,2.0,3.688626333568342,3.688626333568342,1.688626333568342,84.4313166784171
96,3.8,2.72352029160953,2.72352029160953,1.0764797083904698,28.328413378696577
6679,62.99,57.0235093069559,57.0235093069559,5.966490693044101,9.472123659381014
2094,5.7,5.674443713570145,5.674443713570145,0.025556286429854858,0.4483559022781554
4773,8.0,9.130722554056181,9.130722554056181,1.130722554056181,14.134031925702262
2927,9.5,9.16794038606129,9.16794038606129,0.33205961393871064,3.4953643572495854
7038,44.5,34.772061519189364,34.772061519189364,9.727938480810636,21.86053591193401
156,12.99,9.321745987217135,9.321745987217135,3.6682540127828656,28.239060914417745
1022,6.4,5.608891995674826,5.608891995674826,0.7911080043251744,12.361062567580849
5447,24.49,30.910227947794176,30.910227947794176,6.420227947794178,26.215712322556872
4966,5.8,5.467930658633913,5.467930658633913,0.3320693413660871,5.725333471829089
6458,49.5,48.881749620009415,48.881749620009415,0.6182503799905845,1.2489906666476454
2716,12.5,16.10681728643615,16.10681728643615,3.6068172864361507,28.854538291489206
1287,15.0,15.14798944302347,15.14798944302347,0.1479894430234694,0.9865962868231293
696,18.0,17.920840002754982,17.920840002754982,0.07915999724501788,0.43977776247232153
425,25.0,25.468151638737204,25.468151638737204,0.4681516387372042,1.8726065549488171
6872,47.39,37.08189177597133,37.08189177597133,10.308108224028672,21.75165272004362
712,10.9,13.52117650812844,13.52117650812844,2.621176508128439,24.047490900260907
4173,2.45,2.1432760564119295,2.1432760564119295,0.30672394358807065,12.519344636247782
1811,16.0,16.621593305638797,16.621593305638797,0.6215933056387968,3.88495816024248
5096,18.7,25.73533178085868,25.73533178085868,7.03533178085868,37.62209508480578
6480,17.9,23.5135342024764,23.5135342024764,5.6135342024764014,31.36052627081789
447,31.49,26.30807311435362,26.30807311435362,5.18192688564638,16.455785600655386
6748,15.899,13.75360445120656,13.75360445120656,2.1453955487934397,13.493902439105854
4080,5.99,6.708325941066487,6.708325941066487,0.7183259410664871,11.992085827487262
1009,5.3,2.677802690794028,2.677802690794028,2.622197309205972,49.475420928414565
592,1.5,2.09781471953408,2.09781471953408,0.5978147195340799,39.854314635605334
6096,29.85,31.28484898132041,31.28484898132041,1.4348489813204068,4.8068642590298385
1242,8.5,5.028752062170113,5.028752062170113,3.4712479378298866,40.83821103329278
3058,8.4,8.400626776443751,8.400626776443751,0.0006267764437506429,0.007461624330364796
131,15.8,17.742681017585983,17.742681017585983,1.9426810175859828,12.295449478392296
2404,4.5,5.848397735231018,5.848397735231018,1.3483977352310177,29.964394116244836
2306,8.95,9.240982404927866,9.240982404927866,0.29098240492786687,3.2512000550599653
6277,62.5,74.56518686997623,74.56518686997623,12.06518686997623,19.304298991961968
7103,20.89,19.00079893378308,19.00079893378308,1.8892010662169199,9.043566616643943
624,8.5,4.806121653980499,4.806121653980499,3.693878346019501,43.45739230611178
2986,6.0,5.1392986475079905,5.1392986475079905,0.8607013524920095,14.345022541533492
2127,8.3,7.914468835561487,7.914468835561487,0.38553116443851376,4.644953788415828
6539,43.9,38.868302912651984,38.868302912651984,5.0316970873480145,11.46172457254673
4739,3.9,4.617167197984276,4.617167197984276,0.7171671979842764,18.388902512417342
3686,17.9,21.047955439472243,21.047955439472243,3.147955439472245,17.586343237275113
3844,6.0,5.966668586827771,5.966668586827771,0.03333141317222932,0.5555235528704887
2815,9.9,8.140899773992029,8.140899773992029,1.7591002260079716,17.76868915159567
2579,3.999999,7.204751905406142,7.204751905406142,3.204752905406142,80.11884266486422
1945,5.6,9.709471826603325,9.709471826603325,4.109471826603325,73.38342547505938
2436,6.99,4.617167197984276,4.617167197984276,2.372832802015724,33.94610589435943
93,6.5,5.713713294070814,5.713713294070814,0.7862867059291858,12.096718552756705
6701,35.19,22.75003221199081,22.75003221199081,12.439967788009188,35.35086043765044
1375,4.868,5.9878859989850834,5.9878859989850834,1.1198859989850831,23.005053389175906
3903,5.6,10.052247660379901,10.052247660379901,4.452247660379902,79.50442250678397
3477,13.5,9.441264807106602,9.441264807106602,4.058735192893398,30.064705132543683
6022,42.99,45.8304381991599,45.8304381991599,2.840438199159898,6.607206790323093
2223,8.8,5.522110035305063,5.522110035305063,3.2778899646949373,37.2487495988061
1087,13.9,15.714731862044834,15.714731862044834,1.8147318620448338,13.055624906797364
2531,2.5,4.143196019287814,4.143196019287814,1.6431960192878137,65.72784077151255
6729,78.99,60.79428461807775,60.79428461807775,18.19571538192225,23.035466998255792
6880,17.375,18.798885821380747,18.798885821380747,1.4238858213807468,8.195026310105018
764,1.8,3.5096253889714646,3.5096253889714646,1.7096253889714645,94.97918827619247
4669,6.5,6.889704011117363,6.889704011117363,0.3897040111173631,5.99544632488251
476,12.99,13.612952968376725,13.612952968376725,0.6229529683767243,4.795634860482866
5594,56.5,52.557174468505195,52.557174468505195,3.9428255314948046,6.978452268132397
2622,1.5,3.0496631508288523,3.0496631508288523,1.5496631508288523,103.31087672192349
5111,5.7,6.204854536962994,6.204854536962994,0.504854536962994,8.857097139701649
6466,21.6,22.635132302811208,22.635132302811208,1.0351323028112063,4.79227917968151
4461,10.0,8.769987536185628,8.769987536185628,1.2300124638143721,12.300124638143721
6338,13.5,14.0984817119256,14.0984817119256,0.5984817119256007,4.433197866115561
7034,23.29,19.960662440603805,19.960662440603805,3.329337559396194,14.295137653053647
2181,20.0,17.526413584148585,17.526413584148585,2.4735864158514147,12.367932079257073
6334,34.0,31.895310794788408,31.895310794788408,2.104689205211592,6.190262368269389
2620,10.0,6.2141264789231165,6.2141264789231165,3.7858735210768835,37.858735210768835
5170,8.9,14.323911018529687,14.323911018529687,5.423911018529687,60.94282043291782
752,6.8,6.634017073358489,6.634017073358489,0.1659829266415107,2.4409253917869225
2283,11.5,10.88054788024537,10.88054788024537,0.6194521197546301,5.386540171779393
2799,8.0,5.907539250133894,5.907539250133894,2.092460749866106,26.155759373326326
3049,14.9,18.488084857189065,18.488084857189065,3.588084857189065,24.081106424087682
351,3.5,5.970001225981161,5.970001225981161,2.470001225981161,70.57146359946174
487,1.8,2.7448610443089585,2.7448610443089585,0.9448610443089585,52.49228023938658
927,5.0,5.522110035305063,5.522110035305063,0.5221100353050634,10.442200706101268
3318,6.5,6.512490638265074,6.512490638265074,0.012490638265074239,0.19216366561652676
1061,18.0,13.323760215568502,13.323760215568502,4.676239784431498,25.979109913508324
6018,39.39,36.84212123754644,36.84212123754644,2.547878762453557,6.468339077059043
2191,3.5,5.1188791584856865,5.1188791584856865,1.6188791584856865,46.25369024244819
4608,2.1,3.8539545685837773,3.8539545685837773,1.7539545685837772,83.521646123037
6128,27.9,19.743160636633515,19.743160636633515,8.156839363366483,29.235983381241876
561,12.99,13.272694503736984,13.272694503736984,0.2826945037369839,2.1762471419321314
3535,9.9,9.243178953394887,9.243178953394887,0.6568210466051134,6.634556026314277
5501,21.99,19.527793288103982,19.527793288103982,2.462206711896016,11.19693820780362
2966,9.5,10.080410584008833,10.080410584008833,0.5804105840088329,6.1095850948298205
6026,37.49,43.79953058724409,43.79953058724409,6.30953058724409,16.82990287341715
334,13.5,15.440677251667067,15.440677251667067,1.9406772516670667,14.37538704938568
2225,6.8,5.803040636995206,5.803040636995206,0.9969593630047937,14.661167103011671
4847,13.0,9.76038384687558,9.76038384687558,3.2396161531244196,24.920124254803227
5507,25.5,17.454746265613668,17.454746265613668,8.045253734386332,31.55001464465228
3213,12.5,5.98071051652253,5.98071051652253,6.51928948347747,52.154315867819754
1103,7.9,7.905270228593026,7.905270228593026,0.0052702285930257275,0.0667117543420978
2110,26.99,21.084329044395552,21.084329044395552,5.905670955604446,21.8809594501832
23,12.99,14.059954138173728,14.059954138173728,1.0699541381737276,8.2367524108832
4151,21.99,23.23804588562116,23.23804588562116,1.2480458856211598,5.675515623561436
1005,3.2,3.240353198127009,3.240353198127009,0.04035319812700866,1.2610374414690206
1643,9.7,12.768172076959218,12.768172076959218,3.0681720769592182,31.630639968651735
2550,59.7,49.6169886373263,49.6169886373263,10.083011362673702,16.889466269135177
3038,8.69,6.2553036157239585,6.2553036157239585,2.434696384276041,28.017219611922222
4030,1.7,4.681006924436918,4.681006924436918,2.981006924436918,175.3533484962893
3817,7.999,8.23862529552011,8.23862529552011,0.2396252955201108,2.9956906553333016
1671,14.9,15.533309879279798,15.533309879279798,0.633309879279798,4.25040187436106
1372,14.3,13.52117650812844,13.52117650812844,0.7788234918715613,5.446318124975953
3203,30.99,25.93558173608372,25.93558173608372,5.054418263916279,16.309836282401676
445,6.9,7.347724558864807,7.347724558864807,0.4477245588648069,6.48876172267836
5433,62.99,44.75741350791792,44.75741350791792,18.232586492082085,28.945207956948853
7125,59.999,55.34815771093341,55.34815771093341,4.6508422890665955,7.75153300732778
3399,22.5,20.927302142282254,20.927302142282254,1.5726978577177455,6.989768256523313
3939,2.0,2.9197369556706025,2.9197369556706025,0.9197369556706025,45.98684778353012
5206,20.49,20.699947363935223,20.699947363935223,0.20994736393522473,1.0246333037346254
6378,83.79,75.10250036450235,75.10250036450235,8.687499635497659,10.368181925644656
2592,16.99,13.612952968376725,13.612952968376725,3.377047031623274,19.876674700548993
3887,11.0,14.236583527255853,14.236583527255853,3.2365835272558527,29.423486611416845
3518,1.2,3.8345515125942295,3.8345515125942295,2.6345515125942294,219.54595938285246
4295,10.9,11.569017877880151,11.569017877880151,0.669017877880151,6.137778696148174
1128,10.8,9.584850784140174,9.584850784140174,1.2151492158598263,11.251381628331723
2570,7.5,5.674443713570145,5.674443713570145,1.8255562864298547,24.340750485731398
5277,9.6,9.017703509157851,9.017703509157851,0.5822964908421486,6.065588446272382
1783,10.6,8.392186892953927,8.392186892953927,2.207813107046073,20.828425538170503
2523,18.0,14.86247576600886,14.86247576600886,3.13752423399114,17.430690188839666
4248,5.15,3.148554949068197,3.148554949068197,2.001445050931803,38.863010697704915
1844,6.49,5.881293487935549,5.881293487935549,0.608706512064451,9.379145024105563
5291,7.9,5.737627370902183,5.737627370902183,2.162372629097817,27.371805431617936
6129,24.49,24.137908233872558,24.137908233872558,0.3520917661274403,1.4376960642198462
6060,5.69,11.51717522289368,11.51717522289368,5.82717522289368,102.41081235314024
2515,6.699,7.795421496173822,7.795421496173822,1.0964214961738223,16.366942770172002
5040,17.5,14.323911018529687,14.323911018529687,3.176088981470313,18.149079894116074
6799,56.99,30.475492070178095,30.475492070178095,26.514507929821907,46.5248428317633
3554,3.5,4.8415456317830134,4.8415456317830134,1.3415456317830134,38.32987519380038
3878,4.2,8.820050719139807,8.820050719139807,4.620050719139807,110.00120759856684
5945,29.7,29.39151316297767,29.39151316297767,0.30848683702232904,1.0386762189304009
2264,14.5,11.372655368051781,11.372655368051781,3.127344631948219,21.567894013435993
2462,4.9,6.200546028749347,6.200546028749347,1.3005460287493467,26.541755688762176
1775,6.6,9.146880996718743,9.146880996718743,2.546880996718743,38.58910601089004
6861,28.05,23.780295103230756,23.780295103230756,4.269704896769245,15.221764337858268
378,7.8,8.039500616385446,8.039500616385446,0.23950061638544629,3.070520722890337
6853,9.999,12.341304034678757,12.341304034678757,2.3423040346787563,23.42538288507607
4913,1.6,0.5512501627012956,0.5512501627012956,1.0487498372987045,65.54686483116903
5246,8.2,12.913095816364688,12.913095816364688,4.713095816364689,57.476778248349866
199,1.5,3.1158458189234626,3.1158458189234626,1.6158458189234626,107.7230545948975
2446,11.0,14.242162311630816,14.242162311630816,3.242162311630816,29.474202833007418
2957,3.8,6.245086894410964,6.245086894410964,2.445086894410964,64.34439195818327
1328,11.49,11.495432313915167,11.495432313915167,0.005432313915166631,0.04727862415288626
1193,10.5,8.400626776443751,8.400626776443751,2.099373223556249,19.994030700535706
5686,12.75,11.622327016401604,11.622327016401604,1.127672983598396,8.844493989007027
1075,9.3,13.272694503736984,13.272694503736984,3.9726945037369834,42.71714520147294
5427,3.4,4.799908857122464,4.799908857122464,1.399908857122464,41.17378991536659
6969,24.5,21.470397210697868,21.470397210697868,3.029602789302132,12.365725670620947
2063,10.5,14.359499787222536,14.359499787222536,3.8594997872225356,36.757140830690815
965,14.5,15.714731862044834,15.714731862044834,1.2147318620448342,8.377461117550581
5060,9.49,8.400626776443751,8.400626776443751,1.0893732235562492,11.479169900487346
1467,9.4,8.597845924455745,8.597845924455745,0.8021540755442551,8.53355399515165
5975,18.46,20.420504667261856,20.420504667261856,1.960504667261855,10.620285304777113
3296,51.0,25.4303527905426,25.4303527905426,25.5696472094574,50.13656315579883
5414,7.5,7.75540146035908,7.75540146035908,0.25540146035907973,3.40535280478773
7126,29.95,26.840712030501095,26.840712030501095,3.1092879694989044,10.381595891482153
5724,62.05,45.70551750533595,45.70551750533595,16.34448249466405,26.340825938217648
2755,6.0,6.436327870432596,6.436327870432596,0.4363278704325957,7.272131173876595
4022,6.5,7.621371782504051,7.621371782504051,1.1213717825040508,17.251873576985396
3091,6.5,7.9344734795717535,7.9344734795717535,1.4344734795717535,22.068822762642363
2022,5.89,5.865084058403287,5.865084058403287,0.02491594159671262,0.423021079740452
5090,8.6,12.543659319876909,12.543659319876909,3.943659319876909,45.856503719498946
2907,7.0,6.5836095649870465,6.5836095649870465,0.4163904350129535,5.948434785899336
5744,42.345,29.093029131815264,29.093029131815264,13.251970868184735,31.295243519151576
5769,15.1,15.000650807926768,15.000650807926768,0.09934919207323212,0.6579416693591531
6155,18.49,18.76047476901141,18.76047476901141,0.2704747690114111,1.4628164900563068
6547,13.79,11.79388865717532,11.79388865717532,1.9961113428246797,14.475064124907034
2850,6.699999,6.634017073358489,6.634017073358489,0.06598192664151092,0.9848050222322559
2132,16.5,10.848997785573454,10.848997785573454,5.651002214426546,34.24849826925179
6114,86.19,88.76878930271388,88.76878930271388,2.5787893027138864,2.9919820196239546
6570,20.79,21.34126447954261,21.34126447954261,0.5512644795426098,2.6515847981847513
6434,31.0,30.25963888072085,30.25963888072085,0.7403611192791502,2.3882616750940326
4246,7.5,5.6749444776307065,5.6749444776307065,1.8250555223692935,24.33407363159058
1701,4.5,8.444440968443311,8.444440968443311,3.9444409684433115,87.65424374318471
6332,39.999,30.08443269348721,30.08443269348721,9.914567306512794,24.78703794223054
3927,19.5,21.72119541651482,21.72119541651482,2.2211954165148207,11.390745725717029
5780,66.99,70.6029257003245,70.6029257003245,3.61292570032451,5.3932313783020005
547,12.4,11.530134821097194,11.530134821097194,0.8698651789028062,7.015041765345212
6811,37.99,43.433413119241166,43.433413119241166,5.443413119241164,14.328542035380796
6203,33.3,37.810832083654816,37.810832083654816,4.510832083654819,13.546042293257715
1263,19.9,16.22663829716125,16.22663829716125,3.673361702838747,18.459104034365563
5231,2.299,3.9579413611351963,3.9579413611351963,1.6589413611351964,72.15925885755532
3011,13.29,13.165224275966247,13.165224275966247,0.1247757240337517,0.93886925533297
5865,13.69,14.524482383608815,14.524482383608815,0.8344823836088153,6.09556160415497
1789,11.9,9.121335505239891,9.121335505239891,2.7786644947601093,23.3501218047068
6610,21.49,28.740718225544445,28.740718225544445,7.250718225544446,33.73996382291506
3018,6.4,5.165626075878663,5.165626075878663,1.2343739241213374,19.2870925643959
5494,26.59,26.094078221117286,26.094078221117286,0.49592177888271394,1.8650687434475892
4715,13.8,14.0360306903488,14.0360306903488,0.23603069034879987,1.710367321368115
2199,5.9,8.066195707428118,8.066195707428118,2.166195707428118,36.7151814818325
1244,2.5,1.9606422065639837,1.9606422065639837,0.5393577934360163,21.574311737440652
7130,10.89,23.965699288981952,23.965699288981952,13.075699288981951,120.07070054161571
5008,38.0,4.231159336873828,4.231159336873828,33.76884066312617,88.86537016612151
5482,12.726,11.259047746717622,11.259047746717622,1.466952253282379,11.527206139261189
4837,8.5,9.915223714100852,9.915223714100852,1.4152237141008523,16.649690754127676
7202,35.29,36.54026692026229,36.54026692026229,1.2502669202622911,3.5428362716415167
6764,20.99,21.81118829359993,21.81118829359993,0.8211882935999313,3.9122834378272096
3915,5.2,6.1164746977365585,6.1164746977365585,0.9164746977365583,17.624513418010736
6083,32.299,32.55954408960339,32.55954408960339,0.2605440896033926,0.8066630223950978
518,13.29,15.607391863615451,15.607391863615451,2.317391863615452,17.43710958326149
611,12.5,12.101889800606598,12.101889800606598,0.3981101993934022,3.1848815951472176
5806,11.22,10.057377553280482,10.057377553280482,1.162622446719519,10.362053892330827
5672,16.5,21.825194106411587,21.825194106411587,5.325194106411587,32.27390367522174
2288,7.5,5.6488389510404335,5.6488389510404335,1.8511610489595665,24.68214731946089
957,10.99,9.041585108515122,9.041585108515122,1.9484148914848785,17.728979904321005
4401,6.15,8.246857260248186,8.246857260248186,2.0968572602481856,34.09524000403554
491,25.8,13.950338054348325,13.950338054348325,11.849661945651675,45.92892226996773
1330,4.9,5.966668586827771,5.966668586827771,1.0666685868277703,21.768746669954496
3458,21.5,16.395055975332088,16.395055975332088,5.104944024667912,23.74392569612982
323,5.89,3.4525410475879745,3.4525410475879745,2.437458952412025,41.383004285433366
5362,7.2,10.81407801236827,10.81407801236827,3.61407801236827,50.195527949559306
7010,22.79,21.21575213875235,21.21575213875235,1.574247861247649,6.907625542991
4247,10.5,12.694799987800392,12.694799987800392,2.1947999878003923,20.9028570266704
2031,4.75,3.126417019462737,3.126417019462737,1.6235829805372628,34.18069432710027
5516,32.0,48.000682045830075,48.000682045830075,16.000682045830075,50.00213139321899
1153,6.3,5.325549698427759,5.325549698427759,0.974450301572241,15.467465104321288
6685,15.7,16.691121838558246,16.691121838558246,0.9911218385582465,6.312877952600298
7286,6.6,9.389636031299093,9.389636031299093,2.789636031299093,42.2672125954408
6854,21.69,22.62254618323754,22.62254618323754,0.9325461832375375,4.29942915277795
1606,6.4,7.048603266492556,7.048603266492556,0.6486032664925556,10.13442603894618
324,23.9,25.17478165431664,25.17478165431664,1.2747816543166408,5.333814453207703
2083,7.99,5.996941364547601,5.996941364547601,1.9930586354523996,24.94441345997997
2687,10.8,10.830862208888263,10.830862208888263,0.030862208888262188,0.2857611934098351
6858,35.35,29.866859550560832,29.866859550560832,5.483140449439169,15.511005514679402
586,7.89,5.673365820143653,5.673365820143653,2.2166341798563467,28.094222811867514
4125,9.8,13.403415484247263,13.403415484247263,3.6034154842472628,36.769545757625124
3245,8.99,11.311572388756487,11.311572388756487,2.3215723887564863,25.82394203288639
4556,4.4,7.893083855427747,7.893083855427747,3.493083855427747,79.38826944153969
706,24.9,21.552823476157293,21.552823476157293,3.3471765238427054,13.442475999368295
1978,6.4,6.066890641269572,6.066890641269572,0.3331093587304288,5.2048337301629495
4160,7.4,2.850928123386888,2.850928123386888,4.549071876613112,61.47394427855557
4995,4.39,3.9825285928531766,3.9825285928531766,0.40747140714682306,9.28180881883424
6812,9.8,12.743093577026423,12.743093577026423,2.9430935770264224,30.031567112514512
6202,17.34,15.400750355447922,15.400750355447922,1.9392496445520777,11.183677304221902
5939,27.79,23.789096128789694,23.789096128789694,4.000903871210305,14.396919291868675
6218,29.3,25.707378484265732,25.707378484265732,3.592621515734269,12.261506879639143
4453,9.5,9.9708157899239,9.9708157899239,0.4708157899239005,4.955955683409479
3801,8.9,9.915223714100852,9.915223714100852,1.015223714100852,11.407008023605078
2572,56.99,33.779879357216096,33.779879357216096,23.210120642783906,40.726654926801025
208,2.25,5.309010431495619,5.309010431495619,3.0590104314956186,135.95601917758304
3682,29.8,23.50386297902776,23.50386297902776,6.2961370209722425,21.127976580443768
747,2.5,3.946746126078736,3.946746126078736,1.446746126078736,57.86984504314944
5101,9.9,7.000253632944977,7.000253632944977,2.899746367055023,29.29036734399013
6260,40.99,40.21384521182772,40.21384521182772,0.7761547881722848,1.8935222936625633
798,5.0,4.520374390703518,4.520374390703518,0.4796256092964821,9.592512185929642
88,6.99,12.89206336515366,12.89206336515366,5.90206336515366,84.43581352151159
734,1.7,7.337320567673505,7.337320567673505,5.6373205676735045,331.6070922160885
1221,4.8,7.227511182547566,7.227511182547566,2.4275111825475664,50.573149636407635
3574,14.5,9.146880996718743,9.146880996718743,5.3531190032812574,36.91806209159488
1480,6.9,5.808735745719417,5.808735745719417,1.091264254280583,15.815423975080915
3936,10.49,19.802426000241823,19.802426000241823,9.312426000241823,88.77431840078
6199,28.99,26.003542085811223,26.003542085811223,2.986457914188776,10.3016830430796
852,13.5,12.286807839228802,12.286807839228802,1.2131921607711984,8.986608598305173
486,7.89,6.18444399951958,6.18444399951958,1.7055560004804198,21.616679347026867
2678,3.6,3.9400629233168853,3.9400629233168853,0.34006292331688526,9.446192314357923
3195,4.0,6.325711849954857,6.325711849954857,2.325711849954857,58.14279624887142
1430,8.4,8.431989882676541,8.431989882676541,0.031989882676541015,0.38083193662548825
1536,14.9,18.403514062388076,18.403514062388076,3.503514062388076,23.51351719723541
1891,6.0,8.114976410239853,8.114976410239853,2.114976410239853,35.24960683733089
6513,39.99,21.081099734227884,21.081099734227884,18.908900265772118,47.284071682350884
1919,5.6,7.792164721750091,7.792164721750091,2.1921647217500917,39.14579860268021
4302,14.8,15.85594857747687,15.85594857747687,1.0559485774768689,7.134787685654518
198,5.0,4.015433822955451,4.015433822955451,0.9845661770445489,19.691323540890977
4629,6.6,5.702267081583871,5.702267081583871,0.8977329184161285,13.602013915395887
2882,3.85,6.892358618372447,6.892358618372447,3.042358618372447,79.0223017759077
1057,8.9,9.146880996718743,9.146880996718743,0.2468809967187422,2.773943783356654
73,7.0,8.537205742291087,8.537205742291087,1.5372057422910874,21.96008203272982
548,27.8,23.734972299041214,23.734972299041214,4.065027700958787,14.622401802010025
6352,13.69,15.27439783020315,15.27439783020315,1.5843978302031498,11.573395399584733
2963,4.0,4.897114761637743,4.897114761637743,0.8971147616377433,22.427869040943584
6569,27.3,38.23134031898398,38.23134031898398,10.931340318983981,40.041539629977954
1512,34.99,19.28557542405418,19.28557542405418,15.704424575945822,44.882608105018065
3912,10.9,8.633108657520157,8.633108657520157,2.266891342479843,20.797168279631588
1582,1.9,3.1704548917056545,3.1704548917056545,1.2704548917056546,66.86604693187657
6697,15.44,19.960662440603805,19.960662440603805,4.520662440603806,29.278901817382163
5822,10.08,9.84316850400111,9.84316850400111,0.23683149599889042,2.3495188095128015
2865,6.9,5.966668586827771,5.966668586827771,0.9333314131722297,13.526542219887386
3647,10.8,10.908661644023953,10.908661644023953,0.10866164402395206,1.0061263335551118
5349,20.499,12.567796647099062,12.567796647099062,7.931203352900937,38.69068419386769
4428,3.0,4.50138212204123,4.50138212204123,1.50138212204123,50.04607073470767
6213,25.55,22.367958134727246,22.367958134727246,3.1820418652727547,12.454175597936418
4359,28.8,27.9095066043012,27.9095066043012,0.890493395698801,3.0919909572875035
1452,3.6,7.659565314139999,7.659565314139999,4.0595653141399985,112.76570317055553
7037,24.89,26.0964090705685,26.0964090705685,1.206409070568501,4.846962919118123
2020,1.9,3.011045102574066,3.011045102574066,1.111045102574066,58.476058030214006
4903,29.49,30.360005759101615,30.360005759101615,0.8700057591016161,2.950172123098054
5220,6.9,5.702267081583871,5.702267081583871,1.1977329184161292,17.358448092987377
6818,12.35,15.47289346137989,15.47289346137989,3.12289346137989,25.286586731820975
4814,10.0,14.298837290587318,14.298837290587318,4.2988372905873184,42.988372905873184
5267,8.8,9.248261514591295,9.248261514591295,0.4482615145912945,5.093880847628346
2098,9.2,12.603418928740334,12.603418928740334,3.4034189287403347,36.99368400804712
1880,13.5,11.164692986793733,11.164692986793733,2.3353070132062665,17.298570468194566
937,9.5,8.400626776443751,8.400626776443751,1.099373223556249,11.572349721644725
7120,29.999,24.727906333528523,24.727906333528523,5.271093666471476,17.57089791816886
2855,13.5,13.063133016947384,13.063133016947384,0.4368669830526155,3.2360517263156705
6139,14.99,22.625750092091664,22.625750092091664,7.635750092091664,50.93895992055813
5985,12.49,11.865484048283122,11.865484048283122,0.6245159517168783,5.000127715907753
1295,7.0,15.162814071007983,15.162814071007983,8.162814071007983,116.61162958582831
1175,45.9,34.656163198202435,34.656163198202435,11.243836801797563,24.496376474504498
2197,5.5,4.439500256260903,4.439500256260903,1.060499743739097,19.28181352252904
2614,41.9,32.760766426986756,32.760766426986756,9.139233573013243,21.812013300747598
6148,27.36,18.009981133005553,18.009981133005553,9.350018866994446,34.17404556650017
4335,4.0,7.626113126399989,7.626113126399989,3.6261131263999893,90.65282815999973
4914,11.5,10.374393258110578,10.374393258110578,1.1256067418894222,9.787884712081931
1321,7.2,5.476370542123739,5.476370542123739,1.7236294578762612,23.939298026059184
1181,12.79,14.059954138173728,14.059954138173728,1.2699541381737287,9.929273949755503
6150,22.799,24.13091478047727,24.13091478047727,1.3319147804772697,5.841987720852975
3438,12.6,8.672156954953433,8.672156954953433,3.9278430450465667,31.173357500369576
6343,34.99,27.83510351137383,27.83510351137383,7.1548964886261714,20.448403797159678
4301,12.6,10.374393258110578,10.374393258110578,2.225606741889422,17.66354557055097
620,7.9,6.934595891337613,6.934595891337613,0.965404108662387,12.220305172941607
6864,24.89,20.22234746905822,20.22234746905822,4.66765253094178,18.753123868789796
5159,16.0,11.80859943424013,11.80859943424013,4.191400565759871,26.19625353599919
2492,15.5,11.204667088809778,11.204667088809778,4.295332911190222,27.711825233485303
478,14.0,15.570249050825147,15.570249050825147,1.5702490508251472,11.216064648751052
3968,5.3,7.579517092353748,7.579517092353748,2.279517092353748,43.009756459504686
2276,3.7,5.958803400282692,5.958803400282692,2.2588034002826918,61.04874054818086
5227,6.9,7.846045790622662,7.846045790622662,0.9460457906226614,13.710808559748713
1897,12.5,7.374883504084764,7.374883504084764,5.125116495915236,41.00093196732189
7044,14.766,13.945799402013698,13.945799402013698,0.8202005979863021,5.5546566300034
2206,1.4,2.1805542926090915,2.1805542926090915,0.7805542926090916,55.753878043506546
1033,4.5,5.798004422563659,5.798004422563659,1.2980044225636593,28.844542723636874
5948,10.59,8.155330516481055,8.155330516481055,2.4346694835189453,22.990268966184562
286,12.3,17.742681017585983,17.742681017585983,5.442681017585983,44.249439167365715
550,3.2,2.6950872370359136,2.6950872370359136,0.5049127629640866,15.778523842627706
7008,10.099,10.623373435600413,10.623373435600413,0.5243734356004133,5.19233028617104
5668,25.79,28.045525205158768,28.045525205158768,2.2555252051587686,8.745735576420197
5015,2.5,2.5512866584547407,2.5512866584547407,0.051286658454740675,2.051466338189627
2825,12.5,11.77701489576674,11.77701489576674,0.7229851042332598,5.783880833866078
1055,10.799,13.891099051763957,13.891099051763957,3.0920990517639577,28.63319799762902
2091,6.5,5.762709478881128,5.762709478881128,0.7372905211188723,11.342931094136496
6540,25.79,22.62254618323754,22.62254618323754,3.1674538167624604,12.281713132076232
2571,3.5,4.000933183233606,4.000933183233606,0.5009331832336059,14.31237666381731
1677,10.3,7.522511486878218,7.522511486878218,2.7774885131217824,26.96590789438623
1174,1.8,1.9606422065639837,1.9606422065639837,0.16064220656398365,8.924567031332424
6021,78.2,76.08620506776495,76.08620506776495,2.113794932235052,2.703062573190604
5916,12.54,22.919730970915097,22.919730970915097,10.379730970915098,82.77297424972167
5389,3.9,6.0706333493729225,6.0706333493729225,2.1706333493729226,55.65726536853648
2087,14.0,12.636306374995376,12.636306374995376,1.3636936250046237,9.740668750033025
1370,46.5,33.779879357216096,33.779879357216096,12.720120642783904,27.355098156524527
6314,16.899,20.507988645401003,20.507988645401003,3.608988645401002,21.356226080839114
2934,5.0,5.700519598875513,5.700519598875513,0.7005195988755126,14.010391977510253
3107,16.99,16.185897419669857,16.185897419669857,0.8041025803301416,4.732799177929027
1188,7.8,5.601898272649036,5.601898272649036,2.1981017273509638,28.180791376294405
2029,6.699999,7.83899454344437,7.83899454344437,1.13899554344437,16.999936021548212
4209,4.888888,6.889704011117363,6.889704011117363,2.0008160111173634,40.925789486635075
5027,4.5,5.2123957889512,5.2123957889512,0.7123957889512003,15.831017532248895
7009,23.5,29.412364899024013,29.412364899024013,5.912364899024013,25.15899957031495
7093,40.9,50.26407481631366,50.26407481631366,9.36407481631366,22.895048450644648
3956,7.2,12.101990312145974,12.101990312145974,4.901990312145974,68.08319877980519
833,9.0,7.0977310491960255,7.0977310491960255,1.9022689508039745,21.136321675599717
1393,5.4,7.443017537021982,7.443017537021982,2.0430175370219814,37.833658092999656
549,24.9,23.053995371471046,23.053995371471046,1.8460046285289522,7.413673206943583
1020,5.5,5.674443713570145,5.674443713570145,0.17444371357014532,3.171703883093551
248,3.6,4.789912516994068,4.789912516994068,1.189912516994068,33.053125472057445
2648,6.5,4.941744808935653,4.941744808935653,1.5582551910643474,23.973156785605347
296,6.3,6.370057385809385,6.370057385809385,0.07005738580938559,1.1120219969743745
1559,7.39,4.5703656701507285,4.5703656701507285,2.819634329849271,38.15472706155983
1563,12.8,12.547410264533593,12.547410264533593,0.25258973546640817,1.9733573083313138
6766,13.69,13.800604722974983,13.800604722974983,0.11060472297498336,0.8079234695031655
3260,9.7,12.866692735880271,12.866692735880271,3.1666927358802717,32.646316864745074
100,1.4,3.2571774434475067,3.2571774434475067,1.8571774434475068,132.6555316748219
4204,43.5,32.43165954825126,32.43165954825126,11.068340451748739,25.44446080861779
3197,7.0,8.36876746123805,8.36876746123805,1.3687674612380505,19.55382087482929
2937,17.5,17.43039071962057,17.43039071962057,0.06960928037943148,0.3977673164538942
7017,15.99,13.389061337066117,13.389061337066117,2.600938662933883,16.266032913907964
1499,6.0,5.669655749865692,5.669655749865692,0.3303442501343081,5.505737502238469
4872,7.0,8.22442196473662,8.22442196473662,1.2244219647366208,17.491742353380296
1656,5.0,5.402037259318934,5.402037259318934,0.4020372593189343,8.040745186378686
6788,13.29,13.991746132029895,13.991746132029895,0.7017461320298963,5.280256824905165
346,4.0,4.789912516994068,4.789912516994068,0.7899125169940682,19.747812924851704
1718,7.5,8.039500616385446,8.039500616385446,0.5395006163854461,7.193341551805949
1665,1.7,2.8847655515717516,2.8847655515717516,1.1847655515717517,69.69209126892657
681,6.0,7.057800984966929,7.057800984966929,1.0578009849669288,17.63001641611548
6514,69.99,40.13814885998721,40.13814885998721,29.851851140012784,42.651594713548775
3898,3.9,5.3592438889916,5.3592438889916,1.4592438889915997,37.41650997414359
6186,20.45,23.83689358647507,23.83689358647507,3.3868935864750718,16.561826828728957
6408,54.999,45.45210486825049,45.45210486825049,9.546895131749515,17.358306754212833
7289,23.79,25.139609992838356,25.139609992838356,1.3496099928383565,5.673013841270939
5761,17.75,18.01966769465466,18.01966769465466,0.269667694654661,1.5192546177727382
7063,49.59,38.50291310272709,38.50291310272709,11.087086897272911,22.357505338320045
1793,3.8,7.236272492611579,7.236272492611579,3.436272492611579,90.42822348977839
3542,5.9,9.803142887945267,9.803142887945267,3.9031428879452665,66.15496420246214
6741,18.8,21.83764940924879,21.83764940924879,3.0376494092487896,16.157709623663774
1706,6.2,7.7452084145412865,7.7452084145412865,1.5452084145412863,24.922716363569133
1414,5.6,4.923609495340903,4.923609495340903,0.6763905046590963,12.078401868912435
4761,2.9,3.7717350387117268,3.7717350387117268,0.8717350387117269,30.059828921094027
3066,8.8,5.674443713570145,5.674443713570145,3.1255562864298554,35.51768507306654
2991,8.0,6.688718045547855,6.688718045547855,1.311281954452145,16.39102443065181
6041,9.75,11.053859281400282,11.053859281400282,1.3038592814002818,13.372915706669557
84,37.9,30.75510236605935,30.75510236605935,7.144897633940648,18.851972648919915
5327,9.5,8.067810950637341,8.067810950637341,1.432189049362659,15.075674203817464
3207,9.0,13.919540320202511,13.919540320202511,4.919540320202511,54.661559113361236
5025,3.99,4.4265655875269285,4.4265655875269285,0.4365655875269283,10.941493421727525
1561,1.2,2.9246578322517323,2.9246578322517323,1.7246578322517323,143.7214860209777
6072,8.39,32.42334827815148,32.42334827815148,24.03334827815148,286.4523036728424
2948,8.9,11.627739333969647,11.627739333969647,2.7277393339696463,30.648756561456697
3528,7.8,7.443017537021982,7.443017537021982,0.35698246297801806,4.5766982433079235
1297,5.0,5.587831997484599,5.587831997484599,0.5878319974845994,11.756639949691987
4866,8.499,7.926760823245802,7.926760823245802,0.5722391767541986,6.7330177286057005
6289,13.28,16.98805070622076,16.98805070622076,3.708050706220762,27.922068570939473
4506,14.2,14.433394530238669,14.433394530238669,0.23339453023866952,1.6436234523849969
1912,18.5,15.629438718391594,15.629438718391594,2.8705612816084063,15.516547468153547
6456,79.99,42.07927714428279,42.07927714428279,37.910722855717204,47.39432786062909
5998,9.494,12.050843518203436,12.050843518203436,2.5568435182034364,26.93115144515943
6127,18.99,18.568645153381954,18.568645153381954,0.4213548466180441,2.2188248900370944
6875,44.199,31.330572381020755,31.330572381020755,12.868427618979243,29.114748340413232
1817,12.2,9.799840894480432,9.799840894480432,2.400159105519567,19.673435291143992
3722,7.6,8.531333841697311,8.531333841697311,0.9313338416973114,12.254392653911992
5451,9.79,13.13865912573909,13.13865912573909,3.3486591257390916,34.20489403206427
6187,36.99,33.978302871464166,33.978302871464166,3.011697128535836,8.141922488607287
7164,8.99,13.015040830969301,13.015040830969301,4.025040830969301,44.77242303636597
3089,1.2,2.3073375346601974,2.3073375346601974,1.1073375346601975,92.27812788834979
4845,6.0,5.605102319285159,5.605102319285159,0.3948976807148412,6.58162801191402
3142,3.2,1.920164551061161,1.920164551061161,1.2798354489388393,39.99485777933873
1623,5.5,5.156315285294529,5.156315285294529,0.34368471470547135,6.248812994644934
6834,18.38,18.99667519128885,18.99667519128885,0.6166751912888522,3.3551424988512086
5459,16.79,24.742801780641837,24.742801780641837,7.952801780641838,47.366300063382006
5605,47.95,41.651655764530794,41.651655764530794,6.298344235469209,13.135233024961854
6392,26.4,27.21750604707387,27.21750604707387,0.81750604707387,3.0966138146737503
1199,2.0,3.3394288546686344,3.3394288546686344,1.3394288546686344,66.97144273343172
373,6.0,3.738921426562344,3.738921426562344,2.261078573437656,37.6846428906276
2457,5.7,5.476370542123739,5.476370542123739,0.2236294578762612,3.9233238223905476
5260,4.99,4.5703656701507285,4.5703656701507285,0.41963432984927174,8.409505608201838
3819,21.09,22.448343559360893,22.448343559360893,1.3583435593608932,6.440699665058763
7284,23.3,28.437425388693146,28.437425388693146,5.137425388693146,22.049036002974873
1317,8.0,10.60696150349763,10.60696150349763,2.6069615034976295,32.58701879372037
1446,13.0,15.369768908748627,15.369768908748627,2.369768908748627,18.228991605758672
3799,18.9,18.794586127979894,18.794586127979894,0.10541387202010455,0.5577453546037279
3482,3.7,6.144601560380876,6.144601560380876,2.4446015603808755,66.07031244272636
1488,6.399,6.2553036157239585,6.2553036157239585,0.14369638427604148,2.245606880388209
4486,4.0,4.7876794009422365,4.7876794009422365,0.7876794009422365,19.691985023555915
6067,102.0,78.26664004587929,78.26664004587929,23.733359954120715,23.267999955020308
812,5.123,3.9284797911801164,3.9284797911801164,1.1945202088198839,23.316810634782037
3580,34.5,26.7738979460863,26.7738979460863,7.726102053913699,22.39449870699623
4317,3.95,2.662287315676947,2.662287315676947,1.2877126843230533,32.60032112210261
3366,3.9,2.1236942146605227,2.1236942146605227,1.7763057853394773,45.546302188191724
3651,4.0,4.231159336873828,4.231159336873828,0.23115933687382828,5.778983421845707
6684,40.5,33.501672078977606,33.501672078977606,6.998327921022394,17.27982202721579
1511,3.5,2.6342190811165995,2.6342190811165995,0.8657809188834005,24.73659768238287
7149,18.29,20.27578138565305,20.27578138565305,1.985781385653052,10.857197297173602
1801,3.4,3.6291686502018106,3.6291686502018106,0.22916865020181065,6.740254417700313
4516,4.6,5.476370542123739,5.476370542123739,0.8763705421237393,19.051533524429118
921,7.8,9.017703509157851,9.017703509157851,1.2177035091578512,15.611583450741682
322,15.0,16.474163382121127,16.474163382121127,1.4741633821211266,9.82775588080751
3838,2.5,2.912762632867267,2.912762632867267,0.4127626328672669,16.510505314690676
5634,27.49,29.62455568843524,29.62455568843524,2.134555688435242,7.764844264951772
7262,9.08,16.09434155578828,16.09434155578828,7.014341555788279,77.25045766286651
4402,6.85,8.91934572336569,8.91934572336569,2.069345723365691,30.20942661847724
6217,10.45,10.938402163919124,10.938402163919124,0.4884021639191243,4.673704917886357
1569,5.9,7.67074108719355,7.67074108719355,1.7707410871935494,30.012560799890664
4661,17.5,16.051439747681854,16.051439747681854,1.4485602523181456,8.277487156103689
231,12.9,11.249586919359935,11.249586919359935,1.6504130806400656,12.793899849922989
1545,1.8,2.6377631358408795,2.6377631358408795,0.8377631358408795,46.54239643560442
1420,1.0,2.61948551115756,2.61948551115756,1.61948551115756,161.948551115756
1079,5.9,8.975249861226315,8.975249861226315,3.0752498612263146,52.12287900383584
3103,7.9,6.825382395638982,6.825382395638982,1.074617604361018,13.602754485582508
1115,4.75,5.608891995674826,5.608891995674826,0.858891995674826,18.081936751048968
6946,14.45,19.21940513146042,19.21940513146042,4.76940513146042,33.00626388553924
1941,10.9,9.799840894480432,9.799840894480432,1.1001591055195679,10.093202802931815
1867,10.95,7.249977567557667,7.249977567557667,3.7000224324423323,33.7901592003866
2586,6.65,9.489813023854673,9.489813023854673,2.8398130238546724,42.70395524593492
2751,11.5,9.011363446446715,9.011363446446715,2.4886365535532846,21.640317856985085
1425,9.59,8.400626776443751,8.400626776443751,1.1893732235562489,12.402223394747121
5395,14.5,14.32622967145261,14.32622967145261,0.1737703285473895,1.1984160589475137
4053,32.5,21.319666236176573,21.319666236176573,11.180333763823427,34.40102696561054
7283,16.95,18.71237098023609,18.71237098023609,1.762370980236092,10.397468909947447
4333,4.49,8.274038139037827,8.274038139037827,3.7840381390378273,84.27701868681129
1618,9.0,15.535139090824792,15.535139090824792,6.535139090824792,72.61265656471991
2402,16.8,15.632684501032983,15.632684501032983,1.1673154989670174,6.948306541470341
265,15.3,14.533395952827542,14.533395952827542,0.7666040471724589,5.010483968447444
0,9.99,8.400626776443751,8.400626776443751,1.5893732235562492,15.909641877439931
4015,16.5,14.008326208556015,14.008326208556015,2.4916737914439846,15.101053281478693
5187,3.5,3.75300616971192,3.75300616971192,0.25300616971192014,7.228747706054861
838,1.2,3.0273203410296876,3.0273203410296876,1.8273203410296877,152.2766950858073
14,21.9,15.895310791578652,15.895310791578652,6.004689208421347,27.41867218457236
3263,2.6,2.192390207134416,2.192390207134416,0.4076097928655842,15.677299725599392
4912,21.0,15.443179965977512,15.443179965977512,5.556820034022488,26.461047781059467
6477,29.155,28.55736243825623,28.55736243825623,0.5976375617437704,2.0498630140414007
8,16.5,14.390970172073468,14.390970172073468,2.1090298279265323,12.781998957130499
1039,8.5,18.03579357746977,18.03579357746977,9.535793577469772,112.18580679376203
2759,11.9,10.908661644023953,10.908661644023953,0.9913383559760476,8.330574419966787
3992,15.5,15.213216947880206,15.213216947880206,0.2867830521197945,1.850213239482545
6472,12.99,14.80428294529264,14.80428294529264,1.8142829452926392,13.966766322499147
4141,32.79,26.17205176612232,26.17205176612232,6.61794823387768,20.182824744976152
6629,18.1,17.87169107553357,17.87169107553357,0.22830892446643247,1.261375273295207
339,4.1,4.481942112475771,4.481942112475771,0.38194211247577137,9.315661279896863
1956,3.3,5.015725512784707,5.015725512784707,1.715725512784707,51.991682205597186
4220,6.5,6.433636298297445,6.433636298297445,0.06636370170255468,1.0209800261931488
2770,29.999999,12.714256227043462,12.714256227043462,17.28574277295654,57.619144497159944
1090,23.5,24.336222574369717,24.336222574369717,0.8362225743697174,3.558393933488159
4512,8.999,5.80641044197216,5.80641044197216,3.1925895580278407,35.477159218000224
1883,6.0,9.405927923634788,9.405927923634788,3.4059279236347884,56.76546539391314
622,5.3,7.381652488771629,7.381652488771629,2.0816524887716295,39.276462052294896
7220,12.5,13.807034417640944,13.807034417640944,1.3070344176409439,10.45627534112755
5192,3.8,7.227511182547566,7.227511182547566,3.4275111825475664,90.19766269862018
5045,2.8,9.415846390004454,9.415846390004454,6.615846390004454,236.2802282144448
4331,16.5,19.465657670338032,19.465657670338032,2.9656576703380324,17.973682850533528
4952,4.7,3.7699702868486202,3.7699702868486202,0.9300297131513799,19.7878662372634
3032,8.4,5.987838909116249,5.987838909116249,2.4121610908837514,28.716203462901802
4568,5.999,5.522110035305063,5.522110035305063,0.4768899646949363,7.949490993414507
889,4.5,7.155873402024763,7.155873402024763,2.6558734020247634,59.01940893388363
1507,3.1,3.146098190488871,3.146098190488871,0.046098190488871094,1.4870384028668093
3688,10.0,8.009557692155843,8.009557692155843,1.990442307844157,19.90442307844157
196,1.9,-0.16940176053191003,0.0,1.9,100.0
5533,12.99,15.297493940748035,15.297493940748035,2.307493940748035,17.76361771168618
3980,11.2,13.52117650812844,13.52117650812844,2.32117650812844,20.72479025114679
2789,3.8,5.585373038630914,5.585373038630914,1.7853730386309143,46.983501016603014
6575,38.0,19.05819440524317,19.05819440524317,18.94180559475683,49.846856828307445
4236,21.5,12.899388565626131,12.899388565626131,8.600611434373869,40.00284388080869
432,4.2,7.5815765873150704,7.5815765873150704,3.3815765873150703,80.51372826940644
2598,10.9,10.805007351038379,10.805007351038379,0.09499264896162174,0.8714921923084562
6091,28.99,27.146500917286744,27.146500917286744,1.8434990827132545,6.3590861770032925
1694,23.5,27.14034187040949,27.14034187040949,3.6403418704094896,15.490816469827614
5357,29.9,27.369704897854284,27.369704897854284,2.5302951021457147,8.462525425236505
1108,13.9,15.533309879279798,15.533309879279798,1.633309879279798,11.750430786185596
6353,37.5,42.75549031284652,42.75549031284652,5.2554903128465185,14.014640834257383
6690,60.89,49.30134857529134,49.30134857529134,11.588651424708658,19.032109418145275
6262,110.99,78.97340791106853,78.97340791106853,32.01659208893146,28.846375429256206
4825,1.65,3.6495604470477243,3.6495604470477243,1.9995604470477244,121.18548163925603
1277,4.6,6.213963273958072,6.213963273958072,1.6139632739580723,35.08615812952331
1195,5.9,5.865084058403287,5.865084058403287,0.034915941596713296,0.5917956202832761
6062,18.19,23.269687708787572,23.269687708787572,5.079687708787571,27.92571582620984
604,9.0,9.921057095999288,9.921057095999288,0.9210570959992879,10.23396773332542
3742,6.2,5.8202113681294705,5.8202113681294705,0.3797886318705297,6.125623094685963
1593,17.9,16.381866064837777,16.381866064837777,1.518133935162222,8.481195168504033
1219,19.4,20.641702803903605,20.641702803903605,1.2417028039036069,6.400529917028902
2229,7.0,8.451083095196477,8.451083095196477,1.451083095196477,20.729758502806813
4519,4.1,3.682673623770368,3.682673623770368,0.41732637622963153,10.178692103161746
1652,3.3,3.6102330159694986,3.6102330159694986,0.3102330159694988,9.401000483924207
4657,5.9,8.975022093050601,8.975022093050601,3.0750220930506007,52.119018526281366
4865,5.9,4.626189381624355,4.626189381624355,1.273810618375645,21.590010480943135
6264,11.09,10.632582751997614,10.632582751997614,0.45741724800238615,4.1245919567392795
4955,38.0,34.4482413312514,34.4482413312514,3.5517586687485974,9.346733338812099
1158,12.0,10.757999634177562,10.757999634177562,1.2420003658224381,10.350003048520318
4818,10.8,11.476399963927294,11.476399963927294,0.6763999639272935,6.262962628956421
3256,8.8,8.411903073658504,8.411903073658504,0.38809692634149684,4.410192344789737
5728,38.699,40.41130330018828,40.41130330018828,1.7123033001882817,4.424670663811162
4650,17.5,17.742681017585983,17.742681017585983,0.24268101758598348,1.3867486719199056
7219,15.49,16.99841292338026,16.99841292338026,1.508412923380261,9.737978846870634
5702,14.19,13.504070371663195,13.504070371663195,0.6859296283368046,4.83389449145035
2807,4.59,3.3543589759487418,3.3543589759487418,1.235641024051258,26.920283748393427
2851,8.6,13.900358526959316,13.900358526959316,5.300358526959316,61.63207589487577
4559,10.49,9.069201346042247,9.069201346042247,1.4207986539577533,13.544315099692595
2995,6.5,9.02876415433245,9.02876415433245,2.5287641543324497,38.90406391280692
904,5.95,3.8738687445841755,3.8738687445841755,2.0761312554158247,34.89296227589621
6841,21.169,16.85585687271974,16.85585687271974,4.313143127280259,20.374808102793043
2357,23.8,25.49063213861636,25.49063213861636,1.6906321386163583,7.103496380741
3383,12.8,11.783896683931546,11.783896683931546,1.0161033160684543,7.938307156784799
3470,9.0,14.531339149603694,14.531339149603694,5.531339149603694,61.459323884485485
1616,7.8,8.400626776443751,8.400626776443751,0.6006267764437512,7.7003432877404
3575,5.8,6.886426710806134,6.886426710806134,1.0864267108061343,18.73149501389887
6977,26.95,27.307012284106758,27.307012284106758,0.35701228410675867,1.32472090577647
5006,10.9,9.915223714100852,9.915223714100852,0.984776285899148,9.034644824762825
3820,3.65,4.84987129927352,4.84987129927352,1.19987129927352,32.8731862814663
1860,7.5,5.748405499968097,5.748405499968097,1.7515945000319029,23.354593333758704
2088,4.99,3.688626333568342,3.688626333568342,1.3013736664316582,26.079632593820808
7077,27.52,20.375613806646406,20.375613806646406,7.1443861933535935,25.960705644453462
6930,27.699,27.41120643028023,27.41120643028023,0.28779356971977066,1.0390034648173965
5213,4.1,8.06669847961054,8.06669847961054,3.9666984796105407,96.74874340513514
2251,3.2,1.9100488002144775,1.9100488002144775,1.2899511997855226,40.310974993297584
3784,14.0,18.11514655463553,18.11514655463553,4.11514655463553,29.393903961682355
3127,6.5,5.674443713570145,5.674443713570145,0.8255562864298547,12.700865945074687
254,11.7,9.017703509157851,9.017703509157851,2.6822964908421483,22.925611032838873
6705,16.78,16.343770526030372,16.343770526030372,0.43622947396962886,2.5996988913565486
4989,2.999999,4.789912516994068,4.789912516994068,1.7899135169940683,59.66380378773688
221,14.85,13.80128418405529,13.80128418405529,1.0487158159447105,7.062059366631048
267,2.9,2.7528938759287964,2.7528938759287964,0.1471061240712035,5.072624967972534
107,8.1,5.6488389510404335,5.6488389510404335,2.451161048959566,30.261247518019335
4800,5.5,4.307561109531127,4.307561109531127,1.192438890468873,21.680707099434056
1226,5.4,8.275644858408,8.275644858408,2.875644858408,53.25268256311111
4938,4.9,6.240187326120504,6.240187326120504,1.3401873261205033,27.350761757561287
3418,9.5,8.296016000229598,8.296016000229598,1.2039839997704025,12.67351578705687
4154,8.5,6.393442435596302,6.393442435596302,2.1065575644036976,24.783030169455266
1758,6.99,9.566011558714901,9.566011558714901,2.5760115587149013,36.85281199878256
2284,9.99,8.46143829369121,8.46143829369121,1.5285617063087908,15.300917981068975
2526,3.3,3.784484721603091,3.784484721603091,0.4844847216030912,14.681355200093673
4004,15.0,8.787900991049355,8.787900991049355,6.212099008950645,41.4139933930043
1210,15.5,21.920830926887696,21.920830926887696,6.420830926887696,41.42471565733997
6664,11.5,14.838067685226692,14.838067685226692,3.338067685226692,29.026675523710367
2464,13.6,11.001702539567205,11.001702539567205,2.5982974604327946,19.105128385535256
4240,13.5,13.106097237173781,13.106097237173781,0.39390276282621883,2.9177982431571765
4198,14.5,12.911341968520915,12.911341968520915,1.5886580314790848,10.956262286062653
376,4.5,5.59282925896753,5.59282925896753,1.0928292589675301,24.285094643722893
755,1.8,2.799255235489362,2.799255235489362,0.9992552354893618,55.51417974940899
291,12.49,13.612952968376725,13.612952968376725,1.1229529683767243,8.990816400133902
5091,1.7,3.990411180001571,3.990411180001571,2.2904111800015707,134.7300694118571
1465,1.35,1.4623848329238438,1.4623848329238438,0.11238483292384371,8.324802438803237
188,4.7,8.24984898432771,8.24984898432771,3.549848984327709,75.52870179420658
1870,33.0,14.845001299746555,14.845001299746555,18.154998700253444,55.01514757652559
1201,8.7,10.88054788024537,10.88054788024537,2.1805478802453706,25.063768738452534
1649,4.0,3.693681209885188,3.693681209885188,0.3063187901148119,7.657969752870297
6030,128.96,115.27763457518992,115.27763457518992,13.682365424810087,10.609774678047524
3706,30.49,22.789064371436293,22.789064371436293,7.700935628563705,25.2572503396645
4176,6.5,6.73410706299822,6.73410706299822,0.23410706299821982,3.6016471230495353
501,10.0,11.401071886308092,11.401071886308092,1.4010718863080918,14.010718863080918
6193,26.99,21.220864269944588,21.220864269944588,5.76913573005541,21.375086069119714
2605,5.5,5.608891995674826,5.608891995674826,0.10889199567482599,1.979854466815018
6874,64.89,73.82609837834633,73.82609837834633,8.93609837834633,13.771148679837156
3312,23.5,17.599721152230806,17.599721152230806,5.900278847769194,25.10756956497529
2812,6.5,6.644656098040091,6.644656098040091,0.14465609804009105,2.2254784313860165
4763,5.5,6.973253988470348,6.973253988470348,1.473253988470348,26.786436154006328
6753,76.79,47.65493328291826,47.65493328291826,29.13506671708175,37.941225051545445
672,7.9,5.674443713570145,5.674443713570145,2.225556286429855,28.171598562403226
4766,13.8,16.123152214917113,16.123152214917113,2.323152214917112,16.83443633997907
3753,7.35,5.922873893519098,5.922873893519098,1.4271261064809018,19.416681720828596
1374,12.8,13.092114593779042,13.092114593779042,0.2921145937790417,2.282145263898763
7043,23.99,35.516513851572796,35.516513851572796,11.526513851572798,48.047160698511036
6988,15.58,16.541657548828933,16.541657548828933,0.9616575488289332,6.172384780673513
5718,79.99,72.29804828831448,72.29804828831448,7.691951711685519,9.616141657314063
1192,4.9,5.767642324720265,5.767642324720265,0.8676423247202649,17.706986218780916
3053,52.9,39.25810733640061,39.25810733640061,13.641892663599386,25.788076868807913
3950,2.8,3.7139566847604755,3.7139566847604755,0.9139566847604756,32.64131017001699
216,13.0,12.587347757639531,12.587347757639531,0.41265224236046905,3.174248018157454
4697,6.49,7.6538900166137,7.6538900166137,1.1638900166137,17.933590394664098
421,1.2,1.7967754897281978,1.7967754897281978,0.5967754897281978,49.731290810683156
505,3.9,5.1188791584856865,5.1188791584856865,1.2188791584856866,31.253311756043246
4836,2.9,3.128368134753078,3.128368134753078,0.22836813475307816,7.874763267347523
6453,19.9,19.917787261685795,19.917787261685795,0.017787261685796807,0.08938322455174276
6845,49.5,32.098039527034445,32.098039527034445,17.401960472965555,35.15547570296072
6252,20.59,24.133218625526652,24.133218625526652,3.5432186255266522,17.20844402878413
506,16.3,15.369768908748627,15.369768908748627,0.9302310912513736,5.706939210131126
1807,8.9,5.863007103164996,5.863007103164996,3.036992896835004,34.12351569477533
4436,20.89,22.41097460652791,22.41097460652791,1.5209746065279077,7.28087413369032
1438,5.99,3.1327129346703977,3.1327129346703977,2.8572870653296025,47.70095267662108
5520,76.49,67.97824176666964,67.97824176666964,8.511758233330355,11.127935982913263
7069,41.599,27.0284747034912,27.0284747034912,14.570525296508798,35.026143168126154
4704,3.8,2.658491286896604,2.658491286896604,1.1415087131033959,30.03970297640516
1426,27.9,29.984613883891583,29.984613883891583,2.084613883891585,7.471734350865895
2859,7.5,6.370057385809385,6.370057385809385,1.1299426141906146,15.065901522541528
3016,5.0,4.815047146093022,4.815047146093022,0.18495285390697802,3.69905707813956
2688,20.49,21.084329044395552,21.084329044395552,0.594329044395554,2.900580987777228
4664,12.0,4.618399915036029,4.618399915036029,7.381600084963971,61.51333404136642
2280,2.95,4.754992339687762,4.754992339687762,1.8049923396877618,61.186181006364805
347,6.5,6.93238958902515,6.93238958902515,0.4323895890251501,6.6521475234638485
4320,12.99,17.508527628480532,17.508527628480532,4.518527628480532,34.78466226697869
333,11.5,7.200391122986763,7.200391122986763,4.299608877013237,37.38790327837598
4386,6.5,6.202374394227816,6.202374394227816,0.29762560577218444,4.578855473418223
3381,7.75,7.7725764581488574,7.7725764581488574,0.022576458148857448,0.29130913740461223
5781,18.355,23.169392057344325,23.169392057344325,4.814392057344325,26.229322023123537
6380,15.89,12.91706007010056,12.91706007010056,2.9729399298994412,18.709502390808314
5832,83.49,88.06041556702411,88.06041556702411,4.570415567024114,5.4742071709475555
6831,8.29,12.353509779356731,12.353509779356731,4.063509779356732,49.017005782349
3023,9.79,10.113605349066605,10.113605349066605,0.32360534906660554,3.305468325501589
6726,5.65,6.7197455262493655,6.7197455262493655,1.0697455262493651,18.933549137156906
746,14.5,15.431026249550152,15.431026249550152,0.9310262495501522,6.420870686552774
3410,34.0,22.03627385470756,22.03627385470756,11.96372614529244,35.187429839095415
5257,5.7,5.62414318580209,5.62414318580209,0.0758568141979099,1.3308213017177175
3704,5.0,4.35826537341276,4.35826537341276,0.6417346265872403,12.834692531744807
3589,2.5,5.107121184535632,5.107121184535632,2.6071211845356324,104.2848473814253
5019,7.8,7.148968800240672,7.148968800240672,0.6510311997593279,8.346553843068307
4038,24.2,21.084329044395552,21.084329044395552,3.115670955604447,12.87467337026631
3608,9.3,8.698184276476525,8.698184276476525,0.601815723523476,6.471136812080387
6968,28.59,28.57894132436011,28.57894132436011,0.011058675639890936,0.03868022259493157
259,4.8,5.764271146364926,5.764271146364926,0.9642711463649265,20.088982215935967
1795,11.49,8.400626776443751,8.400626776443751,3.089373223556249,26.887495418244118
4210,20.0,17.651273983850764,17.651273983850764,2.348726016149236,11.743630080746179
3653,8.3,4.265621518812187,4.265621518812187,4.034378481187813,48.60696965286522
3265,4.59,5.674443713570145,5.674443713570145,1.0844437135701455,23.62622469651733
3246,5.0,5.745810145117076,5.745810145117076,0.7458101451170762,14.916202902341524
1730,25.0,17.55119187232057,17.55119187232057,7.448808127679431,29.795232510717724
599,11.5,18.04441493096396,18.04441493096396,6.54441493096396,56.90795592142573
45,13.0,13.782518550398471,13.782518550398471,0.7825185503984713,6.019373464603625
4651,23.5,13.272694503736984,13.272694503736984,10.227305496263016,43.52044892026815
5070,6.0,6.205604363463198,6.205604363463198,0.20560436346319833,3.4267393910533053
4575,6.0,4.442228630151252,4.442228630151252,1.5577713698487479,25.962856164145798
3921,14.2,9.556959634842922,9.556959634842922,4.643040365157077,32.69746736026111
3881,2.686686,3.4824111136096363,3.4824111136096363,0.7957251136096364,29.617346932601592
6979,5.85,14.147968086862662,14.147968086862662,8.297968086862662,141.84560832243866
6997,28.9,23.777065890777116,23.777065890777116,5.122934109222882,17.726415602847347
1421,1.9,3.5545888282121183,3.5545888282121183,1.6545888282121184,87.08362253747993
4251,17.2,18.089643498624074,18.089643498624074,0.8896434986240749,5.172345922232994
3529,2.3,2.6630975917990476,2.6630975917990476,0.36309759179904777,15.786851817349904
6651,12.09,15.007584106362106,15.007584106362106,2.9175841063621064,24.132209316477308
6497,96.79,93.45860490941958,93.45860490941958,3.331395090580429,3.441879419961183
7180,15.99,18.47139927317692,18.47139927317692,2.4813992731769208,15.51844448515898
3044,13.2,15.533309879279798,15.533309879279798,2.333309879279799,17.676589994543935
1298,4.1,5.674443713570145,5.674443713570145,1.5744437135701457,38.401066184637706
426,6.5,5.355197356084368,5.355197356084368,1.1448026439156322,17.612348367932803
4603,8.2,6.210759880522724,6.210759880522724,1.9892401194772749,24.25902584728384
805,19.9,17.656573534380872,17.656573534380872,2.2434264656191267,11.273499827231793
410,7.7,11.966731040943852,11.966731040943852,4.266731040943852,55.41209144082925
6097,12.38,13.670852534562925,13.670852534562925,1.2908525345629247,10.426918695984853
3858,15.0,8.461762067540057,8.461762067540057,6.538237932459943,43.58825288306629
438,8.8,10.81715790381216,10.81715790381216,2.0171579038121585,22.922248906956344
2389,2.0,2.6751230211809105,2.6751230211809105,0.6751230211809105,33.75615105904552
4161,9.2,11.478644307466137,11.478644307466137,2.2786443074661378,24.76787290724063
434,5.8,5.966668586827771,5.966668586827771,0.16666858682777086,2.8735963246167393
751,10.5,7.83899454344437,7.83899454344437,2.66100545655563,25.34290911005362
3411,8.5,5.763581495581711,5.763581495581711,2.736418504418289,32.19315887550928
2874,6.99,5.702267081583871,5.702267081583871,1.287732918416129,18.42250240938668
4383,14.6,15.845799000475996,15.845799000475996,1.245799000475996,8.532869866273945
2142,9.0,7.836395254673229,7.836395254673229,1.1636047453267713,12.928941614741904
6044,24.0,31.91014786995722,31.91014786995722,7.910147869957221,32.95894945815509
4937,7.5,7.000253632944977,7.000253632944977,0.49974636705502284,6.6632848940669716
4856,5.9,8.47467830091075,8.47467830091075,2.5746783009107492,43.638615269673714
1049,6.0,7.602041196013227,7.602041196013227,1.6020411960132268,26.700686600220447
626,6.5,7.196700586916039,7.196700586916039,0.6967005869160392,10.718470567939065
1926,10.2,10.718311609967202,10.718311609967202,0.5183116099672027,5.081486372227477
1223,7.6,5.702267081583871,5.702267081583871,1.8977329184161285,24.970169979159586
210,7.89,10.848997785573454,10.848997785573454,2.9589977855734544,37.503140501564694
2431,3.89,2.64786793689699,2.64786793689699,1.2421320631030102,31.931415503933426
6216,14.59,16.22520081255553,16.22520081255553,1.6352008125555315,11.207682060010498
4927,16.0,16.13376750569874,16.13376750569874,0.13376750569873863,0.8360469106171164
51,18.8,13.651180389481341,13.651180389481341,5.148819610518659,27.387338353822656
1109,12.5,12.66552745859304,12.66552745859304,0.16552745859303997,1.3242196687443197
1436,7.2,9.515304989135071,9.515304989135071,2.315304989135071,32.15701373798709
7277,10.49,13.598489900053412,13.598489900053412,3.108489900053412,29.632887512425278
3882,2.8,4.653659134503862,4.653659134503862,1.8536591345038618,66.2021119465665
1786,10.8,5.62414318580209,5.62414318580209,5.17585681419791,47.92460013146213
5456,22.0,23.382163338442105,23.382163338442105,1.3821633384421048,6.282560629282295
4338,6.0,4.421271416702885,4.421271416702885,1.5787285832971154,26.312143054951925
6336,19.592,23.843741109974616,23.843741109974616,4.251741109974617,21.701414403708743
1558,2.8,3.746959157327547,3.746959157327547,0.9469591573275471,33.81996990455526
2249,26.49,17.582747549373426,17.582747549373426,8.907252450626572,33.62496206352047
5044,36.0,21.005887814548995,21.005887814548995,14.994112185451005,41.65031162625279
3786,8.5,12.817387123401888,12.817387123401888,4.317387123401888,50.79278968708103
4233,12.8,15.531555762800222,15.531555762800222,2.7315557628002214,21.34027939687673
4561,13.0,10.686156036861181,10.686156036861181,2.313843963138819,17.79879971645245
3733,3.5,5.011899070286942,5.011899070286942,1.5118990702869421,43.197116293912636
5661,63.05,88.30883586810157,88.30883586810157,25.25883586810157,40.06159534988354
5664,70.99,67.97824176666964,67.97824176666964,3.0117582333303545,4.24251054138661
6291,8.89,9.070367830250818,9.070367830250818,0.18036783025081782,2.02888447976173
6970,20.49,27.840321263151544,27.840321263151544,7.350321263151546,35.87272456394117
4693,29.5,17.567756150770748,17.567756150770748,11.932243849229252,40.44828423467543
3164,1.0,0.8450736289644905,0.8450736289644905,0.15492637103550955,15.492637103550955
2112,5.4,4.921441026159224,4.921441026159224,0.4785589738407765,8.862203219273638
705,7.2,7.20106942341657,7.20106942341657,0.0010694234165695704,0.0148531030079107
2943,26.5,17.599721152230806,17.599721152230806,8.900278847769194,33.58595791611017
6952,20.99,13.938781285335205,13.938781285335205,7.0512187146647936,33.59322875018959
57,3.8,5.692436497123994,5.692436497123994,1.8924364971239944,49.80096045063143
4881,9.8,10.372447302673844,10.372447302673844,0.5724473026738437,5.841299006875956
5640,17.2,25.015116577633513,25.015116577633513,7.815116577633514,45.43672428856694
527,4.5,8.820050719139807,8.820050719139807,4.320050719139807,96.00112709199571
1935,3.8,4.750424991282959,4.750424991282959,0.9504249912829588,25.011183981130497
5058,1.95,3.6424342931233085,3.6424342931233085,1.6924342931233085,86.79150221145171
565,4.0,6.577105188130881,6.577105188130881,2.577105188130881,64.42762970327203
1871,4.9,5.627025675166365,5.627025675166365,0.7270256751663648,14.837258676864588
6095,18.85,23.61041941641792,23.61041941641792,4.760419416417918,25.254214410705135
640,5.5,4.060779886414563,4.060779886414563,1.4392201135854368,26.167638428826123
5282,5.0,4.907965414212706,4.907965414212706,0.09203458578729418,1.8406917157458835
1747,41.0,28.988249703660102,28.988249703660102,12.011750296339898,29.29695194229243
730,6.5,8.042757390809179,8.042757390809179,1.5427573908091787,23.73472908937198
