sample_id,y_true_price,raw_prediction,y_pred_price,absolute_error,absolute_percentage_error
3909,5.5,4.547487992156162,4.547487992156162,0.952512007843838,17.318400142615236
6004,37.499,29.18301556748434,29.18301556748434,8.315984432515663,22.176549861371402
1768,27.49,18.318554689937244,18.318554689937244,9.171445310062754,33.36284216101402
3360,7.8,7.798501550862808,7.798501550862808,0.0014984491371921038,0.01921088637425774
4700,12.99,11.636373211097775,11.636373211097775,1.3536267889022255,10.420529552750004
865,3.5,2.8945060951452053,2.8945060951452053,0.6054939048547947,17.299825852994136
7074,52.5,41.84471908765914,41.84471908765914,10.655280912340857,20.29577316636354
2233,26.0,30.880506220479955,30.880506220479955,4.880506220479955,18.77117777107675
1720,22.0,11.94552194582719,11.94552194582719,10.05447805417281,45.70217297351277
1662,4.7,12.036029766444758,12.036029766444758,7.336029766444757,156.08573971159058
1566,11.49,18.82574072684802,18.82574072684802,7.335740726848021,63.84456681329871
5141,3.2,4.999243629541528,4.999243629541528,1.799243629541528,56.22636342317274
7264,63.86,52.38916759426131,52.38916759426131,11.47083240573869,17.962468533884575
5464,127.0,104.67077524983995,104.67077524983995,22.32922475016005,17.58206673240949
6348,31.79,28.172274671771525,28.172274671771525,3.617725328228474,11.380073382285227
6283,17.99,33.041005249229,33.041005249229,15.051005249229004,83.66317537092276
6419,30.9,32.25311884186199,32.25311884186199,1.353118841861992,4.379025378194149
763,7.9,12.8600086913307,12.8600086913307,4.9600086913306995,62.78492014342657
3297,4.8,5.492621546604136,5.492621546604136,0.6926215466041361,14.429615554252836
2654,3.59,3.4444848401185624,3.4444848401185624,0.14551515988143748,4.0533470719063365
2189,3.1399,5.020648547196156,5.020648547196156,1.8807485471961565,59.898358138671824
3945,1.9,2.1996002363930742,2.1996002363930742,0.2996002363930743,15.768433494372333
6006,20.04,23.78999181252061,23.78999181252061,3.749991812520612,18.712533994613835
1197,19.8,12.162085822863126,12.162085822863126,7.637914177136874,38.57532412695391
429,7.5,7.11114207551253,7.11114207551253,0.38885792448747036,5.184772326499605
4271,5.7,5.793367617153454,5.793367617153454,0.09336761715345343,1.638028371113218
3905,5.1,6.4679693915081256,6.4679693915081256,1.367969391508126,26.82292924525737
2316,2.7,5.651510019588924,5.651510019588924,2.951510019588924,109.31518591070089
4584,13.5,9.031450638955898,9.031450638955898,4.4685493610441025,33.10036563736372
7086,51.49,58.9798192910242,58.9798192910242,7.489819291024197,14.546162926828893
1992,16.5,15.328309353892813,15.328309353892813,1.1716906461071872,7.101155430952649
7240,13.1,13.3104016686464,13.3104016686464,0.21040166864639964,1.6061196079877837
554,7.2,11.064977879218768,11.064977879218768,3.8649778792187677,53.68024832248288
1905,11.999,9.448182633007667,9.448182633007667,2.5508173669923337,21.258582940181128
2034,14.5,13.084649450159596,13.084649450159596,1.4153505498404044,9.761038274761411
1215,6.2,6.040622598426653,6.040622598426653,0.15937740157334712,2.5706032511830177
1615,7.0,7.61430346851476,7.61430346851476,0.6143034685147599,8.775763835925142
1002,3.2,2.6441728678603535,2.6441728678603535,0.5558271321396466,17.36959787936396
2388,9.95,8.255717879524473,8.255717879524473,1.6942821204755258,17.027961009804283
6001,38.9,40.0766571388106,40.0766571388106,1.1766571388106044,3.0248255496416565
1533,4.95,4.5552287633331225,4.5552287633331225,0.39477123666687763,7.97517649832076
5326,26.5,26.56441809393106,26.56441809393106,0.06441809393106013,0.24308714690966085
2764,22.5,20.067654203533525,20.067654203533525,2.4323457964664748,10.810425762073221
6702,12.99,17.732528303915217,17.732528303915217,4.742528303915217,36.50907085385079
496,10.89,12.953597691077205,12.953597691077205,2.063597691077204,18.949473747265415
2691,29.5,27.27647670047595,27.27647670047595,2.22352329952405,7.537367117030678
7213,26.25,29.80415938379525,29.80415938379525,3.5541593837952483,13.539654795410469
5400,13.99,13.759043140811915,13.759043140811915,0.23095685918808506,1.650871044946998
5931,44.99,36.468291776898226,36.468291776898226,8.521708223101776,18.941338571019728
828,4.8,3.6907869220056853,3.6907869220056853,1.1092130779943146,23.10860579154822
3552,1.55,4.192736556416849,4.192736556416849,2.642736556416849,170.49913267205477
61,6.9,9.602247791328423,9.602247791328423,2.702247791328423,39.16301146852787
1429,10.0,12.940792351811888,12.940792351811888,2.940792351811888,29.407923518118885
2970,3.2,4.175773773757237,4.175773773757237,0.9757737737572372,30.492930429913663
3955,29.9,29.540313111771837,29.540313111771837,0.3596868882281612,1.2029661813650876
4121,14.5,13.403167240322265,13.403167240322265,1.096832759677735,7.564363859846448
3550,16.4,14.916064208917476,14.916064208917476,1.4839357910825228,9.048388970015383
5189,4.6,3.0419669040643083,3.0419669040643083,1.5580330959356914,33.87028469425417
465,5.95,6.429040873341121,6.429040873341121,0.47904087334112067,8.051107114976817
5636,7.5,14.084472126218733,14.084472126218733,6.584472126218733,87.79296168291644
6951,12.9,20.584751122227313,20.584751122227313,7.684751122227313,59.57171412579312
4230,8.2,7.13306429321008,7.13306429321008,1.066935706789919,13.011411058413646
6145,42.45,66.44059103145193,66.44059103145193,23.990591031451928,56.51493764770772
1902,8.9,7.745253322431175,7.745253322431175,1.1547466775688253,12.97468177043624
185,4.7,4.5552287633331225,4.5552287633331225,0.14477123666687763,3.080239078018673
2662,4.8,6.162180521958769,6.162180521958769,1.362180521958769,28.378760874141022
932,2.0,4.558866025292634,4.558866025292634,2.558866025292634,127.94330126463169
6485,20.95,25.527534792836555,25.527534792836555,4.5775347928365555,21.84980808036542
5510,12.99,22.593098740532774,22.593098740532774,9.603098740532774,73.92685712496362
1487,18.99,9.602247791328423,9.602247791328423,9.387752208671575,49.435240698639156
1084,17.0,15.263325879475333,15.263325879475333,1.7366741205246665,10.215730120733332
7123,11.999,13.338974687258492,13.338974687258492,1.3399746872584917,11.167386342682653
5735,99.69,78.76913137805704,78.76913137805704,20.920868621942958,20.98592498941013
2939,12.5,11.3873871829477,11.3873871829477,1.1126128170523,8.9009025364184
1940,7.5,7.411490846984503,7.411490846984503,0.08850915301549733,1.180122040206631
5481,17.86,18.0064404873096,18.0064404873096,0.1464404873096008,0.819935539247485
3268,2.2,2.8690155076948063,2.8690155076948063,0.6690155076948061,30.409795804309365
1703,22.5,28.08240788189687,28.08240788189687,5.58240788189687,24.810701697319423
6381,19.8,22.539907995434486,22.539907995434486,2.7399079954344856,13.837919168861038
3244,1.5,2.2142461543432965,2.2142461543432965,0.7142461543432965,47.6164102895531
4438,1.5,2.29654007687442,2.29654007687442,0.79654007687442,53.102671791628
5549,17.5,13.743884159290737,13.743884159290737,3.7561158407092634,21.463519089767217
4063,8.0,8.979391622771992,8.979391622771992,0.9793916227719919,12.242395284649898
5269,5.299999,6.392270532891226,6.392270532891226,1.0922715328912265,20.60890073547611
7091,24.299,32.017845852694705,32.017845852694705,7.718845852694706,31.76610499483397
2718,22.0,17.269008336532035,17.269008336532035,4.7309916634679645,21.50450756121802
1740,7.8,8.582532932602623,8.582532932602623,0.7825329326026234,10.032473494905428
5023,17.5,15.911382732314603,15.911382732314603,1.5886172676853967,9.077812958202266
3994,7.0,8.301356349052474,8.301356349052474,1.3013563490524742,18.59080498646392
101,12.6,12.876706915707574,12.876706915707574,0.27670691570757455,2.196086632599798
4505,15.0,16.728841222040966,16.728841222040966,1.7288412220409661,11.525608146939774
736,8.2,10.657583168020427,10.657583168020427,2.4575831680204274,29.97052643927351
7111,48.49,51.77581980583681,51.77581980583681,3.285819805836809,6.776283369430416
538,25.5,18.390013599607823,18.390013599607823,7.109986400392177,27.88229960938109
4520,9.0,6.125453444200295,6.125453444200295,2.8745465557997054,31.939406175552282
5153,8.5,7.477323571708868,7.477323571708868,1.022676428291132,12.031487391660377
733,10.8,14.312366411487318,14.312366411487318,3.512366411487317,32.52191121747516
5218,4.4,7.074672636828482,7.074672636828482,2.6746726368284817,60.788014473374574
79,3.7,2.732703715087691,2.732703715087691,0.967296284912309,26.14314283546781
5808,17.79,16.046094402922844,16.046094402922844,1.7439055970771555,9.80272960695422
3113,5.5,5.793367617153454,5.793367617153454,0.2933676171534536,5.333956675517338
5278,5.3,3.892621633530437,3.892621633530437,1.4073783664695627,26.554308801312505
3082,5.9,6.492803001055863,6.492803001055863,0.5928030010558629,10.047508492472252
4939,11.5,9.08082724570901,9.08082724570901,2.41917275429099,21.036284819921654
132,8.9,6.8028817436976645,6.8028817436976645,2.097118256302336,23.563126475307143
737,12.2,7.774401496916955,7.774401496916955,4.4255985030830445,36.27539756625446
1041,9.0,9.340605783020154,9.340605783020154,0.34060578302015365,3.7845087002239293
2095,13.5,15.672566327355039,15.672566327355039,2.172566327355039,16.09308390633362
7199,21.99,23.38906061986322,23.38906061986322,1.3990606198632207,6.362258389555348
6848,42.499,33.503163378528285,33.503163378528285,8.995836621471717,21.167172454579443
1634,9.3,15.328309353892813,15.328309353892813,6.028309353892812,64.82053068701948
6425,20.34,20.328938947840726,20.328938947840726,0.011061052159273999,0.05438078741039331
5527,23.9,27.788628454548487,27.788628454548487,3.8886284545484884,16.270411943717527
6243,47.499,29.567443376293085,29.567443376293085,17.931556623706918,37.75144029075753
6607,41.0,49.00182876523775,49.00182876523775,8.001828765237747,19.516655524970115
3308,17.2,15.301498733839999,15.301498733839999,1.8985012661600003,11.03779805906977
4726,5.0,8.37476025479219,8.37476025479219,3.3747602547921893,67.49520509584379
5241,1.8,4.275522694982232,4.275522694982232,2.4755226949822324,137.52903861012402
5112,14.499,9.421002269171087,9.421002269171087,5.077997730828914,35.023089391191895
2647,7.5,8.30371258441826,8.30371258441826,0.8037125844182604,10.716167792243473
3139,6.2,6.680390904052638,6.680390904052638,0.48039090405263796,7.748240387945773
5239,6.6,7.207053361646911,7.207053361646911,0.6070533616469111,9.197778206771382
319,9.0,7.723616824743881,7.723616824743881,1.276383175256119,14.182035280623545
5857,4.845,12.327796210044342,12.327796210044342,7.482796210044342,154.4436782258894
6898,38.8,41.0787293707841,41.0787293707841,2.278729370784106,5.873013842227078
842,7.5,5.815552913482428,5.815552913482428,1.6844470865175722,22.459294486900962
1894,5.5,4.737669475102143,4.737669475102143,0.7623305248978571,13.860554998142858
177,7.5,12.23365131152969,12.23365131152969,4.733651311529689,63.115350820395854
5163,3.8,1.9463841020870003,1.9463841020870003,1.8536158979129995,48.77936573455262
4671,7.3,6.4223291825672835,6.4223291825672835,0.8776708174327164,12.02288791003721
3832,22.9,14.806092943318411,14.806092943318411,8.093907056681587,35.3445722999196
3961,3.95,4.4151558838306695,4.4151558838306695,0.4651558838306693,11.776098324827071
1509,4.0,1.8502967101348986,1.8502967101348986,2.1497032898651014,53.742582246627535
6654,19.49,14.66013239865562,14.66013239865562,4.829867601344379,24.781260140299537
2177,11.4,7.902482477300411,7.902482477300411,3.4975175226995896,30.679978269294644
3671,1.4,2.1715137433725182,2.1715137433725182,0.7715137433725183,55.10812452660846
1755,6.9,4.850053060402077,4.850053060402077,2.0499469395979233,29.709375936201788
2245,4.0,5.570532830893292,5.570532830893292,1.570532830893292,39.2633207723323
3193,4.799,5.492621546604136,5.492621546604136,0.6936215466041356,14.453460025091383
1038,13.5,10.634990292890347,10.634990292890347,2.865009707109653,21.222294126738174
6559,8.1,5.6113359790064266,5.6113359790064266,2.488664020993573,30.724247172760162
3450,7.29,5.8453580582206435,5.8453580582206435,1.4446419417793566,19.816761889977457
5444,41.29,35.22068611771264,35.22068611771264,6.069313882287361,14.699234396433425
3433,17.49,13.099684836847818,13.099684836847818,4.390315163152181,25.101859137519618
3002,15.9,16.654796883770853,16.654796883770853,0.7547968837708527,4.7471502123953
2516,1.5,0.9022057875792822,0.9022057875792822,0.5977942124207178,39.85294749471453
3698,5.35,4.602043947863839,4.602043947863839,0.7479560521361606,13.980486955816085
2045,4.99,5.4673187956209475,5.4673187956209475,0.47731879562094726,9.565506926271487
4239,9.49,6.056637690653442,6.056637690653442,3.433362309346558,36.17873877077511
4710,4.99,6.027829117485272,6.027829117485272,1.0378291174852716,20.79817870711967
1728,31.5,28.88999152333169,28.88999152333169,2.610008476668309,8.285741195772408
3319,9.19,11.091304954432971,11.091304954432971,1.9013049544329714,20.688846076528524
5372,2.899,5.497943194401143,5.497943194401143,2.5989431944011434,89.6496445119401
2771,27.5,20.497391127172875,20.497391127172875,7.002608872827125,25.46403226482591
4552,1.5,2.7353512973380987,2.7353512973380987,1.2353512973380987,82.35675315587324
3379,5.0,10.624184928006503,10.624184928006503,5.624184928006503,112.48369856013008
3857,6.7,7.258398848242219,7.258398848242219,0.5583988482422191,8.334311167794315
5435,23.49,29.07794473927779,29.07794473927779,5.587944739277791,23.78861106546527
4104,3.2,3.4884100460268233,3.4884100460268233,0.2884100460268231,9.01281393833822
6784,28.799,17.612984825231642,17.612984825231642,11.186015174768357,38.84167913736018
2412,21.49,13.947301310845363,13.947301310845363,7.542698689154635,35.098644435340326
6248,27.89,34.303662670806965,34.303662670806965,6.413662670806964,22.996280641114968
3045,11.5,11.10905735606207,11.10905735606207,0.39094264393792955,3.39950125163417
1918,14.9,13.15528401691097,13.15528401691097,1.74471598308903,11.709503242208255
3824,4.0,7.069278924678118,7.069278924678118,3.069278924678118,76.73197311695294
1550,13.5,13.029607701445265,13.029607701445265,0.4703922985547351,3.4843873967017416
1934,7.9,7.632444230010866,7.632444230010866,0.26755576998913444,3.3867818985966385
7148,19.199,14.695209740329467,14.695209740329467,4.503790259670534,23.458462730717923
3370,8.99,7.8637589316848935,7.8637589316848935,1.1262410683151067,12.52770932497338
2481,10.7,11.30572481580504,11.30572481580504,0.6057248158050399,5.66097958696299
6017,21.999,16.528940266631693,16.528940266631693,5.470059733368306,24.86503810795175
5643,21.1,17.313061652727374,17.313061652727374,3.7869383472726277,17.947575105557476
3889,2.9,5.946845468236871,5.946845468236871,3.0468454682368713,105.0636368357542
3664,26.0,22.214290918679055,22.214290918679055,3.7857090813209453,14.560419543542096
1600,14.8,15.328309353892813,15.328309353892813,0.5283093538928121,3.5696577965730545
2275,23.49,16.58245130504455,16.58245130504455,6.907548694955448,29.40633756898871
4024,8.2,6.883313418893035,6.883313418893035,1.3166865811069641,16.05715342813371
2312,8.0,8.374432197590366,8.374432197590366,0.37443219759036594,4.680402469879574
3935,6.9,5.917460730649076,5.917460730649076,0.9825392693509247,14.239699555810503
4352,1.0,4.032564869805819,4.032564869805819,3.032564869805819,303.25648698058194
1672,1.3,5.337768598543757,5.337768598543757,4.0377685985437575,310.59758450336597
3792,15.9,17.537595699263324,17.537595699263324,1.6375956992633238,10.299344020524048
1034,4.6,5.570532830893292,5.570532830893292,0.9705328308932923,21.098539802028096
3439,10.5,9.563102200076777,9.563102200076777,0.9368977999232229,8.92283618974498
3221,8.9,10.84659284184943,10.84659284184943,1.94659284184943,21.87182968370146
2955,5.5,4.960125365931592,4.960125365931592,0.5398746340684077,9.815902437607415
4490,2.0,1.0351442844893075,1.0351442844893075,0.9648557155106925,48.24278577553463
7244,46.49,35.75112266273853,35.75112266273853,10.73887733726147,23.09932746238217
6285,16.09,20.727947955006922,20.727947955006922,4.637947955006922,28.825033903088393
2268,16.49,19.534227578633946,19.534227578633946,3.044227578633947,18.461052629678274
1699,2.6,2.3791458100049105,2.3791458100049105,0.22085418999508954,8.49439192288806
3519,10.5,9.060071509605862,9.060071509605862,1.4399284903941378,13.71360467042036
87,8.5,10.025730564383114,10.025730564383114,1.5257305643831138,17.949771345683693
7113,22.59,21.336118243688105,21.336118243688105,1.2538817563118947,5.550605384293469
676,5.3,5.652609315155187,5.652609315155187,0.35260931515518745,6.653005946324292
4407,24.99,16.966332040605568,16.966332040605568,8.02366795939443,32.107514843515126
3317,4.9,5.492621546604136,5.492621546604136,0.5926215466041356,12.094317277635419
6902,67.0,65.0661077466135,65.0661077466135,1.933892253386503,2.886406348338064
2569,4.1,5.929477621286852,5.929477621286852,1.829477621286852,44.621405397240295
393,2.999,3.6098516310256397,3.6098516310256397,0.6108516310256396,20.36851053770055
1149,5.6,5.125831680812475,5.125831680812475,0.474168319187525,8.467291414062947
1168,5.9,6.021153150589715,6.021153150589715,0.12115315058971454,2.0534432303341448
2208,3.4,3.2317444793503647,3.2317444793503647,0.16825552064963523,4.948691783812801
230,18.5,24.049804678955898,24.049804678955898,5.549804678955898,29.99894421057242
2802,4.999999,5.492621546604136,5.492621546604136,0.49262254660413607,9.852452902573303
1543,4.4,4.858674317237213,4.858674317237213,0.45867431723721275,10.424416300845744
2345,28.5,24.926774097200976,24.926774097200976,3.573225902799024,12.537634746663242
3599,6.0,6.5702114040851995,6.5702114040851995,0.5702114040851995,9.503523401419994
2892,2.2,4.240420734363617,4.240420734363617,2.040420734363617,92.74639701652805
4691,25.9,26.267616890464375,26.267616890464375,0.36761689046437596,1.419370233453189
2942,16.0,23.39252236269779,23.39252236269779,7.39252236269779,46.20326476686118
5121,24.49,18.421405722490423,18.421405722490423,6.068594277509575,24.779886800774094
7189,54.99,51.441506080428844,51.441506080428844,3.5484939195711576,6.45298039565586
970,3.2,2.5668763739178804,2.5668763739178804,0.6331236260821198,19.785113315066244
3718,5.6,5.242006746501582,5.242006746501582,0.3579932534984174,6.392736669614596
5329,7.0,6.790296191395905,6.790296191395905,0.209703808604095,2.995768694344214
169,10.5,13.793451089455814,13.793451089455814,3.2934510894558144,31.366200851960137
1056,9.0,5.794636939175364,5.794636939175364,3.205363060824636,35.61514512027373
5968,24.1145,19.05452165770926,19.05452165770926,5.059978342290741,20.983136047982505
251,3.7,5.441349137799055,5.441349137799055,1.7413491377990544,47.063490210785254
5889,51.0,29.354629047993775,29.354629047993775,21.645370952006225,42.441903827463186
2705,10.5,6.7455842809413795,6.7455842809413795,3.7544157190586205,35.75634018151067
1729,4.3,5.252860372261706,5.252860372261706,0.9528603722617062,22.15954354096991
2533,8.6,5.717445831526099,5.717445831526099,2.8825541684739004,33.51807172644071
95,7.5,2.869764283621798,2.869764283621798,4.630235716378202,61.736476218376026
5646,17.5,26.305771843646554,26.305771843646554,8.805771843646554,50.31869624940888
5174,23.49,12.479727411768351,12.479727411768351,11.010272588231647,46.87216938370221
3692,2.8,5.588596666462946,5.588596666462946,2.7885966664629462,99.59273808796237
1172,6.69,6.4679693915081256,6.4679693915081256,0.22203060849187484,3.318843176261208
1383,11.9,14.090059127591932,14.090059127591932,2.1900591275919314,18.403858215058246
5263,7.2,9.327455352541257,9.327455352541257,2.127455352541257,29.547991007517453
711,13.7,15.328309353892813,15.328309353892813,1.6283093538928135,11.885469736443895
2354,7.9,8.363843657164903,8.363843657164903,0.4638436571649027,5.871438698289907
2215,7.0,7.774401496916955,7.774401496916955,0.7744014969169548,11.062878527385068
3779,7.49,8.986925822676707,8.986925822676707,1.4969258226767064,19.985658513707694
5242,5.5,11.446106633905941,11.446106633905941,5.946106633905941,108.11102970738075
69,5.5,6.564194477886685,6.564194477886685,1.0641944778866854,19.348990507030646
263,6.5,9.246142127383909,9.246142127383909,2.7461421273839086,42.248340421290905
408,16.0,9.627952285170817,9.627952285170817,6.372047714829183,39.825298217682395
7137,54.99,53.49837841425741,53.49837841425741,1.4916215857425925,2.7125324345200807
6024,24.39,23.650215699964352,23.650215699964352,0.7397843000356481,3.033145961605773
3217,1.79,6.635593267760758,6.635593267760758,4.845593267760758,270.7035345117742
5196,11.6,13.372215343032686,13.372215343032686,1.772215343032686,15.277718474419707
37,13.8,13.947301310845363,13.947301310845363,0.14730131084536247,1.0674008032272642
3504,6.99,6.400854047535848,6.400854047535848,0.5891459524641522,8.428411337112335
1862,31.0,23.638390047617055,23.638390047617055,7.3616099523829455,23.747128878654664
4602,13.3,13.029607701445265,13.029607701445265,0.2703922985547358,2.033024801163427
6222,20.66,22.33442552859369,22.33442552859369,1.6744255285936909,8.104673420104989
6474,9.29,9.970935263695191,9.970935263695191,0.6809352636951918,7.329766024706047
2333,28.5,31.964562253323173,31.964562253323173,3.464562253323173,12.15635878359008
1575,6.8,9.031450638955898,9.031450638955898,2.2314506389558977,32.81545057288085
6763,35.89,43.54870319095879,43.54870319095879,7.658703190958789,21.339379189074364
5733,20.0,31.222580773012268,31.222580773012268,11.222580773012268,56.112903865061334
3295,11.0,10.864448212493981,10.864448212493981,0.13555178750601904,1.232288977327446
3985,19.5,15.703559975581763,15.703559975581763,3.796440024418237,19.468923202144804
5958,89.09,95.79289010916892,95.79289010916892,6.702890109168919,7.523728936097114
3641,13.8,10.785725508636872,10.785725508636872,3.0142744913631283,21.84256877799368
1163,5.39,5.492621546604136,5.492621546604136,0.10262154660413625,1.9039247978503944
3781,8.5,10.44312512932074,10.44312512932074,1.9431251293207392,22.86029563906752
1554,23.99,23.011021184984568,23.011021184984568,0.9789788150154308,4.080778720364448
19,10.0,5.257425557838165,5.257425557838165,4.742574442161835,47.425744421618354
3257,7.1,12.8512712873827,12.8512712873827,5.7512712873827,81.00382094905211
3279,6.699999,7.723616824743881,7.723616824743881,1.023617824743881,15.277880261532593
982,1.7,2.580589698066719,2.580589698066719,0.8805896980667189,51.79939400392465
6602,12.15,14.86991696409412,14.86991696409412,2.7199169640941196,22.386147852626497
239,4.8,5.153379456997264,5.153379456997264,0.35337945699726436,7.362072020776342
7053,20.99,23.708561745233027,23.708561745233027,2.7185617452330284,12.951699596155446
2509,22.05,20.745755133822342,20.745755133822342,1.3042448661776582,5.914942703753552
3800,7.3,4.695531575861308,4.695531575861308,2.604468424138692,35.67764964573551
6775,25.99,36.96185867880972,36.96185867880972,10.97185867880972,42.21569326206126
1322,2.5,3.8324759538067745,3.8324759538067745,1.3324759538067745,53.29903815227098
3842,10.9,14.329038207547411,14.329038207547411,3.4290382075474106,31.45906612428817
3166,10.9,8.356396972356594,8.356396972356594,2.5436030276434067,23.335807593058778
4381,12.0,12.798571931262238,12.798571931262238,0.7985719312622379,6.654766093851983
5635,15.999,27.73265708013563,27.73265708013563,11.73365708013563,73.33994049712877
5514,28.49,28.358689932054375,28.358689932054375,0.1313100679456234,0.4608987993879375
1965,4.5,4.951934347200698,4.951934347200698,0.45193434720069803,10.042985493348846
2486,4.686,9.325062104387243,9.325062104387243,4.639062104387243,98.99833769499024
4706,3.0,4.622022050324871,4.622022050324871,1.6220220503248708,54.067401677495695
2676,6.2,5.430833469645096,5.430833469645096,0.7691665303549042,12.40591177991781
1726,6.799999,8.823987153625383,8.823987153625383,2.0239881536253836,29.764536048099178
332,4.0,3.5128001903238797,3.5128001903238797,0.4871998096761203,12.179995241903008
4728,4.99,5.492621546604136,5.492621546604136,0.5026215466041357,10.072576084251217
3544,4.75,8.667985537518422,8.667985537518422,3.9179855375184225,82.48390605301942
6459,13.19,9.967457152013333,9.967457152013333,3.2225428479866665,24.431712266767754
1562,25.0,27.14036607015305,27.14036607015305,2.14036607015305,8.5614642806122
3989,4.5,5.2304262502189065,5.2304262502189065,0.7304262502189065,16.231694449309035
1320,29.5,31.42390104944763,31.42390104944763,1.923901049447629,6.521698472703827
6674,35.99,38.49347208826844,38.49347208826844,2.5034720882684383,6.9560213622351705
2036,10.799,12.50378325107691,12.50378325107691,1.7047832510769112,15.786491814769066
3774,5.5,4.836003476149578,4.836003476149578,0.6639965238504217,12.072664070007667
3121,8.2,7.915016292001567,7.915016292001567,0.28498370799843187,3.475411073151608
2650,3.6,6.111260794168446,6.111260794168446,2.511260794168446,69.75724428245684
4595,3.95,3.5885445600757535,3.5885445600757535,0.36145543992424667,9.150770630993586
2471,3.55,3.0870695930568814,3.0870695930568814,0.4629304069431184,13.040293153327278
4397,10.8,7.331340546075557,7.331340546075557,3.4686594539244435,32.11721716596706
6418,5.8,6.51239377866243,6.51239377866243,0.7123937786624301,12.282651356248795
1888,13.8,22.574721051972823,22.574721051972823,8.774721051972822,63.58493515922334
5537,25.99,18.802335882388558,18.802335882388558,7.18766411761144,27.655498721090577
7214,57.99,54.19494333137248,54.19494333137248,3.7950566686275238,6.544329485475984
2519,29.5,30.779808143822027,30.779808143822027,1.2798081438220272,4.338332690922126
1142,13.89,14.377958659970924,14.377958659970924,0.48795865997092314,3.51302131008584
308,11.3,7.232924155036536,7.232924155036536,4.0670758449634645,35.99182163684482
5255,1.99,2.4987190069130776,2.4987190069130776,0.5087190069130776,25.56376919161194
381,4.5,7.488080533867889,7.488080533867889,2.9880805338678886,66.40178964150863
4118,7.5,7.322690429715712,7.322690429715712,0.1773095702842884,2.364127603790512
3617,7.2,6.056637690653442,6.056637690653442,1.143362309346558,15.88003207425775
1400,9.8,6.832136706225448,6.832136706225448,2.9678632937745526,30.284319324230125
7075,23.5,20.227230007232937,20.227230007232937,3.2727699927670635,13.926680820285375
6806,14.4,14.468334797609879,14.468334797609879,0.0683347976098787,0.4745472056241577
2465,4.3,2.9188025471570818,2.9188025471570818,1.381197452842918,32.12087099634694
994,10.5,12.413666888312171,12.413666888312171,1.9136668883121715,18.225398936306394
683,4.7,6.2058106265649275,6.2058106265649275,1.5058106265649274,32.03852396946654
3428,7.9,8.056627238020738,8.056627238020738,0.15662723802073764,1.9826232660852865
2906,11.9,10.83863011550926,10.83863011550926,1.061369884490741,8.91907465958606
2984,12.8,10.060254126826468,10.060254126826468,2.7397458731735327,21.404264634168225
457,2.7,4.26063251038609,4.26063251038609,1.5606325103860899,57.801204088373694
4028,4.8,4.457679928295443,4.457679928295443,0.3423200717045569,7.1316681605116035
3622,3.8,6.4012132145094025,6.4012132145094025,2.6012132145094027,68.4529793291948
756,2.95,4.253087543449022,4.253087543449022,1.3030875434490214,44.17245909996683
5845,21.99,25.39180179054704,25.39180179054704,3.40180179054704,15.469767123906506
4100,1.5,2.4469893544153436,2.4469893544153436,0.9469893544153436,63.132623627689576
1046,11.89,8.154270969457926,8.154270969457926,3.7357290305420747,31.419083520118374
1024,4.49,2.2977830201070635,2.2977830201070635,2.1922169798929367,48.82443162345071
2344,13.4,13.224338266975824,13.224338266975824,0.17566173302417631,1.3109084554043007
2997,3.2,9.349813540747903,9.349813540747903,6.149813540747902,192.18167314837194
4591,3.55,7.471729545628688,7.471729545628688,3.921729545628688,110.47125480644193
4974,26.9,17.980298278565087,17.980298278565087,8.919701721434912,33.158742458865845
1515,28.2,29.447792544990804,29.447792544990804,1.247792544990805,4.424796258832641
5186,24.19,19.935580595488815,19.935580595488815,4.254419404511186,17.58751304055885
1737,4.3,5.904072760958902,5.904072760958902,1.6040727609589025,37.30401769671867
6156,22.85,26.212196093395832,26.212196093395832,3.3621960933958306,14.714206098012387
1869,5.6,6.776248752431707,6.776248752431707,1.1762487524317073,21.004442007709063
6526,22.99,23.098972615808105,23.098972615808105,0.10897261580810635,0.4740000687607932
1042,3.5,0.6886179736940843,0.6886179736940843,2.8113820263059157,80.32520075159759
3442,6.5,5.589438391473484,5.589438391473484,0.9105616085265158,14.008640131177167
50,7.5,10.256714224248407,10.256714224248407,2.756714224248407,36.756189656645425
786,6.5,5.88337110453941,5.88337110453941,0.6166288954605896,9.486598391701378
245,18.5,25.127773251483276,25.127773251483276,6.627773251483276,35.825801359369066
5303,4.25,9.397848301795612,9.397848301795612,5.147848301795612,121.12584239519089
3076,14.0,11.391193595375661,11.391193595375661,2.608806404624339,18.63433146160242
5462,37.19,26.993838480452354,26.993838480452354,10.196161519547644,27.416406344575545
7234,54.95,38.684945161713536,38.684945161713536,16.265054838286467,29.59973582945672
625,7.5,9.294396792297494,9.294396792297494,1.7943967922974942,23.925290563966588
6414,26.59,18.306163298992768,18.306163298992768,8.283836701007232,31.153955250121218
2272,5.7,4.864737306200107,4.864737306200107,0.8352626937998933,14.653731470173565
4812,12.99,13.826301500362955,13.826301500362955,0.8363015003629553,6.4380408034099705
7182,57.28,35.3713484038295,35.3713484038295,21.9086515961705,38.24834426705744
4894,6.9,6.790296191395905,6.790296191395905,0.10970380860409534,1.5899102696245702
6403,5.3,6.6323341782644025,6.6323341782644025,1.3323341782644027,25.13838072196986
1025,12.5,9.325062104387243,9.325062104387243,3.174937895612757,25.39950316490206
5457,53.99,40.59989210519463,40.59989210519463,13.390107894805375,24.801088895731386
2926,7.5,9.80770542906844,9.80770542906844,2.30770542906844,30.76940572091253
321,31.8,34.93321291314095,34.93321291314095,3.133212913140948,9.852870796040717
3326,17.0,22.06196995124386,22.06196995124386,5.06196995124386,29.776293830846235
3105,11.9,14.51515517997815,14.51515517997815,2.6151551799781494,21.976093949396216
1893,4.5,3.4569186759452872,3.4569186759452872,1.0430813240547128,23.179584978993617
4920,6.8,5.932054796037168,5.932054796037168,0.8679452039628321,12.763900058276946
2138,11.49,10.960033481001496,10.960033481001496,0.5299665189985046,4.612415308951301
5476,40.49,26.499725519633138,26.499725519633138,13.990274480366864,34.552419067342214
3475,1.55,1.8838215536702982,1.8838215536702982,0.3338215536702982,21.53687443034182
4098,11.0,13.274122506510208,13.274122506510208,2.274122506510208,20.67384096827462
7001,45.499,39.1079448298908,39.1079448298908,6.391055170109205,14.046583815268917
5321,14.799,20.93395600573051,20.93395600573051,6.134956005730512,41.45520647158938
5339,2.7,2.794674773252293,2.794674773252293,0.09467477325229279,3.506473083418251
4296,24.5,22.956944184717255,22.956944184717255,1.5430558152827452,6.298187001154062
3767,5.9,5.815552913482428,5.815552913482428,0.0844470865175726,1.4313065511452983
2126,16.3,21.160593608684728,21.160593608684728,4.860593608684727,29.819592691317343
4279,5.9,4.733521721970137,4.733521721970137,1.1664782780298637,19.770818271692605
233,3.8,5.794636939175364,5.794636939175364,1.994636939175364,52.49044576777274
65,15.0,11.936270298832504,11.936270298832504,3.063729701167496,20.424864674449974
5856,20.709,29.49167162473279,29.49167162473279,8.782671624732789,42.4099262385088
1595,14.5,15.344907626487975,15.344907626487975,0.8449076264879753,5.826949148192933
5133,9.8,15.703559975581763,15.703559975581763,5.9035599755817625,60.24040791409961
2656,20.9,23.215496543294556,23.215496543294556,2.3154965432945573,11.078930829160562
3218,32.99,40.04576928732433,40.04576928732433,7.055769287324331,21.387600143450534
509,5.0,4.998112887316328,4.998112887316328,0.001887112683672143,0.03774225367344286
6253,15.5,19.883022051300635,19.883022051300635,4.383022051300635,28.277561621294424
6481,18.99,29.142006082526116,29.142006082526116,10.152006082526118,53.45974766996376
576,26.7,14.002158263671705,14.002158263671705,12.697841736328295,47.55745968662283
217,4.999999,4.528541565759818,4.528541565759818,0.4714574342401816,9.429150570633746
5697,15.59,23.4041164376115,23.4041164376115,7.814116437611499,50.12261986922065
7082,11.9,13.5589666087878,13.5589666087878,1.6589666087878001,13.940895872166386
3757,4.0,4.718033463552933,4.718033463552933,0.7180334635529331,17.95083658882333
3954,9.2,13.718158372771748,13.718158372771748,4.518158372771749,49.110417095345106
6731,24.5,22.36561682910397,22.36561682910397,2.1343831708960295,8.711768044473589
6889,39.9,27.077224754978687,27.077224754978687,12.822775245021312,32.137281315842884
2115,10.5,6.4906913095509395,6.4906913095509395,4.0093086904490605,38.18389228999105
3467,2.0,3.9725718513126367,3.9725718513126367,1.9725718513126367,98.62859256563183
4871,17.5,17.93300559207871,17.93300559207871,0.43300559207871103,2.474317669021206
6130,20.5,33.1516578922717,33.1516578922717,12.6516578922717,61.71540435254488
3478,9.0,9.325062104387243,9.325062104387243,0.3250621043872428,3.6118011598582536
4487,4.499999,7.721454905654455,7.721454905654455,3.221455905654455,71.58792492297121
3933,29.99,25.0771837873325,25.0771837873325,4.912816212667497,16.381514547074016
3347,7.6,7.069278924678118,7.069278924678118,0.5307210753218818,6.983172043708972
1261,6.5,5.819876262005801,5.819876262005801,0.6801237379941991,10.46344212298768
4382,9.5,11.140969371234618,11.140969371234618,1.6409693712346183,17.273361802469665
3163,9.65,10.843211649397094,10.843211649397094,1.1932116493970941,12.36488755851911
1412,4.0,3.9864827179071067,3.9864827179071067,0.013517282092893268,0.3379320523223317
1281,14.0,8.809588185974752,8.809588185974752,5.190411814025248,37.074370100180346
4588,6.0,8.516997473578295,8.516997473578295,2.5169974735782947,41.94995789297158
2917,6.2,5.6080025295649545,5.6080025295649545,0.5919974704350457,9.548346297339446
1565,13.6,20.786042368731593,20.786042368731593,7.186042368731593,52.838546828908775
6580,22.562,14.615553069548078,14.615553069548078,7.946446930451923,35.22048989651593
4002,7.6,6.517110328337008,6.517110328337008,1.0828896716629917,14.248548311355155
6500,7.899,13.012310977577416,13.012310977577416,5.113310977577416,64.73364954522619
6365,25.4,29.941433668159522,29.941433668159522,4.541433668159524,17.87966011086427
6900,21.699,17.121486119574637,17.121486119574637,4.577513880425364,21.095506154317544
3007,5.0,8.040479682917589,8.040479682917589,3.0404796829175886,60.809593658351766
1315,9.2,10.339393214874733,10.339393214874733,1.1393932148747332,12.384708857334058
3885,2.3,4.665286377819012,4.665286377819012,2.365286377819012,102.838538166044
3745,12.4,11.30572481580504,11.30572481580504,1.0942751841949612,8.824799872540009
6498,18.006229,39.849484822262454,39.849484822262454,21.843255822262453,121.30944142864368
1702,40.99,32.69321330806372,32.69321330806372,8.296786691936283,20.241001932023135
1839,6.2,8.135553745682245,8.135553745682245,1.9355537456822445,31.218608801326525
503,10.5,5.567644272719848,5.567644272719848,4.932355727280152,46.97481645028716
7023,38.9,49.7391613576446,49.7391613576446,10.839161357644599,27.864168014510536
5818,9.79,10.71506648237576,10.71506648237576,0.9250664823757617,9.449095836320346
4694,11.0,4.361680565427742,4.361680565427742,6.638319434572258,60.348358496111445
1721,36.0,38.19483617825911,38.19483617825911,2.1948361782591093,6.09676716183086
7187,50.999,88.72659367809794,88.72659367809794,37.72759367809794,73.97712441047459
4618,14.99,14.377958659970924,14.377958659970924,0.6120413400290765,4.082997598592905
1803,18.8,17.980298278565087,17.980298278565087,0.8197017214349138,4.360115539547413
1385,4.2,5.482268253072924,5.482268253072924,1.2822682530729237,30.530196501736278
1373,1.2,2.3061756243321145,2.3061756243321145,1.1061756243321146,92.18130202767621
5834,26.9,29.87343374358949,29.87343374358949,2.973433743589492,11.053657039366142
5654,44.99,54.67506265202756,54.67506265202756,9.685062652027561,21.527145259007693
5670,16.0,18.22782300651389,18.22782300651389,2.2278230065138906,13.923893790711816
856,6.9,6.862127976895665,6.862127976895665,0.03787202310433546,0.5488699000628328
2458,13.899999,7.774401496916955,7.774401496916955,6.1255975030830445,44.06904995520535
2726,7.8,12.381923337651958,12.381923337651958,4.581923337651959,58.742606892973825
5886,37.99,31.087226191019194,31.087226191019194,6.9027738089808075,18.16997580674074
4252,24.79,23.215496543294556,23.215496543294556,1.5745034567054432,6.351365295302312
3269,8.1,5.978108184436152,5.978108184436152,2.1218918155638473,26.19619525387466
2505,6.0,7.553138731476801,7.553138731476801,1.5531387314768006,25.885645524613345
318,1.7,1.9697356463077362,1.9697356463077362,0.2697356463077363,15.866802723984488
6053,30.49,33.73592763978168,33.73592763978168,3.24592763978168,10.645876155400723
176,4.7,5.819876262005801,5.819876262005801,1.1198762620058007,23.827154510761716
5683,80.49,67.7032326627708,67.7032326627708,12.786767337229193,15.886156463199397
4967,2.0,2.9003463900390045,2.9003463900390045,0.9003463900390045,45.017319501950226
3100,2.6,6.9667736635731226,6.9667736635731226,4.366773663573122,167.95283321435085
2840,1.85,3.080999422883364,3.080999422883364,1.230999422883364,66.5405093450467
6504,14.2,19.86940108696654,19.86940108696654,5.669401086966541,39.92535976737001
3043,2.7,3.003274691329171,3.003274691329171,0.30327469132917084,11.232395975154475
3169,12.5,8.877343178526587,8.877343178526587,3.622656821473413,28.9812545717873
468,4.6,5.867602867000453,5.867602867000453,1.2676028670004538,27.55658406522726
472,28.5,21.378190394951297,21.378190394951297,7.121809605048703,24.988805631749837
91,7.9,5.043359624827952,5.043359624827952,2.8566403751720486,36.16000474901327
4304,2.7,4.6983242618072385,4.6983242618072385,1.9983242618072383,74.01200969656438
4149,5.8,6.709021369250223,6.709021369250223,0.9090213692502234,15.672782228452128
1047,5.6,6.782651061142619,6.782651061142619,1.1826510611426198,21.11876894897535
6571,129.29,118.84675849412226,118.84675849412226,10.443241505877737,8.077377605288682
6768,9.49,9.153475597993996,9.153475597993996,0.3365244020060043,3.5460948578082645
435,5.5,7.81038312515378,7.81038312515378,2.3103831251537796,42.0069659118869
6016,151.89,152.58149758578412,152.58149758578412,0.6914975857841341,0.4552620882112939
1335,20.49,16.744957978172557,16.744957978172557,3.745042021827441,18.277413478904055
1352,8.9,8.197338607104086,8.197338607104086,0.702661392895914,7.895071830291169
4074,2.55,4.73988469686349,4.73988469686349,2.1898846968634897,85.87783124954862
4868,5.9,6.152101922694401,6.152101922694401,0.25210192269440057,4.272913943972891
6046,25.09,24.158427528542017,24.158427528542017,0.9315724714579829,3.7129233617297053
5546,18.99,21.141206800574516,21.141206800574516,2.151206800574517,11.328103215242322
4207,8.8,8.171738470982003,8.171738470982003,0.6282615290179976,7.1393355570227
3758,11.5,16.715864820667406,16.715864820667406,5.215864820667406,45.355346266673095
106,7.7,5.9396427329412855,5.9396427329412855,1.7603572670587146,22.861782689074214
5694,19.0,25.730800323032994,25.730800323032994,6.7308003230329945,35.42526485806839
5676,26.99,26.602641987420636,26.602641987420636,0.3873580125793623,1.4351908580191268
4791,4.1,5.508400556147636,5.508400556147636,1.4084005561476367,34.35123307677163
5900,27.9,15.439939514878498,15.439939514878498,12.4600604851215,44.65971500043549
5313,12.9,12.78194085373849,12.78194085373849,0.11805914626151015,0.915187180321784
3333,10.99,11.367963967923611,11.367963967923611,0.37796396792361087,3.4391625834723465
4086,15.0,15.672566327355039,15.672566327355039,0.6725663273550389,4.483775515700259
1617,12.99,12.327805491466744,12.327805491466744,0.6621945085332559,5.097725238901123
2252,4.0,1.5666106308766938,1.5666106308766938,2.433389369123306,60.83473422808265
4860,7.8,10.670883480747827,10.670883480747827,2.8708834807478274,36.806198471125995
5584,9.299,12.604518214882114,12.604518214882114,3.305518214882115,35.547028872804766
3494,15.9,16.852415123325144,16.852415123325144,0.9524151233251441,5.990032222170718
1498,6.666,5.72255341984838,5.72255341984838,0.9434465801516208,14.153114013675678
996,6.5,8.154270969457926,8.154270969457926,1.6542709694579258,25.450322607045013
5912,15.3205,11.247556843851237,11.247556843851237,4.072943156148762,26.584923182329312
6638,87.999,92.59554499661374,92.59554499661374,4.596544996613744,5.2234059439467995
41,18.0,18.15305546767978,18.15305546767978,0.1530554676797813,0.8503081537765627
5253,17.2,20.129827067520917,20.129827067520917,2.929827067520918,17.033878299540223
5689,13.69,12.924409155549071,12.924409155549071,0.7655908444509283,5.592336336383698
3282,3.7,7.695275377361559,7.695275377361559,3.9952753773615592,107.98041560436647
1539,7.3,4.582033383357608,4.582033383357608,2.717966616642392,37.23241940606016
1805,8.9,9.445769601413044,9.445769601413044,0.5457696014130438,6.132242712506109
1144,2.9,9.356708201752276,9.356708201752276,6.456708201752276,222.64511040525093
6198,34.79,37.275750641474204,37.275750641474204,2.4857506414742048,7.145014778597887
2615,6.5,7.0141846783693484,7.0141846783693484,0.5141846783693484,7.910533513374592
2114,14.99,15.597130926790085,15.597130926790085,0.6071309267900844,4.050239671715039
5792,10.89,7.4545053050683014,7.4545053050683014,3.435494694931699,31.54724237770155
4546,11.0,12.929340301547082,12.929340301547082,1.9293403015470822,17.539457286791656
3172,1.0,4.72866439799658,4.72866439799658,3.72866439799658,372.866439799658
167,9.2,18.318554689937244,18.318554689937244,9.118554689937245,99.11472489062223
2337,11.3,11.203246075660374,11.203246075660374,0.0967539243396267,0.8562294189347496
6928,39.18,29.18301556748434,29.18301556748434,9.99698443251566,25.51552943470051
3964,5.4,3.1878023152638146,3.1878023152638146,2.2121976847361857,40.966623791410846
2445,25.0,25.602532105231738,25.602532105231738,0.6025321052317381,2.4101284209269522
7257,17.99,22.731228343808922,22.731228343808922,4.741228343808924,26.354799020616586
3341,1.9,4.869487069123382,4.869487069123382,2.969487069123382,156.28879311175697
4103,1.3,2.8449849296777003,2.8449849296777003,1.5449849296777003,118.84499459059232
3017,18.5,14.51515517997815,14.51515517997815,3.9848448200218503,21.53970172984784
6151,13.09,13.842518949047744,13.842518949047744,0.7525189490477437,5.748807861327301
4958,8.99,10.849123844985938,10.849123844985938,1.8591238449859375,20.679909287941463
6935,25.4,36.17987777132974,36.17987777132974,10.779877771329744,42.44046366665254
789,3.6,6.746370508368175,6.746370508368175,3.146370508368175,87.39918078800486
4617,19.2,14.581336793638538,14.581336793638538,4.618663206361461,24.055537533132608
1097,3.5,3.8042856649963,3.8042856649963,0.30428566499629994,8.693876142751426
3206,15.3,13.391646119947321,13.391646119947321,1.9083538800526796,12.472901176814899
6535,19.99,23.15204846257243,23.15204846257243,3.1620484625724323,15.818151388556442
6251,31.49,25.9628437595756,25.9628437595756,5.5271562404244,17.552099842567166
544,4.0,6.266905296962385,6.266905296962385,2.266905296962385,56.67263242405962
6770,19.299,18.45573253545373,18.45573253545373,0.843267464546269,4.369487872668372
5924,14.25,16.140784176020887,16.140784176020887,1.8907841760208868,13.2686608843571
4838,2.4,4.262674309400696,4.262674309400696,1.862674309400696,77.61142955836233
6194,19.59,15.655591808496482,15.655591808496482,3.9344081915035183,20.08375799644471
6068,7.39,9.018645216787847,9.018645216787847,1.6286452167878478,22.03850090375978
4229,16.7,15.310228864378871,15.310228864378871,1.3897711356211282,8.321982848030709
877,9.5,4.569132959927542,4.569132959927542,4.930867040072458,51.903863579710084
3908,9.7,7.129844377716262,7.129844377716262,2.570155622283737,26.496449714265335
3914,12.8,9.136903857593245,9.136903857593245,3.663096142406756,28.61793861255278
5397,10.9,8.739367206053888,8.739367206053888,2.160632793946112,19.822319210514788
1078,8.2,5.793367617153454,5.793367617153454,2.4066323828465457,29.349175400567635
5983,42.7,70.456462564119,70.456462564119,27.75646256411899,65.00342520870957
4990,10.5,8.48008106733543,8.48008106733543,2.01991893266457,19.237323168234003
511,13.0,9.865711777325135,9.865711777325135,3.134288222674865,24.109909405191267
2375,4.4,4.059563159565846,4.059563159565846,0.3404368404341547,7.73720091895806
2877,15.6,17.980298278565087,17.980298278565087,2.3802982785650872,15.258322298494148
2069,1.5,2.5153482898265214,2.5153482898265214,1.0153482898265214,67.68988598843477
4851,3.5,2.8472904668562453,2.8472904668562453,0.6527095331437547,18.648843804107276
3262,11.0,7.959124049937399,7.959124049937399,3.040875950062601,27.644326818750915
4934,10.89,19.019232187484846,19.019232187484846,8.129232187484845,74.64859676294624
1302,8.9,13.18426348124417,13.18426348124417,4.284263481244169,48.137791924091786
6045,47.89,46.97085736660101,46.97085736660101,0.9191426333989909,1.91927883357484
4394,2.5,4.710516857052678,4.710516857052678,2.210516857052678,88.42067428210711
3689,16.3,16.84157961345167,16.84157961345167,0.5415796134516704,3.3225743156544194
3159,8.5,7.741084326267958,7.741084326267958,0.7589156737320417,8.928419690965196
858,7.99,10.610438620957328,10.610438620957328,2.6204386209573283,32.7964783599165
4678,19.9,18.683494798024906,18.683494798024906,1.2165052019750924,6.11309146721152
7140,24.85,31.783150777053418,31.783150777053418,6.933150777053417,27.90000312697552
7028,12.5,20.262905089702066,20.262905089702066,7.762905089702066,62.10324071761653
7112,25.99,34.66964314274922,34.66964314274922,8.679643142749224,33.39608750576847
4357,9.9,14.51515517997815,14.51515517997815,4.615155179978149,46.61772909068838
2890,7.9,8.583297463441092,8.583297463441092,0.6832974634410913,8.649334980266978
4794,8.8,12.06782536946848,12.06782536946848,3.267825369468479,37.13437919850544
2024,12.0,15.328309353892813,15.328309353892813,3.328309353892813,27.735911282440107
4194,16.5,15.055595993870151,15.055595993870151,1.444404006129849,8.753963673514237
4921,4.5,3.38101766572324,3.38101766572324,1.11898233427676,24.86627409503911
5356,9.5,7.65811673942555,7.65811673942555,1.8418832605744502,19.388244848152105
743,5.3,6.072487820221967,6.072487820221967,0.7724878202219676,14.575241890980523
2499,1.15,1.871414929885466,1.871414929885466,0.7214149298854662,62.7317330335188
4241,9.3,11.335211579593771,11.335211579593771,2.0352115795937706,21.883995479502907
179,25.99,17.545804551459327,17.545804551459327,8.444195448540672,32.49017102170324
3613,8.5,5.9396427329412855,5.9396427329412855,2.5603572670587145,30.12185020069076
3693,20.0,13.837988496294356,13.837988496294356,6.162011503705644,30.81005751852822
3771,7.0,8.750653268331826,8.750653268331826,1.7506532683318259,25.00933240474037
6566,35.55,38.90769676265122,38.90769676265122,3.357696762651223,9.444997925882484
31,11.0,8.374432197590366,8.374432197590366,2.625567802409634,23.868798203723944
5151,6.8,6.486561383229917,6.486561383229917,0.31343861677008267,4.609391423089451
2484,3.2,4.32783548226997,4.32783548226997,1.1278354822699699,35.24485882093656
168,11.5,8.488889614172205,8.488889614172205,3.011110385827795,26.18356857241561
3248,2.8,2.748194035400772,2.748194035400772,0.05180596459922793,1.8502130214009975
642,5.0,6.32955444951215,6.32955444951215,1.32955444951215,26.591088990243
1483,14.9,13.166759392723366,13.166759392723366,1.7332406072766346,11.63248729715862
1790,6.0,6.072487820221967,6.072487820221967,0.07248782022196743,1.2081303370327903
5035,8.0,6.0515813898317745,6.0515813898317745,1.9484186101682255,24.35523262710282
3982,3.0,9.229348285089273,9.229348285089273,6.229348285089273,207.6449428363091
7092,62.49,61.226635983437,61.226635983437,1.2633640165630027,2.0217058994447155
6492,22.89,26.2921200927735,26.2921200927735,3.402120092773501,14.86290997279817
6912,19.899,20.75577713482156,20.75577713482156,0.8567771348215594,4.305629101068191
6178,24.5,27.15473053974845,27.15473053974845,2.6547305397484493,10.835634856116119
6644,18.15,13.230177972904348,13.230177972904348,4.91982202709565,27.106457449562814
2758,9.5,6.790296191395905,6.790296191395905,2.709703808604095,28.523197985306265
3412,12.6,8.395109478677877,8.395109478677877,4.204890521322122,33.37214699462002
6122,20.7,21.104371184730034,21.104371184730034,0.4043711847300351,1.953483984203068
800,2.5,4.652386701886773,4.652386701886773,2.1523867018867726,86.0954680754709
1954,10.5,9.2471118510153,9.2471118510153,1.2528881489847006,11.932268085568577
7248,48.99,32.74954357379283,32.74954357379283,16.240456426207174,33.15055404410528
5306,4.0,3.6098516310256397,3.6098516310256397,0.39014836897436034,9.753709224359008
6637,15.69,11.670338542773283,11.670338542773283,4.019661457226716,25.61925721623146
2119,20.5,22.39406747326247,22.39406747326247,1.8940674732624707,9.239353528109612
5309,3.5,4.1451333020281105,4.1451333020281105,0.6451333020281105,18.432380057946013
5660,25.49,31.054777348188328,31.054777348188328,5.564777348188329,21.831217529181362
5679,19.5,22.731228343808922,22.731228343808922,3.2312283438089224,16.570401763122682
1406,8.7,8.164291786173694,8.164291786173694,0.5357082138263056,6.157565676164433
1501,9.8,7.798501550862808,7.798501550862808,2.001498449137193,20.423453562624417
1074,5.3,5.742870046668932,5.742870046668932,0.4428700466689319,8.356038616394942
500,13.6,12.330959976111341,12.330959976111341,1.2690400238886586,9.331176646240138
437,17.5,15.703559975581763,15.703559975581763,1.7964400244182368,10.26537156810421
5437,9.5,10.046259493935693,10.046259493935693,0.5462594939356933,5.750099936165193
4113,8.9,5.815552913482428,5.815552913482428,3.0844470865175726,34.6567088372761
3386,3.6,3.6297754565675344,3.6297754565675344,0.02977545656753433,0.8270960157648425
6683,22.99,22.18081548696077,22.18081548696077,0.8091845130392272,3.51972384967041
80,16.9,11.143408754446948,11.143408754446948,5.75659124555305,34.06267009202988
1608,19.99,14.010316195791534,14.010316195791534,5.979683804208465,29.913375708896773
960,5.0,7.949574078668679,7.949574078668679,2.949574078668679,58.99148157337357
3114,22.5,29.55649292111182,29.55649292111182,7.056492921111818,31.362190760496972
5198,3.8,5.819876262005801,5.819876262005801,2.019876262005801,53.15463847383687
4628,13.0,18.318554689937244,18.318554689937244,5.318554689937244,40.91195915336341
1632,12.19,13.372215343032686,13.372215343032686,1.182215343032686,9.698239073278803
3305,4.8,4.2601971427922045,4.2601971427922045,0.5398028572077953,11.245892858495736
5935,21.3,22.613753893898117,22.613753893898117,1.3137538938981166,6.1678586567986695
5419,9.5,8.943371515029888,8.943371515029888,0.556628484970112,5.859247210211705
2477,3.0,4.466435524979271,4.466435524979271,1.4664355249792713,48.88118416597571
5506,16.45,15.870475395698882,15.870475395698882,0.5795246043011169,3.522945922803142
6399,22.45,15.191491213645106,15.191491213645106,7.258508786354893,32.331887689776806
5517,51.999,37.732434495796234,37.732434495796234,14.266565504203768,27.436230512517103
534,6.9,8.6009717752893,8.6009717752893,1.7009717752893003,24.65176485926522
5701,26.69,22.675388044484603,22.675388044484603,4.014611955515399,15.041633403954286
2794,20.3,13.013263055732365,13.013263055732365,7.286736944267636,35.89525588309181
585,4.5,4.136197857254958,4.136197857254958,0.3638021427450422,8.084492061000939
6722,50.9,51.86547678884932,51.86547678884932,0.9654767888493225,1.896810980057608
4970,25.0,20.381676227441535,20.381676227441535,4.618323772558465,18.47329509023386
1451,2.75,4.577918536061805,4.577918536061805,1.827918536061805,66.469764947702
6275,25.49,23.752469953153877,23.752469953153877,1.7375300468461212,6.81651646467682
1410,30.5,21.918900139993234,21.918900139993234,8.581099860006766,28.134753639366444
5684,20.59,37.99710672618183,37.99710672618183,17.407106726181834,84.54155767936781
4536,10.0,10.843211649397094,10.843211649397094,0.8432116493970945,8.432116493970945
866,15.0,9.80770542906844,9.80770542906844,5.19229457093156,34.615297139543735
4638,2.0,-0.5422501905074597,0.0,2.0,100.0
6358,54.8,43.282635977069226,43.282635977069226,11.51736402293077,21.01708763308535
4679,3.95,8.86546517679976,8.86546517679976,4.915465176799759,124.44215637467744
742,7.1,5.904072760958902,5.904072760958902,1.1959272390410973,16.844045620297145
1544,6.9,5.791403456811173,5.791403456811173,1.1085965431888276,16.06661656795402
5509,53.29,45.58040161815971,45.58040161815971,7.709598381840287,14.467251607881943
2706,18.9,12.970694282174057,12.970694282174057,5.929305717825942,31.371987925004984
3734,7.89,6.519376925793429,6.519376925793429,1.3706230742065708,17.37164859577403
2589,8.2,9.325062104387243,9.325062104387243,1.1250621043872435,13.720269565698093
5283,2.5,3.801378825945333,3.801378825945333,1.3013788259453332,52.05515303781333
6816,50.709,40.942685701490305,40.942685701490305,9.766314298509698,19.259528483128634
5944,15.9,17.611272003566643,17.611272003566643,1.711272003566643,10.762717003563793
4253,3.7,2.7100274517768295,2.7100274517768295,0.9899725482231707,26.75601481684245
748,16.5,12.524820018617502,12.524820018617502,3.9751799813824977,24.091999887166654
4055,5.79,7.8637589316848935,7.8637589316848935,2.0737589316848934,35.816216436699364
401,5.3,5.570532830893292,5.570532830893292,0.27053283089329216,5.104393035722494
3749,20.8,20.067654203533525,20.067654203533525,0.7323457964664755,3.5208932522426704
157,7.5,7.025835151009907,7.025835151009907,0.47416484899009337,6.322197986534578
5434,98.19,99.58797918429617,99.58797918429617,1.397979184296176,1.4237490419555718
6483,29.5,25.806308730185084,25.806308730185084,3.6936912698149165,12.520987355304802
5749,14.3,14.014673286491496,14.014673286491496,0.28532671350850514,1.9952917028566792
4528,12.0,14.329038207547411,14.329038207547411,2.329038207547411,19.408651729561758
1820,8.9,5.717445831526099,5.717445831526099,3.182554168473901,35.759035600830344
2922,9.0,9.291563888467207,9.291563888467207,0.2915638884672074,3.2395987607467487
2864,15.3,6.1121498617424805,6.1121498617424805,9.18785013825752,60.05130809318641
3362,3.3,2.6262396221674873,2.6262396221674873,0.6737603778325125,20.416981146439774
5281,1.6,2.5182385428920018,2.5182385428920018,0.9182385428920017,57.3899089307501
3803,1.4,2.7995847910598126,2.7995847910598126,1.3995847910598127,99.97034221855806
4237,5.4,9.78002493418964,9.78002493418964,4.38002493418964,81.1115728553637
7295,47.59,42.735488722748755,42.735488722748755,4.854511277251248,10.200696106852801
2666,4.8,4.732653507057124,4.732653507057124,0.06734649294287554,1.403051936309907
1782,13.0,6.783825237667379,6.783825237667379,6.216174762332621,47.81672894102016
5910,45.3565,44.050835554715434,44.050835554715434,1.3056644452845632,2.8786710731307825
2415,8.0,10.444508809576714,10.444508809576714,2.444508809576714,30.556360119708927
535,11.9,10.699388790880416,10.699388790880416,1.2006112091195842,10.08916982453432
5978,119.9,102.71339350329173,102.71339350329173,17.18660649670828,14.334117178238765
2406,1.5,1.8444111938768142,1.8444111938768142,0.3444111938768142,22.96074625845428
3098,5.8,5.733545666654814,5.733545666654814,0.06645433334518547,1.145764368020439
5359,8.0,10.843221369808449,10.843221369808449,2.8432213698084485,35.540267122605606
5154,8.4,7.572101018758707,7.572101018758707,0.8278989812412938,9.855940252872545
1966,8.9,3.5833102408037405,3.5833102408037405,5.31668975919626,59.73808718198045
5416,10.5,10.339393214874733,10.339393214874733,0.1606067851252675,1.5295884297644522
1176,7.86,10.063157171383995,10.063157171383995,2.203157171383995,28.029989457811638
5902,21.5,25.316308442528864,25.316308442528864,3.8163084425288645,17.75027182571565
1760,2.8,2.197144496446043,2.197144496446043,0.6028555035539567,21.530553698355597
997,5.2,7.807892073295903,7.807892073295903,2.6078920732959032,50.15177064030583
473,6.2,5.768844418795123,5.768844418795123,0.4311555812048775,6.9541222774980245
2266,2.1,1.217882335936256,1.217882335936256,0.882117664063744,42.00560305065448
4205,15.7,15.168860400973731,15.168860400973731,0.5311395990262682,3.38305477086795
1882,5.2,7.399242287621539,7.399242287621539,2.199242287621539,42.29312091579882
4222,18.9,13.304020785480079,13.304020785480079,5.59597921451992,29.60835563238053
2578,10.8,9.699717207074478,9.699717207074478,1.1002827929255226,10.187803638199282
3783,2.6,3.382209755155026,3.382209755155026,0.782209755155026,30.084990582885613
469,14.9,14.368063794693667,14.368063794693667,0.5319362053063337,3.5700416463512323
5097,14.9,11.426951547732182,11.426951547732182,3.473048452267818,23.309050015220258
7040,17.29,21.146239744719693,21.146239744719693,3.8562397447196943,22.303295226834553
4712,10.0,13.702916070770069,13.702916070770069,3.702916070770069,37.02916070770069
3997,7.0,8.1012581840228,8.1012581840228,1.1012581840228002,15.73225977175429
247,6.5,3.600891277816629,3.600891277816629,2.899108722183371,44.60167264897494
3780,17.9,10.110999176791479,10.110999176791479,7.78900082320852,43.51397107937721
2182,9.9,16.039067412471862,16.039067412471862,6.139067412471862,62.01078194416022
3395,6.5,10.667211061338062,10.667211061338062,4.167211061338062,64.11093940520095
7097,83.99,82.00483501806326,82.00483501806326,1.9851649819367339,2.3635730229036
811,4.0,3.498202560305053,3.498202560305053,0.501797439694947,12.544935992373674
6502,26.8,22.572485119652267,22.572485119652267,4.227514880347734,15.774309255028857
1419,7.4,8.154270969457926,8.154270969457926,0.7542709694579255,10.192850938620614
6733,13.9,16.055034383194087,16.055034383194087,2.155034383194087,15.503844483410695
3625,3.9,3.8570737107558255,3.8570737107558255,0.04292628924417441,1.1006740831839592
228,9.0,6.410514752191817,6.410514752191817,2.5894852478081827,28.77205830897981
7107,45.5,38.8073368449528,38.8073368449528,6.6926631550471996,14.709149791312527
17,18.0,24.926774097200976,24.926774097200976,6.926774097200976,38.482078317783206
1407,10.6,10.843221369808449,10.843221369808449,0.24322136980844888,2.2945412246080084
7070,59.99,68.71535792351716,68.71535792351716,8.725357923517159,14.544687320415333
2392,13.5,14.767974225935097,14.767974225935097,1.267974225935097,9.39240167359331
6272,47.9,34.72096210478995,34.72096210478995,13.179037895210051,27.513649050542906
5439,109.0,94.47295843684914,94.47295843684914,14.52704156315086,13.32756106711088
6745,45.49,39.16538775025486,39.16538775025486,6.324612249745144,13.903302373587916
5879,10.99,17.478788610980935,17.478788610980935,6.488788610980935,59.042662520299686
2440,3.9,5.345459111012174,5.345459111012174,1.4454591110121737,37.06305412851727
5831,17.9,20.28419429476234,20.28419429476234,2.3841942947623416,13.31952119978962
5853,13.5,12.108888912253967,12.108888912253967,1.391111087746033,10.304526575896542
4844,9.0,8.222955571075971,8.222955571075971,0.7770444289240288,8.633826988044763
6915,25.49,42.442002157272356,42.442002157272356,16.952002157272357,66.50452003637646
6092,21.69,22.222184461051015,22.222184461051015,0.5321844610510134,2.453593642466636
5461,23.2,19.21484078480684,19.21484078480684,3.9851592151931605,17.177410410315346
2585,5.7,5.201044042490022,5.201044042490022,0.49895595750997845,8.753613289648744
543,9.9,5.791403456811173,5.791403456811173,4.108596543188828,41.50097518372553
6112,17.0,22.760925298158632,22.760925298158632,5.760925298158632,33.88779587152136
3794,16.5,12.318454243068285,12.318454243068285,4.181545756931715,25.342701557161913
4119,7.799999,4.682687209941843,4.682687209941843,3.1173117900581566,39.96554089376366
3153,12.0,5.955537926565466,5.955537926565466,6.044462073434534,50.37051727862112
1535,10.499,11.764851103308635,11.764851103308635,1.2658511033086342,12.056873067040994
1832,14.5,24.396660258750686,24.396660258750686,9.896660258750686,68.25282937069439
6746,33.79,36.98628349389726,36.98628349389726,3.196283493897262,9.45925863834644
3590,8.99,7.774401496916955,7.774401496916955,1.2155985030830454,13.521674116607846
3289,2.0,3.645200571709724,3.645200571709724,1.645200571709724,82.2600285854862
96,3.8,2.2739268635075423,2.2739268635075423,1.5260731364924576,40.159819381380466
6679,62.99,58.30999335967598,58.30999335967598,4.680006640324024,7.4297612959581265
2094,5.7,5.791403456811173,5.791403456811173,0.09140345681117257,1.6035694177398696
4773,8.0,8.708258342521003,8.708258342521003,0.7082583425210025,8.853229281512531
2927,9.5,9.29288936301895,9.29288936301895,0.20711063698104937,2.1801119682215724
7038,44.5,35.08820348902201,35.08820348902201,9.411796510977993,21.15010451905167
156,12.99,9.175617660354249,9.175617660354249,3.8143823396457517,29.36399029750386
1022,6.4,5.787305039834193,5.787305039834193,0.6126949601658076,9.573358752590744
5447,24.49,30.313176518337155,30.313176518337155,5.823176518337156,23.777772635104768
4966,5.8,5.458831055202452,5.458831055202452,0.34116894479754745,5.8822231861646115
6458,49.5,51.86679580911529,51.86679580911529,2.3667958091152883,4.78140567498038
2716,12.5,15.020156661783492,15.020156661783492,2.520156661783492,20.161253294267937
1287,15.0,15.31745553377283,15.31745553377283,0.3174555337728293,2.1163702251521954
696,18.0,17.889567028135158,17.889567028135158,0.11043297186484224,0.6135165103602347
425,25.0,24.492054597391416,24.492054597391416,0.5079454026085841,2.0317816104343365
6872,47.39,39.22061963986485,39.22061963986485,8.16938036013515,17.238616501656782
712,10.9,13.414240301915024,13.414240301915024,2.5142403019150237,23.066424788211226
4173,2.45,2.235780320596982,2.235780320596982,0.21421967940301823,8.743660383796662
1811,16.0,16.613459557069522,16.613459557069522,0.6134595570695218,3.8341222316845114
5096,18.7,25.318794170865576,25.318794170865576,6.618794170865577,35.39462123457528
6480,17.9,23.78999181252061,23.78999181252061,5.889991812520613,32.904982192852586
447,31.49,26.106317692265744,26.106317692265744,5.383682307734254,17.09648239991824
6748,15.899,13.6740951038706,13.6740951038706,2.2249048961293987,13.99399267959871
4080,5.99,7.100843318028299,7.100843318028299,1.1108433180282988,18.54496357309347
1009,5.3,2.5690718831898227,2.5690718831898227,2.730928116810177,51.52694560019202
592,1.5,2.196253395135434,2.196253395135434,0.6962533951354342,46.41689300902894
6096,29.85,30.57019181805893,30.57019181805893,0.7201918180589288,2.4127029080701132
1242,8.5,5.401390431734942,5.401390431734942,3.098609568265058,36.45423021488303
3058,8.4,8.583297463441092,8.583297463441092,0.18329746344109132,2.182112660012992
131,15.8,18.318554689937244,18.318554689937244,2.5185546899372433,15.94021955656483
2404,4.5,5.355350422654546,5.355350422654546,0.8553504226545456,19.007787170101015
2306,8.95,9.573410147889179,9.573410147889179,0.6234101478891798,6.965476512728267
6277,62.5,74.94157883961084,74.94157883961084,12.441578839610841,19.906526143377345
7103,20.89,19.18185271495539,19.18185271495539,1.7081472850446104,8.17686589298521
624,8.5,4.672045897914067,4.672045897914067,3.8279541020859327,45.034754142187445
2986,6.0,5.6385186475858475,5.6385186475858475,0.36148135241415247,6.024689206902542
2127,8.3,7.529544284757919,7.529544284757919,0.7704557152420817,9.28259897882026
6539,43.9,41.70084355865693,41.70084355865693,2.199156441343071,5.009467975724535
4739,3.9,4.6983242618072385,4.6983242618072385,0.7983242618072386,20.46985286685227
3686,17.9,20.129827067520917,20.129827067520917,2.229827067520919,12.457134455424129
3844,6.0,6.2058106265649275,6.2058106265649275,0.20581062656492755,3.430177109415459
2815,9.9,8.189264697564179,8.189264697564179,1.7107353024358218,17.280154570058805
2579,3.999999,6.173340531028346,6.173340531028346,2.1733415310283464,54.33355185909663
1945,5.6,8.863023485083637,8.863023485083637,3.2630234850836377,58.26827651935068
2436,6.99,4.6983242618072385,4.6983242618072385,2.2916757381927617,32.78506063222835
93,6.5,6.003618939881063,6.003618939881063,0.4963810601189369,7.636631694137491
6701,35.19,24.477767668038364,24.477767668038364,10.712232331961633,30.44112626303391
1375,4.868,6.072487820221967,6.072487820221967,1.204487820221967,24.74297083446933
3903,5.6,10.444201416799684,10.444201416799684,4.8442014167996845,86.5035967285658
3477,13.5,10.285823466285859,10.285823466285859,3.2141765337141415,23.808715064549197
6022,42.99,42.05651191151699,42.05651191151699,0.9334880884830099,2.171407509846499
2223,8.8,5.570532830893292,5.570532830893292,3.2294671691067087,36.69849055803078
1087,13.9,15.797240866708993,15.797240866708993,1.8972408667089926,13.649214868410017
2531,2.5,4.392081765137368,4.392081765137368,1.8920817651373678,75.68327060549471
6729,78.99,62.686252760637,62.686252760637,16.303747239363,20.640267425450055
6880,17.375,18.510606833854904,18.510606833854904,1.1356068338549044,6.535866669668514
764,1.8,4.001359893367269,4.001359893367269,2.201359893367269,122.29777185373717
4669,6.5,6.891228292534946,6.891228292534946,0.3912282925349464,6.018896808229945
476,12.99,13.372215343032686,13.372215343032686,0.38221534303268534,2.9423813936311416
5594,56.5,54.79398182321733,54.79398182321733,1.7060181767826705,3.0195011978454347
2622,1.5,3.3105214206225373,3.3105214206225373,1.8105214206225373,120.70142804150248
5111,5.7,6.400854047535848,6.400854047535848,0.7008540475358478,12.295685044488557
6466,21.6,22.188224762398377,22.188224762398377,0.5882247623983758,2.7232627888813696
4461,10.0,8.966076923757447,8.966076923757447,1.0339230762425533,10.339230762425533
6338,13.5,14.84896011004388,14.84896011004388,1.3489601100438797,9.992297111436146
7034,23.29,19.8861028927977,19.8861028927977,3.4038971072022974,14.615273109498917
2181,20.0,17.3511252437821,17.3511252437821,2.6488747562179,13.2443737810895
6334,34.0,30.982051794282963,30.982051794282963,3.017948205717037,8.876318252108932
2620,10.0,6.071614280997331,6.071614280997331,3.9283857190026694,39.283857190026694
5170,8.9,14.51515517997815,14.51515517997815,5.615155179978149,63.09163123570954
752,6.8,6.517110328337008,6.517110328337008,0.28288967166299184,4.160142230338115
2283,11.5,10.861265496697426,10.861265496697426,0.6387345033025742,5.554213072196297
2799,8.0,5.84445986647291,5.84445986647291,2.15554013352709,26.944251669088626
3049,14.9,19.161333608701092,19.161333608701092,4.261333608701092,28.599554420812694
351,3.5,5.763047914393795,5.763047914393795,2.2630479143937947,64.65851183982271
487,1.8,2.8456936579058656,2.8456936579058656,1.0456936579058655,58.09409210588142
927,5.0,5.570532830893292,5.570532830893292,0.570532830893292,11.41065661786584
3318,6.5,5.351235548079096,5.351235548079096,1.1487644519209042,17.673299260321603
1061,18.0,13.711989866466958,13.711989866466958,4.288010133533042,23.82227851962801
6018,39.39,38.389518855896675,38.389518855896675,1.0004811441033254,2.539936897952083
2191,3.5,5.312377436545086,5.312377436545086,1.812377436545086,51.782212472716736
4608,2.1,3.9415232707873376,3.9415232707873376,1.8415232707873375,87.69158432320654
6128,27.9,20.765317833648332,20.765317833648332,7.134682166351666,25.57233751380526
561,12.99,13.071105125214268,13.071105125214268,0.08110512521426827,0.6243658600020652
3535,9.9,8.932475363195895,8.932475363195895,0.9675246368041055,9.772976129334399
5501,21.99,18.89221667536018,18.89221667536018,3.097783324639817,14.087236583173338
2966,9.5,10.530205607107568,10.530205607107568,1.0302056071075683,10.844269548500717
6026,37.49,41.981108341716684,41.981108341716684,4.491108341716682,11.97948344016186
334,13.5,15.053659754799801,15.053659754799801,1.553659754799801,11.508590776294822
2225,6.8,5.76681029775529,5.76681029775529,1.0331897022447096,15.193966209481024
4847,13.0,10.527693781104972,10.527693781104972,2.472306218895028,19.01774014534637
5507,25.5,18.36243986834132,18.36243986834132,7.137560131658681,27.99043188885757
3213,12.5,6.0142178775332535,6.0142178775332535,6.4857821224667465,51.88625697973397
1103,7.9,8.037206849501981,8.037206849501981,0.1372068495019807,1.7367955633162113
2110,26.99,21.918900139993234,21.918900139993234,5.071099860006765,18.78881015193318
23,12.99,14.090059127591932,14.090059127591932,1.1000591275919316,8.468507525726956
4151,21.99,23.792131086946615,23.792131086946615,1.8021310869466163,8.195230045232453
1005,3.2,2.8379042098686007,2.8379042098686007,0.3620957901313995,11.315493441606234
1643,9.7,12.766495942819047,12.766495942819047,3.0664959428190475,31.613360235247917
2550,59.7,49.39210703659598,49.39210703659598,10.307892963404022,17.266152367510923
3038,8.69,6.4012132145094025,6.4012132145094025,2.288786785490597,26.338167842239322
4030,1.7,4.641068511521832,4.641068511521832,2.9410685115218316,173.0040300895195
3817,7.999,8.356396972356594,8.356396972356594,0.35739697235659396,4.468020657039554
1671,14.9,15.631002233888662,15.631002233888662,0.7310022338886615,4.906055260997728
1372,14.3,13.414240301915024,13.414240301915024,0.8857596980849767,6.194123762832005
3203,30.99,27.27647670047595,27.27647670047595,3.7135232995240486,11.982972892946268
445,6.9,7.501061314594444,7.501061314594444,0.6010613145944435,8.711033544847007
5433,62.99,45.208617723516916,45.208617723516916,17.781382276483086,28.228897089193662
7125,59.999,57.48699486849213,57.48699486849213,2.5120051315078697,4.186744998263087
3399,22.5,21.58760100768636,21.58760100768636,0.9123989923136406,4.055106632505069
3939,2.0,2.8185462428219488,2.8185462428219488,0.8185462428219488,40.92731214109744
5206,20.49,21.146582855999448,21.146582855999448,0.6565828559994493,3.204406325033916
6378,83.79,78.21058675176094,78.21058675176094,5.579413248239064,6.658805642963436
2592,16.99,13.372215343032686,13.372215343032686,3.617784656967313,21.29361187149684
3887,11.0,14.581336793638538,14.581336793638538,3.5813367936385383,32.5576072148958
3518,1.2,3.7865030623054707,3.7865030623054707,2.5865030623054706,215.54192185878924
4295,10.9,11.636373211097775,11.636373211097775,0.7363732110977743,6.755717533007104
1128,10.8,9.154298347047426,9.154298347047426,1.6457016529525745,15.237978268079393
2570,7.5,5.791403456811173,5.791403456811173,1.7085965431888273,22.7812872425177
5277,9.6,8.823987153625383,8.823987153625383,0.7760128463746163,8.083467149735588
1783,10.6,8.570615142945718,8.570615142945718,2.029384857054282,19.145140160889454
2523,18.0,14.996728674417424,14.996728674417424,3.003271325582576,16.68484069768098
4248,5.15,3.2637717808811466,3.2637717808811466,1.8862282191188537,36.62579066250201
1844,6.49,5.878978189630994,5.878978189630994,0.6110218103690066,9.414819882419208
5291,7.9,5.743558340144402,5.743558340144402,2.1564416598555987,27.296729871589854
6129,24.49,24.640656906235392,24.640656906235392,0.15065690623539396,0.6151772406508533
6060,5.69,11.960477450739686,11.960477450739686,6.270477450739686,110.20171266677832
2515,6.699,7.741084326267958,7.741084326267958,1.0420843262679584,15.555819171039834
5040,17.5,14.51515517997815,14.51515517997815,2.9848448200218503,17.056256114410573
6799,56.99,31.35241883936477,31.35241883936477,25.637581160635232,44.986104861616475
3554,3.5,5.133746798180734,5.133746798180734,1.6337467981807343,46.67847994802098
3878,4.2,10.117498840740534,10.117498840740534,5.917498840740534,140.8928295414413
5945,29.7,29.338731123692895,29.338731123692895,0.36126887630710414,1.2163935229195426
2264,14.5,12.023196401059087,12.023196401059087,2.476803598940913,17.081404130626986
2462,4.9,5.359840569314915,5.359840569314915,0.459840569314915,9.384501414590101
1775,6.6,9.2471118510153,9.2471118510153,2.6471118510152998,40.10775531841364
6861,28.05,25.110354822519135,25.110354822519135,2.939645177480866,10.480018458042304
378,7.8,8.154270969457926,8.154270969457926,0.354270969457926,4.541935505870846
6853,9.999,12.673644506297435,12.673644506297435,2.674644506297435,26.749119974971848
4913,1.6,0.30354981944209847,0.30354981944209847,1.2964501805579016,81.02813628486885
5246,8.2,12.318454243068285,12.318454243068285,4.118454243068285,50.2250517447352
199,1.5,3.0463740860217836,3.0463740860217836,1.5463740860217836,103.09160573478557
2446,11.0,14.402392951128808,14.402392951128808,3.4023929511288085,30.930845010261894
2957,3.8,6.49403215813785,6.49403215813785,2.6940321581378504,70.8955831088908
1328,11.49,11.745421921282885,11.745421921282885,0.25542192128288477,2.222993222653479
1193,10.5,8.583297463441092,8.583297463441092,1.9167025365589083,18.2543098719896
5686,12.75,11.430538824913345,11.430538824913345,1.319461175086655,10.348715098718863
1075,9.3,13.071105125214268,13.071105125214268,3.7711051252142678,40.54951747542223
5427,3.4,4.83336397204827,4.83336397204827,1.4333639720482698,42.157763883772645
6969,24.5,22.599440506904415,22.599440506904415,1.9005594930955851,7.757385686104429
2063,10.5,14.219885543176414,14.219885543176414,3.7198855431764137,35.427481363584896
965,14.5,15.797240866708993,15.797240866708993,1.297240866708993,8.94648873592409
5060,9.49,8.583297463441092,8.583297463441092,0.9067025365589085,9.554294378913683
1467,9.4,8.538239831836707,8.538239831836707,0.8617601681632934,9.16766136343929
5975,18.46,21.538377214565685,21.538377214565685,3.078377214565684,16.675932906639673
3296,51.0,24.675807404947165,24.675807404947165,26.324192595052835,51.6160639118683
5414,7.5,7.488080533867889,7.488080533867889,0.011919466132111367,0.15892621509481822
7126,29.95,26.88762010313272,26.88762010313272,3.062379896867281,10.224974613914126
5724,62.05,44.86395569878055,44.86395569878055,17.186044301219447,27.69708992944311
2755,6.0,6.486561383229917,6.486561383229917,0.48656138322991715,8.109356387165285
4022,6.5,7.611662664174268,7.611662664174268,1.1116626641742684,17.102502525757977
3091,6.5,7.959901702977527,7.959901702977527,1.4599017029775272,22.460026199654266
2022,5.89,5.819876262005801,5.819876262005801,0.0701237379941988,1.1905558233310494
5090,8.6,12.375349809177917,12.375349809177917,3.775349809177918,43.89941638578975
2907,7.0,6.449984391602094,6.449984391602094,0.5500156083979064,7.8573658342558055
5744,42.345,29.836855412634144,29.836855412634144,12.508144587365855,29.538657662925623
5769,15.1,15.311095194967958,15.311095194967958,0.21109519496795848,1.3979814236288641
6155,18.49,18.67924415577669,18.67924415577669,0.18924415577669151,1.023494622913421
6547,13.79,11.201430100225252,11.201430100225252,2.588569899774747,18.771355328315785
2850,6.699999,6.517110328337008,6.517110328337008,0.18288867166299205,2.729682074027057
2132,16.5,10.785725508636872,10.785725508636872,5.714274491363128,34.63196661432198
6114,86.19,90.50190813471725,90.50190813471725,4.311908134717257,5.002793983892861
6570,20.79,21.129867079483972,21.129867079483972,0.3398670794839731,1.6347622870801979
6434,31.0,29.5564728309328,29.5564728309328,1.443527169067199,4.65653925505548
4246,7.5,5.892590912399207,5.892590912399207,1.607409087600793,21.432121168010575
1701,4.5,8.347046842266527,8.347046842266527,3.8470468422665274,85.48992982814505
6332,39.999,29.384759611508496,29.384759611508496,10.614240388491506,26.536264377838208
3927,19.5,22.06196995124386,22.06196995124386,2.56196995124386,13.138307442276206
5780,66.99,70.72124815234763,70.72124815234763,3.731248152347632,5.569858415207691
547,12.4,11.468871302163402,11.468871302163402,0.9311286978365985,7.509102401908052
6811,37.99,43.322388131204896,43.322388131204896,5.332388131204894,14.03629410688311
6203,33.3,40.05504253187564,40.05504253187564,6.755042531875645,20.285413008635572
1263,19.9,16.710896324791218,16.710896324791218,3.1891036752087807,16.02564660908935
5231,2.299,3.7750230701657834,3.7750230701657834,1.4760230701657835,64.20283036823766
3011,13.29,12.512426442188247,12.512426442188247,0.7775735578117526,5.850816838312661
5865,13.69,14.134742058011634,14.134742058011634,0.44474205801163436,3.248663681604342
1789,11.9,9.641719924761311,9.641719924761311,2.258280075238689,18.97714348940075
6610,21.49,30.946626571519758,30.946626571519758,9.45662657151976,44.00477697310266
3018,6.4,5.298522405834953,5.298522405834953,1.101477594165047,17.210587408828857
5494,26.59,24.984370673904532,24.984370673904532,1.6056293260954675,6.038470575763323
4715,13.8,14.268096482108321,14.268096482108321,0.46809648210832044,3.3920034935385535
2199,5.9,8.164291786173694,8.164291786173694,2.2642917861736933,38.37782688429988
1244,2.5,1.9953163102925942,1.9953163102925942,0.5046836897074058,20.187347588296234
7130,10.89,24.110648970355292,24.110648970355292,13.220648970355292,121.40173526497054
5008,38.0,4.361680565427742,4.361680565427742,33.63831943457226,88.52189324887438
5482,12.726,11.251938291774103,11.251938291774103,1.4740617082258982,11.583071728947807
4837,8.5,9.80770542906844,9.80770542906844,1.3077054290684398,15.38476975374635
7202,35.29,35.529991097691195,35.529991097691195,0.23999109769119542,0.6800541164386382
6764,20.99,21.190407353384643,21.190407353384643,0.20040735338464444,0.9547753853484728
3915,5.2,6.036682811797009,6.036682811797009,0.8366828117970089,16.0900540730194
6083,32.299,31.964707299289213,31.964707299289213,0.33429270071078676,1.034993964862029
518,13.29,16.227144056132715,16.227144056132715,2.9371440561327162,22.100406742909833
611,12.5,11.732167720752951,11.732167720752951,0.7678322792470489,6.142658233976391
5806,11.22,9.59076072533794,9.59076072533794,1.6292392746620603,14.520849150285741
5672,16.5,21.40406426346352,21.40406426346352,4.904064263463521,29.721601596748613
2288,7.5,5.786729436228477,5.786729436228477,1.7132705637715233,22.843607516953643
957,10.99,9.497737383961393,9.497737383961393,1.492262616038607,13.578367752853568
4401,6.15,8.363843657164903,8.363843657164903,2.2138436571649027,35.99745784007972
491,25.8,13.837988496294356,13.837988496294356,11.962011503705645,46.36438567327769
1330,4.9,6.2058106265649275,6.2058106265649275,1.3058106265649272,26.64919646050872
3458,21.5,16.935950223910535,16.935950223910535,4.564049776089465,21.228138493439374
323,5.89,3.1460741339752474,3.1460741339752474,2.7439258660247523,46.586177691421945
5362,7.2,10.427028836562654,10.427028836562654,3.2270288365626536,44.819844952259075
7010,22.79,20.620150936702103,20.620150936702103,2.169849063297896,9.521057759095639
4247,10.5,11.625655540926452,11.625655540926452,1.1256555409264521,10.720528961204307
2031,4.75,3.177411023333125,3.177411023333125,1.572588976666875,33.107136350881575
5516,32.0,45.36047896019386,45.36047896019386,13.36047896019386,41.75149675060581
1153,6.3,5.499935829993799,5.499935829993799,0.800064170006201,12.699431269939698
6685,15.7,16.35383187707538,16.35383187707538,0.6538318770753797,4.164534248887769
7286,6.6,10.669813794140753,10.669813794140753,4.069813794140753,61.663845365768985
6854,21.69,22.21199979967543,22.21199979967543,0.5219997996754273,2.4066380805690515
1606,6.4,7.304882793016747,7.304882793016747,0.9048827930167462,14.13879364088666
324,23.9,24.257266424002587,24.257266424002587,0.3572664240025887,1.4948385941530908
2083,7.99,6.199699299593382,6.199699299593382,1.7903007004066183,22.406767214100356
2687,10.8,10.582164795617741,10.582164795617741,0.21783520438225956,2.01699263316907
6858,35.35,30.774569064809306,30.774569064809306,4.575430935190695,12.943227539436194
586,7.89,5.917460730649076,5.917460730649076,1.972539269350924,25.000497710404616
4125,9.8,13.029607701445265,13.029607701445265,3.229607701445264,32.955180626992494
3245,8.99,11.335211579593771,11.335211579593771,2.345211579593771,26.086891875347845
4556,4.4,8.027315049909559,8.027315049909559,3.6273150499095586,82.4389784070354
706,24.9,22.095344499685854,22.095344499685854,2.8046555003141442,11.263676708088934
1978,6.4,6.323300977880944,6.323300977880944,0.07669902211905644,1.1984222206102568
4160,7.4,2.885929445930202,2.885929445930202,4.514070554069798,61.00095343337565
4995,4.39,4.082603168765694,4.082603168765694,0.30739683123430606,7.002205722877132
6812,9.8,13.80457243351928,13.80457243351928,4.004572433519279,40.86298401550284
6202,17.34,16.046094402922844,16.046094402922844,1.2939055970771562,7.461969994677949
5939,27.79,22.908640008552958,22.908640008552958,4.881359991447042,17.565167295599288
6218,29.3,25.191160972570433,25.191160972570433,4.108839027429568,14.0233413905446
4453,9.5,9.930048088343069,9.930048088343069,0.43004808834306907,4.526821982558622
3801,8.9,9.80770542906844,9.80770542906844,0.9077054290684394,10.198937405263365
2572,56.99,33.57975882888806,33.57975882888806,23.41024117111194,41.077805178297844
208,2.25,4.941466455095524,4.941466455095524,2.691466455095524,119.62073133757885
3682,29.8,23.978876264144922,23.978876264144922,5.821123735855078,19.53397226797006
747,2.5,4.048587844975808,4.048587844975808,1.548587844975808,61.94351379903231
5101,9.9,6.790296191395905,6.790296191395905,3.1097038086040953,31.411149581859547
6260,40.99,40.70443083910158,40.70443083910158,0.2855691608984188,0.6966800705011436
798,5.0,3.7561537943959955,3.7561537943959955,1.2438462056040045,24.87692411208009
88,6.99,13.156264163805446,13.156264163805446,6.166264163805446,88.21551021180895
734,1.7,6.370984402800659,6.370984402800659,4.670984402800658,274.7637884000387
1221,4.8,7.293619921218448,7.293619921218448,2.493619921218448,51.95041502538433
3574,14.5,9.2471118510153,9.2471118510153,5.252888148984701,36.22681482058414
1480,6.9,5.763708085475171,5.763708085475171,1.1362919145248291,16.467998761229406
3936,10.49,19.01374230321065,19.01374230321065,8.523742303210648,81.25588468265632
6199,28.99,26.036225734299677,26.036225734299677,2.9537742657003214,10.188941930666855
852,13.5,11.83946104307035,11.83946104307035,1.6605389569296491,12.300288569849254
486,7.89,6.34298571155529,6.34298571155529,1.5470142884447098,19.607278687512164
2678,3.6,3.9833016018783702,3.9833016018783702,0.38330160187837015,10.647266718843614
3195,4.0,5.319707424023559,5.319707424023559,1.3197074240235587,32.99268560058897
1430,8.4,8.582532932602623,8.582532932602623,0.18253293260262282,2.1730111024121763
1536,14.9,18.270356633211005,18.270356633211005,3.3703566332110046,22.61984317591278
1891,6.0,7.715826299695304,7.715826299695304,1.715826299695304,28.597104994921736
6513,39.99,19.528061566749855,19.528061566749855,20.461938433250147,51.16763799262352
1919,5.6,7.723616824743881,7.723616824743881,2.1236168247438814,37.9217290132836
4302,14.8,15.94348430162017,15.94348430162017,1.1434843016201697,7.726245281217363
198,5.0,3.5806611907041237,3.5806611907041237,1.4193388092958763,28.38677618591753
4629,6.6,5.9217577155079315,5.9217577155079315,0.6782422844920681,10.276398249879822
2882,3.85,6.806107988759903,6.806107988759903,2.956107988759903,76.7820256820754
1057,8.9,9.2471118510153,9.2471118510153,0.34711185101529907,3.9001331574752705
73,7.0,8.569993065575787,8.569993065575787,1.5699930655757868,22.428472365368382
548,27.8,23.748649627709227,23.748649627709227,4.0513503722907735,14.573202778024367
6352,13.69,15.834389270747677,15.834389270747677,2.144389270747677,15.663909939720067
2963,4.0,5.168410235266833,5.168410235266833,1.1684102352668333,29.210255881670832
6569,27.3,37.453737463780605,37.453737463780605,10.153737463780605,37.19317752300588
1512,34.99,19.154898848334348,19.154898848334348,15.835101151665654,45.25607645517477
3912,10.9,9.060071509605862,9.060071509605862,1.8399284903941382,16.880077893524202
1582,1.9,3.279844729900214,3.279844729900214,1.379844729900214,72.62340683685336
6697,15.44,19.8861028927977,19.8861028927977,4.446102892797702,28.796003191694965
5822,10.08,9.830480763733878,9.830480763733878,0.2495192362661225,2.47538924867185
2865,6.9,6.2058106265649275,6.2058106265649275,0.6941893734350728,10.06071555703004
3647,10.8,10.843221369808449,10.843221369808449,0.04322136980844782,0.400197868596739
5349,20.499,12.824404102567051,12.824404102567051,7.674595897432948,37.43887944501169
4428,3.0,3.4702915718957925,3.4702915718957925,0.4702915718957925,15.676385729859751
6213,25.55,22.171666277554788,22.171666277554788,3.3783337224452126,13.222441183738601
4359,28.8,28.694414989416998,28.694414989416998,0.10558501058300251,0.36661462007986984
1452,3.6,7.566140670176041,7.566140670176041,3.9661406701760407,110.1705741715567
7037,24.89,25.399307297571127,25.399307297571127,0.5093072975711266,2.046232613785161
2020,1.9,2.9002345003014796,2.9002345003014796,1.0002345003014796,52.64392106849893
4903,29.49,29.130409286573602,29.130409286573602,0.35959071342639604,1.2193649149759107
5220,6.9,5.9217577155079315,5.9217577155079315,0.9782422844920688,14.177424412928533
6818,12.35,15.447339521503688,15.447339521503688,3.097339521503688,25.07967223889626
4814,10.0,14.25063853552032,14.25063853552032,4.25063853552032,42.5063853552032
5267,8.8,9.488349816221398,9.488349816221398,0.6883498162213968,7.822157002515873
2098,9.2,12.791489982798046,12.791489982798046,3.5914899827980467,39.037934595630944
1880,13.5,10.66245666088004,10.66245666088004,2.8375433391199607,21.01883954903675
937,9.5,8.583297463441092,8.583297463441092,0.9167025365589083,9.649500384830615
7120,29.999,24.791894803648233,24.791894803648233,5.207105196351765,17.35759590770281
2855,13.5,13.180499291728474,13.180499291728474,0.31950070827152643,2.366671913122418
6139,14.99,21.841111882273793,21.841111882273793,6.851111882273793,45.70454891443491
5985,12.49,10.55085352470808,10.55085352470808,1.9391464752919205,15.525592276156289
1295,7.0,12.653819872032926,12.653819872032926,5.653819872032926,80.7688553147561
1175,45.9,33.20911923706686,33.20911923706686,12.69088076293314,27.648977697022094
2197,5.5,4.692020988485902,4.692020988485902,0.8079790115140977,14.690527482074502
2614,41.9,34.44420546134323,34.44420546134323,7.455794538656768,17.794259042140258
6148,27.36,18.581962773220646,18.581962773220646,8.778037226779354,32.08346939612337
4335,4.0,8.228370429386162,8.228370429386162,4.228370429386162,105.70926073465405
4914,11.5,10.339393214874733,10.339393214874733,1.1606067851252675,10.092232914132762
1321,7.2,5.492621546604136,5.492621546604136,1.7073784533958642,23.713589630498113
1181,12.79,14.090059127591932,14.090059127591932,1.3000591275919327,10.164653069522538
6150,22.799,24.040016733808855,24.040016733808855,1.2410167338088556,5.443294591029675
3438,12.6,8.948738514605338,8.948738514605338,3.651261485394661,28.978265757100484
6343,34.99,27.3894238315835,27.3894238315835,7.600576168416502,21.722138234971425
4301,12.6,10.339393214874733,10.339393214874733,2.260606785125267,17.941323691470373
620,7.9,7.5425934468084845,7.5425934468084845,0.3574065531915158,4.5241335847027315
6864,24.89,21.14918462794261,21.14918462794261,3.7408153720573907,15.02939080778381
5159,16.0,12.203707336210389,12.203707336210389,3.796292663789611,23.72682914868507
2492,15.5,11.218345123348609,11.218345123348609,4.281654876651391,27.623579849363818
478,14.0,15.379604821726463,15.379604821726463,1.3796048217264634,9.854320155189024
3968,5.3,7.5481015379828955,7.5481015379828955,2.2481015379828957,42.417010150620676
2276,3.7,5.96762317407496,5.96762317407496,2.26762317407496,61.28711281283677
5227,6.9,8.017173482986678,8.017173482986678,1.1171734829866775,16.190920043285182
1897,12.5,6.84397390283124,6.84397390283124,5.65602609716876,45.24820877735008
7044,14.766,13.739106840308152,13.739106840308152,1.0268931596918485,6.954443719977302
2206,1.4,1.9212546794594694,1.9212546794594694,0.5212546794594695,37.23247710424782
1033,4.5,6.129597261779264,6.129597261779264,1.6295972617792636,36.21327248398363
5948,10.59,8.159223671328284,8.159223671328284,2.4307763286717154,22.95350640860921
286,12.3,18.318554689937244,18.318554689937244,6.018554689937243,48.93133894257921
550,3.2,2.8156394642424605,2.8156394642424605,0.3843605357575397,12.011266742423116
7008,10.099,10.67341529522778,10.67341529522778,0.5744152952277801,5.687843303572434
5668,25.79,28.47815446923019,28.47815446923019,2.6881544692301915,10.42324338592552
5015,2.5,2.1240655093522296,2.1240655093522296,0.3759344906477704,15.037379625910816
2825,12.5,11.842011725645001,11.842011725645001,0.6579882743549987,5.26390619483999
1055,10.799,13.939173290880822,13.939173290880822,3.1401732908808224,29.07837106103179
2091,6.5,5.651933723365518,5.651933723365518,0.8480662766344818,13.047173486684335
6540,25.79,22.21199979967543,22.21199979967543,3.5780002003245706,13.873595193193372
2571,3.5,3.5375341880615228,3.5375341880615228,0.037534188061522755,1.0724053731863645
1677,10.3,7.622751974374322,7.622751974374322,2.677248025625679,25.99269927791921
1174,1.8,1.9953163102925942,1.9953163102925942,0.1953163102925941,10.850906127366338
6021,78.2,76.02827555943588,76.02827555943588,2.1717244405641196,2.7771412283428636
5916,12.54,22.21071618954983,22.21071618954983,9.670716189549832,77.11894887998272
5389,3.9,5.779598321433317,5.779598321433317,1.8795983214333174,48.194828754700445
2087,14.0,12.592940178293924,12.592940178293924,1.407059821706076,10.050427297900542
1370,46.5,33.57975882888806,33.57975882888806,12.92024117111194,27.7854648841117
6314,16.899,19.93115133331395,19.93115133331395,3.032151333313948,17.942785569051114
2934,5.0,5.701257327333938,5.701257327333938,0.7012573273339378,14.025146546678755
3107,16.99,16.010527707529565,16.010527707529565,0.9794722924704331,5.764992892704139
1188,7.8,5.784791666319322,5.784791666319322,2.015208333680678,25.836004277957414
2029,6.699999,7.807892073295903,7.807892073295903,1.1078930732959034,16.535719979897063
4209,4.888888,6.891228292534946,6.891228292534946,2.0023402925349467,40.956967975845366
5027,4.5,5.390344509762906,5.390344509762906,0.8903445097629064,19.785433550286808
7009,23.5,28.66798244307726,28.66798244307726,5.1679824430772605,21.9914146513926
7093,40.9,44.504312361275865,44.504312361275865,3.6043123612758663,8.812499660821189
3956,7.2,12.972622882636578,12.972622882636578,5.772622882636578,80.17531781439692
833,9.0,7.2444717642458265,7.2444717642458265,1.7555282357541735,19.505869286157484
1393,5.4,7.574212713275601,7.574212713275601,2.174212713275601,40.26319839399261
549,24.9,23.011021184984568,23.011021184984568,1.888978815015431,7.586260301266791
1020,5.5,5.791403456811173,5.791403456811173,0.29140345681117275,5.29824466929405
248,3.6,4.729651197182422,4.729651197182422,1.129651197182422,31.379199921733942
2648,6.5,5.371567813880583,5.371567813880583,1.1284321861194169,17.360495171067953
296,6.3,6.330349298840897,6.330349298840897,0.0303492988408971,0.4817349022364619
1559,7.39,4.652386701886773,4.652386701886773,2.737613298113227,37.044834886511865
1563,12.8,11.81343834378475,11.81343834378475,0.986561656215251,7.707512939181649
6766,13.69,13.391036551174238,13.391036551174238,0.2989634488257611,2.183808976082988
3260,9.7,12.846789819726958,12.846789819726958,3.1467898197269584,32.4411321621336
100,1.4,2.4199028270132494,2.4199028270132494,1.0199028270132495,72.85020192951784
4204,43.5,32.58508119477817,32.58508119477817,10.91491880522183,25.091767368326046
3197,7.0,7.276868404836524,7.276868404836524,0.27686840483652375,3.9552629262360535
2937,17.5,16.594983328997692,16.594983328997692,0.9050166710023078,5.171523834298902
7017,15.99,13.43822047653681,13.43822047653681,2.551779523463191,15.95859614423509
1499,6.0,5.651510019588924,5.651510019588924,0.3484899804110757,5.808166340184595
4872,7.0,8.431363917165516,8.431363917165516,1.4313639171655161,20.448055959507375
1656,5.0,5.395512439708476,5.395512439708476,0.39551243970847594,7.91024879416952
6788,13.29,14.156890261397166,14.156890261397166,0.8668902613971667,6.522876308481315
346,4.0,4.729651197182422,4.729651197182422,0.729651197182422,18.241279929560548
1718,7.5,8.154270969457926,8.154270969457926,0.6542709694579258,8.723612926105679
1665,1.7,2.634762195283244,2.634762195283244,0.9347621952832441,54.986011487249655
681,6.0,7.2452731757048765,7.2452731757048765,1.2452731757048765,20.754552928414608
6514,69.99,40.48102279007026,40.48102279007026,29.508977209929732,42.161704829160925
3898,3.9,5.468940392667005,5.468940392667005,1.5689403926670047,40.22924083761551
6186,20.45,23.91394524927604,23.91394524927604,3.4639452492760405,16.93860757592196
6408,54.999,44.14134819044904,44.14134819044904,10.857651809550966,19.741544045438943
7289,23.79,24.70602710882362,24.70602710882362,0.91602710882362,3.850471243478857
5761,17.75,19.175837416903462,19.175837416903462,1.4258374169034624,8.032886855794155
7063,49.59,38.86681907391619,38.86681907391619,10.723180926083813,21.623675995329325
1793,3.8,6.554453581916176,6.554453581916176,2.7544535819161764,72.48562057674148
3542,5.9,9.456309793890764,9.456309793890764,3.5563097938907635,60.276437184589206
6741,18.8,21.739543769857647,21.739543769857647,2.9395437698576465,15.635871116264077
1706,6.2,8.025096088859623,8.025096088859623,1.825096088859623,29.437033691284242
1414,5.6,5.002077078542655,5.002077078542655,0.5979229214573447,10.677195026024014
4761,2.9,3.797273889513413,3.797273889513413,0.8972738895134129,30.940478948738377
3066,8.8,5.791403456811173,5.791403456811173,3.008596543188828,34.18859708169123
2991,8.0,7.218882743007372,7.218882743007372,0.7811172569926281,9.763965712407852
6041,9.75,8.944016416821512,8.944016416821512,0.8059835831784881,8.266498289010134
84,37.9,30.983635542782604,30.983635542782604,6.916364457217394,18.24898273672136
5327,9.5,8.1012581840228,8.1012581840228,1.3987418159771998,14.723598062917892
3207,9.0,13.210489685106232,13.210489685106232,4.210489685106232,46.783218723402584
5025,3.99,4.379180263489795,4.379180263489795,0.38918026348979495,9.753891315533709
1561,1.2,1.91104761823933,1.91104761823933,0.7110476182393299,59.25396818661083
6072,8.39,36.73320984639693,36.73320984639693,28.34320984639693,337.8213330917393
2948,8.9,11.764851103308635,11.764851103308635,2.8648511033086344,32.18933823942285
3528,7.8,7.574212713275601,7.574212713275601,0.2257872867243984,2.894708804158954
1297,5.0,5.766075338183869,5.766075338183869,0.7660753381838692,15.321506763677384
4866,8.499,7.797934135885237,7.797934135885237,0.7010658641147636,8.248804143014043
6289,13.28,16.89932078884775,16.89932078884775,3.61932078884775,27.253921602769204
4506,14.2,13.979522629880924,13.979522629880924,0.22047737011907564,1.5526575360498285
1912,18.5,15.703559975581763,15.703559975581763,2.796440024418237,15.11589202388236
6456,79.99,42.59799916075876,42.59799916075876,37.392000839241234,46.74584427958649
5998,9.494,11.064358049149675,11.064358049149675,1.5703580491496751,16.540531379288765
6127,18.99,18.16342302753781,18.16342302753781,0.8265769724621883,4.352696010859339
6875,44.199,31.095186697827593,31.095186697827593,13.103813302172405,29.647307183810508
1817,12.2,9.714475792741046,9.714475792741046,2.485524207258953,20.373149239827484
3722,7.6,8.471128052960344,8.471128052960344,0.8711280529603442,11.462211223162425
5451,9.79,11.640878731936578,11.640878731936578,1.8508787319365787,18.905809314980377
6187,36.99,34.496409760748,34.496409760748,2.4935902392520006,6.74125503988105
7164,8.99,12.86652337441453,12.86652337441453,3.87652337441453,43.120393486257285
3089,1.2,2.132948453984966,2.132948453984966,0.932948453984966,77.74570449874717
4845,6.0,5.8096635871791396,5.8096635871791396,0.19033641282086045,3.1722735470143406
3142,3.2,1.7754589812202255,1.7754589812202255,1.4245410187797747,44.51690683686796
1623,5.5,5.380988039090962,5.380988039090962,0.1190119609090381,2.1638538347097835
6834,18.38,18.604263663721014,18.604263663721014,0.2242636637210147,1.2201505099075882
5459,16.79,24.521529625602525,24.521529625602525,7.731529625602526,46.04841944968747
5605,47.95,45.76660215142701,45.76660215142701,2.1833978485729943,4.553488735293001
6392,26.4,27.810586180916154,27.810586180916154,1.4105861809161553,5.343129473167255
1199,2.0,3.564306527729318,3.564306527729318,1.5643065277293182,78.2153263864659
373,6.0,4.000015160340405,4.000015160340405,1.9999848396595947,33.33308066099325
2457,5.7,5.492621546604136,5.492621546604136,0.20737845339586425,3.6382184806291975
5260,4.99,4.652386701886773,4.652386701886773,0.3376132981132276,6.765797557379311
3819,21.09,21.970634059686663,21.970634059686663,0.8806340596866633,4.175600093345961
7284,23.3,29.83070585292616,29.83070585292616,6.530705852926161,28.028780484661635
1317,8.0,10.019896134227569,10.019896134227569,2.0198961342275688,25.248701677844608
1446,13.0,15.328309353892813,15.328309353892813,2.328309353892813,17.910071953021635
3799,18.9,19.120381381893843,19.120381381893843,0.22038138189384426,1.1660390576393878
3482,3.7,5.45735151203292,5.45735151203292,1.75735151203292,47.49598681170053
1488,6.399,6.4012132145094025,6.4012132145094025,0.0022132145094024835,0.034586880909555924
4486,4.0,4.970047010397833,4.970047010397833,0.9700470103978329,24.251175259945825
6067,102.0,81.92061385044872,81.92061385044872,20.079386149551283,19.685672695638512
812,5.123,4.011127434482214,4.011127434482214,1.1118725655177863,21.70354412488359
3580,34.5,27.21611177509404,27.21611177509404,7.2838882249059616,21.112719492481048
4317,3.95,2.8114199531044175,2.8114199531044175,1.1385800468955827,28.82481131381222
3366,3.9,2.107461524290885,2.107461524290885,1.7925384757091147,45.96252501818243
3651,4.0,4.361680565427742,4.361680565427742,0.36168056542774174,9.042014135693544
6684,40.5,33.843687989471874,33.843687989471874,6.656312010528126,16.43533829760031
1511,3.5,2.7481858936980696,2.7481858936980696,0.7518141063019304,21.48040303719801
7149,18.29,19.7809528436403,19.7809528436403,1.4909528436403008,8.151737800110995
1801,3.4,3.658056007480635,3.658056007480635,0.25805600748063506,7.589882572959855
4516,4.6,5.492621546604136,5.492621546604136,0.8926215466041363,19.404816230524705
921,7.8,8.823987153625383,8.823987153625383,1.0239871536253835,13.128040431094663
322,15.0,16.07572503229616,16.07572503229616,1.075725032296159,7.171500215307726
3838,2.5,2.89240441309893,2.89240441309893,0.39240441309893015,15.696176523957206
5634,27.49,30.09949182535231,30.09949182535231,2.609491825352311,9.49251300601059
7262,9.08,15.426445491929568,15.426445491929568,6.346445491929568,69.89477414019348
4402,6.85,8.174201599543693,8.174201599543693,1.3242015995436933,19.33141021231669
6217,10.45,10.816221992558368,10.816221992558368,0.3662219925583692,3.5045166751997052
1569,5.9,7.805847207367235,7.805847207367235,1.905847207367235,32.30249504012262
4661,17.5,16.348220663923744,16.348220663923744,1.151779336076256,6.581596206150035
231,12.9,10.939314793839275,10.939314793839275,1.9606852061607256,15.199110125276944
1545,1.8,2.6793508306262375,2.6793508306262375,0.8793508306262374,48.85282392367986
1420,1.0,2.47679368539411,2.47679368539411,1.4767936853941102,147.67936853941103
1079,5.9,9.021997156603305,9.021997156603305,3.121997156603305,52.915206044123806
3103,7.9,6.974775172981662,6.974775172981662,0.9252248270183383,11.711706671118206
1115,4.75,5.787305039834193,5.787305039834193,1.0373050398341928,21.838000838614587
6946,14.45,18.249455289196405,18.249455289196405,3.7994552891964055,26.293808229732914
1941,10.9,9.714475792741046,9.714475792741046,1.185524207258954,10.876368873935357
1867,10.95,7.477323571708868,7.477323571708868,3.4726764282911313,31.713939984393896
2586,6.65,9.536763629137285,9.536763629137285,2.8867636291372847,43.40997938552307
2751,11.5,9.031450638955898,9.031450638955898,2.4685493610441025,21.465646617774805
1425,9.59,8.583297463441092,8.583297463441092,1.0067025365589082,10.497419567871827
5395,14.5,14.501525299058883,14.501525299058883,0.0015252990588834336,0.010519303854368509
4053,32.5,22.24874542306214,22.24874542306214,10.25125457693786,31.542321775193415
7283,16.95,19.024300952444236,19.024300952444236,2.0743009524442364,12.237763731234434
4333,4.49,8.426609546179083,8.426609546179083,3.936609546179083,87.67504557191721
1618,9.0,14.606508404528249,14.606508404528249,5.606508404528249,62.294537828091656
2402,16.8,15.597130926790085,15.597130926790085,1.202869073209916,7.159934959582833
265,15.3,14.663792199520413,14.663792199520413,0.6362078004795872,4.1582209181672365
0,9.99,8.583297463441092,8.583297463441092,1.4067025365589085,14.081106472061148
4015,16.5,13.403167240322265,13.403167240322265,3.096832759677735,18.768683391986272
5187,3.5,3.7905268279503925,3.7905268279503925,0.29052682795039253,8.300766512868359
838,1.2,2.96615781948411,2.96615781948411,1.7661578194841099,147.1798182903425
14,21.9,16.20397683053617,16.20397683053617,5.696023169463828,26.009238216729813
3263,2.6,2.3269750227622694,2.3269750227622694,0.27302497723773067,10.500960662989641
4912,21.0,14.841839019766887,14.841839019766887,6.158160980233113,29.32457609634816
6477,29.155,29.215644526449438,29.215644526449438,0.06064452644943685,0.20800729360122397
8,16.5,14.342015063047333,14.342015063047333,2.1579849369526674,13.078696587591923
1039,8.5,17.008750939420285,17.008750939420285,8.508750939420285,100.10295222847394
2759,11.9,10.843221369808449,10.843221369808449,1.0567786301915518,8.88049269068531
3992,15.5,15.73020711563927,15.73020711563927,0.23020711563927065,1.485207197672714
6472,12.99,15.855565828247169,15.855565828247169,2.8655658282471688,22.0597831273839
4141,32.79,27.549922456484524,27.549922456484524,5.240077543515476,15.980718339479951
6629,18.1,18.699245951335275,18.699245951335275,0.5992459513352735,3.310751112349577
339,4.1,4.605618958614883,4.605618958614883,0.5056189586148836,12.332169722314234
1956,3.3,4.192233801473428,4.192233801473428,0.8922338014734281,27.037387923437215
4220,6.5,6.193275644602526,6.193275644602526,0.3067243553974741,4.718836236884217
2770,29.999999,12.573498243316854,12.573498243316854,17.426500756683147,58.08833779188842
1090,23.5,24.372384843333926,24.372384843333926,0.8723848433339256,3.7122759290805343
4512,8.999,5.884112840694826,5.884112840694826,3.114887159305175,34.61370329264557
1883,6.0,9.299874675540725,9.299874675540725,3.2998746755407247,54.99791125901208
622,5.3,7.254006996746248,7.254006996746248,1.954006996746248,36.868056542382035
7220,12.5,14.281993248751549,14.281993248751549,1.781993248751549,14.255945990012393
5192,3.8,7.293619921218448,7.293619921218448,3.493619921218448,91.9373663478539
5045,2.8,9.412067956772155,9.412067956772155,6.612067956772155,236.1452841704341
4331,16.5,20.110068726038705,20.110068726038705,3.6100687260387048,21.879204400234574
4952,4.7,3.5128001903238797,3.5128001903238797,1.1871998096761205,25.25957041864086
3032,8.4,6.214352473387828,6.214352473387828,2.185647526612172,26.019613412049665
4568,5.999,5.570532830893292,5.570532830893292,0.4284671691067077,7.142309870090144
889,4.5,7.374611271017017,7.374611271017017,2.8746112710170166,63.88025046704482
1507,3.1,2.9842538568141403,2.9842538568141403,0.11574614318585974,3.733746554382572
3688,10.0,8.243957052662635,8.243957052662635,1.7560429473373649,17.56042947337365
196,1.9,0.006122489611927406,0.006122489611927406,1.8938775103880725,99.6777637046354
5533,12.99,13.960975928350512,13.960975928350512,0.9709759283505122,7.474795445346513
3980,11.2,13.414240301915024,13.414240301915024,2.2142403019150247,19.770002695669863
2789,3.8,4.923624042304279,4.923624042304279,1.1236240423042796,29.569053744849466
6575,38.0,18.499124188722593,18.499124188722593,19.500875811277407,51.318094240203706
4236,21.5,12.311238794034413,12.311238794034413,9.188761205965587,42.73842421379343
432,4.2,7.294036119737562,7.294036119737562,3.094036119737562,73.66752666041813
2598,10.9,10.864448212493981,10.864448212493981,0.035551787506019394,0.3261631881286183
6091,28.99,27.49096282267557,27.49096282267557,1.4990371773244284,5.170876775869019
1694,23.5,25.973911834468495,25.973911834468495,2.4739118344684954,10.527284401993597
5357,29.9,28.50188155672865,28.50188155672865,1.398118443271347,4.675981415623235
1108,13.9,15.631002233888662,15.631002233888662,1.7310022338886615,12.453253481213391
6353,37.5,42.25860140146609,42.25860140146609,4.758601401466088,12.6896037372429
6690,60.89,52.11756837871148,52.11756837871148,8.772431621288518,14.407015308406173
6262,110.99,81.64191429781475,81.64191429781475,29.348085702185244,26.442099019898414
4825,1.65,3.5886880395328067,3.5886880395328067,1.9386880395328068,117.49624482017012
1277,4.6,5.780587811740249,5.780587811740249,1.1805878117402493,25.664952429135855
1195,5.9,5.819876262005801,5.819876262005801,0.08012373799419947,1.3580294575288046
6062,18.19,24.255181244847385,24.255181244847385,6.065181244847384,33.343492275136796
604,9.0,9.420048837366595,9.420048837366595,0.42004883736659515,4.66720930407328
3742,6.2,5.24093840995411,5.24093840995411,0.9590615900458905,15.468735323320814
1593,17.9,16.953421263990816,16.953421263990816,0.9465787360091831,5.2881493631797944
1219,19.4,22.01557701732399,22.01557701732399,2.615577017323993,13.482355759402026
2229,7.0,8.106777663812048,8.106777663812048,1.1067776638120481,15.81110948302926
4519,4.1,3.5913969791690263,3.5913969791690263,0.5086030208309733,12.404951727584717
1652,3.3,3.693645233969084,3.693645233969084,0.39364523396908435,11.928643453608617
4657,5.9,8.807454078254244,8.807454078254244,2.9074540782542435,49.27888268227531
4865,5.9,4.77899385777139,4.77899385777139,1.1210061422286106,19.00010410556967
6264,11.09,10.45029064218252,10.45029064218252,0.6397093578174804,5.76834407409811
4955,38.0,34.291722882798844,34.291722882798844,3.708277117201156,9.758623992634622
1158,12.0,10.34220761962716,10.34220761962716,1.6577923803728396,13.814936503106997
4818,10.8,11.433595341176012,11.433595341176012,0.6335953411760116,5.866623529407514
3256,8.8,8.516997473578295,8.516997473578295,0.283002526421706,3.2159378002466585
5728,38.699,41.658204683887995,41.658204683887995,2.9592046838879966,7.646721320674945
4650,17.5,18.318554689937244,18.318554689937244,0.818554689937244,4.677455371069965
7219,15.49,17.685046602588397,17.685046602588397,2.1950466025883966,14.170733393081965
5702,14.19,12.61283798340743,12.61283798340743,1.5771620165925704,11.114601949207685
2807,4.59,3.217325957526718,3.217325957526718,1.3726740424732817,29.905752559330757
2851,8.6,13.862773095842435,13.862773095842435,5.2627730958424355,61.19503599816786
4559,10.49,8.89747705462317,8.89747705462317,1.59252294537683,15.181343616557005
2995,6.5,9.013538144046212,9.013538144046212,2.513538144046212,38.66981760071096
904,5.95,3.986094287824301,3.986094287824301,1.9639057121756993,33.00681869202856
6841,21.169,17.510949991954714,17.510949991954714,3.6580500080452865,17.28022111599644
2357,23.8,25.0771837873325,25.0771837873325,1.2771837873325005,5.36631843417017
3383,12.8,11.502189877874844,11.502189877874844,1.2978101221251563,10.139141579102784
3470,9.0,14.152075029214432,14.152075029214432,5.152075029214432,57.24527810238258
1616,7.8,8.583297463441092,8.583297463441092,0.7832974634410919,10.042275172321691
3575,5.8,6.782651061142619,6.782651061142619,0.9826510611426196,16.94225967487275
6977,26.95,26.281349047779372,26.281349047779372,0.6686509522206272,2.481079600076539
5006,10.9,9.80770542906844,9.80770542906844,1.0922945709315606,10.021051109463858
3820,3.65,4.643814794777702,4.643814794777702,0.9938147947777023,27.22780259664938
1860,7.5,5.736149872746694,5.736149872746694,1.7638501272533063,23.51800169671075
2088,4.99,3.645200571709724,3.645200571709724,1.3447994282902762,26.949888342490503
7077,27.52,21.095842946786714,21.095842946786714,6.4241570532132855,23.34359394336223
6930,27.699,27.31285850157038,27.31285850157038,0.3861414984296232,1.3940629568923901
5213,4.1,7.93566293188774,7.93566293188774,3.8356629318877404,93.55275443628635
2251,3.2,1.8847211896268483,1.8847211896268483,1.3152788103731519,41.102462824160995
3784,14.0,18.003403211142636,18.003403211142636,4.003403211142636,28.595737222447404
3127,6.5,5.791403456811173,5.791403456811173,0.7085965431888273,10.901485279828112
254,11.7,8.823987153625383,8.823987153625383,2.876012846374616,24.581306379270224
6705,16.78,15.466121625312901,15.466121625312901,1.3138783746871,7.830026070840882
4989,2.999999,4.729651197182422,4.729651197182422,1.7296521971824221,57.655092457778224
221,14.85,14.089942396141184,14.089942396141184,0.7600576038588152,5.118233022618284
267,2.9,2.6501073298355102,2.6501073298355102,0.24989267016448968,8.616988626361714
107,8.1,5.786729436228477,5.786729436228477,2.313270563771523,28.558895849031146
4800,5.5,4.2785898549238315,4.2785898549238315,1.2214101450761685,22.207457183203065
1226,5.4,8.374432197590366,8.374432197590366,2.9744321975903656,55.08207773315491
4938,4.9,6.406802372217054,6.406802372217054,1.506802372217054,30.7510688207562
3418,9.5,8.447798697597353,8.447798697597353,1.052201302402647,11.075803183185759
4154,8.5,6.606193763491529,6.606193763491529,1.8938062365084711,22.280073370687894
1758,6.99,9.422130760628225,9.422130760628225,2.4321307606282243,34.79443148252109
2284,9.99,8.693929187154193,8.693929187154193,1.296070812845807,12.973681810268337
2526,3.3,3.911329793852655,3.911329793852655,0.6113297938526552,18.525145268262282
4004,15.0,8.697298876843796,8.697298876843796,6.302701123156204,42.018007487708026
1210,15.5,21.73707866208563,21.73707866208563,6.237078662085629,40.239217174745995
6664,11.5,15.934643740109468,15.934643740109468,4.434643740109468,38.56211947921277
2464,13.6,11.008448235098149,11.008448235098149,2.591551764901851,19.055527683101847
4240,13.5,13.325464072028103,13.325464072028103,0.1745359279718972,1.292858725717757
4198,14.5,12.713777154741267,12.713777154741267,1.7862228452587328,12.318778243163674
376,4.5,5.525716226358503,5.525716226358503,1.0257162263585027,22.793693919077835
755,1.8,2.7117444910790933,2.7117444910790933,0.9117444910790933,50.65247172661629
291,12.49,13.372215343032686,13.372215343032686,0.8822153430326853,7.063373443015895
5091,1.7,4.263890717372888,4.263890717372888,2.563890717372888,150.8171010219346
1465,1.35,1.8941158860968983,1.8941158860968983,0.5441158860968982,40.30488045162209
188,4.7,7.352679249822466,7.352679249822466,2.652679249822466,56.43998403877587
1870,33.0,15.201771235415109,15.201771235415109,17.79822876458489,53.934026559348155
1201,8.7,10.861265496697426,10.861265496697426,2.1612654966974265,24.84213214594743
1649,4.0,3.81716327029325,3.81716327029325,0.18283672970675013,4.570918242668753
6030,128.96,113.53099265881518,113.53099265881518,15.429007341184828,11.964180630571361
3706,30.49,23.97413682775239,23.97413682775239,6.5158631722476095,21.370492529510035
4176,6.5,6.897924957165162,6.897924957165162,0.39792495716516196,6.121922417925569
501,10.0,9.22996953730032,9.22996953730032,0.7700304626996797,7.700304626996797
6193,26.99,21.438908870707852,21.438908870707852,5.551091129292146,20.567214261919773
2605,5.5,5.787305039834193,5.787305039834193,0.28730503983419275,5.223727996985323
6874,64.89,73.14686538167578,73.14686538167578,8.25686538167578,12.724403423756788
3312,23.5,17.545804551459327,17.545804551459327,5.954195448540673,25.337001908683714
2812,6.5,6.461819947687328,6.461819947687328,0.038180052312672075,0.587385420194955
4763,5.5,7.185478680804246,7.185478680804246,1.6854786808042457,30.64506692371356
6753,76.79,47.93002971795737,47.93002971795737,28.85997028204264,37.58297992192035
672,7.9,5.791403456811173,5.791403456811173,2.1085965431888276,26.691095483402883
4766,13.8,16.60643601569093,16.60643601569093,2.806436015690931,20.336492867325585
3753,7.35,6.37507837838276,6.37507837838276,0.9749216216172396,13.264239749894417
1374,12.8,12.89222728452111,12.89222728452111,0.09222728452111006,0.7205256603211724
7043,23.99,33.01202494200107,33.01202494200107,9.022024942001071,37.60744035848717
6988,15.58,16.198930490956062,16.198930490956062,0.6189304909560622,3.972596219230181
5718,79.99,67.69238316860333,67.69238316860333,12.297616831396667,15.373942782093597
1192,4.9,5.88337110453941,5.88337110453941,0.98337110453941,20.068798051824693
3053,52.9,40.51520146451172,40.51520146451172,12.38479853548828,23.411717458389944
3950,2.8,3.383643403095869,3.383643403095869,0.583643403095869,20.844407253423896
216,13.0,11.656302179839484,11.656302179839484,1.343697820160516,10.336137078157815
4697,6.49,7.732742942627283,7.732742942627283,1.2427429426272827,19.148581550497422
421,1.2,1.2596898714273603,1.2596898714273603,0.059689871427360375,4.974155952280031
505,3.9,5.312377436545086,5.312377436545086,1.412377436545086,36.21480606525862
4836,2.9,2.9392882527151176,2.9392882527151176,0.03928825271511771,1.354767335004059
6453,19.9,20.089833327122953,20.089833327122953,0.18983332712295464,0.9539363172007771
6845,49.5,31.42701438285377,31.42701438285377,18.07298561714623,36.51108205484087
6252,20.59,23.909925473681916,23.909925473681916,3.3199254736819164,16.123970246148208
506,16.3,15.328309353892813,15.328309353892813,0.9716906461071879,5.96129230740606
1807,8.9,6.056637690653442,6.056637690653442,2.843362309346558,31.947891116253462
4436,20.89,21.91403999213012,21.91403999213012,1.0240399921301204,4.902058363475923
1438,5.99,2.9379959057758374,2.9379959057758374,3.052004094224163,50.9516543276154
5520,76.49,67.7186895358927,67.7186895358927,8.771310464107302,11.467264301356128
7069,41.599,30.520579375681095,30.520579375681095,11.078420624318902,26.63145898776149
4704,3.8,2.8463861509252126,2.8463861509252126,0.9536138490747872,25.095101291441768
1426,27.9,32.89545057660251,32.89545057660251,4.995450576602508,17.904840776353076
2859,7.5,6.330349298840897,6.330349298840897,1.169650701159103,15.595342682121375
3016,5.0,4.605798914006311,4.605798914006311,0.3942010859936893,7.884021719873786
2688,20.49,21.918900139993234,21.918900139993234,1.4289001399932353,6.973646364047024
4664,12.0,5.40157747574079,5.40157747574079,6.59842252425921,54.98685436882674
2280,2.95,4.670367722078526,4.670367722078526,1.7203677220785254,58.31754990096696
347,6.5,6.7490828705245285,6.7490828705245285,0.2490828705245285,3.8320441619158228
4320,12.99,15.969757002443705,15.969757002443705,2.979757002443705,22.93885298263052
333,11.5,6.964415095854075,6.964415095854075,4.535584904145925,39.4398687317037
4386,6.5,6.4679693915081256,6.4679693915081256,0.032030608491874446,0.4927785921826838
3381,7.75,7.693721362332486,7.693721362332486,0.056278637667514175,0.7261759699034087
5781,18.355,22.997266768837104,22.997266768837104,4.6422667688371035,25.29156507129994
6380,15.89,13.023827973103073,13.023827973103073,2.866172026896928,18.037583555046748
5832,83.49,85.21550857522027,85.21550857522027,1.7255085752202746,2.066724847550934
6831,8.29,12.058422055974837,12.058422055974837,3.7684220559748383,45.457443377259814
3023,9.79,10.154216462951126,10.154216462951126,0.3642164629511271,3.7202907349451184
6726,5.65,6.116446640725133,6.116446640725133,0.46644664072513287,8.255692756197043
746,14.5,15.672566327355039,15.672566327355039,1.1725663273550389,8.086664326586474
3410,34.0,22.530459981807674,22.530459981807674,11.469540018192326,33.73394122997743
5257,5.7,5.733545666654814,5.733545666654814,0.03354566665481418,0.5885204676283189
3704,5.0,4.405667905960801,4.405667905960801,0.5943320940391992,11.886641880783984
3589,2.5,4.930373336331202,4.930373336331202,2.4303733363312023,97.2149334532481
5019,7.8,6.567291955912403,6.567291955912403,1.2327080440875973,15.803949283174322
4038,24.2,21.918900139993234,21.918900139993234,2.2810998600067656,9.4260324793668
3608,9.3,8.96136262106378,8.96136262106378,0.33863737893622137,3.641262139099154
6968,28.59,28.816435181271427,28.816435181271427,0.2264351812714267,0.79200832903612
259,4.8,5.839053681454336,5.839053681454336,1.0390536814543365,21.646951696965345
1795,11.49,8.583297463441092,8.583297463441092,2.9067025365589085,25.29767220677901
4210,20.0,17.63401577484074,17.63401577484074,2.3659842251592593,11.829921125796297
3653,8.3,4.374343911763752,4.374343911763752,3.9256560882362486,47.297061304051184
3265,4.59,5.791403456811173,5.791403456811173,1.2014034568111729,26.174367250788084
3246,5.0,5.860344795580572,5.860344795580572,0.8603447955805716,17.206895911611433
1730,25.0,16.953855166881326,16.953855166881326,8.046144833118674,32.1845793324747
599,11.5,18.077178072224,18.077178072224,6.577178072224001,57.192852801947836
45,13.0,13.454972969707324,13.454972969707324,0.4549729697073239,3.4997920746717224
4651,23.5,13.071105125214268,13.071105125214268,10.428894874785732,44.378276062918005
5070,6.0,6.508881733400148,6.508881733400148,0.5088817334001483,8.481362223335804
4575,6.0,4.729275924003323,4.729275924003323,1.270724075996677,21.178734599944615
3921,14.2,9.74539432259969,9.74539432259969,4.454605677400309,31.370462516903586
3881,2.686686,3.5010727259642493,3.5010727259642493,0.8143867259642494,30.311942890395432
6979,5.85,14.073998952077229,14.073998952077229,8.22399895207723,140.58117866798682
6997,28.9,23.20286178544667,23.20286178544667,5.697138214553327,19.713281019215664
1421,1.9,2.8037541697362567,2.8037541697362567,0.9037541697362568,47.566008933487204
4251,17.2,18.04254420288134,18.04254420288134,0.8425442028813421,4.898512807449664
3529,2.3,2.3066650166929747,2.3066650166929747,0.006665016692974923,0.2897833344771706
6651,12.09,14.406318251450884,14.406318251450884,2.316318251450884,19.158959896202514
6497,96.79,91.94165710052626,91.94165710052626,4.848342899473749,5.009136170548351
7180,15.99,17.85056047875822,17.85056047875822,1.8605604787582184,11.635775351833761
3044,13.2,15.631002233888662,15.631002233888662,2.4310022338886625,18.416683590065627
1298,4.1,5.791403456811173,5.791403456811173,1.691403456811173,41.253742849053005
426,6.5,5.533906473720052,5.533906473720052,0.9660935262799484,14.862977327383822
4603,8.2,6.316374468574562,6.316374468574562,1.8836255314254373,22.971043066163872
805,19.9,18.067681027664456,18.067681027664456,1.8323189723355426,9.207633026811772
410,7.7,12.316371041192951,12.316371041192951,4.616371041192951,59.952870664843516
6097,12.38,13.822560350672454,13.822560350672454,1.4425603506724531,11.652345320456002
3858,15.0,9.323980340283786,9.323980340283786,5.676019659716214,37.84013106477476
438,8.8,10.643130596833624,10.643130596833624,1.843130596833623,20.94466587310935
2389,2.0,2.3237673737854294,2.3237673737854294,0.3237673737854294,16.18836868927147
4161,9.2,11.470753598270328,11.470753598270328,2.2707535982703284,24.68210432902531
434,5.8,6.2058106265649275,6.2058106265649275,0.4058106265649277,6.9967349407746156
751,10.5,7.807892073295903,7.807892073295903,2.6921079267040966,25.639123111467587
3411,8.5,5.771770745466817,5.771770745466817,2.7282292545331828,32.09681475921391
2874,6.99,5.9217577155079315,5.9217577155079315,1.0682422844920687,15.282436115766362
4383,14.6,15.911382732314603,15.911382732314603,1.3113827323146037,8.982073509004135
2142,9.0,7.763658718955912,7.763658718955912,1.236341281044088,13.73712534493431
6044,24.0,30.856752639453344,30.856752639453344,6.856752639453344,28.56980266438893
4937,7.5,6.790296191395905,6.790296191395905,0.709703808604095,9.4627174480546
4856,5.9,8.338563083311708,8.338563083311708,2.438563083311708,41.331577683249286
1049,6.0,7.651491274886319,7.651491274886319,1.651491274886319,27.524854581438653
626,6.5,7.09683203775093,7.09683203775093,0.5968320377509304,9.182031350014313
1926,10.2,10.602463112025053,10.602463112025053,0.40246311202505325,3.945716784559346
1223,7.6,5.9217577155079315,5.9217577155079315,1.6782422844920681,22.082135322264055
210,7.89,10.785725508636872,10.785725508636872,2.8957255086368727,36.701210502368475
2431,3.89,2.706026365215642,2.706026365215642,1.183973634784358,30.43634022581897
6216,14.59,16.026574070712172,16.026574070712172,1.4365740707121724,9.84629246547068
4927,16.0,16.344133860552045,16.344133860552045,0.344133860552045,2.150836628450281
51,18.8,13.83257057966411,13.83257057966411,4.9674294203358915,26.42249691668027
1109,12.5,12.597920680992138,12.597920680992138,0.09792068099213758,0.7833654479371005
1436,7.2,8.990342533743837,8.990342533743837,1.7903425337438366,24.86586852421995
7277,10.49,13.77267994188854,13.77267994188854,3.2826799418885404,31.29342175298894
3882,2.8,4.813839477473794,4.813839477473794,2.0138394774737938,71.92283848120692
1786,10.8,5.733545666654814,5.733545666654814,5.066454333345186,46.91161419764061
5456,22.0,23.178490863922832,23.178490863922832,1.178490863922832,5.35677665419469
4338,6.0,4.863108021510023,4.863108021510023,1.1368919784899774,18.94819964149962
6336,19.592,23.738059558373106,23.738059558373106,4.146059558373107,21.162002645840687
1558,2.8,3.9725718513126367,3.9725718513126367,1.1725718513126369,41.877566118308465
2249,26.49,17.985521444025686,17.985521444025686,8.504478555974313,32.104486810020056
5044,36.0,21.40662670252302,21.40662670252302,14.59337329747698,40.53714804854717
3786,8.5,12.584174493258487,12.584174493258487,4.084174493258487,48.04911168539397
4233,12.8,15.657976089196785,15.657976089196785,2.857976089196784,22.327938196849875
4561,13.0,10.379996175044894,10.379996175044894,2.6200038249551056,20.153875576577736
3733,3.5,4.833194209053195,4.833194209053195,1.333194209053195,38.09126311580557
5661,63.05,90.26499954579619,90.26499954579619,27.21499954579619,43.16415471180998
5664,70.99,67.7186895358927,67.7186895358927,3.2713104641073016,4.608128559103116
6291,8.89,8.746029251757758,8.746029251757758,0.14397074824224276,1.6194684841647105
6970,20.49,28.723261906940067,28.723261906940067,8.233261906940069,40.18185410902913
4693,29.5,18.155998701955383,18.155998701955383,11.344001298044617,38.45424168828684
3164,1.0,0.9765751228176338,0.9765751228176338,0.02342487718236619,2.342487718236619
2112,5.4,4.758844559808773,4.758844559808773,0.6411554401912269,11.873248892430126
705,7.2,6.83951593315372,6.83951593315372,0.3604840668462801,5.006723150642779
2943,26.5,17.545804551459327,17.545804551459327,8.954195448540673,33.789416786945935
6952,20.99,13.417233718809376,13.417233718809376,7.5727662811906225,36.07797180176571
57,3.8,5.711198642627403,5.711198642627403,1.9111986426274035,50.29470112177378
4881,9.8,9.719325762505385,9.719325762505385,0.08067423749461611,0.823206505047103
5640,17.2,25.150184815017255,25.150184815017255,7.950184815017256,46.222004738472414
527,4.5,10.117498840740534,10.117498840740534,5.617498840740534,124.83330757201188
1935,3.8,4.803507922961877,4.803507922961877,1.0035079229618775,26.40810323583888
5058,1.95,3.685490654429831,3.685490654429831,1.735490654429831,88.99952073999134
565,4.0,6.495611920496419,6.495611920496419,2.495611920496419,62.39029801241047
1871,4.9,5.848868038524516,5.848868038524516,0.9488680385245161,19.364653847439104
6095,18.85,22.685381558156134,22.685381558156134,3.835381558156133,20.346851767406537
640,5.5,4.241839152625699,4.241839152625699,1.2581608473743007,22.87565177044183
5282,5.0,4.978105427370368,4.978105427370368,0.021894572629632236,0.4378914525926448
1747,41.0,28.914798491668442,28.914798491668442,12.085201508331558,29.47610123983307
730,6.5,8.136385952024574,8.136385952024574,1.6363859520245736,25.175168492685746
