sample_id,y_true_price,raw_prediction,y_pred_price,absolute_error,absolute_percentage_error
3909,5.5,1.4863543437763487,3.420948844605406,2.079051155394594,37.800930098083526
6004,37.499,3.3121996363605293,26.445429088328133,11.05357091167187,29.47697515046233
1768,27.49,2.900926019849308,17.190982783485993,10.299017216514006,37.46459518557296
3360,7.8,2.1477528688910414,7.565588753623999,0.23441124637600108,3.0052723894359112
4700,12.99,2.4927947772719903,11.095031848716879,1.8949681512831216,14.587899547983998
865,3.5,1.3739690902794346,2.9510014968373484,0.5489985031626516,15.685671518932903
7074,52.5,3.825011737339694,44.83333832463759,7.666661675362413,14.603165095928405
2233,26.0,2.999497068371417,19.075437811186216,6.924562188813784,26.632931495437628
1720,22.0,2.5597420958577763,11.932481544847379,10.067518455152621,45.761447523421005
1662,4.7,2.303695419005576,9.011109426516589,4.311109426516588,91.72573247907636
1566,11.49,2.8895332169461274,16.984912589489163,5.494912589489163,47.823434199209416
5141,3.2,1.765089946038216,4.842097808007271,1.6420978080072706,51.3155565002272
7264,63.86,3.792311864457023,43.35883343494389,20.50116656505611,32.103298723858614
5464,127.0,4.59751968309028,98.23786877111019,28.762131228889814,22.64734742432269
6348,31.79,3.272249406017919,25.370590843681413,6.419409156318586,20.193171300152837
6283,17.99,3.5795992720337493,34.859168195950865,16.869168195950866,93.76969536381804
6419,30.9,3.4681071271172073,31.075969212585477,0.17596921258547837,0.5694796523801889
763,7.9,2.5707321827587983,12.075394515413928,4.175394515413927,52.85309513182186
3297,4.8,1.870313548305806,5.4903311126040615,0.6903311126040617,14.381898179251284
2654,3.59,1.343210358033534,2.831323703733896,0.758676296266104,21.13304446423688
2189,3.1399,1.7262260291971052,4.619406364293081,1.4795063642930808,47.119537701617276
3945,1.9,1.1133870783710003,2.0446534293260257,0.14465342932602576,7.613338385580304
6006,20.04,3.1178447896163792,21.59762448829706,1.557624488297062,7.7725772869114875
1197,19.8,2.4892890398984084,11.052704081898572,8.747295918101429,44.17826221263348
429,7.5,2.04469297132507,6.726785828869159,0.7732141711308413,10.30952228174455
4271,5.7,1.8980159423727352,5.672642393177734,0.02735760682226651,0.4799580144257283
3905,5.1,2.02845779576225,6.602352932526273,1.5023529325262732,29.457900637770063
2316,2.7,1.899624131880199,5.683381899927927,2.9833818999279265,110.49562592325653
4584,13.5,2.301221489346937,8.986373256379045,4.513626743620955,33.43427217497004
7086,51.49,4.0135248533921075,54.34159818878132,2.851598188781317,5.53815923243604
1992,16.5,2.751633747253487,14.668208878549391,1.8317911214506086,11.101764372427931
7240,13.1,2.609415410497184,12.591103312704995,0.5088966872950049,3.884707536603091
554,7.2,2.38360780201984,9.843955218530281,2.643955218530281,36.72160025736501
1905,11.999,2.4988716139690994,11.168755157491248,0.830244842508753,6.919283627875264
2034,14.5,2.5890507472101962,12.31712428401519,2.1828757159848102,15.054315282653864
1215,6.2,1.9531438399881933,6.050819420923236,0.14918057907676374,2.406138372205867
1615,7.0,2.1305696027996945,7.419661308484821,0.4196613084848213,5.995161549783162
1002,3.2,1.3213668015403086,2.7485413895886173,0.4514586104113829,14.108081575355715
2388,9.95,2.0222378866069985,6.555213740639185,3.3947862593608145,34.11845486794788
6001,38.9,3.6648987282937626,38.05218108182338,0.8478189181766211,2.1794830801455554
1533,4.95,1.6518985698025948,4.216875032238883,0.7331249677611176,14.810605409315505
5326,26.5,3.320479829736764,26.6736260019656,0.17362600196560152,0.655192460247553
2764,22.5,3.059184148402891,20.310164136482417,2.189835863517583,9.732603837855926
6702,12.99,2.9410325925252,17.935388761722102,4.945388761722102,38.07073719570517
496,10.89,2.611035429735089,12.61313900584001,1.7231390058400091,15.823131366758577
2691,29.5,3.3642636457164223,27.912199836576306,1.5878001634236938,5.382373435334555
7213,26.25,3.3437485309654877,27.32510548395282,1.0751054839528216,4.095639938867892
5400,13.99,2.642423897556132,13.047211376735639,0.9427886232643612,6.739018036199866
5931,44.99,3.526119889910672,32.991819404320445,11.998180595679557,26.668549890374653
828,4.8,1.4917509486674576,3.4448714511324114,1.3551285488675884,28.231844768074758
3552,1.55,1.3604514115507311,2.8979524854835716,1.3479524854835716,86.96467648281107
61,6.9,2.2769159909297416,8.746575484261133,1.8465754842611322,26.76196354001641
1429,10.0,2.3751395691722457,9.75251380080488,0.24748619919511938,2.474861991951194
2970,3.2,1.550144387385391,3.7121505085658164,0.5121505085658162,16.00470339268176
3955,29.9,3.38545183827854,28.531333088784862,1.3686669112151364,4.577481308411828
4121,14.5,2.6076399704516695,12.566994531801374,1.9330054681986262,13.331072194473284
3550,16.4,2.7492959456207084,14.631622496764951,1.7683775032350475,10.782789653872243
5189,4.6,1.3489843040183835,2.8535095481465875,1.7464904518534121,37.96718373594374
465,5.95,1.9468751175716883,6.006758039738011,0.056758039738010524,0.9539166342522778
5636,7.5,2.705992627025711,13.969168119169394,6.469168119169394,86.25557492225859
6951,12.9,3.0031404765637717,19.148714232671274,6.248714232671274,48.439645214506
4230,8.2,1.9610019357856934,6.106443699607569,2.0935563003924305,25.531174395029645
6145,42.45,4.193394481625221,65.24728491591328,22.79728491591328,53.70385139202186
1902,8.9,2.2283243624306404,8.284295923103391,0.6157040768966091,6.918023335916956
185,4.7,1.6518985698025948,4.216875032238883,0.4831249677611176,10.279254633215267
2662,4.8,1.807603527305374,5.095821444197651,0.2958214441976512,6.162946754117734
932,2.0,1.5497082036657934,3.7100955934225315,1.7100955934225315,85.50477967112657
6485,20.95,3.217391351903237,23.96291570800045,3.012915708000449,14.381459226732455
5510,12.99,3.0891434937274753,20.958262529549522,7.968262529549522,61.34151292955752
1487,18.99,2.2769159909297416,8.746575484261133,10.243424515738866,53.94115068846165
1084,17.0,2.55693684632316,11.896253545059823,5.103746454940177,30.022037970236337
7123,11.999,2.642002733083045,13.041296436026691,1.0422964360266906,8.686527510848325
5735,99.69,4.317908385056888,74.03152698852696,25.658473011473035,25.738261622502794
2939,12.5,2.5090411380586586,11.29313698625312,1.2068630137468794,9.654904109975035
1940,7.5,2.1368762085396784,7.472928584123727,0.027071415876273264,0.3609522116836435
5481,17.86,2.8065043109421373,15.551956476554938,2.308043523445061,12.922976055123522
3268,2.2,1.30870250671609,2.7013680950118055,0.5013680950118053,22.789458864172968
1703,22.5,3.4167644281035687,29.470665322942,6.970665322942001,30.980734768631113
6381,19.8,3.123806339038102,21.732743703257842,1.9327437032578416,9.761331834635563
3244,1.5,1.2500892565770683,2.490654507430754,0.990654507430754,66.04363382871693
4438,1.5,1.1712657476017936,2.226073450077602,0.7260734500776018,48.40489667184012
5549,17.5,2.788021638920445,15.248841906120433,2.2511580938795674,12.863760536454672
4063,8.0,2.1243052592884943,7.3670825155519815,0.6329174844480185,7.911468555600232
5269,5.299999,1.875679817698072,5.525253595720682,0.22525459572068218,4.2500875136142895
7091,24.299,3.492867354343342,31.88009154315577,7.581091543155772,31.19919150234895
2718,22.0,2.8694861366889253,16.627957511444713,5.372042488555287,24.41837494797858
1740,7.8,2.283672546032441,8.812651731114011,1.012651731114011,12.98271450146168
5023,17.5,2.826145372944578,15.880268120281197,1.6197318797188025,9.255610741250301
3994,7.0,2.221545062867355,8.221567766531631,1.2215677665316313,17.45096809330902
101,12.6,2.6776502440177934,13.550862118864439,0.950862118864439,7.546524752892374
4505,15.0,2.854317793930483,16.36258830329554,1.3625883032955386,9.083922021970258
736,8.2,2.435080667124617,10.416739631781118,2.2167396317811185,27.03341014367218
7111,48.49,3.9117732519224226,48.98751388400436,0.4975138840043556,1.0260133718382256
538,25.5,2.9264572044964,17.66139972187586,7.83860027812414,30.739608933820158
4520,9.0,1.9428113662777071,5.978342094459852,3.021657905540148,33.57397672822386
5153,8.5,2.190047318660553,7.935635927018469,0.5643640729815314,6.639577329194486
733,10.8,2.688585763154435,13.710856566777492,2.9108565667774915,26.952375618310104
5218,4.4,2.0843611453387707,7.03945379822318,2.6394537982231796,59.98758632325407
79,3.7,1.294014994504071,2.6474014936232853,1.052598506376715,28.448608280451754
5808,17.79,2.8178211230122483,15.740335773465837,2.049664226534162,11.521440284059372
3113,5.5,1.8980159423727352,5.672642393177734,0.17264239317773367,3.1389526032315214
5278,5.3,1.5747208972209248,3.829393532835594,1.470606467164406,27.747291833290678
3082,5.9,1.7663582795684132,4.849512237534699,1.050487762465301,17.80487732992036
4939,11.5,2.371028292500243,9.708397989941572,1.791602010058428,15.579147913551546
132,8.9,2.0524508800446775,6.786962649353391,2.113037350646609,23.741992703894482
737,12.2,2.140883842508405,7.506953113923398,4.693046886076601,38.467597426857395
1041,9.0,2.3686293851269213,9.682740322535267,0.6827403225352668,7.586003583725187
2095,13.5,2.687886506084126,13.700573491988248,0.2005734919882478,1.485729570283317
7199,21.99,3.1702648891227696,22.813791535389868,0.8237915353898693,3.7462098016819887
6848,42.499,3.410772298941666,29.28862710362158,13.210372896378423,31.083961731754684
1634,9.3,2.751633747253487,14.668208878549391,5.368208878549391,57.722676113434304
6425,20.34,3.0847752943187663,20.862553650073405,0.5225536500734052,2.5690936581779997
5527,23.9,3.3608230789188935,27.81289640977031,3.912896409770312,16.371951505315113
6243,47.499,3.3424812165190807,27.289231405247506,20.209768594752497,42.547776994784094
6607,41.0,3.752634098099308,41.63323434663397,0.6332343466339694,1.5444740161804131
3308,17.2,2.7177479539207905,14.146173925987465,3.053826074012534,17.754802755886825
4726,5.0,2.2116145994922904,8.130446512522056,3.130446512522056,62.60893025044112
5241,1.8,1.509308785813814,3.5236029349071085,1.7236029349071085,95.75571860595046
5112,14.499,2.339464953015039,9.375683599089488,5.123316400910513,35.3356534996242
2647,7.5,2.1025558920093195,7.187068456828278,0.31293154317172167,4.172420575622956
3139,6.2,1.9756701151420049,6.211450537216441,0.01145053721644107,0.1846860841361463
5239,6.6,2.050454728692168,6.771434197055721,0.1714341970557216,2.5974878341776004
319,9.0,2.151502525892276,7.597767064576145,1.4022329354238554,15.580365949153949
5857,4.845,2.518226223733053,11.40657065416561,6.561570654165609,135.42973486409926
6898,38.8,3.7482529619717457,41.44686090522153,2.64686090522153,6.821806456756521
842,7.5,1.9083703686986833,5.742092715858409,1.7579072841415906,23.438763788554542
1894,5.5,1.538222687363778,3.6563071987415947,1.8436928012584053,33.521687295607364
177,7.5,2.5329898520628094,11.591095428095135,4.0910954280951355,54.54793904126848
5163,3.8,1.1683790577500952,2.2167742050640666,1.5832257949359332,41.66383670884035
4671,7.3,1.940421967874236,5.961687959605606,1.3383120403943938,18.33304164923827
3832,22.9,2.7167123568011444,14.13049671093653,8.769503289063469,38.294774188050084
3961,3.95,1.6133607353337869,4.019652636201991,0.06965263620199114,1.763357878531421
1509,4.0,1.1715081619893246,2.2268555914944685,1.7731444085055315,44.32861021263829
6654,19.49,2.776498633164538,15.062681033572574,4.427318966427425,22.71584898115662
2177,11.4,2.1765405473318813,7.815755755409803,3.584244244590197,31.440738987633303
3671,1.4,1.1236996469933145,2.0762140827458397,0.6762140827458398,48.30100591041713
1755,6.9,1.7649414354920347,4.8412302592926215,2.058769740707379,29.837242618947517
2245,4.0,1.8638549598580285,5.448547810876279,1.4485478108762786,36.213695271906964
3193,4.799,1.870313548305806,5.4903311126040615,0.6913311126040611,14.405732706898542
1038,13.5,2.412158610428817,10.15802098827889,3.3419790117211097,24.755400086823034
6559,8.1,1.8915565121859803,5.629679831692675,2.4703201683073246,30.497779855645984
3450,7.29,1.9675693570826296,6.153268299443657,1.1367317005563429,15.59302744247384
5444,41.29,3.451059426187614,30.5337823332901,10.756217666709897,26.050418180455072
3433,17.49,2.7050106956982307,13.954476638239994,3.5355233617600046,20.214541805374527
3002,15.9,2.8484749131772356,16.26143656680904,0.36143656680903824,2.2731859547738256
2516,1.5,1.0680897724207405,1.9098157773321738,0.4098157773321738,27.32105182214492
3698,5.35,1.7141515025877267,4.551962687261039,0.7980373127389608,14.916585284840393
2045,4.99,1.8395418477349552,5.29365414849222,0.30365414849222017,6.085253476797999
4239,9.49,1.9569799745970213,6.077919259405318,3.412080740594682,35.954486202262196
4710,4.99,1.9364820349110796,5.934313338232407,0.9443133382324067,18.92411499463741
1728,31.5,3.3882714353811894,28.61471704934341,2.8852829506565882,9.15962841478282
3319,9.19,2.474862315626202,10.880071300311394,1.690071300311395,18.390329709590805
5372,2.899,1.6861415790539267,4.398610356449058,1.4996103564490584,51.72853937388956
2771,27.5,3.0019804914466954,19.125355574500286,8.374644425499714,30.453252456362595
4552,1.5,1.2632901785867297,2.5370398564258547,1.0370398564258547,69.13599042839031
3379,5.0,2.412021018569891,10.156485841043482,5.156485841043482,103.12971682086965
3857,6.7,2.056665643005166,6.819852113061332,0.1198521130613317,1.7888375083780852
5435,23.49,3.4317542466847266,29.93085553525305,6.44085553525305,27.419563794180718
4104,3.2,1.4508004483980401,3.2665282844439476,0.06652828444394743,2.079008888873357
6784,28.799,2.8876148793211827,16.950444526248948,11.848555473751052,41.1422461674053
2412,21.49,2.6490066136020016,13.139985197316498,8.3500148026835,38.85535040802001
6248,27.89,3.580011001500751,34.873935512020275,6.983935512020274,25.04100219440758
3045,11.5,2.391588836528098,9.930847483186483,1.5691525168135172,13.644804494030586
1918,14.9,2.5941453123551073,12.385142355355663,2.514857644644337,16.87823922580092
3824,4.0,1.9617264409233366,6.1115942201423055,2.1115942201423055,52.78985550355764
1550,13.5,2.6095450409344645,12.59286524756827,0.9071347524317304,6.719516684679484
1934,7.9,2.140336576316332,7.502298819771681,0.397701180228319,5.034192154788848
7148,19.199,2.8325986478852996,15.989553376173191,3.2094466238268105,16.71673849589463
3370,8.99,2.2217133839112755,8.223120081084614,0.7668799189153859,8.530366172584937
2481,10.7,2.4582846180529465,10.684750528639041,0.015249471360958111,0.14251842393418795
6017,21.999,2.789250699276124,15.268824991226268,6.730175008773731,30.59309518057062
5643,21.1,2.9549112818210026,18.200019253525173,2.899980746474828,13.74398458044942
3889,2.9,1.905416306052559,5.722205540053472,2.822205540053472,97.31743241563697
3664,26.0,3.1203844693726968,21.65508815652172,4.344911843478279,16.711199397993383
1600,14.8,2.751633747253487,14.668208878549391,0.13179112145060934,0.890480550341955
2275,23.49,2.811985910518752,15.642936805220383,7.847063194779615,33.40597358356584
4024,8.2,2.064805537458254,6.883764651667588,1.3162353483324116,16.051650589419655
2312,8.0,2.1614951291133573,7.684111825433048,0.3158881745669522,3.948602182086902
3935,6.9,1.9391561164871969,5.952881072526916,0.9471189274730847,13.726361267725865
4352,1.0,1.5170391675901804,3.5587076241057813,2.5587076241057813,255.87076241057812
1672,1.3,1.8823768126054294,5.569099840986794,4.269099840986794,328.3922954605226
3792,15.9,2.8387449229380644,16.094297407319473,0.19429740731947298,1.2219962724495155
1034,4.6,1.8638549598580285,5.448547810876279,0.848547810876279,18.446691540788674
3439,10.5,2.339686362043649,9.377981123453262,1.122018876546738,10.685894062349886
3221,8.9,2.4433663574345226,10.511728180132074,1.611728180132074,18.109305394742403
2955,5.5,1.7439565518542393,4.719929910195112,0.7800700898048882,14.183092541907058
4490,2.0,0.9705816399482388,1.6394792395344115,0.36052076046558845,18.026038023279423
7244,46.49,3.672265394313449,38.34092770134694,8.14907229865306,17.528656267268357
6285,16.09,3.074715588334197,20.643725308079578,4.553725308079578,28.301586750028452
2268,16.49,2.968679244623064,18.466192531736947,1.9761925317369489,11.984187578756513
1699,2.6,1.2572359424183506,2.5156904741106247,0.08430952588937535,3.2426740726682826
3519,10.5,2.3229302337678632,9.205535138779842,1.294464861220158,12.328236773525314
87,8.5,2.3988965100789423,10.011019125545403,1.5110191255454026,17.776695594651795
7113,22.59,3.0797165977601684,20.752236889923246,1.8377631100767537,8.135294865324274
676,5.3,1.8789123129416567,5.546380574965634,0.24638057496563448,4.648690093691217
4407,24.99,2.772033782202808,14.991123422620316,9.998876577379683,40.01151091388429
3317,4.9,1.870313548305806,5.4903311126040615,0.5903311126040611,12.047573726613493
6902,67.0,4.226310264415718,67.46415094557184,0.4641509455718449,0.6927626053311118
2569,4.1,1.824137201179981,5.197445562965639,1.097445562965639,26.76696495038144
393,2.999,1.4314825567879432,3.1848989453827175,0.18589894538271734,6.198697745339024
1149,5.6,1.684022108297973,4.387180276814346,1.2128197231856532,21.657495056886667
1168,5.9,1.9264575121974146,5.8651474135731,0.0348525864269007,0.5907218038457746
2208,3.4,1.4305602804830801,3.1810410915242002,0.21895890847579969,6.43996789634705
230,18.5,2.899557494662586,17.16610499220027,1.333895007799729,7.210243285403941
2802,4.999999,1.870313548305806,5.4903311126040615,0.4903321126040616,9.806644213410074
1543,4.4,1.7387418439267988,4.6901797828770775,0.29017978287707713,6.594995065388116
2345,28.5,3.2343562193598525,24.390020912311122,4.1099790876888775,14.420979255048694
3599,6.0,1.9465692870181135,6.004615486693745,0.004615486693745119,0.0769247782290853
2892,2.2,1.4928172901284888,3.4496137298445486,1.2496137298445484,56.80062408384311
4691,25.9,3.2825087413054574,25.642528139623096,0.25747186037690284,0.9940998470150688
2942,16.0,3.0435346676860804,19.97926707058478,3.979267070584779,24.87041919115487
5121,24.49,2.914910301990697,17.44715765521528,7.04284234478472,28.758033257593794
7189,54.99,3.919060578684576,49.353119758480595,5.636880241519407,10.250736936751057
970,3.2,1.1680588549637423,2.215744349890584,0.9842556501094162,30.757989065919254
3718,5.6,1.7820841157168155,4.942227812782159,0.6577721872178408,11.7459319146043
5329,7.0,1.9684789763823054,6.159778010575182,0.8402219894248182,12.003171277497403
169,10.5,2.660193315570371,13.299053061108783,2.7990530611087827,26.65764820103603
1056,9.0,1.8786859679288392,5.544899002050132,3.4551009979498684,38.390011088331875
5968,24.1145,3.0100640949358826,19.288700286511204,4.825799713488795,20.012024771356632
251,3.7,1.835134139210015,5.265974601948447,1.5659746019484464,42.32363789049855
5889,51.0,3.270703927428419,25.329867137054112,25.670132862945888,50.3335938489135
2705,10.5,1.9747253770299387,6.2046408222557705,4.2953591777442295,40.90818264518314
1729,4.3,1.7660363401218475,4.84762935190611,0.5476293519061102,12.735566323397912
2533,8.6,1.9002372849232834,5.687481092465726,2.912518907534274,33.86649892481714
95,7.5,1.289151062193558,2.629703854598815,4.870296145401185,64.93728193868247
5646,17.5,3.265249025780398,25.186631325225342,7.686631325225342,43.923607572716236
5174,23.49,2.476512398275787,10.899690582106546,12.590309417893453,53.59859266876737
3692,2.8,1.7860961214938547,4.9661159527309335,2.1661159527309337,77.36128402610478
1172,6.69,2.02845779576225,6.602352932526273,0.08764706747372752,1.3101205900407702
1383,11.9,2.687653199519207,13.697144151743844,1.7971441517438436,15.102051695326416
5263,7.2,2.267342136249676,8.653708444058475,1.453708444058475,20.19039505636771
711,13.7,2.751633747253487,14.668208878549391,0.9682088785493921,7.067218091601403
2354,7.9,2.224186989742669,8.24596268485247,0.34596268485246995,4.379274491803417
2215,7.0,2.140883842508405,7.506953113923398,0.506953113923398,7.242187341762829
3779,7.49,2.1635701118816324,7.702149915719858,0.21214991571985742,2.8324421324413542
5242,5.5,2.526959273777185,11.515392337551138,6.015392337551138,109.37076977365705
69,5.5,1.8951704923810295,5.653682710142768,0.15368271014276758,2.794231093504865
263,6.5,2.2647892143051793,8.629094711762669,2.1290947117626686,32.755303257887206
408,16.0,2.316478467094703,9.139903355427656,6.860096644572344,42.87560402857715
7137,54.99,4.020497494562962,54.72882371827388,0.2611762817261223,0.47495232174235724
6024,24.39,3.0601711033890515,20.331206691552044,4.058793308447957,16.64121897682639
3217,1.79,1.7821768183733706,4.942778698620155,3.152778698620155,176.13288819107012
5196,11.6,2.66327911465961,13.343245215008814,1.7432452150088142,15.027975991455294
37,13.8,2.6490066136020016,13.139985197316498,0.6600148026835022,4.782715961474653
3504,6.99,2.010722855518197,6.468714197784333,0.521285802215667,7.457593736990945
1862,31.0,2.958655109616101,18.272035543450418,12.727964456549582,41.057949859837365
4602,13.3,2.6095450409344645,12.59286524756827,0.7071347524317311,5.316802649862639
6222,20.66,2.966390844724301,18.421697029886722,2.2383029701132777,10.833993078960685
6474,9.29,2.4281082415650457,10.337414131503657,1.0474141315036576,11.274640812741202
2333,28.5,3.541377539880179,33.51443146410196,5.0144314641019605,17.594496365270036
1575,6.8,2.301221489346937,8.986373256379045,2.186373256379045,32.15254788792713
6763,35.89,3.6303027942257637,36.72423756930264,0.8342375693026369,2.324429003350897
5733,20.0,3.511695986593587,32.50504372969755,12.505043729697547,62.52521864848774
3295,11.0,2.4734819214216115,10.863683432199647,0.13631656780035328,1.2392415254577571
3985,19.5,2.7729508592000904,15.005795240637028,4.494204759362972,23.047203894169087
5958,89.09,4.62190678059524,100.68774360449211,11.59774360449211,13.018008311249421
3641,13.8,2.4486736374112934,10.572986558493172,3.227013441506829,23.38415537323789
1163,5.39,1.870313548305806,5.4903311126040615,0.1003311126040618,1.8614306605577329
3781,8.5,2.3866455996016485,9.87694704534493,1.3769470453449308,16.19937700405801
1554,23.99,3.1179371437661114,21.599711569066447,2.390288430933552,9.963686665000218
19,10.0,1.7812072260942955,4.937019418805537,5.062980581194463,50.62980581194463
3257,7.1,2.626718932199566,12.828323719207658,5.728323719207658,80.68061576348815
3279,6.699999,2.151502525892276,7.597767064576145,0.8977680645761446,13.399525351811912
982,1.7,1.2495083278256789,2.488627274762104,0.7886272747621039,46.38983969188847
6602,12.15,2.598727252139134,12.446612991461365,0.2966129914613642,2.4412591889824213
239,4.8,1.7798937490938473,4.9292263994439605,0.12922639944396064,2.6922166550825133
7053,20.99,3.220026771565177,24.028790232257617,3.038790232257618,14.477323641055829
2509,22.05,2.9873147604287777,18.83235629888143,3.217643701118572,14.592488440447038
3800,7.3,1.672964578536397,4.327939502492856,2.972060497507144,40.713157500097864
6775,25.99,3.5158629510007486,32.64494934279606,6.654949342796062,25.605807398214935
1322,2.5,1.4960980009670637,3.464235597781159,0.9642355977811592,38.56942391124637
3842,10.9,2.7153199212995927,14.109443131437565,3.209443131437565,29.444432398509772
3166,10.9,2.2179849741829005,8.188796536328487,2.711203463671513,24.873426272215717
4381,12.0,2.5446252682629513,11.738453688684206,0.26154631131579364,2.17955259429828
5635,15.999,3.2905534739721,25.85772459446071,9.858724594460709,61.620880020380696
5514,28.49,3.2832013773266904,25.66098810659034,2.829011893409657,9.929841675709572
1965,4.5,1.8000578173983244,5.04999724940185,0.5499972494018497,12.222161097818882
2486,4.686,2.2894830667281747,8.869834316491728,4.183834316491728,89.28370287007529
4706,3.0,1.7104873127058857,4.531656467400451,1.5316564674004507,51.05521558001502
2676,6.2,1.8034677043936531,5.070662269011928,1.1293377309880723,18.215124693356007
1726,6.799999,2.268702168469624,8.666846730805878,1.866847730805878,27.45364713738749
332,4.0,1.5037937272691526,3.4987236682547103,0.5012763317452897,12.531908293632243
4728,4.99,1.870313548305806,5.4903311126040615,0.5003311126040613,10.026675603287801
3544,4.75,2.274136224855046,8.719519905896718,3.9695199058967177,83.56884012414142
6459,13.19,2.42961530638643,10.35451323099602,2.83548676900398,21.4972461637906
1562,25.0,3.369335760409016,28.0592183623877,3.0592183623877,12.2368734495508
3989,4.5,1.7417309865884483,4.707213988170059,0.20721398817005898,4.604755292667977
1320,29.5,3.516954643964861,32.68169935348569,3.1816993534856906,10.785421537239628
6674,35.99,3.655444248246183,37.68470290980953,1.6947029098095285,4.7088160872729325
2036,10.799,2.558522142733769,11.916714143286507,1.1177141432865074,10.350163378891633
3774,5.5,1.725054964924508,4.612829529966122,0.8871704700338778,16.13037218243414
3121,8.2,2.1778635717415424,7.827426934388731,0.37257306561126846,4.5435739708691285
2650,3.6,1.8518442922689038,5.371559711420957,1.7715597114209571,49.20999198391547
4595,3.95,1.5809095114122607,3.8593734575991387,0.09062654240086143,2.2943428455914283
2471,3.55,1.2896738936050602,2.631602073969566,0.9183979260304338,25.870364113533345
4397,10.8,2.0243039929330555,6.570839752485709,4.229160247514292,39.15889118068789
6418,5.8,1.9967400024435522,6.365007015379121,0.5650070153791216,9.741500265157269
1888,13.8,2.8665328120279177,16.575973230816402,2.775973230816401,20.11574804939421
5537,25.99,2.9717839660674197,18.52672355448936,7.463276445510637,28.715954003503796
7214,57.99,4.001573822558515,53.684145486361395,4.305854513638607,7.425167293737898
2519,29.5,3.3985925379685713,28.92195637903795,0.578043620962049,1.9594699015662675
1142,13.89,2.6892128461485827,13.72008438776228,0.16991561223772145,1.2232945445480305
308,11.3,2.0416815133554103,6.703551939604227,4.596448060395773,40.676531507927194
5255,1.99,1.223784156568071,2.4000296649456603,0.4100296649456603,20.604505776163833
381,4.5,2.146020861220425,7.550765928528278,3.0507659285282784,67.79479841173952
4118,7.5,2.003059952842963,6.411700890475336,1.0882991095246641,14.510654793662189
3617,7.2,1.9569799745970213,6.077919259405318,1.122080740594682,15.584454730481696
1400,9.8,1.9920866108658182,6.330814371345443,3.469185628654558,35.399853353617935
7075,23.5,3.1054770654698483,21.319864472405857,2.1801355275941425,9.277172457847414
6806,14.4,2.808347568346357,15.582494128615085,1.182494128615085,8.211764782049201
2465,4.3,1.3401247686729023,2.8195200320834415,1.4804799679165583,34.42976669573392
994,10.5,2.5578707100173035,11.908302513207317,1.4083025132073175,13.412404887688739
683,4.7,2.001020879360377,6.396603285522756,1.6966032855227562,36.09794224516502
3428,7.9,2.1963998564355594,7.9925805717933525,0.0925805717933521,1.1719059720677483
2906,11.9,2.448638124561102,10.572575576052879,1.3274244239471216,11.154827091992619
2984,12.8,2.3802122042275387,9.807195953290153,2.992804046709848,23.381281614920688
457,2.7,1.6435711506179351,4.173612310428683,1.473612310428683,54.57823371958085
4028,4.8,1.6497796698303189,4.205832698809135,0.5941673011908648,12.37848544147635
3622,3.8,1.9709094808956704,6.177201048153311,2.377201048153311,62.55792231982398
756,2.95,1.4235565352587238,3.15186045111378,0.20186045111378004,6.842727156399323
5845,21.99,3.294755175724158,25.970810152468705,3.980810152468706,18.10282015674719
4100,1.5,1.0978969821910378,1.9978548478808533,0.4978548478808533,33.19032319205689
1046,11.89,2.2100165676683607,8.115867420457459,3.7741325795425418,31.7420738397186
1024,4.49,1.2253179728800259,2.4052486873945806,2.0847513126054196,46.43098691771536
2344,13.4,2.6169039959231384,12.693263491087777,0.7067365089122237,5.274153051583759
2997,3.2,2.192645614479628,7.958883541499178,4.758883541499178,148.71511067184932
4591,3.55,1.7475539391784982,4.740543769336828,1.190543769336828,33.53644420667121
4974,26.9,2.932105824755162,17.767109157560032,9.132890842439966,33.951267072267534
1515,28.2,3.383705258920327,28.479799289027415,0.2797992890274159,0.9921960603809075
5186,24.19,3.001576192043944,19.117220549864967,5.072779450135034,20.97056407662271
1737,4.3,1.9536674250645465,6.054512091377305,1.754512091377305,40.80260677621639
6156,22.85,3.217964773831472,23.977234096106624,1.1272340961066227,4.933190792589158
1869,5.6,1.962174314448799,6.114780028283647,0.5147800282836474,9.192500505065134
6526,22.99,3.1220801278236787,21.69353603623585,1.2964639637641469,5.639251691014123
1042,3.5,0.9095095036907743,1.483104281149802,2.016895718850198,57.625591967148516
3442,6.5,1.7328789099884938,4.6569162409707126,1.8430837590292874,28.355134754296728
50,7.5,2.173175499555586,7.786140172979712,0.28614017297971195,3.8152023063961593
786,6.5,1.910357341770783,5.7555023904537315,0.7444976095462685,11.4538093776349
245,18.5,2.9829836700497547,18.74664631414852,0.24664631414852067,1.3332233197217334
5303,4.25,2.3198424057467926,9.174070804634813,4.9240708046348125,115.86048952081912
3076,14.0,2.4788314522119563,10.927318629474179,3.072681370525821,21.947724075184436
5462,37.19,3.29070460742813,25.861784001948187,11.32821599805181,30.460381817832243
7234,54.95,3.717714172934919,40.170178560980574,14.779821439019429,26.89685430212817
625,7.5,2.3702062539387154,9.699598890956489,2.199598890956489,29.327985212753187
6414,26.59,2.9471189312820236,18.050987381550055,8.539012618449945,32.113623988153236
2272,5.7,1.7358523708458775,4.673761892517792,1.0262381074822082,18.004177324249266
4812,12.99,2.6442546875183126,13.072952426358542,0.08295242635854194,0.6385868079949341
7182,57.28,3.4526300453582186,30.583348811185243,26.69665118881476,46.60728210337772
4894,6.9,1.9684789763823054,6.159778010575182,0.7402219894248185,10.727854919200269
6403,5.3,1.9768915612031999,6.220264316752981,0.9202643167529816,17.36347767458456
1025,12.5,2.2894830667281747,8.869834316491728,3.630165683508272,29.041325468066177
5457,53.99,3.668932260730549,38.210017425959435,15.779982574040567,29.22760247090307
2926,7.5,2.3330138179875943,9.30896410281883,1.8089641028188304,24.119521370917738
321,31.8,3.53782780380682,33.39213153633631,1.592131536336307,5.006702944453796
3326,17.0,3.1565482384999233,22.489376109870953,5.489376109870953,32.290447705123256
3105,11.9,2.6792932324460907,13.574788667086112,1.674788667086112,14.073854345261447
1893,4.5,1.4012666359745418,3.0603396833944156,1.4396603166055844,31.992451480124096
4920,6.8,1.9424917386632459,5.976111980045366,0.8238880199546337,12.116000293450496
2138,11.49,2.389511519608799,9.908164217090592,1.5818357829094083,13.767065125408253
5476,40.49,2.8239489961426463,15.843233376985133,24.64676662301487,60.87124382073319
3475,1.55,1.1579137314292771,2.183285155873017,0.6332851558730168,40.85710683051722
4098,11.0,2.575232932971242,12.13437623147771,1.1343762314777095,10.312511195251904
7001,45.499,3.608554597107146,35.91266057109389,9.586339428906115,21.069340928165705
5321,14.799,3.041846023754484,19.943870453109525,5.144870453109526,34.76498718230641
5339,2.7,1.3724259648922768,2.944909307837546,0.24490930783754594,9.070715105094292
4296,24.5,3.121530757624667,21.681072307741314,2.8189276922586863,11.505827315341577
3767,5.9,1.9083703686986833,5.742092715858409,0.15790728414159094,2.676394646467643
2126,16.3,3.0870691249027087,20.912760204930404,4.612760204930403,28.299142361536212
4279,5.9,1.5051088393942316,3.504643886320231,2.395356113679769,40.59925616406389
233,3.8,1.8786859679288392,5.544899002050132,1.7448990020501318,45.918394790792945
65,15.0,2.5798644634388594,12.195349586146591,2.804650413853409,18.69766942568939
5856,20.709,3.350342792296574,27.5125058361121,6.803505836112102,32.852894085238795
1595,14.5,2.743999172512928,14.549044231327493,0.04904423132749258,0.3382360781206385
5133,9.8,2.7729508592000904,15.005795240637028,5.205795240637027,53.12035959833701
2656,20.9,3.122944383577731,21.71315753310941,0.8131575331094112,3.89070590004503
3218,32.99,3.555259782726634,33.99691037967865,1.0069103796786507,3.052168474321463
509,5.0,1.777585174138656,4.915554123683465,0.08444587631653544,1.6889175263307088
6253,15.5,3.0828068211030004,20.819560128465778,5.319560128465778,34.31974276429534
6481,18.99,3.346381806311104,27.3997915772528,8.4097915772528,44.28536902186836
576,26.7,2.6551764604925805,13.227496428861505,13.472503571138494,50.45881487317788
217,4.999999,1.6214669977089176,4.060508628474107,0.9394903715258929,18.789811188480098
5697,15.59,3.135074780699818,21.990355012590527,6.400355012590527,41.054233563762196
7082,11.9,2.6008907877540706,12.47573671131083,0.5757367113108298,4.838123624460755
3757,4.0,1.615662769641236,4.031221359472032,0.031221359472032084,0.7805339868008021
3954,9.2,2.6380901916447743,12.986466613793931,3.786466613793932,41.15724580210796
6731,24.5,3.3933819994369276,28.766452354063752,4.266452354063752,17.414091241076537
6889,39.9,3.1548393077669337,22.44926867331448,17.450731326685517,43.736168738560195
2115,10.5,1.9758735829456844,6.212917984502668,4.287082015497332,40.82935252854602
3467,2.0,1.450054878949041,3.2633484768327783,1.2633484768327783,63.167423841638914
4871,17.5,2.9503118125119636,18.111912132561343,0.6119121325613435,3.496640757493391
6130,20.5,3.578307410887012,34.81287303969954,14.31287303969954,69.81889287658312
3478,9.0,2.2894830667281747,8.869834316491728,0.13016568350827207,1.4462853723141342
4487,4.499999,2.0423382191308956,6.70861256814484,2.2086135681448402,49.080312421065884
3933,29.99,3.29032428762128,25.85156987588527,4.138430124114727,13.799366869338868
3347,7.6,1.9617264409233366,6.1115942201423055,1.4884057798576942,19.584286577074923
1261,6.5,1.865455153697122,5.4588749979012015,1.0411250020987985,16.0173077245969
4382,9.5,2.2604655190021474,8.587551315397688,0.9124486846023121,9.604722995813813
3163,9.65,2.4461548511786613,10.543873359633308,0.8938733596333073,9.262936369257071
1412,4.0,1.4933283439191367,3.4518883029732086,0.5481116970267914,13.702792425669784
1281,14.0,1.9089753677532624,5.746172909709646,8.253827090290354,58.95590778778824
4588,6.0,2.1601093248515997,7.672085681121441,1.672085681121441,27.868094685357352
2917,6.2,1.8741152434354666,5.515052334284355,0.6849476657156455,11.047542995413636
1565,13.6,2.8846583842863778,16.897452500065366,3.2974525000653667,24.245974265186522
6580,22.562,2.811461002859635,15.63420309261798,6.927796907382021,30.705597497482586
4002,7.6,1.9616876620785675,6.111318446081116,1.4886815539188838,19.58791518314321
6500,7.899,2.5995933666670936,12.458264343299312,4.559264343299312,57.71951314469316
6365,25.4,3.3410814744172384,27.249661477328566,1.8496614773285671,7.2821318005061695
6900,21.699,3.0176744337800536,19.4436931966186,2.2553068033814014,10.393597877235823
3007,5.0,2.1387832006981413,7.489101808697766,2.4891018086977663,49.782036173955326
1315,9.2,2.465511905639983,10.7695054863977,1.5695054863977003,17.059842243453264
3885,2.3,1.610060517879203,4.003113996520516,1.703113996520516,74.04843463132678
3745,12.4,2.4582846180529465,10.684750528639041,1.7152494713609592,13.832657027104508
6498,18.006229,3.6888080682809523,38.99714466859696,20.99091566859696,116.57585643610861
1702,40.99,3.521568180529006,32.83745010964058,8.152549890359424,19.88911902990833
1839,6.2,2.1637862330835356,7.704030838065064,1.5040308380650638,24.258561904275222
503,10.5,1.8590614653531388,5.417710700187491,5.082289299812509,48.402755236309616
7023,38.9,3.7720632531012317,42.46966128744969,3.5696612874496907,9.17650716568044
5818,9.79,2.3979155499526352,10.000223050958324,0.21022305095832472,2.1473243203097523
4694,11.0,1.5593829837096989,3.755885880583973,7.244114119416027,65.85558290378206
1721,36.0,3.699363689215753,39.42157549075598,3.421575490755977,9.504376363211048
7187,50.999,4.427889039029204,82.75442783918257,31.755427839182566,62.26676569968541
4618,14.99,2.6892128461485827,13.72008438776228,1.269915612237721,8.471751916195604
1803,18.8,2.932105824755162,17.767109157560032,1.0328908424399685,5.494100225744513
1385,4.2,1.838538692635136,5.287343802893531,1.087343802893531,25.889138164131687
1373,1.2,1.1588300426907638,2.186203372703155,0.986203372703155,82.18361439192958
5834,26.9,3.393084556122738,28.757599838449952,1.8575998384499535,6.905575607620645
5654,44.99,3.9027097879843744,48.53650081233929,3.546500812339289,7.882864664012645
5670,16.0,2.9617653998976157,18.332070482952975,2.3320704829529753,14.575440518456094
856,6.9,2.064655007708176,6.882577999860338,0.01742200013966233,0.25249275564728013
2458,13.899999,2.140883842508405,7.506953113923398,6.393045886076601,45.99313917991362
2726,7.8,2.5540486612028825,11.859060513497978,4.059060513497978,52.03923735253818
5886,37.99,3.546108599118342,33.67810816070713,4.311891839292869,11.350070648309735
4252,24.79,3.122944383577731,21.71315753310941,3.0768424668905894,12.411627538889025
3269,8.1,1.9212642552003105,5.829587354914088,2.2704126450859112,28.029785741801373
2505,6.0,2.0823719071212126,7.02347730527298,1.02347730527298,17.057955087883002
318,1.7,1.1772607027699584,2.245471703512961,0.545471703512961,32.08657079488006
6053,30.49,3.5345291659006155,33.278871252606834,2.7888712526068353,9.146839136132618
176,4.7,1.865455153697122,5.4588749979012015,0.7588749979012013,16.14627655108939
5683,80.49,4.105672229125858,59.68352407181917,20.806475928180824,25.849765098994688
4967,2.0,1.3663064856498977,2.9208422313081184,0.9208422313081184,46.04211156540592
3100,2.6,1.939355188892074,5.954265337062711,3.3542653370627113,129.01020527164272
2840,1.85,1.3874446255868123,3.0046037050992824,1.1546037050992823,62.41101108644769
6504,14.2,2.926504529528008,17.662282894105463,3.4622828941054635,24.38227390215115
3043,2.7,1.2859295721512833,2.618029614095853,0.08197038590414696,3.0359402186721094
3169,12.5,2.1934545328430097,7.96613347881968,4.53386652118032,36.27093216944256
468,4.6,1.9338780554679031,5.9162800182342785,1.3162800182342789,28.61478300509302
472,28.5,3.119714934340718,21.639924858094552,6.8600751419054475,24.07043909440508
91,7.9,1.7267441893781936,4.622318871419857,3.2776811285801433,41.48963453898915
4304,2.7,1.725588070931272,4.615822560833972,1.9158225608339716,70.95639114199895
4149,5.8,2.005365327447237,6.428807348303055,0.628807348303055,10.841506005225087
1047,5.6,1.9948404131661475,6.351029806705551,0.7510298067055512,13.411246548313416
6571,129.29,4.726005384841814,111.84389290136248,17.446107098637512,13.493779177536943
6768,9.49,2.3510166129003602,9.49623491044151,0.006234910441509811,0.06569979390421297
435,5.5,2.1547299820910895,7.6255608086043285,2.1255608086043285,38.64656015644234
6016,151.89,5.043594858537797,154.02631218394848,2.1363121839484904,1.4064863940670818
1335,20.49,2.8443860491853243,16.191000999243542,4.2989990007564565,20.98096144829896
1352,8.9,2.2177958183177036,8.187058585946476,0.7129414140535246,8.01057768599466
4074,2.55,1.686559779332045,4.400868528952851,1.8508685289528515,72.5830795667785
4868,5.9,1.9307192122242962,5.894467043849179,0.005532956150821278,0.09377891781053012
6046,25.09,3.199676749696712,23.524601330855962,1.565398669144038,6.23913379491446
5546,18.99,3.0982224075880636,21.158527421841118,2.1685274218411195,11.419312384629382
4207,8.8,2.2031654639208864,8.053627117847705,0.7463728821522952,8.4815100244579
3758,11.5,2.750410235977021,14.649050371019454,3.149050371019454,27.383046704516996
106,7.7,1.9514332794853964,6.038768877239824,1.6612311227601761,21.574430165716574
5694,19.0,3.23476033264397,24.400283430516108,5.400283430516108,28.42254437113741
5676,26.99,3.2749912409547535,25.442993864168717,1.5470061358312819,5.73177523464721
4791,4.1,1.7427370013904926,4.7129584189272995,0.6129584189272999,14.950205339690243
5900,27.9,2.8201960704,15.780140438464265,12.119859561535733,43.44035685138256
5313,12.9,2.6228884304529445,12.775455621362276,0.12454437863772405,0.9654602995172407
3333,10.99,2.455254368883429,10.649396415991852,0.3406035840081483,3.099213685242477
4086,15.0,2.687886506084126,13.700573491988248,1.2994265080117522,8.662843386745015
1617,12.99,2.5581496742453522,11.911903970168808,1.0780960298311921,8.299430560671226
2252,4.0,1.1412809321118114,2.1307761094675035,1.8692238905324965,46.73059726331241
4860,7.8,2.3893458220688273,9.906356910851448,2.1063569108514484,27.004575780146773
5584,9.299,2.6639916040012315,13.353468265823674,4.054468265823674,43.6011212584544
3494,15.9,2.8332722926107805,16.0010021549651,0.10100215496509968,0.6352336790257841
1498,6.666,1.85332821270196,5.381021617688919,1.2849783823110812,19.27660339500572
996,6.5,2.2100165676683607,8.115867420457459,1.6158674204574588,24.859498776268595
5912,15.3205,2.5686746808007075,12.048519522751523,3.2719804772484764,21.356877890724693
6638,87.999,4.457020340310812,85.23018930494332,2.768810695056672,3.1464115445137697
41,18.0,2.780148452006665,15.121414026657025,2.8785859733429753,15.992144296349863
5253,17.2,3.02330174675623,19.55906055630366,2.3590605563036604,13.715468350602677
5689,13.69,2.601610614739922,12.485440402320188,1.2045595976798111,8.798828324907314
3282,3.7,2.1490390887826596,7.576613072591654,3.8766130725916534,104.7733262862609
1539,7.3,1.5326181601860176,3.630283791063845,3.669716208936155,50.270085053919935
1805,8.9,2.341094350353394,9.392603491199607,0.4926034911996062,5.534870687636024
1144,2.9,2.305668802360475,9.030884688892282,6.130884688892282,211.40981685835456
6198,34.79,3.592147670526881,35.3119784079005,0.5219784079004981,1.5003690942813972
2615,6.5,1.9958279347045733,6.358292692507133,0.14170730749286697,2.180112422967184
2114,14.99,2.7974600056896843,15.402930463882772,0.41293046388277155,2.7547062300385026
5792,10.89,2.3727528673725864,9.726881357432603,1.1631186425673974,10.680611961133126
4546,11.0,2.6260003672154753,12.818390739167583,1.818390739167583,16.530824901523484
3172,1.0,1.7593098315283415,4.808427217377539,3.808427217377539,380.8427217377539
167,9.2,2.900926019849308,17.190982783485993,7.990982783485993,86.85850851615211
2337,11.3,2.4832667707636413,10.980337578110658,0.31966242188934224,2.82887099017117
6928,39.18,3.3121996363605293,26.445429088328133,12.734570911671867,32.50273331207725
3964,5.4,1.370967823810217,2.9391612652577472,2.460838734742253,45.57108768041209
2445,25.0,3.3250649380458897,26.800803913933965,1.800803913933965,7.20321565573586
7257,17.99,3.1409922187491923,22.126802325216527,4.136802325216529,22.995010145728344
3341,1.9,1.5420392409456072,3.6741121999171344,1.7741121999171345,93.37432631142813
4103,1.3,1.3688682594164634,2.930899418698359,1.6308994186983587,125.45380143833529
3017,18.5,2.6792932324460907,13.574788667086112,4.925211332913888,26.622763961696688
6151,13.09,2.7265023924470997,14.279352274798372,1.189352274798372,9.085960846435233
4958,8.99,2.422984465424843,10.27947232666616,1.289472326666159,14.343407415641368
6935,25.4,3.5349349610103893,33.292784273656736,7.892784273656737,31.073953833294244
789,3.6,1.973008977101846,6.192285383736699,2.5922853837366993,72.00792732601943
4617,19.2,2.716614716698615,14.129019439807978,5.070980560192021,26.41135708433345
1097,3.5,1.5252255976180833,3.5961803396927428,0.09618033969274276,2.7480097055069357
3206,15.3,2.7223414914825885,14.215908486375291,1.0840915136247098,7.085565448527515
6535,19.99,3.2169481559539226,23.951854696154466,3.961854696154468,19.819183072308498
6251,31.49,3.202722686389946,23.599415595851806,7.890584404148193,25.057429038260377
544,4.0,1.8811435238673604,5.56100323788461,1.5610032378846102,39.025080947115256
6770,19.299,2.93277885123461,17.779744170337906,1.519255829662093,7.872199749531545
5924,14.25,2.8394121156988157,16.10570640437667,1.8557064043766687,13.022501083345043
4838,2.4,1.5323790779936945,3.6291769049876477,1.2291769049876478,51.21570437448533
6194,19.59,2.7890645809858645,15.26579734709308,4.324202652906919,22.0735204334197
6068,7.39,2.177166958362281,7.82127977202814,0.43127977202814005,5.835991502410556
4229,16.7,2.8158298036162495,15.707033586794303,0.9929664132056963,5.945906665902374
877,9.5,1.7098153470687856,4.527940632934472,4.972059367065528,52.3374670217424
3908,9.7,2.101589920666795,7.179163801769478,2.520836198230521,25.988002043613623
3914,12.8,2.2665583475059754,8.646144940526723,4.153855059473278,32.45199265213498
5397,10.9,2.278138772538334,8.758500706995685,2.1414992930043155,19.64678250462675
1078,8.2,1.8980159423727352,5.672642393177734,2.5273576068222656,30.82143422953983
5983,42.7,4.200537208684673,65.7221651414425,23.0221651414425,53.916077614619425
4990,10.5,2.1410322901133836,7.508216044476015,2.991783955523985,28.49318052879986
511,13.0,2.269515313239034,8.674710473409009,4.325289526590991,33.27145789685378
2375,4.4,1.5170688577603908,3.558842974920365,0.8411570250796352,19.117205115446254
2877,15.6,2.932105824755162,17.767109157560032,2.1671091575600325,13.891725368974567
2069,1.5,1.3071583476958837,2.695657004631459,1.195657004631459,79.71046697543059
4851,3.5,1.3036291341995392,2.6826372303482287,0.8173627696517713,23.35322199005061
3262,11.0,2.173894501373611,7.792459695339293,3.207540304660707,29.159457315097338
4934,10.89,2.8055097123495125,15.535502108040479,4.645502108040478,42.658421561436896
1302,8.9,2.5369860828202255,11.641513023991356,2.741513023991356,30.80351712349838
6045,47.89,3.924561300162134,49.630861435277694,1.7408614352776937,3.635125151968456
4394,2.5,1.8302141340465883,5.2352216888335,2.7352216888334997,109.40886755333999
3689,16.3,2.8376132481167144,16.074963163456857,0.22503683654314344,1.3805940892217388
3159,8.5,2.14452393961194,7.537975677630582,0.9620243223694178,11.317933204346092
858,7.99,2.255034506603091,8.535622346405297,0.5456223464052972,6.82881534925278
4678,19.9,2.8988758042469955,17.15372555249057,2.7462744475094283,13.80037410808758
7140,24.85,3.4558789323321504,30.686126407724622,5.83612640772462,23.4854181397369
7028,12.5,2.977384407808416,18.636388631951025,6.136388631951025,49.0911090556082
7112,25.99,3.581595644610381,34.930827961953916,8.940827961953918,34.401031019445625
4357,9.9,2.6792932324460907,13.574788667086112,3.674788667086112,37.11907744531426
2890,7.9,2.2865176808896535,8.840609801977301,0.9406098019773008,11.906453189586086
4794,8.8,2.521190255515024,11.443398676641706,2.6433986766417057,30.038621325473926
2024,12.0,2.751633747253487,14.668208878549391,2.6682088785493914,22.235073987911594
4194,16.5,2.76151352744677,14.823774550216976,1.6762254497830238,10.158942119897114
4921,4.5,1.6279127067960877,4.093232546054065,0.4067674539459354,9.03927675435412
5356,9.5,2.151021013423461,7.593628129085076,1.9063718709149242,20.067072325420256
743,5.3,1.9048750169559043,5.7185678680940715,0.41856786809407165,7.8975069451711635
2499,1.15,1.1215541399637998,2.0696211189611504,0.9196211189611505,79.96705382270875
4241,9.3,2.530487909124546,11.559632601314819,2.2596326013148182,24.297124745320627
179,25.99,2.863946652762068,16.53057769013955,9.45942230986045,36.39639211181397
3613,8.5,1.9514332794853964,6.038768877239824,2.461231122760176,28.955660267766774
3693,20.0,2.6184158009739145,12.713980692234019,7.286019307765981,36.4300965388299
3771,7.0,2.1970547376655154,7.998471572761128,0.9984715727611277,14.263879610873254
6566,35.55,3.598134509817204,35.53002443894394,0.019975561056057245,0.05619004516471799
31,11.0,2.1614951291133573,7.684111825433048,3.315888174566952,30.144437950608655
5151,6.8,1.9503945441974293,6.031461255622473,0.7685387443775271,11.302040358493045
2484,3.2,1.621852610267033,4.062460400441403,0.8624604004414032,26.95188751379385
168,11.5,2.225203442327783,8.25536554549679,3.2446344545032098,28.214212647853998
3248,2.8,1.2901186012197738,2.63321743422035,0.16678256577964978,5.956520206416064
642,5.0,1.973820100846635,6.198121583810996,1.1981215838109964,23.96243167621993
1483,14.9,2.6507873632097114,13.165187403158898,1.7348125968411026,11.643037562691964
1790,6.0,1.9048750169559043,5.7185678680940715,0.28143213190592853,4.690535531765475
5035,8.0,1.9295481207654426,5.886397718262143,2.1136022817378572,26.420028521723214
3982,3.0,2.2542990878232905,8.528612248649381,5.528612248649381,184.28707495497935
7092,62.49,4.102469233429102,59.48946595491625,3.0005340450837537,4.801622731771089
6492,22.89,3.158264949954281,22.52973522345892,0.36026477654107936,1.5738959219793767
6912,19.899,3.0601719082197834,20.331223859569647,0.43222385956964615,2.1720883439853567
6178,24.5,3.2325331718673675,24.343775864619868,0.1562241353801319,0.6376495321638037
6644,18.15,2.692484480639432,13.768321988426248,4.381678011573751,24.14147664778926
2758,9.5,1.9684789763823054,6.159778010575182,3.340221989424818,35.160231467629664
3412,12.6,2.2864720091253035,8.840160374228523,3.759839625771477,29.83999702993236
6122,20.7,3.052315045469755,20.164284031841348,0.5357159681586516,2.5879998461770612
800,2.5,1.7031682336667413,4.49131763811356,1.9913176381135598,79.65270552454238
1954,10.5,2.3190305957715647,9.165814744096505,1.3341852559034955,12.706526246699957
7248,48.99,3.4931444451207003,31.889203575652857,17.100796424347145,34.906708357516116
5306,4.0,1.4314825567879432,3.1848989453827175,0.8151010546172825,20.377526365432065
6637,15.69,2.4711066298298165,10.835537165723935,4.854462834276065,30.93985235357594
2119,20.5,2.9954046979388496,18.99344956063785,1.506550439362151,7.349026533473907
5309,3.5,1.625005122910714,4.078445053534017,0.5784450535340167,16.527001529543334
5660,25.49,3.4754307206092085,31.31174287337477,5.82174287337477,22.83932080570722
5679,19.5,3.1409922187491923,22.126802325216527,2.626802325216527,13.47078115495655
1406,8.7,2.2044084333692604,8.064887496455706,0.6351125035442937,7.300143718899927
1501,9.8,2.1477528688910414,7.565588753623999,2.234411246376002,22.800114758938793
1074,5.3,1.768304780328212,4.860909406249767,0.4390905937502332,8.284728183966664
500,13.6,2.5791371547736976,12.185755983230912,1.4142440167690875,10.398853064478585
437,17.5,2.7729508592000904,15.005795240637028,2.4942047593629724,14.25259862493127
5437,9.5,2.43463004942468,10.411596205773899,0.9115962057738987,9.59574953446209
4113,8.9,1.9083703686986833,5.742092715858409,3.157907284141591,35.48210431619765
3386,3.6,1.5147877065206625,3.5484554169162434,0.051544583083756645,1.4317939745487955
6683,22.99,3.0156293984877047,19.401927842892558,3.5880721571074403,15.60709942195494
80,16.9,2.508015291196345,11.280532576450273,5.619467423549725,33.25128652988003
1608,19.99,2.683053557269592,13.629697780057093,6.360302219942906,31.81741980961934
960,5.0,2.182573815407396,7.8691043445148185,2.8691043445148185,57.38208689029637
3114,22.5,3.4171311902940147,29.481842860523976,6.981842860523976,31.030412713439894
5198,3.8,1.865455153697122,5.4588749979012015,1.6588749979012016,43.65460520792636
4628,13.0,2.900926019849308,17.190982783485993,4.1909827834859925,32.23832910373841
1632,12.19,2.66327911465961,13.343245215008814,1.1532452150088144,9.460584208439823
3305,4.8,1.8982011689416902,5.673878458306603,0.8738784583066028,18.205801214720893
5935,21.3,3.082449638283655,20.81176794816152,0.4882320518384802,2.2921692574576533
5419,9.5,2.273529460437781,8.713624235887192,0.7863757641128082,8.277639622240086
2477,3.0,1.3771495803740488,2.9635876223760524,0.036412377623947556,1.2137459207982517
5506,16.45,2.8170331835278506,15.727150597170521,0.7228494028294783,4.394221293796221
6399,22.45,2.814072611567152,15.677701898463688,6.772298101536311,30.16613853691007
5517,51.999,3.7130171578030677,39.977255046321424,12.021744953678578,23.119184895245247
534,6.9,2.2331917976127142,8.329596791802635,1.4295967918026342,20.71879408409615
5701,26.69,3.215238137237975,23.90922301849828,2.7807769815017203,10.41879723305253
2794,20.3,2.5773658525053396,12.162420696771946,8.137579303228055,40.08659755284756
585,4.5,1.5978852757289748,3.9425691938352285,0.5574308061647715,12.387351248106032
6722,50.9,3.9812633180619645,52.58468598730104,1.6846859873010445,3.309795652850775
4970,25.0,2.8355710933685443,16.040129026812558,8.959870973187442,35.83948389274977
1451,2.75,1.659488153833017,4.256619575166885,1.5066195751668854,54.78616636970492
6275,25.49,3.194420305524928,23.396027350144493,2.0939726498555054,8.214878971579072
1410,30.5,3.0882880847895757,20.93948726692959,9.56051273307041,31.345943387116098
5684,20.59,3.6161146220206977,36.192778720576996,15.602778720576996,75.77842992023797
4536,10.0,2.4461548511786613,10.543873359633308,0.5438733596333076,5.438733596333076
866,15.0,2.3330138179875943,9.30896410281883,5.69103589718117,37.94023931454113
4638,2.0,1.0451702540640433,1.8438826650184637,0.15611733498153635,7.805866749076817
6358,54.8,3.6961176994616114,39.29058019058658,15.509419809413416,28.301860966082877
4679,3.95,2.2549213785027176,8.534543660579361,4.584543660579361,116.06439647036358
742,7.1,1.9536674250645465,6.054512091377305,1.045487908622695,14.725181811587253
1544,6.9,1.9026193788042716,5.70343028895519,1.19656971104481,17.341590015142174
5509,53.29,3.811268917421743,44.20776740969696,9.082232590303036,17.043033571595114
2706,18.9,2.688479475483477,13.70929306718705,5.190706932812949,27.464057845571162
3734,7.89,1.987970958043254,6.300705286257298,1.589294713742702,20.143152265433486
2589,8.2,2.2894830667281747,8.869834316491728,0.6698343164917286,8.168711176728399
5283,2.5,1.358107224052466,2.8888256556779255,0.3888256556779255,15.55302622711702
6816,50.709,3.458682559935224,30.77508715448669,19.933912845513312,39.310404160037294
5944,15.9,2.9330521316153355,17.784877007294583,1.8848770072945822,11.854572372921899
4253,3.7,1.2853905693437992,2.6160800114441467,1.0839199885558535,29.295134825833873
748,16.5,2.472712038465412,10.854553299545179,5.645446700454821,34.214828487604976
4055,5.79,2.2217133839112755,8.223120081084614,2.4331200810846143,42.022799327886254
401,5.3,1.8638549598580285,5.448547810876279,0.14854781087627877,2.8027888844580904
3749,20.8,3.059184148402891,20.310164136482417,0.4898358635175839,2.354980113065307
157,7.5,2.0974372003465094,7.145268449716218,0.3547315502837822,4.729754003783762
5434,98.19,4.197817455078754,65.54094384255363,32.64905615744637,33.25089740039349
6483,29.5,3.1658640837937098,22.70922193868235,6.790778061317649,23.019586648534403
5749,14.3,2.726945473755407,14.286123770245128,0.013876229754872682,0.09703657171239638
4528,12.0,2.7153199212995927,14.109443131437565,2.1094431314375655,17.57869276197971
1820,8.9,1.9002372849232834,5.687481092465726,3.2125189075342746,36.095718062182854
2922,9.0,2.3330690675607384,9.309533684419494,0.3095336844194936,3.4392631602165955
2864,15.3,1.917252699003773,5.802244960883259,9.497755039116742,62.07683032102446
3362,3.3,1.3071976279330149,2.6958021737660767,0.6041978262339232,18.309025037391613
5281,1.6,1.1090020091296378,2.031331643046965,0.4313316430469647,26.958227690435294
3803,1.4,1.31452073305093,2.722966262923844,1.3229662629238441,94.49759020884602
4237,5.4,2.2893464522887976,8.868486046708494,3.4684860467084935,64.23122308719432
7295,47.59,3.5519922662124133,33.8827440188773,13.707255981122707,28.802807272794084
2666,4.8,1.5811357605462995,3.8604730110177057,0.9395269889822941,19.573478937131128
1782,13.0,1.9170931420498114,5.801159701979805,7.198840298020195,55.37569460015534
5910,45.3565,3.6157024137074263,36.17745070737899,9.17904929262101,20.237560862546736
2415,8.0,2.35780792589121,9.567760729145808,1.5677607291458084,19.597009114322606
535,11.9,2.459418831089423,10.698011043719566,1.2019889562804345,10.100747531768356
5978,119.9,4.5717647407100745,95.71463551628365,24.185364483716356,20.17127980293274
2406,1.5,1.1436329578294433,2.1381484419522603,0.6381484419522603,42.54322946348402
3098,5.8,1.8984938849354975,5.675832295217781,0.12416770478221917,2.140822496245158
5359,8.0,2.4645333964889162,10.757994550272358,2.7579945502723575,34.47493187840447
5154,8.4,2.141684903235409,7.513770430147016,0.8862295698529845,10.55035202205934
1966,8.9,1.649755813411537,4.2057085077655465,4.694291492234454,52.744848227353415
5416,10.5,2.465511905639983,10.7695054863977,0.26950548639769956,2.5667189180733287
1176,7.86,2.3633480119465444,9.626469508682758,1.766469508682758,22.474166777134325
5902,21.5,3.2452765176614164,24.668806957445558,3.1688069574455575,14.738637011374687
1760,2.8,1.1900319696295978,2.2871862958315865,0.5128137041684133,18.314775148871906
997,5.2,2.1470856494885617,7.559875532811759,2.359875532811759,45.38222178484151
473,6.2,1.899755826122071,5.684262120799118,0.5157378792008824,8.318352890336813
2266,2.1,0.999326903163251,1.7164527771922837,0.38354722280771636,18.26415346703411
4205,15.7,2.839478294940054,16.10683848450704,0.4068384845070412,2.5913279267964406
1882,5.2,2.096049645899886,7.133974283707067,1.9339742837070668,37.19181314821282
4222,18.9,2.581024745049242,12.210668793192449,6.68933120680755,35.39328680850556
2578,10.8,2.341640032504183,9.39827609700409,1.4017239029959114,12.97892502773992
3783,2.6,1.5237428443869763,3.5893703884296038,0.9893703884296037,38.05270724729245
469,14.9,2.666295453586284,13.386574619117827,1.5134253808821736,10.15721732135687
5097,14.9,2.5099630707519958,11.304475657086972,3.595524342913029,24.1310358584767
7040,17.29,3.0615722982244873,20.36111681826574,3.0711168182657396,17.76238761287299
4712,10.0,2.558776186272081,11.919995967896345,1.9199959678963445,19.199959678963445
3997,7.0,2.160937807595685,7.6792733314745,0.6792733314744996,9.703904735349996
247,6.5,1.4104749517267112,3.0979012472170746,3.4020987527829254,52.339980812045006
3780,17.9,2.3780159423276115,9.783486566115071,8.116513433884927,45.343650468630884
2182,9.9,2.826733552823388,15.890199674822416,5.990199674822415,60.507067422448635
3395,6.5,2.388576265450403,9.897967080346653,3.3979670803466533,52.27641662071775
7097,83.99,4.4427008638785885,84.00421673259281,0.014216732592814196,0.016926696741057505
811,4.0,1.3378493164082772,2.8108387772129153,1.1891612227870847,29.729030569677118
6502,26.8,3.1527460384183263,22.400234376853057,4.399765623146944,16.417035907264715
1419,7.4,2.2100165676683607,8.115867420457459,0.7158674204574584,9.673884060235924
6733,13.9,2.702846810479866,13.922151853469229,0.022151853469228655,0.15936585229660905
3625,3.9,1.45220663865316,3.2725320551733663,0.6274679448266336,16.088921662221374
228,9.0,2.0197618036373277,6.536529545917986,2.463470454082014,27.371893934244596
7107,45.5,3.6061350668253302,35.82345722966994,9.676542770330059,21.267126967758372
17,18.0,3.2343562193598525,24.390020912311122,6.3900209123111225,35.500116179506236
1407,10.6,2.4645333964889162,10.757994550272358,0.15799455027235787,1.4905146252109234
7070,59.99,4.189078043606868,64.96194887737492,4.9719488773749205,8.287962789423105
2392,13.5,2.683291707696478,13.633182263727795,0.13318226372779485,0.9865352868725543
6272,47.9,3.400301963436727,28.973149476255315,18.926850523744683,39.51325787838139
5439,109.0,4.4930972194321335,88.39790245499543,20.60209754500457,18.90100692202254
6745,45.49,3.68178380083803,38.71717845739726,6.772821542602742,14.888594290179691
5879,10.99,2.8766745445156885,16.755130999015176,5.765130999015176,52.45797087365946
2440,3.9,1.8595756179689875,5.421011231347409,1.521011231347409,39.000287983266894
5831,17.9,3.0450118509801483,20.0102801938176,2.1102801938176015,11.789274825796657
5853,13.5,2.643270189794339,13.059104454492093,0.44089554550790666,3.2658929296881976
4844,9.0,2.2270776058189425,8.272727878542772,0.7272721214572275,8.080801349524751
6915,25.49,3.682661127582035,38.75203868992551,13.262038689925514,52.028398155847455
6092,21.69,3.056512528108474,20.253307453050834,1.4366925469491676,6.623755403177352
5461,23.2,3.084292186372779,20.851994227561317,2.3480057724386825,10.120714536373631
2585,5.7,1.7716928743663978,4.880800395711147,0.819199604288853,14.371922882260577
543,9.9,1.9026193788042716,5.70343028895519,4.19656971104481,42.38959304085667
6112,17.0,3.046506246835026,20.041701341417905,3.0417013414179053,17.89236083187003
3794,16.5,2.4995998075296675,11.177619593758058,5.322380406241942,32.25685094692086
4119,7.799999,1.7723098435925193,4.884429788076836,2.915569211923164,37.37909725274534
3153,12.0,1.9904461952331873,6.318798646936341,5.681201353063659,47.34334460886382
1535,10.499,2.4892397535994135,11.052110063360102,0.5531100633601014,5.2682166240604
1832,14.5,3.0032436057464382,19.150792260252672,4.650792260252672,32.07442938105291
6746,33.79,3.605780092392279,35.81038816354625,2.020388163546251,5.979248782320956
3590,8.99,2.140883842508405,7.506953113923398,1.4830468860766022,16.496628321208032
3289,2.0,1.6040817763849082,3.9732909123605378,1.9732909123605378,98.66454561802689
96,3.8,1.2633424901835566,2.5372248894684293,1.2627751105315705,33.23092396135712
6679,62.99,4.023583630260285,54.901076090904446,8.088923909095556,12.841600109692896
2094,5.7,1.9026193788042716,5.70343028895519,0.0034302889551902638,0.06018050798579409
4773,8.0,2.2338470223198037,8.33571177725381,0.33571177725380963,4.19639721567262
2927,9.5,2.3112038748577053,9.086560304997855,0.41343969500214506,4.351996789496264
7038,44.5,3.4884652440050057,31.73566786994767,12.764332130052331,28.68389242708389
156,12.99,2.31702382486459,9.14543473866276,3.844565261337241,29.596345352865594
1022,6.4,1.9052669842529484,5.721201843163656,0.6787981568363444,10.60622120056788
5447,24.49,3.530757422641088,33.14982367117469,8.659823671174689,35.360651985196775
4966,5.8,1.8541462974885368,5.386243970269507,0.41375602973049297,7.133724650525741
6458,49.5,3.906808094788423,48.7399331700357,0.7600668299643019,1.535488545382428
2716,12.5,2.49620765667914,11.136381253973427,1.3636187460265727,10.908949968212582
1287,15.0,2.7603544396545363,14.805444031701109,0.1945559682988911,1.297039788659274
696,18.0,2.9184839679745656,17.51319957061449,0.4868004293855108,2.7044468299195046
425,25.0,3.193362907431099,23.37024467100762,1.6297553289923812,6.519021315969526
6872,47.39,3.5909328733346126,35.267893501016886,12.122106498983115,25.579460854575046
712,10.9,2.6431285801859326,13.05711369117468,2.157113691174679,19.79003386398788
4173,2.45,1.1270696183008149,2.0865983234094023,0.36340167659059786,14.83272149349379
1811,16.0,2.7750411977029286,15.03928776385699,0.96071223614301,6.004451475893813
5096,18.7,3.280622900244291,25.59233191201415,6.89233191201415,36.85738990381899
6480,17.9,3.1178447896163792,21.59762448829706,3.6976244882970626,20.657120046352308
447,31.49,3.240743994880319,24.552725774179773,6.937274225820225,22.0300864586225
6748,15.899,2.6330626140838342,12.916325036943128,2.982674963056871,18.760141914943524
4080,5.99,2.09088986806893,7.092112874180907,1.1021128741809072,18.39921325844586
1009,5.3,1.2377926870816176,2.447994256602813,2.852005743397187,53.811429120701646
592,1.5,1.0191464277005833,1.770828651700493,0.270828651700493,18.05524344669953
6096,29.85,3.4878817955089287,31.71657386448691,1.8665738644869094,6.253178775500534
1242,8.5,1.8515174562953147,5.369477596772913,3.1305224032270873,36.829675332083376
3058,8.4,2.2865176808896535,8.840609801977301,0.4406098019773008,5.245354785444057
131,15.8,2.900926019849308,17.190982783485993,1.3909827834859918,8.803688503075897
2404,4.5,1.7863351297442112,4.967542074086816,0.4675420740868157,10.389823868595904
2306,8.95,2.3351079150177463,9.330574693369927,0.3805746933699279,4.252231210837183
6277,62.5,4.37155406348049,78.16656602008135,15.666566020081348,25.066505632130152
7103,20.89,2.9732295454511224,18.5549713958204,2.335028604179602,11.177733863952138
624,8.5,1.7261074942558698,4.618740307766177,3.881259692233823,45.66187873216263
2986,6.0,1.9137956531797473,5.7787698889265116,0.22123011107348844,3.687168517891474
2127,8.3,2.118504601497432,7.318688427636694,0.9813115723633068,11.823030992328997
6539,43.9,3.5596962895612982,34.15251933663854,9.747480663361458,22.203828390345006
4739,3.9,1.725588070931272,4.615822560833972,0.7158225608339719,18.35442463676851
3686,17.9,3.02330174675623,19.55906055630366,1.6590605563036611,9.268494727953415
3844,6.0,2.001020879360377,6.396603285522756,0.39660328552275637,6.610054758712606
2815,9.9,2.2108224494035165,8.123216692435989,1.7767833075640116,17.94730613701022
2579,3.999999,1.5669859469456524,3.7921825122225306,0.2078164877774693,5.195413493290106
1945,5.6,2.2352456143555943,8.348777764256774,2.748777764256774,49.08531721887097
2436,6.99,1.725588070931272,4.615822560833972,2.3741774391660284,33.96534247733946
93,6.5,1.9050224325892777,5.719558363037135,0.7804416369628653,12.006794414813312
6701,35.19,3.1319781691585997,21.919272927524844,13.270727072475154,37.71164271803113
1375,4.868,1.9048750169559043,5.7185678680940715,0.8505678680940711,17.47263492387163
3903,5.6,2.3776281368567953,9.779305481806345,4.179305481806345,74.63045503225617
3477,13.5,2.3304936151846745,9.283016133398212,4.2169838666017885,31.236917530383618
6022,42.99,3.805126128236327,43.93091681293465,0.9409168129346455,2.1886876318554207
2223,8.8,1.8638549598580285,5.448547810876279,3.351452189123722,38.08468396731502
1087,13.9,2.8067418280913246,15.555888316992004,1.6558883169920033,11.912865589870528
2531,2.5,1.732887689825911,4.656965907993624,2.156965907993624,86.27863631974495
6729,78.99,4.084768829140351,58.42819809555994,20.561801904440053,26.03089239706299
6880,17.375,3.0028045781907333,19.14194744888116,1.7669474488811616,10.169481720179348
764,1.8,1.2400262648698772,2.4557042271926,0.6557042271926001,36.42801262181112
4669,6.5,1.9218671207986324,5.83370591952682,0.6662940804731798,10.250678161125844
476,12.99,2.66327911465961,13.343245215008814,0.3532452150088137,2.7193627021463715
5594,56.5,3.9712516701822436,52.05089151922646,4.449108480773539,7.874528284554937
2622,1.5,1.3118922622573503,2.7131934042996053,1.2131934042996053,80.87956028664036
5111,5.7,2.010722855518197,6.468714197784333,0.768714197784333,13.486213996216367
6466,21.6,3.1855925278695203,23.181612441032236,1.5816124410322345,7.322279819593677
4461,10.0,2.1143285421339053,7.2840215268350725,2.7159784731649275,27.15978473164927
6338,13.5,2.73491732550371,14.408469495814701,0.9084694958147015,6.729403672701492
7034,23.29,3.009421088710929,19.275658719284557,4.014341280715442,17.236330101826717
2181,20.0,2.8747965686866053,16.72181858190439,3.2781814180956097,16.39090709047805
6334,34.0,3.530059886697395,33.12601124766943,0.8739887523305683,2.5705551539134364
2620,10.0,1.9066825372009446,5.730722797364384,4.269277202635616,42.69277202635616
5170,8.9,2.6792932324460907,13.574788667086112,4.674788667086112,52.52571536051811
752,6.8,1.9616876620785675,6.111318446081116,0.688681553918884,10.127669910571823
2283,11.5,2.4659937007067296,10.775177342305478,0.7248226576945225,6.302805719082805
2799,8.0,1.8270894104728646,5.215768752986654,2.784231247013346,34.80289058766682
3049,14.9,2.9619928701198854,18.336468453507376,3.4364684535073753,23.063546667834732
351,3.5,1.966156184293292,6.1431666347080505,2.6431666347080505,75.5190467059443
487,1.8,1.316682418621027,2.731022850139237,0.931022850139237,51.723491674402055
927,5.0,1.8638549598580285,5.448547810876279,0.4485478108762786,8.970956217525572
3318,6.5,1.8129268860955794,5.128358214481239,1.3716417855187606,21.102181315673242
1061,18.0,2.707136540320363,13.986301347186155,4.013698652813845,22.29832584896581
6018,39.39,3.647302477045092,37.37101961135458,2.018980388645417,5.125616625147035
2191,3.5,1.8446503137077153,5.325887327505675,1.8258873275056748,52.168209357304995
4608,2.1,1.5650438229665666,3.7828845314916,1.6828845314916,80.13735864245714
6128,27.9,2.8235293038873244,15.836165885571678,12.063834114428321,43.23954879723413
561,12.99,2.600262000888425,12.467266008474295,0.5227339915257048,4.024126185725209
3535,9.9,2.315952527262195,9.134571778522487,0.7654282214775137,7.731598196742562
5501,21.99,3.1054675223276558,21.31965147178183,0.6703485282181667,3.048424412088071
2966,9.5,2.357418020646686,9.563641106997972,0.06364110699797187,0.6699063894523355
6026,37.49,3.84868507672807,45.931311567364475,8.441311567364473,22.516168491236254
334,13.5,2.7708731912700104,14.972575035397805,1.4725750353978047,10.907963225168924
2225,6.8,1.849965572172314,5.359600571600219,1.4403994283997807,21.182344535290895
4847,13.0,2.4064227949088925,10.094203834994829,2.905796165005171,22.35227819234747
5507,25.5,2.8923181382329752,17.03506896376208,8.464931036237921,33.19580798524675
3213,12.5,1.871004075415546,5.494814409929528,7.005185590070472,56.04148472056377
1103,7.9,2.274006294417455,8.718257126460687,0.8182571264606864,10.35768514507198
2110,26.99,3.0882880847895757,20.93948726692959,6.050512733070409,22.417609237015228
23,12.99,2.687653199519207,13.697144151743844,0.7071441517438437,5.443757904109652
4151,21.99,3.14051527732918,22.115774825219983,0.12577482521998462,0.5719637345156191
1005,3.2,1.2383098055196495,2.449777739103229,0.7502222608967712,23.4444456530241
1643,9.7,2.4958201152906643,11.131678815184875,1.4316788151848758,14.759575414277071
2550,59.7,3.9133394882071046,49.06586748614047,10.634132513859534,17.81261727614662
3038,8.69,1.9709094808956704,6.177201048153311,2.5127989518466887,28.91598333540493
4030,1.7,1.628726430662375,4.097378717623939,2.3973787176239387,141.02227750729054
3817,7.999,2.2179849741829005,8.188796536328487,0.1897965363284877,2.3727532982683797
1671,14.9,2.7674788148846146,14.918450016195294,0.018450016195293628,0.12382561204895051
1372,14.3,2.6431285801859326,13.05711369117468,1.2428863088253213,8.691512649128121
3203,30.99,3.3642636457164223,27.912199836576306,3.0778001634236922,9.931591363096782
445,6.9,2.092271983265092,7.1033048388639894,0.2033048388639891,2.946446940057813
5433,62.99,3.7742389092088398,42.56433927755274,20.42566072244726,32.42683080242461
7125,59.999,4.134261794686418,61.44347794486504,1.4444779448650351,2.4075033664978336
3399,22.5,3.1241911014470087,21.741492091403686,0.7585079085963145,3.3711462604280644
3939,2.0,1.1978803063889742,2.3130867456505655,0.3130867456505655,15.654337282528274
5206,20.49,3.1501853874729155,22.340391196020896,1.8503911960208974,9.030703738510969
6378,83.79,4.312072409772307,73.59492010413528,10.195079895864723,12.167418422084642
2592,16.99,2.66327911465961,13.343245215008814,3.6467547849911846,21.464124690942818
3887,11.0,2.716614716698615,14.129019439807978,3.129019439807978,28.445631270981618
3518,1.2,1.4639586220441088,3.323038977894008,2.1230389778940078,176.91991482450064
4295,10.9,2.4927947772719903,11.095031848716879,0.1950318487168783,1.789283015751177
1128,10.8,2.091915938949853,7.100420216798582,3.6995797832014183,34.25536836297609
2570,7.5,1.9026193788042716,5.70343028895519,1.7965697110448096,23.954262813930793
5277,9.6,2.268702168469624,8.666846730805878,0.933153269194122,9.720346554105438
1783,10.6,2.287286289939949,8.848176291195074,1.7518237088049258,16.526638762310622
2523,18.0,2.703081247249596,13.925650564644426,4.074349435355574,22.635274640864296
4248,5.15,1.3499515310720407,2.8572385699477487,2.2927614300522516,44.51963941849032
1844,6.49,1.9032080001423575,5.707377232575298,0.7826227674247024,12.058902425650267
5291,7.9,1.8448256896298567,5.3269968331165405,2.57300316688346,32.569660340296956
6129,24.49,3.270928263500976,25.33577453863545,0.8457745386354532,3.4535505865065463
6060,5.69,2.466471037483508,10.780799409206947,5.090799409206947,89.46923390521874
2515,6.699,2.14452393961194,7.537975677630582,0.8389756776305823,12.523894277214245
5040,17.5,2.6792932324460907,13.574788667086112,3.9252113329138876,22.429779045222215
6799,56.99,3.393662922270007,28.77481560484883,28.215184395151173,49.50900929136896
3554,3.5,1.5884250258049963,3.8960317290957915,0.39603172909579154,11.315192259879758
3878,4.2,2.223985404888553,8.244099026662422,4.044099026662422,96.28807206339098
5945,29.7,3.3610340983573654,27.818977132544237,1.881022867455762,6.333410328133879
2264,14.5,2.5480969372025126,11.782754236617084,2.717245763382916,18.73962595436494
2462,4.9,1.7501619650524312,4.755534796013266,0.14446520398673446,2.9482694691170295
1775,6.6,2.3190305957715647,9.165814744096505,2.565814744096505,38.875980971159166
6861,28.05,3.273103332340177,25.393119002661365,2.656880997338636,9.471946514576242
378,7.8,2.2100165676683607,8.115867420457459,0.31586742045745897,4.049582313557167
6853,9.999,2.5973622021929303,12.428270215371779,2.429270215371778,24.29513166688447
4913,1.6,0.9205064133164389,1.5105614498182347,0.08943855018176539,5.589909386360336
5246,8.2,2.4995998075296675,11.177619593758058,2.9776195937580585,36.31243407022023
199,1.5,1.1758948688974884,2.2410419541676534,0.7410419541676534,49.40279694451022
2446,11.0,2.7109927830867138,14.044203734427947,3.0442037344279473,27.67457940389043
2957,3.8,1.9162771335136253,5.7956121613351135,1.9956121613351137,52.516109508818786
1328,11.49,2.5567853032394146,11.894299355104568,0.40429935510456794,3.5187063107447165
1193,10.5,2.2865176808896535,8.840609801977301,1.6593901980226988,15.80371617164475
5686,12.75,2.561621009062515,11.956803397361641,0.7931966026383588,6.221149824614579
1075,9.3,2.600262000888425,12.467266008474295,3.1672660084742947,34.056623747035424
5427,3.4,1.546923340096293,3.6969968673436346,0.29699686734363473,8.73520198069514
6969,24.5,3.202980400118808,23.60575601994492,0.8942439800550801,3.6499754287962456
2063,10.5,2.6812880900518494,13.603892314275559,3.1038923142755586,29.56087918357675
965,14.5,2.8067418280913246,15.555888316992004,1.0558883169920037,7.281988393048302
5060,9.49,2.2865176808896535,8.840609801977301,0.649390198022699,6.842889336382497
1467,9.4,2.232536130106306,8.323481683296404,1.0765183167035968,11.45232251812337
5975,18.46,3.015001661633965,19.389124819783387,0.9291248197833859,5.033178872066013
3296,51.0,3.351765926970147,27.55311185886407,23.44688814113593,45.97429047281555
5414,7.5,2.146020861220425,7.550765928528278,0.05076592852827844,0.6768790470437125
7126,29.95,3.244937930786303,24.66011730749367,5.289882692506328,17.662379607700597
5724,62.05,3.807425106781958,44.034330854506685,18.015669145493312,29.03411626993282
2755,6.0,1.9503945441974293,6.031461255622473,0.031461255622472706,0.524354260374545
4022,6.5,2.0677208047860214,6.906781466959964,0.40678146695996364,6.258176414768671
3091,6.5,2.1713459457511943,7.770080152615762,1.270080152615762,19.53969465562711
2022,5.89,1.865455153697122,5.4588749979012015,0.4311250020987982,7.319609543273314
5090,8.6,2.5270234927236723,11.516196088669679,2.916196088669679,33.909256844996264
2907,7.0,1.973718262012793,6.197388572828174,0.8026114271718257,11.46587753102608
5744,42.345,3.377452343559993,28.296039714500058,14.048960285499941,33.17737698783786
5769,15.1,2.7465502826408454,14.588762196456106,0.511237803543894,3.385680818171484
6155,18.49,2.957919859261998,18.257870980380925,0.23212901961907306,1.2554300682480968
6547,13.79,2.4212145262307874,10.259526003603536,3.530473996396463,25.601696855666884
2850,6.699999,1.9616876620785675,6.111318446081116,0.5886805539188842,8.786278235547263
2132,16.5,2.4486736374112934,10.572986558493172,5.927013441506828,35.92129358488987
6114,86.19,4.5424432111995845,92.91998639285244,6.729986392852439,7.8083146453793235
6570,20.79,3.0354229722257244,19.809777996362165,0.9802220036378344,4.714872552370536
6434,31.0,3.5204426758265965,32.799387324364574,1.7993873243645737,5.804475239885722
4246,7.5,1.9318783550895184,5.9024633496676575,1.5975366503323425,21.3004886710979
1701,4.5,2.195550543943895,7.984946303180184,3.484946303180184,77.44325118178187
6332,39.999,3.3024040049635137,26.177896247237463,13.82110375276254,34.553623222486905
3927,19.5,3.1565482384999233,22.489376109870953,2.9893761098709533,15.33013389677412
5780,66.99,4.242257577728099,68.56472246641282,1.5747224664128225,2.3506828876143047
547,12.4,2.51535752793225,11.37103097766058,1.028969022339421,8.298137276930815
6811,37.99,3.6098643764621414,35.96103968791578,2.028960312084223,5.34077470935568
6203,33.3,3.664236645757804,38.02633387217524,4.726333872175246,14.193194811337076
1263,19.9,2.8552978426065057,16.37961282604233,3.520387173957669,17.690387808832508
5231,2.299,1.4556678466907491,3.287345799399877,0.9883457993998772,42.990247907780656
3011,13.29,2.521473722258345,11.446926466322322,1.8430735336776767,13.868122902014122
5865,13.69,2.644468330961385,13.075959341561521,0.6140406584384781,4.485322559813573
1789,11.9,2.3568353781234053,9.557488073172,2.342511926828001,19.684974175025218
6610,21.49,3.2633172121743828,25.13609246608061,3.64609246608061,16.966460986880456
3018,6.4,1.8133753724937263,5.131107316204692,1.2688926837953085,19.826448184301697
5494,26.59,3.264059489807643,25.15549990490179,1.4345000950982083,5.3948856528702835
4715,13.8,2.568929639302968,12.051846777883732,1.7481532221162688,12.66777697185702
2199,5.9,2.2044084333692604,8.064887496455706,2.164887496455705,36.693008414503474
1244,2.5,1.0340103573436028,1.8123216645034468,0.6876783354965532,27.50713341986213
7130,10.89,3.1860231901751352,23.19202879280362,12.302028792803618,112.9662882718422
5008,38.0,1.5593829837096989,3.755885880583973,34.244114119416025,90.1160897879369
5482,12.726,2.570396743523696,12.07100925061507,0.6549907493849307,5.146870575081964
4837,8.5,2.3330138179875943,9.30896410281883,0.8089641028188304,9.517224739045064
7202,35.29,3.6308099609803275,36.743374900938036,1.4533749009380372,4.118376029861256
6764,20.99,3.09477140251068,21.08219002733029,0.09219002733029313,0.43920927741921456
3915,5.2,1.861297593959129,5.432077583782316,0.23207758378231613,4.463030457352233
6083,32.299,3.4587252717998282,30.776444356691137,1.5225556433088627,4.713940503758205
518,13.29,2.801797902774154,15.47423924136763,2.1842392413676315,16.435208738657874
611,12.5,2.485808610077219,11.010828406132683,1.489171593867317,11.913372750938535
5806,11.22,2.413545843724798,10.173510507815683,1.0464894921843175,9.327000821607108
5672,16.5,2.8801956881329533,16.8177595625814,0.3177595625814007,1.9258155307963678
2288,7.5,1.9104327438874007,5.756011788837404,1.7439882111625957,23.25317614883461
957,10.99,2.329378323924306,9.271553968388762,1.7184460316112382,15.636451607017635
4401,6.15,2.224186989742669,8.24596268485247,2.09596268485247,34.08069406264179
491,25.8,2.6184158009739145,12.713980692234019,13.086019307765982,50.72100506886039
1330,4.9,2.001020879360377,6.396603285522756,1.496603285522756,30.542924194341957
3458,21.5,2.8826237760872266,16.861075215774296,4.638924784225704,21.576394345235833
323,5.89,1.2812133402205141,2.601006321754696,3.2889936782453035,55.84030013998817
5362,7.2,2.150784957496401,7.591599791640213,0.3915997916402132,5.438885995002961
7010,22.79,3.1062913638877245,21.33804690469117,1.4519530953088307,6.371009632772403
4247,10.5,2.502506785325916,11.2130711670311,0.7130711670310994,6.791153971724756
2031,4.75,1.3794691804927173,2.972792232074993,1.777207767925007,37.41490037736857
5516,32.0,3.960970876036898,51.508280240970784,19.508280240970784,60.9633757530337
1153,6.3,1.8203732345582455,5.17416243068153,1.1258375693184695,17.870437608229675
6685,15.7,2.8778941994521476,16.776799343451156,1.0767993434511567,6.858594544274883
7286,6.6,2.169876056492935,7.7571985755705235,1.1571985755705239,17.533311751068545
6854,21.69,3.1387072554931166,22.074018758893168,0.3840187588931663,1.7704875928684476
1606,6.4,2.0982493159172897,7.151886035811064,0.7518860358110633,11.748219309547864
324,23.9,2.934566315021343,17.813342301742516,6.086657698257483,25.467187021997837
2083,7.99,1.9959705137191361,6.35934190542419,1.6306580945758098,20.408737103577092
2687,10.8,2.3759151912860896,9.760856923425136,1.0391430765748648,9.62169515347097
6858,35.35,3.3779571405968447,28.310832001776713,7.039167998223288,19.912780758764605
586,7.89,1.9391561164871969,5.952881072526916,1.937118927473084,24.551570690406642
4125,9.8,2.6095450409344645,12.59286524756827,2.792865247568269,28.498624975186416
3245,8.99,2.530487909124546,11.559632601314819,2.5696326013148187,28.583232495159272
4556,4.4,2.11590877504188,7.2971225588768736,2.897122558876873,65.84369451992893
706,24.9,3.129611195379054,21.865087762189923,3.034912237810076,12.18840256148625
1978,6.4,2.0261537015581066,6.584856559582802,0.18485655958280134,2.888383743481271
4160,7.4,1.2941683437761544,2.647960862875666,4.752039137124335,64.21674509627479
4995,4.39,1.4679748992433732,3.3404364138493845,1.0495635861506152,23.90805435422814
6812,9.8,2.5679527974198924,12.039103412439486,2.2391034124394853,22.847994004484544
6202,17.34,2.8178211230122483,15.740335773465837,1.5996642265341627,9.225283890047073
5939,27.79,3.204130245699134,23.63406511217827,4.155934887821729,14.954785490542388
6218,29.3,3.226850400665186,24.200161435441863,5.099838564558137,17.405592370505587
4453,9.5,2.2971510798080605,8.945807243569162,0.5541927564308384,5.833607962429879
3801,8.9,2.3330138179875943,9.30896410281883,0.40896410281883,4.5951022788632585
2572,56.99,3.4738115032419574,31.259465473806713,25.73053452619329,45.14920955640163
208,2.25,1.596342520673311,3.934949899087438,1.6849498990874379,74.88666218166391
3682,29.8,3.2070488394257795,23.7060669610382,6.093933038961801,20.449439728059733
747,2.5,1.5137128257478143,3.54356899627271,1.0435689962727102,41.742759850908406
5101,9.9,1.9684789763823054,6.159778010575182,3.7402219894248185,37.780020095200186
6260,40.99,3.7978302261415684,43.60429818045183,2.6142981804518257,6.377892609055443
798,5.0,1.5342126763186545,3.637672742603078,1.362327257396922,27.246545147938438
88,6.99,2.616656703006499,12.6898776626837,5.699877662683701,81.54331420148355
734,1.7,1.8834009262590419,5.5758307918669505,3.8758307918669503,227.99004658040886
1221,4.8,2.046615035490775,6.7416514888265,1.9416514888265004,40.45107268388543
3574,14.5,2.3190305957715647,9.165814744096505,5.3341852559034955,36.78748452347238
1480,6.9,1.8591394903378662,5.418211461502551,1.4817885384974492,21.475196210107956
3936,10.49,2.8469203821368603,16.234623973768077,5.744623973768077,54.762859616473555
6199,28.99,3.21198783832328,23.82839203155111,5.161607968448887,17.80478774904756
852,13.5,2.4575730545999535,10.676439044630342,2.8235609553696577,20.91526633607154
486,7.89,1.9649652692587742,6.134664793658707,1.755335206341293,22.24759450369193
2678,3.6,1.5991312549408097,3.9487313704785887,0.3487313704785886,9.686982513294128
3195,4.0,1.7043948048190276,4.498057262385899,0.498057262385899,12.451431559647475
1430,8.4,2.283672546032441,8.812651731114011,0.41265173111401054,4.912520608500126
1536,14.9,2.951699409958212,18.138450180835324,3.238450180835324,21.734564972049153
1891,6.0,2.123808786251289,7.362929515694468,1.3629295156944679,22.71549192824113
6513,39.99,2.9262493406487518,17.657521094654324,22.332478905345678,55.84515855300244
1919,5.6,2.151502525892276,7.597767064576145,1.997767064576145,35.67441186743116
4302,14.8,2.8089082413839535,15.591794092845074,0.7917940928450733,5.349960086791036
198,5.0,1.4954720161158777,3.461441928413401,1.538558071586599,30.77116143173198
4629,6.6,1.9452613035019823,5.995459554309975,0.6045404456900245,9.159703722576129
2882,3.85,1.734113963905078,4.663907153718359,0.8139071537183589,21.140445551126206
1057,8.9,2.3190305957715647,9.165814744096505,0.2658147440965042,2.9866825179382492
73,7.0,2.1112022194146522,7.258163443546753,0.2581634435467528,3.68804919352504
548,27.8,3.2532866869279555,24.87524414063695,2.9247558593630494,10.520704530082911
6352,13.69,2.8806073243359345,16.825095507239986,3.1350955072399866,22.9006245963476
2963,4.0,1.8029933184002918,5.067783114830283,1.0677831148302834,26.694577870757087
6569,27.3,3.5965189095819916,35.47105417188358,8.17105417188358,29.93060136221091
1512,34.99,2.928377086274346,17.697261817629457,17.292738182370545,49.42194393361115
3912,10.9,2.3229302337678632,9.205535138779842,1.6944648612201583,15.545549185506038
1582,1.9,1.2648568890850624,2.5425857171466477,0.6425857171466478,33.820300902455145
6697,15.44,3.009421088710929,19.275658719284557,3.8356587192845577,24.842349218164234
5822,10.08,2.4292867193130756,10.350782897627308,0.2707828976273081,2.6863382701121834
2865,6.9,2.001020879360377,6.396603285522756,0.503396714477244,7.295604557641217
3647,10.8,2.4645333964889162,10.757994550272358,0.042005449727643196,0.38893934933002955
5349,20.499,2.6050211456300936,12.531511432057794,7.967488567942205,38.8676938774682
4428,3.0,1.6634376358609222,4.277421551181948,1.2774215511819476,42.58071837273158
6213,25.55,3.0825934535783692,20.814905039572682,4.735094960427318,18.532661293257604
4359,28.8,3.4870192168329828,31.688365413274667,2.8883654132746663,10.02904657387037
1452,3.6,1.9787025096620836,6.233351689992631,2.633351689992631,73.14865805535085
7037,24.89,3.212520749870448,23.841626894554786,1.048373105445215,4.212025333247147
2020,1.9,1.293029694868937,2.643809480157808,0.7438094801578079,39.14786737672674
4903,29.49,3.3738349291316307,28.190255246229047,1.2997447537709519,4.407408456327406
5220,6.9,1.9452613035019823,5.995459554309975,0.9045404456900252,13.109281821594568
6818,12.35,2.7261631361280303,14.274169537175814,1.924169537175814,15.580320139075418
4814,10.0,2.7540670629265467,14.706381000358634,4.706381000358634,47.06381000358634
5267,8.8,2.2769024105043787,8.74644312251899,0.0535568774810109,0.6086008804660329
2098,9.2,2.56187883941554,11.960144485254084,2.7601444852540844,30.001570491892227
1880,13.5,2.365314468062239,9.647386554121882,3.8526134458781183,28.53787737687495
937,9.5,2.2865176808896535,8.840609801977301,0.6593901980226988,6.940949452870513
7120,29.999,3.242901113765907,24.607905534780663,5.391094465219336,17.97091391452827
2855,13.5,2.5674395225885265,12.032412486123237,1.4675875138767633,10.871018621309359
6139,14.99,3.0458412137517925,20.02771256591316,5.037712565913159,33.607155209560766
5985,12.49,2.3740415104322574,9.740713389007395,2.7492866109926055,22.01190240986874
1295,7.0,2.472250471331805,10.849082889936275,3.849082889936275,54.98689842766107
1175,45.9,3.4902135959678384,31.792951400417493,14.107048599582505,30.734310674471686
2197,5.5,1.5234901907847544,3.5882110139352754,1.9117889860647246,34.75979974663135
2614,41.9,3.522998702845921,32.88588997606429,9.014110023935707,21.513389078605506
6148,27.36,2.916284996705638,17.472534303925656,9.887465696074344,36.13839801196763
4335,4.0,1.869978113602502,5.488154395406614,1.4881543954066139,37.20385988516534
4914,11.5,2.465511905639983,10.7695054863977,0.7304945136023004,6.352126205237394
1321,7.2,1.870313548305806,5.4903311126040615,1.7096688873959387,23.74540121383248
1181,12.79,2.687653199519207,13.697144151743844,0.9071441517438448,7.092604782985496
6150,22.799,3.115502888838788,21.544765013917257,1.2542349860827429,5.501271924570125
3438,12.6,2.33589917288466,9.338752076648571,3.261247923351428,25.882920026598637
6343,34.99,3.337459804714258,27.147535579000365,7.842464420999637,22.41344504429733
4301,12.6,2.465511905639983,10.7695054863977,1.8304945136023,14.52773423493889
620,7.9,2.1618213719190273,7.68694541663397,0.21305458336603067,2.6968934603295023
6864,24.89,3.0311041585341783,19.72009823671368,5.169901763286319,20.770999450728482
5159,16.0,2.551101038882768,11.821212667693562,4.178787332306438,26.11742082691524
2492,15.5,2.4594156254293513,10.697973543932752,4.802026456067248,30.980815845595146
478,14.0,2.8016058039464173,15.471074863267898,1.4710748632678978,10.5076775947707
3968,5.3,2.0979771109854397,7.1496673542099725,1.8496673542099726,34.899384041697594
2276,3.7,1.904257707183548,5.714421710356367,2.014421710356367,54.44383000963155
5227,6.9,2.118440249321959,7.318153119163613,0.41815311916361253,6.060190132805978
1897,12.5,1.8989442361162185,5.678839441259289,6.821160558740711,54.56928446992569
7044,14.766,2.76325060782251,14.85128560599808,0.0852856059980791,0.5775809697824672
2206,1.4,1.0514038921558964,1.8616657694615273,0.4616657694615274,32.9761263901091
1033,4.5,1.7508325910183231,4.7593959016292,0.25939590162920023,5.764353369537782
5948,10.59,2.2386434777019995,8.38059766277441,2.2094023372255904,20.86310044594514
286,12.3,2.900926019849308,17.190982783485993,4.890982783485992,39.76408767061781
550,3.2,1.270079161152001,2.561134454703777,0.6388655452962233,19.96454829050698
7008,10.099,2.4784341656391757,10.922581007092607,0.8235810070926064,8.155074830107994
5668,25.79,3.3142637920995273,26.502139237444354,0.7121392374443545,2.7612998737664
5015,2.5,1.2186217682322833,2.382522619426387,0.11747738057361312,4.699095222944525
2825,12.5,2.551943609989825,11.83202000337982,0.6679799966201792,5.343839972961433
1055,10.799,2.509332548321765,11.296719854553631,0.49771985455363144,4.608943925860093
2091,6.5,1.848992246345746,5.353413619565766,1.1465863804342344,17.63979046821899
6540,25.79,3.1387072554931166,22.074018758893168,3.7159812411068316,14.408612799948942
2571,3.5,1.4215825874782062,3.1436729788711357,0.3563270211288643,10.180772032253264
1677,10.3,2.1279798955523646,7.397885059799046,2.9021149402009545,28.175873205834506
1174,1.8,1.0340103573436028,1.8123216645034468,0.012321664503446739,0.6845369168581522
6021,78.2,4.233413937493705,67.95222941393241,10.247770586067588,13.104565966838347
5916,12.54,3.020900888059758,19.50976036205683,6.969760362056832,55.580226172702005
5389,3.9,1.7261688129966886,4.61908485241025,0.71908485241025,18.43807313872436
2087,14.0,2.6239647234632586,12.790290029614376,1.2097099703856244,8.64078550275446
1370,46.5,3.4738115032419574,31.259465473806713,15.240534526193287,32.77534306708233
6314,16.899,3.007844404850693,19.243715604140622,2.344715604140621,13.874877827922486
2934,5.0,1.8737126129673962,5.512429703724414,0.5124297037244139,10.248594074488278
3107,16.99,2.854082763016541,16.35850803781126,0.6314919621887398,3.716844980510535
1188,7.8,1.9056330451974894,5.72366266303636,2.0763373369636398,26.619709448251793
2029,6.699999,2.1470856494885617,7.559875532811759,0.859876532811759,12.833980017187452
4209,4.888888,1.9218671207986324,5.83370591952682,0.9448179195268205,19.325824595016712
5027,4.5,1.8367018556642656,5.275805577511419,0.7758055775114192,17.240123944698205
7009,23.5,3.3827857201576594,28.45270393039098,4.952703930390982,21.07533587400418
7093,40.9,3.994089049843318,53.27637502455311,12.376375024553113,30.260085634604188
3956,7.2,2.5156479994339955,11.374624931552122,4.174624931552121,57.980901827112795
833,9.0,2.0767007788571474,6.978103917110012,2.021896082889988,22.46551203211098
1393,5.4,2.139321344573135,7.49367139627782,2.09367139627782,38.77169252366333
549,24.9,3.1179371437661114,21.599711569066447,3.300288430933552,13.25417040535563
1020,5.5,1.9026193788042716,5.70343028895519,0.20343028895519044,3.698732526458008
248,3.6,1.6399577029675592,4.154951468473919,0.5549514684739187,15.415318568719966
2648,6.5,1.8477676006319763,5.345637701153168,1.1543622988468316,17.759419982258947
296,6.3,1.9800128336874039,6.242835936856886,0.05716406314311406,0.9073660816367312
1559,7.39,1.7031682336667413,4.49131763811356,2.89868236188644,39.224389200087145
1563,12.8,2.4273978034738315,10.3293624610941,2.470637538905901,19.301855772702353
6766,13.69,2.7011078488608438,13.896225353250674,0.20622535325067481,1.5063941070173472
3260,9.7,2.4911019262817815,11.074574082935262,1.374574082935263,14.170866834384158
100,1.4,1.0997540997398993,2.003427389558675,0.603427389558675,43.10195639704822
4204,43.5,3.504373487260529,32.260599134264794,11.239400865735206,25.837703139621166
3197,7.0,1.8268887978015131,5.214521916082438,1.7854780839175621,25.50682977025089
2937,17.5,2.8326728664926315,15.990814363957764,1.5091856360422362,8.62391792024135
7017,15.99,2.641411676397688,13.032999686063398,2.957000313936602,18.49280996833397
1499,6.0,1.899624131880199,5.683381899927927,0.31661810007207336,5.276968334534557
4872,7.0,2.2428342463131647,8.419992065771835,1.4199920657718348,20.28560093959764
1656,5.0,1.8380777544962092,5.284446394156629,0.2844463941566291,5.688927883132582
6788,13.29,2.750560246363952,14.651398067205717,1.3613980672057178,10.243777781833844
346,4.0,1.6399577029675592,4.154951468473919,0.15495146847391883,3.8737867118479707
1718,7.5,2.2100165676683607,8.115867420457459,0.6158674204574588,8.211565606099452
1665,1.7,1.2235479700321237,2.399226718543276,0.6992267185432761,41.13098344372212
681,6.0,2.010741502245698,6.468853466161206,0.4688534661612058,7.814224436020097
6514,69.99,3.3925134484975183,28.74060989827796,41.249390101722035,58.93611959097305
3898,3.9,1.8031196631145143,5.068549795585902,1.168549795585902,29.962815271433392
6186,20.45,3.1798499853272535,23.043146456765143,2.593146456765144,12.680422771467697
6408,54.999,3.716167645948077,40.10655697771121,14.892443022288795,27.07766145255149
7289,23.79,3.1770619204512602,22.976205965199735,0.8137940348002637,3.4207399529225038
5761,17.75,2.9113950481563586,17.382425055952456,0.36757494404754354,2.0708447551974283
7063,49.59,3.583132782509332,34.986101069666006,14.603898930333997,29.449281972845327
1793,3.8,1.9126125375466168,5.770754562761336,1.9707545627613365,51.86196217792991
3542,5.9,2.1793544789455823,7.840597624497073,1.940597624497073,32.891485160967335
6741,18.8,3.186035814505941,23.19233420290575,4.392334202905751,23.36347980269016
1706,6.2,2.0982378388528806,7.151792476626868,0.951792476626868,15.351491558497871
1414,5.6,1.712298183183247,4.541682656112874,1.0583173438871256,18.898523997984388
4761,2.9,1.4914636819710863,3.443594770977474,0.543594770977474,18.74464727508531
3066,8.8,1.9026193788042716,5.70343028895519,3.0965697110448103,35.18829217096375
2991,8.0,1.987919614693081,6.30033045321195,1.6996695467880496,21.24586933485062
6041,9.75,2.44393012300638,10.518219925892055,0.7682199258920548,7.879178727097997
84,37.9,3.5632982843506147,34.279366843001796,3.6206331569982027,9.553121786274941
5327,9.5,2.160937807595685,7.6792733314745,1.8207266685255004,19.165543879215793
3207,9.0,2.495219321219073,11.124392363521919,2.1243923635219186,23.604359594687985
5025,3.99,1.6407058605675282,4.158809627668127,0.1688096276681268,4.230817736043278
1561,1.2,1.340339377785038,2.820339823850557,1.6203398238505569,135.02831865421308
6072,8.39,3.439245923966312,30.163449695293124,21.773449695293124,259.5166828997988
2948,8.9,2.4892397535994135,11.052110063360102,2.1521100633601016,24.18101194786631
3528,7.8,2.139321344573135,7.49367139627782,0.3063286037221795,3.9272897913099936
1297,5.0,1.8844446804528316,5.58269792601021,0.5826979260102103,11.653958520204206
4866,8.499,2.1369589087654917,7.473629326206298,1.0253706737937023,12.064603762721521
6289,13.28,2.7493887188833996,14.63307276065695,1.35307276065695,10.18880090856137
4506,14.2,2.657156552984366,13.255696097479557,0.944303902520442,6.6500274825383245
1912,18.5,2.7729508592000904,15.005795240637028,3.4942047593629724,18.887593293853904
6456,79.99,3.7682055053752905,42.30228934740323,37.68771065259676,47.11552775671555
5998,9.494,2.5018406265606274,11.204938031902483,1.710938031902483,18.02125586583614
6127,18.99,2.923076121794394,17.598410531917523,1.3915894680824756,7.328011943562274
6875,44.199,3.4430638620331604,30.282657234876858,13.91634276512314,31.485650727670627
1817,12.2,2.3204442323359795,9.180195673835016,3.0198043261649836,24.752494476762163
3722,7.6,2.216888450677316,8.178726327057959,0.578726327057959,7.614820092867883
5451,9.79,2.4883065801382482,11.04086860003132,1.2508686000313212,12.77700306467131
6187,36.99,3.4923729964957735,31.86384102898819,5.126158971011812,13.858229172781321
7164,8.99,2.5823339019795926,12.227974957568396,3.2379749575683956,36.017518994086714
3089,1.2,1.0165217197510914,1.7635655716133845,0.5635655716133845,46.96379763444871
4845,6.0,1.847573940444172,5.344408922750794,0.6555910772492064,10.926517954153441
3142,3.2,1.1857198115507632,2.2730419471406162,0.9269580528593839,28.967439151855746
1623,5.5,1.8804625484068298,5.556536876596964,0.05653687659696427,1.027943210853896
6834,18.38,2.963816476744863,18.371762737146547,0.008237262853452165,0.044816446427922554
5459,16.79,3.1667011335199478,22.729076044693205,5.939076044693206,35.37269830073381
5605,47.95,3.677868083737529,38.5619613140658,9.388038685934205,19.578808521239218
6392,26.4,3.209106761389912,23.756962470415903,2.6430375295840953,10.011505793879149
1199,2.0,1.3283937261643914,2.774974871657982,0.7749748716579821,38.7487435828991
373,6.0,1.5599658540092693,3.7586587532459674,2.2413412467540326,37.35568744590054
2457,5.7,1.870313548305806,5.4903311126040615,0.2096688873959387,3.6784015332620825
5260,4.99,1.7031682336667413,4.49131763811356,0.49868236188644044,9.993634506742293
3819,21.09,3.152064714531166,22.38429666819429,1.2942966681942885,6.137015970575099
7284,23.3,3.296355244361611,26.013999843941168,2.713999843941167,11.648067999747498
1317,8.0,2.3554359428646454,9.542723885290547,1.5427238852905472,19.28404856613184
1446,13.0,2.751633747253487,14.668208878549391,1.6682088785493914,12.832375988841472
3799,18.9,2.9099413771358282,17.35572247045114,1.5442775295488573,8.170780579623585
3482,3.7,1.7574405774171848,4.797579932246732,1.097579932246732,29.664322493154916
1488,6.399,1.9709094808956704,6.177201048153311,0.22179895184668919,3.466150208574608
4486,4.0,1.7010538747820139,4.479719287735021,0.4797192877350209,11.992982193375523
6067,102.0,4.174739334815502,64.02288824862953,37.97711175137047,37.2324625013436
812,5.123,1.5564016804134995,3.7417282569031913,1.381271743096809,26.962165588460056
3580,34.5,3.400900443320133,28.991093172194116,5.508906827805884,15.967845877698213
4317,3.95,1.3607061890081906,2.8989457224289406,1.0510542775710596,26.608969052431885
3366,3.9,1.4762003124952572,3.3762855318305256,0.5237144681694743,13.428576106909599
3651,4.0,1.5593829837096989,3.755885880583973,0.244114119416027,6.102852985400675
6684,40.5,3.4765454675440264,31.34778237343052,9.152217626569481,22.598068213751805
1511,3.5,1.367479943919997,2.9254458766147606,0.5745541233852394,16.415832096721125
7149,18.29,2.974208521515089,18.574124618492032,0.28412461849203297,1.5534424193112792
1801,3.4,1.4813583000670452,3.3989166736135337,0.0010833263864662435,0.03186254077841893
4516,4.6,1.870313548305806,5.4903311126040615,0.8903311126040618,19.355024187044826
921,7.8,2.268702168469624,8.666846730805878,0.8668467308058778,11.113419625716382
322,15.0,2.7419483295163043,14.517188259824914,0.48281174017508555,3.2187449345005703
3838,2.5,1.3053265225086421,2.688893403805463,0.18889340380546304,7.555736152218522
5634,27.49,3.3854422107274917,28.531048775736643,1.0410487757366447,3.7870090059536
7262,9.08,2.736017079503139,14.425424343139532,5.345424343139532,58.87031214911379
4402,6.85,2.100217197441922,7.167943776415333,0.31794377641533345,4.641514984165452
6217,10.45,2.4920983694743652,11.086611706491563,0.6366117064915642,6.091978052550854
1569,5.9,2.1087121173732775,7.237625355477869,1.3376253554778685,22.671616194540142
4661,17.5,2.897324728900464,17.125589582483993,0.3744104175160068,2.139488100091467
231,12.9,2.474450513632381,10.87518007044142,2.0248199295585803,15.696278523709925
1545,1.8,1.2338005741473788,2.434256912891896,0.6342569128918958,35.23649516066087
1420,1.0,1.1361699607177336,2.1148156238667637,1.1148156238667637,111.48156238667637
1079,5.9,2.290450174758048,8.879384129618877,2.979384129618877,50.4980360952352
3103,7.9,1.9775825903063378,6.2252554538400835,1.6747445461599169,21.199298052657177
1115,4.75,1.9052669842529484,5.721201843163656,0.971201843163656,20.44635459291907
6946,14.45,2.9245064647681622,17.625031671886717,3.1750316718867175,21.972537521707387
1941,10.9,2.3204442323359795,9.180195673835016,1.7198043261649847,15.77802134096316
1867,10.95,2.190047318660553,7.935635927018469,3.0143640729815306,27.528439022662383
2586,6.65,2.328891353701635,9.26655324516607,2.6165532451660702,39.34666534084316
2751,11.5,2.301221489346937,8.986373256379045,2.5136267436209554,21.857623857573525
1425,9.59,2.2865176808896535,8.840609801977301,0.7493901980226987,7.814287779173084
5395,14.5,2.6081087479954266,12.573355925096825,1.9266440749031748,13.28720051657362
4053,32.5,3.1246240941521135,21.751341123708155,10.748658876291845,33.07279654243644
7283,16.95,3.0170964980550856,19.431881469508294,2.481881469508295,14.642368551671355
4333,4.49,2.0850071461336404,7.044648969628909,2.554648969628909,56.89641357748126
1618,9.0,2.6879366712059425,13.701310966545842,4.701310966545842,52.236788517176024
2402,16.8,2.7974600056896843,15.402930463882772,1.397069536117229,8.315890095935886
265,15.3,2.709233405386068,14.017758568193058,1.282241431806943,8.380662952986556
0,9.99,2.2865176808896535,8.840609801977301,1.149390198022699,11.505407387614605
4015,16.5,2.6076399704516695,12.566994531801374,3.933005468198626,23.836396776961372
5187,3.5,1.4685738167554963,3.343036755845346,0.156963244154654,4.4846641187044005
838,1.2,1.3948843804430866,3.034508077628451,1.834508077628451,152.87567313570426
14,21.9,2.818757140514891,15.756012356383355,6.143987643616644,28.05473809870614
3263,2.6,1.1589105820164773,2.1864599977084422,0.41354000229155785,15.905384703521456
4912,21.0,2.67876856565625,13.567143765191986,7.432856234808014,35.39455349908578
6477,29.155,3.3200617319294183,26.662058138030662,2.4929418619693386,8.550649500838068
8,16.5,2.7083150522626687,14.003973293549357,2.4960267064506425,15.127434584549349
1039,8.5,2.655664347439682,13.234439532246116,4.734439532246116,55.69928861466018
2759,11.9,2.4645333964889162,10.757994550272358,1.1420054497276428,9.596684451492797
3992,15.5,2.6486033770069017,13.134284587255308,2.3657154127446915,15.262680082223817
6472,12.99,2.609032857413969,12.585904988609279,0.4040950113907211,3.110816100005551
4141,32.79,3.369612378252115,28.06725777256413,4.7227422274358695,14.402995509106036
6629,18.1,2.877598633345051,16.771545900480664,1.3284540995193375,7.339525411709046
339,4.1,1.5914438001506612,3.910834075305499,0.18916592469450055,4.613803041329282
1956,3.3,1.5457439948989984,3.691460751783735,0.3914607517837352,11.862447023749551
4220,6.5,1.7895953552226018,4.987029356005659,1.5129706439943407,23.27647144606678
2770,29.999999,2.565106308365749,12.00204052188145,17.997958478118548,59.993196926835054
1090,23.5,3.1857855665833172,23.18628087897552,0.3137191210244801,1.3349749830828939
4512,8.999,1.9964589582433874,6.362937413711671,2.63606258628833,29.29283905198722
1883,6.0,2.29700080048868,8.944312706727711,2.944312706727711,49.071878445461856
622,5.3,2.087315518119741,7.0632404617326685,1.7632404617326687,33.268687957220166
7220,12.5,2.606651038409916,12.55358432818152,0.053584328181520036,0.4286746254521603
5192,3.8,2.046615035490775,6.7416514888265,2.9416514888265004,77.4118812849079
5045,2.8,2.057515486438697,6.826500587711914,4.026500587711914,143.80359241828268
4331,16.5,3.0136994842388125,19.362591841407706,2.8625918414077063,17.349041463077008
4952,4.7,1.5037937272691526,3.4987236682547103,1.20127633174529,25.559070888197656
3032,8.4,2.0196394844657917,6.535607740246075,1.8643922597539255,22.195145949451494
4568,5.999,1.8638549598580285,5.448547810876279,0.5504521891237211,9.175732440802152
889,4.5,2.1215610123309943,7.344152651810122,2.8441526518101217,63.203392262447146
1507,3.1,1.3328200309342757,2.7917210955426888,0.3082789044573113,9.944480788945526
3688,10.0,2.022461184630481,6.556900993307539,3.443099006692461,34.43099006692461
196,1.9,0.8144910795066647,1.2580262240657007,0.6419737759342992,33.78809347022627
5533,12.99,2.5546934260012373,11.867354256526447,1.1226457434735533,8.642384476316806
3980,11.2,2.6431285801859326,13.05711369117468,1.8571136911746802,16.581372242631073
2789,3.8,1.6729856090492992,4.328051552971541,0.528051552971541,13.89609349925108
6575,38.0,2.8136928336587625,15.671369278290683,22.328630721709317,58.75955453081399
4236,21.5,2.515656119533736,11.374725415148786,10.125274584851214,47.094300394656806
432,4.2,2.0673420702820327,6.903787463005017,2.7037874630050167,64.37589197630992
2598,10.9,2.4734819214216115,10.863683432199647,0.03631656780035364,0.3331795211041618
6091,28.99,3.3374681623828217,27.147770827756688,1.8422291722433108,6.35470566486137
1694,23.5,3.2094857185493364,23.766346076469723,0.2663460764697234,1.1333875594456315
5357,29.9,3.328660381400767,26.900940038635248,2.9990599613647504,10.030300874129601
1108,13.9,2.7674788148846146,14.918450016195294,1.0184500161952936,7.326978533779091
6353,37.5,3.79324291922451,43.4001531707773,5.900153170777301,15.733741788739469
6690,60.89,3.8598863361272047,46.45995657979547,14.430043420204534,23.6985439648621
6262,110.99,4.302356459418539,72.87366905725634,38.11633094274366,34.34213077100969
4825,1.65,1.4202530940147804,3.1381676531893197,1.4881676531893198,90.19197898117089
1277,4.6,1.8313098376393384,5.242057387905672,0.6420573879056723,13.957769302297226
1195,5.9,1.865455153697122,5.4588749979012015,0.4411250020987989,7.476694950827099
6062,18.19,3.1520966602202827,22.385043707598143,4.195043707598142,23.062362328741845
604,9.0,2.40023465929464,10.025763374955034,1.0257633749550337,11.397370832833706
3742,6.2,1.6468720829355847,4.190718271781063,2.0092817282189372,32.40776980998285
1593,17.9,2.8853860726845237,16.910481008378287,0.9895189916217113,5.52803905933917
1219,19.4,3.0502905408412566,20.121480183774015,0.7214801837740161,3.718970019453691
2229,7.0,2.129825339544166,7.413397195312708,0.413397195312708,5.905674218752972
4519,4.1,1.4815616676755479,3.3998113617496584,0.7001886382503413,17.077771664642473
1652,3.3,1.4524451709206625,3.27355131349063,0.0264486865093696,0.8014753487687758
4657,5.9,2.0168629682654076,6.5147140225708915,0.6147140225708911,10.418881738489679
4865,5.9,1.6251661552260037,4.079262913148205,1.8207370868517954,30.859950624606697
6264,11.09,2.4189412646928496,10.233959227199017,0.8560407728009825,7.719033118133295
4955,38.0,3.6254127588459606,36.5402150180082,1.4597849819918025,3.8415394262942173
1158,12.0,2.3951603354651434,9.969956791207805,2.030043208792195,16.91702673993496
4818,10.8,2.471322059884915,10.838087170811672,0.038087170811671456,0.3526589889969579
3256,8.8,2.1601093248515997,7.672085681121441,1.1279143188785596,12.81720816907454
5728,38.699,3.7029860568044795,39.56826281300283,0.8692628130028339,2.2462151812781572
4650,17.5,2.900926019849308,17.190982783485993,0.3090172165140075,1.7658126657943287
7219,15.49,2.973208207362715,18.554554134563745,3.0645541345637444,19.784080920359873
5702,14.19,2.7089139417592727,14.012961706826687,0.17703829317331277,1.2476271541459674
2807,4.59,1.3168099217399039,2.731498597518223,1.8585014024817768,40.49022663358991
2851,8.6,2.603144112574693,12.506136160372455,3.906136160372455,45.42018791130762
4559,10.49,2.2587132805794603,8.57076634952905,1.9192336504709502,18.295840328607724
2995,6.5,2.010212818957299,6.464905851760976,0.03509414823902368,0.5399099729080566
904,5.95,1.6569198801001077,4.243136458766185,1.7068635412338153,28.68678220561034
6841,21.169,2.909221958935637,17.342521778606574,3.826478221393426,18.07585725066572
2357,23.8,3.29032428762128,25.85156987588527,2.0515698758852707,8.620041495316263
3383,12.8,2.4856120386015035,11.008467651904397,1.791532348095604,13.996346469496906
3470,9.0,2.685530517554819,13.665979876548981,4.665979876548981,51.84422085054423
1616,7.8,2.2865176808896535,8.840609801977301,1.0406098019773014,13.3411513074013
3575,5.8,1.9948404131661475,6.351029806705551,0.551029806705551,9.500513908716398
6977,26.95,3.293690447768963,25.942108859171196,1.0078911408288036,3.739855810125431
5006,10.9,2.3330138179875943,9.30896410281883,1.59103589718117,14.596659607166696
3820,3.65,1.6106881007932288,4.006254850851825,0.35625485085182484,9.760406872652736
1860,7.5,1.8222573938096063,5.185806502142428,2.3141934978575716,30.85591330476762
2088,4.99,1.6040817763849082,3.9732909123605378,1.0167090876394624,20.374931616021293
7077,27.52,3.0489230235127636,20.09261593429821,7.427384065701791,26.98904093641639
6930,27.699,3.210971373025,23.803167654662666,3.895832345337336,14.064884455530294
5213,4.1,2.1706480011194804,7.763961257826818,3.663961257826818,89.36490872748337
2251,3.2,1.190847545813789,2.289868340244574,0.9101316597554261,28.441614367357065
3784,14.0,2.847902810573318,16.251564078309276,2.2515640783092756,16.08260055935197
3127,6.5,1.9026193788042716,5.70343028895519,0.7965697110448096,12.254918631458608
254,11.7,2.268702168469624,8.666846730805878,3.0331532691941216,25.924386916189075
6705,16.78,2.838466958181385,16.089546455429225,0.6904535445707758,4.114741028431322
4989,2.999999,1.6399577029675592,4.154951468473919,1.154952468473919,38.49842844860679
221,14.85,2.772584681825751,14.999935353506118,0.14993535350611786,1.0096656801758779
267,2.9,1.2116077670318866,2.3588806111751808,0.5411193888248191,18.65928926982135
107,8.1,1.9104327438874007,5.756011788837404,2.3439882111625954,28.938126063735748
4800,5.5,1.6261386798579123,4.084205024216033,1.4157949757839674,25.74172683243577
1226,5.4,2.1614951291133573,7.684111825433048,2.2841118254330475,42.298367137649024
4938,4.9,1.9151093142889315,5.787680746940055,0.8876807469400543,18.115933611021514
3418,9.5,2.2457149038867597,8.447166959248795,1.0528330407512048,11.082453060538997
4154,8.5,1.9557965755967672,6.069548210951969,2.430451789048031,28.5935504593886
1758,6.99,2.2506431314106687,8.493839659860937,1.5038396598609367,21.514158224047737
2284,9.99,2.289215945496616,8.867198226287332,1.122801773712668,11.239256994120801
2526,3.3,1.4769798790669162,3.379698467871756,0.07969846787175605,2.4151050870229107
4004,15.0,2.172052820083595,7.776281688763879,7.223718311236121,48.158122074907475
1210,15.5,2.9741251703007823,18.572493159429083,3.072493159429083,19.822536512445694
6664,11.5,2.663773281040309,13.350334916185906,1.850334916185906,16.089868836399184
2464,13.6,2.4951981508095358,11.124135687887163,2.4758643121128365,18.204884647888505
4240,13.5,2.607750506181075,12.568494252322612,0.931505747677388,6.90004257538806
4198,14.5,2.630428018059442,12.879709397215466,1.620290602784534,11.174417950238166
376,4.5,1.6523022842677064,4.218981585346446,0.2810184146535537,6.244853658967861
755,1.8,1.2909912985858907,2.636389517438737,0.836389517438737,46.466084302152055
291,12.49,2.66327911465961,13.343245215008814,0.8532452150088137,6.831426861559757
5091,1.7,1.5925238717091919,3.9161409929283924,2.216140992928392,130.36123487814072
1465,1.35,1.4093715046473294,3.0933819239298375,1.7433819239298374,129.13940177258056
188,4.7,1.9183239625502142,5.809535862485114,1.1095358624851137,23.607146010321568
1870,33.0,2.721473193226462,14.202702273866562,18.797297726133436,56.961508261010415
1201,8.7,2.4659937007067296,10.775177342305478,2.0751773423054782,23.85261312994803
1649,4.0,1.4984941898389206,3.4749455758826064,0.5250544241173936,13.126360602934838
6030,128.96,4.819898041109087,122.95245208098088,6.007547919019132,4.658458373929228
3706,30.49,3.1376222787153116,22.048997560533245,8.441002439466754,27.68449471783127
4176,6.5,1.981934528839625,6.256767841714648,0.24323215828535183,3.742033204390028
501,10.0,2.3690046515639915,9.686749948726264,0.3132500512737355,3.132500512737355
6193,26.99,3.0865767871867558,20.901974381972472,6.088025618027526,22.55659732503715
2605,5.5,1.9052669842529484,5.721201843163656,0.221201843163656,4.0218516938846545
6874,64.89,4.312802517707281,73.64940233374594,8.759402333745939,13.498847794338017
3312,23.5,2.863946652762068,16.53057769013955,6.969422309860452,29.657116212172134
2812,6.5,1.9971304530861826,6.367883248578264,0.1321167514217363,2.0325654064882506
4763,5.5,2.0520124219931746,6.783549141277765,1.2835491412777653,23.337257114141188
6753,76.79,3.8356785264521007,45.324849642296385,31.46515035770362,40.97558322399221
672,7.9,1.9026193788042716,5.70343028895519,2.19656971104481,27.804679886643164
4766,13.8,2.7348926695427616,14.40808958987603,0.6080895898760286,4.406446303449482
3753,7.35,2.003520063987137,6.415111881309598,0.9348881186904014,12.719566240685735
1374,12.8,2.595640303867855,12.40516799492466,0.3948320050753402,3.0846250396510957
7043,23.99,3.579795994955478,34.866223210207885,10.876223210207886,45.33648691207956
6988,15.58,2.9189522192171236,17.521870429228883,1.9418704292288833,12.463866683112217
5718,79.99,4.321316220430305,74.28765825904361,5.702341740956385,7.128818278480291
1192,4.9,1.910357341770783,5.7555023904537315,0.8555023904537311,17.45923245823941
3053,52.9,3.649656897488339,37.46146755882243,15.438532441177571,29.184371344381045
3950,2.8,1.3113707862022694,2.71125756764148,0.08874243235851997,3.169372584232857
216,13.0,2.484025655950929,10.989432729488724,2.0105672705112756,15.465902080855967
4697,6.49,2.1375355468928885,7.47851695301377,0.9885169530137699,15.23138602486548
421,1.2,0.9468506853818337,1.577579255407271,0.377579255407271,31.464937950605922
505,3.9,1.8446503137077153,5.325887327505675,1.425887327505675,36.56121352578654
4836,2.9,1.398146835822121,3.04769197445193,0.14769197445193027,5.092826705238975
6453,19.9,2.9735522373858982,18.56128264561454,1.3387173543854587,6.7272228863590895
6845,49.5,3.5724824268937683,34.604870022749154,14.895129977250846,30.09117167121383
6252,20.59,3.0884154964431096,20.94228279136737,0.35228279136736873,1.7109411916822181
506,16.3,2.751633747253487,14.668208878549391,1.6317911214506093,10.010988475157113
1807,8.9,1.9569799745970213,6.077919259405318,2.822080740594682,31.708772366232385
4436,20.89,3.1573861328722828,22.509065973784764,1.619065973784764,7.750435489635059
1438,5.99,1.319011642476732,2.739723366359366,3.250276633640634,54.26171341637118
5520,76.49,4.243851178668643,68.67566925253564,7.8143307474643535,10.216146878630349
7069,41.599,3.138166105408139,22.06153562960889,19.537464370391106,46.966187577564625
4704,3.8,1.3388405908823062,2.8146182373491033,0.9853817626508965,25.931099017128854
1426,27.9,3.462430514039413,30.89440217674226,2.9944021767422626,10.73262428939879
2859,7.5,1.9800128336874039,6.242835936856886,1.2571640631431142,16.762187508574858
3016,5.0,1.7244839853110636,4.609625633497601,0.39037436650239865,7.807487330047973
2688,20.49,3.0882880847895757,20.93948726692959,0.44948726692959085,2.193690907416256
4664,12.0,1.856760637956545,5.402961629624459,6.597038370375541,54.97531975312951
2280,2.95,1.649454610299688,4.204140768279488,1.2541407682794876,42.513246382355504
347,6.5,2.0001331646473677,6.390040125497766,0.1099598745022341,1.6916903769574478
4320,12.99,2.85721009928585,16.412878903255447,3.4228789032554463,26.350107030449934
333,11.5,2.030063791239903,6.614572086281946,4.885427913718054,42.48198185841786
4386,6.5,2.02845779576225,6.602352932526273,0.10235293252627287,1.5746605004041978
3381,7.75,1.8745522256704508,5.517899918540983,2.2321000814590173,28.80129137366474
5781,18.355,3.1201864118726825,21.65060159071251,3.295601590712508,17.954789380073592
6380,15.89,2.6338362884564557,12.927095907021096,2.9629040929789046,18.6463441974758
5832,83.49,4.474275853974435,86.73104731244061,3.241047312440614,3.8819586925866743
6831,8.29,2.546979018899055,11.76847214627988,3.4784721462798807,41.959857011820034
3023,9.79,2.388769389258255,9.900071940489815,0.11007194048981539,1.1243303420818733
6726,5.65,1.8101090879509587,5.1111140447794705,0.5388859552205298,9.537804517177518
746,14.5,2.687886506084126,13.700573491988248,0.7994265080117522,5.5132862621500145
3410,34.0,3.0625781474640386,20.382613690867412,13.617386309132588,40.05113620333114
5257,5.7,1.8984938849354975,5.675832295217781,0.024167704782219523,0.4239948207406934
3704,5.0,1.572106524571454,3.816784188414422,1.183215811585578,23.66431623171156
3589,2.5,1.281808812648454,2.6031512602946374,0.10315126029463739,4.126050411785496
5019,7.8,2.02861254491145,6.603529481207107,1.1964705187928928,15.339365625549908
4038,24.2,3.0882880847895757,20.93948726692959,3.26051273307041,13.473193111861198
3608,9.3,1.9878260014427473,6.299647077536723,3.0003529224632777,32.261859381325564
6968,28.59,3.3734322101005185,28.178502141676653,0.4114978583233473,1.4393069546112183
259,4.8,1.8817276942576018,5.56483710141221,0.7648371014122102,15.934106279421044
1795,11.49,2.2865176808896535,8.840609801977301,2.649390198022699,23.05822626651609
4210,20.0,2.823951505610566,15.84327564459199,4.156724355408009,20.783621777040047
3653,8.3,1.5669481826240999,3.792001542118328,4.507998457881673,54.31323443230931
3265,4.59,1.9026193788042716,5.70343028895519,1.1134302889551906,24.257740500113083
3246,5.0,1.939031424330156,5.952014156838251,0.952014156838251,19.04028313676502
1730,25.0,2.501476432240559,11.200493872112476,13.799506127887524,55.198024511550095
599,11.5,2.8690422903349684,16.620135142868854,5.120135142868854,44.52291428581612
45,13.0,2.6164942996767877,12.687654561492343,0.3123454385076574,2.4026572192896722
4651,23.5,2.600262000888425,12.467266008474295,11.032733991525705,46.947804219258316
5070,6.0,1.9290862045266397,5.883217513879791,0.1167824861202087,1.946374768670145
4575,6.0,1.55767949430752,3.7477911759676763,2.2522088240323237,37.53681373387206
3921,14.2,2.171078445187809,7.76773446498437,6.432265535015629,45.29764461278612
3881,2.686686,1.4258184828721736,3.161262371269312,0.47457637126931207,17.664005814944957
6979,5.85,2.6473299365285214,13.116296872701678,7.266296872701679,124.21020295216545
6997,28.9,3.1670037792388763,22.736258634807513,6.163741365192486,21.327824793053583
1421,1.9,1.2929467261362964,2.6435071704445554,0.7435071704445555,39.131956339187134
4251,17.2,2.861369950051063,16.485464749358513,0.7145352506414859,4.154274713031895
3529,2.3,1.1002391416092894,2.004884530953009,0.29511546904699104,12.831107349869178
6651,12.09,2.811750218834451,15.639014665639046,3.5490146656390458,29.354960013557037
6497,96.79,4.617902334460647,100.28135473690149,3.491354736901485,3.6071440612681935
7180,15.99,3.0955627724823844,21.09967212591895,5.10967212591895,31.955422926322385
3044,13.2,2.7674788148846146,14.918450016195294,1.7184500161952947,13.018560728752233
1298,4.1,1.9026193788042716,5.70343028895519,1.6034302889551908,39.10805582817539
426,6.5,1.8244602008228568,5.199447658989962,1.3005523410100377,20.008497554000577
4603,8.2,1.9591905784401553,6.093583041751504,2.106416958248495,25.688011685957257
805,19.9,2.8370767677868183,16.065805238328952,3.8341947616710463,19.267310360156014
410,7.7,2.331054161245591,9.28878185341098,1.5887818534109792,20.63353056377895
6097,12.38,2.7227906845180514,14.222744901815762,1.8427449018157613,14.884853811112771
3858,15.0,1.910968900699281,5.759635041808217,9.240364958191783,61.60243305461189
438,8.8,2.4401321150867,10.474556604699188,1.6745566046991875,19.02905232612713
2389,2.0,1.2612205527562843,2.5297270773441873,0.5297270773441873,26.486353867209367
4161,9.2,2.4610889996630716,10.717565018810902,1.5175650188109024,16.49527194359677
434,5.8,2.001020879360377,6.396603285522756,0.5966032855227565,10.286263543495803
751,10.5,2.1470856494885617,7.559875532811759,2.940124467188241,28.00118540179277
3411,8.5,1.9161043227364076,5.7944379077806,2.7055620922193997,31.830142261404703
2874,6.99,1.9452613035019823,5.995459554309975,0.9945404456900251,14.228046433333692
4383,14.6,2.826145372944578,15.880268120281197,1.2802681202811979,8.76895972795341
2142,9.0,2.1553024069895383,7.630499707813836,1.3695002921861636,15.216669913179595
6044,24.0,3.455235295108151,30.665738599164342,6.665738599164342,27.773910829851427
4937,7.5,1.9684789763823054,6.159778010575182,1.3402219894248182,17.86962652566424
4856,5.9,2.171621554015196,7.772497592299654,1.8724975922996538,31.737247327112776
1049,6.0,1.907042556458781,5.733146423440447,0.2668535765595532,4.447559609325888
626,6.5,2.043626973684117,6.718553482014167,0.21855348201416724,3.362361261756419
1926,10.2,2.425349328522417,10.306178300070826,0.10617830007082674,1.0409637261845759
1223,7.6,1.9452613035019823,5.995459554309975,1.6045404456900245,21.11237428539506
210,7.89,2.4486736374112934,10.572986558493172,2.6829865584931722,34.00489934718849
2431,3.89,1.2859737348809492,2.6181893996878816,1.2718106003121186,32.694359905195846
6216,14.59,2.7541922358130284,14.70834713645553,0.11834713645552952,0.8111524088795717
4927,16.0,2.8365728970778856,16.057208444963077,0.0572084449630772,0.3575527810192325
51,18.8,2.7302573069217684,14.336832785482738,4.463167214517263,23.74025114104927
1109,12.5,2.5860066433224365,12.276647213669,0.22335278633100053,1.7868222906480042
1436,7.2,2.1456162693332423,7.547307057767107,0.34730705776710646,4.823709135654256
7277,10.49,2.654634211431715,13.219783673590623,2.7297836735906227,26.02272329447686
3882,2.8,1.6741055727960115,4.334022120336899,1.5340221203368989,54.7865042977464
1786,10.8,1.8984938849354975,5.675832295217781,5.12416770478222,47.44599726650203
5456,22.0,3.1875793271489283,23.22970420973103,1.229704209731029,5.589564589686495
4338,6.0,1.7591511981888432,4.8075058802501385,1.1924941197498615,19.874901995831028
6336,19.592,3.165110512763244,22.691362086053427,3.0993620860534286,15.819528818157558
1558,2.8,1.450054878949041,3.2633484768327783,0.46334847683277847,16.548159886884946
2249,26.49,2.850463537003327,16.295797224726247,10.194202775273752,38.483211684687625
5044,36.0,3.097786913242901,21.14887960938814,14.851120390611861,41.25311219614406
3786,8.5,2.582935902369769,12.235940601073782,3.735940601073782,43.95224236557391
4233,12.8,2.8144271580848708,15.683615967939758,2.8836159679397575,22.528249749529355
4561,13.0,2.410715674962333,10.141932294324159,2.8580677056758415,21.98513619750647
3733,3.5,1.6335483784925233,4.122017367272646,0.6220173672726457,17.77192477921845
5661,63.05,4.448641360319641,84.51068683205683,21.460686832056837,34.03756832998705
5664,70.99,4.243851178668643,68.67566925253564,2.3143307474643535,3.2600799372649014
6291,8.89,2.326730494801769,9.24439262382613,0.35439262382612924,3.986418715704491
6970,20.49,3.324845551692387,26.794705465921446,6.304705465921447,30.769670404692278
4693,29.5,2.7281545551299953,14.304617115512123,15.195382884487877,51.50977248978942
3164,1.0,1.0260912166956742,1.7901384456409635,0.7901384456409635,79.01384456409635
2112,5.4,1.742492272650909,4.711560464880884,0.6884395351191159,12.748880279983627
705,7.2,2.1251361555881134,7.374037582522325,0.17403758252232482,2.4171886461434
2943,26.5,2.863946652762068,16.53057769013955,9.969422309860452,37.62046154664321
6952,20.99,2.74684351601926,14.59333401213199,6.396665987868008,30.47482604987141
57,3.8,1.828560122199331,5.2249170826095215,1.4249170826095217,37.497817963408465
4881,9.8,2.3786974273543384,9.790837855358054,0.009162144641946313,0.09349127185659502
5640,17.2,3.243241927240529,24.616634541440813,7.416634541440814,43.11996826419078
527,4.5,2.223985404888553,8.244099026662422,3.744099026662422,83.20220059249827
1935,3.8,1.6135167501789565,4.020435837624769,0.22043583762476882,5.800943095388654
5058,1.95,1.491118452436706,3.442060975594681,1.4920609755946812,76.51594746639391
565,4.0,1.9344242824833038,5.920058909198524,1.9200589091985236,48.00147272996309
1871,4.9,1.8428232348814875,5.314339984877389,0.41433998487738855,8.455918058722215
6095,18.85,3.1211874755931506,21.67328763940737,2.8232876394073685,14.977653259455534
640,5.5,1.617106604580576,4.038490859374497,1.4615091406255027,26.57289346591823
5282,5.0,1.6265508760949081,4.086301146372284,0.9136988536277162,18.273977072554324
1747,41.0,3.401319615161279,29.00366722909826,11.996332770901741,29.259348221711562
730,6.5,2.190976748863991,7.943944837614067,1.4439448376140671,22.21453596329334
