sample_id,y_true_price,raw_prediction,y_pred_price,absolute_error,absolute_percentage_error
3909,5.5,1.5618622675658562,3.767691700611552,1.732308299388448,31.496514534335418
6004,37.499,3.3483705676601163,27.45632818533779,10.042671814662214,26.78117233702822
1768,27.49,2.8803834434055524,16.82110525496104,10.668894745038958,38.810093652378896
3360,7.8,2.1413188664916825,7.5106546476221645,0.2893453523778353,3.709555799715838
4700,12.99,2.4921706039201132,11.087484807722765,1.9025151922772352,14.645998400902505
865,3.5,1.3532728811741679,2.8700711085459645,0.6299288914540355,17.997968327258157
7074,52.5,3.8580624242456785,46.373472694560945,6.126527305439055,11.669575819883914
2233,26.0,3.0810174159340047,20.780551006757538,5.219448993242462,20.074803820163318
1720,22.0,2.5288264675659944,11.538782830884518,10.461217169115482,47.550987132343096
1662,4.7,2.374809653575175,9.748966963904852,5.048966963904852,107.42482901925217
1566,11.49,2.9128766607278194,17.409680874304907,5.919680874304907,51.52028611231425
5141,3.2,1.7632432354680994,4.831319099873945,1.631319099873945,50.978721871060785
7264,63.86,3.977869447758443,52.40313476771583,11.456865232284173,17.940596981340704
5464,127.0,4.650868457984371,103.67585269430957,23.32414730569043,18.365470319441286
6348,31.79,3.221512836281247,24.06601228464699,7.723987715353008,24.296910082897163
6283,17.99,3.5944899695996497,35.39713160945646,17.40713160945646,96.76004229825715
6419,30.9,3.4583021841565036,30.763002979375855,0.13699702062414332,0.4433560537998166
763,7.9,2.630988806381135,12.887495159032026,4.987495159032026,63.13285011432944
3297,4.8,1.8719052435835275,5.500669967957679,0.7006699679576789,14.597290999118313
2654,3.59,1.3702116525045132,2.936183710453051,0.653816289546949,18.212152912171284
2189,3.1399,1.6583718186489151,4.250754699978019,1.1108546999780193,35.37866492493453
3945,1.9,1.132580472291712,2.1036550715554854,0.20365507155548546,10.718687976604498
6006,20.04,3.1444423096597474,22.206729694772445,2.166729694772446,10.812024425012206
1197,19.8,2.5030590305557308,11.219817640006779,8.580182359993222,43.33425434340011
429,7.5,2.0703291476181462,6.927431983830417,0.5725680161695834,7.6342402155944455
4271,5.7,1.8995071002044028,5.682599778311587,0.01740022168841282,0.3052670471651372
3905,5.1,1.982719049548322,6.262463160120186,1.1624631601201862,22.79339529647424
2316,2.7,1.927479651122178,5.8721681354340465,3.1721681354340463,117.48770871977949
4584,13.5,2.2910919069273854,8.885726082928178,4.614273917071822,34.179806793124605
7086,51.49,3.9899953692331387,53.054639048315806,1.5646390483158044,3.0387241179176625
1992,16.5,2.7647024244284064,14.874315479196705,1.6256845208032953,9.85263345941391
7240,13.1,2.5704498904613824,12.071703953189704,1.0282960468102953,7.84958814359004
554,7.2,2.4189595374449353,10.2341645044264,3.034164504426399,42.14117367258887
1905,11.999,2.3736045748085504,9.73602141382391,2.262978586176091,18.85972652867815
2034,14.5,2.5803014164736284,12.201116594057142,2.298883405942858,15.854368316847298
1215,6.2,1.9180638676887423,5.807764967508597,0.3922350324914028,6.326371491796818
1615,7.0,2.124029214491994,7.364773144721241,0.3647731447212408,5.211044924589154
1002,3.2,1.3483028050938333,2.8508842801940313,0.3491157198059689,10.909866243936527
2388,9.95,2.110137909369654,7.249378872823211,2.700621127176788,27.141920876148628
6001,38.9,3.7093046008499777,39.82540670040832,0.925406700408324,2.378937533183352
1533,4.95,1.682125461077287,4.3769723797648235,0.5730276202351767,11.5763155603066
5326,26.5,3.312026544800645,26.44067892731379,0.059321072686209675,0.22385310447626292
2764,22.5,3.0546218025191267,20.213161245481768,2.2868387545182323,10.16372779785881
6702,12.99,2.9666690405522247,18.427100816592247,5.437100816592247,41.85604939639913
496,10.89,2.6282452783959087,12.849446644865987,1.9594466448659862,17.99308213834698
2691,29.5,3.293904104581763,25.94786583926727,3.552134160732731,12.041132748246545
7213,26.25,3.3638534776984566,27.90034340860431,1.6503434086043107,6.2870225089688025
5400,13.99,2.6363262283668236,12.961816747420102,1.0281832525798986,7.349415672479618
5931,44.99,3.52218675819003,32.85838767547203,12.131612324527971,26.965130750228877
828,4.8,1.498014636894914,3.4728001170290943,1.3271998829709055,27.64999756189387
3552,1.55,1.3986381155383147,3.0496810119632647,1.4996810119632646,96.75361367504934
61,6.9,2.297964348116339,8.953899143397445,2.0538991433974445,29.766654252136878
1429,10.0,2.3642009702270723,9.635537310521535,0.36446268947846505,3.6446268947846505
2970,3.2,1.5085944278195875,3.5203726169269602,0.32037261692696006,10.011644278967502
3955,29.9,3.2810090442813684,25.60260236522348,4.2973976347765195,14.372567340389697
4121,14.5,2.6378091093646527,12.982535818331638,1.5174641816683625,10.4652702184025
3550,16.4,2.7518539173590217,14.671658929536829,1.7283410704631699,10.538665063799817
5189,4.6,1.3067065672535145,2.693987756170358,1.9060122438296419,41.43504877890526
465,5.95,1.9554000590964793,6.06674557411934,0.1167455741193395,1.962110489400664
5636,7.5,2.7200308129577593,14.180790002788466,6.680790002788466,89.07720003717955
6951,12.9,3.028450112488971,19.665179053190517,6.765179053190517,52.4432484743451
4230,8.2,2.001988491901733,6.403763795366144,1.7962362046338551,21.905319568705554
6145,42.45,4.204990143296511,66.01993706740153,23.569937067401526,55.52399780306602
1902,8.9,2.1784005647329017,7.832168473756999,1.0678315262430012,11.998107036438215
185,4.7,1.682125461077287,4.3769723797648235,0.3230276202351767,6.872928090110143
2662,4.8,1.7310856651779627,4.646781095392576,0.1532189046074235,3.192060512654656
932,2.0,1.5676099265523498,3.795173669495248,1.7951736694952478,89.75868347476239
6485,20.95,3.2131926221124356,23.858322902275052,2.908322902275053,13.882209557398822
5510,12.99,3.0762794307346017,20.677599163201023,7.687599163201023,59.18090194919956
1487,18.99,2.297964348116339,8.953899143397445,10.036100856602554,52.84939892892341
1084,17.0,2.5458190643450807,11.753669885501104,5.246330114498896,30.86076537940527
7123,11.999,2.788924031013227,15.263511350373168,3.2645113503731675,27.206528463815044
5735,99.69,4.296116435208926,72.41413082983853,27.27586917016147,27.360687300793934
2939,12.5,2.5055544811891766,11.250349671421418,1.249650328578582,9.997202628628656
1940,7.5,2.0950295385137947,7.125680987207669,0.3743190127923306,4.990920170564408
5481,17.86,2.8020439166281084,15.478292631028925,2.3817073689710746,13.335427597822367
3268,2.2,1.2878928864744321,2.6251399210585844,0.4251399210585842,19.32454186629928
1703,22.5,3.3441657370999827,27.33692535721131,4.83692535721131,21.49744603205027
6381,19.8,3.13108923767947,21.898908317053465,2.098908317053464,10.600547055825576
3244,1.5,1.1997622231793876,2.3193275697392397,0.8193275697392397,54.621837982615986
4438,1.5,1.1501681595956184,2.1587240347879852,0.6587240347879852,43.91493565253235
5549,17.5,2.774551344690798,15.031432794480711,2.468567205519289,14.10609831725308
4063,8.0,2.1776596532766814,7.825627042561424,0.1743729574385764,2.179661967982205
5269,5.299999,1.9244266455124426,5.851219362198308,0.5512203621983085,10.400386154757927
7091,24.299,3.512858777136249,32.544025737240545,8.245025737240546,33.93154342664532
2718,22.0,2.8960444127041507,17.102397946055675,4.8976020539443255,22.261827517928754
1740,7.8,2.258788494662998,8.571486233021135,0.7714862330211352,9.890849141296606
5023,17.5,2.8049190676409523,15.525738384946518,1.9742616150534822,11.281494943162755
3994,7.0,2.2140041927906893,8.15229065523383,1.1522906552338306,16.46129507476901
101,12.6,2.635285384911998,12.94729224202053,0.3472922420205311,2.7562876350835803
4505,15.0,2.808544754442797,15.58576428830596,0.5857642883059597,3.905095255373065
736,8.2,2.4741845638337,10.872022288616716,2.6720222886167164,32.58563766605752
7111,48.49,3.929776723494337,49.8956126059366,1.4056126059365965,2.8987680056436305
538,25.5,2.8894306055370773,16.983067226945955,8.516932773054045,33.39973636491782
4520,9.0,1.9080852718864365,5.740170840690506,3.2598291593094944,36.220323992327714
5153,8.5,2.128166126469387,7.399449151271359,1.1005508487286413,12.947657043866368
733,10.8,2.699196111650153,13.867774888514994,3.067774888514993,28.40532304180549
5218,4.4,2.0886496734168274,7.074005256063307,2.6740052560633067,60.772846728711514
79,3.7,1.306740696827327,2.6941138325495984,1.0058861674504018,27.18611263379464
5808,17.79,2.7629146876981494,14.845961734413905,2.9440382655860944,16.548837917853255
3113,5.5,1.8995071002044028,5.682599778311587,0.18259977831158736,3.3199959693015884
5278,5.3,1.5347598014686565,3.640210824258874,1.6597891757411256,31.316776900775956
3082,5.9,1.758251505609871,4.802283260035951,1.0977167399640493,18.605368473966934
4939,11.5,2.284464489611125,8.820425875577905,2.6795741244220945,23.300644560192126
132,8.9,2.0289660731182,6.606218018558462,2.2937819814415388,25.772831252152116
737,12.2,2.1147893945096428,7.287840117672118,4.912159882327881,40.26360559285148
1041,9.0,2.3901842492950536,9.915504931863499,0.9155049318634987,10.17227702070554
2095,13.5,2.7009881138255807,13.894441859958162,0.39444185995816206,2.921791555245645
7199,21.99,3.140477907886722,22.114911017742887,0.12491101774288893,0.5680355513546563
6848,42.499,3.36636511914155,27.97302194183028,14.525978058169724,34.17957612689645
1634,9.3,2.7647024244284064,14.874315479196705,5.574315479196704,59.93887612039466
6425,20.34,3.0824076989006794,20.810853195254392,0.4708531952543922,2.3149124643775427
5527,23.9,3.422976501217368,29.660540472305282,5.7605404723052835,24.10267980044052
6243,47.499,3.307707956299333,26.32242944603654,21.17657055396346,44.58319239134184
6607,41.0,3.743079621564254,41.22783587852837,0.22783587852836718,0.5556972647033346
3308,17.2,2.7163161525668515,14.124503131491885,3.0754968685081145,17.8807957471402
4726,5.0,2.1965000631964444,7.993481734314985,2.993481734314985,59.8696346862997
5241,1.8,1.5004961212398342,3.483913083120564,1.683913083120564,93.55072684003133
5112,14.499,2.3612873669890564,9.604594673748457,4.894405326251544,33.756847549841666
2647,7.5,2.1052955725306903,7.209529162336381,0.29047083766361936,3.872944502181592
3139,6.2,1.9914180221788969,6.325914709902463,0.1259147099024629,2.0308824177816596
5239,6.6,2.1007214319672456,7.172063374202734,0.5720633742027346,8.667626881859615
319,9.0,2.166782657297464,7.730150920707684,1.2698490792923156,14.109434214359062
5857,4.845,2.5190755594746554,11.41711247419146,6.572112474191461,135.64731628878147
6898,38.8,3.710004150225192,39.85397607983914,1.0539760798391455,2.7164331954617156
842,7.5,1.8845940678582807,5.583681371629598,1.9163186283704023,25.550915044938698
1894,5.5,1.576473459485309,3.837864766715253,1.6621352332847472,30.220640605177223
177,7.5,2.5307670605499903,11.563139130062014,4.063139130062014,54.175188400826855
5163,3.8,1.2031219480564443,2.3304983520202067,1.469501647979793,38.67109599946824
4671,7.3,1.969611376027343,6.167890332981523,1.1321096670184767,15.508351602992832
3832,22.9,2.711997975713851,14.059333660073841,8.840666339926157,38.60552986867318
3961,3.95,1.6072834834667526,3.989239450744919,0.03923945074491897,0.9934038163270625
1509,4.0,1.2231498394506832,2.3978736517998716,1.6021263482001284,40.05315870500321
6654,19.49,2.7608753073513315,14.813678721336464,4.676321278663535,23.993439090115622
2177,11.4,2.1695935839395424,7.754725256667115,3.6452747433328856,31.976094239762155
3671,1.4,1.120789648416083,2.067275316348397,0.6672753163483969,47.66252259631407
1755,6.9,1.7547932998446927,4.782252425950558,2.1177475740494422,30.69199382680351
2245,4.0,1.8663306655393668,5.4645322956036395,1.4645322956036395,36.61330739009099
3193,4.799,1.8719052435835275,5.500669967957679,0.7016699679576783,14.621170409620301
1038,13.5,2.442279516191243,10.499223555666182,3.000776444333818,22.227973661731983
6559,8.1,1.8727191050157814,5.505962766038374,2.5940372339616253,32.02515103656328
3450,7.29,1.9763630541126425,6.216449364069449,1.073550635930551,14.726346171886842
5444,41.29,3.4806779165175756,31.481734518071,9.808265481928998,23.75457854669169
3433,17.49,2.7032795205692337,13.928610216329918,3.56138978367008,20.36243444065226
3002,15.9,2.799377061453627,15.434405956772,0.46559404322800013,2.928264422817611
2516,1.5,1.1223041499003263,2.0719242288714406,0.5719242288714406,38.1282819247627
3698,5.35,1.7303124150419236,4.642416408857086,0.7075835911429138,13.22586151668998
2045,4.99,1.8989004086913717,5.6785467313400195,0.6885467313400193,13.798531690180745
4239,9.49,1.927292847743873,5.870884511106482,3.6191154888935184,38.136095773377434
4710,4.99,1.9083177151050248,5.7417377297938685,0.7517377297938683,15.064884364606579
1728,31.5,3.3899113173134587,28.663321530674967,2.836678469325033,9.005328474047724
3319,9.19,2.493193726624678,11.099858116497852,1.909858116497853,20.78191639279492
5372,2.899,1.6839249388550672,4.386656832939802,1.4876568329398019,51.31620672438088
2771,27.5,3.002965229638476,19.145183541833728,8.354816458166272,30.38115075696826
4552,1.5,1.2494827298862414,2.4885379742353644,0.9885379742353644,65.90253161569096
3379,5.0,2.3938181896310735,9.955243385377402,4.955243385377402,99.10486770754805
3857,6.7,2.103647174071196,7.196007734524123,0.49600773452412295,7.403100515285417
5435,23.49,3.4399479340375003,30.185334431586067,6.695334431586069,28.50291371471294
4104,3.2,1.4681135423729157,3.341038227255064,0.14103822725506365,4.407444601720739
6784,28.799,2.8984084114810624,17.145242615078818,11.653757384921182,40.46584042821342
2412,21.49,2.638222542472358,12.988317856729305,8.501682143270694,39.56110815854208
6248,27.89,3.5811448322090964,34.91463354971544,7.024633549715439,25.186925599553383
3045,11.5,2.3477487620953803,9.461990763595583,2.0380092364044167,17.721819446994928
1918,14.9,2.5953129110973086,12.400779958180111,2.499220041819889,16.77328887127442
3824,4.0,1.9861161312154678,6.28717629307908,2.2871762930790798,57.17940732697699
1550,13.5,2.6413404967102068,13.032000857079911,0.46799914292008893,3.466660317926585
1934,7.9,2.1132047664390923,7.274717373657669,0.6252826263423312,7.914969953700394
7148,19.199,2.8883107753012682,16.962940515885705,2.2360594841142962,11.646749747978
3370,8.99,2.176423242863359,7.814721688517812,1.175278311482188,13.073173653861936
2481,10.7,2.46986709205413,10.820875658934462,0.1208756589344624,1.1296790554622653
6017,21.999,2.844212397443739,16.18801601116212,5.810983988837879,26.414764256729306
5643,21.1,2.9363598920460063,17.84711575884653,3.2528842411534704,15.416512991248673
3889,2.9,1.8839224376821384,5.579261057124772,2.6792610571247724,92.38831231464732
3664,26.0,3.0644936680018255,20.423611780349127,5.576388219650873,21.447646998657206
1600,14.8,2.7647024244284064,14.874315479196705,0.074315479196704,0.502131616193946
2275,23.49,2.7966506854410946,15.389660610626922,8.100339389373076,34.484203445606965
4024,8.2,2.0205153541425855,6.542210841868082,1.6577891581319175,20.216940952828264
2312,8.0,2.184497323903383,7.886180559931002,0.11381944006899758,1.4227430008624697
3935,6.9,1.9108949852897004,5.759135419080623,1.1408645809193771,16.534269288686623
4352,1.0,1.5243745586996993,3.5922704753071137,2.5922704753071137,259.2270475307114
1672,1.3,1.8482783724534602,5.348879701971112,4.048879701971112,311.45228476700856
3792,15.9,2.8592363385675545,16.448197332207098,0.5481973322070974,3.4477819635666505
1034,4.6,1.8663306655393668,5.4645322956036395,0.8645322956036399,18.79418033920956
3439,10.5,2.3869157086361334,9.879885403830215,0.6201145961697847,5.905853296855092
3221,8.9,2.4617884925135147,10.725764239079824,1.8257642390798239,20.514204933481167
2955,5.5,1.758369186002968,4.802966115189395,0.6970338848106046,12.67334336019281
4490,2.0,0.9924824633726435,1.697923662753904,0.30207633724609595,15.103816862304797
7244,46.49,3.676327271354257,38.5010506921375,7.988949307862505,17.184231679635413
6285,16.09,3.104092768599471,21.288988529535576,5.198988529535576,32.311923738567906
2268,16.49,2.9228160088495603,17.593573473702836,1.1035734737028378,6.6923800709693015
1699,2.6,1.2787835554342513,2.592267272682607,0.007732727317393273,0.2974125891305105
3519,10.5,2.282494465605589,8.801098444860477,1.698901555139523,16.1800148108526
87,8.5,2.362575845775557,9.618267275562134,1.1182672755621343,13.15608559484864
7113,22.59,3.0886185023543486,20.946737656646786,1.6432623433532143,7.274291028566686
676,5.3,1.8833703477863293,5.57562971607883,0.27562971607883036,5.200560680732648
4407,24.99,2.74473701981647,14.560521285322212,10.429478714677787,41.73460870219203
3317,4.9,1.8719052435835275,5.500669967957679,0.6006699679576784,12.258570774646497
6902,67.0,4.227973774643145,67.57813654269945,0.578136542699454,0.862890362237991
2569,4.1,1.8487571095854842,5.351919874094776,1.2519198740947761,30.53463107548235
393,2.999,1.4601259529525377,3.3065019108179285,0.30750191081792844,10.253481521104648
1149,5.6,1.6980034341844057,4.463029198561047,1.1369708014389523,20.30305002569558
1168,5.9,1.9046254240479819,5.716891170457423,0.18310882954257757,3.1035394837725008
2208,3.4,1.50631760644981,3.5100922436811794,0.11009224368117954,3.238007167093516
230,18.5,2.8926575222649467,17.04119081695473,1.4588091830452683,7.885455043487936
2802,4.999999,1.8719052435835275,5.500669967957679,0.5006709679576788,10.01342136183785
1543,4.4,1.7171644127327,4.568715476617541,0.16871547661754072,3.834442650398652
2345,28.5,3.227555097829446,24.217926176390435,4.282073823609565,15.024820433717773
3599,6.0,1.9760334887499793,6.214071464175882,0.2140714641758823,3.567857736264705
2892,2.2,1.4468731209257766,3.2498050909246627,1.0498050909246626,47.718413223848295
4691,25.9,3.2868748682093023,25.75910711261918,0.14089288738081862,0.5439879821653228
2942,16.0,3.1162392417181395,21.56137203011127,5.561372030111269,34.75857518819543
5121,24.49,2.9025870648331233,17.22122393319106,7.26877606680894,29.680588267900937
7189,54.99,3.9246767586272684,49.63670753431176,5.3532924656882415,9.735029033802949
970,3.2,1.2156366369254,2.372440401118546,0.8275595988814541,25.861237465045438
3718,5.6,1.8045485535898957,5.077227286703974,0.5227727132960256,9.335227023143315
5329,7.0,2.0159803962241156,6.508084671946341,0.49191532805365856,7.027361829337979
169,10.5,2.689857309595223,13.729574001607833,3.2295740016078334,30.75784763436032
1056,9.0,1.8685657595729854,5.4789972924599315,3.5210027075400685,39.12225230600076
5968,24.1145,2.955554357002165,18.212370280278698,5.902129719721302,24.47543892563106
251,3.7,1.8272151950283382,5.21655064987042,1.5165506498704202,40.987855401903246
5889,51.0,3.264957585878136,25.179000607953107,25.820999392046893,50.629410572640964
2705,10.5,1.9649785456481221,6.134759516875164,4.365240483124836,41.5737188869032
1729,4.3,1.7705019352908984,4.873800889544688,0.573800889544688,13.344206733597396
2533,8.6,1.874504366635558,5.517587985605818,3.0824120143941816,35.8420001673742
95,7.5,1.326532065635397,2.7679536875,4.7320463125,63.093950833333324
5646,17.5,3.2612600504803866,25.082381562776717,7.5823815627767175,43.32789464443839
5174,23.49,2.4794479195514607,10.934673698704163,12.555326301295835,53.44966496933093
3692,2.8,1.7743129690165098,4.896228852548708,2.096228852548708,74.86531616245387
1172,6.69,1.982719049548322,6.262463160120186,0.4275368398798145,6.390685199997227
1383,11.9,2.6616400559063376,13.319755049528382,1.4197550495283817,11.930714701919173
5263,7.2,2.3054114542567667,9.02830359187354,1.8283035918735395,25.393105442688046
711,13.7,2.7647024244284064,14.874315479196705,1.1743154791967054,8.571645833552594
2354,7.9,2.213085868561438,8.143889742943017,0.24388974294301669,3.0872119359875527
2215,7.0,2.1147893945096428,7.287840117672118,0.28784011767211837,4.112001681030263
3779,7.49,2.1747599436110074,7.800072355013706,0.31007235501370545,4.139817823948003
5242,5.5,2.5121997359280206,11.332027449880117,5.832027449880117,106.03686272509304
69,5.5,1.9416152664438848,5.970000290450028,0.4700002904500282,8.54545982636415
263,6.5,2.313679676037183,9.111563561672382,2.611563561672382,40.17790094880587
408,16.0,2.2976226392264705,8.950498388638447,7.049501611361553,44.05938507100971
7137,54.99,3.9342902764214984,50.12585185483929,4.864148145160712,8.84551399374561
6024,24.39,3.098997223956056,21.175702864626015,3.214297135373986,13.178750042533768
3217,1.79,1.800929293795591,5.05527197727482,3.2652719772748195,182.41742889803461
5196,11.6,2.657966851976114,13.26725215495258,1.66725215495258,14.372863404763622
37,13.8,2.638222542472358,12.988317856729305,0.811682143270696,5.881754661381855
3504,6.99,1.963767789312711,6.126126289010781,0.8638737109892194,12.358708311719877
1862,31.0,3.003454879787564,19.155050049329702,11.844949950670298,38.20951596990418
4602,13.3,2.6413404967102068,13.032000857079911,0.26799914292008964,2.0150311497751097
6222,20.66,2.978680284065696,18.6618514565295,1.9981485434704993,9.671580558908516
6474,9.29,2.4367196325502434,10.435466615558408,1.1454666155584086,12.330103504396218
2333,28.5,3.5076438240386203,32.369550551684775,3.8695505516847746,13.577370356788682
1575,6.8,2.2910919069273854,8.885726082928178,2.0857260829281783,30.672442396002626
6763,35.89,3.5794427600311947,34.853556244906876,1.0364437550931243,2.887834369164459
5733,20.0,3.5092059507632247,32.42171875445288,12.421718754452883,62.108593772264406
3295,11.0,2.4724020985584225,10.850879669729764,0.14912033027023597,1.3556393660930544
3985,19.5,2.771701802918038,14.985815581999125,4.514184418000875,23.149663682055767
5958,89.09,4.6248511597826045,100.9875920975777,11.8975920975777,13.354576380713548
3641,13.8,2.4571378413580005,10.671358409399321,3.1286415906006795,22.671315873917965
1163,5.39,1.8719052435835275,5.500669967957679,0.11066996795767903,2.0532461587695554
3781,8.5,2.3636125057756177,9.6292805160233,1.1292805160233002,13.285653129685885
1554,23.99,3.127138487617792,21.808618926454816,2.1813810735451824,9.092876504982003
19,10.0,1.785720467331113,4.963875177342542,5.036124822657458,50.361248226574574
3257,7.1,2.583573089897972,12.244377064868138,5.144377064868138,72.45601499814279
3279,6.699999,2.166782657297464,7.730150920707684,1.0301519207076844,15.375404096443662
982,1.7,1.2600639833064842,2.525647062705345,0.8256470627053452,48.56747427678501
6602,12.15,2.5859371516639804,12.275724629491709,0.12572462949170848,1.0347706131004812
239,4.8,1.7922373738807316,5.002868113203793,0.2028681132037935,4.226419025079031
7053,20.99,3.2399769204291218,24.5331324468111,3.5431324468111,16.880097412153887
2509,22.05,2.9667093725820823,18.427884366803408,3.622115633196593,16.426828268465275
3800,7.3,1.676749056063874,4.34814117207894,2.9518588279210602,40.4364223002885
6775,25.99,3.464373609732517,30.956436301848562,4.966436301848564,19.109027710075274
1322,2.5,1.46970487931541,3.347951781192804,0.8479517811928039,33.918071247712156
3842,10.9,2.6995850449002528,13.873558585187203,2.9735585851872024,27.280353992543137
3166,10.9,2.212921086329366,8.142383116517399,2.7576168834826014,25.299237463143132
4381,12.0,2.504770811458657,11.240753203917325,0.7592467960826745,6.327056634022288
5635,15.999,3.2064918782955996,23.69231047333136,7.69331047333136,48.08619584556135
5514,28.49,3.249337338204887,24.77325530553186,3.71674469446814,13.045786923370095
1965,4.5,1.7855054233205125,4.962592819592305,0.462592819592305,10.279840435384555
2486,4.686,2.3178923458098377,9.154250088835926,4.4682500888359264,95.35318157993868
4706,3.0,1.7150114737170912,4.556739268449975,1.5567392684499746,51.89130894833248
2676,6.2,1.810032637901835,5.11064686766863,1.0893531323313699,17.570211811796288
1726,6.799999,2.2819956184577967,8.796210414147481,1.9962114141474814,29.35605452511804
332,4.0,1.545323077936568,3.6894864519120345,0.3105135480879655,7.762838702199137
4728,4.99,1.8719052435835275,5.500669967957679,0.5106699679576785,10.23386709334025
3544,4.75,2.261705503522196,8.599447104386844,3.8494471043868437,81.04099167130198
6459,13.19,2.4312503964983123,10.373094069838503,2.8169059301614965,21.356375512975713
1562,25.0,3.3604475728497305,27.802079023422497,2.802079023422497,11.208316093689987
3989,4.5,1.7602692963979538,4.814002873635732,0.3140028736357321,6.977841636349602
1320,29.5,3.4725198186654893,31.2178233198629,1.7178233198629016,5.823129897840344
6674,35.99,3.657774630348684,37.77495817289038,1.7849581728903772,4.959594812143309
2036,10.799,2.564880292437621,11.999102185693234,1.2001021856932343,11.113086264406283
3774,5.5,1.7429358663344756,4.714094639056689,0.7859053609433113,14.289188380787479
3121,8.2,2.195689768280397,7.986197313451264,0.21380268654873547,2.6073498359601888
2650,3.6,1.8620791650742712,5.437106674872317,1.837106674872317,51.03074096867547
4595,3.95,1.545550181778687,3.690551573244824,0.259448426755176,6.56831460139686
2471,3.55,1.3251155516190587,2.762620106726529,0.7873798932734708,22.17971530347805
4397,10.8,2.0538697714716236,6.798019346169676,4.001980653830325,37.05537642435486
6418,5.8,2.022792700617232,6.559406642105485,0.7594066421054855,13.093217967335956
1888,13.8,2.9035210044466995,17.238249405173942,3.4382494051739414,24.91485076213001
5537,25.99,3.0223533089433685,19.539570809742422,6.4504291902575766,24.818888765900642
7214,57.99,3.944743065667901,50.66306239225601,7.326937607743993,12.634829466708041
2519,29.5,3.41868924536685,29.529372267524085,0.02937226752408506,0.09956700855622055
1142,13.89,2.6950704174312374,13.806561356594763,0.08343864340523766,0.6007101757036548
308,11.3,2.05241677529562,6.786697081474905,4.5133029185250955,39.940733792257475
5255,1.99,1.207021800805345,2.3435121646562758,0.3535121646562758,17.764430384737476
381,4.5,2.1444013054895548,7.5369286946756375,3.0369286946756375,67.48730432612527
4118,7.5,2.0630879541996325,6.8702352517484515,0.6297647482515485,8.396863310020647
3617,7.2,1.927292847743873,5.870884511106482,1.3291154888935184,18.45993734574331
1400,9.8,2.00948903003369,6.459504790439656,3.340495209560345,34.08668581184025
7075,23.5,3.1085842668314445,21.389324643168997,2.1106753568310026,8.981597263110649
6806,14.4,2.8114953199722708,15.634773940233977,1.2347739402339766,8.574819029402615
2465,4.3,1.3322671833584907,2.789625431071853,1.510374568928147,35.124989975073184
994,10.5,2.5080607767427043,11.281091175888099,0.7810911758880987,7.438963579886655
683,4.7,1.959007973694767,6.092287838085041,1.392287838085041,29.623145491171083
3428,7.9,2.1968114865732504,7.9962829509254565,0.09628295092545613,1.2187715307019764
2906,11.9,2.4665877149311544,10.782174043006068,1.1178259569939328,9.393495436923804
2984,12.8,2.3584106564522456,9.574132161434568,3.225867838565433,25.202092488792445
457,2.7,1.631961554648594,4.113896073220885,1.4138960732208847,52.36652123040314
4028,4.8,1.661138070813906,4.265299719855977,0.5347002801440226,11.139589169667138
3622,3.8,1.983104213996787,6.265260941506125,2.4652609415061253,64.87528793437171
756,2.95,1.5357161502462602,3.6446506068604227,0.6946506068604226,23.547478198658393
5845,21.99,3.2801284677799734,25.579187049706064,3.589187049706066,16.321905637590113
4100,1.5,1.1729118033714405,2.2313881198147913,0.7313881198147913,48.75920798765276
1046,11.89,2.207846819389893,8.096109725179122,3.7938902748208783,31.9082445317147
1024,4.49,1.177433251723471,2.246031754575779,2.243968245424221,49.97702105621873
2344,13.4,2.650345514504876,13.158929915984169,0.2410700840158313,1.7990304777300843
2997,3.2,2.224986183461509,8.253354953688783,5.053354953688783,157.91734230277444
4591,3.55,1.6622021387521029,4.270905338323406,0.7209053383234059,20.307192628828336
4974,26.9,2.9140746781151883,17.43174920857286,9.468250791427138,35.197958332442894
1515,28.2,3.4109817023213145,29.2949703086231,1.0949703086231004,3.88287343483369
5186,24.19,3.018739468081577,19.46547802986094,4.724521970139062,19.530888673580247
1737,4.3,1.9191421405159677,5.815109554509882,1.5151095545098823,35.23510591883448
6156,22.85,3.2085601456154995,23.74343362208085,0.893433622080849,3.909993969719251
1869,5.6,1.9766936917148992,6.218835788083009,0.6188357880830093,11.050639072910881
6526,22.99,3.1205176088961704,21.658104644965594,1.3318953550344048,5.793368225465006
1042,3.5,0.879716667040368,1.4102167158294563,2.0897832841705437,59.70809383344411
3442,6.5,1.8174675669321427,5.156248405493785,1.343751594506215,20.67310145394177
50,7.5,2.1729514901888884,7.784172215712507,0.2841722157125073,3.788962876166764
786,6.5,1.893412793929574,5.6419978146164365,0.8580021853835635,13.200033621285593
245,18.5,2.9449269865855947,18.009274403768796,0.49072559623120426,2.652570790438942
5303,4.25,2.2755729861646263,8.733494572771573,4.483494572771573,105.49398994756642
3076,14.0,2.486598641478973,11.020321086998853,2.9796789130011465,21.283420807151046
5462,37.19,3.271166623859039,25.342052691486,11.847947308513998,31.857884669303573
7234,54.95,3.754122223729844,41.69672518483287,13.253274815167131,24.11878947255165
625,7.5,2.3346679825601813,9.326030937803074,1.8260309378030737,24.34707917070765
6414,26.59,2.898236986223624,17.142132328790677,9.447867671209323,35.53165728171991
2272,5.7,1.710122352017039,4.529637998598931,1.1703620014010694,20.53266669124683
4812,12.99,2.632258060270639,12.905133107427494,0.08486689257250646,0.6533248081024362
7182,57.28,3.4367959592545794,30.08719379352074,27.19280620647926,47.47347452248474
4894,6.9,2.0159803962241156,6.508084671946341,0.3919153280536589,5.679932290632737
6403,5.3,1.964618438952575,6.1321907047529995,0.8321907047529997,15.701711410433958
1025,12.5,2.3178923458098377,9.154250088835926,3.3457499111640736,26.765999289312585
5457,53.99,3.6860216699300903,38.88585181577059,15.104148184229409,27.97582549403484
2926,7.5,2.322875287670176,9.204974399854503,1.7049743998545033,22.732991998060044
321,31.8,3.512144213117345,32.52006494517898,0.7200649451789793,2.264355173518803
3326,17.0,3.1459243340987477,22.241148133513345,5.241148133513345,30.830283138313796
3105,11.9,2.68037216908379,13.5905224269044,1.6905224269043995,14.206070814322686
1893,4.5,1.4295921687188469,3.1769953351449134,1.3230046648550866,29.40010366344637
4920,6.8,1.917165547842258,5.801652163165889,0.9983478368341112,14.681585835795754
2138,11.49,2.3817861618488823,9.824219415315673,1.6657805846843274,14.497655219184747
5476,40.49,3.148914165996863,22.31073924056747,18.17926075943253,44.89814956639301
3475,1.55,1.1500822395961865,2.1584526488796163,0.6084526488796163,39.25500960513653
4098,11.0,2.5990686021718066,12.451203776733113,1.451203776733113,13.192761606664662
7001,45.499,3.593779703336568,35.37128913340718,10.127710866592821,22.259194414366952
5321,14.799,3.024709882883336,19.588030904522334,4.789030904522335,32.360503442951114
5339,2.7,1.3039355846123073,2.6837659489868573,0.016234051013142903,0.6012611486349223
4296,24.5,3.112097067308833,21.46811217488514,3.031887825114861,12.375052347407596
3767,5.9,1.8845940678582807,5.583681371629598,0.3163186283704027,5.361332684244113
2126,16.3,3.05269087166405,20.172239619029398,3.872239619029397,23.756071282388938
4279,5.9,1.544452621049365,3.6854062322178196,2.2145937677821808,37.535487589528486
233,3.8,1.8685657595729854,5.4789972924599315,1.6789972924599317,44.184139275261366
65,15.0,2.556513729772729,11.89079808097632,3.109201919023681,20.728012793491203
5856,20.709,3.3921597783368704,28.73009339179436,8.02109339179436,38.73240326328823
1595,14.5,2.73279822076836,14.375851907390722,0.1241480926092784,0.8561937421329544
5133,9.8,2.771701802918038,14.985815581999125,5.185815581999124,52.91648553060331
2656,20.9,3.1224062274933915,21.700937597599648,0.8009375975996491,3.8322373090892308
3218,32.99,3.5840174746734976,35.01795177825996,2.027951778259961,6.147171198120525
509,5.0,1.7750140364621967,4.900363955973382,0.09963604402661819,1.9927208805323635
6253,15.5,2.9846992040256546,18.78055143118525,3.2805514311852484,21.164847943130635
6481,18.99,3.3232212889791475,26.74959620676888,7.759596206768883,40.861486080931456
576,26.7,2.6526183742724734,13.191147777613688,13.508852222386311,50.59495214376896
217,4.999999,1.6780395689698464,4.355047472660993,0.644951527339007,12.899033126586765
5697,15.59,3.1052867372743918,21.315616777118905,5.725616777118905,36.7262140931296
7082,11.9,2.6676890316982154,13.406637410899515,1.5066374108995149,12.66081857898752
3757,4.0,1.7074419767530717,4.514836339550949,0.514836339550949,12.870908488773726
3954,9.2,2.6425508259670543,13.048994480114422,3.8489944801144222,41.836896522982855
6731,24.5,3.290672755898847,25.86092842667422,1.3609284266742208,5.554809904792738
6889,39.9,3.1367267826630036,22.02836651309759,17.871633486902407,44.791061370682726
2115,10.5,2.0007805332379145,6.394825754223622,4.105174245776378,39.09689757882265
3467,2.0,1.5003587468438075,3.4832971505765835,1.4832971505765835,74.16485752882917
4871,17.5,2.991710726658259,18.91973057389806,1.419730573898061,8.112746136560348
6130,20.5,3.5443123231178624,33.61587262011413,13.115872620114132,63.97986643958114
3478,9.0,2.3178923458098377,9.154250088835926,0.1542500888359264,1.7138898759547376
4487,4.499999,2.074973918813246,6.964338736919993,2.4643397369199933,54.7631174344704
3933,29.99,3.2936555206540308,25.941167865471748,4.048832134528251,13.500607317533348
3347,7.6,1.9861161312154678,6.28717629307908,1.3128237069209199,17.273996143696316
1261,6.5,1.867708394513622,5.473444807155236,1.0265551928447643,15.793156812996372
4382,9.5,2.247993590337579,8.468718636028967,1.0312813639710328,10.85559330495824
3163,9.65,2.452854349054207,10.621471157586303,0.9714711575863024,10.06705862783733
1412,4.0,1.4885745367425858,3.4307751081986027,0.5692248918013973,14.230622295034934
1281,14.0,1.8048078496034494,5.078803291829969,8.921196708170031,63.72283362978594
4588,6.0,2.168188356994514,7.742431520607708,1.742431520607708,29.0405253434618
2917,6.2,1.8753284465667304,5.522961212744647,0.6770387872553529,10.919980439602467
1565,13.6,2.809932469780488,15.608796585235819,2.008796585235819,14.770563126733965
6580,22.562,2.7741967577950475,15.025749266203558,7.536250733796443,33.40240552165784
4002,7.6,1.9805446180913568,6.246688588347692,1.3533114116523075,17.80672910068826
6500,7.899,2.6417532345951735,13.037793590793612,5.138793590793612,65.05625510562871
6365,25.4,3.309415381116729,26.369120289353422,0.9691202893534232,3.8154342100528473
6900,21.699,3.0039076728723106,19.16417818303671,2.534821816963291,11.681744859040927
3007,5.0,2.162006207301038,7.688551219908618,2.688551219908618,53.771024398172365
1315,9.2,2.453859097640261,10.633153682317047,1.433153682317048,15.577757416489654
3885,2.3,1.5766847367061114,3.8388870053218467,1.5388870053218469,66.90813066616727
3745,12.4,2.46986709205413,10.820875658934462,1.5791243410655387,12.734873718270473
6498,18.006229,3.6690395730968257,38.21422537148943,20.207996371489426,112.22780945132611
1702,40.99,3.5227598050069577,32.87779567707143,8.11220432292857,19.79069120011849
1839,6.2,2.1057686032500205,7.213413440440407,1.0134134404404067,16.34537807161946
503,10.5,1.8738780123397225,5.513506944594755,4.986493055405245,47.49041005147853
7023,38.9,3.7301744205292127,40.68637849016101,1.7863784901610131,4.592232622521885
5818,9.79,2.391050558851265,9.924965235280817,0.13496523528081816,1.3786030161472744
4694,11.0,1.5602616405326106,3.7600665085616196,7.23993349143838,65.81757719489437
1721,36.0,3.8075334679125854,44.03921108992428,8.03921108992428,22.331141916456332
7187,50.999,4.446910348371041,84.36279484974047,33.363794849740465,65.42048834239978
4618,14.99,2.6950704174312374,13.806561356594763,1.1834386434052373,7.894854192163024
1803,18.8,2.9140746781151883,17.43174920857286,1.3682507914271405,7.2779297416337245
1385,4.2,1.8331574095134708,5.253600697836056,1.053600697836056,25.085730900858472
1373,1.2,1.1531333308869238,2.1681040924793407,0.9681040924793407,80.67534103994505
5834,26.9,3.439401674690655,30.16830380316179,3.2683038031617926,12.14982826454198
5654,44.99,4.0099092379572046,54.14186554797385,9.151865547973848,20.3419994398174
5670,16.0,2.9018370300391343,17.20756250516572,1.2075625051657184,7.54726565728574
856,6.9,2.0163079752979205,6.510544566252178,0.38945543374782243,5.644281648519165
2458,13.899999,2.1147893945096428,7.287840117672118,6.612158882327881,47.569491784336684
2726,7.8,2.5821498667113443,12.225540767643967,4.425540767643967,56.73770214928163
5886,37.99,3.5099159552023247,32.4454567491745,5.544543250825505,14.594744013754948
4252,24.79,3.1224062274933915,21.700937597599648,3.0890624024003515,12.460921348932438
3269,8.1,1.9185095334711602,5.810799631582101,2.289200368417899,28.26173294343085
2505,6.0,2.08789792553465,7.067937920550419,1.0679379205504187,17.79896534250698
318,1.7,1.113065916723601,2.0436757604181857,0.3436757604181857,20.216221201069747
6053,30.49,3.5448519265673513,33.634556504878,3.1445565048780004,10.31340277100033
176,4.7,1.867708394513622,5.473444807155236,0.7734448071552356,16.456272492664585
5683,80.49,4.1574872108987435,62.91072648421716,17.579273515782837,21.8403199351259
4967,2.0,1.350327574711265,2.8586893327349117,0.8586893327349117,42.93446663674558
3100,2.6,1.9154735293957788,5.790153373065107,3.190153373065107,122.69820665635025
2840,1.85,1.352399543428377,2.8666927048264523,1.0166927048264522,54.95636242305147
6504,14.2,2.985862989095665,18.803585142162174,4.603585142162174,32.41961367719841
3043,2.7,1.3343838077658412,2.7976551396947795,0.09765513969477935,3.616857025732568
3169,12.5,2.1793072601439922,7.840180191927315,4.659819808072685,37.27855846458148
468,4.6,1.9269849918196682,5.868769594166768,1.268769594166768,27.58194769927757
472,28.5,3.0535596484033674,20.19064156076169,8.30935843923831,29.15564364645021
91,7.9,1.728030759790541,4.6295570357342095,3.270442964265791,41.39801220589609
4304,2.7,1.7046955709180462,4.499711140323628,1.7997111403236277,66.65596816013435
4149,5.8,1.9772159326496213,6.222606744220705,0.42260674422070554,7.286323176219062
1047,5.6,2.0100588181689076,6.463756338889754,0.863756338889754,15.424220337317038
6571,129.29,4.699318275138365,108.87224427429918,20.417755725700815,15.792215736484504
6768,9.49,2.3877307476384564,9.888756549448894,0.39875654944889405,4.201860373539453
435,5.5,2.1802466773085616,7.848488710909145,2.3484887109091446,42.69979474380263
6016,151.89,5.018644427356717,150.20619382488607,1.683806175113915,1.1085694746947892
1335,20.49,2.816646276890629,15.720680003421226,4.769319996578773,23.276329900335643
1352,8.9,2.205917471391835,8.078577082813558,0.8214229171864424,9.229470979622949
4074,2.55,1.6934517064447427,4.438219483384184,1.8882194833841845,74.04782287781117
4868,5.9,1.9685715488369462,6.16044083947968,0.26044083947967955,4.414251516604738
6046,25.09,3.1746662614754406,22.91883589916802,2.17116410083198,8.653503789685054
5546,18.99,3.103347871862017,21.272391716921987,2.282391716921989,12.018913727867242
4207,8.8,2.2009949643568643,8.033997534842634,0.7660024651573671,8.704573467697353
3758,11.5,2.776265785422164,15.058941309967437,3.5589413099674374,30.94731573884728
106,7.7,1.916839796607609,5.799436877411708,1.9005631225882924,24.68263795569211
5694,19.0,3.2446063348505394,24.651609927467565,5.651609927467565,29.74531540772403
5676,26.99,3.3004336442207616,26.124398709433365,0.8656012905666337,3.2071185274791913
4791,4.1,1.7377748117704748,4.684679855783555,0.5846798557835555,14.260484287403793
5900,27.9,2.8310690941417382,15.963586804900853,11.936413195099146,42.782842993186904
5313,12.9,2.6012948043928756,12.481182233128994,0.41881776687100647,3.246649355589197
3333,10.99,2.4705686581239577,10.8291716939805,0.16082830601949993,1.4634058782484072
4086,15.0,2.7009881138255807,13.894441859958162,1.105558140041838,7.37038760027892
1617,12.99,2.5476873720231845,11.777519937552343,1.212480062447657,9.333949672422301
2252,4.0,1.194037218625193,2.30037869723147,1.6996213027685299,42.490532569213244
4860,7.8,2.4269915421292043,10.324760713886183,2.5247607138861836,32.36872710110492
5584,9.299,2.668673291089859,13.420824259697469,4.121824259697469,44.3254571426763
3494,15.9,2.823293729144244,15.83220017724743,0.0677998227525709,0.42641397957591765
1498,6.666,1.8695057152320427,5.485090125677933,1.180909874322067,17.715419656796684
996,6.5,2.207846819389893,8.096109725179122,1.5961097251791223,24.55553423352496
5912,15.3205,2.55569586241532,11.880259428212428,3.4402405717875713,22.45514553563899
6638,87.999,4.506244216422143,89.58097630313877,1.5819763031387737,1.7977207731210285
41,18.0,2.8418980754295626,16.148283402087674,1.8517165979123256,10.287314432846253
5253,17.2,3.0599452134728535,20.3263887312449,3.1263887312449015,18.176678670028497
5689,13.69,2.6730287134293436,13.483770018007728,0.20622998199227105,1.506427918132002
3282,3.7,2.125773179189955,7.3793737415542715,3.6793737415542713,99.44253355552084
1539,7.3,1.562287791636674,3.769720899898352,3.530279100101648,48.359987672625316
1805,8.9,2.2773896413554255,8.75119304735725,0.1488069526427509,1.6719882319410213
1144,2.9,2.2875320514674473,8.850596891476501,5.950596891476501,205.19299625781036
6198,34.79,3.561992986318615,34.23334679636367,0.5566532036363299,1.6000379523895654
2615,6.5,2.016396742396281,6.511211285091344,0.011211285091343726,0.1724813090975958
2114,14.99,2.79273039195258,15.32553411033528,0.3355341103352796,2.2383863264528325
5792,10.89,2.4157369309248495,10.198019484516212,0.6919805154837881,6.354274706003564
4546,11.0,2.608041294239776,12.57244038214165,1.5724403821416502,14.294912564924092
3172,1.0,1.7043235864772828,4.497665713807739,3.4976657138077387,349.7665713807739
167,9.2,2.8803834434055524,16.82110525496104,7.621105254961041,82.83810059740262
2337,11.3,2.497398472460211,11.150842056662942,0.1491579433370589,1.319981799442999
6928,39.18,3.3483705676601163,27.45632818533779,11.723671814662211,29.92259268673357
3964,5.4,1.326462370786119,2.767691089686627,2.632308910313373,48.746461302099505
2445,25.0,3.27939932755202,25.55981415883715,0.559814158837149,2.239256635348596
7257,17.99,3.152834632135861,22.40230758244282,4.412307582442821,24.526445705629914
3341,1.9,1.5205998847536462,3.5749688261758976,1.6749688261758977,88.15625400925778
4103,1.3,1.3795774454166883,2.9732223694079236,1.6732223694079236,128.70941303137872
3017,18.5,2.68037216908379,13.5905224269044,4.9094775730956,26.537716611327568
6151,13.09,2.7049128031430634,13.953012777962368,0.8630127779623677,6.59291656197378
4958,8.99,2.4375970885656697,10.445505138066336,1.4555051380663357,16.19026849906936
6935,25.4,3.6990823944112083,39.41020671064327,14.010206710643274,55.15829413639085
789,3.6,1.9918631159584521,6.3291761547399545,2.7291761547399545,75.81044874277652
4617,19.2,2.7111170893182446,14.046073938937186,5.153926061062814,26.843364901368822
1097,3.5,1.505051219641476,3.5043843373308956,0.004384337330895605,0.12526678088273155
3206,15.3,2.6009240707613923,12.476185231818473,2.8238147681815278,18.45630567438907
6535,19.99,3.252361696426728,24.851320851703175,4.8613208517031765,24.31876364033605
6251,31.49,3.194871409260053,23.40703497180731,8.082965028192689,25.668355122872942
544,4.0,1.8810432223100313,5.560345192044272,1.560345192044272,39.0086298011068
6770,19.299,2.9112327172756993,17.3794412628919,1.919558737108101,9.946415550588638
5924,14.25,2.8506799542989185,16.299540739452773,2.049540739452773,14.382742031247531
4838,2.4,1.5756232151248433,3.8337531476688076,1.4337531476688077,59.73971448620033
6194,19.59,2.80729561990292,15.565059371568719,4.024940628431281,20.545893968510878
6068,7.39,2.1608273628472547,7.678314804247972,0.28831480424797196,3.9014181900943434
4229,16.7,2.7900931825233513,15.282536978982392,1.417463021017607,8.487802521063514
877,9.5,1.733213574797008,4.658809728585441,4.841190271414559,50.95989759383747
3908,9.7,2.0578089284746186,6.828797548974527,2.8712024510254723,29.600025268303842
3914,12.8,2.2744373933227244,8.722447559649714,4.077552440350287,31.855878440236612
5397,10.9,2.265275724523745,8.633780504486074,2.2662194955139263,20.79100454599932
1078,8.2,1.8995071002044028,5.682599778311587,2.517400221688412,30.70000270351722
5983,42.7,4.209215047292699,66.30368885730113,23.603688857301123,55.27795985316422
4990,10.5,2.180977721572174,7.854959712829121,2.645040287170879,25.190859877817896
511,13.0,2.3257348105579445,9.234197519897483,3.7658024801025167,28.967711385403977
2375,4.4,1.5147410236563497,3.5482430869453063,0.851756913054694,19.358111660333954
2877,15.6,2.9140746781151883,17.43174920857286,1.8317492085728606,11.741982106236286
2069,1.5,1.2712044502438393,2.5651440159949157,1.0651440159949157,71.0096010663277
4851,3.5,1.318082810788266,2.736251405473854,0.7637485945261462,21.821388415032747
3262,11.0,2.1904274705783524,7.939033471903569,3.060966528096431,27.826968437240286
4934,10.89,2.8761601711083506,16.74600058020911,5.856000580209109,53.77411001110293
1302,8.9,2.588406392752999,12.30854609961821,3.40854609961821,38.29827078222708
6045,47.89,3.923981277556593,49.60150290623557,1.711502906235566,3.573821061256141
4394,2.5,1.5516169429125917,3.7190945233110577,1.2190945233110577,48.76378093244231
3689,16.3,2.81107441712541,15.627773789820608,0.6722262101793923,4.124087179014676
3159,8.5,2.160384510454408,7.674472442633348,0.8255275573666516,9.7120889101959
858,7.99,2.3112662573412854,9.087189549307169,1.0971895493071688,13.732034409351298
4678,19.9,2.877109323103577,16.762852228189637,3.137147771810362,15.764561667388755
7140,24.85,3.4137105046399006,29.377752190169268,4.5277521901692666,18.220330745147955
7028,12.5,3.0290897229063134,19.678400944968285,7.178400944968285,57.42720755974627
7112,25.99,3.555775046027344,34.01494764980813,8.02494764980813,30.877059060439134
4357,9.9,2.68037216908379,13.5905224269044,3.6905224269043995,37.27800431216565
2890,7.9,2.263815947365283,8.619727591312323,0.7197275913123224,9.110475839396488
4794,8.8,2.555831135642613,11.88200190032591,3.08200190032591,35.02274886733988
2024,12.0,2.7647024244284064,14.874315479196705,2.8743154791967047,23.952628993305872
4194,16.5,2.7514065359773134,14.664649289219472,1.8353507107805278,11.123337641094109
4921,4.5,1.6684041064519703,4.303696903987351,0.19630309601264884,4.362291022503308
5356,9.5,2.141039822472126,7.508280131652885,1.991719868347115,20.965472298390683
743,5.3,1.9088387616866627,5.745251404506883,0.44525140450688294,8.400969896356282
2499,1.15,1.1178265637488407,2.0582001717391183,0.9082001717391184,78.97392797731464
4241,9.3,2.500998272417261,11.1946614806372,1.8946614806371986,20.3727040928731
179,25.99,2.8559672173728705,16.391250194763238,9.59874980523676,36.932473279094886
3613,8.5,1.916839796607609,5.799436877411708,2.7005631225882922,31.771330853979908
3693,20.0,2.619228583991853,12.725131713915655,7.274868286084345,36.37434143042172
3771,7.0,2.189904917305513,7.934363570949083,0.934363570949083,13.34805101355833
6566,35.55,3.559609270634846,34.149460535232514,1.4005394647674834,3.9396328122854674
31,11.0,2.184497323903383,7.886180559931002,3.1138194400689976,28.307449455172705
5151,6.8,1.9431422243363747,5.980651317169349,0.8193486828306504,12.04924533574486
2484,3.2,1.5570293210886126,3.74470529258417,0.5447052925841698,17.022040393255306
168,11.5,2.208521349464859,8.102247394542522,3.3977526054574785,29.545674830065032
3248,2.8,1.3204751509255015,2.745200490032878,0.05479950996712191,1.95712535596864
642,5.0,1.9781720613727425,6.229515788426127,1.2295157884261272,24.590315768522544
1483,14.9,2.62940700372355,12.865545247073543,2.0344547529264574,13.654058744472868
1790,6.0,1.9088387616866627,5.745251404506883,0.25474859549311724,4.245809924885288
5035,8.0,1.9460825635699164,6.001207005651878,1.998792994348122,24.984912429351525
3982,3.0,2.274035348092349,8.718539481645486,5.718539481645486,190.6179827215162
7092,62.49,4.1635332449984634,63.298303386823136,0.808303386823134,1.293492377697446
6492,22.89,3.126656713518117,21.797632971193543,1.092367028806457,4.772245647909379
6912,19.899,3.067284131816142,20.483477080925617,0.5844770809256161,2.9372183573326103
6178,24.5,3.2662217274485634,25.212115497438113,0.7121154974381128,2.9065938670943376
6644,18.15,2.6316910520846193,12.897251017943692,5.252748982056307,28.940765741357065
2758,9.5,2.0159803962241156,6.508084671946341,2.9919153280536586,31.493845558459565
3412,12.6,2.2078399393545607,8.09604714383811,4.50395285616189,35.745657588586425
6122,20.7,3.000678380023388,19.099167172917227,1.6008328270827725,7.7334919182742645
800,2.5,1.6978017855125649,4.461927697040822,1.9619276970408217,78.47710788163286
1954,10.5,2.294365046770044,8.918136459756115,1.5818635402438854,15.065367049941766
7248,48.99,3.476376982645581,31.34233271970747,17.64766728029253,36.0229991432793
5306,4.0,1.4601259529525377,3.3065019108179285,0.6934980891820715,17.337452229551786
6637,15.69,2.483494846190818,10.983070310344198,4.7069296896558015,29.999551877984715
2119,20.5,2.9760974114704326,18.611132927176307,1.8888670728236931,9.213985721091186
5309,3.5,1.6343706311674235,4.126230691725036,0.626230691725036,17.89230547785817
5660,25.49,3.5009818879793544,32.147983591497386,6.657983591497388,26.1199827049721
5679,19.5,3.152834632135861,22.40230758244282,2.9023075824428197,14.883628627911897
1406,8.7,2.202795494284371,8.05027817025643,0.6497218297435694,7.468067008546775
1501,9.8,2.1413188664916825,7.5106546476221645,2.289345352377836,23.36066686099833
1074,5.3,1.7050487796711613,4.501654029540535,0.7983459704594651,15.063131518103114
500,13.6,2.558673975832694,11.91867547691672,1.6813245230832798,12.362680316788822
437,17.5,2.771701802918038,14.985815581999125,2.514184418000875,14.366768102862142
5437,9.5,2.3702180463605793,9.699725065884337,0.19972506588433703,2.1023691145719687
4113,8.9,1.8845940678582807,5.583681371629598,3.3163186283704027,37.2620070603416
3386,3.6,1.4987207337329111,3.4759594623193175,0.12404053768068257,3.4455704911300713
6683,22.99,3.055916438028606,20.2406423424621,2.7493576575378995,11.958928479938667
80,16.9,2.4959240382489383,11.1329396406494,5.767060359350598,34.12461751095029
1608,19.99,2.701772958049245,13.906136265159546,6.0838637348404525,30.43453594217335
960,5.0,2.156464655630968,7.6405363257670835,2.6405363257670835,52.81072651534166
3114,22.5,3.4634207270421538,30.926000070232938,8.426000070232938,37.44888920103528
5198,3.8,1.867708394513622,5.473444807155236,1.673444807155236,44.038021240927264
4628,13.0,2.8803834434055524,16.82110525496104,3.82110525496104,29.393117345854154
1632,12.19,2.657966851976114,13.26725215495258,1.0772521549525802,8.83717928591124
3305,4.8,1.9096278364240158,5.750576012467813,0.9505760124678133,19.803666926412777
5935,21.3,3.0762773782203876,20.67755466966627,0.6224453303337292,2.9222785461677425
5419,9.5,2.341831423004155,9.4002664187234,0.0997335812766007,1.049827171332639
2477,3.0,1.413359850269587,3.109740345641873,0.10974034564187285,3.658011521395762
5506,16.45,2.8352394358010455,16.0344784761454,0.4155215238546006,2.525966710362314
6399,22.45,2.7953921792694083,15.369047095435356,7.0809529045646435,31.540992893383713
5517,51.999,3.7523601030365805,41.621554651077425,10.377445348922578,19.95700945964841
534,6.9,2.2343989526676107,8.340865862119141,1.440865862119141,20.882113943755666
5701,26.69,3.2070078138588274,23.705053401425037,2.9849465985749646,11.183763951198818
2794,20.3,2.5592492542384453,11.926109450046585,8.373890549953416,41.25069236430254
585,4.5,1.5731918177472588,3.822014649201736,0.6779853507982638,15.066341128850308
6722,50.9,3.990383776965742,53.07563836598994,2.17563836598994,4.274338636522476
4970,25.0,2.925096320070166,17.636020986302427,7.363979013697573,29.455916054790293
1451,2.75,1.6791914780969681,4.361219554877366,1.6112195548773656,58.58980199554057
6275,25.49,3.166220527896303,22.717674457355194,2.772325542644804,10.876130022145173
1410,30.5,3.061731879045157,20.364525914824,10.135474085176,33.23106257434754
5684,20.59,3.524756581694177,32.94550965203846,12.35550965203846,60.00733196716105
4536,10.0,2.452854349054207,10.621471157586303,0.6214711575863028,6.214711575863028
866,15.0,2.322875287670176,9.204974399854503,5.795025600145497,38.63350400096998
4638,2.0,0.9070593467605552,1.4770277332747592,0.5229722667252408,26.148613336262038
6358,54.8,3.6776998337185534,38.555305573253946,16.24469442674605,29.643602968514692
4679,3.95,2.2461653642793604,8.451423492414047,4.501423492414047,113.9600884155455
742,7.1,1.9191421405159677,5.815109554509882,1.2848904454901175,18.097048528029823
1544,6.9,1.8931595654467808,5.640316084527091,1.259683915472909,18.256288630042157
5509,53.29,3.7689387586621983,42.33405253720636,10.955947462793638,20.55910576617309
2706,18.9,2.7456718040376025,14.575073815770553,4.3249261842294455,22.883207323965323
3734,7.89,1.9743578809241804,6.2019936312561885,1.6880063687438112,21.39425055442093
2589,8.2,2.3178923458098377,9.154250088835926,0.9542500888359271,11.637196205316185
5283,2.5,1.409309003887552,3.0931260924444475,0.5931260924444475,23.7250436977779
6816,50.709,3.332929275989601,27.02030079857688,23.688699201423123,46.71497998663575
5944,15.9,2.9089310727470687,17.337186968306597,1.4371869683065963,9.038911750355952
4253,3.7,1.3348909151641015,2.7995814470932463,0.9004185529067539,24.3356365650474
748,16.5,2.454361296247077,10.638997303095474,5.861002696904526,35.52122846608804
4055,5.79,2.176423242863359,7.814721688517812,2.024721688517812,34.96928650289831
401,5.3,1.8663306655393668,5.4645322956036395,0.1645322956036397,3.10438293591773
3749,20.8,3.0546218025191267,20.213161245481768,0.586838754518233,2.821340165953043
157,7.5,2.0766898844621346,6.978017000967936,0.5219829990320637,6.959773320427516
5434,98.19,4.550206981331128,93.65199748399112,4.5380025160088735,4.621654461766854
6483,29.5,3.2091468653219044,23.75795534186405,5.742044658135949,19.46455816317271
5749,14.3,2.7113059137684528,14.048915273824804,0.25108472617519695,1.7558372459803981
4528,12.0,2.6995850449002528,13.873558585187203,1.8735585851872028,15.612988209893356
1820,8.9,1.874504366635558,5.517587985605818,3.3824120143941823,38.00462937521553
2922,9.0,2.312748362046454,9.102150904809099,0.10215090480909872,1.13501005343443
2864,15.3,1.8885187429883465,5.609570953039666,9.690429046960336,63.33613756183226
3362,3.3,1.2855946606371949,2.6168180972065813,0.6831819027934185,20.702481902830865
5281,1.6,1.096729954206718,1.9943583080572025,0.3943583080572024,24.64739425357515
3803,1.4,1.2871610253929626,2.6224877928485677,1.2224877928485678,87.32055663204056
4237,5.4,2.3360667128198878,9.340484375612407,3.9404843756124066,72.97193288171123
7295,47.59,3.620294817958115,36.34857723036583,11.241422769634177,23.621396868321444
2666,4.8,1.5619342050654548,3.768034688768058,1.031965311231942,21.499277317332126
1782,13.0,1.9418888215360859,5.97190723033679,7.02809276966321,54.062252074332385
5910,45.3565,3.6215231708526936,36.394482651571614,8.962017348428382,19.75905845563124
2415,8.0,2.412624153528744,10.163216737287534,2.1632167372875344,27.04020921609418
535,11.9,2.465515130352746,10.76954343973345,1.1304565602665502,9.49963496022311
5978,119.9,4.5998056325299075,98.46498100626158,21.435018993738424,17.87741367284272
2406,1.5,1.117533773047372,2.0573048902370483,0.5573048902370483,37.153659349136554
3098,5.8,1.8905375213468791,5.622927689447805,0.17707231055219452,3.0529708715895607
5359,8.0,2.4831616726042838,10.979078532845545,2.979078532845545,37.23848166056931
5154,8.4,2.117717872811435,7.31214645053875,1.0878535494612507,12.950637493586317
1966,8.9,1.570849594160466,3.810733629247342,5.089266370752658,57.182768210704026
5416,10.5,2.453859097640261,10.633153682317047,0.13315368231704738,1.2681303077814037
1176,7.86,2.305590338371531,9.030097656544207,1.1700976565442067,14.886738632877947
5902,21.5,3.2379477856427696,24.481374808929335,2.981374808929335,13.86685957641551
1760,2.8,1.1722990159905686,2.2294085725350103,0.5705914274649895,20.378265266606768
997,5.2,2.16294059840707,7.696673519003864,2.4966735190038643,48.01295228853585
473,6.2,1.8907380917697827,5.6242561860794495,0.5757438139205506,9.286190547105655
2266,2.1,1.0033502743291742,1.7274040907964472,0.3725959092035529,17.74266234302633
4205,15.7,2.799150589760385,15.430684450451373,0.2693155495486259,1.7153856659148148
1882,5.2,2.0841201176821786,7.037516301018499,1.837516301018499,35.336851942663436
4222,18.9,2.623612866617516,12.785438675203862,6.114561324796137,32.35217632167268
2578,10.8,2.329550572191229,9.273323378142926,1.5266766218570744,14.135894646824761
3783,2.6,1.521278120361783,3.5780727854287857,0.9780727854287856,37.61818405495329
469,14.9,2.635809253898051,12.954600710038266,1.9453992899617347,13.05637107356869
5097,14.9,2.5086291583834672,11.288073506767375,3.611926493232625,24.241117404245806
7040,17.29,3.0768438083779692,20.68983696857766,3.3998369685776595,19.663603057129322
4712,10.0,2.5902905924511055,12.333645697062577,2.333645697062577,23.336456970625772
3997,7.0,2.135623898606611,7.462324492686028,0.4623244926860277,6.604635609800395
247,6.5,1.3856320871863708,2.997351781285827,3.502648218714173,53.88689567252574
3780,17.9,2.4126066774045767,10.163021649230423,7.736978350769576,43.223342741729475
2182,9.9,2.8229160918691556,15.82584491110697,5.925844911106969,59.85701930411079
3395,6.5,2.3642045050184213,9.635574904993256,3.1355749049932555,48.23961392297316
7097,83.99,4.362693915199028,77.46823672512171,6.521763274878282,7.764928294890204
811,4.0,1.3343814953368536,2.797646357897103,1.202353642102897,30.058841052572426
6502,26.8,3.1443315068945896,22.204158467404177,4.5958415325958235,17.14866243505904
1419,7.4,2.207846819389893,8.096109725179122,0.696109725179122,9.406888178096242
6733,13.9,2.7814921079517774,15.143090219869293,1.243090219869293,8.943095106973331
3625,3.9,1.4778712176257862,3.3836040023105394,0.5163959976894605,13.240923017678478
228,9.0,1.983596094232985,6.268835458819215,2.731164541180785,30.3462726797865
7107,45.5,3.594125020460341,35.38385093113574,10.11614906886426,22.233294656844528
17,18.0,3.227555097829446,24.217926176390435,6.217926176390435,34.54403431328019
1407,10.6,2.4831616726042838,10.979078532845545,0.37907853284554527,3.5762125740145785
7070,59.99,4.123778188843033,60.79226463079612,0.8022646307961168,1.3373306064279324
2392,13.5,2.6786773845110874,13.565815576895512,0.06581557689551154,0.48752279181860403
6272,47.9,3.3656393864717122,27.95200290128791,19.94799709871209,41.64508788875175
5439,109.0,4.5649926009784805,95.06188324995777,13.938116750042226,12.787263073433236
6745,45.49,3.7077031074771165,39.76007740831037,5.729922591689629,12.596004817959175
5879,10.99,2.821802832912265,15.807123811201993,4.817123811201993,43.831881812575006
2440,3.9,1.864814974160089,5.454741481532759,1.554741481532759,39.865166193147665
5831,17.9,2.9986080388023963,19.057598084558283,1.157598084558284,6.467028405353542
5853,13.5,2.5986088306941326,12.445020718402043,1.0549792815979568,7.81466134517005
4844,9.0,2.249888208356402,8.486675246059024,0.5133247539409762,5.703608377121958
6915,25.49,3.693498719089244,39.18519800904387,13.695198009043875,53.72772855646871
6092,21.69,3.1026163472346115,21.25610487171032,0.4338951282896808,2.000438581326329
5461,23.2,3.0638592568543044,20.410024712564848,2.7899752874351513,12.025755549289446
2585,5.7,1.749004000260244,4.748873946618102,0.9511260533818984,16.686421989156113
543,9.9,1.8931595654467808,5.640316084527091,4.259683915472909,43.02711025730211
6112,17.0,3.060636269367608,20.341131551361112,3.341131551361112,19.653715008006543
3794,16.5,2.5510571961101993,11.820650562504731,4.679349437495269,28.359693560577387
4119,7.799999,1.7626942561612167,4.828118704911966,2.9718802950880336,38.10103430895355
3153,12.0,1.9647105213262668,6.13284748404115,5.86715251595885,48.89293763299041
1535,10.499,2.4780090040251395,10.917513060732622,0.4185130607326215,3.986218313483394
1832,14.5,3.0421815556880283,19.950898969538468,5.450898969538468,37.59240668647219
6746,33.79,3.641101110209214,37.133803136286645,3.3438031362866454,9.895836449501761
3590,8.99,2.1147893945096428,7.287840117672118,1.7021598823278818,18.93392527617221
3289,2.0,1.6089539287033134,3.9975806668522322,1.9975806668522322,99.8790333426116
96,3.8,1.2983726099287967,2.663330146899161,1.1366698531008388,29.91236455528523
6679,62.99,3.994810991042084,53.31557352360619,9.674426476393812,15.358670386400716
2094,5.7,1.8931595654467808,5.640316084527091,0.059683915472908744,1.04708623636682
4773,8.0,2.2454928057556782,8.445068994108823,0.44506899410882284,5.563362426360285
2927,9.5,2.3059429423272344,9.033634932246052,0.4663650677539479,4.909105976357346
7038,44.5,3.444475560833731,30.326850110749625,14.173149889250375,31.849775032023313
156,12.99,2.2245443910883465,8.249267794948334,4.740732205051666,36.49524407276109
1022,6.4,1.9055166193921076,5.7228799007634485,0.6771200992365518,10.580001550571122
5447,24.49,3.517829722396665,32.71118638198609,8.22118638198609,33.56956464673782
4966,5.8,1.8570799972580243,5.405006801532849,0.39499319846715064,6.810227559778459
6458,49.5,3.8207805250578666,44.639817443285686,4.860182556714314,9.818550619624876
2716,12.5,2.3970766488171087,9.99099882099929,2.5090011790007107,20.072009432005686
1287,15.0,2.7257538273034196,14.267918964090274,0.7320810359097258,4.880540239398172
696,18.0,2.91485256802852,17.44609265845648,0.5539073415435212,3.0772630085751174
425,25.0,3.1889716740717984,23.26346386094879,1.7365361390512106,6.946144556204842
6872,47.39,3.5825788206613565,34.96617166319109,12.42382833680891,26.216139136545497
712,10.9,2.6427099023182192,13.05122952066019,2.1512295206601895,19.73605064825862
4173,2.45,1.1513655155280949,2.1625084169241684,0.2874915830758318,11.734350329625787
1811,16.0,2.7782166132044988,15.090300116700238,0.909699883299762,5.685624270623513
5096,18.7,3.25006415181129,24.791994467283157,6.091994467283158,32.57751052023079
6480,17.9,3.1444423096597474,22.206729694772445,4.3067296947724465,24.05994242889635
447,31.49,3.183387947448635,23.128360851972275,8.361639148027724,26.55331580828112
6748,15.899,2.540438437732553,11.685231435893618,4.213768564106381,26.503355960163415
4080,5.99,2.0827244670299265,7.026306560410957,1.0363065604109565,17.300610357445017
1009,5.3,1.243291722573495,2.4670071277107266,2.832992872289273,53.452695703571194
592,1.5,1.0466985301135376,1.848232225601036,0.34823222560103595,23.21548170673573
6096,29.85,3.471649200174192,31.18978609376599,1.3397860937659871,4.488395624006657
1242,8.5,1.8254823262384736,5.2057875115152425,3.2942124884847575,38.75544104099715
3058,8.4,2.263815947365283,8.619727591312323,0.21972759131232245,2.615804658480029
131,15.8,2.8803834434055524,16.82110525496104,1.0211052549610393,6.462691487095185
2404,4.5,1.9023609724645731,5.7016983038584,1.2016983038584002,26.704406752408893
2306,8.95,2.295561498727232,8.93001013525977,0.01998986474022857,0.22335044402490026
6277,62.5,4.384522710581665,79.19993549590349,16.69993549590349,26.71989679344558
7103,20.89,3.0051535514462984,19.1893159566522,1.700684043347799,8.141139508606027
624,8.5,1.7328379555650661,4.656684569971693,3.843315430028307,45.21547564739185
2986,6.0,1.9009381042858757,5.692169451356751,0.3078305486432491,5.130509144054152
2127,8.3,2.149657636919766,7.581919761682519,0.7180802383174818,8.651569136355201
6539,43.9,3.4938656490071427,31.912931952563937,11.987068047436061,27.305394185503555
4739,3.9,1.7046955709180462,4.499711140323628,0.5997111403236279,15.377208726246872
3686,17.9,3.0599452134728535,20.3263887312449,2.426388731244902,13.55524430863074
3844,6.0,1.959007973694767,6.092287838085041,0.09228783808504115,1.538130634750686
2815,9.9,2.2215173724109993,8.221312420647198,1.6786875793528022,16.95644019548285
2579,3.999999,1.598164994264995,3.9439519154317217,0.056047084568278116,1.401177464501319
1945,5.6,2.3075111005023543,9.049381602298997,3.449381602298997,61.596100041053525
2436,6.99,1.7046955709180462,4.499711140323628,2.4902888596763724,35.62645006690089
93,6.5,1.9085378237307884,5.74322180774402,0.7567781922559798,11.642741419322764
6701,35.19,3.0664343636367746,20.465228860196827,14.72477113980317,41.843623585686764
1375,4.868,1.9088387616866627,5.745251404506883,0.8772514045068824,18.02077659217096
3903,5.6,2.3520452113535453,9.507036875924763,3.9070368759247636,69.76851564151364
3477,13.5,2.3695001296335145,9.69204631096765,3.8079536890323507,28.2070643632026
6022,42.99,3.8158930880303696,44.417299922710086,1.427299922710084,3.320074256129528
2223,8.8,1.8663306655393668,5.4645322956036395,3.335467704396361,37.90304209541319
1087,13.9,2.8041020705930038,15.512242419303586,1.6122424193035858,11.598866325925078
2531,2.5,1.681116378269388,4.371549306003274,1.8715493060032742,74.86197224013097
6729,78.99,4.079617547175512,58.12285382293986,20.867146177060135,26.417453066287045
6880,17.375,3.0082133576387573,19.251185957472654,1.8761859574726536,10.798192560993689
764,1.8,1.27756027332499,2.5878756030693313,0.7878756030693312,43.77086683718507
4669,6.5,1.961405286566166,6.109310667378164,0.3906893326218359,6.010605117259014
476,12.99,2.657966851976114,13.26725215495258,0.2772521549525795,2.134350692475593
5594,56.5,3.9413432413300002,50.4877152989223,6.0122847010776965,10.641211860314508
2622,1.5,1.3550950970453002,2.8771296426756887,1.3771296426756887,91.80864284504592
5111,5.7,1.963767789312711,6.126126289010781,0.42612628901078065,7.475899807206678
6466,21.6,3.111594314744052,21.45681911290923,0.1431808870907716,0.6628744772720906
4461,10.0,2.1855525114957293,7.895562096171043,2.1044379038289573,21.044379038289573
6338,13.5,2.7043649050757854,13.944822295141085,0.4448222951410852,3.294979964008039
7034,23.29,3.026240731620823,19.6195722019578,3.6704277980421978,15.759672812547008
2181,20.0,2.873055043707449,16.690982450907725,3.3090175490922746,16.545087745461373
6334,34.0,3.55004420800538,33.814856548947965,0.1851434510520349,0.5445395619177497
2620,10.0,1.893215007902163,5.640684250161241,4.359315749838759,43.59315749838758
5170,8.9,2.68037216908379,13.5905224269044,4.6905224269043995,52.70249917870111
752,6.8,1.9805446180913568,6.246688588347692,0.5533114116523077,8.136932524298643
2283,11.5,2.47400696359521,10.869914001848558,0.6300859981514417,5.479008679577754
2799,8.0,1.8927536871312773,5.637621471099865,2.362378528900135,29.529731611251687
3049,14.9,2.9177361151908485,17.49935959855595,2.5993595985559512,17.445366433261416
351,3.5,1.9795814171102704,6.239711931290615,2.739711931290615,78.27748375116043
487,1.8,1.314942822763973,2.72453802037342,0.9245380203734201,51.36322335407889
927,5.0,1.8663306655393668,5.4645322956036395,0.4645322956036395,9.29064591207279
3318,6.5,1.8416820757710348,5.307138428119718,1.1928615718802824,18.351716490465883
1061,18.0,2.7047107402594968,13.94999163432322,4.05000836567678,22.500046475982106
6018,39.39,3.6374943068464685,36.99650975086031,2.3934902491396883,6.0763905791817425
2191,3.5,1.8103410011285956,5.112531457008431,1.6125314570084308,46.072327343098024
4608,2.1,1.5608730164951992,3.7629775885967804,1.6629775885967804,79.18940898079906
6128,27.9,2.895269853247459,17.088381991333623,10.811618008666375,38.75131902747805
561,12.99,2.6091686974905026,12.587750624335518,0.40224937566448205,3.0966079727827713
3535,9.9,2.254066067993713,8.526392151720438,1.373607848279562,13.874826750298604
5501,21.99,2.9842473542687404,18.771615612805157,3.218384387194842,14.635672520213017
2966,9.5,2.34767688332709,9.461238795611221,0.038761204388778836,0.4080126777766193
6026,37.49,3.7836560225473557,42.976527362870165,5.486527362870163,14.634642205575254
334,13.5,2.805461367846938,15.534702726739248,2.0347027267392477,15.071872049920355
2225,6.8,1.8584247878435836,5.413625988581837,1.3863740114181624,20.387853109090624
4847,13.0,2.4012867539658806,10.037369626215154,2.9626303737848456,22.789464413729583
5507,25.5,2.8952827858245542,17.08861592224092,8.411384077759081,32.98581991278071
3213,12.5,1.8814708794271437,5.5631513703546585,6.9368486296453415,55.494789037162725
1103,7.9,2.259081720099013,8.574293247769072,0.6742932477690715,8.535357566697108
2110,26.99,3.061731879045157,20.364525914824,6.625474085175998,24.547884717213776
23,12.99,2.6616400559063376,13.319755049528382,0.32975504952838186,2.538530019464064
4151,21.99,3.1338097580073248,21.961290079567046,0.028709920432952174,0.13055898332402083
1005,3.2,1.2200380861682192,2.3873167410798315,0.8126832589201687,25.39635184125527
1643,9.7,2.5895634472935383,12.323953725323445,2.623953725323446,27.051069333231403
2550,59.7,3.8832271484311054,47.580739629187256,12.119260370812746,20.300268627827045
3038,8.69,1.983104213996787,6.265260941506125,2.4247390584938744,27.902635886005463
4030,1.7,1.663525089030433,4.277883098605041,2.5778830986050405,151.64018227088474
3817,7.999,2.212921086329366,8.142383116517399,0.14338311651739932,1.7925130205950661
1671,14.9,2.7413079688932127,14.507254844305741,0.39274515569425894,2.635873528149389
1372,14.3,2.6427099023182192,13.05122952066019,1.248770479339811,8.732660694683991
3203,30.99,3.293904104581763,25.94786583926727,5.042134160732729,16.270197356349563
445,6.9,2.083480633834511,7.032378082247687,0.132378082247687,1.9185229311258982
5433,62.99,3.7242603580734657,40.440570223388704,22.549429776611298,35.79842796731433
7125,59.999,4.1309954610565685,61.23984945322562,1.2408494532256142,2.0681168906575347
3399,22.5,3.170700050774972,22.824156639343922,0.32415663934392214,1.4406961748618763
3939,2.0,1.1245843884592346,2.0789369412381857,0.07893694123818573,3.9468470619092866
5206,20.49,3.116524639923284,21.56781192411765,1.0778119241176505,5.260185085981701
6378,83.79,4.311171031855906,73.52771218489525,10.262287815104756,12.247628374632718
2592,16.99,2.657966851976114,13.26725215495258,3.7227478450474187,21.911405797807056
3887,11.0,2.7111170893182446,14.046073938937186,3.0460739389371856,27.691581263065324
3518,1.2,1.4759612725632751,3.3752395498553733,2.175239549855373,181.26996248794777
4295,10.9,2.4921706039201132,11.087484807722765,0.18748480772276466,1.7200441075482995
1128,10.8,2.1195628853686066,7.32749662139161,3.4725033786083905,32.1528090611888
2570,7.5,1.8931595654467808,5.640316084527091,1.8596839154729086,24.795785539638782
5277,9.6,2.2819956184577967,8.796210414147481,0.8037895858525186,8.372808185963736
1783,10.6,2.264853891069903,8.629717510595935,1.970282489404065,18.587570654755332
2523,18.0,2.7364529855420656,14.432149844500545,3.567850155499455,19.821389752774753
4248,5.15,1.3602507810814382,2.8971705158932135,2.252829484106787,43.744261827316244
1844,6.49,1.9413607122415908,5.968226273387432,0.5217737266125679,8.039656804507981
5291,7.9,1.8508065296422271,5.364950974621943,2.5350490253780578,32.089228169342505
6129,24.49,3.344453134841686,27.345070495956964,2.8550704959569657,11.658107374262826
6060,5.69,2.4364444325173475,10.432320007762769,4.7423200077627685,83.34481560215762
2515,6.699,2.160384510454408,7.674472442633348,0.9754724426333485,14.561463541324803
5040,17.5,2.68037216908379,13.5905224269044,3.9094775730956,22.33987184626057
6799,56.99,3.4169516638604054,29.476371055166936,27.513628944833066,48.277994288178746
3554,3.5,1.6572435251186515,4.244833648391279,0.7448336483912792,21.280961382607977
3878,4.2,2.1617479983075705,7.686308047459548,3.4863080474595476,83.00733446332256
5945,29.7,3.4000266598771454,28.96489889727162,0.7351011027283789,2.47508788797434
2264,14.5,2.517440299166358,11.396823856125778,3.1031761438742222,21.401214785339466
2462,4.9,1.73133997008632,4.648217282148484,0.2517827178515164,5.138422813296253
1775,6.6,2.294365046770044,8.918136459756115,2.318136459756115,35.123279693274476
6861,28.05,3.231376205345228,24.314470920088667,3.735529079911334,13.31739422428283
378,7.8,2.207846819389893,8.096109725179122,0.2961097251791225,3.7962785279374676
6853,9.999,2.559069307479835,11.923783647816169,1.9247836478161684,19.249761454307112
4913,1.6,0.9049834443651381,1.471890998993913,0.12810900100608702,8.00681256288044
5246,8.2,2.5510571961101993,11.820650562504731,3.620650562504732,44.15427515249674
199,1.5,1.2014354523615127,2.3248862146405145,0.8248862146405145,54.99241430936763
2446,11.0,2.685625114074966,13.66736729283119,2.667367292831189,24.24879357119263
2957,3.8,1.9352142748133274,5.925527862591293,2.1255278625912934,55.93494375240247
1328,11.49,2.5467431958109747,11.765461400763883,0.2754614007638825,2.397401225099064
1193,10.5,2.263815947365283,8.619727591312323,1.8802724086876772,17.907356273215974
5686,12.75,2.5151814829025607,11.368853310834163,1.3811466891658366,10.832523052281072
1075,9.3,2.6091686974905026,12.587750624335518,3.2877506243355175,35.35215725091954
5427,3.4,1.5706969928692875,3.8099995610953012,0.40999956109530133,12.05881062045004
6969,24.5,3.1639164039918524,22.663088906765495,1.8369110932345052,7.497596298916348
2063,10.5,2.6806435645440687,13.594482765838855,3.0944827658388547,29.471264436560524
965,14.5,2.8041020705930038,15.512242419303586,1.0122424193035862,6.980982202093698
5060,9.49,2.263815947365283,8.619727591312323,0.8702724086876774,9.170415265412828
1467,9.4,2.2257735096704634,8.260643231314086,1.1393567686859143,12.120816688148023
5975,18.46,3.029768116055714,19.69243378986466,1.2324337898646576,6.676239381715371
3296,51.0,3.3590652399213763,27.762292466652617,23.237707533347383,45.5641324183282
5414,7.5,2.1444013054895548,7.5369286946756375,0.03692869467563753,0.49238259567516707
7126,29.95,3.2627807730216007,25.122075802660724,4.827924197339275,16.119947236525125
5724,62.05,3.814845523857561,44.36974729804695,17.680252701953044,28.493557940294995
2755,6.0,1.9431422243363747,5.980651317169349,0.01934868283065061,0.32247804717751016
4022,6.5,2.1216561740369575,7.3449467333937655,0.8449467333937655,12.999180513750238
3091,6.5,2.1665905579905282,7.7284740258367,1.2284740258367002,18.899600397487696
2022,5.89,1.867708394513622,5.473444807155236,0.41655519284476394,7.072244360692087
5090,8.6,2.5634050851747228,11.97993995334504,3.3799399533450405,39.30162736447721
2907,7.0,1.9860953237322803,6.287024666858362,0.712975333141638,10.1853619020234
5744,42.345,3.3634153079865365,27.88768292738084,14.457317072619158,34.14173355205847
5769,15.1,2.7714158115129015,14.981244429824848,0.1187555701751517,0.7864607296367663
6155,18.49,2.979955428397016,18.686939146771177,0.19693914677117874,1.065111664527738
6547,13.79,2.4486025056251504,10.572163380565662,3.217836619434337,23.33456576819679
2850,6.699999,1.9805446180913568,6.246688588347692,0.4533104116523079,6.765828049411766
2132,16.5,2.4571378413580005,10.671358409399321,5.828641590600679,35.325100549095026
6114,86.19,4.509962573960321,89.91841573061896,3.7284157306189627,4.325810106298832
6570,20.79,3.031861421876763,19.73579475001007,1.0542052499899306,5.070732323183889
6434,31.0,3.530434811531928,33.138808335612865,2.1388083356128647,6.8993817277834335
4246,7.5,1.9015608420921328,5.6963382161689955,1.8036617838310045,24.048823784413393
1701,4.5,2.2085046738266856,8.10209561002396,3.6020956100239605,80.04656911164356
6332,39.999,3.3638171250477478,27.899292823610903,12.0997071763891,30.250024191577534
3927,19.5,3.1459243340987477,22.241148133513345,2.741148133513345,14.057169915453052
5780,66.99,4.243613647264142,68.65912105839423,1.6691210583942393,2.4915973404899825
547,12.4,2.5029113901073936,11.218013633827228,1.1819863661727723,9.53214811429655
6811,37.99,3.6544833428691588,37.647548424606065,0.34245157539393745,0.9014255735560343
6203,33.3,3.659585011396219,37.84521920271399,4.545219202713994,13.649306915057041
1263,19.9,2.8275375377417187,15.90378460093466,3.9962153990653384,20.081484417413762
5231,2.299,1.4371416682525473,3.208648893400584,0.909648893400584,39.567154997850544
3011,13.29,2.552055509624055,11.83345598206588,1.4565440179341191,10.959699156765382
5865,13.69,2.6385729866136445,12.99322083982932,0.6967791601706796,5.089694376703284
1789,11.9,2.3065899371814673,9.040128742920986,2.859871257079014,24.032531572092555
6610,21.49,3.297259761961711,26.038445536361937,4.548445536361939,21.165405008664212
3018,6.4,1.8136733845814337,5.132934732578511,1.267065267421489,19.797894803460768
5494,26.59,3.27331434946658,25.39868899045086,1.191311009549139,4.480297140087021
4715,13.8,2.5848143939532027,12.260827571755922,1.539172428244079,11.153423393073037
2199,5.9,2.202795494284371,8.05027817025643,2.1502781702564295,36.44539271621067
1244,2.5,1.0625685506623574,1.8937943088892673,0.6062056911107327,24.24822764442931
7130,10.89,3.2020051251506776,23.581770340244432,12.691770340244432,116.54518218773582
5008,38.0,1.5602616405326106,3.7600665085616196,34.23993349143838,90.10508813536416
5482,12.726,2.5096644589924813,11.300801944495294,1.4251980555047066,11.199104632285922
4837,8.5,2.322875287670176,9.204974399854503,0.7049743998545033,8.293816468876509
7202,35.29,3.609781225016245,35.95796645179768,0.6679664517976818,1.8927924392113396
6764,20.99,3.0888276776847965,20.951328852914127,0.03867114708587138,0.18423605090934436
3915,5.2,1.8746158736942802,5.5183147831928325,0.31831478319283235,6.121438138323699
6083,32.299,3.4792632797042886,31.435817146521877,0.8631828534781221,2.672475474405158
518,13.29,2.7767963426925375,15.067463758657578,1.7774637586575786,13.374445136625873
611,12.5,2.5073608145294637,11.272497883968285,1.2275021160317152,9.820016928253722
5806,11.22,2.448127387431596,10.566666541132388,0.6533334588676123,5.822936353543781
5672,16.5,3.0147273690532392,19.38353300105008,2.883533001050079,17.47595758212169
2288,7.5,1.8999434097060695,5.68551609625305,1.8144839037469502,24.193118716626003
957,10.99,2.300283050602071,8.977006052755417,2.012993947244583,18.31659642624734
4401,6.15,2.213085868561438,8.143889742943017,1.9938897429430167,32.42097142996775
491,25.8,2.619228583991853,12.725131713915655,13.074868286084346,50.67778405459049
1330,4.9,1.959007973694767,6.092287838085041,1.1922878380850408,24.33240485887838
3458,21.5,2.8352874887952995,16.03529705350912,5.464702946490881,25.417223006934332
323,5.89,1.2917436353447374,2.639126336317825,3.250873663682175,55.19310125097071
5362,7.2,2.232485599932123,8.323010578045574,1.123010578045574,15.597369139521861
7010,22.79,3.1064173552572285,21.340861483115308,1.449138516884691,6.3586595738687635
4247,10.5,2.5316500924110894,11.574237681655443,1.0742376816554433,10.230835063385173
2031,4.75,1.3663416882726531,2.9209802576675017,1.8290197423324983,38.50567878594733
5516,32.0,4.007816835061195,54.02660717433884,22.026607174338842,68.83314741980888
1153,6.3,1.8526504743639969,5.376698419867175,0.9233015801328248,14.655580637028967
6685,15.7,2.8551934646727917,16.377798872636802,0.6777988726368029,4.317190271571993
7286,6.6,2.161406681698275,7.6833437721564675,1.0833437721564678,16.414299578128304
6854,21.69,3.1254440726632966,21.770004385221174,0.08000438522117292,0.36885378156372944
1606,6.4,2.027452638557563,6.594715211901588,0.19471521190158736,3.0424251859623026
324,23.9,2.933668768317003,17.79646402401632,6.103535975983679,25.537807430894055
2083,7.99,1.9522480018387158,6.04450585628916,1.9454941437108406,24.349113187870344
2687,10.8,2.3612558579509395,9.604260538434836,1.1957394615651644,11.071661681158929
6858,35.35,3.375680070874023,28.24416512504392,7.105834874956081,20.10137164061126
586,7.89,1.9108949852897004,5.759135419080623,2.1308645809193765,27.007155651703123
4125,9.8,2.6413404967102068,13.032000857079911,3.2320008570799104,32.97960058244806
3245,8.99,2.500998272417261,11.1946614806372,2.204661480637199,24.52348699262735
4556,4.4,2.0905932966189793,7.089713340366847,2.689713340366847,61.129848644701056
706,24.9,3.1104802800510227,21.43181536742829,3.4681846325717096,13.92845233964542
1978,6.4,1.9904876578172845,6.319102109531859,0.08089789046814122,1.2640295385647065
4160,7.4,1.3190857340275435,2.740000458528153,4.659999541471848,62.97296677664659
4995,4.39,1.4541897682431815,3.2810134469861936,1.108986553013806,25.261652688241597
6812,9.8,2.484556424446925,10.995798031767928,1.1957980317679269,12.202020732325783
6202,17.34,2.7629146876981494,14.845961734413905,2.494038265586095,14.383150320565715
5939,27.79,3.233948046941953,24.379659520845777,3.410340479154222,12.271826121461755
6218,29.3,3.204007109491253,23.631031953565312,5.6689680464346885,19.348013810357298
4453,9.5,2.3359981524545854,9.339775452528501,0.16022454747149872,1.6865741839105128
3801,8.9,2.322875287670176,9.204974399854503,0.3049743998545029,3.426678650050594
2572,56.99,3.455863636171994,30.685641735367177,26.304358264632825,46.156094515937575
208,2.25,1.4709709247704983,3.353459971858462,1.1034599718584621,49.04266541593165
3682,29.8,3.235558585020941,24.420567361911402,5.379432638088598,18.051787376136236
747,2.5,1.4966646495650762,3.4667659674713516,0.9667659674713516,38.67063869885406
5101,9.9,2.0159803962241156,6.508084671946341,3.391915328053659,34.261770990441
6260,40.99,3.8135996674472126,44.31325830343448,3.3232583034344785,8.107485492643276
798,5.0,1.509369582409965,3.52387796292819,1.4761220370718098,29.522440741436196
88,6.99,2.5528626067304443,11.843818008272171,4.853818008272171,69.4394564845804
734,1.7,1.9406876460197546,5.963537773669098,4.263537773669098,250.79633962759402
1221,4.8,2.040632507273125,6.6954751038299625,1.8954751038299626,39.489064663124225
3574,14.5,2.294365046770044,8.918136459756115,5.581863540243885,38.49561062237162
1480,6.9,1.878744606063716,5.54528279397288,1.3547172060271206,19.633582696045227
3936,10.49,2.903731370619055,17.242086519477148,6.752086519477148,64.36688769758959
6199,28.99,3.2537321700197674,24.8867736923176,4.103226307682398,14.153936901284576
852,13.5,2.4932305559387666,11.100303754179068,2.399696245820932,17.77552774682172
486,7.89,1.9544539423238554,6.0600627694590905,1.8299372305409092,23.193120792660444
2678,3.6,1.591146572922964,3.9093746586075486,0.30937465860754854,8.593740516876348
3195,4.0,1.6824216531372125,4.378565232173621,0.3785652321736208,9.46413080434052
1430,8.4,2.258788494662998,8.571486233021135,0.17148623302113464,2.0415027740611267
1536,14.9,2.9324163536123553,17.772937791452225,2.872937791452225,19.281461687598824
1891,6.0,2.040545414878014,6.694804915656224,0.6948049156562242,11.580081927603736
6513,39.99,2.9625034953219016,18.346344662923848,21.643655337076154,54.12266900994287
1919,5.6,2.166782657297464,7.730150920707684,2.1301509207076847,38.03840929835152
4302,14.8,2.8047561253383426,15.523045862450616,0.7230458624506149,4.885445016558208
198,5.0,1.4831077840088875,3.406619243492079,1.593380756507921,31.867615130158423
4629,6.6,1.9103078919373742,5.755168340245362,0.8448316597546377,12.800479693252086
2882,3.85,1.7023935862617297,4.487065450340849,0.6370654503408493,16.54715455430777
1057,8.9,2.294365046770044,8.918136459756115,0.01813645975611422,0.20378044669791257
73,7.0,2.1880535907853895,7.917838448148666,0.9178384481486663,13.111977830695235
548,27.8,3.2545053667151453,24.90679700017068,2.8932029998293203,10.407205035357267
6352,13.69,2.8238917353349846,15.842268947450606,2.1522689474506063,15.72146784112934
2963,4.0,1.795330124187069,5.021462224049599,1.021462224049599,25.536555601239975
6569,27.3,3.5910342450001917,35.271570224142756,7.971570224142756,29.199890930925843
1512,34.99,2.8811959667332605,16.835591202994625,18.154408797005377,51.88456358103851
3912,10.9,2.282494465605589,8.801098444860477,2.0989015551395234,19.25597757008737
1582,1.9,1.2315404211015484,2.4265037316586078,0.5265037316586079,27.7107227188741
6697,15.44,3.026240731620823,19.6195722019578,4.179572201957802,27.06976814739509
5822,10.08,2.3961796876692767,9.98114474210461,0.09885525789539074,0.9807069235653844
2865,6.9,1.959007973694767,6.092287838085041,0.8077121619149592,11.705973361086365
3647,10.8,2.4831616726042838,10.979078532845545,0.1790785328455442,1.6581345633846685
5349,20.499,2.635011265253243,12.943469538993552,7.555530461006446,36.85804410462192
4428,3.0,1.5370963793804093,3.6510657150871753,0.6510657150871753,21.70219050290584
6213,25.55,3.07987665914175,20.755718861669514,4.794281138330486,18.76430973906257
4359,28.8,3.428121556562036,29.818697163509256,1.0186971635092554,3.537142928851581
1452,3.6,2.043766739592174,6.7196323480430555,3.1196323480430554,86.65645411230709
7037,24.89,3.217852392152625,23.974427270326803,0.9155727296731975,3.6784762140345415
2020,1.9,1.3064428766876564,2.6930138148638707,0.7930138148638708,41.73756920336162
4903,29.49,3.4100747589306937,29.26750694127488,0.22249305872511727,0.7544695107667592
5220,6.9,1.9103078919373742,5.755168340245362,1.1448316597546384,16.59176318484983
6818,12.35,2.7457914951419533,14.576938125124306,2.226938125124306,18.03188765282839
4814,10.0,2.739484250183133,14.478999746011166,4.478999746011166,44.78999746011166
5267,8.8,2.261817376077743,8.600521079139279,0.19947892086072194,2.26680591887184
2098,9.2,2.5388747324578698,11.66541097330639,2.4654109733063905,26.797945362025988
1880,13.5,2.408929789379609,10.122051835472332,3.377948164527668,25.021838255760503
937,9.5,2.263815947365283,8.619727591312323,0.8802724086876772,9.266025354607129
7120,29.999,3.300146045921326,26.116598900151025,3.8824010998489733,12.941768391776304
2855,13.5,2.598015611823264,12.437047243634343,1.0629527563656573,7.873724121227091
6139,14.99,3.103749641554226,21.281341886719936,6.291341886719936,41.970259417744735
5985,12.49,2.4300770309135893,10.359757098766746,2.130242901233254,17.055587680010042
1295,7.0,2.465857691547504,10.773575919241988,3.7735759192419884,53.908227417742694
1175,45.9,3.5275128286394573,33.039200918142306,12.860799081857692,28.019170112979726
2197,5.5,1.5414030634407374,3.671139580537357,1.828860419462643,33.25200762659351
2614,41.9,3.5173574584923246,32.69526956425046,9.20473043574954,21.968330395583628
6148,27.36,2.900698846735497,17.18685075064494,10.17314924935506,37.18256304588838
4335,4.0,1.950083290826039,6.029273030164802,2.029273030164802,50.73182575412005
4914,11.5,2.453859097640261,10.633153682317047,0.8668463176829526,7.537794066808283
1321,7.2,1.8719052435835275,5.500669967957679,1.6993300320423215,23.601806000587796
1181,12.79,2.6616400559063376,13.319755049528382,0.5297550495283829,4.141947220706669
6150,22.799,3.1696155585756154,22.798333532322303,0.0006664676776964029,0.002923232061478148
3438,12.6,2.3067227551574576,9.041462341060244,3.5585376589397555,28.242362372537745
6343,34.99,3.3262257136488578,26.833093145510745,8.156906854489257,23.31210875818593
4301,12.6,2.453859097640261,10.633153682317047,1.9668463176829523,15.609891410182161
620,7.9,2.1707823343601538,7.765138628221937,0.13486137177806334,1.7071059718742194
6864,24.89,3.030175769438226,19.70087085007272,5.189129149927279,20.84824889484644
5159,16.0,2.5468377030790896,11.76666788665704,4.233332113342961,26.458325708393502
2492,15.5,2.4782666407261487,10.920583845038205,4.579416154961795,29.544620354592222
478,14.0,2.792049852010242,15.314427711895718,1.3144277118957177,9.388769370683699
3968,5.3,2.078741871817028,6.994404598792596,1.6944045987925964,31.969898090426348
2276,3.7,1.909416725030293,5.7491510393767085,2.0491510393767083,55.38246052369482
5227,6.9,2.120680835562829,7.336811553701912,0.4368115537019115,6.330602227563935
1897,12.5,2.0034116653246303,6.414308136662537,6.085691863337463,48.6855349066997
7044,14.766,2.772878730723888,15.004640808650123,0.23864080865012305,1.616150674862001
2206,1.4,1.0425426275966938,1.8364198127457905,0.43641981274579056,31.17284376755647
1033,4.5,1.7372812491889573,4.681874802810371,0.18187480281037072,4.041662284674905
5948,10.59,2.2260090146806277,8.262824416022287,2.327175583977713,21.97521797901523
286,12.3,2.8803834434055524,16.82110525496104,4.521105254961039,36.75695329236618
550,3.2,1.2722390271674158,2.5688343403561413,0.6311656596438588,19.723926863870588
7008,10.099,2.4252943041978625,10.30555620236198,0.20655620236198047,2.0453134207543364
5668,25.79,3.2655224872870408,25.19379334010449,0.5962066598955076,2.311774563379246
5015,2.5,1.1335723846954422,2.106735152850743,0.3932648471492568,15.730593885970274
2825,12.5,2.5357624853154785,11.626054359719204,0.8739456402807964,6.991565122246371
1055,10.799,2.5808351470007955,12.20816431360031,1.4091643136003107,13.049025961665993
2091,6.5,1.8958734367875925,5.6583615234670726,0.8416384765329274,12.94828425435273
6540,25.79,3.1254440726632966,21.770004385221174,4.019995614778825,15.587419987509984
2571,3.5,1.4656904730113234,3.3305323239355706,0.16946767606442936,4.8419336018408385
1677,10.3,2.1172865554028917,7.308562050134986,2.9914379498650145,29.043086891893346
1174,1.8,1.0625685506623574,1.8937943088892673,0.09379430888926721,5.210794938292622
6021,78.2,4.196339923548005,65.4427000969294,12.757299903070603,16.31368274049949
5916,12.54,3.094342192541942,21.072714164951762,8.532714164951763,68.04397260727085
5389,3.9,1.723575008913695,4.604528932939857,0.7045289329398572,18.06484443435531
2087,14.0,2.5785937669766885,12.17859295066378,1.8214070493362193,13.010050352401567
1370,46.5,3.455863636171994,30.685641735367177,15.814358264632823,34.009372612113594
6314,16.899,3.0210987678711194,19.513819231139227,2.6148192311392258,15.473218717907718
2934,5.0,1.8917082970175596,5.630686192902604,0.630686192902604,12.613723858052078
3107,16.99,2.8312586238466984,15.96680221320112,1.0231977867988782,6.022353071211761
1188,7.8,1.897001361765318,5.6658758927658734,2.1341241072341264,27.360565477360595
2029,6.699999,2.16294059840707,7.696673519003864,0.9966745190038644,14.875741309869813
4209,4.888888,1.961405286566166,6.109310667378164,1.2204226673781644,24.963195462407086
5027,4.5,1.822840372020607,5.189413743920158,0.6894137439201584,15.320305420447966
7009,23.5,3.3961019896185483,28.847527023375868,5.347527023375868,22.75543414202497
7093,40.9,3.9864527704253456,52.86348394131109,11.96348394131109,29.250571983645695
3956,7.2,2.56386079049807,11.985856329038072,4.785856329038071,66.47022679219543
833,9.0,2.078397960041613,6.991655701629788,2.008344298370212,22.314936648557914
1393,5.4,2.111709222119213,7.262351416314386,1.862351416314386,34.487989191007145
549,24.9,3.127138487617792,21.808618926454816,3.0913810735451825,12.415185034318004
1020,5.5,1.8931595654467808,5.640316084527091,0.14031608452709143,2.5512015368562078
248,3.6,1.6837852760166763,4.385904569689909,0.7859045696899085,21.830682491386348
2648,6.5,1.7173191288838416,4.569577113495739,1.9304228865042612,29.698813638527096
296,6.3,1.9810660212396667,6.250468019810586,0.04953198018941407,0.7862219077684773
1559,7.39,1.6978017855125649,4.461927697040822,2.928072302959178,39.62208799674124
1563,12.8,2.468351430316193,10.802972780770274,1.997027219229727,15.60177515023224
6766,13.69,2.6639724826003826,13.353193810027388,0.33680618997261114,2.4602351349350706
3260,9.7,2.5459020802630032,11.754728687061613,2.0547286870616137,21.18276996970736
100,1.4,1.1126856613956557,2.0425186065146606,0.6425186065146606,45.894186179618615
4204,43.5,3.4758996253242724,31.326897554733122,12.173102445266878,27.98414355233765
3197,7.0,1.784957236338005,4.9593250995692335,2.0406749004307665,29.15249857758238
2937,17.5,2.8295437377965014,15.937731014790021,1.562268985209979,8.927251344057023
7017,15.99,2.6722372910167045,13.472311772550173,2.5176882274498276,15.745392291743762
1499,6.0,1.927479651122178,5.8721681354340465,0.12783186456595352,2.130531076099225
4872,7.0,2.2536079491458647,8.522028931436777,1.5220289314367772,21.743270449096816
1656,5.0,1.858455292480571,5.413821636898468,0.41382163689846774,8.276432737969355
6788,13.29,2.7250831561439117,14.257682644161324,0.9676826441613251,7.281284004223666
346,4.0,1.6837852760166763,4.385904569689909,0.3859045696899086,9.647614242247716
1718,7.5,2.207846819389893,8.096109725179122,0.5961097251791223,7.948129669054964
1665,1.7,1.2637141653824415,2.538539832583458,0.8385398325834579,49.32587250490929
681,6.0,1.9893572828027482,6.3108334535998765,0.31083345359987646,5.180557559997942
6514,69.99,3.3223622367826455,26.725768091458185,43.26423190854181,61.81487628024263
3898,3.9,1.8008786169893567,5.054965123205389,1.1549651232053892,29.614490338599726
6186,20.45,3.1963403088293587,23.442912798976835,2.9929127989768354,14.63527041064467
6408,54.999,3.6569281021686164,37.742147967457164,17.256852032542838,31.37666508944315
7289,23.79,3.1707715746511744,22.82586069631368,0.96413930368632,4.052708296285498
5761,17.75,2.968018854281803,18.45334149002682,0.7033414900268191,3.9624872677567273
7063,49.59,3.6022983063258813,35.68244513132582,13.907554868674183,28.045079388332688
1793,3.8,1.9608107938708224,6.105085490160415,2.3050854901604154,60.660144477905675
3542,5.9,2.21677161141324,8.177653954077607,2.277653954077607,38.60430430640012
6741,18.8,3.1792163440466643,23.027916552312533,4.227916552312532,22.48891783144964
1706,6.2,2.065282625878535,6.887526801858904,0.6875268018589038,11.08914196546619
1414,5.6,1.73125035210713,4.647711123010452,0.9522888769895479,17.0051585176705
4761,2.9,1.4857936996150234,3.4184709601187997,0.5184709601187998,17.878308969613787
3066,8.8,1.8931595654467808,5.640316084527091,3.1596839154729093,35.90549903946488
2991,8.0,1.9521803445473314,6.044029260226562,1.9559707397734378,24.44963424716797
6041,9.75,2.3082523383082303,9.05683334528392,0.6931666547160802,7.109401586831591
84,37.9,3.600653568707707,35.622161722676395,2.2778382773236032,6.010127380801064
5327,9.5,2.135623898606611,7.462324492686028,2.0376755073139723,21.44921586646287
3207,9.0,2.5181251281566595,11.405316468151659,2.405316468151659,26.72573853501843
5025,3.99,1.6636261774231667,4.278416658292406,0.28841665829240615,7.228487676501406
1561,1.2,1.2054669574026313,2.3383175662651974,1.1383175662651974,94.85979718876646
6072,8.39,3.3634268361247486,27.888015950501817,19.498015950501816,232.39589929084406
2948,8.9,2.4780090040251395,10.917513060732622,2.0175130607326217,22.668686075647436
3528,7.8,2.111709222119213,7.262351416314386,0.5376485836856135,6.892930560071968
1297,5.0,1.8890626584684709,5.613166978876409,0.6131669788764089,12.263339577528178
4866,8.499,2.1349882249364924,7.4569469251881415,1.042053074811859,12.260890396656771
6289,13.28,2.7925236608184245,15.322159462987315,2.042159462987316,15.377706799603283
4506,14.2,2.6690710128202486,13.42656087558846,0.7734391244115386,5.446754397264357
1912,18.5,2.771701802918038,14.985815581999125,3.514184418000875,18.99559144865338
6456,79.99,3.844283039183897,45.72517222129748,34.26482777870252,42.83638927203716
5998,9.494,2.5713199502126582,12.0830820657811,2.589082065781101,27.270719041300833
6127,18.99,2.953419622099868,18.171400708031946,0.8185992919680523,4.310686108309912
6875,44.199,3.4342895367143003,30.009373716020605,14.189626283979393,32.10395322061448
1817,12.2,2.3282963108898516,9.26044602366507,2.9395539763349294,24.0947047240568
3722,7.6,2.2152630050416753,8.163818925276688,0.5638189252766885,7.418670069430113
5451,9.79,2.5986576996135544,12.445677778090923,2.655677778090924,27.126432871204536
6187,36.99,3.5033993646763024,32.22821500909786,4.761784990902143,12.8731683993029
7164,8.99,2.5992932436865432,12.454225814949464,3.4642258149494634,38.53421373692395
3089,1.2,1.023591729242716,1.7831732379549012,0.5831732379549013,48.597769829575114
4845,6.0,1.8789601982390776,5.546694057852047,0.45330594214795283,7.555099035799214
3142,3.2,1.1497902044261357,2.1575304042936847,1.0424695957063155,32.57717486582236
1623,5.5,1.8327351970468362,5.250960906975595,0.24903909302440486,4.527983509534634
6834,18.38,2.95524863213873,18.206497478774956,0.17350252122504273,0.9439745442058908
5459,16.79,3.1522283386985017,22.388123217314774,5.598123217314775,33.34200844142213
5605,47.95,3.6309318177496266,36.74797446690434,11.202025533095664,23.361888494464367
6392,26.4,3.181430996069106,23.08118899448737,3.3188110055126288,12.571253808759957
1199,2.0,1.3911714810486602,3.0195561297461557,1.0195561297461557,50.97780648730779
373,6.0,1.5445728016270304,3.6859693608832904,2.3140306391167096,38.567177318611826
2457,5.7,1.8719052435835275,5.500669967957679,0.19933003204232147,3.49701810600564
5260,4.99,1.6978017855125649,4.461927697040822,0.5280723029591785,10.582611281747063
3819,21.09,3.129159998036663,21.854773422434416,0.7647734224344163,3.62623718555911
7284,23.3,3.308681523360622,26.34904261613043,3.0490426161304285,13.086019811718577
1317,8.0,2.384612819824107,9.85485906495568,1.8548590649556793,23.18573831194599
1446,13.0,2.7647024244284064,14.874315479196705,1.8743154791967047,14.417811378436191
3799,18.9,2.9044641680283827,17.255459172343624,1.6445408276563747,8.7012742204041
3482,3.7,1.7432795591229018,4.716058869703136,1.0160588697031354,27.461050532517174
1488,6.399,1.983104213996787,6.265260941506125,0.1337390584938749,2.0899993513654462
4486,4.0,1.6887629071338917,4.412780449486611,0.4127804494866112,10.31951123716528
6067,102.0,4.115654860843172,60.292339076080836,41.707660923919164,40.88986365090114
812,5.123,1.5671015479305095,3.7927365252621676,1.3302634747378326,25.966493748542508
3580,34.5,3.506476917326924,32.330634109524446,2.1693658904755537,6.288017073842185
4317,3.95,1.303852022240834,2.6834581376291102,1.26654186237089,32.06435094609848
3366,3.9,1.396553890988221,3.0412493571613037,0.8587506428386962,22.019247252274262
3651,4.0,1.5602616405326106,3.7600665085616196,0.2399334914383804,5.99833728595951
6684,40.5,3.5218246665051645,32.84613005415709,7.6538699458429065,18.898444310723225
1511,3.5,1.3075166907350981,2.6969815549019036,0.8030184450980964,22.9433841456599
7149,18.29,2.965106603153684,18.396770888208525,0.10677088820852632,0.5837664746228886
1801,3.4,1.4418720900820936,3.2286047405739,0.17139525942610012,5.041037041944121
4516,4.6,1.8719052435835275,5.500669967957679,0.9006699679576791,19.579781912123458
921,7.8,2.2819956184577967,8.796210414147481,0.9962104141474812,12.77192838650617
322,15.0,2.744916234592716,14.56331021056347,0.4366897894365298,2.9112652629101987
3838,2.5,1.3083809553133035,2.7001781062401577,0.20017810624015775,8.00712424960631
5634,27.49,3.3898333765339532,28.661009638368657,1.171009638368659,4.259765872566967
7262,9.08,2.7101026791460634,14.030818787280811,4.950818787280811,54.52443598326885
4402,6.85,2.1654081398686937,7.718159419263204,0.8681594192632041,12.673860135229257
6217,10.45,2.4753238374543605,10.885555477973071,0.4355554779730717,4.167995004527002
1569,5.9,2.1418295169993615,7.5150017275634795,1.6150017275634792,27.372910636669133
4661,17.5,2.8790435953327704,16.797243670449024,0.7027563295509758,4.015750454577004
231,12.9,2.481958827590321,10.964678220368715,1.9353217796312858,15.002494415746401
1545,1.8,1.2660458244808472,2.546800127532759,0.7468001275327592,41.48889597404217
1420,1.0,1.046492105558107,1.8476443412090777,0.8476443412090777,84.76443412090777
1079,5.9,2.26883845700589,8.668164300979946,2.7681643009799455,46.91803899966009
3103,7.9,2.014348476695648,6.495842074133029,1.4041579258669712,17.774150960341405
1115,4.75,1.9055166193921076,5.7228799007634485,0.9728799007634485,20.48168212133576
6946,14.45,2.9512721208151937,18.130274275720996,3.680274275720997,25.469026129557076
1941,10.9,2.3282963108898516,9.26044602366507,1.6395539763349305,15.041779599403032
1867,10.95,2.128166126469387,7.399449151271359,3.5505508487286406,32.42512190619763
2586,6.65,2.3218524409094687,9.194541611328066,2.544541611328066,38.26378362899347
2751,11.5,2.2910919069273854,8.885726082928178,2.614273917071822,22.732816670189756
1425,9.59,2.263815947365283,8.619727591312323,0.9702724086876771,10.117543364835006
5395,14.5,2.6440972004256555,13.070736292506632,1.4292637074933676,9.856991086161155
4053,32.5,3.117089688220304,21.58056743121223,10.91943256878777,33.59825405780852
7283,16.95,2.9663237333344235,18.420393656541357,1.4703936565413578,8.674888829152554
4333,4.49,2.1659664958585547,7.723028615041324,3.2330286150413237,72.00509164902725
1618,9.0,2.6697809091063998,13.43680587358874,4.436805873588741,49.29784303987489
2402,16.8,2.79273039195258,15.32553411033528,1.474465889664721,8.77658267657572
265,15.3,2.733342180177903,14.384218021922564,0.9157819780774368,5.985503124689129
0,9.99,2.263815947365283,8.619727591312323,1.3702724086876774,13.716440527404178
4015,16.5,2.6378091093646527,12.982535818331638,3.5174641816683625,21.317964737384017
5187,3.5,1.4728852478256547,3.361801882660874,0.13819811733912601,3.9485176382607436
838,1.2,1.374640420973519,2.953654815942176,1.7536548159421759,146.13790132851466
14,21.9,2.8116812604284136,15.637867305270198,6.2621326947298,28.594213217944297
3263,2.6,1.181040941081927,2.2577635784575083,0.3422364215424918,13.162939290095837
4912,21.0,2.676412119090511,13.532857482056462,7.467142517943538,35.557821514016844
6477,29.155,3.3806837690751297,28.390860805861944,0.7641391941380569,2.620954190149398
8,16.5,2.693243714642633,13.779538858225742,2.7204611417742584,16.487643283480356
1039,8.5,2.7027789164616673,13.921138763011507,5.421138763011507,63.77810309425303
2759,11.9,2.4831616726042838,10.979078532845545,0.9209214671544554,7.738835858440801
3992,15.5,2.6272989877808377,12.836347242380347,2.663652757619653,17.184856500771957
6472,12.99,2.6340291712222803,12.92978246288638,0.06021753711362088,0.4635684150394217
4141,32.79,3.2958168165528092,25.999458670235665,6.790541329764334,20.709183683331304
6629,18.1,2.876723379173534,16.75599808593429,1.3440019140657107,7.425424939589561
339,4.1,1.5546028940151508,3.7332065672574757,0.36679343274252396,8.946181286403023
1956,3.3,1.6283402243057665,4.0954104576628705,0.7954104576628707,24.103347201905173
4220,6.5,1.8513739473631192,5.368563585430321,1.131436414569679,17.406714070302755
2770,29.999999,2.55068061339826,11.815823436110298,18.184175563889703,60.613920566763035
1090,23.5,3.1849109689086426,23.165136861561763,0.33486313843823723,1.4249495252690945
4512,8.999,1.9330761066274684,5.910735738904861,3.08826426109514,34.31786044110612
1883,6.0,2.324510721652014,9.221677616552979,3.221677616552979,53.69462694254965
622,5.3,2.0790591269386987,6.99694126696048,1.6969412669604802,32.017759753971326
7220,12.5,2.686119740261235,13.674623951296555,1.1746239512965548,9.396991610372439
5192,3.8,2.040632507273125,6.6954751038299625,2.8954751038299626,76.19671325868323
5045,2.8,2.1222908549281683,7.350244792734287,4.550244792734287,162.50874259765314
4331,16.5,3.057774397835085,20.28014328641813,3.780143286418131,22.909959311625038
4952,4.7,1.545323077936568,3.6894864519120345,1.0105135480879657,21.500288257190757
3032,8.4,1.971510972587136,6.181519373539979,2.218480626460021,26.41048364833358
4568,5.999,1.8663306655393668,5.4645322956036395,0.5344677043963602,8.90927995326488
889,4.5,2.0909313101115745,7.0924482348166915,2.5924482348166915,57.60996077370426
1507,3.1,1.341215635335747,2.823688892576567,0.276311107423433,8.913261529788162
3688,10.0,2.02581276058889,6.582271012020599,3.417728987979401,34.17728987979401
196,1.9,0.774387039481661,1.1692620475928441,0.7307379524071558,38.459892231955564
5533,12.99,2.64379212946645,13.066444374192253,0.0764443741922527,0.5884863294245781
3980,11.2,2.6427099023182192,13.05122952066019,1.8512295206601905,16.52883500589456
2789,3.8,1.6570759239738133,4.243954681927273,0.4439546819272735,11.683017945454566
6575,38.0,2.864043984051681,16.532284046913404,21.467715953086596,56.49398935022788
4236,21.5,2.5304599994224746,11.559282070602418,9.940717929397582,46.235897346035266
432,4.2,2.110140287551934,7.249398491373196,3.0493984913731955,72.60472598507607
2598,10.9,2.4724020985584225,10.850879669729764,0.04912033027023632,0.45064523183703054
6091,28.99,3.2832889241421963,25.663322293371134,3.326677706628864,11.47525942265907
1694,23.5,3.2075001849477824,23.717220450576807,0.21722045057680717,0.9243423428800305
5357,29.9,3.24859903776113,24.75423392231458,5.145766077685419,17.209919992258925
1108,13.9,2.7413079688932127,14.507254844305741,0.6072548443057411,4.368739887091662
6353,37.5,3.770753769706035,42.412775741266714,4.912775741266714,13.10073531004457
6690,60.89,3.862944458726838,46.60531709744616,14.28468290255384,23.4598175440201
6262,110.99,4.442933939820069,84.02403147951826,26.965968520481738,24.29585414945647
4825,1.65,1.4417604418681698,3.228132650761707,1.5781326507617073,95.64440307646711
1277,4.6,1.8639348231406432,5.449062833637983,0.8490628336379835,18.45788768778225
1195,5.9,1.867708394513622,5.473444807155236,0.4265551928447646,7.229749031267197
6062,18.19,3.126211115357063,21.78747665085208,3.59747665085208,19.777221829863002
604,9.0,2.362187812878144,9.614147837836061,0.614147837836061,6.823864864845122
3742,6.2,1.6188255666386269,4.047159282202094,2.152840717797906,34.723237383837194
1593,17.9,2.866455073895861,16.5746069605947,1.3253930394052986,7.404430387739098
1219,19.4,3.0226555597813403,19.545779850527868,0.14577985052786957,0.751442528494173
2229,7.0,2.151780877696326,7.600160601656597,0.6001606016565972,8.573722880808532
4519,4.1,1.514017698634703,3.544954418447479,0.5550455815525206,13.537697111037089
1652,3.3,1.4658849672494245,3.3313746694335045,0.03137466943350464,0.9507475585910499
4657,5.9,2.0853055906068247,7.047050208953083,1.1470502089530825,19.441528965306482
4865,5.9,1.5938857104991877,3.922840545249346,1.9771594547506544,33.51117719916363
6264,11.09,2.4475990101317406,10.560556591418571,0.5294434085814288,4.774061393881233
4955,38.0,3.606601503224027,35.84063703677991,2.15936296322009,5.682534113737079
1158,12.0,2.436294537017036,10.430606482863528,1.5693935171364721,13.0782793094706
4818,10.8,2.4743959805970297,10.874532498484026,0.07453249848402521,0.6901157267039372
3256,8.8,2.168188356994514,7.742431520607708,1.0575684793922928,12.017823629457872
5728,38.699,3.7051336730305637,39.655481495089624,0.9564814950896263,2.4715922765178076
4650,17.5,2.8803834434055524,16.82110525496104,0.67889474503896,3.8793985430797715
7219,15.49,2.9838940089621473,18.764630639351076,3.2746306393510753,21.14028818173709
5702,14.19,2.7386861069924624,14.466650216767421,0.27665021676742185,1.9496139307076947
2807,4.59,1.3362296554640525,2.8046715062728813,1.7853284937271185,38.89604561496991
2851,8.6,2.608050210661565,12.572561400284325,3.9725614002843255,46.19257442191076
4559,10.49,2.2781774319706405,8.758877972385566,1.7311220276144343,16.50259320890786
2995,6.5,2.054756436032641,6.804936639776419,0.30493663977641905,4.691332919637216
904,5.95,1.6190930877771361,4.048509684622049,1.9014903153779512,31.95782042652019
6841,21.169,2.898618978100795,17.149063799773355,4.019936200226645,18.989731211803324
2357,23.8,3.2936555206540308,25.941167865471748,2.141167865471747,8.99650363643591
3383,12.8,2.510031576630092,11.305318614869824,1.4946813851301766,11.677198321329504
3470,9.0,2.729168749214954,14.320146841410166,5.320146841410166,59.112742682335174
1616,7.8,2.263815947365283,8.619727591312323,0.819727591312323,10.50932809374773
3575,5.8,2.0100588181689076,6.463756338889754,0.6637563388897538,11.444074808444032
6977,26.95,3.2968036410163357,26.026115547219334,0.9238844527806656,3.4281426819319685
5006,10.9,2.322875287670176,9.204974399854503,1.695025600145497,15.550693579316485
3820,3.65,1.58394787145142,3.8741604364351963,0.22416043643519634,6.1413818201423656
1860,7.5,1.8288419256345052,5.226671532820513,2.2733284671794873,30.31104622905983
2088,4.99,1.6089539287033134,3.9975806668522322,0.992419333147768,19.888162988933225
7077,27.52,2.992228196643377,18.930041104046552,8.589958895953448,31.2135134300634
6930,27.699,3.2387494419397207,24.501810303526938,3.197189696473064,11.542617771302444
5213,4.1,2.1839779585656482,7.8815665840366105,3.781566584036611,92.23333131796613
2251,3.2,1.1288501099769088,2.092098881427428,1.1079011185725722,34.62190995539288
3784,14.0,2.838393504543701,16.08829121217736,2.08829121217736,14.916365801266856
3127,6.5,1.8931595654467808,5.640316084527091,0.8596839154729086,13.225906391890902
254,11.7,2.2819956184577967,8.796210414147481,2.9037895858525182,24.818714408995884
6705,16.78,2.8200877804510602,15.778323416297372,1.0016765837026291,5.969467125760603
4989,2.999999,1.6837852760166763,4.385904569689909,1.3859055696899087,46.19686772195287
221,14.85,2.7250088183736616,14.2565484642111,0.5934515357888994,3.996306638309087
267,2.9,1.300349992289031,2.670581117919817,0.22941888208018302,7.9109959337994145
107,8.1,1.8999434097060695,5.68551609625305,2.41448390374695,29.808443256135185
4800,5.5,1.6314029125891885,4.111040033613155,1.388959966386845,25.253817570669913
1226,5.4,2.184497323903383,7.886180559931002,2.486180559931002,46.040380739463
4938,4.9,1.9164266272380146,5.796628138645841,0.8966281386458403,18.298533441751843
3418,9.5,2.2469950248777115,8.459268219864684,1.0407317801353155,10.955071369845426
4154,8.5,1.994579580564937,6.349112668516431,2.1508873314835686,25.30455684098316
1758,6.99,2.254675029421889,8.532195123804273,1.542195123804273,22.06287730764339
2284,9.99,2.2606675598175756,8.589488587780867,1.4005114122191333,14.01913325544678
2526,3.3,1.478904442395037,3.3881355912161215,0.08813559121612169,2.670775491397627
4004,15.0,2.094390407535122,7.120489272035661,7.879510727964339,52.53007151976227
1210,15.5,2.9717924550611396,18.526889317426566,3.0268893174265656,19.528318176945586
6664,11.5,2.6593019808086527,13.286313496507589,1.7863134965075886,15.533160839196421
2464,13.6,2.483500750406037,10.983141061179158,2.616858938820842,19.241609844270897
4240,13.5,2.6011610478417504,12.479379157277691,1.020620842722309,7.560154390535621
4198,14.5,2.644859933052558,13.081472596105497,1.4185274038945028,9.782947613065538
376,4.5,1.6782138744547739,4.355980968161854,0.14401903183814557,3.2004229297365683
755,1.8,1.2907388878228736,2.6354717694156253,0.8354717694156253,46.41509830086807
291,12.49,2.657966851976114,13.26725215495258,0.7772521549525795,6.222995636129539
5091,1.7,1.572756410495338,3.8199155660657764,2.1199155660657762,124.70091565092802
1465,1.35,1.283751109781332,2.6101564515359974,1.2601564515359973,93.3449223359998
188,4.7,1.9339660432856416,5.916888593393159,1.2168885933931586,25.891246667939544
1870,33.0,2.626382323444899,12.823669767705756,20.176330232294244,61.14039464331589
1201,8.7,2.47400696359521,10.869914001848558,2.169914001848559,24.941540251132864
1649,4.0,1.4937692980500095,3.453851814388008,0.5461481856119921,13.653704640299802
6030,128.96,4.793326291048772,119.7021922874052,9.257807712594811,7.178821117086547
3706,30.49,3.0775681910262502,20.705554402152536,9.784445597847462,32.09067103262533
4176,6.5,1.9896982600792084,6.313326706726713,0.1866732932732873,2.8718968195890353
501,10.0,2.3507173597745425,9.493094349270054,0.5069056507299461,5.069056507299461
6193,26.99,3.0692544068788186,20.52584716673282,6.464152833267178,23.950177225888027
2605,5.5,1.9055166193921076,5.7228799007634485,0.22287990076344855,4.052361832062701
6874,64.89,4.302724012642878,72.90082655311893,8.010826553118932,12.345240488702313
3312,23.5,2.8559672173728705,16.391250194763238,7.108749805236762,30.249999171220267
2812,6.5,2.0041154395978418,6.419527972560442,0.08047202743955761,1.2380311913778095
4763,5.5,2.069376971925394,6.9198872683068595,1.4198872683068595,25.81613215103381
6753,76.79,3.8637004107910116,46.64131804095096,30.14868195904905,39.261208437360395
672,7.9,1.8931595654467808,5.640316084527091,2.259683915472909,28.60359386674568
4766,13.8,2.7422522840356183,14.521905496199873,0.7219054961998719,5.231199247825159
3753,7.35,2.0526109756991104,6.788209408032445,0.5617905919675543,7.643409414524549
1374,12.8,2.6330084959573825,12.915571931883537,0.11557193188353665,0.9029057178401301
7043,23.99,3.6123248587494894,36.052093643776146,12.062093643776148,50.27967337964214
6988,15.58,2.870960483672634,16.65396640578683,1.0739664057868286,6.893237521096461
5718,79.99,4.31631862538809,73.91233965774022,6.077660342259776,7.598025180972343
1192,4.9,1.893412793929574,5.6419978146164365,0.7419978146164361,15.142812543192571
3053,52.9,3.559760493658178,34.15477634484941,18.74522365515059,35.43520539726009
3950,2.8,1.3580588556027073,2.888637563758472,0.0886375637584722,3.1656272770882934
216,13.0,2.5088559276259876,11.290860379865148,1.7091396201348523,13.147227847191173
4697,6.49,2.1041186795911444,7.199873108613488,0.709873108613488,10.937952366925854
421,1.2,1.0033593813198782,1.7274289293532505,0.5274289293532506,43.95241077943755
505,3.9,1.8103410011285956,5.112531457008431,1.212531457008431,31.090550179703357
4836,2.9,1.375854940352932,2.9584595234502364,0.05845952345023653,2.0158456362150527
6453,19.9,3.014108811036535,19.370928502012376,0.5290714979876228,2.658650743656396
6845,49.5,3.6143277587340306,36.12637965044943,13.37362034955057,27.01741484757691
6252,20.59,3.087267012393483,20.91709689513751,0.3270968951375117,1.58862018036674
506,16.3,2.7647024244284064,14.874315479196705,1.425684520803296,8.746530802474208
1807,8.9,1.927292847743873,5.870884511106482,3.0291154888935186,34.0350054931856
4436,20.89,3.1295606880337687,21.863932936471176,0.9739329364711757,4.662196919440764
1438,5.99,1.3600374691228734,2.8963392914758135,3.0936607085241867,51.64709029255737
5520,76.49,4.26117592327878,69.89329953925164,6.596700460748352,8.624265212117077
7069,41.599,3.1716946803292276,22.84786463802621,18.751135361973787,45.07592817609507
4704,3.8,1.328614841573894,2.7758096690624745,1.0241903309375253,26.95237712993488
1426,27.9,3.4232666723338627,29.669438566488996,1.7694385664889971,6.342073715014326
2859,7.5,1.9810660212396667,6.250468019810586,1.2495319801894142,16.660426402525523
3016,5.0,1.737826291719657,4.684972510346504,0.31502748965349614,6.300549793069924
2688,20.49,3.061731879045157,20.364525914824,0.12547408517599834,0.6123674239921832
4664,12.0,1.7796662155425742,4.927877454975875,7.072122545024125,58.934354541867705
2280,2.95,1.6944148417112093,4.443459747491916,1.493459747491916,50.62575415226833
347,6.5,2.0362021813252156,6.661457051966483,0.16145705196648308,2.4839546456382013
4320,12.99,2.8201703642553695,15.77970909129139,2.7897090912913907,21.475820564213937
333,11.5,2.0462152944482797,6.738557451437788,4.761442548562212,41.40384824836706
4386,6.5,1.982719049548322,6.262463160120186,0.2375368398798141,3.6544129212279093
3381,7.75,1.8772590842110006,5.535566851759212,2.214433148240788,28.57333094504243
5781,18.355,3.129833158045896,21.870163521340874,3.515163521340874,19.150986223595062
6380,15.89,2.5769240000282854,12.15660613326729,3.73339386673271,23.495241452062366
5832,83.49,4.509723911956527,89.8967195484691,6.406719548469098,7.673637020564258
6831,8.29,2.553292067076626,11.849335103402295,3.5593351034022955,42.93528472137872
3023,9.79,2.4171235016733412,10.21355710028689,0.42355710028689053,4.32642594777212
6726,5.65,1.8516233516791172,5.3701521307620315,0.2798478692379689,4.953059632530422
746,14.5,2.7009881138255807,13.894441859958162,0.605558140041838,4.176263034771297
3410,34.0,2.9222370694622097,17.58281203707765,16.41718796292235,48.28584694977161
5257,5.7,1.8905375213468791,5.622927689447805,0.07707231055219488,1.3521457991613135
3704,5.0,1.5662132422224802,3.788481000433026,1.211518999566974,24.23037999133948
3589,2.5,1.3693846394427103,2.9329297808174664,0.43292978081746636,17.317191232698654
5019,7.8,2.071289368435668,6.93504772486216,0.8649522751378402,11.089131732536414
4038,24.2,3.061731879045157,20.364525914824,3.835474085175999,15.849066467669418
3608,9.3,2.0386170112814797,6.679980524480877,2.6200194755191237,28.17225242493681
6968,28.59,3.3101260949447275,26.388578815505962,2.2014211844940377,7.699969165771381
259,4.8,1.8812875255907096,5.561948101687141,0.7619481016871408,15.873918785148767
1795,11.49,2.263815947365283,8.619727591312323,2.8702724086876774,24.980612782312246
4210,20.0,2.85334713404965,16.345743312103263,3.654256687896737,18.271283439483685
3653,8.3,1.5839914254162624,3.8743727300705624,4.425627269929438,53.320810481077565
3265,4.59,1.8931595654467808,5.640316084527091,1.0503160845270916,22.8827033666033
3246,5.0,1.9330868982405103,5.910810317293199,0.9108103172931994,18.216206345863988
1730,25.0,2.4111410695508213,10.146673020295566,14.853326979704434,59.413307918817736
599,11.5,2.8523756242542264,16.328899935644035,4.828899935644035,41.99043422299161
45,13.0,2.6577742392478805,13.264504365228749,0.2645043652287491,2.03464896329807
4651,23.5,2.6091686974905026,12.587750624335518,10.912249375664482,46.43510372623184
5070,6.0,1.9514163978393233,6.038650052237832,0.038650052237832355,0.644167537297206
4575,6.0,1.571883755342582,3.8157112766254286,2.1842887233745714,36.40481205624286
3921,14.2,2.1178702371856915,7.31341302201915,6.8865869779808495,48.49709139423134
3881,2.686686,1.4491552190554973,3.2595146380300637,0.5728286380300638,21.321011760587723
6979,5.85,2.584417549254984,12.255566126697417,6.405566126697417,109.49685686662252
6997,28.9,3.1661254469838505,22.71541946643153,6.184580533568468,21.399932642105426
1421,1.9,1.3257347882562531,2.7649507804932756,0.8649507804932757,45.523725289119774
4251,17.2,2.911879747630911,17.39133716739146,0.19133716739145967,1.1124253918108122
3529,2.3,1.0821359198637994,1.9509758724363793,0.34902412756362056,15.174962067983502
6651,12.09,2.7820586398084566,15.152238385863146,3.0622383858631466,25.328688055112874
6497,96.79,4.618931491703055,100.38564283186916,3.5956428318691565,3.7148908274296475
7180,15.99,3.094420976106803,21.074453200562644,5.084453200562644,31.797706069810154
3044,13.2,2.7413079688932127,14.507254844305741,1.3072548443057421,9.903445790195017
1298,4.1,1.8931595654467808,5.640316084527091,1.5403160845270918,37.568684988465655
426,6.5,1.8108846373699103,5.115855354048222,1.3841446459517783,21.294533014642745
4603,8.2,1.9208092903649354,5.826480839558689,2.37351916044131,28.94535561513793
805,19.9,2.853473927912136,16.347942785332403,3.5520572146675953,17.84953374204822
410,7.7,2.3471601933672765,9.455834974728536,1.7558349747285353,22.803051619851107
6097,12.38,2.7159224958749784,14.118550441357941,1.7385504413579405,14.043218427770116
3858,15.0,2.0237647291361696,6.5667581733180205,8.433241826681979,56.221612177879855
438,8.8,2.4752031507761765,10.88412113631877,2.0841211363187693,23.683194730895103
2389,2.0,1.2654733470194612,2.544770245486004,0.5447702454860042,27.23851227430021
4161,9.2,2.459706398226061,10.70137549098882,1.5013754909888206,16.319298815095877
434,5.8,1.959007973694767,6.092287838085041,0.29228783808504133,5.03944548422485
751,10.5,2.16294059840707,7.696673519003864,2.8033264809961356,26.698347438058434
3411,8.5,1.9123879265684223,5.769233947735686,2.730766052264314,32.12665943840369
2874,6.99,1.9103078919373742,5.755168340245362,1.2348316597546383,17.66568898075305
4383,14.6,2.8049190676409523,15.525738384946518,0.9257383849465182,6.3406738694967
2142,9.0,2.1568036632911944,7.6434660303380735,1.3565339696619265,15.072599662910294
6044,24.0,3.458629742331522,30.773408914846463,6.773408914846463,28.2225371451936
4937,7.5,2.0159803962241156,6.508084671946341,0.9919153280536586,13.225537707382115
4856,5.9,2.184779249137188,7.8886861516411635,1.9886861516411631,33.70654494307056
1049,6.0,1.895092587647434,5.653164376954372,0.346835623045628,5.7805937174271325
626,6.5,2.0438547440574193,6.720311740054063,0.22031174005406307,3.389411385447124
1926,10.2,2.4568740608030835,10.66828013801337,0.4682801380133714,4.590981745229132
1223,7.6,1.9103078919373742,5.755168340245362,1.8448316597546377,24.274100786245235
210,7.89,2.4571378413580005,10.671358409399321,2.7813584093993216,35.25169086691156
2431,3.89,1.289495949245322,2.6309559083561576,1.2590440916438426,32.366172021692606
6216,14.59,2.7745764038925427,15.031834534422984,0.44183453442298415,3.028338138608527
4927,16.0,2.813461921062237,15.66752009355272,0.3324799064472792,2.077999415295495
51,18.8,2.732137666670589,14.36569867915402,4.4343013208459805,23.586709153436068
1109,12.5,2.5913040211239613,12.347165245317514,0.15283475468248575,1.222678037459886
1436,7.2,2.1501851371803293,7.586447920790494,0.38644792079049406,5.3673322332013065
7277,10.49,2.643433657917371,13.061402857761497,2.5714028577614965,24.51289664214963
3882,2.8,1.6692674635321034,4.308277865478509,1.508277865478509,53.867066624232464
1786,10.8,1.8905375213468791,5.622927689447805,5.177072310552195,47.93585472733514
5456,22.0,3.208439573580504,23.74045043578429,1.7404504357842896,7.911138344474043
4338,6.0,1.7696993601389295,4.869088614133646,1.1309113858663542,18.84852309777257
6336,19.592,3.1327400357373483,21.93674100890631,2.344741008906311,11.967849167549568
1558,2.8,1.5003587468438075,3.4832971505765835,0.6832971505765837,24.40346966344942
2249,26.49,2.8154902122098138,15.70136098499912,10.788639015000879,40.72721409966357
5044,36.0,3.0536760908903497,20.19310919543175,15.806890804568251,43.908030012689586
3786,8.5,2.594653528835061,12.391946634164045,3.8919466341640447,45.78760746075346
4233,12.8,2.7785597811635445,15.095822739691155,2.295822739691154,17.93611515383714
4561,13.0,2.318576621162872,9.16120076971886,3.83879923028114,29.52922484831646
3733,3.5,1.6135095322019473,4.020399600365097,0.5203996003650966,14.868560010431331
5661,63.05,4.459535653222195,85.44735822284595,22.397358222845952,35.52316926700389
5664,70.99,4.26117592327878,69.89329953925164,1.0967004607483517,1.5448661230431777
6291,8.89,2.3202738576867064,9.178461374312086,0.2884613743120852,3.2447848629030953
6970,20.49,3.286810879872445,25.757394896640772,5.2673948966407735,25.70714932474755
4693,29.5,2.7525140651722264,14.682007956476365,14.817992043523635,50.230481503469946
3164,1.0,1.020430370291224,1.7743885214629418,0.7743885214629418,77.43885214629418
2112,5.4,1.752703791416546,4.770182974774155,0.6298170252258455,11.663278244923065
705,7.2,2.125121126343428,7.373911728008245,0.17391172800824517,2.415440666781183
2943,26.5,2.8559672173728705,16.391250194763238,10.108749805236762,38.14622568013873
6952,20.99,2.78550522186699,15.208004446838224,5.781995553161774,27.546429505296686
57,3.8,1.8446460337889725,5.325860253279875,1.525860253279875,40.15421719157566
4881,9.8,2.4329265618020193,10.392173240969539,0.5921732409695384,6.042584091525901
5640,17.2,3.2357690460955277,24.425917964862062,7.225917964862063,42.01115095850037
527,4.5,2.1617479983075705,7.686308047459548,3.1863080474595478,70.80684549910106
1935,3.8,1.582627314347745,3.8677280773299323,0.06772807732993247,1.782317824471907
5058,1.95,1.4854756097572905,3.417065712829003,1.467065712829003,75.23413911943605
565,4.0,1.9560369931976744,6.071248059100863,2.0712480591008626,51.78120147752156
1871,4.9,1.8880925042994852,5.606754298508917,0.7067542985089164,14.423557112426863
6095,18.85,3.1510575887606613,22.360757595787486,3.510757595787485,18.62470873096809
640,5.5,1.5556053872686215,3.7379539541224958,1.7620460458775042,32.03720083413644
5282,5.0,1.6809509276551484,4.370660653387265,0.6293393466127348,12.586786932254695
1747,41.0,3.352858325089956,27.58432026747333,13.41567973252667,32.72117007933334
730,6.5,2.1907926502557267,7.94229842137319,1.4422984213731898,22.18920648266446
