sample_id,y_true_price,raw_prediction,y_pred_price,absolute_error,absolute_percentage_error
3909,5.5,1.574773829618438,3.8296491709795317,1.6703508290204683,30.37001507309942
6004,37.499,3.4100542115224597,29.2668850288429,8.232114971157102,21.95289200020561
1768,27.49,2.9013703970602114,17.199068238041725,10.290931761958273,37.43518283724363
3360,7.8,2.124894691240489,7.372015795105092,0.4279842048949076,5.486976985832149
4700,12.99,2.4891850102777076,11.051450308880408,1.9385496911195919,14.923400239565757
865,3.5,1.3531738904694672,2.8696880264407847,0.6303119735592153,18.008913530263296
7074,52.5,3.7581658159546896,41.86972286112754,10.630277138872458,20.248146931185634
2233,26.0,2.986467954960429,18.81556925979868,7.184430740201321,27.632425923851233
1720,22.0,2.564596412102986,11.995412519951355,10.004587480048645,45.47539763658475
1662,4.7,2.3592524952244425,9.583037623826224,4.883037623826223,103.8944175282175
1566,11.49,2.889922743497456,16.99191955507706,5.501919555077061,47.884417363594956
5141,3.2,1.7674554653092582,4.855933761110477,1.655933761110477,51.74793003470241
7264,63.86,3.9639867594029075,51.666878126077826,12.193121873922173,19.09352000300998
5464,127.0,4.611122648568327,99.59702136890793,27.40297863109207,21.577148528418952
6348,31.79,3.290184191541269,25.847808339697906,5.942191660302093,18.692015288776638
6283,17.99,3.580698998822747,34.89862517581941,16.908625175819413,93.98902265602787
6419,30.9,3.4442306189270893,30.31917779202896,0.580822207971039,1.879683520941874
763,7.9,2.55372634427382,11.854916488483221,3.954916488483221,50.06223403143317
3297,4.8,1.8714576413587105,5.497760904717378,0.6977609047173781,14.536685514945377
2654,3.59,1.3210732982859044,2.7474413419331842,0.8425586580668156,23.46960050325392
2189,3.1399,1.7216870021460813,4.593957526968397,1.4540575269683975,46.309039363304485
3945,1.9,1.1050584949300595,2.019401083296181,0.11940108329618093,6.284267541904259
6006,20.04,3.1414741574609866,22.13795071274104,2.097950712741042,10.468815931841528
1197,19.8,2.531994651153901,11.578570991679905,8.221429008320095,41.52236872888937
429,7.5,2.029605458488584,6.611082878177779,0.8889171218222209,11.852228290962946
4271,5.7,1.899569217317456,5.683014895010298,0.016985104989702293,0.2979842980649525
3905,5.1,2.0236575268602044,6.565947043098442,1.465947043098442,28.744059668596904
2316,2.7,1.9264934647316312,5.865394237457334,3.165394237457334,117.23682360953087
4584,13.5,2.319187114771482,9.16740601178216,4.332593988217839,32.093288801613625
7086,51.49,4.038235363763269,55.72615340667405,4.236153406674049,8.227138098026895
1992,16.5,2.754139927730758,14.70752548443089,1.7924745155691095,10.863481912540058
7240,13.1,2.617901178213584,12.706924981305498,0.39307501869450157,3.0005726617900885
554,7.2,2.391590248969608,9.930862922380111,2.730862922380111,37.928651699723765
1905,11.999,2.5384165970238066,11.65960982870896,0.3393901712910399,2.828487134686556
2034,14.5,2.606433227813305,12.55063253537033,1.9493674646296704,13.443913549170142
1215,6.2,1.9555797971330007,6.068015851248567,0.1319841487514335,2.1287765927650564
1615,7.0,2.1160082054312346,7.297947586019131,0.29794758601913074,4.256394085987582
1002,3.2,1.3171766830013207,2.7328674176505796,0.46713258234942057,14.597893198419392
2388,9.95,2.0822712963837646,7.022670097911945,2.9273299020880543,29.4204010260106
6001,38.9,3.7241572345307423,40.43629694531637,1.5362969453163728,3.94934947382101
1533,4.95,1.6673299232170802,4.298002820482188,0.6519971795178119,13.171660192279028
5326,26.5,3.31970499455677,26.65219180803741,0.1521918080374114,0.5743087095751374
2764,22.5,3.0856046028890614,20.88069197327783,1.6193080267221696,7.196924563209642
6702,12.99,2.926116181778356,17.65503684562454,4.66503684562454,35.912523830827865
496,10.89,2.6504879532904115,13.160946840406604,2.2709468404066033,20.853506339821884
2691,29.5,3.3376014543477637,27.15152294949734,2.348477050502659,7.960939154246301
7213,26.25,3.403567049960958,29.071174345453525,2.8211743454535245,10.74733083982295
5400,13.99,2.6493756609075403,13.145204483776489,0.8447955162235115,6.038566949417524
5931,44.99,3.5383854827646566,33.41131665348012,11.578683346519881,25.736126575949946
828,4.8,1.5264724766989972,3.60191479515374,1.1980852048462598,24.96010843429708
3552,1.55,1.3735628956659036,2.949396947213049,1.399396947213049,90.2836740137451
61,6.9,2.2938597101347447,8.913125728208845,2.013125728208845,29.175735191432533
1429,10.0,2.4350826048629277,10.416761754456319,0.4167617544563189,4.167617544563189
2970,3.2,1.554363267008424,3.7320724990176597,0.5320724990176595,16.62726559430186
3955,29.9,3.3901563273131505,28.670590231489886,1.2294097685101129,4.111738356221113
4121,14.5,2.5892633046805322,12.31995523912482,2.1800447608751803,15.034791454311588
3550,16.4,2.7299766578100595,14.33252912092313,2.0674708790768683,12.60652975046871
5189,4.6,1.343367968268841,2.831927607153809,1.7680723928461908,38.43635636622154
465,5.95,1.9432625442601492,5.9814912791347945,0.031491279134794326,0.5292651955427617
5636,7.5,2.727513614101069,14.294810901408969,6.794810901408969,90.59747868545291
6951,12.9,2.9554823949778437,18.21098776896607,5.31098776896607,41.1704478214424
4230,8.2,1.983141176165255,6.265529486267978,1.9344705137320215,23.591103826000264
6145,42.45,4.230908644968712,67.77970011741836,25.329700117418355,59.669493798394235
1902,8.9,2.1736204833539685,7.790050733010407,1.1099492669895934,12.471340078534757
185,4.7,1.6673299232170802,4.298002820482188,0.4019971795178119,8.55313147910238
2662,4.8,1.7226328207556394,4.599250898988755,0.20074910101124477,4.1822729377342664
932,2.0,1.5877214561178499,3.8925882410928274,1.8925882410928274,94.62941205464136
6485,20.95,3.2555573250656185,24.934064211079598,3.9840642110795983,19.017012940714075
5510,12.99,3.1287221100508775,21.8447677825695,8.854767782569501,68.1660337380254
1487,18.99,2.2938597101347447,8.913125728208845,10.076874271791153,53.06410885619355
1084,17.0,2.629417507882916,12.86569089373546,4.13430910626454,24.319465330967883
7123,11.999,2.6994411036031245,13.871417819947496,1.8724178199474952,15.604782231415076
5735,99.69,4.26892559215909,70.44483347891416,29.245166521085835,29.336108457303478
2939,12.5,2.521828925120621,11.451348435531267,1.0486515644687326,8.389212515749861
1940,7.5,2.1273247974337997,7.39238542269409,0.10761457730590962,1.4348610307454617
5481,17.86,2.8429444247255113,16.166235886999218,1.693764113000782,9.483561662938309
3268,2.2,1.2702086022052725,2.5615954415331017,0.3615954415331015,16.436156433322797
1703,22.5,3.3368811001536076,27.13125118417098,4.631251184170981,20.583338596315475
6381,19.8,3.1127931156948327,21.483756512077136,1.6837565120771352,8.503820768066339
3244,1.5,1.2173426412503994,2.3781987094815373,0.8781987094815373,58.54658063210248
4438,1.5,1.2111380039906485,2.35730310376047,0.8573031037604699,57.153540250698
5549,17.5,2.764978699449719,14.878701761926324,2.621298238073676,14.978847074706719
4063,8.0,2.154933960994108,7.627320420491737,0.37267957950826336,4.658494743853292
5269,5.299999,1.8644306575967917,5.452261294088688,0.15226229408868797,2.8728740154231724
7091,24.299,3.49345763007985,31.899505592665342,7.600505592665343,31.279087998128908
2718,22.0,2.8736824995784893,16.70208624491709,5.297913755082909,24.08142615946777
1740,7.8,2.2736123821380576,8.714429739521082,0.9144297395210819,11.72345819898823
5023,17.5,2.821739624071826,15.806061485969305,1.6939385140306946,9.67964865160397
3994,7.0,2.2311551709024133,8.31061522152768,1.31061522152768,18.723074593252573
101,12.6,2.690505631153224,13.739126598215803,1.1391265982158032,9.04068728742701
4505,15.0,2.860159291940214,16.464308638630296,1.4643086386302961,9.76205759086864
736,8.2,2.4519448487938313,10.610906231672232,2.4109062316722323,29.401295508197954
7111,48.49,3.920711441307012,49.436314494458394,0.9463144944583917,1.9515662909020244
538,25.5,2.928859661814522,17.706286836302397,7.793713163697603,30.56358103410825
4520,9.0,1.942342670131328,5.975072138779738,3.024927861220262,33.61030956911402
5153,8.5,2.1825561516597944,7.868947684277833,0.631052315722167,7.424144890849024
733,10.8,2.695182539686123,13.808221594714245,3.0082215947142448,27.853903654761524
5218,4.4,2.078044153457049,6.988828701356128,2.5888287013561273,58.83701593991197
79,3.7,1.327600937977528,2.7719833021711864,0.9280166978288138,25.081532373751724
5808,17.79,2.8678685802164843,16.59946634392461,1.190533656075388,6.692150961637933
3113,5.5,1.899569217317456,5.683014895010298,0.18301489501029788,3.3275435456417797
5278,5.3,1.5602945738020173,3.7602232756957523,1.5397767243042475,29.052391024608443
3082,5.9,1.7571015316295076,4.795614620376163,1.104385379623837,18.718396264810796
4939,11.5,2.335850813230402,9.338252110261884,2.161747889738116,18.797807736853184
132,8.9,2.070675752344977,6.930180145463035,1.969819854536965,22.132807354347918
737,12.2,2.151595961818402,7.598570442436031,4.601429557563968,37.71663571773745
1041,9.0,2.3721961069440254,9.720910716633414,0.7209107166334139,8.010119073704598
2095,13.5,2.702032836934731,13.910010558640767,0.4100105586407672,3.037115249190868
7199,21.99,3.0658322139299274,20.45230746962745,1.5376925303725493,6.9926899971466545
6848,42.499,3.4280635573172806,29.816909754184124,12.682090245815878,29.840914482260473
1634,9.3,2.754139927730758,14.70752548443089,5.40752548443089,58.14543531646118
6425,20.34,3.0433804031700626,19.976030963718376,0.3639690362816239,1.789424957136794
5527,23.9,3.368368948582291,28.031137143214316,4.131137143214318,17.285092649432293
6243,47.499,3.3350887409713614,27.080875037363935,20.418124962636067,42.98643121462782
6607,41.0,3.822070982052548,44.698751682813665,3.698751682813665,9.021345567838207
3308,17.2,2.7427996948829976,14.53040468170142,2.6695953182985797,15.520903013363835
4726,5.0,2.2005678797578305,8.030140077416757,3.030140077416757,60.60280154833514
5241,1.8,1.5091488501418078,3.5228795072843093,1.7228795072843093,95.71552818246163
5112,14.499,2.3564315770582276,9.553225808853803,4.945774191146198,34.11114001756119
2647,7.5,2.1229901497518004,7.3560861178600785,0.1439138821399215,1.9188517618656202
3139,6.2,1.9802726892038904,6.244718272287115,0.04471827228711511,0.721262456243792
5239,6.6,2.0638129628790183,6.8759433095604745,0.27594330956047486,4.180959235764771
319,9.0,2.1465840080168803,7.555582621093368,1.444417378906632,16.049081987851466
5857,4.845,2.5500673484915763,11.807966350830263,6.962966350830263,143.71447576533052
6898,38.8,3.6939255699777216,39.20235475794394,0.4023547579439395,1.0369967988245865
842,7.5,1.9004254386034454,5.68873948502617,1.8112605149738297,24.150140199651062
1894,5.5,1.565787136491863,3.786441035888947,1.7135589641110531,31.155617529291874
177,7.5,2.520681049116429,11.437064031373119,3.9370640313731187,52.49418708497492
5163,3.8,1.16890811320671,2.218476507276385,1.581523492723615,41.6190392822004
4671,7.3,1.955317626318176,6.066163066657286,1.2338369333427135,16.901875799215254
3832,22.9,2.723604139684359,14.23513296018346,8.664867039816539,37.837847335443406
3961,3.95,1.576272996414588,3.836895050687759,0.11310494931224113,2.8634164382845855
1509,4.0,1.1544526483382318,2.172286585907724,1.8277134140922762,45.6928353523069
6654,19.49,2.7487862146416386,14.623656604928625,4.8663433950713735,24.968411467785398
2177,11.4,2.1660905751401502,7.724111029316418,3.675888970683582,32.24464009371563
3671,1.4,1.1564765297922985,2.1787134192766153,0.7787134192766154,55.62238709118682
1755,6.9,1.7655011730825643,4.84450073066118,2.0554992693388208,29.78984448317131
2245,4.0,1.8607117839918126,5.428310712066407,1.4283107120664074,35.70776780166018
3193,4.799,1.8714576413587105,5.497760904717378,0.6987609047173775,14.560552296673837
1038,13.5,2.4210513917944922,10.257689336991849,3.2423106630081513,24.017116022282604
6559,8.1,1.8151678758167682,5.142107202163701,2.9578927978362985,36.51719503501603
3450,7.29,1.9418515402545673,5.9716473135456605,1.3183526864543396,18.084398991143207
5444,41.29,3.5873902235270454,35.13963637426682,6.150363625733178,14.895528277387207
3433,17.49,2.6939487905900643,13.7899632301439,3.700036769856098,21.155155916844475
3002,15.9,2.8385650202148143,16.09122237327564,0.1912223732756413,1.2026564356958571
2516,1.5,1.0155235778522411,1.760808517220792,0.2608085172207919,17.387234481386127
3698,5.35,1.709780575067758,4.527748418718959,0.8222515812810407,15.36918843515964
2045,4.99,1.8456214300865343,5.332033484133644,0.3420334841336441,6.854378439551985
4239,9.49,1.9568790282858632,6.07720480562675,3.41279519437325,35.96201469307956
4710,4.99,1.9327107216694555,5.908211121273804,0.9182111212738038,18.401024474424922
1728,31.5,3.379545577970802,28.357427419944756,3.142572580055244,9.976420889064268
3319,9.19,2.4774339382701918,10.910661677274065,1.720661677274066,18.723195617780913
5372,2.899,1.6639941372727467,4.280359261070007,1.3813592610700072,47.64950883304612
2771,27.5,2.9684495041709846,18.4617208735445,9.0382791264555,32.866469550747276
4552,1.5,1.246449064164767,2.4779709526745446,0.9779709526745446,65.1980635116363
3379,5.0,2.380191351024628,9.806970590989813,4.806970590989813,96.13941181979627
3857,6.7,2.0606487310736044,6.851061386090105,0.1510613860901051,2.2546475535836583
5435,23.49,3.4347656075195063,30.024139888127362,6.534139888127363,27.816687476063702
4104,3.2,1.450356227280421,3.2646334233808876,0.0646334233808874,2.019794480652731
6784,28.799,2.8778740164133843,16.776440557241628,12.022559442758372,41.7464475945636
2412,21.49,2.6484182993271985,13.131668888720808,8.35833111127919,38.894048912420615
6248,27.89,3.5628052490187088,34.26197715587827,6.37197715587827,22.846816622008852
3045,11.5,2.360551903354112,9.596798247348069,1.9032017526519311,16.54958045784288
1918,14.9,2.5966351031095387,12.41851008112897,2.4814899188710307,16.654294757523697
3824,4.0,1.9714354401351895,6.180976956258305,2.180976956258305,54.52442390645762
1550,13.5,2.6159553250763175,12.68027925107472,0.8197207489252794,6.072005547594662
1934,7.9,2.1262537072322347,7.38340123319767,0.5165987668023302,6.539224896232028
7148,19.199,2.8506180650755994,16.298470117442957,2.900529882557045,15.107713331720635
3370,8.99,2.2224479847065917,8.229897881615509,0.7601021183844914,8.454973508170092
2481,10.7,2.471834986890627,10.844160802949364,0.14416080294936506,1.3472972238258418
6017,21.999,2.8013747473996746,15.467269553226679,6.53173044677332,29.691033441398794
5643,21.1,2.9272397526274094,17.676008880789706,3.423991119210296,16.227446062608035
3889,2.9,1.910488484781725,5.756388385472398,2.8563883854723984,98.49615122318616
3664,26.0,3.064688865042709,20.427794014140236,5.572205985859764,21.431561484076013
1600,14.8,2.754139927730758,14.70752548443089,0.09247451556911024,0.6248278078993935
2275,23.49,2.823177549113941,15.830244725315197,7.659755274684802,32.60857928771734
4024,8.2,2.041249279319606,6.7002229217685825,1.4997770782314168,18.289964368675815
2312,8.0,2.1642574332860756,7.708133145587038,0.29186685441296234,3.6483356801620292
3935,6.9,1.9356421691435801,5.92849189079791,0.9715081092020901,14.079827669595508
4352,1.0,1.5245958950297618,3.5932870240962114,2.5932870240962114,259.32870240962114
1672,1.3,1.927953820739968,5.875427481452574,4.575427481452574,351.95596011173643
3792,15.9,2.8899139870643245,16.991762010726337,1.0917620107263364,6.866427740417209
1034,4.6,1.8607117839918126,5.428310712066407,0.8283107120664077,18.0067546101393
3439,10.5,2.3619906830337563,9.612055678744754,0.8879443212552456,8.456612583383292
3221,8.9,2.464734774784607,10.760362593603896,1.8603625936038952,20.902950489931406
2955,5.5,1.7507280021730192,4.7587935645616195,0.7412064354383805,13.47648064433419
4490,2.0,0.9544880899579773,1.597340637787393,0.4026593622126069,20.132968110630344
7244,46.49,3.697526156359059,39.347367718162936,7.142632281837066,15.363803574611886
6285,16.09,3.053000060709454,20.178786855701038,4.088786855701038,25.41197548602261
2268,16.49,2.9601425490113016,18.30072285837547,1.8107228583754704,10.980732919196305
1699,2.6,1.2949967194148164,2.65098399675762,0.05098399675762,1.9609229522161538
3519,10.5,2.316643636095979,9.141578291457854,1.3584217085421457,12.937349605163293
87,8.5,2.4305213788011386,10.364805904466659,1.8648059044666585,21.938892993725396
7113,22.59,3.094011127808522,21.06540787721472,1.524592122785279,6.748969113701987
676,5.3,1.8907681148489799,5.62445506963308,0.32445506963308013,6.121793766661889
4407,24.99,2.7719070895840696,14.989097593648838,10.00090240635116,40.019617472393605
3317,4.9,1.8714576413587105,5.497760904717378,0.5977609047173775,12.199202137089337
6902,67.0,4.221879242026279,67.16145587942411,0.16145587942411055,0.24097892451359781
2569,4.1,1.860664835442941,5.4280089192912016,1.328008919291202,32.39046144612688
393,2.999,1.439465982436037,3.2184424930089737,0.21944249300897356,7.317188829909088
1149,5.6,1.7017144613869846,4.4833403127641365,1.1166596872358632,19.940351557783274
1168,5.9,1.9208765506967294,5.826940006366626,0.07305999363337445,1.238304976836855
2208,3.4,1.4368321193283862,3.207346312280153,0.1926536877198468,5.666284932936671
230,18.5,2.8526221303649404,16.333172141910964,2.166827858089036,11.71258301669749
2802,4.999999,1.8714576413587105,5.497760904717378,0.497761904717378,9.955240085395578
1543,4.4,1.7514700699062333,4.763068565422047,0.36306856542204624,8.251558305046505
2345,28.5,3.2558960494093343,24.942850197889182,3.5571498021108177,12.48122737582743
3599,6.0,1.9689268397758681,6.162985331219296,0.16298533121929637,2.7164221869882725
2892,2.2,1.4586639038441618,3.3002101940591952,1.100210194059195,50.009554275417955
4691,25.9,3.2757014004896363,25.46177927792305,0.43822072207694873,1.691971899910999
2942,16.0,3.092295782865649,21.027590535565828,5.027590535565828,31.422440847286424
5121,24.49,2.9211829859661576,17.563234521579822,6.926765478420176,28.284056669743475
7189,54.99,3.9215373908032785,49.477989551385555,5.512010448614447,10.023659662874064
970,3.2,1.1848646331821266,2.270244108963637,0.929755891036363,29.054871594886343
3718,5.6,1.774028918173355,4.894554261617451,0.705445738382549,12.597245328259804
5329,7.0,1.9880100759601513,6.300990880225862,0.6990091197741384,9.985844568201976
169,10.5,2.67272468304067,13.479367181111716,2.9793671811117157,28.374925534397295
1056,9.0,1.8848312791811814,5.585243280641246,3.4147567193587536,37.94174132620837
5968,24.1145,2.9948720758602407,18.982803443404524,5.131696556595475,21.280543061624645
251,3.7,1.7952184101799378,5.020789579948345,1.320789579948345,35.69701567427959
5889,51.0,3.266151459149643,25.2102736813824,25.7897263186176,50.568090820818824
2705,10.5,1.976005203276198,6.213867413632474,4.286132586367526,40.82031034635739
1729,4.3,1.7631636290710335,4.8308549080468275,0.5308549080468277,12.345462977833202
2533,8.6,1.8590323927233046,5.417524123172077,3.1824758768279224,37.00553345148747
95,7.5,1.3344465397332197,2.7978933815457294,4.702106618454271,62.6947549127236
5646,17.5,3.2385296137959307,24.496204904039484,6.996204904039484,39.97831373736848
5174,23.49,2.4615211696750765,10.722630093433596,12.767369906566403,54.35236230977609
3692,2.8,1.7175748582968364,4.571001600315428,1.7710016003154285,63.25005715412245
1172,6.69,2.0236575268602044,6.565947043098442,0.12405295690155871,1.8543042885135828
1383,11.9,2.6696431554037985,13.434817287096639,1.5348172870966383,12.897624261316288
5263,7.2,2.301202848055107,8.98618709921596,1.786187099215959,24.808154155777206
711,13.7,2.754139927730758,14.70752548443089,1.0075254844308912,7.354200616283878
2354,7.9,2.234161766582785,8.338650601441312,0.43865060144131185,5.552539258750783
2215,7.0,2.151595961818402,7.598570442436031,0.5985704424360314,8.551006320514734
3779,7.49,2.1814562187884246,7.85919780027738,0.36919780027738014,4.929209616520429
5242,5.5,2.52218209136959,11.455746608150198,5.955746608150198,108.28630196636723
69,5.5,1.9080646889450157,5.740032109576678,0.24003210957667775,4.364220174121414
263,6.5,2.249399464859483,8.482039828082598,1.9820398280825984,30.492920432039977
408,16.0,2.300086195094825,8.975042217470346,7.024957782529654,43.90598614081034
7137,54.99,3.979827714258831,52.50781479979488,2.482185200205123,4.513884706683257
6024,24.39,3.0868179409365473,20.907256762129816,3.482743237870185,14.279390069168448
3217,1.79,1.7587281577539238,4.805049590028434,3.0150495900284335,168.43852458259406
5196,11.6,2.670320003463446,13.444590772377925,1.8445907723779253,15.901644589464874
37,13.8,2.6484182993271985,13.131668888720808,0.6683311112791923,4.842979067240524
3504,6.99,1.9998951394838298,6.388281319316711,0.6017186806832893,8.608278693609288
1862,31.0,3.1024274978422484,21.25190221667584,9.748097783324159,31.44547672040051
4602,13.3,2.6159553250763175,12.68027925107472,0.6197207489252801,4.659554503197595
6222,20.66,2.998752427496721,19.060494384048425,1.5995056159515748,7.742040735486809
6474,9.29,2.4509673065914885,10.599561626641817,1.309561626641818,14.096465302925921
2333,28.5,3.507677279507621,32.37066696432378,3.8706669643237817,13.581287594118532
1575,6.8,2.319187114771482,9.16740601178216,2.367406011782161,34.81479429091413
6763,35.89,3.6162504426253674,36.197830609339704,0.3078306093397032,0.8577057936464285
5733,20.0,3.5366724561103577,33.352419611347294,13.352419611347294,66.76209805673648
3295,11.0,2.4804434484009255,10.94656092673763,0.05343907326236952,0.48580975693063194
3985,19.5,2.7709925161187616,14.974481074214706,4.525518925785294,23.207789363001506
5958,89.09,4.609426470588831,99.42653554448397,10.336535544483965,11.602352165769407
3641,13.8,2.444637478582679,10.526370285246903,3.2736297147530973,23.72195445473259
1163,5.39,1.8714576413587105,5.497760904717378,0.1077609047173782,1.9992746700812285
3781,8.5,2.3947822789863022,9.965810311821366,1.4658103118213663,17.244827197898427
1554,23.99,3.144122415817767,22.19930719212033,1.790692807879669,7.464330170402955
19,10.0,1.7904525033092764,4.992163326735289,5.007836673264711,50.078366732647105
3257,7.1,2.6007586700343226,12.473956445309538,5.373956445309538,75.6895273987259
3279,6.699999,2.1465840080168803,7.555582621093368,0.855583621093368,12.769906698394554
982,1.7,1.2535192687654482,2.5026480521803487,0.8026480521803487,47.2145913047264
6602,12.15,2.687163978794936,13.689955762735025,1.5399557627350244,12.674533026625715
239,4.8,1.7910727434048526,4.995881059514055,0.195881059514055,4.080855406542812
7053,20.99,3.1741176381574627,22.90571706703251,1.91571706703251,9.126808323165841
2509,22.05,2.9941877972753024,18.96913431622004,3.0808656837799617,13.97217997179121
3800,7.3,1.6741991112888508,4.334521080062413,2.9654789199375866,40.62299890325461
6775,25.99,3.5511334258257388,33.85279817070845,7.862798170708455,30.253167259363046
1322,2.5,1.4884159047049836,3.4300723010603695,0.9300723010603695,37.20289204241478
3842,10.9,2.7478647877483633,14.609267177982113,3.709267177982113,34.02997410992764
3166,10.9,2.215375432059511,8.164849244027193,2.735150755972807,25.093126201585385
4381,12.0,2.391154103174382,9.926096511978809,2.073903488021191,17.282529066843257
5635,15.999,3.2318237967847034,24.325803996672178,8.326803996672178,52.045777840316134
5514,28.49,3.274100916703042,25.419461502714107,3.0705384972858916,10.777600903074383
1965,4.5,1.8007485492598758,5.054177618855289,0.5541776188552889,12.315058196784198
2486,4.686,2.2822129075859996,8.798339255446722,4.112339255446722,87.75798667193175
4706,3.0,1.6977252137212346,4.461509483464829,1.4615094834648286,48.71698278216095
2676,6.2,1.7999545566609898,5.049372554478788,1.150627445521212,18.558507185826
1726,6.799999,2.2752828738988327,8.73067117617777,1.9306721761777705,28.39224206029693
332,4.0,1.4749607282665753,3.370864118148706,0.629135881851294,15.72839704628235
4728,4.99,1.8714576413587105,5.497760904717378,0.5077609047173777,10.17556923281318
3544,4.75,2.312888259091748,9.10356426473193,4.353564264731929,91.6539845206722
6459,13.19,2.459242873622445,10.69595287240825,2.494047127591749,18.908621134130016
1562,25.0,3.358489427317633,27.745735543437767,2.7457355434377675,10.98294217375107
3989,4.5,1.7432358909579784,4.7158092653516235,0.21580926535162348,4.795761452258299
1320,29.5,3.5418989069675626,33.53243084444163,4.0324308444416275,13.669257099802126
6674,35.99,3.668643374382353,38.19869182319733,2.208691823197327,6.136959775485765
2036,10.799,2.5749567414709014,12.130749129310754,1.3317491293107544,12.332152322536851
3774,5.5,1.7370005732109548,4.6802802608284875,0.8197197391715125,14.903995257663864
3121,8.2,2.1680805905517664,7.741489430625521,0.45851056937447865,5.591592309444862
2650,3.6,1.8493010161870969,5.355375664975752,1.7553756649757521,48.760435138215335
4595,3.95,1.6654256258195512,4.287923447606754,0.3379234476067534,8.55502399004439
2471,3.55,1.3112132188966512,2.710672840854213,0.8393271591457867,23.64301856748695
4397,10.8,2.0636262010183852,6.8744725210816116,3.925527478918389,36.34747665665175
6418,5.8,1.9890644007341203,6.308692555105286,0.5086925551052861,8.770561294918727
1888,13.8,2.824531080319992,15.853040410611865,2.053040410611864,14.87710442472365
5537,25.99,2.9426420951178045,17.96588985823861,8.024110141761387,30.873836636250047
7214,57.99,3.9591933303954407,51.415027281537874,6.574972718462128,11.3381147067807
2519,29.5,3.473615981586449,31.253158666290282,1.7531586662902825,5.942910733187398
1142,13.89,2.708490731687705,14.006609414500154,0.11660941450015372,0.8395206227512867
308,11.3,2.029697221508286,6.611781326171241,4.68821867382876,41.48866083034301
5255,1.99,1.1411137899901649,2.1302528686351767,0.14025286863517672,7.04788284598878
381,4.5,2.1335783970320774,7.445032486054675,2.945032486054675,65.44516635677056
4118,7.5,2.075052133620986,6.96496169050486,0.5350383094951399,7.133844126601866
3617,7.2,1.9568790282858632,6.07720480562675,1.12279519437325,15.59437769962847
1400,9.8,1.9689457605697644,6.163120861870601,3.6368791381294,37.1110116135653
7075,23.5,3.1035031848816286,21.275851177976232,2.2241488220237677,9.464463072441564
6806,14.4,2.8126965790234917,15.654768619985312,1.2547686199853114,8.713670972120218
2465,4.3,1.359731514422443,2.8951473705013253,1.4048526294986745,32.67099138369011
994,10.5,2.5180862978436758,11.404834775182744,0.9048347751827439,8.617474049359467
683,4.7,1.9945295687030176,6.348745134899021,1.6487451348990207,35.07968372125576
3428,7.9,2.194134725520686,7.972234251774369,0.07223425177436837,0.914357617397068
2906,11.9,2.438979032912819,10.46133312337058,1.438666876629421,12.089637618734631
2984,12.8,2.41987659045064,10.244471554084857,2.5555284459151437,19.96506598371206
457,2.7,1.6566189795643287,4.24155903353253,1.54155903353253,57.09477901972333
4028,4.8,1.640564112546861,4.158078428438652,0.6419215715613475,13.373366074194742
3622,3.8,1.9843436512985306,6.274271359694645,2.4742713596946455,65.11240420249067
756,2.95,1.4520649770189742,3.271926844168921,0.3219268441689209,10.91277437860749
5845,21.99,3.269091902604166,25.28745692994724,3.2974569299472414,14.99525661640401
4100,1.5,1.0461254912679783,1.8466005454472985,0.34660054544729846,23.106703029819897
1046,11.89,2.2106548964774073,8.121688198839006,3.768311801160994,31.693118596812397
1024,4.49,1.2071892324242544,2.344072021178381,2.1459279788216192,47.7934961875639
2344,13.4,2.633373011917392,12.92064530455185,0.47935469544814957,3.577273846627982
2997,3.2,2.200140187547412,8.026278782628369,4.826278782628369,150.8212119571365
4591,3.55,1.7043893861036308,4.4980274700590765,0.9480274700590767,26.70499915659371
4974,26.9,2.9193557893297015,17.529346811083823,9.370653188916176,34.835141966231134
1515,28.2,3.364451167641451,27.91762201631937,0.28237798368062883,1.0013403676618045
5186,24.19,3.1127836952201173,21.483544705415067,2.7064552945849343,11.188322838300678
1737,4.3,1.9644706863931212,6.131136983168807,1.8311369831688076,42.584581003925756
6156,22.85,3.1597444361179785,22.564572905737325,0.2854270942626762,1.2491338917403771
1869,5.6,1.9301557731051333,5.890583525576692,0.2905835255766922,5.188991528155218
6526,22.99,3.1783130730364046,23.00622263107397,0.016222631073972593,0.07056385852097692
1042,3.5,0.8231365747324038,1.2776326103424767,2.2223673896575233,63.4962111330721
3442,6.5,1.6932677286022306,4.437219063526889,2.0627809364731107,31.735091330355548
50,7.5,2.1183518142413464,7.317417535148165,0.18258246485183527,2.434432864691137
786,6.5,1.9078021702902612,5.738262957642123,0.7617370423578773,11.71903142089042
245,18.5,2.904158304960198,17.249876355422327,1.2501236445776733,6.757425105825261
5303,4.25,2.2713619260478897,8.692592423128454,4.442592423128454,104.53158642655187
3076,14.0,2.470836155169678,10.832336385715932,3.167663614284068,22.62616867345763
5462,37.19,3.259628467403829,25.039860688025172,12.150139311974826,32.67044719541497
7234,54.95,3.6584414862899237,37.800824107586855,17.149175892413147,31.20869134197115
625,7.5,2.300632781535416,8.98049593061779,1.4804959306177903,19.739945741570537
6414,26.59,2.941222884904727,17.938992364765067,8.651007635234933,32.53481622878876
2272,5.7,1.7643131808763801,4.837561631957816,0.8624383680421843,15.130497684950603
4812,12.99,2.6306923923015235,12.883379319962811,0.10662068003718872,0.8207904544818224
7182,57.28,3.471862186864109,31.19664281992501,26.08335718007499,45.53658725571751
4894,6.9,1.9880100759601513,6.300990880225862,0.5990091197741387,8.681291590929547
6403,5.3,1.9409456029503525,5.96533429820231,0.6653342982023105,12.553477324571896
1025,12.5,2.2822129075859996,8.798339255446722,3.701660744553278,29.61328595642623
5457,53.99,3.7048151404255316,39.64253346095516,14.347466539044845,26.57430364705472
2926,7.5,2.3335980658987125,9.314988853364278,1.8149888533642784,24.199851378190377
321,31.8,3.529964941017142,33.122771284129904,1.322771284129903,4.159658126194664
3326,17.0,3.1469680650656118,22.265418303086268,5.265418303086268,30.973048841683926
3105,11.9,2.6893244613921157,13.721727465260587,1.8217274652605866,15.308634161853668
1893,4.5,1.445621456356843,3.244489088087711,1.255510911912289,27.900242486939753
4920,6.8,1.9482452886294632,6.0163650769520665,0.7836349230479334,11.52404298599902
2138,11.49,2.368634996070771,9.682800262959537,1.807199737040463,15.728457241431359
5476,40.49,3.0862413833466933,20.894629607461454,19.59537039253855,48.39558012481736
3475,1.55,1.1354352309619606,2.1125279166703512,0.5625279166703512,36.29212365615169
4098,11.0,2.5942086330533427,12.38598993875009,1.3859899387500896,12.599908534091723
7001,45.499,3.613633368699115,36.10060841106909,9.398391588930913,20.656259673687142
5321,14.799,3.0764842794836658,20.68204024713203,5.88304024713203,39.75295795075363
5339,2.7,1.284379325600578,2.612425121461362,0.08757487853863832,3.243514019949567
4296,24.5,3.1419773931321004,22.14959748518605,2.3504025148139505,9.593479652301838
3767,5.9,1.9004254386034454,5.68873948502617,0.21126051497383003,3.580686694471695
2126,16.3,3.1037809804780885,21.282040170938565,4.982040170938564,30.564663625389965
4279,5.9,1.53520988100865,3.642299758270096,2.2577002417299044,38.26610579203227
233,3.8,1.8848312791811814,5.585243280641246,1.7852432806412466,46.98008633266439
65,15.0,2.5843503775329935,12.254675757398882,2.745324242601118,18.302161617340786
5856,20.709,3.3529194954214754,27.586068833299976,6.877068833299976,33.20811643874632
1595,14.5,2.761388821518699,14.821801354763247,0.321801354763247,2.219319688022393
5133,9.8,2.7709925161187616,14.974481074214706,5.174481074214706,52.80082728790515
2656,20.9,3.141413275336431,22.136542068024866,1.2365420680248675,5.916469224999367
3218,32.99,3.602454887671395,35.6881893676496,2.698189367649597,8.17880984434555
509,5.0,1.7840064860533398,4.953661962075785,0.046338037924215314,0.9267607584843064
6253,15.5,3.0024228132928847,19.134259427972502,3.634259427972502,23.44683501917743
6481,18.99,3.372706004933705,28.157320254790235,9.167320254790237,48.274461583940166
576,26.7,2.6534191004714307,13.202515552062529,13.49748444793747,50.552376209503635
217,4.999999,1.6175798614675865,4.040875924203498,0.9591230757965015,19.1824653524231
5697,15.59,3.1301746597250175,21.877975054335096,6.287975054335096,40.33338713492685
7082,11.9,2.5990890681437215,12.451479071508908,0.5514790715089077,4.63427791183956
3757,4.0,1.710619777932882,4.532389268064302,0.5323892680643016,13.309731701607541
3954,9.2,2.6576306343038882,13.262456058955278,4.062456058955279,44.157131075600866
6731,24.5,3.2910516702039967,25.87110834524128,1.3711083452412787,5.596360592821545
6889,39.9,3.2027200870638164,23.59935165403118,16.300648345968817,40.85375525305468
2115,10.5,1.9887313748210607,6.306258976338737,4.193741023661263,39.94039070153585
3467,2.0,1.456647370893014,3.2915474158304168,1.2915474158304168,64.57737079152083
4871,17.5,2.92299703364603,17.59693967623043,0.09693967623043065,0.5539410070310322
6130,20.5,3.529126521248876,33.0941740680481,12.594174068048098,61.43499545389316
3478,9.0,2.2822129075859996,8.798339255446722,0.2016607445532781,2.2406749394808676
4487,4.499999,1.9706185212305372,6.175113075912328,1.6751140759123277,37.22476551466629
3933,29.99,3.317140243525624,26.58136169021955,3.40863830978045,11.365916338047516
3347,7.6,1.9714354401351895,6.180976956258305,1.4190230437416949,18.671355838706514
1261,6.5,1.8668897010583123,5.468147209108632,1.0318527908913682,15.874658321405663
4382,9.5,2.318541526613682,9.160844173215953,0.3391558267840473,3.570061334568919
3163,9.65,2.4477340815911526,10.562118198130863,0.9121181981308624,9.452002053169558
1412,4.0,1.4862430468112922,3.420456833796494,0.5795431662035062,14.488579155087656
1281,14.0,1.7364288583651364,4.677033688420215,9.322966311579785,66.59261651128418
4588,6.0,2.1680847522196744,7.741525809877253,1.7415258098772526,29.025430164620875
2917,6.2,1.8833833131259106,5.575714971903744,0.6242850280962564,10.069113356391233
1565,13.6,2.8486525267233933,16.26450270405514,2.66450270405514,19.591931647464268
6580,22.562,2.7240058776587226,14.241254721227648,8.320745278772353,36.879466708502584
4002,7.6,1.9719273621749989,6.184510306085527,1.4154896939144725,18.62486439361148
6500,7.899,2.5981815882045893,12.43927766120474,4.5402776612047395,57.479144970309406
6365,25.4,3.331907676820294,26.991689899481052,1.5916898994810538,6.266495667248244
6900,21.699,2.960586155382616,18.309286681349196,3.3897133186508057,15.6215185891092
3007,5.0,2.1526837882540417,7.607929284146822,2.607929284146822,52.15858568293644
1315,9.2,2.449941119929549,10.587664416639358,1.3876644166393586,15.083308876514767
3885,2.3,1.6083406542549612,3.994516717942492,1.6945167179424923,73.67463991054315
3745,12.4,2.471834986890627,10.844160802949364,1.555839197050636,12.547090298795451
6498,18.006229,3.6544102866869523,37.644725085398974,19.638496085398973,109.06501347616413
1702,40.99,3.480850338056144,31.48733555156751,9.50266444843249,23.182884724158306
1839,6.2,2.1242966756888593,7.367010696173789,1.1670106961737892,18.822753164093374
503,10.5,1.8841890437985387,5.581015362207837,4.918984637792163,46.84747274087774
7023,38.9,3.8430156560986495,45.66599103890539,6.7659910389053906,17.393293159139823
5818,9.79,2.321479028788837,9.190735556583824,0.5992644434161747,6.121189411809752
4694,11.0,1.5918018393562576,3.9125926612392057,7.087407338760794,64.43097580691631
1721,36.0,3.7598934778614357,41.94385126423831,5.943851264238312,16.51069795621753
7187,50.999,4.3987929279277305,80.3526109101667,29.3536109101667,57.5572283969621
4618,14.99,2.708490731687705,14.006609414500154,0.9833905854998459,6.560310777183761
1803,18.8,2.9193557893297015,17.529346811083823,1.270653188916178,6.758793558064776
1385,4.2,1.817767156969186,5.158093032483771,0.9580930324837711,22.811738868661216
1373,1.2,1.1335989850010904,2.1068177940545127,0.9068177940545128,75.56814950454273
5834,26.9,3.409647409883391,29.25457491446078,2.3545749144607804,8.753066596508479
5654,44.99,3.893620970243398,48.08831242150182,3.0983124215018165,6.886669085356338
5670,16.0,2.9738186039807277,18.566493811872842,2.566493811872842,16.040586324205265
856,6.9,2.052590165297363,6.788047333952188,0.11195266604781207,1.6225024064900297
2458,13.899999,2.151595961818402,7.598570442436031,6.301428557563968,45.33402166118118
2726,7.8,2.532997997822496,11.591197992550418,3.7911979925504182,48.605102468595106
5886,37.99,3.5101566297044196,32.45350718655359,5.536492813446415,14.573553075668372
4252,24.79,3.141413275336431,22.136542068024866,2.653457931975133,10.703743170533011
3269,8.1,1.9246016823159853,5.852418682695388,2.2475813173046113,27.747917497587792
2505,6.0,2.0550688781567428,6.807375611757583,0.8073756117575828,13.456260195959713
318,1.7,1.1168892610397805,2.0553350553837184,0.35533505538371846,20.902062081395204
6053,30.49,3.516249970557527,32.65797311624349,2.167973116243491,7.11043986960804
176,4.7,1.8668897010583123,5.468147209108632,0.7681472091086317,16.343557640609184
5683,80.49,4.133182010554079,61.37608885759325,19.113911142406742,23.746938927080063
4967,2.0,1.3534738271425317,2.870848861873089,0.870848861873089,43.54244309365445
3100,2.6,1.972018398656488,6.185164388397241,3.585164388397241,137.8909380152785
2840,1.85,1.388859079005433,3.010272038351812,1.160272038351812,62.71740747847632
6504,14.2,2.9226889691072477,17.59121150095545,3.3912115009554498,23.881771133489085
3043,2.7,1.3108332032633763,2.7092629950634066,0.009262995063406443,0.3430738912372756
3169,12.5,2.163118801730176,7.698223433220749,4.801776566779251,38.41421253423401
468,4.6,1.9017605573807759,5.697675710843311,1.097675710843311,23.86251545311546
472,28.5,3.0687585312085686,20.515175668928052,7.984824331071948,28.01692747744543
91,7.9,1.8152239537981962,5.142451648795158,2.757548351204842,34.90567533170686
4304,2.7,1.7351761626403117,4.6699265450625,1.9699265450625,72.96024240972223
4149,5.8,1.9679448127123635,6.155954538547921,0.3559545385479215,6.137147216343474
1047,5.6,2.003158624652478,6.412432252495598,0.812432252495598,14.507718794564251
6571,129.29,4.715324565837019,110.64504146016388,18.64495853983611,14.421036847270564
6768,9.49,2.3575278113255043,9.564800959995258,0.07480095999525815,0.7882082191281155
435,5.5,2.163839947449912,7.704498382123257,2.2044983821232567,40.0817887658774
6016,151.89,5.1064637286255135,164.08553419194902,12.195534191949037,8.029188354696846
1335,20.49,2.8246555238921793,15.855137793662994,4.634862206337004,22.620118137320667
1352,8.9,2.20544149544566,8.074256926723399,0.8257430732766018,9.27801205928766
4074,2.55,1.6895682984374787,4.417141611774203,1.867141611774203,73.22123967741973
4868,5.9,1.9393628352063215,5.954318511764135,0.05431851176413449,0.9206527417649913
6046,25.09,3.178996858695725,23.02264335533162,2.0673566446683793,8.23976343032435
5546,18.99,3.1298919180630764,21.87150741202544,2.8815074120254422,15.173814702608965
4207,8.8,2.2072025212226296,8.090251005937672,0.7097489940623287,8.065329477981008
3758,11.5,2.7337242408749147,14.390096849946051,2.890096849946051,25.131276956052616
106,7.7,1.9469738093920057,6.007449583567775,1.6925504164322254,21.98117423937955
5694,19.0,3.2291964223258773,24.259350962831636,5.259350962831636,27.68079454121914
5676,26.99,3.2500050534010065,24.79047024645206,2.199529753547939,8.149424800103516
4791,4.1,1.7195379580095869,4.581948773637493,0.48194877363749367,11.754848137499845
5900,27.9,2.799086020534739,15.429623568130122,12.470376431869877,44.696689719963715
5313,12.9,2.622861814045799,12.775088973106296,0.12491102689370415,0.968302534059722
3333,10.99,2.449761522015822,10.585583483156414,0.40441651684358604,3.6798591159561966
4086,15.0,2.702032836934731,13.910010558640767,1.0899894413592328,7.266596275728218
1617,12.99,2.556662307538864,11.892713509250388,1.097286490749612,8.447163131251825
2252,4.0,1.157864568535071,2.183128660208592,1.8168713397914078,45.421783494785196
4860,7.8,2.3805474093773356,9.810819188258144,2.010819188258144,25.779733182796715
5584,9.299,2.640964356295351,13.026723846966874,3.7277238469668745,40.08736258701876
3494,15.9,2.792014718786525,15.313854543525789,0.5861454564742115,3.6864494117874935
1498,6.666,1.8699068778749997,5.487692223469882,1.1783077765301186,17.67638428638042
996,6.5,2.2106548964774073,8.121688198839006,1.6216881988390064,24.949049212907788
5912,15.3205,2.562839673059823,11.972603012437846,3.3478969875621534,21.852400297393384
6638,87.999,4.609684031305987,99.45240480631008,11.45340480631009,13.015380636495971
41,18.0,2.7826293260460564,15.161458876769778,2.838541123230222,15.769672906834565
5253,17.2,3.0377542973769946,19.85834895054208,2.6583489505420808,15.455517154314425
5689,13.69,2.62693567809466,12.831321276452208,0.8586787235477917,6.272306234826821
3282,3.7,2.194559342987589,7.976044828116203,4.276044828116203,115.56877913827574
1539,7.3,1.5912409053333656,3.909837793596636,3.390162206403364,46.440578169909095
1805,8.9,2.2891784939569724,8.866828691441656,0.03317130855834449,0.3727113321162302
1144,2.9,2.3043802350973865,9.017967543355107,6.117967543355107,210.9643980467278
6198,34.79,3.5829984584709837,34.981267595879046,0.1912675958790473,0.5497775104312943
2615,6.5,2.0051174075535454,6.426965827459265,0.0730341725407353,1.1236026544728506
2114,14.99,2.795292767283331,15.367419896836267,0.3774198968362672,2.5178111863660253
5792,10.89,2.359186043902667,9.582334390353378,1.307665609646623,12.007948665258246
4546,11.0,2.632630710998808,12.91031583101815,1.9103158310181492,17.36650755471045
3172,1.0,1.7243674235768562,4.608971803912002,3.6089718039120022,360.8971803912002
167,9.2,2.9013703970602114,17.199068238041725,7.999068238041726,86.94639389175791
2337,11.3,2.5016733411456196,11.202896494543143,0.09710350545685742,0.8593230571403311
6928,39.18,3.4100542115224597,29.2668850288429,9.9131149711571,25.301467511886422
3964,5.4,1.3767968979594374,2.9621899811990886,2.4378100188009117,45.14462997779466
2445,25.0,3.3139693791116622,26.49404344227088,1.494043442270879,5.976173769083516
7257,17.99,3.1171287892678814,21.581450372315537,3.5914503723155384,19.963592953393768
3341,1.9,1.4945864275311873,3.4574926753351667,1.5574926753351668,81.97329870185088
4103,1.3,1.3709783171060357,2.939202600259051,1.6392026002590507,126.09250771223466
3017,18.5,2.6893244613921157,13.721727465260587,4.778272534739413,25.828500187780612
6151,13.09,2.696235251432817,13.823818591665216,0.7338185916652158,5.6059479882751395
4958,8.99,2.428994021858885,10.347461038543663,1.3574610385436632,15.099677848094139
6935,25.4,3.7023350392661065,39.54186075744334,14.14186075744334,55.676617155288746
789,3.6,1.985013249608023,6.27914383061698,2.67914383061698,74.42066196158278
4617,19.2,2.7102502132948834,14.033036509927548,5.166963490072451,26.911268177460684
1097,3.5,1.5406008108839813,3.667393649658128,0.16739364965812786,4.782675704517939
3206,15.3,2.644205635368848,13.072262134723,2.2277378652770015,14.560378204424845
6535,19.99,3.220598547520759,24.04310518479256,4.05310518479256,20.27566375584072
6251,31.49,3.181763469465783,23.08919668028587,8.400803319714129,26.67768599464633
544,4.0,1.8797009654267876,5.551545430645127,1.5515454306451266,38.788635766128166
6770,19.299,2.8925581269757528,17.03939769669141,2.25960230330859,11.708390607329862
5924,14.25,2.828226677936212,15.915437693188167,1.6654376931881671,11.687282057460822
4838,2.4,1.5752747451878435,3.832069023464337,1.432069023464337,59.66954264434737
6194,19.59,2.7972851695827714,15.40006289006353,4.189937109936469,21.388142470323988
6068,7.39,2.1314542101169622,7.427112697778059,0.03711269777805892,0.5022015937491059
4229,16.7,2.7784104325287347,15.093419030038685,1.606580969961314,9.620245329109665
877,9.5,1.7236972877615067,4.605214290181798,4.894785709818202,51.5240601033495
3908,9.7,2.065390592821137,6.888378439985946,2.8116215600140535,28.9857892784954
3914,12.8,2.265031307232213,8.631426129684632,4.1685738703153685,32.566983361838815
5397,10.9,2.279069359006325,8.767586062400241,2.1324139375997593,19.563430620181276
1078,8.2,1.899569217317456,5.683014895010298,2.5169851049897014,30.69494030475246
5983,42.7,4.237654828767271,68.24526925780798,25.545269257807973,59.824986552243494
4990,10.5,2.1324742728906334,7.435713267545358,3.064286732454642,29.183683166234687
511,13.0,2.2763052216767177,8.740624393189792,4.259375606810208,32.76442774469391
2375,4.4,1.5312267948745282,3.6238458546139327,0.7761541453860676,17.639866940592444
2877,15.6,2.9193557893297015,17.529346811083823,1.929346811083823,12.367607763357839
2069,1.5,1.1798903310865387,2.254017318776748,0.7540173187767478,50.26782125178318
4851,3.5,1.310334895079445,2.7074150994056154,0.7925849005943846,22.645282874125275
3262,11.0,2.1681219665749025,7.741851126177156,3.2581488738228437,29.619535216571308
4934,10.89,2.8755865430028313,16.735823894611233,5.845823894611232,53.68066018926751
1302,8.9,2.604025273477877,12.5180424844333,3.6180424844332997,40.65216274644157
6045,47.89,3.9085309280807734,48.82570064317512,0.9357006431751174,1.9538539218524065
4394,2.5,1.5591520300486512,3.7547876181570734,1.2547876181570734,50.19150472628293
3689,16.3,2.845829672740999,16.215836255298846,0.08416374470115429,0.5163419920316213
3159,8.5,2.1455854369901033,7.547043528325624,0.9529564716743764,11.21125260793384
858,7.99,2.3197848578818325,9.173485325428754,1.1834853254287534,14.81208166994685
4678,19.9,2.89157640730794,17.021696755279873,2.8783032447201258,14.463835400603648
7140,24.85,3.4564305643069195,30.70361031010414,5.853610310104138,23.5557758957913
7028,12.5,2.94653118700292,18.03979356257904,5.539793562579039,44.31834850063231
7112,25.99,3.570382525397522,34.5301817493686,8.540181749368603,32.8594911480131
4357,9.9,2.6893244613921157,13.721727465260587,3.8217274652605866,38.60330772990491
2890,7.9,2.283902096311878,8.814904486611338,0.9149044866113378,11.581069450776429
4794,8.8,2.5544432845878977,11.864136000873067,3.0641360008730665,34.81972728264848
2024,12.0,2.754139927730758,14.70752548443089,2.7075254844308905,22.562712370257422
4194,16.5,2.781178065934453,15.138021407202533,1.3619785927974668,8.254415713924041
4921,4.5,1.5297057853648601,3.616818286951287,0.883181713048713,19.6262602899714
5356,9.5,2.1330701559170744,7.440741463857046,2.059258536142954,21.676405643610043
743,5.3,1.9167799462558894,5.799029940900868,0.4990299409008685,9.415659262280537
2499,1.15,1.0871266792527212,1.9657402951733078,0.8157402951733079,70.93393871072243
4241,9.3,2.5070826344930977,11.269084394864894,1.9690843948648933,21.17295048241821
179,25.99,2.8508396000557035,16.302302758192575,9.687697241807424,37.274710434041644
3613,8.5,1.9469738093920057,6.007449583567775,2.492550416432225,29.32412254626147
3693,20.0,2.6055420826105253,12.538562333141995,7.461437666858005,37.307188334290025
3771,7.0,2.2195951830220193,8.203604336357957,1.203604336357957,17.19434766225653
6566,35.55,3.633397447513447,36.84116183183445,1.2911618318344509,3.631960145807176
31,11.0,2.1642574332860756,7.708133145587038,3.2918668544129623,29.926062312845115
5151,6.8,1.9521574392572365,6.043867916540739,0.7561320834592609,11.11958946263619
2484,3.2,1.6368003858240843,4.1387013187661905,0.9387013187661903,29.334416211443447
168,11.5,2.220352745367233,8.210579282087972,3.2894207179120283,28.60365841662633
3248,2.8,1.3325865836656556,2.790836031921427,0.009163968078572893,0.3272845742347462
642,5.0,1.9772011230505875,6.222499781102887,1.2224997811028873,24.449995622057745
1483,14.9,2.6408396282015705,13.024974429542477,1.8750255704575238,12.584064231258548
1790,6.0,1.9167799462558894,5.799029940900868,0.20097005909913168,3.349500984985528
5035,8.0,1.9266014495451145,5.866135635802716,2.133864364197284,26.67330455246605
3982,3.0,2.2453065182686527,8.443309659817197,5.4433096598171975,181.44365532723992
7092,62.49,4.122203056203926,60.69501023232813,1.794989767671872,2.8724432191900657
6492,22.89,3.164201698948396,22.66984082978583,0.22015917021417053,0.9618137624035409
6912,19.899,3.046793004716837,20.047736080337383,0.1487360803373825,0.747455049687836
6178,24.5,3.2160242657961096,23.928812569017758,0.571187430982242,2.3313772693152734
6644,18.15,2.63813933961885,12.987154037185075,5.162845962814924,28.445432302010605
2758,9.5,1.9880100759601513,6.300990880225862,3.1990091197741384,33.67378020814883
3412,12.6,2.242491237070212,8.416761475517568,4.183238524482432,33.20030574986057
6122,20.7,3.072695930228333,20.6000564956993,0.09994350430070043,0.4828188613560407
800,2.5,1.7137117855972104,4.5495219315969315,2.0495219315969315,81.98087726387726
1954,10.5,2.329793748900915,9.275821914900227,1.2241780850997728,11.658838905712122
7248,48.99,3.5335258521633213,33.244496037626476,15.745503962373526,32.140240788678355
5306,4.0,1.439465982436037,3.2184424930089737,0.7815575069910263,19.53893767477566
6637,15.69,2.5922549946402476,12.359864083155525,3.3301359168444744,21.224575633170648
2119,20.5,2.980552828006624,18.698703630230867,1.8012963697691333,8.786811559849431
5309,3.5,1.653489372138301,4.225180653774772,0.725180653774772,20.719447250707773
5660,25.49,3.440679301354515,30.208150708482076,4.718150708482078,18.50981054720313
5679,19.5,3.1171287892678814,21.581450372315537,2.081450372315537,10.67410447341301
1406,8.7,2.2001111156764304,8.026016375630505,0.6739836243694945,7.746938211143616
1501,9.8,2.124894691240489,7.372015795105092,2.4279842048949085,24.775349029539882
1074,5.3,1.7673674908031012,4.855418610890131,0.4445813891098691,8.388328096412625
500,13.6,2.615986537809804,12.680706256648978,0.9192937433510213,6.75951281875751
437,17.5,2.7709925161187616,14.974481074214706,2.5255189257852937,14.431536718773108
5437,9.5,2.397270501567015,9.993129662873061,0.49312966287306104,5.190838556558537
4113,8.9,1.9004254386034454,5.68873948502617,3.21126051497383,36.08157881993067
3386,3.6,1.4492868701770063,3.2600754448238565,0.3399245551761436,9.442348754892878
6683,22.99,3.047427434557684,20.061093628954712,2.9289063710452865,12.739914619596723
80,16.9,2.5382703031722116,11.657757941090617,5.242242058909381,31.019183780528888
1608,19.99,2.671134588994417,13.456361920674555,6.533638079325444,32.6845326629587
960,5.0,2.2316641621488156,8.315355449438975,3.315355449438975,66.3071089887795
3114,22.5,3.378110549784463,28.315328897626266,5.815328897626266,25.845906211672293
5198,3.8,1.8668897010583123,5.468147209108632,1.668147209108632,43.89861076601663
4628,13.0,2.9013703970602114,17.199068238041725,4.1990682380417255,32.30052490801327
1632,12.19,2.670320003463446,13.444590772377925,1.2545907723779255,10.29196695962203
3305,4.8,1.8465900960005253,5.338170080812151,0.5381700808121508,11.211876683586475
5935,21.3,3.0849028325302097,20.86534213887918,0.4346578611208223,2.0406472353090246
5419,9.5,2.2947519049330833,8.9219741140738,0.5780258859262002,6.0844830097494755
2477,3.0,1.322034305958521,2.7510443928179393,0.24895560718206067,8.298520239402023
5506,16.45,2.833057211392629,15.99734595191621,0.4526540480837902,2.751696340934895
6399,22.45,2.7625392576865084,14.840013801401634,7.6099861985983654,33.89748863518203
5517,51.999,3.6643234248321925,38.02972068825571,13.969279311744295,26.8645153017256
534,6.9,2.228254964643708,8.283651635869418,1.383651635869418,20.05292225897707
5701,26.69,3.196793620794105,23.453995575589698,3.2360044244103037,12.124407734770713
2794,20.3,2.5862676057040903,12.28011237126448,8.019887628735521,39.50683560953458
585,4.5,1.593384189855876,3.9203722580923888,0.5796277419076112,12.880616486835805
6722,50.9,3.95314318505586,51.09886612338838,0.1988661233883846,0.39069965302236664
4970,25.0,2.7637066921493743,14.858516777810342,10.141483222189658,40.56593288875863
1451,2.75,1.6679412333391537,4.301242533366872,1.5512425333668718,56.40881939515897
6275,25.49,3.214737672436346,23.896759948065764,1.5932400519342345,6.2504513610601595
1410,30.5,3.121976530017196,21.691185157456204,8.808814842543796,28.881360139487853
5684,20.59,3.6396662232234953,37.079124676537035,16.489124676537035,80.08316987147661
4536,10.0,2.4477340815911526,10.562118198130863,0.5621181981308627,5.621181981308627
866,15.0,2.3335980658987125,9.314988853364278,5.685011146635722,37.90007431090481
4638,2.0,0.8935708156531934,1.443840593695103,0.5561594063048969,27.807970315244845
6358,54.8,3.7740294030558275,42.555213236436444,12.244786763563553,22.34450139336415
4679,3.95,2.2812511479220245,8.788920138166468,4.8389201381664675,122.5043072953536
742,7.1,1.9644706863931212,6.131136983168807,0.9688630168311922,13.64595798353792
1544,6.9,1.9064052415152737,5.7288566557197,1.1711433442803,16.973091946091305
5509,53.29,3.833495595310744,45.22383597844223,8.066164021557768,15.136355829532311
2706,18.9,2.604119745320484,12.519319619140928,6.38068038085907,33.760213655339
3734,7.89,1.9985909706804827,6.378652033781439,1.511347966218561,19.155234045862624
2589,8.2,2.2822129075859996,8.798339255446722,0.5983392554467226,7.296820188374667
5283,2.5,1.3781052137738798,2.967377169511663,0.46737716951166286,18.695086780466514
6816,50.709,3.4485802174071027,30.455700334029853,20.25329966597015,39.94024663466081
5944,15.9,2.870681097072637,16.64903481307879,0.7490348130787883,4.710910774080429
4253,3.7,1.2858994573066487,2.6179206593367272,1.082079340663273,29.24538758549386
748,16.5,2.51045706845932,11.31055554145223,5.18944445854777,31.451178536653153
4055,5.79,2.2224479847065917,8.229897881615509,2.439897881615509,42.139859786105504
401,5.3,1.8607117839918126,5.428310712066407,0.12831071206640754,2.420956831441652
3749,20.8,3.0856046028890614,20.88069197327783,0.08069197327782973,0.38794217922033525
157,7.5,2.087487309593332,7.06462577668275,0.4353742233172504,5.804989644230005
5434,98.19,4.570408771119604,95.5835822837493,2.6064177162507036,2.654463505703945
6483,29.5,3.2323375533023895,24.338818636432844,5.161181363567156,17.49553004599036
5749,14.3,2.6682798072367664,13.415151014441392,0.8848489855586088,6.187755143766495
4528,12.0,2.7478647877483633,14.609267177982113,2.6092671779821135,21.743893149850948
1820,8.9,1.8590323927233046,5.417524123172077,3.482475876827923,39.1289424362688
2922,9.0,2.3499891977661274,9.48545645776289,0.4854564577628899,5.393960641809889
2864,15.3,1.954293384741772,6.058929313846351,9.24107068615365,60.39915481146176
3362,3.3,1.3209899010516388,2.7471288287212445,0.5528711712787553,16.75367185693198
5281,1.6,1.102144846636139,2.0106164144135983,0.4106164144135982,25.663525900849887
3803,1.4,1.2899392745938794,2.6325659600118123,1.2325659600118124,88.04042571512947
4237,5.4,2.2740858830154917,8.719030619700957,3.319030619700957,61.463529994462164
7295,47.59,3.617413713370011,36.24112693524402,11.348873064755985,23.847180215919277
2666,4.8,1.5831587818520068,3.8703158042080785,0.9296841957919213,19.368420745665027
1782,13.0,1.9250687074379091,5.8556196817814605,7.1443803182185395,54.956771678604156
5910,45.3565,3.7270104759918015,40.554693532457065,4.8018064675429315,10.586809977716385
2415,8.0,2.3582180449282055,9.572095657856877,1.5720956578568774,19.651195723210968
535,11.9,2.466267725587736,10.778404476012803,1.1215955239871978,9.425172470480653
5978,119.9,4.611456500716686,99.63061150736846,20.26938849263155,16.90524478117727
2406,1.5,1.1154039001183946,2.050800148910919,0.5508001489109189,36.72000992739459
3098,5.8,1.9106323652653168,5.757360567837991,0.04263943216200872,0.735162623482909
5359,8.0,2.467959342395039,10.798345884843503,2.7983458848435028,34.97932356054378
5154,8.4,2.1212470652383906,7.341533440513244,1.0584665594867566,12.60079237484234
1966,8.9,1.6799998632689122,4.36555523748372,4.53444476251628,50.94881755636269
5416,10.5,2.449941119929549,10.587664416639358,0.08766441663935787,0.8348992060891226
1176,7.86,2.444286938839332,10.522330542451959,2.6623305424519588,33.87188985307835
5902,21.5,3.2253039364732468,24.16122040636518,2.6612204063651816,12.377769331931079
1760,2.8,1.257960213179321,2.5182377082579026,0.2817622917420972,10.062938990789187
997,5.2,2.1369255951131914,7.473347043367166,2.273347043367166,43.7182123724455
473,6.2,1.8938897151033036,5.645166279504033,0.5548337204959672,8.948930975741407
2266,2.1,0.9790473055648437,1.661919038076912,0.4380809619230881,20.860998186813717
4205,15.7,2.8209647161987434,15.793043381175693,0.09304338117569344,0.5926330011190665
1882,5.2,2.0731164875315997,6.949559255197414,1.749559255197414,33.64537029225796
4222,18.9,2.561453884866142,11.954638182941194,6.945361817058805,36.74794612200426
2578,10.8,2.33890340469285,9.369858786982654,1.4301412130173468,13.242048268679135
3783,2.6,1.4779529914424072,3.3839624809972495,0.7839624809972494,30.152403115278826
469,14.9,2.630926873400279,12.886635091693742,2.013364908306258,13.512516163129249
5097,14.9,2.5079091049762643,11.279228622347604,3.620771377652396,24.300479044646952
7040,17.29,3.0400521437060144,19.906333340370985,2.6163333403709856,15.132060962238207
4712,10.0,2.6145961279132535,12.66169768519321,2.661697685193211,26.616976851932105
3997,7.0,2.1175411504027815,7.3106776377868155,0.31067763778681545,4.438251968383078
247,6.5,1.4107471214276175,3.09901672356642,3.40098327643358,52.3228196374397
3780,17.9,2.390411000309996,9.917980314322541,7.982019685677457,44.59228874680144
2182,9.9,2.8152312380222684,15.69703632361913,5.79703632361913,58.555922460799295
3395,6.5,2.3979508854480174,10.000611756156648,3.5006117561566477,53.855565479333045
7097,83.99,4.465404288032072,85.95617777625765,1.966177776257652,2.3409665153680823
811,4.0,1.3302637918830935,2.7820409276897546,1.2179590723102454,30.448976807756132
6502,26.8,3.179867216006155,23.0435607400707,3.7564392599293015,14.016564402721274
1419,7.4,2.2106548964774073,8.121688198839006,0.721688198839006,9.752543227554135
6733,13.9,2.762735688841434,14.843125579221727,0.9431255792217268,6.785076109508825
3625,3.9,1.4556794761433418,3.2873956591745204,0.6126043408254795,15.707803610909732
228,9.0,2.055771411661639,6.812862481839516,2.187137518160484,24.301527979560937
7107,45.5,3.6151755350839743,36.157867862670976,9.342132137329024,20.532158543580273
17,18.0,3.2558960494093343,24.942850197889182,6.942850197889182,38.57138998827324
1407,10.6,2.467959342395039,10.798345884843503,0.19834588484350313,1.871187592863237
7070,59.99,4.143879451263389,62.0469351416414,2.0569351416413966,3.428796702186025
2392,13.5,2.6934525783974532,13.782626090600434,0.2826260906004343,2.093526597040254
6272,47.9,3.4167490336796265,29.470196248212794,18.429803751787205,38.475581945276005
5439,109.0,4.636685506924875,102.20171869446044,6.798281305539561,6.236955326183083
6745,45.49,3.6633860074449807,37.993150692817295,7.496849307182707,16.48021390895297
5879,10.99,2.853455401662977,16.34762139599904,5.3576213959990415,48.749967206542685
2440,3.9,1.830942898441824,5.239767352554476,1.339767352554476,34.353009039858364
5831,17.9,2.996634390209649,19.018050473705497,1.1180504737054981,6.246092031874292
5853,13.5,2.543998682501567,11.730474455078966,1.7695255449210343,13.107596629044698
4844,9.0,2.230517460672606,8.30467963974688,0.6953203602531204,7.725781780590227
6915,25.49,3.6882573788087796,38.97512472574282,13.485124725742825,52.90358856705698
6092,21.69,3.0714728247095033,20.57365349751032,1.1163465024896801,5.146825737619549
5461,23.2,3.069459965096639,20.530272436323177,2.6697275636768225,11.507446395158718
2585,5.7,1.773717729086357,4.892720226039247,0.8072797739607536,14.162803051943046
543,9.9,1.9064052415152737,5.7288566557197,4.1711433442803,42.13276105333637
6112,17.0,3.0450031177373718,20.010096706741088,3.0100967067410878,17.706451216124044
3794,16.5,2.4841612613516713,10.99105867155945,5.5089413284405495,33.387523202669996
4119,7.799999,1.7808890227284695,4.935130539783269,2.864868460216731,36.7290875321488
3153,12.0,1.9915393955011957,6.326803934472661,5.673196065527339,47.276633879394495
1535,10.499,2.496717514364977,11.142570658957785,0.6435706589577848,6.129828164185016
1832,14.5,2.9988625378392673,19.06270337357076,4.562703373570759,31.466919817729373
6746,33.79,3.622602719047674,36.43487359588314,2.6448735958831406,7.827385604862802
3590,8.99,2.151595961818402,7.598570442436031,1.3914295575639688,15.477525668119785
3289,2.0,1.6449394858546267,4.180696392047955,2.180696392047955,109.03481960239776
96,3.8,1.2998497627668923,2.6687454440486387,1.1312545559513612,29.76985673556214
6679,62.99,4.03604254011983,55.601899239809434,7.388100760190568,11.729005810748639
2094,5.7,1.9064052415152737,5.7288566557197,0.028856655719700086,0.5062571178894751
4773,8.0,2.240516279953499,8.39818212817123,0.39818212817123033,4.977276602140379
2927,9.5,2.329568113086756,9.273503583015492,0.2264964169845083,2.3841728103632454
7038,44.5,3.504548540615983,32.26642202339092,12.233577976609077,27.491186464290056
156,12.99,2.2972516950320077,8.946807993536806,4.043192006463194,31.125419603257843
1022,6.4,1.9010603299196795,5.692987455999015,0.7070125440009853,11.047071000015396
5447,24.49,3.469489668320549,31.12034623111871,6.630346231118711,27.07368816300005
4966,5.8,1.8448807890573726,5.32734545662433,0.47265454337567014,8.149216265097762
6458,49.5,3.924611562944759,49.63340634721677,0.13340634721676992,0.26950777215509075
2716,12.5,2.402886856280434,10.055044684079983,2.4449553159200175,19.55964252736014
1287,15.0,2.7144235460963704,14.095905469598684,0.9040945304013164,6.027296869342109
696,18.0,2.911073204859998,17.37650974762957,0.6234902523704307,3.4638347353912815
425,25.0,3.1759868404052947,22.950443475439275,2.0495565245607246,8.198226098242898
6872,47.39,3.6550710649648255,37.67026911883156,9.719730881168438,20.510088375540068
712,10.9,2.645021475354832,13.083747533352428,2.1837475333524274,20.034381039930526
4173,2.45,1.1266896665123423,2.085425787623767,0.3645742123762332,14.88058009698911
1811,16.0,2.7920408089396602,15.314280180041493,0.6857198199585071,4.285748874740669
5096,18.7,3.235037417374531,24.407322436362115,5.707322436362116,30.52044083616105
6480,17.9,3.1414741574609866,22.13795071274104,4.237950712741043,23.675702305815882
447,31.49,3.2713537917597257,25.346983539621892,6.143016460378107,19.507832519460486
6748,15.899,2.604142241008687,12.519623748960594,3.379376251039405,21.255275495562017
4080,5.99,2.101656925842877,7.179711866441602,1.189711866441602,19.861633830410717
1009,5.3,1.2166932884707204,2.3760057788290907,2.923994221170909,55.16970228624357
592,1.5,0.9964435678888726,1.7086316140149758,0.20863161401497576,13.90877426766505
6096,29.85,3.4693308642449967,31.115245794224855,1.2652457942248532,4.238679377637699
1242,8.5,1.8544987999981841,5.388495534113885,3.1115044658861146,36.60593489277782
3058,8.4,2.283902096311878,8.814904486611338,0.41490448661133783,4.93933912632545
131,15.8,2.9013703970602114,17.199068238041725,1.3990682380417248,8.854862266086865
2404,4.5,1.854518137985691,5.388619075955233,0.8886190759552326,19.74709057678295
2306,8.95,2.3298567470324105,9.276469292872033,0.32646929287203363,3.6477015963355717
6277,62.5,4.344483060352569,76.05219584737462,13.55219584737462,21.68351335579939
7103,20.89,2.9760311637989103,18.609833778317235,2.280166221682766,10.915108768227697
624,8.5,1.71964086161352,4.582523205838335,3.917476794161665,46.087962284254886
2986,6.0,1.9618398967236863,6.112401117529043,0.1124011175290427,1.8733519588173781
2127,8.3,2.1319008788023144,7.430877665912176,0.8691223340878249,10.471353422744878
6539,43.9,3.5573568304895478,34.07037757748732,9.829622422512678,22.3909394590266
4739,3.9,1.7351761626403117,4.6699265450625,0.7699265450625004,19.741706283653855
3686,17.9,3.0377542973769946,19.85834895054208,1.9583489505420815,10.940496930402691
3844,6.0,1.9945295687030176,6.348745134899021,0.3487451348990209,5.812418914983683
2815,9.9,2.1952466375497903,7.98221613542669,1.9177838645733107,19.3715541876092
2579,3.999999,1.5522007342340625,3.721850294058224,0.278148705941776,6.953719386974247
1945,5.6,2.30591356312864,9.033340156422915,3.433340156422915,61.309645650409195
2436,6.99,1.7351761626403117,4.6699265450625,2.3200734549375,33.19132267435622
93,6.5,1.9526254468787476,6.047165271944142,0.45283472805585756,6.96668812393627
6701,35.19,3.1040319602230673,21.287633213539117,13.902366786460881,39.50658365007355
1375,4.868,1.9167799462558894,5.799029940900868,0.931029940900868,19.12551234389622
3903,5.6,2.342607147682692,9.408337292030845,3.8083372920308456,68.0060230719794
3477,13.5,2.3238418104780907,9.214842508473971,4.285157491526029,31.741907344637248
6022,42.99,3.7737578764714304,42.54338844359912,0.4466115564008817,1.0388731249148213
2223,8.8,1.8607117839918126,5.428310712066407,3.3716892879335933,38.31465099924537
1087,13.9,2.817063710657773,15.727661236864176,1.8276612368641754,13.1486419918286
2531,2.5,1.7557668584711124,4.787884528826298,2.2878845288262983,91.51538115305193
6729,78.99,4.097435243039487,59.18572771374024,19.804272286259753,25.071872751309982
6880,17.375,2.959870891881655,18.295480391512655,0.9204803915126547,5.297728872015279
764,1.8,1.2380011291979431,2.448713038732369,0.648713038732369,36.039613262909384
4669,6.5,1.9571641427869726,6.07922290702547,0.4207770929745296,6.473493738069686
476,12.99,2.670320003463446,13.444590772377925,0.4545907723779248,3.49954405217802
5594,56.5,3.974128234258936,52.203715506623254,4.296284493376746,7.604043351109284
2622,1.5,1.3544481500890013,2.874622156646868,1.374622156646868,91.6414771097912
5111,5.7,1.9998951394838298,6.388281319316711,0.6882813193167108,12.075110865205453
6466,21.6,3.146257382035766,22.248889839061118,0.6488898390611162,3.004119625282945
4461,10.0,2.156091204698312,7.63731011187137,2.36268988812863,23.626898881286298
6338,13.5,2.772324586107482,14.995774379977243,1.4957743799772434,11.079810222053654
7034,23.29,3.009750977383459,19.282348532810317,4.007651467189682,17.207606127907606
2181,20.0,2.8732612773721766,16.694631303296372,3.3053686967036278,16.52684348351814
6334,34.0,3.532381917638925,33.20534497373468,0.7946550262653176,2.337220665486228
2620,10.0,1.9247939832731131,5.853736536074884,4.146263463925116,41.46263463925116
5170,8.9,2.6893244613921157,13.721727465260587,4.821727465260587,54.176713092815575
752,6.8,1.9719273621749989,6.184510306085527,0.6154896939144727,9.05131902815401
2283,11.5,2.460986136052582,10.716359769756119,0.783640230243881,6.814262871685921
2799,8.0,1.8231958368330727,5.191614253794659,2.8083857462053414,35.10482182756677
3049,14.9,2.956257453638489,18.225883183080153,3.325883183080153,22.32136364483324
351,3.5,1.9807239262327716,6.24798809511247,2.74798809511247,78.51394557464201
487,1.8,1.3215950925213718,2.749397245468374,0.9493972454683741,52.744291414909675
927,5.0,1.8607117839918126,5.428310712066407,0.42831071206640736,8.566214241328147
3318,6.5,1.7403544278164755,4.699363077550792,1.8006369224492076,27.702106499218576
1061,18.0,2.7219552158871743,14.210032087292792,3.7899679127072083,21.055377292817823
6018,39.39,3.640953385803842,37.12817025896073,2.2618297410392714,5.742142018378449
2191,3.5,1.832337401770626,5.24847479876886,1.7484747987688598,49.95642282196742
4608,2.1,1.5684783280464698,3.7993396140688462,1.6993396140688461,80.92093400327839
6128,27.9,2.9328565173564365,17.781202776877937,10.118797223122062,36.268090405455425
561,12.99,2.5935398855672736,12.377041084225498,0.6129589157745023,4.718698350842974
3535,9.9,2.229101498233124,8.291513886171582,1.6084861138284179,16.24733448311533
5501,21.99,3.069317535389813,20.527206104305748,1.4627938956942508,6.652086838082087
2966,9.5,2.334353785070121,9.322787034439965,0.17721296556003452,1.8653996374740478
6026,37.49,3.8427930551442815,45.655604300855394,8.165604300855392,21.78075300308187
334,13.5,2.7778890558580653,15.085030483791297,1.5850304837912965,11.740966546602197
2225,6.8,1.844894896580209,5.327434720424496,1.4725652795755035,21.65537175846329
4847,13.0,2.4254139944404325,10.30690944810977,2.6930905518902293,20.71608116838638
5507,25.5,2.9505469405787155,18.11640640785743,7.383593592142571,28.955268988794398
3213,12.5,1.8859907176028066,5.5928828926906125,6.9071171073093875,55.2569368584751
1103,7.9,2.292285829747879,8.897535925513157,0.9975359255131568,12.62703703181211
2110,26.99,3.121976530017196,21.691185157456204,5.298814842543795,19.632511458109654
23,12.99,2.6696431554037985,13.434817287096639,0.4448172870966385,3.42430552037443
4151,21.99,3.159191540836617,22.551547765671497,0.5615477656714987,2.553650594231463
1005,3.2,1.2167205790052797,2.3760979130886613,0.8239020869113389,25.746940215979343
1643,9.7,2.4781710997548045,10.919444995282934,1.2194449952829345,12.571597889514791
2550,59.7,3.9003883475416075,48.42163815095784,11.278361849042163,18.891728390355382
3038,8.69,1.9843436512985306,6.274271359694645,2.415728640305354,27.798948680153675
4030,1.7,1.6542533019779595,4.229173850260574,2.529173850260574,148.77493236826908
3817,7.999,2.215375432059511,8.164849244027193,0.1658492440271937,2.0733747221801937
1671,14.9,2.746655155820405,14.590397125241639,0.3096028747583617,2.0778716426735686
1372,14.3,2.645021475354832,13.083747533352428,1.216252466647573,8.50526200452848
3203,30.99,3.3376014543477637,27.15152294949734,3.8384770505026573,12.386179575678147
445,6.9,2.1071717528123024,7.224946177099234,0.3249461770992337,4.70936488549614
5433,62.99,3.7932540987895904,43.40064954795388,19.58935045204612,31.099143438714272
7125,59.999,4.148427474257234,62.33432708957071,2.335327089570704,3.8922766872292938
3399,22.5,3.1927035035193647,23.35418013343318,0.8541801334331787,3.7963561485919053
3939,2.0,1.1664930024317803,2.2107129087336497,0.21071290873364967,10.535645436682483
5206,20.49,3.1200236506491956,21.6469152510896,1.1569152510896004,5.646243294727187
6378,83.79,4.388000079164488,79.47930568698999,4.310694313010018,5.144640545423102
2592,16.99,2.670320003463446,13.444590772377925,3.5454092276220734,20.867623470406553
3887,11.0,2.7102502132948834,14.033036509927548,3.0330365099275483,27.573059181159532
3518,1.2,1.4671068396997693,3.336670291442675,2.136670291442675,178.05585762022292
4295,10.9,2.4891850102777076,11.051450308880408,0.151450308880408,1.3894523750496146
1128,10.8,2.100797120459661,7.1726819287678865,3.6273180712321142,33.586278437334386
2570,7.5,1.9064052415152737,5.7288566557197,1.7711433442802997,23.615244590403996
5277,9.6,2.2752828738988327,8.73067117617777,0.8693288238222294,9.055508581481558
1783,10.6,2.297243900470673,8.946730462833976,1.6532695371660235,15.596882426094563
2523,18.0,2.724098349893868,14.242664179285002,3.7573358207149976,20.8740878928611
4248,5.15,1.3709881294609638,2.939241253302737,2.2107587466972634,42.92735430480123
1844,6.49,1.916324772921131,5.795935907983606,0.6940640920163945,10.694361972517635
5291,7.9,1.859188031059381,5.418523013679149,2.4814769863208515,31.411101092669004
6129,24.49,3.360986369627097,27.817601672182814,3.3276016721828157,13.58759359813318
6060,5.69,2.5152972321359996,11.370285078984844,5.680285078984844,99.82926325105174
2515,6.699,2.1455854369901033,7.547043528325624,0.8480435283256238,12.659255535537003
5040,17.5,2.6893244613921157,13.721727465260587,3.778272534739413,21.590128769939504
6799,56.99,3.4136297761212444,29.375299938219516,27.614700061780486,48.45534315104489
3554,3.5,1.6197231915471297,4.0516917720245305,0.5516917720245305,15.762622057843728
3878,4.2,2.1575745679768774,7.65013188784167,3.4501318878416702,82.14599732956357
5945,29.7,3.4264701154296615,29.767843901509032,0.06784390150903263,0.2284306448115577
2264,14.5,2.5625481055647525,11.968821174430277,2.5311788255697234,17.456405693584298
2462,4.9,1.7167044888892296,4.566154880477089,0.33384511952291174,6.8131657045492195
1775,6.6,2.329793748900915,9.275821914900227,2.6758219149002276,40.54275628636709
6861,28.05,3.2985855700814186,26.074317101149763,1.9756828988502377,7.043432794475001
378,7.8,2.2106548964774073,8.121688198839006,0.32168819883900657,4.124207677423161
6853,9.999,2.632794458317825,12.91259379444227,2.913593794442269,29.13885182960565
4913,1.6,0.9130513359492358,1.4919146131427783,0.1080853868572218,6.755336678576363
5246,8.2,2.4841612613516713,10.99105867155945,2.791058671559451,34.037300872676234
199,1.5,1.1486886679403825,2.1540541842915615,0.6540541842915615,43.603612286104095
2446,11.0,2.697978034120312,13.849675811282024,2.849675811282024,25.906143738927494
2957,3.8,1.9239574358891978,5.84800545819891,2.04800545819891,53.89488047891868
1328,11.49,2.5614662439121836,11.954798290900339,0.46479829090033853,4.045241870324966
1193,10.5,2.283902096311878,8.814904486611338,1.6850955133886618,16.048528698939638
5686,12.75,2.54796145772156,11.781022553014411,0.9689774469855887,7.599823113612461
1075,9.3,2.5935398855672736,12.377041084225498,3.077041084225497,33.086463271241904
5427,3.4,1.578197839059372,3.846214278696084,0.4462142786960839,13.12394937341423
6969,24.5,3.195078033815559,23.41207858560886,1.0879214143911398,4.440495568943428
2063,10.5,2.7098037836740443,14.02632681495309,3.526326814953091,33.584064904315156
965,14.5,2.817063710657773,15.727661236864176,1.2276612368641757,8.466629219752935
5060,9.49,2.283902096311878,8.814904486611338,0.675095513388662,7.113756726961665
1467,9.4,2.228798884573016,8.28870257253895,1.11129742746105,11.822313058096277
5975,18.46,3.043998349626162,19.98899703347126,1.52899703347126,8.282757494427193
3296,51.0,3.361815594101222,27.84150784319617,23.15849215680383,45.408808150595746
5414,7.5,2.1335783970320774,7.445032486054675,0.05496751394532495,0.732900185937666
7126,29.95,3.274417763667829,25.427833755193898,4.522166244806101,15.099052570304178
5724,62.05,3.7456167955952973,41.335111277738484,20.714888722261513,33.3841881100105
2755,6.0,1.9521574392572365,6.043867916540739,0.04386791654073896,0.7311319423456493
4022,6.5,2.0734813245369055,6.952460077721106,0.4524600777211063,6.960924272632404
3091,6.5,2.1552360454916717,7.629926993929173,1.129926993929173,17.383492214294968
2022,5.89,1.8668897010583123,5.468147209108632,0.42185279089136785,7.162186602569913
5090,8.6,2.559687675491271,11.931777773611806,3.3317777736118064,38.741602018741936
2907,7.0,1.9837189645876405,6.269728638081474,0.7302713619185264,10.432448027407519
5744,42.345,3.4353328394512417,30.041742762910886,12.303257237089113,29.054805141313295
5769,15.1,2.8186477543793425,15.75417958118641,0.6541795811864102,4.33231510719477
6155,18.49,2.963178233551201,18.359402786177192,0.13059721382280642,0.7063126761644479
6547,13.79,2.422193384496152,10.270552879690188,3.5194471203098114,25.521734012398923
2850,6.699999,1.9719273621749989,6.184510306085527,0.5154886939144729,7.6938622515387385
2132,16.5,2.444637478582679,10.526370285246903,5.973629714753097,36.20381645304907
6114,86.19,4.505636587278783,89.52595338056156,3.3359533805615627,3.870464532499783
6570,20.79,3.048352069087985,20.080576449226065,0.7094235507739342,3.412330691553315
6434,31.0,3.5154624609951943,32.63147757468119,1.6314775746811918,5.262830886068361
4246,7.5,1.9325520447246936,5.907115034403468,1.5928849655965323,21.238466207953763
1701,4.5,2.1957756465864384,7.986969065992225,3.4869690659922252,77.48820146649389
6332,39.999,3.3280932070315794,26.88511982740235,13.113880172597653,32.785520069495874
3927,19.5,3.1469680650656118,22.265418303086268,2.7654183030862676,14.181632323519322
5780,66.99,4.268618078182424,70.42286657179741,3.432866571797419,5.124446293174234
547,12.4,2.501608778262197,11.20210866579187,1.1978913342081299,9.660413985549434
6811,37.99,3.6552401919472537,37.67680985784945,0.3131901421505532,0.8244015323783974
6203,33.3,3.6314803201201906,36.76868499975237,3.4686849997523694,10.416471470727837
1263,19.9,2.843291857974147,16.172201044287267,3.727798955712732,18.732658068908204
5231,2.299,1.4303157925850682,3.180019002525519,0.8810190025255191,38.3218356905402
3011,13.29,2.5094770248129237,11.29849656983468,1.9915034301653183,14.984976901168686
5865,13.69,2.6985490430907975,13.858157530717554,0.16815753071755424,1.2283238182436393
1789,11.9,2.3357713625185244,9.337430761400963,2.5625692385990373,21.53419528234485
6610,21.49,3.318006929000338,26.60527641754575,5.115276417545751,23.80305452557353
3018,6.4,1.8315028040931938,5.2432620118068405,1.1567379881931599,18.074031065518124
5494,26.59,3.279360155718472,25.55877378259471,1.0312262174052904,3.8782482790721717
4715,13.8,2.5736481501960555,12.113577583285995,1.6864224167140058,12.220452295029027
2199,5.9,2.2001111156764304,8.026016375630505,2.1260163756305044,36.03417585814414
1244,2.5,1.0472441228118594,1.8497866243021814,0.6502133756978186,26.008535027912743
7130,10.89,3.195677175696022,23.426709266767904,12.536709266767904,115.12129721549957
5008,38.0,1.5918018393562576,3.9125926612392057,34.0874073387608,89.70370352305473
5482,12.726,2.519392236311537,11.42104530877893,1.30495469122107,10.254240855108204
4837,8.5,2.3335980658987125,9.314988853364278,0.8149888533642784,9.588104157226805
7202,35.29,3.5803881002632485,34.8874660797276,0.402533920272397,1.1406458494542278
6764,20.99,3.035704866894329,19.81564498873227,1.1743550112677283,5.594830925525147
3915,5.2,1.8668737099782133,5.468043777275515,0.26804377727551465,5.154688024529127
6083,32.299,3.4571810780531553,30.72741323654163,1.5715867634583702,4.865744337157095
518,13.29,2.7706510377302775,14.969027065426678,1.6790270654266788,12.633762719538591
611,12.5,2.5065295113625963,11.262299956983753,1.2377000430162468,9.901600344129974
5806,11.22,2.399904125306252,10.022119587642639,1.197880412357362,10.67629601031517
5672,16.5,2.950784943222147,18.120956704585257,1.6209567045852573,9.823980027789437
2288,7.5,1.9177918780009868,5.80591357743169,1.6940864225683097,22.587818967577462
957,10.99,2.3307592585940746,9.285748111712756,1.704251888287244,15.507296526726513
4401,6.15,2.234161766582785,8.338650601441312,2.188650601441312,35.58781465758231
491,25.8,2.6055420826105253,12.538562333141995,13.261437666858006,51.40092118937212
1330,4.9,1.9945295687030176,6.348745134899021,1.4487451348990206,29.56622724283715
3458,21.5,2.8916347781947196,17.022748728402753,4.477251271597247,20.82442451905696
323,5.89,1.3141160698759087,2.7214600203563957,3.168539979643604,53.79524583435661
5362,7.2,2.2023697224514693,8.046425636939896,0.8464256369398955,11.755911624165215
7010,22.79,3.0933576948908237,21.050994323023545,1.7390056769764541,7.6305646203442485
4247,10.5,2.497034689270774,11.146422588498075,0.6464225884980745,6.156405604743568
2031,4.75,1.4027576235915127,3.0663981149839445,1.6836018850160555,35.444250210864325
5516,32.0,3.9579005795289657,51.34731148885876,19.347311488858757,60.460348402683614
1153,6.3,1.8355874869317046,5.268815911260294,1.031184088739706,16.36800140856676
6685,15.7,2.880326057092523,16.82008259677992,1.1200825967799197,7.134284055923056
7286,6.6,2.1326545349478603,7.437234043638137,0.8372340436381371,12.685364297547533
6854,21.69,3.1220391600452744,21.692606351523995,0.0026063515239940216,0.012016374015647863
1606,6.4,2.043513875519478,6.717680577144584,0.31768057714458386,4.963759017884123
324,23.9,2.879470238366286,16.80483836047239,7.095161639527607,29.686868784634342
2083,7.99,1.9833969988444615,6.267388411254455,1.7226115887455453,21.55959435225964
2687,10.8,2.3501933903081316,9.487597728379379,1.3124022716206216,12.151872885376125
6858,35.35,3.3714944202036836,28.12201508272369,7.227984917276313,20.446916314784477
586,7.89,1.9356421691435801,5.92849189079791,1.9615081092020894,24.86068579470329
4125,9.8,2.6159553250763175,12.68027925107472,2.88027925107472,29.39060460280326
3245,8.99,2.5070826344930977,11.269084394864894,2.279084394864894,25.35132808526022
4556,4.4,2.0730758533954674,6.949236238287248,2.5492362382872473,57.93718723380107
706,24.9,3.135009636527705,21.988857373728393,2.911142626271605,11.691335848480342
1978,6.4,2.0338203076847132,6.643230145078354,0.2432301450783534,3.8004710168492717
4160,7.4,1.2292783892146568,2.4187616306978894,4.981238369302111,67.31403201759609
4995,4.39,1.4519818139032115,3.271571592194385,1.1184284078056148,25.476729107189406
6812,9.8,2.605676125853886,12.54037720758068,2.7403772075806785,27.963032730415083
6202,17.34,2.8678685802164843,16.59946634392461,0.7405336560753888,4.270666990054146
5939,27.79,3.156006942877005,22.476664853981553,5.313335146018446,19.11959390434849
6218,29.3,3.2593220697959833,25.031883359181368,4.268116640818633,14.56695099255506
4453,9.5,2.291945757781904,8.894170623267568,0.6058293767324319,6.3771513340256
3801,8.9,2.3335980658987125,9.314988853364278,0.41498885336427804,4.662796105216607
2572,56.99,3.458055686733661,30.755174445896,26.234825554104003,46.034085899463065
208,2.25,1.5716024193569624,3.8143566343107107,1.5643566343107107,69.52696152492047
3682,29.8,3.239840938758549,24.529660644862094,5.2703393551379065,17.68570253401982
747,2.5,1.5495346784568853,3.7092783440094435,1.2092783440094435,48.37113376037774
5101,9.9,1.9880100759601513,6.300990880225862,3.5990091197741387,36.35362747246605
6260,40.99,3.746460755925697,41.37085551347683,0.3808555134768312,0.9291425066524304
798,5.0,1.4761065687725252,3.375875301761581,1.6241246982384192,32.48249396476838
88,6.99,2.5813965502674177,12.21558150201414,5.2255815020141405,74.75796140220515
734,1.7,1.8818404645415343,5.565577461700642,3.865577461700642,227.3869095118025
1221,4.8,2.0308119545443724,6.620271161349717,1.8202711613497176,37.92231586145245
3574,14.5,2.329793748900915,9.275821914900227,5.224178085099773,36.02881437999843
1480,6.9,1.8469718995843747,5.34059047889298,1.5594095211070202,22.600137987058265
3936,10.49,2.8900669749356074,16.994514742658914,6.504514742658914,62.006813562048755
6199,28.99,3.1970611232014874,23.460537953288163,5.529462046711835,19.0736876395717
852,13.5,2.4278968552557676,10.335017810657273,3.1649821893427266,23.444312513649827
486,7.89,1.9509010371089648,6.035023542966672,1.8549764570333274,23.51047474059984
2678,3.6,1.5657805534714813,3.786409526753765,0.18640952675376488,5.178042409826801
3195,4.0,1.651651938465434,4.21558854602431,0.21558854602430966,5.389713650607741
1430,8.4,2.2736123821380576,8.714429739521082,0.31442973952108133,3.7432111847747778
1536,14.9,2.9496050063221264,18.098408487558533,3.198408487558533,21.46582877556062
1891,6.0,2.1313263430773115,7.426035216713215,1.426035216713215,23.767253611886918
6513,39.99,2.9158680557705807,17.464833953607283,22.52516604639272,56.3269968651981
1919,5.6,2.1465840080168803,7.555582621093368,1.9555826210933684,34.921118233810155
4302,14.8,2.8218513499338367,15.807939262571978,1.007939262571977,6.810400422783627
198,5.0,1.4396399997951626,3.2191766391064602,1.7808233608935398,35.61646721787079
4629,6.6,1.9336583595397083,5.9147607065754215,0.6852392934245781,10.382413536736031
2882,3.85,1.7161637977177722,4.563146123151811,0.713146123151811,18.523275926021064
1057,8.9,2.329793748900915,9.275821914900227,0.37582191490022687,4.222718144946369
73,7.0,2.0933361539113715,7.1119327279703,0.1119327279703004,1.5990389710042914
548,27.8,3.245739164233645,24.68068529052078,3.1193147094792195,11.220556508918056
6352,13.69,2.8579811723600725,16.42631068309884,2.736310683098841,19.98766021255545
2963,4.0,1.828936017219871,5.227257437780519,1.2272574377805192,30.68143594451298
6569,27.3,3.628016134472829,36.63807362489926,9.338073624899263,34.20539789340389
1512,34.99,2.860976718097442,16.478590257618645,18.511409742381357,52.90485779474523
3912,10.9,2.316643636095979,9.141578291457854,1.758421708542146,16.132309252680237
1582,1.9,1.1833406633650096,2.2652641512634073,0.3652641512634074,19.22442901386355
6697,15.44,3.009750977383459,19.282348532810317,3.842348532810318,24.885677025973564
5822,10.08,2.402260832014788,10.048126123669245,0.03187387633075467,0.3162090905828836
2865,6.9,1.9945295687030176,6.348745134899021,0.5512548651009794,7.989200943492455
3647,10.8,2.467959342395039,10.798345884843503,0.0016541151564979373,0.015315881078684602
5349,20.499,2.6106621822404583,12.608058883942384,7.890941116057615,38.49427345752288
4428,3.0,1.5372273711187225,3.651675006175382,0.651675006175382,21.722500205846064
6213,25.55,3.100756198458613,21.214743686380185,4.335256313619816,16.967735082660727
4359,28.8,3.4720053338274264,31.201252001461,2.4012520014609997,8.337680560628472
1452,3.6,2.006527242366014,6.4374440069493755,2.8374440069493754,78.81788908192709
7037,24.89,3.1716543334396654,22.846902470275733,2.0430975297242675,8.208507552126425
2020,1.9,1.277707281159539,2.5884030876636035,0.6884030876636036,36.23174145597914
4903,29.49,3.3723334980351956,28.146460974557247,1.3435390254427517,4.555913955384034
5220,6.9,1.9336583595397083,5.9147607065754215,0.9852392934245788,14.278830339486648
6818,12.35,2.7641743972958066,14.865935622502793,2.515935622502793,20.371948360346504
4814,10.0,2.837448515811681,16.072150597083212,6.072150597083212,60.721505970832126
5267,8.8,2.290583152690536,8.880697957047783,0.08069795704778215,0.9170222391793427
2098,9.2,2.546257101580733,11.75925769154638,2.55925769154638,27.818018386373694
1880,13.5,2.372534296157107,9.724537026147011,3.7754629738529886,27.966392398911026
937,9.5,2.283902096311878,8.814904486611338,0.6850955133886618,7.211531719880651
7120,29.999,3.2767250609996497,25.488881025522318,4.510118974477681,15.034231055960804
2855,13.5,2.5693505377639476,12.057341436371017,1.4426585636289833,10.686359730585062
6139,14.99,3.0494038596862802,20.102760465766906,5.112760465766906,34.107808310653134
5985,12.49,2.5213294039348777,11.44513027637706,1.0448697236229396,8.365650309230901
1295,7.0,2.3999547832584005,10.02267795979216,3.0226779597921603,43.18111371131658
1175,45.9,3.5080080012161607,32.38170519350772,13.518294806492278,29.451622672096466
2197,5.5,1.5410307197034205,3.669400634731292,1.830599365268708,33.28362482306742
2614,41.9,3.520407849138391,32.79821022413807,9.101789775861931,21.722648629742082
6148,27.36,2.924287549112544,17.6209548071284,9.7390451928716,35.5959254125424
4335,4.0,1.9437189007389453,5.984678055009287,1.9846780550092866,49.61695137523216
4914,11.5,2.449941119929549,10.587664416639358,0.9123355833606421,7.933352898788193
1321,7.2,1.8714576413587105,5.497760904717378,1.7022390952826223,23.642209656703088
1181,12.79,2.6696431554037985,13.434817287096639,0.6448172870966395,5.041573784961998
6150,22.799,3.128144890896956,21.831585150038528,0.9674148499614716,4.243233694291292
3438,12.6,2.3230568781967946,9.206827694795214,3.3931723052047857,26.929938930196712
6343,34.99,3.3509319474695403,27.529309075791428,7.460690924208574,21.32235188399135
4301,12.6,2.449941119929549,10.587664416639358,2.0123355833606418,15.970917328259063
620,7.9,2.1797753059639455,7.844318769760257,0.055681230239743584,0.7048256992372606
6864,24.89,3.0643494068112114,20.42052140752223,4.4694785924777705,17.956924839203577
5159,16.0,2.5708445930900834,12.076864407457066,3.923135592542934,24.519597453393338
2492,15.5,2.454371765928046,10.639119160321936,4.860880839678064,31.36052154631009
478,14.0,2.7541127760245856,14.707099004104103,0.7070990041041032,5.0507071721721655
3968,5.3,2.0702224875529334,6.9265864885091455,1.6265864885091457,30.690311103946144
2276,3.7,1.8999300555818939,5.685426817637042,1.985426817637042,53.66018426046059
5227,6.9,2.15722468951712,7.647105922410985,0.7471059224109844,10.82762206392731
1897,12.5,1.96153527321315,6.110234842898121,6.389765157101879,51.11812125681503
7044,14.766,2.770581931147886,14.967923538672988,0.20192353867298785,1.3674897648177424
2206,1.4,0.9902705511017307,1.6919626873060092,0.29196268730600927,20.85447766471495
1033,4.5,1.7611167483511396,4.818932050051912,0.31893205005191216,7.087378890042492
5948,10.59,2.219663293832401,8.204231222656361,2.385768777343639,22.528505923924826
286,12.3,2.9013703970602114,17.199068238041725,4.899068238041725,39.82982307350996
550,3.2,1.289138890105781,2.6296596737937787,0.5703403262062214,17.82313519394442
7008,10.099,2.446180493692674,10.544169377362994,0.4451693773629941,4.408054038647332
5668,25.79,3.291548402239543,25.884459401261093,0.0944594012610942,0.3662636729782637
5015,2.5,1.1607970057765964,2.192476684785272,0.30752331521472787,12.300932608589115
2825,12.5,2.5605695581459402,11.94318711423475,0.5568128857652503,4.454503086122003
1055,10.799,2.5285140344712813,11.534865912080123,0.7358659120801239,6.814204204834928
2091,6.5,1.8799304989886032,5.55304940280266,0.9469505971973398,14.56847072611292
6540,25.79,3.1220391600452744,21.692606351523995,4.097393648476004,15.887528687382721
2571,3.5,1.4294394735033138,3.1763575766345085,0.32364242336549154,9.246926381871187
1677,10.3,2.118357687094903,7.317466382266753,2.9825336177332478,28.95663706537134
1174,1.8,1.0472441228118594,1.8497866243021814,0.04978662430218139,2.7659235723434104
6021,78.2,4.220603417506859,67.0745492733116,11.125450726688399,14.226919087836826
5916,12.54,3.0363672584794656,19.82943766438383,7.289437664383829,58.129486956808854
5389,3.9,1.7501433730392204,4.755427790029034,0.8554277900290344,21.93404589818037
2087,14.0,2.6226600293556026,12.772309651467138,1.227690348532862,8.76921677523473
1370,46.5,3.458055686733661,30.755174445896,15.744825554104,33.859839901298926
6314,16.899,2.978641558799062,18.66109006083204,1.7620900608320405,10.427185400509146
2934,5.0,1.8700578528334961,5.488671776476185,0.48867177647618476,9.773435529523695
3107,16.99,2.824386826668455,15.85060947333314,1.1393905266668582,6.70624206396032
1188,7.8,1.908931323619536,5.745875786911175,2.0541242130888246,26.334925808831084
2029,6.699999,2.1369255951131914,7.473347043367166,0.7733480433671662,11.542509832720366
4209,4.888888,1.9571641427869726,6.07922290702547,1.1903349070254707,24.34776388875079
5027,4.5,1.8325865679989164,5.250031901647706,0.7500319016477057,16.667375592171236
7009,23.5,3.3151803936279878,26.52735929691212,3.0273592969121204,12.882379986860087
7093,40.9,3.8804652372074786,47.44674905935769,6.546749059357694,16.006721416522478
3956,7.2,2.504876294794162,11.242044467496564,4.042044467496564,56.13950649300783
833,9.0,2.0703940786988415,6.927946737267833,2.072053262732167,23.02281403035741
1393,5.4,2.1209219583868584,7.3388219916186355,1.938821991618635,35.90411095590065
549,24.9,3.144122415817767,22.19930719212033,2.700692807879669,10.84615585493843
1020,5.5,1.9064052415152737,5.7288566557197,0.22885665571970026,4.16103010399455
248,3.6,1.6479178469437497,4.196149377458672,0.5961493774586715,16.55970492940754
2648,6.5,1.8516550874576054,5.370354295706903,1.1296457042930967,17.379164681432258
296,6.3,1.999278797281668,6.383729012771602,0.08372901277160238,1.3290319487555935
1559,7.39,1.7137117855972104,4.5495219315969315,2.840478068403068,38.43678035728103
1563,12.8,2.4513178307935664,10.60362826641164,2.196371733588361,17.159154168659068
6766,13.69,2.6832494390413095,13.632563751864597,0.057436248135402934,0.4195489272125853
3260,9.7,2.4829689113790305,10.976769653528502,1.2767696535285022,13.162573747716518
100,1.4,1.0984690306991565,1.999570256875939,0.5995702568759391,42.82644691970994
4204,43.5,3.4797840305030503,31.452712522968,12.047287477032,27.694913740303452
3197,7.0,1.66156257999149,4.267535362401602,2.7324646375983983,39.03520910854855
2937,17.5,2.8549027945914083,16.372748400470364,1.127251599529636,6.441437711597919
7017,15.99,2.62707485868596,12.83324646189704,3.1567535381029597,19.742048393389368
1499,6.0,1.9264934647316312,5.865394237457334,0.13460576254266599,2.2434293757110995
4872,7.0,2.2363267837419363,8.358890842565415,1.3588908425654154,19.412726322363078
1656,5.0,1.8560750378281416,5.398573262813347,0.39857326281334693,7.971465256266938
6788,13.29,2.7608088124339147,14.812627227035733,1.5226272270357342,11.456939255347889
346,4.0,1.6479178469437497,4.196149377458672,0.19614937745867156,4.903734436466789
1718,7.5,2.2106548964774073,8.121688198839006,0.6216881988390064,8.289175984520085
1665,1.7,1.205201706208342,2.3374321909724465,0.6374321909724465,37.49601123367333
681,6.0,2.0016155947694356,6.401003467769753,0.40100346776975293,6.683391129495882
6514,69.99,3.4254628829283864,29.736869131153686,40.25313086884631,57.5126887681759
3898,3.9,1.8132684915357258,5.130452052599357,1.230452052599357,31.550052630752745
6186,20.45,3.1600986137030618,22.572920427427874,2.122920427427875,10.381028984977386
6408,54.999,3.7229551605345996,40.386517375619306,14.612482624380696,26.568633292206577
7289,23.79,3.2144514487056584,23.889634924275477,0.09963492427547749,0.4188101062441257
5761,17.75,2.933611655442501,17.795390534580765,0.04539053458076481,0.2557213215817736
7063,49.59,3.6360658264699643,36.94227123085936,12.647728769140642,25.504595219077718
1793,3.8,1.882871960687673,5.572353323586488,1.7723533235864881,46.64087693648653
3542,5.9,2.189643688333702,7.93202996115617,2.0320299611561694,34.441185782307954
6741,18.8,3.1405081975243103,22.115611170624135,3.315611170624134,17.636229630979436
1706,6.2,2.1130524216324735,7.273456859458388,1.0734568594583882,17.31382031384497
1414,5.6,1.7378097017768646,4.684878197760103,0.9151218022398968,16.341460754283872
4761,2.9,1.5040758974645376,3.499993253102244,0.599993253102244,20.689422520767035
3066,8.8,1.9064052415152737,5.7288566557197,3.0711433442803004,34.89935618500341
2991,8.0,1.9919527865409856,6.329833395702391,1.6701666042976093,20.877082553720115
6041,9.75,2.291537101341992,8.890128132775926,0.8598718672240739,8.81919863819563
84,37.9,3.4540617078550664,30.628597890179023,7.271402109820976,19.185757545701783
5327,9.5,2.1175411504027815,7.3106776377868155,2.1893223622131845,23.04549854961247
3207,9.0,2.509687048723854,11.301079819445437,2.3010798194454374,25.56755354939375
5025,3.99,1.6382790435799874,4.146305319798538,0.15630531979853757,3.917426561366856
1561,1.2,1.3007450212609757,2.6720313902362003,1.4720313902362003,122.66928251968336
6072,8.39,3.5039671087593023,32.24708548785237,23.857085487852366,284.35143608882436
2948,8.9,2.496717514364977,11.142570658957785,2.242570658957785,25.197423134357134
3528,7.8,2.1209219583868584,7.3388219916186355,0.46117800838136436,5.912538568991851
1297,5.0,1.8909343175499502,5.625556163457959,0.6255561634579587,12.511123269159174
4866,8.499,2.131343780206012,7.426182143854714,1.0728178561452868,12.622871586601796
6289,13.28,2.7739270300804657,15.021427260388101,1.741427260388102,13.113157081235707
4506,14.2,2.6609973626328736,13.310554796067589,0.8894452039324108,6.263698619242329
1912,18.5,2.7709925161187616,14.974481074214706,3.5255189257852937,19.056859058298887
6456,79.99,3.815431451382634,44.396338471283904,35.59366152871609,44.49763911578459
5998,9.494,2.4999259332533663,11.181591676424963,1.6875916764249634,17.775349446228812
6127,18.99,2.9460658960419104,18.030936579431774,0.9590634205682242,5.050360297884278
6875,44.199,3.4528868948797555,30.591462021108367,13.607537978891632,30.78698155816112
1817,12.2,2.3310153277977603,9.288382312295463,2.9116176877045366,23.865718751676532
3722,7.6,2.211846646923742,8.132565455021368,0.5325654550213681,7.007440197649581
5451,9.79,2.5117912397754107,11.326990892890075,1.536990892890076,15.699600540245925
6187,36.99,3.487114822614294,31.69149075938799,5.298509240612013,14.32416664128687
7164,8.99,2.593444710948801,12.375767990028104,3.3857679900281035,37.661490434127955
3089,1.2,0.973606934602631,1.6474765329531293,0.4474765329531294,37.28971107942745
4845,6.0,1.8604143529377328,5.426399017148175,0.5736009828518247,9.560016380863745
3142,3.2,1.1470211827695125,2.148799228209425,1.0512007717905751,32.85002411845547
1623,5.5,1.8672094972473445,5.470216028718887,0.02978397128111343,0.5415267505656988
6834,18.38,2.9569887376098407,18.239947905313198,0.14005209468680135,0.7619809286550673
5459,16.79,3.158701159628813,22.540001360533942,5.750001360533943,34.24658344570544
5605,47.95,3.6882942431770687,38.97659841062618,8.973401589373822,18.71408047836042
6392,26.4,3.333071458748784,27.024285085499308,0.6242850854993094,2.36471623295193
1199,2.0,1.3606689036679656,2.8988003516212775,0.8988003516212775,44.94001758106387
373,6.0,1.5820760612145883,3.8650454664427105,2.1349545335572895,35.58257555928816
2457,5.7,1.8714576413587105,5.497760904717378,0.2022390952826223,3.5480543032039
5260,4.99,1.7137117855972104,4.5495219315969315,0.4404780684030687,8.827215799660696
3819,21.09,3.1604926517103156,22.582210884294597,1.4922108842945967,7.075442789448064
7284,23.3,3.3545039124293248,27.631396986813126,4.331396986813125,18.589686638682938
1317,8.0,2.348055600539558,9.465201397112194,1.4652013971121942,18.31501746390243
1446,13.0,2.754139927730758,14.70752548443089,1.7075254844308905,13.134811418699158
3799,18.9,2.939446051020675,17.905370800214776,0.9946291997852228,5.262588358651973
3482,3.7,1.6995689552400175,4.471588383843095,0.7715883838430946,20.85374010386742
1488,6.399,1.9843436512985306,6.274271359694645,0.12472864030535469,1.9491895656407983
4486,4.0,1.6922194256727066,4.431522197396566,0.43152219739656594,10.788054934914149
6067,102.0,4.186439794945692,64.78815421163881,37.21184578836119,36.482201753295286
812,5.123,1.5634099242174921,3.7750761632173244,1.3479238367826758,26.311220706279048
3580,34.5,3.455714130473371,30.68090490546357,3.8190950945364293,11.069840853728781
4317,3.95,1.3756323179887782,2.9575783799174857,0.9924216200825144,25.124597976772517
3366,3.9,1.4590441517386763,3.3018456508512513,0.5981543491487487,15.33729100381407
3651,4.0,1.5918018393562576,3.9125926612392057,0.08740733876079432,2.185183469019858
6684,40.5,3.5402077000604706,33.47407871554868,7.0259212844513215,17.347953788768695
1511,3.5,1.3720825357561095,2.9435547436534146,0.5564452563465854,15.898435895616725
7149,18.29,2.977766064301991,18.6438844174994,0.35388441749940114,1.9348519272793938
1801,3.4,1.4751510082905694,3.37169588540982,0.028304114590179896,0.8324739585347029
4516,4.6,1.8714576413587105,5.497760904717378,0.8977609047173782,19.516541406899528
921,7.8,2.2752828738988327,8.73067117617777,0.9306711761777704,11.93168174586885
322,15.0,2.748101884935375,14.612968530094074,0.3870314699059261,2.5802097993728403
3838,2.5,1.323882589848218,2.7579837987593203,0.2579837987593203,10.319351950372813
5634,27.49,3.357189274502362,27.70838597977541,0.2183859797754124,0.7944197154434791
7262,9.08,2.5988171134426703,12.447821375925617,3.367821375925617,37.09054378772706
4402,6.85,2.0911759902834093,7.094428538702019,0.24442853870201908,3.5682998350659725
6217,10.45,2.462749699485843,10.737040543985556,0.28704054398555634,2.746799463976616
1569,5.9,2.1312635162513014,7.425505852294018,1.5255058522940175,25.856031394813854
4661,17.5,2.8622122731086077,16.500199364270532,0.9998006357294678,5.713146489882673
231,12.9,2.454390986548121,10.639342873559272,2.2606571264407282,17.52447384837774
1545,1.8,1.222304978951372,2.3950041349112374,0.5950041349112374,33.05578527284652
1420,1.0,1.0648298189394922,1.9003453582090413,0.9003453582090413,90.03453582090413
1079,5.9,2.2891349135718024,8.866398700616529,2.966398700616528,50.277944078246236
3103,7.9,2.007152585581191,6.44209641662218,1.4579035833778207,18.454475738959754
1115,4.75,1.9010603299196795,5.692987455999015,0.942987455999015,19.852367494716106
6946,14.45,2.8862053514600094,16.925160697885108,2.4751606978851086,17.129139777751618
1941,10.9,2.3310153277977603,9.288382312295463,1.6116176877045376,14.785483373436126
1867,10.95,2.1825561516597944,7.868947684277833,3.0810523157221663,28.137464070522068
2586,6.65,2.3407984695623507,9.389528974325305,2.739528974325305,41.19592442594443
2751,11.5,2.319187114771482,9.16740601178216,2.3325939882178393,20.28342598450295
1425,9.59,2.283902096311878,8.814904486611338,0.7750955133886617,8.082330692269673
5395,14.5,2.619161688392837,12.724213593717518,1.7757864062824815,12.246802801948148
4053,32.5,3.1010944364750386,21.222258828101733,11.277741171898267,34.70074206737928
7283,16.95,2.98408601361231,18.768425904685213,1.8184259046852134,10.728176428821318
4333,4.49,2.114982685591195,7.289442238085,2.7994422380849997,62.34837946737193
1618,9.0,2.6730076030551846,13.483464263430724,4.483464263430724,49.81626959367471
2402,16.8,2.795292767283331,15.367419896836267,1.4325801031637333,8.527262518831744
265,15.3,2.728338056482598,14.307425791143894,0.9925742088561069,6.487413129778476
0,9.99,2.283902096311878,8.814904486611338,1.175095513388662,11.762717851738358
4015,16.5,2.5892633046805322,12.31995523912482,4.18004476087518,25.33360461136473
5187,3.5,1.4800497232658976,3.393164117955579,0.10683588204442085,3.0524537726977385
838,1.2,1.4042943350971235,3.0726517995775042,1.8726517995775043,156.0543166314587
14,21.9,2.824838496670012,15.858222107209954,6.041777892790044,27.5880269077171
3263,2.6,1.1406792932453995,2.128893079386856,0.4711069206131442,18.119496946659392
4912,21.0,2.6891952828654024,13.719825857022071,7.280174142977929,34.66749591894252
6477,29.155,3.3394919758017654,27.20479434708989,1.9502056529101104,6.689095019413858
8,16.5,2.7041041657342957,13.940926099984923,2.5590739000150773,15.509538787970165
1039,8.5,2.6922989625754674,13.765582452047548,5.265582452047548,61.94802884761821
2759,11.9,2.467959342395039,10.798345884843503,1.1016541151564976,9.257597606357121
3992,15.5,2.710759841788569,14.040699726210452,1.4593002737895482,9.4148404760616
6472,12.99,2.7039912967343613,13.939239827763645,0.9492398277636447,7.307465956610043
4141,32.79,3.3414448075968686,27.25992738151547,5.530072618484528,16.865119300044306
6629,18.1,2.9655247366606634,18.404883023903775,0.3048830239037734,1.6844365961534442
339,4.1,1.587633316041996,3.892157026998037,0.20784297300196286,5.069340804925924
1956,3.3,1.5484905078880993,3.704363620513762,0.4043636205137622,12.253443045871581
4220,6.5,1.8615398066938387,5.43363570357436,1.0663642964256397,16.40560456039446
2770,29.999999,2.586602455271805,12.284559955745516,17.71543904425448,59.051465449230456
1090,23.5,3.193937787775397,23.38425867345603,0.11574132654396863,0.4925162831658239
4512,8.999,1.9866690902821464,6.291206917563298,2.7077930824367025,30.089933130755664
1883,6.0,2.2902659490234583,8.877564260458819,2.8775642604588185,47.95940434098031
622,5.3,2.067331197174197,6.903701524738833,1.6037015247388329,30.25851933469496
7220,12.5,2.682701811846286,13.624552755741034,1.1245527557410337,8.99642204592827
5192,3.8,2.0308119545443724,6.620271161349717,2.8202711613497176,74.21766214078205
5045,2.8,2.1084481154953014,7.235450893957552,4.435450893957552,158.40896049848402
4331,16.5,3.127708398980891,21.82162152236925,5.321621522369249,32.25225165072272
4952,4.7,1.4749607282665753,3.370864118148706,1.3291358818512942,28.279486847899875
3032,8.4,2.069352801145305,6.919695840766853,1.480304159233147,17.622668562299367
4568,5.999,1.8607117839918126,5.428310712066407,0.5706892879335923,9.513073644500622
889,4.5,2.1016454453419553,7.179617959791026,2.6796179597910257,59.5470657731339
1507,3.1,1.330213165544686,2.7818494616525316,0.31815053834746854,10.262920591853824
3688,10.0,2.035942900235888,6.65947083854113,3.3405291614588704,33.405291614588705
196,1.9,0.8262077218753567,1.2846383074833612,0.6153616925166387,32.387457500875726
5533,12.99,2.625215813254574,12.80755371764984,0.1824462823501598,1.404513336028944
3980,11.2,2.645021475354832,13.083747533352428,1.8837475333524285,16.8191744049324
2789,3.8,1.619019789710061,4.048139652182053,0.24813965218205336,6.529990846896141
6575,38.0,2.8174968010047707,15.734907394480906,22.265092605519094,58.59234896189235
4236,21.5,2.5466354829322455,11.764086470218292,9.735913529781708,45.28331874317074
432,4.2,2.067401293659803,6.904255565856934,2.7042555658569336,64.38703728230793
2598,10.9,2.4804434484009255,10.94656092673763,0.046560926737630126,0.42716446548284515
6091,28.99,3.2440906295350933,24.63838466634006,4.3516153336599395,15.010746235460296
1694,23.5,3.1933215554262127,23.369236933367027,0.13076306663297288,0.5564385814169058
5357,29.9,3.3267081641055576,26.84652447372486,3.0534755262751396,10.21229273001719
1108,13.9,2.746655155820405,14.590397125241639,0.6903971252416383,4.966885793105312
6353,37.5,3.7442527990963224,41.27740569822286,3.777405698222857,10.07308186192762
6690,60.89,3.9181445716408754,49.30701706452935,11.582982935470653,19.022800025407545
6262,110.99,4.417005449069498,81.84782150420698,29.14217849579302,26.25658031876117
4825,1.65,1.38251820355398,2.9849238526050703,1.3349238526050704,80.90447591545882
1277,4.6,1.8193097055256264,5.167599520225905,0.5675995202259054,12.339120004910988
1195,5.9,1.8668897010583123,5.468147209108632,0.4318527908913685,7.319538828667263
6062,18.19,3.1008535170600364,21.216905699367054,3.0269056993670524,16.640493124612714
604,9.0,2.373844344505951,9.738595895058547,0.7385958950585465,8.206621056206071
3742,6.2,1.496341972545345,3.4653248772569825,2.7346751227430177,44.10766327004867
1593,17.9,2.8942231024536387,17.069457869273077,0.8305421307269221,4.639900171658782
1219,19.4,3.05643924115479,20.251749919966016,0.8517499199660179,4.390463504979474
2229,7.0,2.141825691866699,7.514969156614544,0.5149691566145442,7.356702237350632
4519,4.1,1.4665047920731484,3.3340601951662476,0.765939804833752,18.68145865448176
1652,3.3,1.470058600827516,3.349490017308976,0.049490017308976064,1.4996974942113959
4657,5.9,2.0336242113495557,6.641731482604051,0.7417314826040506,12.57172004413645
4865,5.9,1.638431914984893,4.147092102859632,1.7529078971403687,29.710303341362177
6264,11.09,2.4099264931170623,10.133142752365899,0.9568572476341011,8.628108635113625
4955,38.0,3.606818185965871,35.84862063194673,2.15137936805327,5.661524652771764
1158,12.0,2.3902412306986,9.916126930375938,2.0838730696240617,17.365608913533848
4818,10.8,2.4653650026976313,10.767776638401264,0.032223361598736844,0.29836445924756333
3256,8.8,2.1680847522196744,7.741525809877253,1.0584741901227481,12.02811579684941
5728,38.699,3.6901169362199466,39.04952992411713,0.3505299241171329,0.9057854831316905
4650,17.5,2.9013703970602114,17.199068238041725,0.30093176195827454,1.7196100683329976
7219,15.49,2.9441935020250307,17.99533650672713,2.505336506727131,16.17389610540433
5702,14.19,2.6562066740414427,13.242161341147535,0.947838658852465,6.679624093392988
2807,4.59,1.3258539216019989,2.765399338394895,1.8246006616051047,39.751648400982674
2851,8.6,2.6008357201444436,12.474994655133994,3.874994655133994,45.058077385279006
4559,10.49,2.2645787159494,8.627068016473697,1.8629319835263036,17.759122817219293
2995,6.5,2.1390883055363457,7.491692269892635,0.9916922698926349,15.256804152194384
904,5.95,1.636167825618779,4.13545180866873,1.8145481913312702,30.496608257668406
6841,21.169,2.920587826430253,17.552189722571814,3.6168102774281863,17.085409218329566
2357,23.8,3.317140243525624,26.58136169021955,2.7813616902195477,11.686393656384654
3383,12.8,2.4825318655846544,10.971536400390153,1.8284635996098473,14.284871871951932
3470,9.0,2.6584332166978584,13.27390744981062,4.27390744981062,47.487860553451334
1616,7.8,2.283902096311878,8.814904486611338,1.0149044866113384,13.011595982196647
3575,5.8,2.003158624652478,6.412432252495598,0.6124322524955979,10.55917676716548
6977,26.95,3.2491923995007737,24.76952003400634,2.1804799659936585,8.090834753223222
5006,10.9,2.3335980658987125,9.314988853364278,1.585011146635722,14.541386666382769
3820,3.65,1.60395978686538,3.9726842599950336,0.3226842599950337,8.840664657398184
1860,7.5,1.8167960077358698,5.152115508160466,2.347884491839534,31.30512655786045
2088,4.99,1.6449394858546267,4.180696392047955,0.809303607952045,16.21850917739569
7077,27.52,3.093144715858174,21.04629842366547,6.4737015763345305,23.523624914006287
6930,27.699,3.2590579362385004,25.025008373218945,2.6739916267810564,9.65374788541484
5213,4.1,2.1627303017731148,7.694844830126508,3.594844830126508,87.67914219820753
2251,3.2,1.182390816641373,2.262164123316289,0.9378358766837112,29.307371146365973
3784,14.0,2.8989630803762276,17.155310008529522,3.155310008529522,22.53792863235373
3127,6.5,1.9064052415152737,5.7288566557197,0.7711433442802997,11.863743758158456
254,11.7,2.2752828738988327,8.73067117617777,2.969328823822229,25.37887883608743
6705,16.78,2.8368031850034097,16.061136966439268,0.7188630335607336,4.284046683913787
4989,2.999999,1.6479178469437497,4.196149377458672,1.1961503774586717,39.87169253918657
221,14.85,2.7381894504530564,14.458970511040455,0.3910294889595445,2.6331952118487845
267,2.9,1.2806046574844347,2.598815118315636,0.30118488168436386,10.385685575322892
107,8.1,1.9177918780009868,5.80591357743169,2.2940864225683093,28.32205459960876
4800,5.5,1.62755782656681,4.091425379203216,1.4085746207967844,25.610447650850627
1226,5.4,2.1642574332860756,7.708133145587038,2.3081331455870373,42.74320639975995
4938,4.9,1.8565297830282406,5.4014836449831,0.5014836449830993,10.234360101695902
3418,9.5,2.2482938149932608,8.471561805594662,1.0284381944053376,10.825665204266711
4154,8.5,1.9758724523509479,6.21290982962017,2.2870901703798303,26.90694318093918
1758,6.99,2.2313694560322976,8.312610561697957,1.3226105616979567,18.921467263203954
2284,9.99,2.285826457537668,8.833810093013943,1.1561899069860573,11.573472542402975
2526,3.3,1.4720058452723412,3.357967789051161,0.057967789051160956,1.7565996682169986
4004,15.0,2.1198055297198084,7.329517486572287,7.670482513427713,51.13655008951808
1210,15.5,3.0353234936731366,19.807707972730597,4.307707972730597,27.791664340197404
6664,11.5,2.7345852447600136,14.403353489315945,2.903353489315945,25.24655208100822
2464,13.6,2.4986637795597857,11.166226334248353,2.433773665751646,17.895394601115047
4240,13.5,2.653504490535787,13.203728357559573,0.29627164244042703,2.194604758817978
4198,14.5,2.634883560246328,12.941689001813833,1.5583109981861671,10.74697240128391
376,4.5,1.6763416490217375,4.345962745486393,0.15403725451360728,3.423050100302384
755,1.8,1.258776312101691,2.5211101101828888,0.7211101101828887,40.061672787938264
291,12.49,2.670320003463446,13.444590772377925,0.9545907723779248,7.642840451384505
5091,1.7,1.6001639126944947,3.953844355826833,2.253844355826833,132.5790797545196
1465,1.35,1.3425862762048464,2.8289333901837823,1.4789333901837822,109.55062149509499
188,4.7,1.9026069153248002,5.703346741410043,1.0033467414100432,21.347803008724323
1870,33.0,2.6872707373321987,13.691524124641226,19.308475875358774,58.51053295563264
1201,8.7,2.460986136052582,10.716359769756119,2.0163597697561197,23.17654907765655
1649,4.0,1.5159931120559604,3.553941456039544,0.4460585439604561,11.151463599011402
6030,128.96,4.797840960354609,120.2483547137761,8.711645286223913,6.755308069342364
3706,30.49,3.1483253381416625,22.29701726831353,8.192982731686467,26.871048644429212
4176,6.5,1.996898909635223,6.366177460954217,0.13382253904578256,2.0588082930120395
501,10.0,2.3263155561439115,9.240142711087756,0.7598572889122437,7.598572889122438
6193,26.99,3.105811620955431,21.327332954743778,5.662667045256221,20.980611505210156
2605,5.5,1.9010603299196795,5.692987455999015,0.192987455999015,3.5088628363457275
6874,64.89,4.396799916175842,80.19063566347616,15.300635663476157,23.579342985785416
3312,23.5,2.8508396000557035,16.302302758192575,7.197697241807425,30.628498901308195
2812,6.5,2.0271773096425636,6.592624455038682,0.09262445503868211,1.424991615979725
4763,5.5,2.0794596264297156,7.000144679307278,1.5001446793072777,27.275357805586868
6753,76.79,3.8439792665980583,45.71098055053745,31.079019449462557,40.472743129916076
672,7.9,1.9064052415152737,5.7288566557197,2.1711433442803,27.482827142788608
4766,13.8,2.766094987024527,14.896436856298342,1.0964368562983413,7.945194610857545
3753,7.35,2.0740367555195687,6.956878347344996,0.39312165265500365,5.348593913673519
1374,12.8,2.5975963310966277,12.431414529628917,0.3685854703710838,2.8795739872740924
7043,23.99,3.520292279148185,32.79430439101637,8.80430439101637,36.69989325142297
6988,15.58,2.8866094421865442,16.932405552785525,1.352405552785525,8.680395075645219
5718,79.99,4.287888318357002,71.81254911910932,8.177450880890675,10.223091487549288
1192,4.9,1.9078021702902612,5.738262957642123,0.8382629576421223,17.10740729881882
3053,52.9,3.6412179977227686,37.13826076223295,15.761739237767046,29.79534827555207
3950,2.8,1.2922244610662794,2.6408765426026477,0.15912345739735212,5.682980621334004
216,13.0,2.475303030352139,10.885308176578102,2.1146918234218983,16.26686018016845
4697,6.49,2.1235523028082137,7.3607848377870315,0.8707848377870313,13.41733186112529
421,1.2,0.9895822970119417,1.6901105704135362,0.49011057041353623,40.84254753446135
505,3.9,1.832337401770626,5.24847479876886,1.34847479876886,34.57627689150923
4836,2.9,1.382504630742655,2.984869766352526,0.08486976635252619,2.926543667328489
6453,19.9,2.921743348201772,17.573639572203014,2.3263604277969847,11.690253406015
6845,49.5,3.5723516976224,34.60021572826682,14.899784271733182,30.10057428632966
6252,20.59,3.1005848300623216,21.210937107553594,0.6209371075535941,3.0157217462534924
506,16.3,2.754139927730758,14.70752548443089,1.5924745155691102,9.769782304104972
1807,8.9,1.9568790282858632,6.07720480562675,2.82279519437325,31.716799936778088
4436,20.89,3.1667404258992384,22.730008434867166,1.8400084348671655,8.808082502954358
1438,5.99,1.3154515629534496,2.7264333246194603,3.26356667538054,54.48358389616927
5520,76.49,4.363244856436836,77.51148002375609,1.021480023756098,1.3354425725664765
7069,41.599,3.2345184764798174,24.394140958224554,17.204859041775443,41.358828437643794
4704,3.8,1.3387815975255144,2.8143932068521202,0.9856067931478796,25.937020872312623
1426,27.9,3.4860515267967704,31.656748507913555,3.7567485079135565,13.465048415460776
2859,7.5,1.999278797281668,6.383729012771602,1.1162709872283978,14.883613163045304
3016,5.0,1.7020855942200233,4.485375738072145,0.5146242619278549,10.292485238557099
2688,20.49,3.121976530017196,21.691185157456204,1.2011851574562051,5.862299450737947
4664,12.0,1.9279449820225412,5.8753667117604405,6.1246332882395595,51.03861073532966
2280,2.95,1.6603533591495439,4.261169598438603,1.3111695984386031,44.44642706571536
347,6.5,1.9981955089051195,6.375734635846077,0.12426536415392331,1.9117748331372815
4320,12.99,2.7925804904519933,15.323087071686228,2.3330870716862275,17.960639504897824
333,11.5,2.013590627668233,6.490163509526608,5.009836490473392,43.56379556933384
4386,6.5,2.0236575268602044,6.565947043098442,0.06594704309844168,1.0145698938221797
3381,7.75,1.97130761490786,6.180059104909953,1.5699408950900473,20.257301872129645
5781,18.355,3.0990015797833665,21.17579945836855,2.820799458368551,15.368016662318448
6380,15.89,2.6466566488940875,13.106795743428634,2.7832042565713664,17.51544528993937
5832,83.49,4.4566978374946284,85.202384309888,1.7123843098880087,2.0510052819355717
6831,8.29,2.487988721248505,11.037041911112334,2.747041911112335,33.13681436806195
3023,9.79,2.3904915040165178,9.918859287585406,0.12885928758540643,1.3162337853463375
6726,5.65,1.7579800837142519,4.800708607021912,0.8492913929780883,15.031706070408642
746,14.5,2.702032836934731,13.910010558640767,0.5899894413592328,4.068892699029192
3410,34.0,2.8755690313172804,16.735513313159615,17.264486686840385,50.77790202011878
5257,5.7,1.9106323652653168,5.757360567837991,0.05736056783799093,1.0063257515437005
3704,5.0,1.6068585414227534,3.987119763538722,1.0128802364612781,20.257604729225562
3589,2.5,1.3432365284184102,2.8314239722618355,0.3314239722618355,13.256958890473419
5019,7.8,1.9396810366658273,5.956531738171708,1.843468261828292,23.634208484978103
4038,24.2,3.121976530017196,21.691185157456204,2.5088148425437957,10.367003481585932
3608,9.3,1.9662166658273033,6.143598677448988,3.1564013225510124,33.939799167215185
6968,28.59,3.4119507783923315,29.324342669148574,0.7343426691485746,2.5685297976515375
259,4.8,1.8823177347058686,5.568711763829688,0.7687117638296881,16.014828413118504
1795,11.49,2.283902096311878,8.814904486611338,2.675095513388662,23.281945286237267
4210,20.0,2.8701736706370053,16.640081498017736,3.359918501982264,16.79959250991132
3653,8.3,1.6246693911732382,4.076740344530988,4.223259655469013,50.882646451433885
3265,4.59,1.9064052415152737,5.7288566557197,1.1388566557197004,24.811691845745106
3246,5.0,1.9314445215208829,5.899469478828087,0.8994694788280873,17.989389576561745
1730,25.0,2.5963534554130265,12.41473132083854,12.58526867916146,50.34107471664584
599,11.5,2.862512468897009,16.505453639031987,5.0054536390319875,43.52568381766946
45,13.0,2.6226656669250814,12.77238729403854,0.22761270596146055,1.750866968934312
4651,23.5,2.5935398855672736,12.377041084225498,11.122958915774502,47.33174006712554
5070,6.0,1.9411532837005006,5.966781014276734,0.033218985723266314,0.5536497620544385
4575,6.0,1.6165320734179593,4.035596920771787,1.9644030792282132,32.74005132047022
3921,14.2,2.147056219976508,7.559623623558389,6.64037637644161,46.763213918602894
3881,2.686686,1.442279307793774,3.230327053974417,0.543641053974417,20.234633074889175
6979,5.85,2.468995101604637,10.810572461053157,4.960572461053157,84.79611044535312
6997,28.9,3.1341201651294934,21.968418533846176,6.931581466153823,23.98471095554956
1421,1.9,1.1849388511597363,2.2704868288746733,0.37048682887467344,19.49930678287755
4251,17.2,2.9010053709262533,17.19242631483268,0.007573685167319155,0.04403305329836719
3529,2.3,1.0255595854341124,1.7886555150402352,0.5113444849597646,22.232368911294113
6651,12.09,2.7879894109139847,15.248318246776805,3.1583182467768047,26.123393273588132
6497,96.79,4.587006653901055,97.20004306469976,0.4100430646997495,0.42364197200098097
7180,15.99,3.0369978817884733,19.842577335944636,3.852577335944636,24.093666891461137
3044,13.2,2.746655155820405,14.590397125241639,1.3903971252416394,10.533311554860905
1298,4.1,1.9064052415152737,5.7288566557197,1.6288566557197006,39.728211115114654
426,6.5,1.81919153324695,5.166870723999239,1.3331292760007614,20.509681169242484
4603,8.2,1.9393324970738814,5.954107533928448,2.2458924660715516,27.388932513067704
805,19.9,2.8013315271950745,15.466557849847476,4.433442150152523,22.27860376961067
410,7.7,2.389635835870449,9.909520363581311,2.209520363581311,28.695069656900145
6097,12.38,2.698920872832597,13.86368326284793,1.4836832628479293,11.984517470500236
3858,15.0,1.9929067645645229,6.336829232084601,8.6631707679154,57.75447178610267
438,8.8,2.459966623150007,10.704420876761477,1.9044208767614759,21.64114632683495
2389,2.0,1.257711952258199,2.517364375735378,0.5173643757353781,25.868218786768903
4161,9.2,2.4702576412957176,10.825493194586791,1.6254931945867916,17.668404288986867
434,5.8,1.9945295687030176,6.348745134899021,0.5487451348990211,9.461123015500364
751,10.5,2.1369255951131914,7.473347043367166,3.0266529566328337,28.82526625364604
3411,8.5,1.9237077333473718,5.846295707303015,2.653704292696985,31.22005050231747
2874,6.99,1.9336583595397083,5.9147607065754215,1.0752392934245787,15.382536386617721
4383,14.6,2.821739624071826,15.806061485969305,1.2060614859693057,8.260695109378807
2142,9.0,2.145367477969318,7.5451808260913324,1.4548191739086676,16.164657487874084
6044,24.0,3.430940733030434,29.905703094250427,5.905703094250427,24.607096226043446
4937,7.5,1.9880100759601513,6.300990880225862,1.1990091197741384,15.986788263655177
4856,5.9,2.166114857273464,7.724322871915463,1.824322871915463,30.920726642634968
1049,6.0,2.034456111597685,6.648091285914763,0.648091285914763,10.801521431912715
626,6.5,2.0581499058540214,6.8314674470082,0.3314674470082002,5.099499184741541
1926,10.2,2.4210136347266946,10.257264287676666,0.05726428767666647,0.5614145850653576
1223,7.6,1.9336583595397083,5.9147607065754215,1.6852392934245781,22.174201229270764
210,7.89,2.444637478582679,10.526370285246903,2.6363702852469038,33.41407205636126
2431,3.89,1.291205311664048,2.6371678356349095,1.2528321643650906,32.20648237442392
6216,14.59,2.697030949742053,13.835618573045057,0.7543814269549429,5.170537539101733
4927,16.0,2.807979706344868,15.576395180989568,0.423604819010432,2.6475301188152
51,18.8,2.7616102840576735,14.82530567908638,3.9746943209136205,21.14199106868947
1109,12.5,2.583602638953979,12.244768429490003,0.2552315705099968,2.0418525640799743
1436,7.2,2.093044266414249,7.109565301757369,0.09043469824263095,1.2560374755920967
7277,10.49,2.612437310255425,12.63223638322597,2.1422363832259705,20.42170050739724
3882,2.8,1.674397507970521,4.335579536336631,1.5355795363366314,54.84212629773684
1786,10.8,1.9106323652653168,5.757360567837991,5.04263943216201,46.691105853351935
5456,22.0,3.2035948256742723,23.62087907077378,1.6208790707737784,7.3676321398808104
4338,6.0,1.8803166303084575,5.55558022900182,0.44441977099817986,7.406996183302998
6336,19.592,3.173972999024093,22.902259614880816,3.3102596148808168,16.89597598448763
1558,2.8,1.456647370893014,3.2915474158304168,0.49154741583041694,17.55526485108632
2249,26.49,2.9038112122831428,17.24354305616668,9.24645694383332,34.90546222662635
5044,36.0,3.1166969553246053,21.571701040754018,14.428298959245982,40.07860822012773
3786,8.5,2.5791641205654616,12.186111552375086,3.6861115523750865,43.36601826323631
4233,12.8,2.789796657785695,15.277709519742238,2.4777095197422376,19.357105622986232
4561,13.0,2.3739769834593885,9.740020345646185,3.259979654353815,25.076766571952426
3733,3.5,1.6171958170398661,4.038940375586098,0.5389403755860984,15.398296445317097
5661,63.05,4.432192229332074,83.11561565347635,20.065615653476357,31.824925699407387
5664,70.99,4.363244856436836,77.51148002375609,6.521480023756098,9.18647700205113
6291,8.89,2.273213796857513,8.710558482382332,0.17944151761766847,2.018464765103132
6970,20.49,3.342841090313576,27.299413790373563,6.809413790373565,33.232863789036436
4693,29.5,2.7927352463955204,15.325613361901453,14.174386638098547,48.048768264740836
3164,1.0,0.9975192963767403,1.7115469339705425,0.7115469339705425,71.15469339705425
2112,5.4,1.7318600891018163,4.6511557914816315,0.7488442085183689,13.867485342932756
705,7.2,2.105188115040923,7.208647034336904,0.008647034336903836,0.12009769912366439
2943,26.5,2.8508396000557035,16.302302758192575,10.197697241807425,38.48187638417897
6952,20.99,2.7145943879289174,14.098484702067195,6.891515297932804,32.832373977764675
57,3.8,1.8503580616765194,5.362097137981512,1.562097137981512,41.10781942056611
4881,9.8,2.347259447713223,9.45687281329442,0.34312718670557985,3.5012978235263246
5640,17.2,3.2254157827400967,24.164034752321133,6.964034752321133,40.48857414140194
527,4.5,2.1575745679768774,7.65013188784167,3.1501318878416704,70.00293084092601
1935,3.8,1.6113320920983683,4.009479873778989,0.20947987377898958,5.512628257341831
5058,1.95,1.50190070542015,3.490215541633635,1.540215541633635,78.98541239146846
565,4.0,1.9272642049174578,5.870687712372559,1.8706877123725594,46.76719280931398
1871,4.9,1.8662943158511385,5.464297316140894,0.5642973161408937,11.516271757977423
6095,18.85,3.110988084027788,21.443209225156227,2.593209225156226,13.75707811753966
640,5.5,1.627573606230989,4.091505720819772,1.4084942791802284,25.60898689418597
5282,5.0,1.6536499795323762,4.22601992381783,0.7739800761821698,15.479601523643396
1747,41.0,3.303852326544086,26.21728709931182,14.782712900688178,36.05539731875165
730,6.5,2.1795286930444404,7.842137915411893,1.342137915411893,20.64827562172143
