sample_id,y_true_price,raw_prediction,y_pred_price,absolute_error,absolute_percentage_error
3909,5.5,1.5524065786015133,3.7228223603889585,1.7771776396110415,32.31232072020075
6004,37.499,3.3485486579279,27.461396431733736,10.037603568266267,26.767656652887457
1768,27.49,2.8760584659248813,16.744195811742962,10.745804188257036,39.089866090422106
3360,7.8,2.1119556459403515,7.264387707406993,0.5356122925930071,6.866824264012912
4700,12.99,2.4839333679277593,10.988326299499096,2.0016737005009038,15.409343344887635
865,3.5,1.3458495457104838,2.841448640967039,0.6585513590329608,18.81575311522745
7074,52.5,3.822968921998114,44.739804846291435,7.760195153708565,14.78132410230203
2233,26.0,3.106145481874247,21.33478842311426,4.6652115768857385,17.943121449560532
1720,22.0,2.5442456098603863,11.733618345652998,10.266381654347002,46.66537115612274
1662,4.7,2.4358080245884284,10.425046703303686,5.725046703303685,121.80950432561033
1566,11.49,2.9388585799232843,17.89426770297788,6.404267702977881,55.737751984141696
5141,3.2,1.7563228854141233,4.791103643441654,1.5911036434416541,49.72198885755169
7264,63.86,3.8994958987877473,48.37755154701978,15.482448452980222,24.244360245819326
5464,127.0,4.63669211672131,102.20240083906714,24.79759916093286,19.525668630655797
6348,31.79,3.2355076158767018,24.41927173036578,7.3707282696342205,23.185681879944074
6283,17.99,3.6146033313439543,36.13661207360975,18.14661207360975,100.87055071489577
6419,30.9,3.4504637912610203,30.51500530384721,0.3849946961527877,1.2459375280025493
763,7.9,2.6530221156701215,13.196878488236365,5.296878488236365,67.04909478780208
3297,4.8,1.8735392695338737,5.51130091463591,0.7113009146359106,14.818769054914805
2654,3.59,1.3862270009105422,2.999730568237198,0.5902694317628017,16.442045453002834
2189,3.1399,1.7178797396202803,4.572700353602157,1.4328003536021567,45.63203775923299
3945,1.9,1.1103620237336183,2.035457103058064,0.13545710305806402,7.129321213582316
6006,20.04,3.1134588549679116,21.49872981539858,1.4587298153985806,7.279090895202499
1197,19.8,2.508667584269857,11.28854569595598,8.51145430404402,42.987142949717274
429,7.5,2.057714434950864,6.828057813258031,0.671942186741969,8.959229156559587
4271,5.7,1.9003855004320007,5.68847235433626,0.011527645663740316,0.2022393976094792
3905,5.1,1.974610387226532,6.203812409654417,1.1038124096544175,21.64338058145917
2316,2.7,1.9046313396983787,5.71693090535487,3.0169309053548696,111.73818167980998
4584,13.5,2.288104511137523,8.856237575301003,4.643762424698997,34.39824018295553
7086,51.49,3.988630053401229,52.98088775219765,1.4908877521976507,2.8954899052197525
1992,16.5,2.763571265309573,14.856369254418627,1.6436307455813726,9.961398458068924
7240,13.1,2.5451863161367467,11.745602576288254,1.3543974237117453,10.338911631387369
554,7.2,2.4311191120663938,10.37160105765116,3.17160105765116,44.05001468959945
1905,11.999,2.373242192846156,9.732131578161365,2.2668684218386357,18.89214452736591
2034,14.5,2.575101050077061,12.132644146145763,2.367355853854237,16.32659209554646
1215,6.2,1.913457619118899,5.776478821064704,0.42352117893529595,6.830986757020903
1615,7.0,2.1326302147106206,7.437028850599731,0.43702885059973084,6.243269294281869
1002,3.2,1.336644339509815,2.8062495700222163,0.39375042997778387,12.304700936805746
2388,9.95,2.096656126685635,7.138908879039288,2.811091120960711,28.2521720699569
6001,38.9,3.738243223795851,41.02409834233453,2.124098342334534,5.460407049703172
1533,4.95,1.6847862561028397,4.391298452044185,0.5587015479558151,11.286899958703334
5326,26.5,3.2992501722464196,26.092316731545242,0.40768326845475755,1.5384274281311605
2764,22.5,3.0402535557383374,19.910544551537555,2.589455448462445,11.508690882055312
6702,12.99,2.967421442002223,18.441723295713338,5.451723295713338,41.96861659517581
496,10.89,2.60523308014693,12.534379530308989,1.6443795303089885,15.099903859586671
2691,29.5,3.27333234402665,25.3991640275197,4.100835972480301,13.90113888976373
7213,26.25,3.3597015957558396,27.780601344138972,1.5306013441389723,5.830862263386561
5400,13.99,2.6145917148788542,12.661637395784403,1.328362604215597,9.49508652048318
5931,44.99,3.5277895627504714,33.04862202965936,11.941377970340639,26.542293777151897
828,4.8,1.4926152284238157,3.4487147241395304,1.3512852758604694,28.151776580426446
3552,1.55,1.4414719086897048,3.2269128701910565,1.6769128701910565,108.18792710910041
61,6.9,2.2898448220443828,8.873405427421048,1.9734054274210475,28.60007865827605
1429,10.0,2.3102824468067156,9.077270545974379,0.922729454025621,9.22729454025621
2970,3.2,1.5545425768837062,3.7329210824247037,0.5329210824247035,16.653783825771985
3955,29.9,3.2664605573758125,25.21837648270098,4.68162351729902,15.657603736786019
4121,14.5,2.6550467745659927,13.225651442441077,1.2743485575589233,8.788610741785678
3550,16.4,2.738093055269133,14.457480412555089,1.9425195874449095,11.844631630761643
5189,4.6,1.3235165134120928,2.7566083412199114,1.8433916587800883,40.073731712610616
465,5.95,1.9624457717736923,6.116711649601845,0.1667116496018446,2.8018764638965474
5636,7.5,2.6765330812539685,13.53461551426426,6.03461551426426,80.46154019019014
6951,12.9,3.0151865308293018,19.392894489319588,6.492894489319587,50.33251542108207
4230,8.2,2.0227313879354245,6.558943168819924,1.6410568311800757,20.012888185122875
6145,42.45,4.174390731013594,64.00022497305655,21.550224973056544,50.76613656785993
1902,8.9,2.163877568384688,7.704825859649114,1.1951741403508862,13.428922925290857
185,4.7,1.6847862561028397,4.391298452044185,0.30870154795581506,6.5681180416130855
2662,4.8,1.7067972067689234,4.511281684702238,0.2887183152977615,6.014964902036698
932,2.0,1.5767618307966433,3.8392600692950376,1.8392600692950376,91.96300346475188
6485,20.95,3.208208432211891,23.734732555055313,2.7847325550553137,13.29227949907071
5510,12.99,3.0593651083255478,20.31402077107398,7.324020771073981,56.38199207909146
1487,18.99,2.2898448220443828,8.873405427421048,10.11659457257895,53.27327315734045
1084,17.0,2.5250251129063788,11.491208950228925,5.508791049771075,32.4046532339475
7123,11.999,2.837423620083682,16.07172557875618,4.072725578756179,33.942208340329856
5735,99.69,4.35929343558108,77.2018602460572,22.488139753942804,22.558069770230517
2939,12.5,2.502539402757486,11.213469532540943,1.2865304674590572,10.292243739672458
1940,7.5,2.0952331591030493,7.127335711620642,0.37266428837935806,4.968857178391441
5481,17.86,2.7501474669185217,14.64493882500425,3.21506117499575,18.001462346000842
3268,2.2,1.2959205726437433,2.654358528657866,0.45435852865786597,20.65266039353936
1703,22.5,3.356441845788547,27.686936524734694,5.186936524734694,23.053051221043084
6381,19.8,3.1492372871656706,22.31827265091329,2.518272650913289,12.718548741986307
3244,1.5,1.216447770440629,2.3751770102836685,0.8751770102836685,58.345134018911224
4438,1.5,1.2145400425988875,2.3687442290792156,0.8687442290792156,57.91628193861437
5549,17.5,2.7586177138510855,14.778018131743861,2.7219818682561385,15.554182104320791
4063,8.0,2.186905175901702,7.90760294816968,0.09239705183031965,1.1549631478789957
5269,5.299999,1.956770380880367,6.076435927455518,0.7764369274555181,14.64975611232225
7091,24.299,3.527703245642745,33.04568317792211,8.746683177922108,35.996062298539485
2718,22.0,2.897483440186836,17.128466546420164,4.871533453579836,22.143333879908347
1740,7.8,2.2551221870311395,8.536458470509665,0.7364584705096648,9.441775262944422
5023,17.5,2.8091014016004414,15.59499927693103,1.9050007230689694,10.885718417536967
3994,7.0,2.2147715944335324,8.15931683372408,1.1593168337240805,16.56166905320115
101,12.6,2.632851368217869,12.913385581294506,0.3133855812945061,2.487187153131001
4505,15.0,2.803269415430679,15.498499137912727,0.49849913791272726,3.323327586084848
736,8.2,2.486123154741563,11.014606942350236,2.8146069423502365,34.32447490671021
7111,48.49,3.9032274983658333,48.56215301270325,0.07215301270324659,0.14879977872395667
538,25.5,2.8788263124844153,16.793377054741292,8.706622945258708,34.143619393171406
4520,9.0,1.9227312434741597,5.839613631896267,3.160386368103733,35.11540409004148
5153,8.5,2.126774750966809,7.387770490072759,1.112229509927241,13.08505305796754
733,10.8,2.6928862367989366,13.774256444773016,2.9742564447730153,27.539411525676066
5218,4.4,2.092246411681126,7.103097627173277,2.7030976271732765,61.434036981210824
79,3.7,1.2962043469831106,2.655395688987931,1.044604311012069,28.232548946272136
5808,17.79,2.7729437475582057,15.005681413557944,2.7843185864420548,15.651031964261131
3113,5.5,1.9003855004320007,5.68847235433626,0.18847235433625986,3.426770078841088
5278,5.3,1.541667918861927,3.672376921029331,1.627623078970669,30.709869414540925
3082,5.9,1.783617802175234,4.951348319322381,0.9486516806776191,16.078842045383375
4939,11.5,2.290451913187036,8.87940130424156,2.6205986957584404,22.78781474572557
132,8.9,2.007448930581649,6.444302171504246,2.4556978284957545,27.592110432536565
737,12.2,2.101382446790301,7.177467014974598,5.022532985025402,41.16830315594592
1041,9.0,2.4077046829775477,10.108434481621504,1.1084344816215044,12.315938684683383
2095,13.5,2.692438381755987,13.767641200964114,0.26764120096411403,1.982527414548993
7199,21.99,3.131494764094232,21.908196312381676,0.08180368761832213,0.3720040364634931
6848,42.499,3.3776884923711896,28.302958756381017,14.196041243618986,33.403235943478634
1634,9.3,2.763571265309573,14.856369254418627,5.556369254418627,59.74590596149061
6425,20.34,3.1020275011065084,21.243003308310964,0.9030033083109643,4.4395442886478085
5527,23.9,3.3831373785031307,28.463063040851868,4.563063040851869,19.092313978459703
6243,47.499,3.3059608113655807,26.274734878645358,21.224265121354644,44.68360412083337
6607,41.0,3.7851067385760615,43.04037111438212,2.0403711143821184,4.976514913127119
3308,17.2,2.7024891053072784,13.916815077118263,3.283184922881736,19.08828443535893
4726,5.0,2.194900069736748,7.9791037277856685,2.9791037277856685,59.58207455571337
5241,1.8,1.4955337013300718,3.461717141902584,1.661717141902584,92.317618994588
5112,14.499,2.3764788332761433,9.766923903877988,4.732076096122013,32.63725840486939
2647,7.5,2.138108259391224,7.483374096380704,0.016625903619296167,0.2216787149239489
3139,6.2,1.9960282813498968,6.3597670494496885,0.15976704944968834,2.5768878943498117
5239,6.6,2.084952651073239,7.044210587942326,0.44421058794232593,6.730463453671605
319,9.0,2.1663797132824176,7.726633867279135,1.2733661327208647,14.148512585787387
5857,4.845,2.525445154539392,11.496456880132051,6.651456880132051,137.28497172615172
6898,38.8,3.696780126666563,39.317278608911124,0.517278608911127,1.3331922910080594
842,7.5,1.8892220028335733,5.614220833730661,1.885779166269339,25.14372221692452
1894,5.5,1.542231047362189,3.6750088106139955,1.8249911893860045,33.18165798883644
177,7.5,2.529390327491244,11.545854941686823,4.045854941686823,53.9447325558243
5163,3.8,1.2096263248704757,2.352231772836698,1.447768227163302,38.09916387271847
4671,7.3,1.9690120422645498,6.163595661396363,1.1364043386036364,15.56718272059776
3832,22.9,2.7031392587604297,13.926516449299253,8.973483550700745,39.18551768864955
3961,3.95,1.5701736280627756,3.8074828352460015,0.14251716475399867,3.6080294874430043
1509,4.0,1.2249830178451218,2.404108273206037,1.5958917267939632,39.89729316984908
6654,19.49,2.7280777375036096,14.303441496307284,5.186558503692714,26.611382779336658
2177,11.4,2.1692027281571975,7.751304090312585,3.648695909687415,32.00610447094224
3671,1.4,1.1727879081044312,2.230987790920816,0.8309877909208159,59.35627078005828
1755,6.9,1.7582605777451739,4.802335899373526,2.0976641006264742,30.40092899458658
2245,4.0,1.872698261867101,5.505827162702339,1.5058271627023387,37.64567906755847
3193,4.799,1.8735392695338737,5.51130091463591,0.71230091463591,14.842694616293187
1038,13.5,2.4532749841577575,10.626360584570302,2.8736394154296985,21.28621789207184
6559,8.1,1.8902819956070713,5.621235577148596,2.4787644228514036,30.602029911745728
3450,7.29,1.9689320928820175,6.16302295924042,1.1269770407595798,15.459218666112207
5444,41.29,3.4649973477466127,30.97637496356926,10.31362503643074,24.9785057796821
3433,17.49,2.6883476195506537,13.707353687490674,3.782646312509325,21.627480345965267
3002,15.9,2.79369529092653,15.341294203673716,0.5587057963262847,3.5138729328697154
2516,1.5,1.0863104038889058,1.9633204222105896,0.46332042221058956,30.888028147372637
3698,5.35,1.6974671100485508,4.460100029709168,0.8898999702908315,16.633644304501523
2045,4.99,1.8493044426733718,5.355397441620549,0.36539744162054877,7.32259402045188
4239,9.49,1.9236066852519538,5.845603937112743,3.6443960628872576,38.40248749090893
4710,4.99,1.9072854085322164,5.734781780577022,0.7447817805770214,14.925486584709846
1728,31.5,3.3578226097222057,27.726573770597568,3.773426229402432,11.979130886991847
3319,9.19,2.4874402442524444,11.0304416807262,1.840441680726201,20.026568887118618
5372,2.899,1.7157475894567087,4.56083117756101,1.6618311775610097,57.324290360848906
2771,27.5,2.992258608901489,18.930647230817584,8.569352769182416,31.161282797026967
4552,1.5,1.2674592860191627,2.5518169377960493,1.0518169377960493,70.12112918640328
3379,5.0,2.4070721470348593,10.101410219328267,5.101410219328267,102.02820438656535
3857,6.7,2.0983235757882435,7.152491416293573,0.45249141629357315,6.7536032282622855
5435,23.49,3.4386150052156514,30.143794291678443,6.6537942916784445,28.326071910082778
4104,3.2,1.45147489909924,3.269406818042466,0.06940681804246562,2.168963063827051
6784,28.799,2.891416337951049,17.0188122647356,11.780187735264398,40.90484994362443
2412,21.49,2.6387800015478837,12.996117945382984,8.493882054617014,39.52481179440211
6248,27.89,3.582293032848751,34.95589443828643,7.065894438286428,25.334867114687796
3045,11.5,2.3797089621339005,9.801758685617994,1.698241314382006,14.767315777234835
1918,14.9,2.616872031871918,12.692825805907304,2.207174194092696,14.813249624783193
3824,4.0,1.9773295596826062,6.223427474223143,2.2234274742231426,55.585686855578565
1550,13.5,2.640874292672426,13.02546060628632,0.47453939371368037,3.515106620101336
1934,7.9,2.110757516602777,7.254491831491093,0.6455081685089077,8.170989474796299
7148,19.199,2.924633769990372,17.627402886613176,1.5715971133868258,8.18582797743021
3370,8.99,2.175796498612544,7.809198843263541,1.1808011567364591,13.134606860249823
2481,10.7,2.472008791389425,10.846219550285996,0.14621955028599665,1.3665378531401557
6017,21.999,2.8477050086564075,16.24815202333151,5.750847976668489,26.141406321507745
5643,21.1,2.9469518367021745,18.047804330760496,3.052195669239506,14.465382318670642
3889,2.9,1.8775520741212408,5.537481987448494,2.6374819874484943,90.94765473960325
3664,26.0,3.064654448856264,20.42705656387653,5.57294343612347,21.434397831244116
1600,14.8,2.763571265309573,14.856369254418627,0.056369254418626724,0.3808733406663968
2275,23.49,2.7936054647759625,15.339826394044941,8.150173605955057,34.69635421862519
4024,8.2,2.038697522337759,6.680598872716707,1.5194011272832926,18.529282040040155
2312,8.0,2.164811328238363,7.712957872652858,0.2870421273471422,3.5880265918392773
3935,6.9,1.910159226403604,5.75416415418413,1.1458358458158706,16.60631660602711
4352,1.0,1.5522727333826956,3.7221902754984093,2.7221902754984093,272.2190275498409
1672,1.3,1.8625871027582295,5.4403771544577415,4.140377154457742,318.4905503429032
3792,15.9,2.8886561999599802,16.96914643025909,1.0691464302590905,6.724191385277299
1034,4.6,1.872698261867101,5.505827162702339,0.9058271627023391,19.691894841355197
3439,10.5,2.357693768670444,9.566554411807475,0.9334455881925248,8.88995798278595
3221,8.9,2.4621135864972508,10.729576834180943,1.8295768341809424,20.557043080684746
2955,5.5,1.750168699250644,4.755573555055908,0.744426444944092,13.535026271710764
4490,2.0,0.9931215498221246,1.699648420284384,0.300351579715616,15.0175789857808
7244,46.49,3.709227809482921,39.822271781986025,6.667728218013977,14.342284831176547
6285,16.09,3.1134468356912954,21.498459398566524,5.408459398566524,33.61379365174969
2268,16.49,2.9153133279591854,17.454593837181697,0.9645938371816989,5.84956844864584
1699,2.6,1.2818256869299498,2.603212061396262,0.003212061396261845,0.12354082293314789
3519,10.5,2.278325812959411,8.760326111783922,1.7396738882160783,16.568322744915033
87,8.5,2.3419470439463197,9.40146897684461,0.90146897684461,10.60551737464247
7113,22.59,3.073074248089679,20.608229728820262,1.9817702711797374,8.77277676485054
676,5.3,1.884561949002011,5.5834699147097915,0.28346991470979166,5.348488956788522
4407,24.99,2.742419920568765,14.524507752735627,10.465492247264372,41.878720477248386
3317,4.9,1.8735392695338737,5.51130091463591,0.6113009146359101,12.475528870120613
6902,67.0,4.201497388161379,65.78626116197005,1.213738838029954,1.8115505045223195
2569,4.1,1.9375656719794137,5.941831690055809,1.841831690055809,44.92272414770266
393,2.999,1.441188755950122,3.225716177663263,0.2267161776632629,7.559725830719002
1149,5.6,1.7097891292359388,4.527795704210837,1.0722042957891622,19.146505281949327
1168,5.9,1.9202530396608266,5.822684660696565,0.07731533930343559,1.3104294797192473
2208,3.4,1.4994637741026677,3.4792865168080382,0.07928651680803833,2.33195637670701
230,18.5,2.9179464778210016,17.50325158184682,0.9967484181531816,5.387829287314496
2802,4.999999,1.8735392695338737,5.51130091463591,0.5113019146359106,10.226040337926278
1543,4.4,1.7431990050008213,4.715598436144286,0.3155984361442856,7.1726917305519455
2345,28.5,3.2359740895641353,24.43113191779934,4.068868082200659,14.276730112984767
3599,6.0,1.9679976928520357,6.156332956428715,0.1563329564287148,2.6055492738119135
2892,2.2,1.4962228017621468,3.464792772700414,1.2647927727004138,57.490580577291524
4691,25.9,3.3011217532839994,26.143069677114525,0.24306967711452643,0.9384929618321485
2942,16.0,3.072411909999101,20.593922513830673,4.593922513830673,28.71201571144171
5121,24.49,2.8914737829592596,17.019847385285065,7.470152614714934,30.502868986177763
7189,54.99,3.879865155315612,47.41768576357826,7.5723142364217395,13.770347765815128
970,3.2,1.2151198821417493,2.370698126611805,0.8293018733881952,25.915683543381096
3718,5.6,1.7971398505361518,5.032369289321356,0.5676307106786433,10.13626269069006
5329,7.0,2.0160433517089054,6.508557361935764,0.49144263806423627,7.020609115203376
169,10.5,2.6769585043866386,13.540800191387575,3.040800191387575,28.96000182273881
1056,9.0,1.8804751533659556,5.55661952199717,3.4433804780028296,38.25978308892033
5968,24.1145,2.9493520259327535,18.093577575831677,6.020922424168322,24.968058322454635
251,3.7,1.8178291306947651,5.158474684277527,1.458474684277527,39.41823471020343
5889,51.0,3.2668359244940604,25.22821984644839,25.77178015355161,50.5329022618659
2705,10.5,1.9734685705187804,6.195591670467389,4.304408329532611,40.99436504316773
1729,4.3,1.7685151206854086,4.862142321689166,0.5621423216891666,13.07307724858527
2533,8.6,1.8873934831156092,5.602137651052767,2.9978623489472325,34.85886452264224
95,7.5,1.2871592311610733,2.6224812932712824,4.877518706728718,65.0335827563829
5646,17.5,3.247882736057221,24.73579272619176,7.235792726191761,41.34738700681006
5174,23.49,2.4784595513260888,10.922883673842934,12.567116326157064,53.49985664604966
3692,2.8,1.7467527180336235,4.735946166380063,1.935946166380063,69.14093451357368
1172,6.69,1.974610387226532,6.203812409654417,0.48618759034558323,7.267378032071497
1383,11.9,2.671499151736483,13.46163313240197,1.561633132401969,13.12296749917621
5263,7.2,2.3079565972486416,9.053859566490198,1.8538595664901978,25.74804953458608
711,13.7,2.763571265309573,14.856369254418627,1.1563692544186281,8.440651492106776
2354,7.9,2.2190361734755757,8.198460871429182,0.29846087142918165,3.7779857142934388
2215,7.0,2.101382446790301,7.177467014974598,0.1774670149745976,2.53524307106568
3779,7.49,2.1525982014505747,7.607192590520997,0.11719259052099673,1.5646540790520258
5242,5.5,2.5184650264483266,11.40953373070634,5.90953373070634,107.44606783102435
69,5.5,1.9194866074365082,5.817457538689493,0.3174575386894931,5.771955248899874
263,6.5,2.270650362714861,8.685697982964477,2.185697982964477,33.62612281483811
408,16.0,2.2804507884796723,8.781088617937092,7.218911382062908,45.11819613789317
7137,54.99,3.937529919421408,50.29174994310977,4.698250056890231,8.543826253664722
6024,24.39,3.1173506232265176,21.58646026050449,2.803539739495509,11.494627878210368
3217,1.79,1.8245299145544411,5.199879860685054,3.409879860685054,190.496081602517
5196,11.6,2.669192258567421,13.428310140784289,1.8283101407842892,15.761294317105943
37,13.8,2.6387800015478837,12.996117945382984,0.8038820546170165,5.825232279833452
3504,6.99,1.9587243779241108,6.090276780427086,0.8997232195729143,12.871576817924382
1862,31.0,2.847639843744272,16.247028085641457,14.752971914358543,47.59023198180175
4602,13.3,2.640874292672426,13.02546060628632,0.2745393937136811,2.064205967772038
6222,20.66,3.000228847008993,19.09013396422604,1.5698660357739591,7.598577133465437
6474,9.29,2.4366983080375846,10.435222762405838,1.1452227624058384,12.327478605014408
2333,28.5,3.474631715032097,31.285935921934765,2.7859359219347652,9.775213761174614
1575,6.8,2.288104511137523,8.856237575301003,2.0562375753010036,30.23878787207358
6763,35.89,3.6181517212306282,36.26862132395005,0.37862132395004977,1.0549493562275
5733,20.0,3.521659482726323,32.840539684227515,12.840539684227515,64.20269842113757
3295,11.0,2.4784020029391085,10.922197550862176,0.07780244913782397,0.7072949921620361
3985,19.5,2.774310540549638,15.027572823842185,4.472427176157815,22.935523980296487
5958,89.09,4.608486129756466,99.3321447591687,10.242144759168696,11.49640224398776
3641,13.8,2.4539889599245317,10.634664488323738,3.165335511676263,22.937213852726543
1163,5.39,1.8735392695338737,5.51130091463591,0.12130091463591075,2.2504807910187523
3781,8.5,2.3843711986645406,9.852236618153551,1.352236618153551,15.90866609592413
1554,23.99,3.1554616055815257,22.46386564332387,1.5261343566761276,6.361543796065559
19,10.0,1.7813005378565603,4.937573438397977,5.062426561602023,50.624265616020224
3257,7.1,2.578889785303899,12.182494633160296,5.082494633160296,71.58443145296192
3279,6.699999,2.1663797132824176,7.726633867279135,1.0266348672791352,15.32291075385437
982,1.7,1.2427019327453577,2.464962925056946,0.7649629250569461,44.99781912099683
6602,12.15,2.586423080352457,12.282177252579862,0.13217725257986146,1.087878622056473
239,4.8,1.788607492567857,4.981117913619319,0.18111791361931928,3.7732898670691517
7053,20.99,3.2416494937529072,24.575874217422804,3.5858742174228055,17.083726619451195
2509,22.05,2.983759607563096,18.76197442384495,3.28802557615505,14.911680617483219
3800,7.3,1.6664887957961243,4.29354839866437,3.0064516013356295,41.18426851144698
6775,25.99,3.4887075297677415,31.743600217114796,5.753600217114798,22.13774612202693
1322,2.5,1.4858306378550366,3.4186341736740076,0.9186341736740076,36.7453669469603
3842,10.9,2.678018773706464,13.556225531778736,2.6562255317787358,24.3690415759517
3166,10.9,2.2145483004242412,8.157271841471665,2.742728158528335,25.162643656223256
4381,12.0,2.551409690072829,11.825170561014291,0.17482943898570902,1.456911991547575
5635,15.999,3.2038295344782166,23.62665848606583,7.627658486065828,47.67584527824131
5514,28.49,3.2512412355684637,24.82237167979006,3.667628320209939,12.873388277325166
1965,4.5,1.785202885387564,4.960789181933814,0.4607891819338139,10.239759598529199
2486,4.686,2.313511605145174,9.109864244971801,4.423864244971801,94.40598047314982
4706,3.0,1.7062964863965537,4.508522764466267,1.5085227644662673,50.28409214887558
2676,6.2,1.782331324259632,4.943696963846705,1.2563030361532954,20.26295219602089
1726,6.799999,2.286716401644112,8.84256552969689,2.04256652969689,30.037747501093605
332,4.0,1.553138568753623,3.7262806854224433,0.2737193145775567,6.842982864438918
4728,4.99,1.8735392695338737,5.51130091463591,0.5213009146359102,10.446912116952108
3544,4.75,2.253049480989498,8.516712666115186,3.766712666115186,79.2992140234776
6459,13.19,2.438169646678444,10.452060231294764,2.7379397687052354,20.757693470092764
1562,25.0,3.350205071446438,27.508579339955244,2.5085793399552436,10.034317359820975
3989,4.5,1.7588755037756183,4.80590500401064,0.3059050040106399,6.79788897801422
1320,29.5,3.4792242676397684,31.434551783012978,1.934551783012978,6.55780265428128
6674,35.99,3.651127686810402,37.51807789535301,1.5280778953530074,4.245840220486267
2036,10.799,2.574970925889799,12.130935382677789,1.3319353826777895,12.333877050447168
3774,5.5,1.7288898021072574,4.634395141223423,0.8656048587765772,15.73827015957413
3121,8.2,2.1930561548099208,7.962562279590868,0.23743772040913136,2.895581956208919
2650,3.6,1.9135913899235173,5.777385376723065,2.177385376723065,60.48292713119624
4595,3.95,1.545809317873798,3.6917672219658595,0.2582327780341407,6.537538684408625
2471,3.55,1.3177248897016864,2.7349143616034435,0.8150856383965563,22.96015882807201
4397,10.8,2.053360467876027,6.794048798071177,4.0059512019288235,37.092140758600216
6418,5.8,1.998110207718418,6.375105503762082,0.5751055037620825,9.91561213382901
1888,13.8,2.8736547754546238,16.701595476888446,2.9015954768884455,21.026054180351053
5537,25.99,3.035435776015778,19.810044442096444,6.179955557903554,23.77820530166816
7214,57.99,3.9150256358614066,49.150357142162804,8.839642857837198,15.2433917189812
2519,29.5,3.3665315620791474,27.977844698059073,1.522155301940927,5.159848481155685
1142,13.89,2.697781983578252,13.846764809650859,0.043235190349141916,0.31126846903629884
308,11.3,2.041034345779271,6.698568063443284,4.6014319365567165,40.7206366066966
5255,1.99,1.1664925124962058,2.2107113356915615,0.22071133569156154,11.091021894048318
381,4.5,2.1437296479154613,7.5311967270335884,3.0311967270335884,67.35992726741308
4118,7.5,2.0617492207424557,6.859706153901391,0.6402938460986087,8.537251281314783
3617,7.2,1.9236066852519538,5.845603937112743,1.3543960628872576,18.811056428989687
1400,9.8,1.9991953739554758,6.383113063230292,3.416886936769709,34.86619323234397
7075,23.5,3.10629776734372,21.338189945849532,2.161810054150468,9.199191719789226
6806,14.4,2.8329456158262203,15.995449229302146,1.5954492293021456,11.079508536820455
2465,4.3,1.3446400312366873,2.8368051619790546,1.4631948380209452,34.02778693071966
994,10.5,2.501916246100843,11.205860998601532,0.7058609986015316,6.722485700966968
683,4.7,1.9568500712934331,6.076999874027883,1.3769998740278826,29.297869660167713
3428,7.9,2.1887159149896815,7.923746904843792,0.02374690484379194,0.30059373219989793
2906,11.9,2.4620366581166824,10.728674531537122,1.1713254684628787,9.843071163553601
2984,12.8,2.344230784972277,9.42525038322802,3.3747496167719806,26.365231381031094
457,2.7,1.6308949211620154,4.108444328445947,1.4084443284459471,52.164604757257294
4028,4.8,1.6639449588155761,4.280099587533466,0.5199004124665336,10.831258593052784
3622,3.8,1.980589387912235,6.2470130285602625,2.4470130285602627,64.39507969895428
756,2.95,1.552910667418939,3.7252036824760104,0.7752036824760102,26.278090931390174
5845,21.99,3.3190980342850285,26.635413118697382,4.645413118697384,21.12511650157974
4100,1.5,1.1944017328695142,2.3015819515666145,0.8015819515666145,53.43879677110763
1046,11.89,2.2015721473968974,8.039213310087154,3.8507866899128462,32.38676778732419
1024,4.49,1.1767957522252557,2.2439630704236615,2.2460369295763387,50.02309419991845
2344,13.4,2.6807301559087775,13.595746576735534,0.19574657673553375,1.46079534877264
2997,3.2,2.154836359603033,7.626478423108175,4.426478423108175,138.32745072213044
4591,3.55,1.7399841242094083,4.697252973558861,1.147252973558861,32.31698517067214
4974,26.9,2.929399315469895,17.716384476741297,9.183615523258702,34.139834658954285
1515,28.2,3.413608614347451,29.37465714979462,1.1746571497946192,4.165450885796522
5186,24.19,3.0551242962417806,20.223823404454894,3.9661765955451074,16.395934665337357
1737,4.3,1.9170116611428476,5.800605559895188,1.5006055598951882,34.897803718492746
6156,22.85,3.2653967617968607,25.190500319609775,2.340500319609774,10.242889801355682
1869,5.6,1.9902272570062738,6.317196457534098,0.7171964575340981,12.807079598823181
6526,22.99,3.109593094475267,21.411923009807435,1.5780769901925638,6.864188735069873
1042,3.5,0.9133149924851975,1.4925717093376387,2.0074282906623613,57.35509401892461
3442,6.5,1.7883559909699183,4.979613842052713,1.5203861579472866,23.3905562761121
50,7.5,2.1668113787472105,7.730401666899512,0.23040166689951214,3.0720222253268283
786,6.5,1.8961679807499041,5.6603229925079495,0.8396770074920505,12.918107807570008
245,18.5,2.9830904109669425,18.748754201784404,0.24875420178440422,1.3446173069427254
5303,4.25,2.287759902676861,8.852841617613743,4.602841617613743,108.30215570855866
3076,14.0,2.487373640991063,11.029640440757301,2.9703595592426986,21.216853994590704
5462,37.19,3.278297669701611,25.530570442306242,11.659429557693755,31.35098025731045
7234,54.95,3.768701101270665,42.32375510299494,12.626244897005066,22.97769771975444
625,7.5,2.3088520625347924,9.062866480811525,1.5628664808115253,20.838219744153673
6414,26.59,2.9084064396118077,17.327569195537286,9.262430804462713,34.83426402580938
2272,5.7,1.6846624438730045,4.390630984682294,1.3093690153177064,22.971386233643972
4812,12.99,2.6353056123770444,12.947574363240138,0.04242563675986233,0.32660228452549905
7182,57.28,3.4269227028361335,29.7817721918298,27.498227808170203,48.00668262599547
4894,6.9,2.0160433517089054,6.508557361935764,0.3914426380642366,5.673081711075892
6403,5.3,1.9766569716583091,6.2185707168911,0.9185707168911001,17.331522960209437
1025,12.5,2.313511605145174,9.109864244971801,3.390135755028199,27.121086040225588
5457,53.99,3.699132729640822,39.41224081887002,14.577759181129984,27.000850492924585
2926,7.5,2.332942614023825,9.308230089844983,1.808230089844983,24.10973453126644
321,31.8,3.5194978317059715,32.76746725409045,0.9674672540904474,3.042349855630338
3326,17.0,3.132510358270906,21.931473561273116,4.9314735612731155,29.008668007488914
3105,11.9,2.6673384753083234,13.401587957209106,1.5015879572091055,12.6183861950345
1893,4.5,1.4247722997524523,3.1569112052748283,1.3430887947251717,29.84641766055937
4920,6.8,1.9146987535439037,5.784894563663458,1.0151054363365422,14.928021122596208
2138,11.49,2.3827753257535296,9.834931639656672,1.6550683603433285,14.404424372004598
5476,40.49,2.9602956596724166,18.30367823105607,22.18632176894393,54.794570928485875
3475,1.55,1.1326090808656557,2.1037438639712014,0.5537438639712013,35.725410578787184
4098,11.0,2.614746223090512,12.663748394025825,1.6637483940258253,15.124985400234776
7001,45.499,3.584243689917395,35.026100509655045,10.472899490344957,23.017867404437364
5321,14.799,3.057187015779812,20.26764738241221,5.468647382412211,36.952816963390845
5339,2.7,1.3095143181282336,2.7043741278726805,0.004374127872680322,0.1620047360251971
4296,24.5,3.119808206657299,21.642036634816918,2.857963365183082,11.665156592584006
3767,5.9,1.8892220028335733,5.614220833730661,0.2857791662693394,4.843714682531177
2126,16.3,3.042363191898899,19.954704757065578,3.654704757065577,22.42150157708943
4279,5.9,1.579670006034454,3.8533539694303336,2.0466460305696668,34.68891577236723
233,3.8,1.8804751533659556,5.55661952199717,1.7566195219971705,46.22682952624133
65,15.0,2.545901502112933,11.75472131291646,3.2452786870835393,21.635191247223595
5856,20.709,3.3810513281257033,28.40166566834614,7.692665668346141,37.14648543312637
1595,14.5,2.7699507740933993,14.95784845090187,0.45784845090187076,3.157575523461178
5133,9.8,2.774310540549638,15.027572823842185,5.227572823842184,53.342579835124326
2656,20.9,3.1472420014752958,22.271792421257675,1.3717924212576769,6.563600101711373
3218,32.99,3.6001979800395922,35.60548088088345,2.615480880883446,7.9281020942208125
509,5.0,1.7729274191677642,4.888064990578795,0.11193500942120505,2.238700188424101
6253,15.5,3.0266518696175866,19.628051434514937,4.128051434514937,26.63258990009637
6481,18.99,3.3426127053051453,27.29295136650492,8.30295136650492,43.72275601108437
576,26.7,2.6381996013336355,12.987996952469828,13.712003047530171,51.355816657416376
217,4.999999,1.698599479597779,4.466286382676369,0.5337126173236308,10.674254481323514
5697,15.59,3.1029461307929176,21.26344577955777,5.67344577955777,36.39157010620764
7082,11.9,2.679746726653101,13.581399748245238,1.6813997482452372,14.12940964911964
3757,4.0,1.6935196040959744,4.438588738249615,0.4385887382496154,10.964718456240385
3954,9.2,2.648997677374832,13.139858839761178,3.939858839761179,42.82455260609977
6731,24.5,3.2949371768227405,25.97571931626916,1.47571931626916,6.0233441480373875
6889,39.9,3.14711537515959,22.26884578648819,17.63115421351181,44.18835642484163
2115,10.5,2.0011310451265594,6.397418182876925,4.102581817123075,39.07220778212452
3467,2.0,1.4865294929197201,3.4217232378236027,1.4217232378236027,71.08616189118013
4871,17.5,3.0138136091151613,19.364915852294953,1.8649158522949527,10.656662013114016
6130,20.5,3.5332442475253094,33.23485398640279,12.73485398640279,62.121238958062385
3478,9.0,2.313511605145174,9.109864244971801,0.10986424497180103,1.2207138330200116
4487,4.499999,2.0803370734457727,7.007167462993879,2.507168462993879,55.71486711427889
3933,29.99,3.313434278118934,26.479335287855776,3.510664712144223,11.70611774639621
3347,7.6,1.9773295596826062,6.223427474223143,1.376572525776857,18.11279639180075
1261,6.5,1.8744586030644932,5.51728972432967,0.9827102756703301,15.118619625697386
4382,9.5,2.246757413652376,8.457020858561895,1.0429791414381047,10.978727804611628
3163,9.65,2.465384331038717,10.768004092200098,1.1180040922000973,11.5855346341979
1412,4.0,1.4992086650098373,3.478143955833252,0.5218560441667481,13.046401104168703
1281,14.0,1.8192035091525134,5.1669445783028864,8.833055421697114,63.09325301212224
4588,6.0,2.163248672154025,7.699353148541473,1.6993531485414728,28.322552475691214
2917,6.2,1.8748815598370203,5.520046839186195,0.6799531608138052,10.966986464738792
1565,13.6,2.7898595396098544,15.278733123992687,1.6787331239926875,12.343625911710937
6580,22.562,2.7573066685481744,14.757345989201692,7.804654010798309,34.592030896189655
4002,7.6,1.9817680993358926,6.255560201940282,1.3444397980597174,17.68999734289102
6500,7.899,2.6618157076094984,13.322270559812042,5.423270559812042,68.65768527423776
6365,25.4,3.3189302113869124,26.63077565272454,1.2307756527245424,4.845573435923396
6900,21.699,3.0389611893965034,19.88353792255777,1.8154620774422305,8.366570244906358
3007,5.0,2.1784372583373437,7.832492563799319,2.8324925637993186,56.64985127598637
1315,9.2,2.442699011562347,10.504048438656355,1.3040484386563556,14.174439550612561
3885,2.3,1.6221730721900482,4.064082986211109,1.7640829862111094,76.69926027004824
3745,12.4,2.472008791389425,10.846219550285996,1.5537804497140044,12.530487497693585
6498,18.006229,3.626726185303583,36.58955372392574,18.583324723925738,103.20497825461254
1702,40.99,3.4683989143067833,31.085329935097988,9.904670064902014,24.1636254327934
1839,6.2,2.111581990458693,7.261300250496092,1.0613002504960916,17.11774597574341
503,10.5,1.8788013010418994,5.545653889157605,4.954346110842395,47.18424867468948
7023,38.9,3.7160011492910257,40.09971344312016,1.1997134431201602,3.08409625480761
5818,9.79,2.3741611559882436,9.741998544512551,0.04800145548744794,0.49031108771652654
4694,11.0,1.5533973505569372,3.7275039191296724,7.272496080870328,66.1136007351848
1721,36.0,3.8314060184007657,45.12734856213767,9.12734856213767,25.35374600593797
7187,50.999,4.443226516333141,84.04891115360252,33.049911153602515,64.8050180466333
4618,14.99,2.697781983578252,13.846764809650859,1.1432351903491416,7.626652370574661
1803,18.8,2.929399315469895,17.716384476741297,1.083615523258704,5.763912357759063
1385,4.2,1.823279313375227,5.192131129916134,0.9921311299161335,23.62216975990794
1373,1.2,1.168848343757938,2.218284146458366,1.018284146458366,84.85701220486385
5834,26.9,3.4287099258698444,29.836835274457545,2.9368352744575468,10.91760325077155
5654,44.99,4.00622844422785,53.9392727948389,8.949272794838897,19.89169325369837
5670,16.0,2.909242872225662,17.342905385095534,1.3429053850955341,8.393158656847088
856,6.9,2.0357351033876387,6.657879389996347,0.2421206100036537,3.508994347879039
2458,13.899999,2.101382446790301,7.177467014974598,6.722531985025402,48.363542940005985
2726,7.8,2.5820736489977487,12.224532785579123,4.424532785579124,56.724779302296454
5886,37.99,3.5562477942687414,34.03150481810994,3.958495181890065,10.419834645670083
4252,24.79,3.1472420014752958,22.271792421257675,2.5182075787423237,10.158158849303444
3269,8.1,1.909074049087911,5.746838663904362,2.3531613360956376,29.05137451969923
2505,6.0,2.081204786168828,7.01411839934898,1.0141183993489804,16.90197332248301
318,1.7,1.159912665142457,2.1896546959130014,0.4896546959130015,28.803217406647146
6053,30.49,3.537678728375832,33.38700489664245,2.8970048966424535,9.501491953566592
176,4.7,1.8744586030644932,5.51728972432967,0.8172897243296697,17.38914307084404
5683,80.49,4.151303551601026,62.51674370920762,17.973256290792378,22.32980033642984
4967,2.0,1.3458495457104838,2.841448640967039,0.8414486409670392,42.072432048351956
3100,2.6,1.970329443107874,6.173039207463888,3.573039207463888,137.4245849024572
2840,1.85,1.353306879342345,2.870202686111056,1.0202026861110558,55.14609114113816
6504,14.2,2.9794701627562574,18.677388069223856,4.477388069223856,31.530901895942655
3043,2.7,1.3402812133892386,2.8201176225551183,0.12011762255511815,4.448800835374747
3169,12.5,2.192314055956769,7.955913639681032,4.544086360318968,36.35269088255174
468,4.6,1.9410290426040895,5.965915507531931,1.3659155075319314,29.693815381128946
472,28.5,3.0465802493104253,20.043258537021234,8.456741462978766,29.672777063083387
91,7.9,1.7420163323037436,4.708842749596853,3.1911572504031476,40.39439557472338
4304,2.7,1.701501133358597,4.482170687347614,1.7821706873476142,66.00632175361534
4149,5.8,1.9492462016139078,6.02339136362538,0.22339136362537992,3.8515752349203436
1047,5.6,2.004883474372958,6.425228616924651,0.825228616924651,14.736225302225911
6571,129.29,4.698200139677464,108.74946087883379,20.540539121166205,15.887183170520695
6768,9.49,2.4051609135102407,10.080213094726554,0.590213094726554,6.219316066665479
435,5.5,2.163289706696142,7.699710129838866,2.1997101298388664,39.994729633433934
6016,151.89,5.006417437967722,148.36865398004628,3.521346019953711,2.3183527684203775
1335,20.49,2.824685748104079,15.855647234617951,4.634352765382047,22.6176318466669
1352,8.9,2.198546787159865,8.011907758955946,0.8880922410440544,9.97856450611297
4074,2.55,1.6968988296023326,4.456998043110534,1.9069980431105344,74.78423698472685
4868,5.9,1.930054266060678,5.889884118306422,0.010115881693578466,0.17145562192505873
6046,25.09,3.1892565852415626,23.27037777769923,1.8196222223007688,7.252380320050891
5546,18.99,3.083063714995787,20.825166160252905,1.835166160252907,9.663855504228053
4207,8.8,2.207055821162672,8.088917563380516,0.7110824366194848,8.080482234312326
3758,11.5,2.7856862645076603,15.210939052399635,3.7109390523996346,32.26903523825769
106,7.7,1.9127618227354075,5.771765411584995,1.9282345884150054,25.042007641753315
5694,19.0,3.2366284869808304,24.4477794312808,5.4477794312808,28.672523322530523
5676,26.99,3.29659483747954,26.02047298782091,0.9695270121790891,3.592171219633528
4791,4.1,1.7356966508328577,4.6728784430291865,0.5728784430291869,13.97264495193139
5900,27.9,2.8260929117877325,15.879382585116051,12.020617414883947,43.08465023255895
5313,12.9,2.5841148341971367,12.251554074515518,0.6484459254844825,5.026712600654903
3333,10.99,2.4948305453242536,11.119679608193842,0.1296796081938414,1.1799782365226696
4086,15.0,2.692438381755987,13.767641200964114,1.232358799035886,8.215725326905906
1617,12.99,2.5414862003283236,11.698529512307815,1.2914704876921856,9.942036086929836
2252,4.0,1.1701435860039906,2.2224553047917586,1.7775446952082414,44.43861738020603
4860,7.8,2.4091344889096553,10.124328747289644,2.324328747289644,29.799086503713383
5584,9.299,2.660158584319934,13.298556445739987,3.9995564457399873,43.01060808409493
3494,15.9,2.847379976407989,16.242546728698407,0.34254672869840697,2.1543819414994148
1498,6.666,1.8782648569220628,5.542143453278808,1.1238565467211927,16.859534154233312
996,6.5,2.2015721473968974,8.039213310087154,1.5392133100871543,23.680204770571606
5912,15.3205,2.542952824591036,11.717167147654658,3.603332852345341,23.519681814205416
6638,87.999,4.533294800345316,92.06468605459503,4.065686054595034,4.620150291020391
41,18.0,2.8384550784932383,16.08934343815266,1.9106565618473397,10.614758676929664
5253,17.2,3.065800616470474,20.45162964192087,3.2516296419208714,18.90482349953995
5689,13.69,2.677072666986774,13.542460301704926,0.1475396982950734,1.077718760373071
3282,3.7,2.122253938681931,7.349936538731203,3.649936538731203,98.6469334792217
1539,7.3,1.5764978531605511,3.837982781456639,3.4620172185433606,47.424893404703575
1805,8.9,2.2962109991965525,8.936461776448166,0.036461776448165395,0.4096828814400606
1144,2.9,2.284287430279464,8.818687231461876,5.918687231461876,204.09266315385776
6198,34.79,3.5678968214300433,34.44197391033434,0.34802608966565884,1.00036243077223
2615,6.5,2.0109835280513924,6.470661340206229,0.029338659793770816,0.4513639968272433
2114,14.99,2.755834156486139,14.734160182046743,0.25583981795325705,1.7067366107622217
5792,10.89,2.422103524851164,10.269540157311722,0.6204598426882786,5.697519216604945
4546,11.0,2.6157231440956967,12.677103319132804,1.6771033191328044,15.246393810298223
3172,1.0,1.742558036869804,4.711936093544857,3.711936093544857,371.1936093544857
167,9.2,2.8760584659248813,16.744195811742962,7.544195811742963,82.00212838851047
2337,11.3,2.49793974278082,11.157420727097536,0.14257927290246464,1.2617634770129613
6928,39.18,3.3485486579279,27.461396431733736,11.718603568266264,29.909656886846005
3964,5.4,1.3391004089245475,2.8156094727562744,2.584390527243726,47.859083837846775
2445,25.0,3.2672698746188176,25.239604055633766,0.23960405563376597,0.958416222535064
7257,17.99,3.1410358468011212,22.127811324559502,4.137811324559504,23.000618813560333
3341,1.9,1.5743445435220176,3.8275763146958672,1.9275763146958673,101.45138498399302
4103,1.3,1.3632360036814855,2.9088218196084807,1.6088218196084807,123.75552458526775
3017,18.5,2.6673384753083234,13.401587957209106,5.098412042790894,27.558984015085912
6151,13.09,2.7421699978383858,14.520628310170899,1.4306283101708992,10.929169672810536
4958,8.99,2.4421094215299632,10.49726776546995,1.5072677654699493,16.7660485591763
6935,25.4,3.5820682062445997,34.94781150530389,9.54781150530389,37.58980907599957
789,3.6,1.9949196505240367,6.351612305962746,2.751612305962746,76.43367516563183
4617,19.2,2.7097057425568436,14.024853689299352,5.175146310700647,26.953887034899203
1097,3.5,1.4919529495250097,3.445769409668392,0.05423059033160804,1.5494454380459441
3206,15.3,2.5813742304645313,12.215286536131789,3.084713463868212,20.161525907635372
6535,19.99,3.2502931970289466,24.797902676867462,4.807902676867464,24.051539153914277
6251,31.49,3.176180295398047,22.95507725650782,8.534922743492178,27.103597153039626
544,4.0,1.902279766750885,5.701154109760847,1.7011541097608474,42.52885274402119
6770,19.299,2.89215565817611,17.03213886277921,2.26686113722079,11.746003094568579
5924,14.25,2.865028813101342,16.549558854519667,2.299558854519667,16.137255119436258
4838,2.4,1.568254238254148,3.79826425154483,1.39826425154483,58.26101048103459
6194,19.59,2.8003800859894565,15.450898338927715,4.139101661072285,21.128645538909062
6068,7.39,2.12260500633098,7.352868445940334,0.037131554059665284,0.5024567531754436
4229,16.7,2.7950661140906043,15.363710589239037,1.336289410760962,8.001732998568635
877,9.5,1.7407752873921654,4.7017622138916515,4.7982377861083485,50.50776616956156
3908,9.7,2.0340916031040983,6.645303999706931,3.0546960002930685,31.491711343227514
3914,12.8,2.2844383070864316,8.820168755400964,3.979831244599037,31.092431598429975
5397,10.9,2.2645294172466435,8.626593426207574,2.2734065737924265,20.856941043967215
1078,8.2,1.9003855004320007,5.68847235433626,2.5115276456637394,30.628385922728533
5983,42.7,4.194408709837543,65.31450886571538,22.61450886571538,52.96137907661681
4990,10.5,2.1569915200423977,7.645089916309864,2.854910083690136,27.189619844667963
511,13.0,2.310879533912406,9.08328935097455,3.9167106490254504,30.128543454041928
2375,4.4,1.4984296845721334,3.4746569276341424,0.925343072365858,21.030524371951316
2877,15.6,2.929399315469895,17.716384476741297,2.116384476741297,13.566567158598058
2069,1.5,1.2643301087841328,2.5407200442195164,1.0407200442195164,69.38133628130109
4851,3.5,1.3173947591860804,2.73368155590409,0.7663184440959099,21.894812688454568
3262,11.0,2.1733080560592826,7.787304910197072,3.212695089802928,29.206318998208435
4934,10.89,2.875383649000534,16.73222576734878,5.842225767348779,53.647619534883184
1302,8.9,2.609812956879146,12.596507480786391,3.6965074807863907,41.53379191894821
6045,47.89,3.9347472298539565,50.14921932684837,2.259219326848367,4.717517909476649
4394,2.5,1.5883050224206583,3.89544422397048,1.3954442239704798,55.817768958819194
3689,16.3,2.8114693526234444,15.634341984864815,0.6656580151351861,4.083791503896847
3159,8.5,2.1718633870481927,7.774619328541972,0.7253806714580282,8.53389025244739
858,7.99,2.2718160516116597,8.696995076730111,0.7069950767301112,8.848499082980114
4678,19.9,2.8615548649000164,16.48869837039458,3.4113016296054184,17.142219244248334
7140,24.85,3.4304255421825003,29.889784859683786,5.039784859683785,20.28082438504541
7028,12.5,2.9967914554259187,19.02119486006285,6.521194860062849,52.169558880502784
7112,25.99,3.5511873244503676,33.85467673922,7.864676739219998,30.260395302885723
4357,9.9,2.6673384753083234,13.401587957209106,3.5015879572091055,35.3695753253445
2890,7.9,2.2597760167326886,8.580942955508547,0.6809429555085469,8.61953108238667
4794,8.8,2.5621925156684155,11.964210412472015,3.1642104124720145,35.95693650536379
2024,12.0,2.763571265309573,14.856369254418627,2.8563692544186274,23.803077120155226
4194,16.5,2.749485991183165,14.634593499558461,1.865406500441539,11.305493942069933
4921,4.5,1.664711231605419,4.284147134739647,0.21585286526035308,4.796730339118957
5356,9.5,2.121871731633739,7.346745743945116,2.1532542560548844,22.665834274261943
743,5.3,1.9153346969999645,5.789210745239532,0.48921074523953223,9.230391419613817
2499,1.15,1.1162652098383825,2.0534289646826878,0.9034289646826879,78.55904040719025
4241,9.3,2.5077249366284464,11.276967385330284,1.9769673853302834,21.257713820755733
179,25.99,2.8468749028658893,16.23384017345776,9.756159826542238,37.538129382617306
3613,8.5,1.9127618227354075,5.771765411584995,2.728234588415005,32.09687751076476
3693,20.0,2.6193965453203236,12.727437198882495,7.272562801117505,36.36281400558753
3771,7.0,2.153387196624518,7.6139863036871365,0.6139863036871365,8.771232909816236
6566,35.55,3.6168355012189677,36.21959988733161,0.6695998873316142,1.8835439868681132
31,11.0,2.164811328238363,7.712957872652858,3.287042127347142,29.882201157701292
5151,6.8,1.9388371999957075,5.950664037632809,0.8493359623671912,12.490234740693989
2484,3.2,1.5653955206389285,3.7845669566836717,0.5845669566836715,18.267717396364734
168,11.5,2.2162085436812426,8.172487767873495,3.327512232126505,28.93488897501309
3248,2.8,1.3069799762609797,2.6949978637763277,0.10500213622367216,3.750076293702578
642,5.0,1.9703653875241813,6.173297042805193,1.173297042805193,23.46594085610386
1483,14.9,2.625066077322593,12.805486385506365,2.0945136144936356,14.057138352306279
1790,6.0,1.9153346969999645,5.789210745239532,0.21078925476046795,3.513154246007799
5035,8.0,1.9333546546719276,5.912660978954184,2.087339021045816,26.091737763072697
3982,3.0,2.276260949801598,8.740193167028735,5.740193167028735,191.33977223429116
7092,62.49,4.162699686510797,63.24472932195275,0.7547293219527447,1.2077601567494713
6492,22.89,3.114102039524201,21.51320530565884,1.3767946943411609,6.014830468943472
6912,19.899,3.0515040471484576,20.14712679120712,0.24812679120712033,1.2469309573703218
6178,24.5,3.2349548942199453,24.405225830475544,0.09477416952445594,0.3868333449977794
6644,18.15,2.6349132891199596,12.942103478685315,5.207896521314684,28.69364474553545
2758,9.5,2.0160433517089054,6.508557361935764,2.9914426380642363,31.488869874360383
3412,12.6,2.149350069321963,7.579280647110746,5.0207193528892535,39.84697899118455
6122,20.7,2.9964927027465813,19.015214367843388,1.6847856321566113,8.139061024911166
800,2.5,1.6904189941262318,4.421751911491718,1.921751911491718,76.87007645966872
1954,10.5,2.2903586320662446,8.878479785595967,1.6215202144040326,15.443049660990788
7248,48.99,3.4613966270618985,30.86144401012156,18.128555989878443,37.004605000772486
5306,4.0,1.441188755950122,3.225716177663263,0.774283822336737,19.357095558418425
6637,15.69,2.471147277365037,10.836018260915331,4.853981739084668,30.936786099966017
2119,20.5,3.0052020982444563,19.190296107090283,1.3097038929097167,6.388799477608374
5309,3.5,1.6338520885662837,4.1235732117959305,0.6235732117959305,17.81637747988373
5660,25.49,3.498990912834728,32.08205243549781,6.592052435497809,25.86132771870463
5679,19.5,3.1410358468011212,22.127811324559502,2.6278113245595023,13.47595551056155
1406,8.7,2.201059164654747,8.034577538793458,0.6654224612065409,7.648534036856793
1501,9.8,2.1119556459403515,7.264387707406993,2.535612292593008,25.873594822377633
1074,5.3,1.7736937516508982,4.8925789354142495,0.40742106458575034,7.687189897844346
500,13.6,2.562413756543184,11.967078943030756,1.6329210569692432,12.006772477715023
437,17.5,2.774310540549638,15.027572823842185,2.472427176157815,14.128155292330371
5437,9.5,2.386812469184466,9.878762228405924,0.37876222840592355,3.986970825325511
4113,8.9,1.8892220028335733,5.614220833730661,3.2857791662693394,36.91886703673415
3386,3.6,1.5048466368747717,3.503462912177933,0.09653708782206705,2.6815857728351955
6683,22.99,3.0538262184942324,20.196291104974335,2.793708895025663,12.151843823513106
80,16.9,2.524953745532894,11.490317517264492,5.409682482735507,32.00995551914501
1608,19.99,2.6930546722373268,13.776745162722445,6.213254837277553,31.081815093934733
960,5.0,2.1020716227347163,7.183104670972877,2.1831046709728774,43.66209341945755
3114,22.5,3.4556670505463227,30.679413405881917,8.179413405881917,36.3529484705863
5198,3.8,1.8744586030644932,5.51728972432967,1.71728972432967,45.19183485078079
4628,13.0,2.8760584659248813,16.744195811742962,3.744195811742962,28.801506244176633
1632,12.19,2.669192258567421,13.428310140784289,1.2383101407842894,10.158409686499503
3305,4.8,1.892160465647951,5.633685059142529,0.8336850591425291,17.368438732136024
5935,21.3,3.1033387847680647,21.272189326525485,0.027810673474515824,0.1305665421338771
5419,9.5,2.3145945460081276,9.120818560448956,0.37918143955104355,3.991383574221511
2477,3.0,1.3993584464878013,3.0525991734265583,0.05259917342655829,1.7533057808852763
5506,16.45,2.855183561315375,16.37762677493562,0.07237322506437849,0.43995881498102424
6399,22.45,2.8180357792049517,15.743929575909721,6.706070424090278,29.871137746504576
5517,51.999,3.750176297053458,41.52857900235953,10.470420997640474,20.13581222262058
534,6.9,2.2188985338654987,8.1971948859884,1.2971948859884002,18.799925883889856
5701,26.69,3.2221027943745986,24.08080454444002,2.6091954555599806,9.775929020457026
2794,20.3,2.5568447234064977,11.895065559290433,8.404934440709567,41.40361793452988
585,4.5,1.568023853797262,3.797158933370195,0.7028410666298051,15.618690369551224
6722,50.9,3.9509574883932963,50.985118160134704,0.08511816013470508,0.16722624780885084
4970,25.0,2.855532817536955,16.383697079187126,8.616302920812874,34.465211683251496
1451,2.75,1.688624436667797,4.412030991145023,1.6620309911450226,60.43749058709174
6275,25.49,3.158533810193135,22.536062284200693,2.953937715799306,11.588614028243649
1410,30.5,3.048597054391018,20.085741513292145,10.414258486707855,34.14510979248477
5684,20.59,3.524179166953452,32.925914672143506,12.335914672143506,59.91216450773922
4536,10.0,2.465384331038717,10.768004092200098,0.7680040922000977,7.680040922000978
866,15.0,2.332942614023825,9.308230089844983,5.691769910155017,37.94513273436678
4638,2.0,0.8403759471777972,1.3172379721226166,0.6827620278773834,34.13810139386917
6358,54.8,3.6490606975557895,37.438543668748,17.361456331252,31.681489655569344
4679,3.95,2.2324017539025465,8.3222289133951,4.372228913395101,110.6893395796228
742,7.1,1.9170116611428476,5.800605559895188,1.2993944401048116,18.30133014232129
1544,6.9,1.894585753056346,5.649793177500351,1.2502068224996492,18.118939456516657
5509,53.29,3.755638789537109,41.76152670379418,11.528473296205817,21.633464620389976
2706,18.9,2.7264805430003856,14.27901843305216,4.6209815669478385,24.449637920358935
3734,7.89,1.9797715557315705,6.241088611011685,1.6489113889883145,20.898750177291692
2589,8.2,2.313511605145174,9.109864244971801,0.9098642449718017,11.095905426485388
5283,2.5,1.4936935873526649,3.4535146229259333,0.9535146229259333,38.14058491703733
6816,50.709,3.3437810319759436,27.326026093462605,23.382973906537398,46.112078539386296
5944,15.9,2.8608647273159176,16.476632926239333,0.5766329262393324,3.626622177605864
4253,3.7,1.3152796984642734,2.7257929380911037,0.9742070619088965,26.32992059213234
748,16.5,2.4086686341818853,10.11914763306643,6.380852366933571,38.671832526870126
4055,5.79,2.175796498612544,7.809198843263541,2.019198843263541,34.87390057449984
401,5.3,1.872698261867101,5.505827162702339,0.20582716270233892,3.8835313717422437
3749,20.8,3.0402535557383374,19.910544551537555,0.8894554484624457,4.276228117607912
157,7.5,2.077355682696126,6.9833305192672,0.5166694807327996,6.8889264097706615
5434,98.19,4.522257764753562,91.04317539670654,7.146824603293453,7.278566659836494
6483,29.5,3.208951415361278,23.753116873321943,5.746883126678057,19.480959751451042
5749,14.3,2.7009697896021088,13.894168933377623,0.4058310666223779,2.8379794868697754
4528,12.0,2.678018773706464,13.556225531778736,1.5562255317787361,12.968546098156134
1820,8.9,1.8873934831156092,5.602137651052767,3.297862348947233,37.05463313423857
2922,9.0,2.305177695734964,9.025959664416895,0.025959664416895123,0.2884407157432792
2864,15.3,1.8521120856447382,5.3732662013885655,9.926733798611435,64.88061306281983
3362,3.3,1.2882621180956921,2.6264786844906176,0.6735213155093822,20.409736833617647
5281,1.6,1.0965555807989198,1.993836217115569,0.39383621711556893,24.61476356972306
3803,1.4,1.2761859053523177,2.5829479287450776,1.1829479287450777,84.4962806246484
4237,5.4,2.2973481204549295,8.947767164947816,3.5477671649478157,65.69939194347808
7295,47.59,3.596761510775358,35.479903166493926,12.110096833506077,25.446725853133174
2666,4.8,1.616695348343233,4.036419174607624,0.7635808253923759,15.907933862341167
1782,13.0,1.917900727028278,5.806654434824493,7.193345565175507,55.33342742442697
5910,45.3565,3.7053682022604644,39.66501751204955,5.691482487950445,12.548328217456033
2415,8.0,2.375145899095121,9.75258186360337,1.7525818636033694,21.907273295042117
535,11.9,2.4717482454602404,10.843133468056482,1.056866531943518,8.881231360869899
5978,119.9,4.562393366272385,94.81252008616835,25.087479913831658,20.9236696529038
2406,1.5,1.1405474913653422,2.128480712572452,0.6284807125724519,41.89871417149679
3098,5.8,1.8988466501740506,5.678187712220138,0.12181228777986153,2.100211858273475
5359,8.0,2.47798019911825,10.91716978282262,2.9171697828226204,36.46462228528276
5154,8.4,2.1086320330568116,7.236965677297263,1.163034322702737,13.845646698842106
1966,8.9,1.6362504463342553,4.135876120899704,4.764123879100296,53.529481787643775
5416,10.5,2.442699011562347,10.504048438656355,0.004048438656354847,0.03855655863195092
1176,7.86,2.280633049331464,8.782871489948999,0.9228714899489985,11.741367556603034
5902,21.5,3.2409902063818583,24.559017923729062,3.059017923729062,14.22799034292587
1760,2.8,1.184472862190841,2.2689631731204583,0.5310368268795416,18.96560095998363
997,5.2,2.1676283192052983,7.737536799328911,2.537536799328911,48.79878460247905
473,6.2,1.8943173907185065,5.648008862889217,0.5519911371107833,8.903082856625536
2266,2.1,0.999225840106486,1.7161782580431688,0.3838217419568313,18.277225807468156
4205,15.7,2.7755105772599964,15.046818044784981,0.6531819552150182,4.160394619203938
1882,5.2,2.080566819294937,7.00900728782003,1.8090072878200294,34.78860168884672
4222,18.9,2.6169354740187027,12.693694535728733,6.206305464271265,32.83759504905432
2578,10.8,2.3351891778202405,9.331414218931524,1.4685857810684766,13.598016491374782
3783,2.6,1.520962405051394,3.576627645896693,0.9766276458966927,37.56260176525741
469,14.9,2.647725175496599,13.12187728603648,1.778122713963521,11.93370948968806
5097,14.9,2.510834110062294,11.31519800819363,3.584801991806371,24.05907377051256
7040,17.29,3.0730331436258256,20.607341552376568,3.3173415523765684,19.186475143878358
4712,10.0,2.576866631011948,12.15585137336521,2.155851373365209,21.55851373365209
3997,7.0,2.150542253402821,7.5895148282251945,0.5895148282251945,8.421640403217065
247,6.5,1.4332327298994572,3.192229656126517,3.307770343873483,50.88877452113051
3780,17.9,2.3908894752804706,9.923205544602345,7.976794455397654,44.563097516188016
2182,9.9,2.818028302143309,15.743804380984187,5.843804380984187,59.028327080648346
3395,6.5,2.3526974091737,9.513891777604506,3.013891777604506,46.367565809300096
7097,83.99,4.436713234907774,83.49676375799615,0.49323624200384586,0.5872559138038408
811,4.0,1.389027481585314,3.0109474353768,0.9890525646231998,24.726314115579996
6502,26.8,3.109280716100608,21.404923103091313,5.395076896908687,20.13088394368913
1419,7.4,2.2015721473968974,8.039213310087154,0.639213310087154,8.63801770388046
6733,13.9,2.8321068369057136,15.98119978164766,2.08119978164766,14.972660299623456
3625,3.9,1.4802059870689646,3.3938506641279087,0.5061493358720912,12.97818809928439
228,9.0,1.9845031494863745,6.2754316853268595,2.7245683146731405,30.272981274146005
7107,45.5,3.5943352574081344,35.39150096503619,10.108499034963813,22.216481395524866
17,18.0,3.2359740895641353,24.43113191779934,6.431131917799341,35.72851065444078
1407,10.6,2.47798019911825,10.91716978282262,0.31716978282262076,2.9921677624775542
7070,59.99,4.148059360643243,62.31101715215195,2.3210171521519456,3.869006754712361
2392,13.5,2.67766299062016,13.551047594100044,0.051047594100044336,0.3781303266669951
6272,47.9,3.3645738544242993,27.92117004397578,19.978829956024217,41.70945711069774
5439,109.0,4.609854574431601,99.46953773431126,9.53046226568874,8.743543363017194
6745,45.49,3.6534017703506345,37.605770895108186,7.884229104891816,17.331785238276137
5879,10.99,2.8381176310316727,16.083577655468712,5.093577655468712,46.34738540007927
2440,3.9,1.83705930234607,5.278049244362497,1.3780492443624968,35.33459600929479
5831,17.9,3.0177238929046264,19.444704348792282,1.5447043487922834,8.629633233476444
5853,13.5,2.6668666228595006,13.394794135631285,0.10520586436871504,0.7793026990275188
4844,9.0,2.2291559442557514,8.292019785918859,0.7079802140811413,7.866446823123792
6915,25.49,3.742149210507268,41.18856490502133,15.698564905021332,61.58715145163332
6092,21.69,3.087450038017197,20.921108652582753,0.7688913474172487,3.5449116985580855
5461,23.2,3.070872919496103,20.560715231559694,2.639284768440305,11.37622745017373
2585,5.7,1.712848053269579,4.544730699570575,1.155269300429425,20.267882463674123
543,9.9,1.894585753056346,5.649793177500351,4.250206822499649,42.931382045451
6112,17.0,3.0579269883298323,20.283390681765027,3.2833906817650274,19.314062833911926
3794,16.5,2.5481732058697144,11.783729197424886,4.716270802575114,28.58345940954614
4119,7.799999,1.7644554584107965,4.838392244921196,2.9616067550788037,37.969322240667005
3153,12.0,1.9360462424438922,5.931292075084164,6.068707924915836,50.572566040965306
1535,10.499,2.4701139329737156,10.823793894907629,0.32479389490762856,3.093569815293157
1832,14.5,3.0279263770440608,19.654358800167294,5.154358800167294,35.54730207011927
6746,33.79,3.6282449163432178,36.64668551886604,2.856685518866044,8.454233556869028
3590,8.99,2.101382446790301,7.177467014974598,1.8125329850254026,20.161657230538406
3289,2.0,1.6071052117223779,3.9883500896012682,1.9883500896012682,99.41750448006341
96,3.8,1.2979438296338348,2.6617597198263834,1.1382402801736164,29.953691583516225
6679,62.99,3.9532639589534924,51.105158686493375,11.884841313506627,18.867822374196898
2094,5.7,1.894585753056346,5.649793177500351,0.05020682249964903,0.8808214473622635
4773,8.0,2.2530697043372414,8.516905127850912,0.5169051278509116,6.461314098136395
2927,9.5,2.306159256567233,9.035805585123942,0.46419441487605795,4.886256998695346
7038,44.5,3.4692563845245576,31.11285394876937,13.38714605123063,30.083474272428383
156,12.99,2.24315178915265,8.422983791775774,4.567016208224226,35.15793847747672
1022,6.4,1.8961790068611184,5.6603964303748535,0.7396035696251468,11.55630577539292
5447,24.49,3.514157388168514,32.58761467554192,8.097614675541923,33.06498438359299
4966,5.8,1.8708697421491367,5.493941998893345,0.3060580011066545,5.2768620880457675
6458,49.5,3.8194389430437554,44.57862893895237,4.92137106104763,9.942163759692182
2716,12.5,2.4269339570604087,10.3241085955377,2.1758914044623,17.4071312356984
1287,15.0,2.7169694752561364,14.134387541054787,0.865612458945213,5.770749726301419
696,18.0,2.9180560671206703,17.50527945134364,0.4947205486563604,2.7484474925353353
425,25.0,3.2008223062650383,23.552711746957904,1.447288253042096,5.789153012168384
6872,47.39,3.6098587825545083,35.96083293185203,11.429167068147969,24.117254838885774
712,10.9,2.642634308007683,13.050167367799252,2.150167367799252,19.72630612659864
4173,2.45,1.1703604994142853,2.223154374377486,0.2268456256225142,9.259005127449559
1811,16.0,2.77967541741818,15.113789843600443,0.8862101563995566,5.538813477497229
5096,18.7,3.236198093409734,24.436829227232643,5.7368292272326435,30.678231161671892
6480,17.9,3.1134588549679116,21.49872981539858,3.598729815398581,20.10463584021554
447,31.49,3.1814905375668863,23.08262286723547,8.407377132764527,26.69856186968729
6748,15.899,2.5666060580035484,12.021554957170686,3.8774450428293132,24.38798064550798
4080,5.99,2.0530063271953054,6.7912890970143,0.8012890970142994,13.37711347269281
1009,5.3,1.2171120663160075,2.3774198713294648,2.922580128670535,55.14302129567048
592,1.5,1.0899240146228515,1.9740480798120994,0.4740480798120994,31.603205320806627
6096,29.85,3.4678430095931594,31.067498505695923,1.2174985056959216,4.07872196213039
1242,8.5,1.8098889514071765,5.109768913316722,3.3902310866832783,39.88507160803857
3058,8.4,2.2597760167326886,8.580942955508547,0.1809429555085469,2.154082803673177
131,15.8,2.8760584659248813,16.744195811742962,0.9441958117429614,5.975922859132667
2404,4.5,1.8944662167842918,5.648998333521272,1.1489983335212717,25.533296300472703
2306,8.95,2.2906598448907474,8.881455758572093,0.06854424142790627,0.7658574461218579
6277,62.5,4.335373791681721,75.35349385724288,12.853493857242881,20.56559017158861
7103,20.89,3.000727221943909,19.100148878816828,1.7898511211831725,8.567980474787804
624,8.5,1.7135543319373632,4.548648207845705,3.951351792154295,46.48649167240347
2986,6.0,1.897487579314354,5.6691177466638925,0.33088225333610755,5.51470422226846
2127,8.3,2.1217733081416306,7.345924268508158,0.9540757314918427,11.494888331227019
6539,43.9,3.483130002158608,31.561480244596645,12.338519755403354,28.105967552171652
4739,3.9,1.701501133358597,4.482170687347614,0.5821706873476145,14.927453521733705
3686,17.9,3.065800616470474,20.45162964192087,2.551629641920872,14.254914200675264
3844,6.0,1.9568500712934331,6.076999874027883,0.07699987402788278,1.2833312337980463
2815,9.9,2.213141396777084,8.144397500921825,1.7556024990781758,17.73335857654723
2579,3.999999,1.5997626966754583,3.951857192782943,0.048141807217056964,1.2035454813127944
1945,5.6,2.2909361477114243,8.884186409896541,3.2841864098965416,58.64618589100967
2436,6.99,1.701501133358597,4.482170687347614,2.507829312652386,35.87738644710137
93,6.5,1.9061389121829948,5.727064802441717,0.772935197558283,11.891310731665893
6701,35.19,3.0810444602936915,20.781140055778334,14.408859944221664,40.94589356130056
1375,4.868,1.9153346969999645,5.789210745239532,0.9212107452395317,18.923803312233602
3903,5.6,2.3431990198802883,9.414499520943297,3.814499520943297,68.11606287398745
3477,13.5,2.3674409079933114,9.670051671516973,3.8299483284830274,28.369987618392795
6022,42.99,3.772708161768093,42.49770429037536,0.4922957096246421,1.145140054953808
2223,8.8,1.872698261867101,5.505827162702339,3.294172837297662,37.43378224201888
1087,13.9,2.7943673793005948,15.352280689056172,1.4522806890561721,10.448062511195483
2531,2.5,1.6729093613760875,4.327645316925349,1.8276453169253486,73.10581267701394
6729,78.99,4.1025309761427255,59.49320085399016,19.496799146009835,24.68261697178103
6880,17.375,2.9579309348571554,18.25808427394467,0.8830842739446716,5.082499418386599
764,1.8,1.33159297830502,2.7870713075537035,0.9870713075537034,54.83729486409463
4669,6.5,1.950894999515001,6.034981068479215,0.46501893152078466,7.154137408012072
476,12.99,2.669192258567421,13.428310140784289,0.43831014078428865,3.3742120152755093
5594,56.5,3.9144613837977853,49.12206768159781,7.377932318402188,13.058287289207412
2622,1.5,1.355802890042488,2.879874819279748,1.379874819279748,91.99165461864987
5111,5.7,1.9587243779241108,6.090276780427086,0.3902767804270857,6.846961060124309
6466,21.6,3.127233326324524,21.81078216895409,0.21078216895408985,0.975843374787453
4461,10.0,2.1793171883680387,7.840267959652559,2.159732040347441,21.59732040347441
6338,13.5,2.6893354114791523,13.721888670340265,0.22188867034026494,1.6436197802982586
7034,23.29,3.0176950411031487,19.444114490750415,3.845885509249584,16.5130335304834
2181,20.0,2.8818386417107433,16.847057375285758,3.1529426247142425,15.76471312357121
6334,34.0,3.554987027737597,33.9873660994559,0.012633900544102517,0.037158531012066225
2620,10.0,1.9037788811174146,5.711207439822107,4.288792560177893,42.88792560177893
5170,8.9,2.6673384753083234,13.401587957209106,4.5015879572091055,50.57963996864163
752,6.8,1.9817680993358926,6.255560201940282,0.5444397980597175,8.006467618525258
2283,11.5,2.4693203789628315,10.814414797740735,0.685585202259265,5.961610454428391
2799,8.0,1.8778561643906975,5.539470274401661,2.460529725598339,30.756621569979238
3049,14.9,2.9187018345089957,17.517233416650225,2.6172334166502242,17.565324943961237
351,3.5,1.9591225039383975,6.093100166056207,2.5931001660562067,74.08857617303448
487,1.8,1.310206179384738,2.706937927605937,0.9069379276059368,50.385440422552044
927,5.0,1.872698261867101,5.505827162702339,0.5058271627023387,10.116543254046775
3318,6.5,1.827109230077336,5.215891948285661,1.2841080517143393,19.755508487912913
1061,18.0,2.7085743852538524,14.007864823402443,3.9921351765975572,22.17852875887532
6018,39.39,3.6396028786652925,37.07671264760291,2.31328735239709,5.872778249294465
2191,3.5,1.8091862194935326,5.105476891963162,1.6054768919631623,45.87076834180464
4608,2.1,1.5561548967582,3.7405582202504153,1.6405582202504152,78.12182001192453
6128,27.9,2.895885918704781,17.099529051964275,10.800470948035723,38.71136540514596
561,12.99,2.6001923063392893,12.466327446148462,0.5236725538515383,4.031351453822466
3535,9.9,2.3477231192754626,9.461722492090086,0.4382775079099144,4.427045534443579
5501,21.99,2.935188340672924,17.825048323591666,4.164951676408332,18.940207714453535
2966,9.5,2.330980177988564,9.28802068397587,0.21197931602413078,2.23136122130664
6026,37.49,3.765584975829559,42.18896297118181,4.698962971181807,12.53391029923128
334,13.5,2.807294991571666,15.565048963227461,2.0650489632274613,15.296658986870085
2225,6.8,1.8620181806821945,5.436714123804883,1.3632858761951168,20.04832170875172
4847,13.0,2.394304327954825,9.960570443771767,3.0394295562282334,23.380227355601797
5507,25.5,2.8808981466109564,16.830280195942827,8.669719804057173,33.99890119238107
3213,12.5,1.9046980151122574,5.717378774433741,6.782621225566259,54.26096980453007
1103,7.9,2.2638661966201776,8.620210987601126,0.720210987601126,9.116594779761087
2110,26.99,3.048597054391018,20.085741513292145,6.904258486707853,25.580802099695642
23,12.99,2.671499151736483,13.46163313240197,0.47163313240196914,3.6307400492838267
4151,21.99,3.1551401023226044,22.45632314658626,0.4663231465862623,2.1206145820202926
1005,3.2,1.232634743448957,2.4302554837042876,0.7697445162957126,24.05451613424102
1643,9.7,2.579298828257831,12.187887942677664,2.4878879426776646,25.648329305955308
2550,59.7,3.9705971093265715,52.01617784462517,7.683822155374834,12.870723878349805
3038,8.69,1.980589387912235,6.2470130285602625,2.442986971439737,28.112623376751866
4030,1.7,1.6743698561265647,4.335431999763715,2.635431999763715,155.02541175080677
3817,7.999,2.2145483004242412,8.157271841471665,0.15827184147166573,1.9786453490644549
1671,14.9,2.7428428085862824,14.531074269394859,0.36892573060514167,2.4760116147996083
1372,14.3,2.642634308007683,13.050167367799252,1.2498326322007483,8.740088337068169
3203,30.99,3.27333234402665,25.3991640275197,5.590835972480299,18.040774354566956
445,6.9,2.084347370560109,7.0393430572892655,0.1393430572892651,2.0194645983951465
5433,62.99,3.7217077004957324,40.33492153760932,22.655078462390684,35.96615091663865
7125,59.999,4.09028369684272,58.75684212708315,1.2421578729168559,2.0702976264885344
3399,22.5,3.148209559132675,22.294320118881494,0.2056798811185061,0.9141328049711381
3939,2.0,1.1441407161668111,2.1397422675924447,0.13974226759244468,6.987113379622234
5206,20.49,3.100183217444252,21.202018705943228,0.7120187059432297,3.4749570812261092
6378,83.79,4.305495549234538,73.10592949192475,10.684070508075251,12.75100907993227
2592,16.99,2.669192258567421,13.428310140784289,3.5616898592157096,20.963448259068336
3887,11.0,2.7097057425568436,14.024853689299352,3.024853689299352,27.498669902721385
3518,1.2,1.464591418882867,3.325775449016872,2.1257754490168717,177.14795408473933
4295,10.9,2.4839333679277593,10.988326299499096,0.0883262994990961,0.8103330229274871
1128,10.8,2.1587823245317788,7.66058545274004,3.1394145472599604,29.06865321537
2570,7.5,1.894585753056346,5.649793177500351,1.8502068224996489,24.669424299995317
5277,9.6,2.286716401644112,8.84256552969689,0.7574344703031102,7.889942398990732
1783,10.6,2.2578254174368477,8.56227259004671,2.0377274099532894,19.223843490125372
2523,18.0,2.7240398073750454,14.241771861449903,3.7582281385500966,20.879045214167203
4248,5.15,1.3467630033434272,2.8449592446994734,2.305040755300527,44.75807291845683
1844,6.49,1.9341121019792,5.917898938887674,0.5721010611123258,8.815116504042
5291,7.9,1.8625569132625035,5.440182725654032,2.4598172743459683,31.136927523366687
6129,24.49,3.3153989491918,26.533376211934694,2.043376211934696,8.343716667761111
6060,5.69,2.4101817629051765,10.135985070120832,4.445985070120831,78.13682021301987
2515,6.699,2.1718633870481927,7.774619328541972,1.075619328541972,16.05641630903078
5040,17.5,2.6673384753083234,13.401587957209106,4.098412042790894,23.419497387376538
6799,56.99,3.4048911930898655,29.111019258703436,27.878980741296566,48.919074822418956
3554,3.5,1.6508048813085365,4.2111725149983545,0.7111725149983545,20.3192147142387
3878,4.2,2.154420931103143,7.622895482396899,3.422895482396899,81.49751148564044
5945,29.7,3.35558605015457,27.66239687166634,2.037603128333661,6.86061659371603
2264,14.5,2.533183752409474,11.593537082574706,2.9064629174252943,20.044571844312376
2462,4.9,1.728870881311432,4.634288534991896,0.2657114650081045,5.422682959349071
1775,6.6,2.2903586320662446,8.878479785595967,2.2784797855959678,34.5224209938783
6861,28.05,3.2480947251146413,24.741249010949645,3.308750989050356,11.795903704279343
378,7.8,2.2015721473968974,8.039213310087154,0.23921331008715452,3.0668373088096734
6853,9.999,2.5363518771550573,11.633498246592499,1.6344982465924982,16.346617127637746
4913,1.6,0.9150080989715623,1.496795473298537,0.10320452670146318,6.450282918841449
5246,8.2,2.5481732058697144,11.783729197424886,3.583729197424887,43.70401460274253
199,1.5,1.2131092988666308,2.363927865700345,0.8639278657003451,57.59519104668968
2446,11.0,2.687695288912323,13.697762758640035,2.6977627586400352,24.525115987636685
2957,3.8,1.918276992437637,5.809216025330507,2.009216025330507,52.87410592975018
1328,11.49,2.5325805721959074,11.585943200657574,0.09594320065757422,0.8350148011973387
1193,10.5,2.2597760167326886,8.580942955508547,1.9190570444914528,18.276733757061457
5686,12.75,2.5001679064421145,11.184539651658035,1.565460348341965,12.278120379152666
1075,9.3,2.6001923063392893,12.466327446148462,3.166327446148461,34.04653167901571
5427,3.4,1.586877657228564,3.88846162183248,0.4884616218324802,14.366518289190594
6969,24.5,3.147015072955225,22.266511987007352,2.233488012992648,9.116277604051625
2063,10.5,2.7305418373790102,14.34119720240316,3.84119720240316,36.582830499077716
965,14.5,2.7943673793005948,15.352280689056172,0.8522806890561725,5.877797855559811
5060,9.49,2.2597760167326886,8.580942955508547,0.909057044491453,9.57910478916178
1467,9.4,2.21214736062684,8.135312155562676,1.264687844437324,13.45412600465238
5975,18.46,3.006457157260518,19.215652028517013,0.7556520285170123,4.093456275823469
3296,51.0,3.3445966703753185,27.349139312779364,23.650860687220636,46.37423664160909
5414,7.5,2.1437296479154613,7.5311967270335884,0.031196727033588445,0.41595636044784595
7126,29.95,3.277810955040973,25.517660766635945,4.432339233364054,14.799129326758113
5724,62.05,3.8055437142898705,43.94968325519824,18.10031674480176,29.170534641098726
2755,6.0,1.9388371999957075,5.950664037632809,0.0493359623671914,0.82226603945319
4022,6.5,2.10925232664607,7.242076599274025,0.742076599274025,11.416563065754232
3091,6.5,2.1704513340800777,7.762237844987606,1.262237844987606,19.419043769040094
2022,5.89,1.8744586030644932,5.51728972432967,0.37271027567032977,6.327848483367229
5090,8.6,2.5888486852555928,12.31443367169701,3.7144336716970106,43.19108920577919
2907,7.0,1.986695263405537,6.291397753718996,0.7086022462810044,10.122889232585777
5744,42.345,3.452383289559974,30.575556398189182,11.769443601810817,27.794175467731296
5769,15.1,2.771237088444091,14.97838846799767,0.12161153200232988,0.80537438412139
6155,18.49,2.9861212396164305,18.80870008877855,0.31870008877855227,1.7236348771149392
6547,13.79,2.440531616799488,10.479141625517101,3.3108583744828977,24.009125268186352
2850,6.699999,1.9817680993358926,6.255560201940282,0.44443879805971775,6.63341588647577
2132,16.5,2.4539889599245317,10.634664488323738,5.865335511676262,35.5474879495531
6114,86.19,4.52201047909312,91.02041725328664,4.83041725328664,5.604382472777168
6570,20.79,3.029244943349866,19.68161090465416,1.1083890953458386,5.331356879970365
6434,31.0,3.501143279553374,32.153333828474764,1.1533338284747643,3.7204317047573046
4246,7.5,1.9100922953506707,5.753712105993806,1.746287894006194,23.283838586749255
1701,4.5,2.2136715005440983,8.149246265544791,3.6492462655447913,81.09436145655091
6332,39.999,3.2890907767930133,25.818468593279768,14.180531406720235,35.45221482217114
3927,19.5,3.132510358270906,21.931473561273116,2.4314735612731155,12.469095186015977
5780,66.99,4.276463499028234,70.98541283875201,3.995412838752017,5.9641929224541235
547,12.4,2.5106562973581554,11.313008404209263,1.086991595790737,8.766061256376911
6811,37.99,3.6023820840022833,35.68551843007879,2.304481569921215,6.066021505452
6203,33.3,3.6055522128031763,35.802000783109534,2.502000783109537,7.513515865193805
1263,19.9,2.8238797217163065,15.842066612069189,4.0579333879308095,20.391625064978943
5231,2.299,1.4960863676877283,3.4641836643835093,1.1651836643835094,50.682195058003884
3011,13.29,2.572836166525765,12.102933894264913,1.1870661057350862,8.93202487385317
5865,13.69,2.6459634347986896,13.097020102475911,0.5929798975240885,4.3314820856397995
1789,11.9,2.289460899792302,8.869615534932228,3.0303844650677725,25.465415672838425
6610,21.49,3.2601089191574775,25.05237459068001,3.5623745906800117,16.576894326105222
3018,6.4,1.8012358404441349,5.057128485144069,1.342871514855931,20.98236741962392
5494,26.59,3.254558208992822,24.90816601050197,1.6818339894980312,6.325062013907601
4715,13.8,2.562891277975084,11.973272479790772,1.8267275202092286,13.237155943545135
2199,5.9,2.201059164654747,8.034577538793458,2.134577538793458,36.17928031853319
1244,2.5,1.0442367952708225,1.8412292563544082,0.6587707436455918,26.350829745823674
7130,10.89,3.183183009744594,23.123416547751486,12.233416547751485,112.33624010791078
5008,38.0,1.5533973505569372,3.7275039191296724,34.272496080870326,90.19077916018506
5482,12.726,2.4953708316290504,11.126229474346832,1.5997705256531685,12.570882646968162
4837,8.5,2.332942614023825,9.308230089844983,0.808230089844983,9.508589292293918
7202,35.29,3.603252906795645,35.71747892966003,0.4274789296600332,1.2113316227260786
6764,20.99,3.0771532828920902,20.6965504591084,0.29344954089159714,1.398044501627428
3915,5.2,1.891277041348844,5.627827288398136,0.4278272883981362,8.227447853810311
6083,32.299,3.464224029453553,30.95165660667482,1.347343393325179,4.17147092270714
518,13.29,2.7675272311181733,14.919220746246944,1.6292207462469452,12.258997338201244
611,12.5,2.519928813077665,11.427711941522814,1.0722880584771861,8.578304467817489
5806,11.22,2.4583201626271296,10.68516586550246,0.5348341344975402,4.7667926425805724
5672,16.5,3.0493134624990152,20.100852921796875,3.600852921796875,21.82335104119318
2288,7.5,1.8971883493881494,5.667122445594493,1.8328775544055071,24.438367392073427
957,10.99,2.3044224118391865,9.018390077496038,1.971609922503962,17.940035691573815
4401,6.15,2.2190361734755757,8.198460871429182,2.0484608714291817,33.308306852507016
491,25.8,2.6193965453203236,12.727437198882495,13.072562801117506,50.66884806634692
1330,4.9,1.9568500712934331,6.076999874027883,1.1769998740278824,24.020405592405762
3458,21.5,2.8252907149658526,15.86584742770695,5.6341525722930506,26.205360801363025
323,5.89,1.2715197602715218,2.5662683188959656,3.323731681104034,56.4300794754505
5362,7.2,2.209431399281452,8.110534663456331,0.9105346634563309,12.64631477022682
7010,22.79,3.113716822582044,21.50453450772919,1.2854654922708093,5.640480439977224
4247,10.5,2.5736502780846164,12.113605487547416,1.6136054875474155,15.367671309975387
2031,4.75,1.3591344849264253,2.8928225466930493,1.8571774533069507,39.09847270119896
5516,32.0,3.948218084094636,50.84290478288368,18.84290478288368,58.8840774465115
1153,6.3,1.8585258904273192,5.414274455520686,0.885725544479314,14.059135626655777
6685,15.7,2.869081762255071,16.620830657161964,0.9208306571619644,5.865163421413786
7286,6.6,2.124538625757169,7.369035339904745,0.7690353399047449,11.652050604617347
6854,21.69,3.151271542581523,22.36575625385526,0.6757562538552584,3.115519842578416
1606,6.4,2.0506446535334177,6.772910325634185,0.3729103256341846,5.826723838034134
324,23.9,2.9406287203055173,17.927742828326327,5.972257171673672,24.988523730852183
2083,7.99,1.9501066280022314,6.029437075462181,1.960562924537819,24.537708692588474
2687,10.8,2.375206551770694,9.75323405624113,1.0467659437588708,9.69227725702658
6858,35.35,3.3567109491160405,27.694657313607493,7.655342686392508,21.65584918357145
586,7.89,1.910159226403604,5.75416415418413,2.13583584581587,27.070162811354496
4125,9.8,2.640874292672426,13.02546060628632,3.225460606286319,32.91286332945223
3245,8.99,2.5077249366284464,11.276967385330284,2.286967385330284,25.43901429733352
4556,4.4,2.065029037807968,6.885526872745474,2.4855268727454733,56.48924710785166
706,24.9,3.107708986299294,21.369736277089153,3.5302637229108456,14.177765955465244
1978,6.4,1.9797601732857508,6.241006190181971,0.15899380981802924,2.484278278406707
4160,7.4,1.336892073712692,2.8071926250340637,4.592807374965936,62.064964526566705
4995,4.39,1.466950804082917,3.335993669208621,1.0540063307913785,24.009255826682885
6812,9.8,2.4870868410403104,11.02619083516832,1.2261908351683193,12.512151379268563
6202,17.34,2.7729437475582057,15.005681413557944,2.3343185864420555,13.462044904510122
5939,27.79,3.2317975351317956,24.32513890793121,3.464861092068791,12.468014005285323
6218,29.3,3.2002876601041517,23.539588242411305,5.760411757588695,19.660108387674725
4453,9.5,2.3442439651419376,9.425387790702349,0.07461220929765133,0.7853916768173824
3801,8.9,2.332942614023825,9.308230089844983,0.40823008984498266,4.586854942078457
2572,56.99,3.48219138010494,31.530931660169315,25.459068339830687,44.6728695206715
208,2.25,1.4749993820483818,3.371033071841963,1.1210330718419632,49.82369208186503
3682,29.8,3.243828023494084,24.631652755603863,5.168347244396138,17.343447128846098
747,2.5,1.5000649441574745,3.4819801393103127,0.9819801393103127,39.27920557241251
5101,9.9,2.0160433517089054,6.508557361935764,3.3914426380642366,34.2569963440832
6260,40.99,3.8372848028641133,45.399319949503884,4.409319949503882,10.757062575027767
798,5.0,1.5858223921926604,3.8833057201034755,1.1166942798965245,22.33388559793049
88,6.99,2.5933799709951555,12.374902071458521,5.384902071458521,77.03722562887727
734,1.7,1.9312764397319666,5.898309901110191,4.198309901110191,246.9594059476583
1221,4.8,2.053149605147915,6.792405496940146,1.9924054969401466,41.50844785291972
3574,14.5,2.2903586320662446,8.878479785595967,5.621520214404033,38.76910492692436
1480,6.9,1.8770233420965887,5.534026325001349,1.365973674998651,19.796719927516683
3936,10.49,2.8940732491469703,17.066750304135525,6.576750304135524,62.69542711282673
6199,28.99,3.224965866015439,24.152715578759885,4.837284421240113,16.686044916316366
852,13.5,2.5209578972836413,11.440507686418506,2.0594923135814938,15.255498619122177
486,7.89,1.9571905873230409,6.079410116266291,1.8105898837337087,22.947907271656636
2678,3.6,1.5778429405745018,3.8444946697525717,0.24449466975257161,6.7915186042381
3195,4.0,1.6941275935408269,4.441896348191443,0.44189634819144263,11.047408704786065
1430,8.4,2.2551221870311395,8.536458470509665,0.1364584705096643,1.6245056013055272
1536,14.9,2.942115623811839,17.955907489382096,3.055907489382095,20.509446237463727
1891,6.0,2.0603530270748736,6.848740139061887,0.8487401390618867,14.145668984364779
6513,39.99,2.9174085411340096,17.49330068070966,22.496699319290343,56.255812251288674
1919,5.6,2.1663797132824176,7.726633867279135,2.1266338672791356,37.975604772841706
4302,14.8,2.804544192081426,15.519544450572717,0.719544450572716,4.861786828194027
198,5.0,1.485509876478885,3.4172170737833554,1.5827829262166446,31.655658524332893
4629,6.6,1.9139561358737194,5.779857851477349,0.8201421485226508,12.426396189737133
2882,3.85,1.7549314583090776,4.783051348254082,0.9330513482540819,24.235099954651478
1057,8.9,2.2903586320662446,8.878479785595967,0.021520214404032956,0.2418001618430669
73,7.0,2.1661127918911354,7.72430485287178,0.7243048528717804,10.347212183882577
548,27.8,3.220055860532913,24.029518304518533,3.770481695481468,13.56288379669593
6352,13.69,2.8216062566099724,15.803820253662217,2.113820253662217,15.440615439461045
2963,4.0,1.7489669269633936,4.748660820858385,0.7486608208583849,18.71652052145962
6569,27.3,3.5502172691815526,33.82088217035614,6.520882170356142,23.886015276029823
1512,34.99,2.9430446756254742,17.973526692923397,17.016473307076605,48.632390131685064
3912,10.9,2.278325812959411,8.760326111783922,2.1396738882160786,19.630035671707144
1582,1.9,1.2173141681336355,2.3781025230046016,0.47810252300460165,25.163290684452722
6697,15.44,3.0176950411031487,19.444114490750415,4.004114490750416,25.933384007450883
5822,10.08,2.3906866420317754,9.920990180017961,0.1590098199820389,1.5774783728376873
2865,6.9,1.9568500712934331,6.076999874027883,0.8230001259721176,11.92753805756692
3647,10.8,2.47798019911825,10.91716978282262,0.1171697828226197,1.0849053965057378
5349,20.499,2.6354270581559054,12.949268340132992,7.549731659867007,36.82975588988247
4428,3.0,1.5208776179804704,3.5762396234937635,0.5762396234937635,19.207987449792117
6213,25.55,3.088975557709741,20.95457525600563,4.595424743994371,17.98600682580967
4359,28.8,3.425069765155759,29.724788296374317,0.9247882963743166,3.2110704735219326
1452,3.6,2.0409222501942175,6.697705136318204,3.0977051363182038,86.04736489772789
7037,24.89,3.2251155060302072,24.156479713116088,0.7335202868839126,2.947048159437174
2020,1.9,1.3068655584867643,2.694575114530499,0.7945751145304989,41.81974287002626
4903,29.49,3.414639481150399,29.405985520415538,0.08401447958446084,0.2848914194115322
5220,6.9,1.9139561358737194,5.779857851477349,1.1201421485226515,16.233944181487704
6818,12.35,2.7785279611178124,15.095310578024026,2.745310578024027,22.22923544958726
4814,10.0,2.748734407261499,14.622847205178344,4.622847205178344,46.228472051783434
5267,8.8,2.250792233947222,8.495255320972563,0.3047446790274382,3.463007716220888
2098,9.2,2.545136074992684,11.744962238718832,2.544962238718833,27.662633029552534
1880,13.5,2.3986066689136765,10.007828141392912,3.4921718586070885,25.86793969338584
937,9.5,2.2597760167326886,8.580942955508547,0.9190570444914528,9.674284678857397
7120,29.999,3.2702549419810074,25.318048063371883,4.680951936628116,15.603693245201894
2855,13.5,2.5950771457782214,12.397620891431078,1.1023791085689219,8.165771174584606
6139,14.99,3.118394630875236,21.610053011137076,6.620053011137076,44.16312882679837
5985,12.49,2.4732349501563418,10.860753805073387,1.6292461949266137,13.044405083479694
1295,7.0,2.6285731537501618,12.853988281595571,5.853988281595571,83.62840402279387
1175,45.9,3.5293643715730427,33.1022843428799,12.7977156571201,27.881733457777997
2197,5.5,1.5548991720426044,3.734609120125292,1.7653908798747082,32.098015997721966
2614,41.9,3.4837358228492246,31.58121263958899,10.318787360411008,24.62717747114799
6148,27.36,2.908601231214825,17.331139599851397,10.028860400148602,36.65519152101097
4335,4.0,1.9008976754227882,5.691898900023322,1.6918989000233218,42.29747250058304
4914,11.5,2.442699011562347,10.504048438656355,0.9959515613436452,8.660448359509958
1321,7.2,1.8735392695338737,5.51130091463591,1.6886990853640897,23.454153963390134
1181,12.79,2.671499151736483,13.46163313240197,0.6716331324019702,5.251236375308602
6150,22.799,3.1518733863766166,22.379823021848225,0.4191769781517749,1.8385761575146935
3438,12.6,2.3014034162135273,8.98819021124562,3.61180978875438,28.665157053606194
6343,34.99,3.3314258444938307,26.978205847202155,8.011794152797847,22.897382545864094
4301,12.6,2.442699011562347,10.504048438656355,2.095951561343645,16.634536201140037
620,7.9,2.1452251224142436,7.5439644587120025,0.35603554128799786,4.506779003645542
6864,24.89,3.0076268010507103,19.239310973948907,5.650689026051094,22.702647754323397
5159,16.0,2.537814029098802,11.651983851698422,4.3480161483015785,27.175100926884866
2492,15.5,2.4722640217565357,10.849243451129936,4.6507565488700635,30.004880960452024
478,14.0,2.782461050484234,15.158739527003895,1.1587395270038954,8.276710907170681
3968,5.3,2.0682444827667803,6.910923158674609,1.6109231586746091,30.39477657876621
2276,3.7,1.9022391972584953,5.7008822528547745,2.0008822528547743,54.07789872580471
5227,6.9,2.103853828642186,7.197701652008197,0.29770165200819676,4.314516695770967
1897,12.5,1.9967517757790576,6.365093726588152,6.134906273411848,49.07925018729478
7044,14.766,2.7625801553057903,14.840661633502808,0.0746616335028083,0.5056320838602756
2206,1.4,1.0628809035732094,1.8946983351453222,0.49469833514532224,35.33559536752302
1033,4.5,1.7508753494473417,4.759642169615029,0.25964216961502906,5.7698259914450905
5948,10.59,2.2194403503024245,8.202179427582582,2.387820572417418,22.547880759371274
286,12.3,2.8760584659248813,16.744195811742962,4.444195811742961,36.13167326620294
550,3.2,1.2806180062878794,2.598863158511923,0.6011368414880773,18.785526296502418
7008,10.099,2.441648280047891,10.491967120640338,0.39296712064033734,3.8911488329570982
5668,25.79,3.254733941765249,24.91271932441502,0.8772806755849807,3.401631157754869
5015,2.5,1.1501497709279311,2.1586659505954406,0.34133404940455936,13.653361976182374
2825,12.5,2.562757427628713,11.971536118984627,0.528463881015373,4.227711048122984
1055,10.799,2.596680752145772,12.41912263716305,1.6201226371630497,15.002524651940455
2091,6.5,1.9029801794058017,5.70584932700471,0.7941506729952899,12.217702661465998
6540,25.79,3.151271542581523,22.36575625385526,3.4242437461447395,13.27740886446196
2571,3.5,1.4452137440989403,3.2427589105892176,0.2572410894107824,7.34974541173664
1677,10.3,2.122113110824382,7.348760717853892,2.9512392821461084,28.652808564525323
1174,1.8,1.0442367952708225,1.8412292563544082,0.041229256354408106,2.2905142419115614
6021,78.2,4.17565655693476,64.08255604011507,14.117443959884937,18.05299739115721
5916,12.54,3.07807684649328,20.71659785948347,8.176597859483472,65.20412966095273
5389,3.9,1.7365333432274546,4.677626883492938,0.7776268834929385,19.939150858793294
2087,14.0,2.5323187822706905,11.582648758772953,2.4173512412270473,17.266794580193196
1370,46.5,3.48219138010494,31.530931660169315,14.969068339830685,32.191544816840185
6314,16.899,3.0149589402104935,19.38825378595378,2.489253785953778,14.730183951439601
2934,5.0,1.8882633867164365,5.607883373118401,0.6078833731184012,12.157667462368025
3107,16.99,2.8565106607276203,16.400703922662508,0.5892960773374902,3.468487800691526
1188,7.8,1.8969114827655744,5.665276797431664,2.1347232025683356,27.368246186773533
2029,6.699999,2.1676283192052983,7.737536799328911,1.037537799328911,15.485641107243614
4209,4.888888,1.950894999515001,6.034981068479215,1.1460930684792157,23.44281702667796
5027,4.5,1.8112821760973545,5.118287126732786,0.6182871267327856,13.739713927395236
7009,23.5,3.3637843504291887,27.898345675833273,4.398345675833273,18.716364578013927
7093,40.9,4.0359306514588535,55.5955664833832,14.695566483383203,35.930480399469936
3956,7.2,2.554394355433494,11.86350658497493,4.66350658497493,64.77092479131846
833,9.0,2.0848447537317525,7.043342685828538,1.956657314171462,21.740636824127357
1393,5.4,2.122674070391444,7.3534453488731355,1.9534453488731351,36.17491386802102
549,24.9,3.1554616055815257,22.46386564332387,2.4361343566761278,9.783672115165173
1020,5.5,1.894585753056346,5.649793177500351,0.14979317750035115,2.723512318188203
248,3.6,1.6837913964711597,4.385937533974558,0.785937533974558,21.831598165959946
2648,6.5,1.7679363959168741,4.858750736222847,1.6412492637771532,25.249988673494666
296,6.3,1.9677418099624653,6.1545020075373325,0.14549799246266737,2.309491943851863
1559,7.39,1.6904189941262318,4.421751911491718,2.9682480885082816,40.16573868076159
1563,12.8,2.4873401455184063,11.029237509013079,1.7707624909869217,13.834081960835325
6766,13.69,2.660749532556025,13.30700864961176,0.38299135038823984,2.7975993454217662
3260,9.7,2.5536345303881642,11.853736282831097,2.1537362828310975,22.203466833310284
100,1.4,1.1903339732089853,2.288179187779956,0.8881791877799561,63.44137055571115
4204,43.5,3.4350060512379197,30.031600344556637,13.468399655443363,30.96183828837555
3197,7.0,1.825834053682874,5.207970641207968,1.792029358792032,25.60041941131474
2937,17.5,2.8351047882598768,16.032184979913772,1.4678150200862277,8.38751440049273
7017,15.99,2.6905669496321725,13.740030406749636,2.2499695932503645,14.071104398063566
1499,6.0,1.9046313396983787,5.71693090535487,0.2830690946451302,4.717818244085503
4872,7.0,2.238895537951765,8.382962436584458,1.3829624365844584,19.756606236920835
1656,5.0,1.8603634352428742,5.4260718080544175,0.42607180805441747,8.52143616108835
6788,13.29,2.723658360386591,14.23595904218633,0.9459590421863311,7.11782575008526
346,4.0,1.6837913964711597,4.385937533974558,0.3859375339745581,9.648438349363953
1718,7.5,2.2015721473968974,8.039213310087154,0.5392133100871543,7.189510801162058
1665,1.7,1.2588154622001229,2.521247964688783,0.8212479646887829,48.30870380522253
681,6.0,1.9821693725967982,6.258472248466338,0.25847224846633843,4.307870807772307
6514,69.99,3.5168435860425875,32.677958941641876,37.31204105835812,53.31053158788131
3898,3.9,1.790489123036351,4.99238276213871,1.0923827621387097,28.009814413813068
6186,20.45,3.1635452061870692,22.654306850149823,2.2043068501498233,10.779006602199626
6408,54.999,3.644748392038143,37.273141812780395,17.725858187219607,32.22941905710942
7289,23.79,3.162118207471692,22.62057625714183,1.169423742858168,4.915610520631223
5761,17.75,2.941830482174819,17.950503141428307,0.20050314142830672,1.1295951629763759
7063,49.59,3.5648893282757985,34.335542542454,15.254457457546003,30.761156397551932
1793,3.8,1.9880924428676199,6.301592265032885,2.501592265032885,65.83137539560224
3542,5.9,2.1463485958068946,7.553568769532745,1.653568769532745,28.026589314114318
6741,18.8,3.1975415659347286,23.47229266450568,4.6722926645056795,24.852620555881273
1706,6.2,2.0851747717322,7.045997571754604,0.8459975717546042,13.645122125074261
1414,5.6,1.7364197250174034,4.676981838334229,0.9230181616657704,16.482467172603045
4761,2.9,1.470445488844708,3.35117310844047,0.4511731084404702,15.557693394498973
3066,8.8,1.894585753056346,5.649793177500351,3.1502068224996496,35.79780480113238
2991,8.0,1.9314916744380433,5.899794816611125,2.1002051833888746,26.252564792360932
6041,9.75,2.3639143527126576,9.63248941606396,0.11751058393604019,1.205236758318361
84,37.9,3.5139685000767757,32.58127097424349,5.318729025756511,14.033585819938024
5327,9.5,2.150542253402821,7.5895148282251945,1.9104851717748055,20.11037022920848
3207,9.0,2.537070225511409,11.64257675966999,2.642576759669989,29.361963996333213
5025,3.99,1.6683428372479359,4.303371960654215,0.3133719606542149,7.853933850982829
1561,1.2,1.3136092061178803,2.719574225106133,1.519574225106133,126.63118542551108
6072,8.39,3.3622061458421664,27.85277414418932,19.462774144189318,231.9758539235914
2948,8.9,2.4701139329737156,10.823793894907629,1.9237938949076288,21.615661740535153
3528,7.8,2.122674070391444,7.3534453488731355,0.4465546511268643,5.725059629831594
1297,5.0,1.8928632430014565,5.638348701331494,0.6383487013314939,12.76697402662988
4866,8.499,2.131805894558119,7.430076903399689,1.0689230966003116,12.577045494767756
6289,13.28,2.8153421680064996,15.698888628331385,2.418888628331386,18.2145228037002
4506,14.2,2.690843857991238,13.744112609554103,0.45588739044589666,3.2104745806049064
1912,18.5,2.774310540549638,15.027572823842185,3.472427176157815,18.769876627880084
6456,79.99,3.834718521419952,45.280398893411416,34.70960110658858,43.39242543641528
5998,9.494,2.5881375193800786,12.304968266953262,2.810968266953262,29.607839340143904
6127,18.99,2.9564783476041567,18.23013053374973,0.7598694662502687,4.001418990259446
6875,44.199,3.4466382723764672,30.394674366796103,13.804325633203895,31.232212568618962
1817,12.2,2.331103253023332,9.289286960401153,2.9107130395988463,23.858303603269235
3722,7.6,2.2172656764018552,8.18218943189208,0.5821894318920808,7.660387261737905
5451,9.79,2.6439920765629057,13.069257200101145,3.2792572001011457,33.495987743627644
6187,36.99,3.529778545461265,33.116411543940394,3.8735884560596077,10.471988256446627
7164,8.99,2.5791185644985575,12.185510858677727,3.1955108586777268,35.545170841798964
3089,1.2,1.0565060625606133,1.8763037869335304,0.6763037869335304,56.35864891112754
4845,6.0,1.8797753025800548,5.552032471984351,0.4479675280156492,7.466125466927487
3142,3.2,1.1632589977328718,2.2003462200950903,0.9996537799049099,31.239180622028435
1623,5.5,1.7992975812194052,5.0453995704928545,0.4546004295071455,8.265462354675373
6834,18.38,2.9575548296282834,18.250842569657973,0.1291574303420262,0.7027063674756594
5459,16.79,3.158719390722453,22.540430524415086,5.750430524415087,34.24913951408629
5605,47.95,3.5959606560917603,35.4506997605889,12.499300239411106,26.06736233453828
6392,26.4,3.1999749841836875,23.531916503516314,2.8680834964836848,10.863952638195777
1199,2.0,1.392470223293849,3.024779888522609,1.024779888522609,51.238994426130446
373,6.0,1.5539930701527918,3.730321024873013,2.269678975126987,37.827982918783114
2457,5.7,1.8735392695338737,5.51130091463591,0.18869908536408975,3.310510269545434
5260,4.99,1.6904189941262318,4.421751911491718,0.5682480885082821,11.387737244654952
3819,21.09,3.1353115021426863,21.99579796680773,0.9057979668077287,4.294916864901512
7284,23.3,3.2838628646121237,25.678629845489642,2.378629845489641,10.208711783217343
1317,8.0,2.3921813326507815,9.937325886962954,1.9373258869629542,24.216573587036926
1446,13.0,2.763571265309573,14.856369254418627,1.8563692544186274,14.279763495527902
3799,18.9,2.913117202845224,17.414109710562624,1.485890289437375,7.861853383266534
3482,3.7,1.7374721309893548,4.682959472820953,0.9829594728209532,26.56647223840414
1488,6.399,1.980589387912235,6.2470130285602625,0.1519869714397375,2.375167548675379
4486,4.0,1.7200414036090235,4.5847596886958994,0.5847596886958994,14.618992217397487
6067,102.0,4.14808339739599,62.31253896170696,39.68746103829304,38.909275527738274
812,5.123,1.5547200928367229,3.7337613259973157,1.3892386740026845,27.117678586817966
3580,34.5,3.449961194703133,30.4991699503901,4.000830049609899,11.596608839448983
4317,3.95,1.322888135011354,2.7542485111890143,1.195751488810986,30.272189590151545
3366,3.9,1.3978694266839429,3.0465692634420334,0.8534307365579665,21.88283939892222
3651,4.0,1.5533973505569372,3.7275039191296724,0.2724960808703276,6.81240202175819
6684,40.5,3.4976706828024398,32.03840533478909,8.46159466521091,20.8928263338541
1511,3.5,1.364017239055411,2.911876722628108,0.5881232773718921,16.803522210625488
7149,18.29,2.980464209674072,18.696958041308452,0.40695804130845303,2.2250302969297597
1801,3.4,1.4877526402847245,3.42713496594652,0.027134965946519873,0.7980872337211727
4516,4.6,1.8735392695338737,5.51130091463591,0.9113009146359108,19.81088944860676
921,7.8,2.286716401644112,8.84256552969689,1.0425655296968896,13.366224739703714
322,15.0,2.7564704390862467,14.744174740104539,0.25582525989546134,1.705501732636409
3838,2.5,1.3076032438305842,2.6973015539476894,0.19730155394768945,7.892062157907579
5634,27.49,3.3610661827054797,27.81990178547222,0.32990178547222015,1.2000792487166976
7262,9.08,2.7895715253640163,15.274045292062375,6.194045292062375,68.21635784209664
4402,6.85,2.1024289062407076,7.186028881654632,0.3360288816546326,4.905531119045732
6217,10.45,2.438215320597788,10.452583303715382,0.0025833037153830674,0.024720609716584376
1569,5.9,2.1250289939416382,7.373140254947744,1.4731402549477437,24.968478897419384
4661,17.5,2.8479380545998914,16.252172103606647,1.2478278963933533,7.130445122247734
231,12.9,2.4705028136639666,10.828392834200253,2.0716071657997475,16.058970277517425
1545,1.8,1.2617036529314025,2.5314327010737605,0.7314327010737605,40.635150059653355
1420,1.0,1.07972387527556,1.943866564483935,0.943866564483935,94.3866564483935
1079,5.9,2.263951038269576,8.6210272167935,2.7210272167935,46.11910536938135
3103,7.9,2.0185983327422723,6.527766112130224,1.3722338878697764,17.37004921354147
1115,4.75,1.8961790068611184,5.6603964303748535,0.9103964303748535,19.1662406394706
6946,14.45,2.9548641319247575,18.199113995951034,3.749113995951035,25.945425577515813
1941,10.9,2.331103253023332,9.289286960401153,1.6107130395988474,14.77718384953071
1867,10.95,2.126774750966809,7.387770490072759,3.5622295099272403,32.531776346367494
2586,6.65,2.3389755771981937,9.370607232679646,2.7206072326796455,40.911386957588654
2751,11.5,2.288104511137523,8.856237575301003,2.6437624246989966,22.989238475643447
1425,9.59,2.2597760167326886,8.580942955508547,1.0090570444914526,10.521971266855607
5395,14.5,2.62257545730736,12.771144948282242,1.7288550517177583,11.923138287708678
4053,32.5,3.0855680174597526,20.87989147341182,11.62010852658818,35.754180081809785
7283,16.95,2.998571560455445,19.056866429881197,2.1068664298811974,12.429890441776976
4333,4.49,2.1475212076595094,7.563604668611198,3.073604668611198,68.45444696238748
1618,9.0,2.6592372921323855,13.285389363689548,4.285389363689548,47.61543737432831
2402,16.8,2.755834156486139,14.734160182046743,2.0658398179532576,12.296665583055104
265,15.3,2.7124125406684008,14.065578026306452,1.2344219736935482,8.06811747512123
0,9.99,2.2597760167326886,8.580942955508547,1.409057044491453,14.104675120034562
4015,16.5,2.6550467745659927,13.225651442441077,3.2743485575589233,19.844536712478323
5187,3.5,1.4712875648941073,3.3548386702261697,0.14516132977383034,4.147466564966581
838,1.2,1.3775122887688478,2.965025509631335,1.7650255096313352,147.0854591359446
14,21.9,2.8098083537834677,15.606735295810473,6.293264704189525,28.73636851228094
3263,2.6,1.1899723175712653,2.286990214251311,0.3130097857486889,12.03883791341111
4912,21.0,2.6948765104497023,13.803690539319943,7.196309460680057,34.26814028895265
6477,29.155,3.324959624654237,26.79787627114582,2.35712372885418,8.084800990753491
8,16.5,2.681027508840634,13.600087310105673,2.899912689894327,17.57522842360198
1039,8.5,2.7431234904007753,14.535434171345788,6.035434171345788,71.00510789818574
2759,11.9,2.47798019911825,10.91716978282262,0.98283021717738,8.2590774552721
3992,15.5,2.596273113402552,12.41365359764805,3.08634640235195,19.911912273238386
6472,12.99,2.6063055960375623,12.54890315444173,0.44109684555827045,3.3956647079158615
4141,32.79,3.279551128319211,25.563846265033575,7.226153734966424,22.037675312492908
6629,18.1,2.8588634117621163,16.441691644863337,1.6583083551366649,9.161924614014723
339,4.1,1.6184705417604621,4.045367733133914,0.054632266866085466,1.3324943138069627
1956,3.3,1.6454143729979074,4.183157222419885,0.8831572224198849,26.76234007332985
4220,6.5,1.8831331330039103,5.574070064499981,0.9259299355000188,14.245075930769518
2770,29.999999,2.5749609995379243,12.130805041039645,17.869193958960352,59.56398184866723
1090,23.5,3.174625921832691,22.917871041334,0.5821289586660008,2.4771445049617054
4512,8.999,1.938319608277296,5.947067362374429,3.0519326376255718,33.914130877048244
1883,6.0,2.341744921057109,9.399366814337712,3.3993668143377125,56.65611357229521
622,5.3,2.093231933267927,7.111087341175953,1.811087341175953,34.17145926747081
7220,12.5,2.6829304397547236,13.6278967188965,1.1278967188964995,9.023173751171996
5192,3.8,2.053149605147915,6.792405496940146,2.9924054969401466,78.74751307737228
5045,2.8,2.0906891053169003,7.0904884423987085,4.290488442398709,153.23173008566818
4331,16.5,3.097125365964623,21.134231923968066,4.634231923968066,28.08625408465495
4952,4.7,1.553138568753623,3.7262806854224433,0.9737193145775569,20.717432225054402
3032,8.4,1.9682093863923824,6.157848066251984,2.2421519337480165,26.692284925571624
4568,5.999,1.872698261867101,5.505827162702339,0.4931728372976609,8.220917441201216
889,4.5,2.0883358132701044,7.071471545225224,2.571471545225224,57.14381211611609
1507,3.1,1.3806584556945638,2.977519785982791,0.12248021401720921,3.9509746457164265
3688,10.0,2.0194923746471964,6.534499259894573,3.465500740105427,34.65500740105427
196,1.9,0.8089349462886999,1.2455151184253999,0.6544848815746,34.446572714452635
5533,12.99,2.639365772081516,13.00431886055336,0.014318860553359514,0.11022987338998856
3980,11.2,2.642634308007683,13.050167367799252,1.8501673677992532,16.51935149820762
2789,3.8,1.6523517631861564,4.219239821299265,0.4192398212992652,11.032626876296453
6575,38.0,2.8440714205941746,16.18559306960795,21.81440693039205,57.4063340273475
4236,21.5,2.54358548922002,11.725215395142158,9.774784604857842,45.464114441199264
432,4.2,2.1137467512032195,7.279203359959952,3.079203359959952,73.3143657133322
2598,10.9,2.4784020029391085,10.922197550862176,0.022197550862175675,0.20364725561629057
6091,28.99,3.2882244148278703,25.795244153965264,3.1947558460347345,11.020199537891461
1694,23.5,3.207823236036804,23.72520666546921,0.22520666546920864,0.9583262360391858
5357,29.9,3.2239979659044793,24.12838204067707,5.771617959322928,19.303070098069995
1108,13.9,2.7428428085862824,14.531074269394859,0.6310742693948583,4.540102657516966
6353,37.5,3.7712978486043864,42.43640214319694,4.936402143196943,13.163739048525184
6690,60.89,3.8089261294278147,44.10197916308052,16.78802083691948,27.57106394632859
6262,110.99,4.357097470343117,77.03032009644986,33.95967990355014,30.597062711550716
4825,1.65,1.4298347787835506,3.1780088391916097,1.5280088391916098,92.60659631464301
1277,4.6,1.859797690145565,5.422437317628565,0.8224373176285651,17.879072122360114
1195,5.9,1.8744586030644932,5.51728972432967,0.38271027567033045,6.486614841870007
6062,18.19,3.1181876478921096,21.60537359921221,3.4153735992122094,18.776105548170474
604,9.0,2.3952288673004407,9.970708608241246,0.9707086082412459,10.78565120268051
3742,6.2,1.6000305593065993,3.9531837879443392,2.246816212055661,36.23897116218808
1593,17.9,2.8717729759889132,16.668315946499767,1.2316840535002314,6.880916500001293
1219,19.4,2.9821173046670286,18.729545912024836,0.6704540879751626,3.4559489070884672
2229,7.0,2.1268186778266562,7.388138946584018,0.38813894658401793,5.544842094057399
4519,4.1,1.506734274305046,3.5119718457009483,0.5880281542990513,14.342150104854912
1652,3.3,1.4570177335768175,3.2931371392179525,0.006862860782047342,0.20796547824385886
4657,5.9,2.0835469636769863,7.032910886290795,1.1329108862907944,19.20187942865753
4865,5.9,1.6484355878328647,4.19884033300608,1.7011596669939202,28.833214694812202
6264,11.09,2.4677035126879017,10.795327903532176,0.2946720964678242,2.657097353181463
4955,38.0,3.5944288872846046,35.39490845629511,2.605091543704887,6.855504062381282
1158,12.0,2.427242344101681,10.327601342413782,1.6723986575862178,13.936655479885149
4818,10.8,2.464159207851125,10.753595665366138,0.04640433463386273,0.4296697651283586
3256,8.8,2.163248672154025,7.699353148541473,1.100646851458528,12.507350584755997
5728,38.699,3.6913724378854043,39.09984375357692,0.4008437535769218,1.03579873789225
4650,17.5,2.8760584659248813,16.744195811742962,0.7558041882570379,4.318881075754502
7219,15.49,2.927104473917931,17.673482585290955,2.183482585290955,14.09607866553231
5702,14.19,2.724809451140612,14.25350711154101,0.06350711154101063,0.44754835476399313
2807,4.59,1.329018788280697,2.777335203040276,1.8126647969597238,39.4916077769003
2851,8.6,2.6097435799456634,12.59556422951162,3.9955642295116203,46.460049180367676
4559,10.49,2.28387885116412,8.814676340357975,1.6753236596420251,15.970673590486417
2995,6.5,2.0614076613875922,6.8570220561534905,0.3570220561534905,5.492647017746007
904,5.95,1.6128552781369747,4.017116057771442,1.9328839422285577,32.48544440720265
6841,21.169,2.919912736099436,17.539669545275448,3.6293304547245526,17.14455314244675
2357,23.8,3.313434278118934,26.479335287855776,2.679335287855775,11.257711293511658
3383,12.8,2.5086143739943707,11.28789183645035,1.5121081635496498,11.81334502773164
3470,9.0,2.717981105151191,14.149705686775354,5.149705686775354,57.21895207528171
1616,7.8,2.2597760167326886,8.580942955508547,0.7809429555085474,10.012089173186506
3575,5.8,2.004883474372958,6.425228616924651,0.6252286169246508,10.779803740080187
6977,26.95,3.3126285350006888,26.457202920252477,0.49279707974752185,1.8285605927551831
5006,10.9,2.332942614023825,9.308230089844983,1.5917699101550173,14.603393671146947
3820,3.65,1.627163995036761,4.089420610152537,0.4394206101525371,12.038920826096906
1860,7.5,1.8237344826999657,5.194950239598685,2.3050497604013147,30.73399680535086
2088,4.99,1.6071052117223779,3.9883500896012682,1.001649910398732,20.073144496968574
7077,27.52,2.969978250235197,18.491495655974656,9.028504344025343,32.80706520358046
6930,27.699,3.237229293840089,24.463073225564216,3.235926774435786,11.682467866839184
5213,4.1,2.1841129615853174,7.882765703285386,3.7827657032853867,92.26257812891188
2251,3.2,1.1255483219015125,2.0819062624065814,1.1180937375934188,34.94042929979433
3784,14.0,2.811942603326859,15.642216061969293,1.6422160619692932,11.730114728352094
3127,6.5,1.894585753056346,5.649793177500351,0.8502068224996489,13.08010496153306
254,11.7,2.286716401644112,8.84256552969689,2.85743447030311,24.422516840197524
6705,16.78,2.850536215626991,16.29705430514459,0.4829456948554096,2.878103068268233
4989,2.999999,1.6837913964711597,4.385937533974558,1.3859385339745582,46.19796653180745
221,14.85,2.6840145032280396,13.643762885833095,1.206237114166905,8.122808849608788
267,2.9,1.2891279894747736,2.6296201084286364,0.27037989157136355,9.32344453694357
107,8.1,1.8971883493881494,5.667122445594493,2.432877554405507,30.035525363030953
4800,5.5,1.65044629009892,4.209304169348865,1.290695830651135,23.467196920929727
1226,5.4,2.164811328238363,7.712957872652858,2.3129578726528575,42.83255319727514
4938,4.9,1.8887150693814483,5.610868713652988,0.7108687136529879,14.507524768428324
3418,9.5,2.235249359600639,8.348812777785936,1.1511872222140642,12.117760233832255
4154,8.5,1.9738966172278924,6.198672379098603,2.3013276209013966,27.07444259883996
1758,6.99,2.260013999990051,8.583223330856516,1.5932233308565156,22.792894575915813
2284,9.99,2.2550000802853383,8.53529407569104,1.4547059243089606,14.561620863953559
2526,3.3,1.481350261274045,3.398881311775103,0.09888131177510306,2.996403387124335
4004,15.0,2.098562036700196,7.154435698639844,7.845564301360156,52.30376200906771
1210,15.5,2.9816542236339703,18.72041164863742,3.2204116486374197,20.776849346047868
6664,11.5,2.6702929123119605,13.444199457081783,1.9441994570817833,16.90608223549377
2464,13.6,2.48679644719794,11.022699010429356,2.5773009895706434,18.950742570372377
4240,13.5,2.621231820450931,12.752653955745956,0.7473460442540443,5.535896624104032
4198,14.5,2.6442900542170484,13.07345014902868,1.4265498509713197,9.838274834284963
376,4.5,1.7087986236185693,4.522323102283052,0.022323102283052343,0.4960689396233854
755,1.8,1.2786406736947578,2.591754039952626,0.7917540399526259,43.98633555292366
291,12.49,2.669192258567421,13.428310140784289,0.9383101407842886,7.5124911191696455
5091,1.7,1.5474608163851542,3.6995220703462666,1.9995220703462666,117.61894531448627
1465,1.35,1.2459090293409163,2.4760932343060476,1.1260932343060475,83.41431365229981
188,4.7,1.9498139117701352,6.027379746249212,1.3273797462492114,28.242122260621517
1870,33.0,2.676108961644121,13.52845240584302,19.47154759415698,59.00468967926358
1201,8.7,2.4693203789628315,10.814414797740735,2.1144147977407357,24.303618364836044
1649,4.0,1.4851761220956745,3.415743054217317,0.5842569457826832,14.60642364456708
6030,128.96,4.797418040824648,120.19708725836023,8.76291274163978,6.795062609832336
3706,30.49,3.0662229350975303,20.460690977950183,10.029309022049816,32.89376524122603
4176,6.5,1.993406043321646,6.3404932696767755,0.1595067303232245,2.4539496972803767
501,10.0,2.4367760506826657,10.436111801428154,0.4361118014281544,4.361118014281544
6193,26.99,3.0680945211328443,20.500894117574642,6.489105882425356,24.042630168304395
2605,5.5,1.8961790068611184,5.6603964303748535,0.16039643037485352,2.916298734088246
6874,64.89,4.312873246760173,73.65468240199687,8.764682401996865,13.506984746489234
3312,23.5,2.8468749028658893,16.23384017345776,7.266159826542239,30.91982904911591
2812,6.5,2.0011581842280277,6.397618944883832,0.10238105511616791,1.5750931556333523
4763,5.5,2.0674738098907866,6.904828773462477,1.4048287734624774,25.542341335681407
6753,76.79,3.858043365325171,46.372569815914666,30.41743018408534,39.6111865921153
672,7.9,1.894585753056346,5.649793177500351,2.250206822499649,28.48363066455252
4766,13.8,2.7350973480614154,14.41124361759842,0.6112436175984186,4.4293015768001345
3753,7.35,2.0016331874998223,6.40113367277368,0.9488663272263196,12.909745948657411
1374,12.8,2.624909483738514,12.803324704170432,0.003324704170431403,0.025974251331495335
7043,23.99,3.616261251044785,36.19823266126713,12.208232661267129,50.888839771851316
6988,15.58,2.881602129535382,16.842836828047208,1.2628368280472078,8.105499538172065
5718,79.99,4.312680121659665,73.64026610107418,6.34973389892582,7.938159643612727
1192,4.9,1.8961679807499041,5.6603229925079495,0.7603229925079491,15.516795765468347
3053,52.9,3.5518327418792737,33.87717981622426,19.022820183775735,35.95996254021878
3950,2.8,1.3666507909085337,2.922192430333614,0.12219243033361415,4.364015369057649
216,13.0,2.510048602619252,11.305528126874744,1.6944718731252557,13.034399024040427
4697,6.49,2.1013268862642236,7.17701268322684,0.6870126832268397,10.585711605960551
421,1.2,1.0661812922421139,1.9042677474341896,0.7042677474341896,58.68897895284913
505,3.9,1.8091862194935326,5.105476891963162,1.2054768919631624,30.909663896491345
4836,2.9,1.3702259828436203,2.936240117704576,0.036240117704576136,1.2496592311922805
6453,19.9,2.9925306700042396,18.936070322354418,0.9639296776455808,4.843867726862215
6845,49.5,3.5767013378669525,34.75540111494747,14.744598885052532,29.787068454651582
6252,20.59,3.1409879734796022,22.1267041459143,1.5367041459142996,7.463351849996598
506,16.3,2.763571265309573,14.856369254418627,1.4436307455813733,8.85663034099002
1807,8.9,1.9236066852519538,5.845603937112743,3.0543960628872577,34.31905688637368
4436,20.89,3.137837586300816,22.053960718829945,1.1639607188299443,5.5718560020581345
1438,5.99,1.331885652074424,2.788179846200466,3.201820153799534,53.45275715858988
5520,76.49,4.314347198294274,73.76480092039434,2.725199079605659,3.562817465819923
7069,41.599,3.17631078570838,22.958203365932135,18.64079663406786,44.81068447334759
4704,3.8,1.3331653504609233,2.793030676975588,1.0069693230244119,26.499192711168735
1426,27.9,3.414324558425328,29.396411492215634,1.4964114922156355,5.363482050952099
2859,7.5,1.9677418099624653,6.1545020075373325,1.3454979924626675,17.93997323283557
3016,5.0,1.7449174036099429,4.725428556160594,0.274571443839406,5.49142887678812
2688,20.49,3.048597054391018,20.085741513292145,0.40425848670785314,1.9729550351774192
4664,12.0,1.7371455400483153,4.68110377278274,7.31889622721726,60.99080189347716
2280,2.95,1.6945085645901754,4.443969948119349,1.4939699481193491,50.64304908879149
347,6.5,2.0283311949458684,6.601390529360395,0.10139052936039494,1.55985429785223
4320,12.99,2.8143371386758096,15.682114186285084,2.6921141862850835,20.72451259649795
333,11.5,2.055168364393144,6.808152376811444,4.691847623188556,40.798674984248315
4386,6.5,1.974610387226532,6.203812409654417,0.29618759034558284,4.556732159162813
3381,7.75,1.8311620319597588,5.2411348445517305,2.5088651554482695,32.372453618687345
5781,18.355,3.1352536976598495,21.9944687450167,3.6394687450167,19.828214355852356
6380,15.89,2.5442372238636843,11.733511562019292,4.156488437980709,26.157888218884263
5832,83.49,4.491712838828951,88.27422735932534,4.784227359325342,5.730299867439625
6831,8.29,2.6339060906431824,12.928068082699758,4.638068082699759,55.947745267789614
3023,9.79,2.3850658190965657,9.85977742213675,0.06977742213675064,0.7127417991496491
6726,5.65,1.9188264253456877,5.812958260652326,0.16295826065232522,2.884217002696021
746,14.5,2.692438381755987,13.767641200964114,0.732358799035886,5.050750338178524
3410,34.0,2.9723493814212136,18.537767385677995,15.462232614322005,45.4771547480059
5257,5.7,1.8988466501740506,5.678187712220138,0.021812287779861883,0.3826717154361734
3704,5.0,1.5701495111484758,3.8073668949925317,1.1926331050074683,23.852662100149367
3589,2.5,1.2878150375852326,2.624857718927241,0.12485771892724085,4.994308757089634
5019,7.8,2.0758415963078245,6.97125221330141,0.8287477866985897,10.624971624340894
4038,24.2,3.048597054391018,20.085741513292145,4.114258486707854,17.00106812689196
3608,9.3,2.0284338113099216,6.602170596441405,2.697829403558596,29.008918317834365
6968,28.59,3.352551055066582,27.575538511970812,1.0144614880291876,3.5483088073773614
259,4.8,1.889931718609236,5.618916716774105,0.8189167167741056,17.060764932793866
1795,11.49,2.2597760167326886,8.580942955508547,2.909057044491453,25.318164007758508
4210,20.0,2.841781334341669,16.146281609675793,3.8537183903242074,19.268591951621037
3653,8.3,1.5829433957412598,3.869266918790631,4.43073308120937,53.38232627963095
3265,4.59,1.894585753056346,5.649793177500351,1.0597931775003513,23.089175980399812
3246,5.0,1.928610078042615,5.879941011802735,0.8799410118027353,17.598820236054706
1730,25.0,2.359166111123877,9.58212345712514,15.41787654287486,61.67150617149944
599,11.5,2.8697355245980174,16.632354259135127,5.132354259135127,44.629167470740235
45,13.0,2.6854741952832146,13.665153878508292,0.665153878508292,5.116568296217631
4651,23.5,2.6001923063392893,12.466327446148462,11.033672553851538,46.9517981014959
5070,6.0,1.9387306565007325,5.94992352904273,0.0500764709572703,0.8346078492878384
4575,6.0,1.5530120567311236,3.7256827919151867,2.2743172080848133,37.90528680141356
3921,14.2,2.1347513318354516,7.454943770081876,6.745056229918124,47.5003959853389
3881,2.686686,1.4312661414952117,3.183993367246414,0.4973073672464139,18.510066574449485
6979,5.85,2.5426369066677754,11.71315020116572,5.86315020116572,100.22478976351658
6997,28.9,3.171185835756385,22.8357328683856,6.0642671316144,20.983623292783392
1421,1.9,1.2386789284851494,2.4510513663406726,0.5510513663406726,29.00270349161435
4251,17.2,2.923625785464999,17.60863621260305,0.4086362126030494,2.3757919337386593
3529,2.3,1.0806149661464013,1.9464909862299926,0.3535090137700072,15.369957120435096
6651,12.09,2.8080569791599075,15.577676135199244,3.4876761351992442,28.847610712979687
6497,96.79,4.623243575905784,100.82377020288493,4.033770202884924,4.167548510057778
7180,15.99,3.0988499224572768,21.172436590926978,5.182436590926978,32.41048524657272
3044,13.2,2.7428428085862824,14.531074269394859,1.3310742693948594,10.083895980264087
1298,4.1,1.894585753056346,5.649793177500351,1.5497931775003515,37.79983359756955
426,6.5,1.8005354586895708,5.052887668136807,1.4471123318631927,22.263266644049118
4603,8.2,1.9346965910393865,5.921943557039315,2.2780564429606844,27.781176133666886
805,19.9,2.8575795074585466,16.419312551280402,3.4806874487195962,17.490891702108524
410,7.7,2.396417161958324,9.983752791305227,2.2837527913052265,29.659127159808136
6097,12.38,2.741885739676919,14.516217071897588,2.136217071897587,17.255388302888424
3858,15.0,2.0662091450877367,6.894838133475486,8.105161866524515,54.03441244349677
438,8.8,2.4873452148414277,11.029298489258275,2.229298489258275,25.33293737793494
2389,2.0,1.2693521930995606,2.5585465644954857,0.5585465644954857,27.927328224774286
4161,9.2,2.4469250710143493,10.552768104890458,1.3527681048904583,14.704001140113679
434,5.8,1.9568500712934331,6.076999874027883,0.27699987402788295,4.775859897032465
751,10.5,2.1676283192052983,7.737536799328911,2.762463200671089,26.309173339724655
3411,8.5,1.9104889974896335,5.756391849527045,2.743608150472955,32.277742946740645
2874,6.99,1.9139561358737194,5.779857851477349,1.2101421485226513,17.312477089022195
4383,14.6,2.8091014016004414,15.59499927693103,0.994999276931031,6.8150635406235
2142,9.0,2.1494188343801506,7.579870622128254,1.4201293778717456,15.779215309686062
6044,24.0,3.480856204369283,31.487526133009908,7.487526133009908,31.19802555420795
4937,7.5,2.0160433517089054,6.508557361935764,0.9914426380642363,13.219235174189818
4856,5.9,2.1937012532516293,7.968345879846332,2.0683458798463317,35.05670982790392
1049,6.0,1.8570516436178788,5.404825198849429,0.5951748011505709,9.919580019176182
626,6.5,2.0307696375063378,6.619948700867983,0.11994870086798315,1.8453646287382022
1926,10.2,2.456654498102514,10.66571850014562,0.4657185001456199,4.56586764848647
1223,7.6,1.9139561358737194,5.779857851477349,1.8201421485226508,23.94923879635067
210,7.89,2.4539889599245317,10.634664488323738,2.744664488323738,34.78662215872925
2431,3.89,1.284294799210253,2.612119789110028,1.2778802108899723,32.85039102544916
6216,14.59,2.7472358412333726,14.599452870449747,0.009452870449747408,0.06479006476865941
4927,16.0,2.810956124521074,15.625806963487499,0.37419303651250146,2.338706478203134
51,18.8,2.700420634114693,13.885991964196604,4.914008035803397,26.138340615975515
1109,12.5,2.5880249687069865,12.303470868087553,0.19652913191244714,1.5722330552995771
1436,7.2,2.1567334668443006,7.642859311028914,0.44285931102891407,6.150823764290473
7277,10.49,2.6461569217830165,13.099747956277128,2.6097479562771273,24.878436189486436
3882,2.8,1.6885237125015489,4.411485896288305,1.611485896288305,57.55306772458232
1786,10.8,1.8988466501740506,5.678187712220138,5.121812287779862,47.424187849813535
5456,22.0,3.194877891574014,23.407193186383655,1.4071931863836546,6.396332665380249
4338,6.0,1.7371843502235182,4.681324261694087,1.3186757383059131,21.977928971765216
6336,19.592,3.146388166169004,22.251930623806327,2.6599306238063285,13.576616087210743
1558,2.8,1.4865294929197201,3.4217232378236027,0.6217232378236028,22.204401350842957
2249,26.49,2.8173342736875644,15.732187735893778,10.75781226410622,40.61084282410805
5044,36.0,3.05169330010574,20.151129326224233,15.848870673775767,44.02464076048824
3786,8.5,2.5945235084763896,12.390205521651849,3.8902055216518487,45.76712378413939
4233,12.8,2.7654700349023864,14.886505448001111,2.0865054480011107,16.30082381250868
4561,13.0,2.3941483862210187,9.958861366674943,3.0411386333250565,23.393374102500434
3733,3.5,1.6570459711365026,4.243797612958163,0.7437976129581632,21.251360370233233
5661,63.05,4.461851284352765,85.64777036744947,22.59777036744947,35.84103151062565
5664,70.99,4.314347198294274,73.76480092039434,2.774800920394341,3.908720834475759
6291,8.89,2.3080566646201666,9.054865680129433,0.1648656801294326,1.8545070880701078
6970,20.49,3.294191689131063,25.955616743585992,5.4656167435859935,26.67455706972179
4693,29.5,2.7352231560030296,14.413182596402574,15.086817403597426,51.141753910499745
3164,1.0,1.029939982778919,1.800897727556328,0.800897727556328,80.08977275563281
2112,5.4,1.7683786866109905,4.861342580284629,0.5386574197153715,9.97513740213651
705,7.2,2.0918063713149646,7.099532721535091,0.100467278464909,1.3953788675681804
2943,26.5,2.8468749028658893,16.23384017345776,10.26615982654224,38.74022576053675
6952,20.99,2.770906844366871,14.973112571057406,6.016887428942592,28.66549513550544
57,3.8,1.8495670569753437,5.357066679056653,1.5570666790566534,40.97543892254351
4881,9.8,2.429614892605296,10.354508532713629,0.5545085327136281,5.658250333812531
5640,17.2,3.2480218719560847,24.739373747964255,7.539373747964255,43.83356830211776
527,4.5,2.154420931103143,7.622895482396899,3.122895482396899,69.39767738659775
1935,3.8,1.6410492733591986,4.1605815331141445,0.36058153311414465,9.488987713530122
5058,1.95,1.4804379940776173,3.39487018654056,1.44487018654056,74.09590700208
565,4.0,1.9916353628845482,6.327507102414643,2.3275071024146428,58.18767756036607
1871,4.9,1.8783777095837935,5.542881793241966,0.6428817932419655,13.120036596774806
6095,18.85,3.141995702670782,22.150021347517022,3.3000213475170206,17.506744549161912
640,5.5,1.5556060088204182,3.7379568990072034,1.7620431009927966,32.037147290778115
5282,5.0,1.6795043058610972,4.362896955558796,0.6371030444412042,12.742060888824087
1747,41.0,3.375185284362568,28.22969908569697,12.770300914303029,31.147075400739094
730,6.5,2.1991064647815595,8.016952933761429,1.516952933761429,23.337737442483522
