sample_id,y_true_price,raw_prediction,y_pred_price,absolute_error,absolute_percentage_error
3909,5.5,1.5417807483438355,3.6729041326385587,1.8270958673614413,33.219924861117114
6004,37.499,3.370603649214468,28.09608558687636,9.402914413123643,25.07510710451917
1768,27.49,2.884235763612479,16.88989026471977,10.600109735280228,38.559875355693805
3360,7.8,2.1330495581535174,7.440567605250683,0.35943239474931676,4.6081076249912405
4700,12.99,2.4829904094688913,10.977027133966413,2.0129728660335875,15.496326913268572
865,3.5,1.344970840999734,2.8380746245492747,0.6619253754507253,18.912153584306438
7074,52.5,3.8456994763625745,45.79140238677309,6.708597613226907,12.778281168051251
2233,26.0,3.0319013885785466,19.736623507896336,6.263376492103664,24.08990958501409
1720,22.0,2.5515123494491405,11.826487252609386,10.173512747390614,46.24323976086643
1662,4.7,2.4201456331612916,10.247497204187917,5.547497204187917,118.03185540825356
1566,11.49,2.924069389981307,17.616892918889988,6.126892918889988,53.32369816266308
5141,3.2,1.7549900765649942,4.783390350573757,1.5833903505737572,49.48094845542991
7264,63.86,3.9150850999754434,49.153339377386004,14.706660622613995,23.029534329179448
5464,127.0,4.654392353562905,104.04537015689058,22.954629843109416,18.07451168748773
6348,31.79,3.2721086448871604,25.366879150732665,6.423120849267335,20.204846962149528
6283,17.99,3.6086232920417856,35.91519637099649,17.925196370996492,99.63977971648968
6419,30.9,3.460330461213402,30.82749252880521,0.07250747119478973,0.23465201033912533
763,7.9,2.615061969261507,12.66806335144247,4.7680633514424695,60.35523229674011
3297,4.8,1.8708694138657003,5.493939867040099,0.6939398670400996,14.457080563335408
2654,3.59,1.3634171076977595,2.9095297870448493,0.6804702129551505,18.954602032176897
2189,3.1399,1.6806612439814117,4.369105086000914,1.2292050860009143,39.14790553842206
3945,1.9,1.1222138687679917,2.071646904592375,0.1716469045923752,9.034047610125011
6006,20.04,3.12899259580099,21.850947802485297,1.8109478024852983,9.036665681064363
1197,19.8,2.5172127931939046,11.394003825458128,8.405996174541873,42.45452613404986
429,7.5,2.0639325124941887,6.876884931836406,0.6231150681635942,8.308200908847923
4271,5.7,1.8977780103388293,5.671054946661276,0.02894505333872388,0.5078079533109453
3905,5.1,1.986118951379466,6.287196844140287,1.1871968441402876,23.27836949294682
2316,2.7,1.9160330333261228,5.793953553573806,3.0939535535738054,114.59087235458539
4584,13.5,2.295190192570294,8.92632374579,4.57367625421,33.879083364518515
7086,51.49,4.046861742986119,56.21761142179243,4.7276114217924246,9.181610840536852
1992,16.5,2.763021645409371,14.847656672854876,1.6523433271451236,10.014201982697719
7240,13.1,2.593377340516422,12.374866889109333,0.7251331108906669,5.535367258707382
554,7.2,2.4254167772903066,10.306940913585086,3.1069409135850856,43.15195713312619
1905,11.999,2.439744863566558,10.470113925483723,1.5288860745162776,12.74177910256086
2034,14.5,2.5789853190764616,12.183754066762651,2.316245933237349,15.97410988439551
1215,6.2,1.9233939807819334,5.844148001402836,0.35585199859716443,5.739548364470394
1615,7.0,2.121858580665985,7.346635976882759,0.3466359768827587,4.951942526896553
1002,3.2,1.32088188122571,2.746724086377925,0.453275913622075,14.164872300689844
2388,9.95,2.0817863287790335,7.018780306098758,2.931219693901241,29.459494411067748
6001,38.9,3.696913705766632,39.32266451441914,0.42266451441913944,1.086541168172595
1533,4.95,1.6883645997586578,4.410624928421526,0.5393750715784744,10.896466092494432
5326,26.5,3.3119360016273998,26.438194473644568,0.061805526355431795,0.23322840134125206
2764,22.5,3.0736966071142096,20.62168199123037,1.8783180087696287,8.348080038976127
6702,12.99,2.9537685260782234,18.178090853050865,5.1880908530508645,39.93911357237001
496,10.89,2.635106397740804,12.944796079033553,2.0547960790335527,18.868650863485332
2691,29.5,3.3009567664937505,26.138591798576556,3.361408201423444,11.394604072621844
7213,26.25,3.384263858304913,28.496271286963626,2.2462712869636263,8.557223950337624
5400,13.99,2.634037676285127,12.929900937065485,1.0600990629345155,7.577548698602683
5931,44.99,3.5233148131735033,32.89660334905976,12.093396650940242,26.880188155012764
828,4.8,1.4781027944594938,3.3846192609962813,1.4153807390037185,29.48709872924414
3552,1.55,1.3934689556076525,3.0288015742126584,1.4788015742126583,95.40655317501022
61,6.9,2.291968035977231,8.89439104998866,1.9943910499886588,28.904218115777663
1429,10.0,2.377366277921382,9.776483193885168,0.22351680611483182,2.2351680611483182
2970,3.2,1.549273350652669,3.7080478394298932,0.5080478394298931,15.876494982184159
3955,29.9,3.3166882453114184,26.56889778103476,3.3311022189652384,11.140810096873707
4121,14.5,2.633451922915287,12.921743839906862,1.5782561600931384,10.884525242021645
3550,16.4,2.748145529273373,14.613649962639986,1.7863500373600125,10.892378276585443
5189,4.6,1.3333376671990216,2.793684335965926,1.8063156640340736,39.26773182682769
465,5.95,1.9503439445371458,6.031105475072905,0.08110547507290455,1.3631172281160429
5636,7.5,2.7074802051388174,13.99145249680169,6.49145249680169,86.55269995735587
6951,12.9,2.9913972585724626,18.913487352661907,6.013487352661906,46.61618102838687
4230,8.2,2.024128669432661,6.569512522710062,1.630487477289937,19.883993625487037
6145,42.45,4.186959113785468,64.82232811236219,22.372328112362183,52.702775294139414
1902,8.9,2.1881094491034903,7.918336597518238,0.9816634024817628,11.029925870581604
185,4.7,1.6883645997586578,4.410624928421526,0.2893750715784744,6.156916416563285
2662,4.8,1.7304913964007875,4.643426386594117,0.15657361340588238,3.2619502792892163
932,2.0,1.5621989900684863,3.7692973600084043,1.7692973600084043,88.46486800042021
6485,20.95,3.23651536180068,24.44490080947358,3.494900809473581,16.682104102499192
5510,12.99,3.0724401704536266,20.59453277651901,7.60453277651901,58.54143784849122
1487,18.99,2.291968035977231,8.89439104998866,10.09560895001134,53.16276434971743
1084,17.0,2.5758149322572064,12.142022653956396,4.857977346043604,28.57633732966826
7123,11.999,2.7041600168121582,13.941760590115242,1.9427605901152418,16.191020836030017
5735,99.69,4.292906984078748,72.17888946443543,27.51111053556457,27.596660182129167
2939,12.5,2.503472753195928,11.224874301179012,1.2751256988209878,10.201005590567902
1940,7.5,2.0987598713436744,7.156049088105956,0.34395091189404425,4.586012158587257
5481,17.86,2.7746344082936734,15.032764478354338,2.8272355216456617,15.829986123435958
3268,2.2,1.2900319397653923,2.632902587956131,0.4329025879561308,19.677390361642306
1703,22.5,3.3217797498859456,26.70962289748243,4.209622897482429,18.709435099921908
6381,19.8,3.1289750676644967,21.850547271463505,2.050547271463504,10.356299350825777
3244,1.5,1.219215752011023,2.3845323798169917,0.8845323798169917,58.968825321132776
4438,1.5,1.172658041976068,2.2305682222900862,0.7305682222900862,48.704548152672416
5549,17.5,2.7620121529993877,14.83166665598586,2.6683333440141404,15.24761910865223
4063,8.0,2.170641048098162,7.763900322029205,0.23609967797079534,2.9512459746349418
5269,5.299999,1.8972039390968445,5.6672263849014435,0.3672273849014438,6.928819890370617
7091,24.299,3.5086548653967062,32.403305608397076,8.104305608397077,33.35242441416139
2718,22.0,2.903970712624205,17.246453139579803,4.753546860420197,21.60703118372817
1740,7.8,2.2603355743718465,8.586305545528823,0.7863055455288235,10.08084032729261
5023,17.5,2.807818582595642,15.57372454520656,1.9262754547934406,11.007288313105375
3994,7.0,2.218841081967744,8.196666504866576,1.1966665048665757,17.095235783808224
101,12.6,2.645336850746774,13.088189901220705,0.4881899012207054,3.8745230255611536
4505,15.0,2.8195132128177978,15.768685903688496,0.7686859036884961,5.124572691256641
736,8.2,2.4676349562083626,10.794519285094434,2.594519285094435,31.6404790865175
7111,48.49,3.9047094068528194,48.63565403532969,0.14565403532968446,0.3003795325421416
538,25.5,2.8828170327034757,16.86452732029334,8.635472679706659,33.86459874394768
4520,9.0,1.9180222004228147,5.80748131246493,3.1925186875350704,35.47242986150078
5153,8.5,2.140484924295329,7.503560212178616,0.9964397878213838,11.72282103319275
733,10.8,2.69632938422689,13.825214064806941,3.0252140648069403,28.011241340805
5218,4.4,2.0914679517140744,7.096792144662693,2.696792144662693,61.29073056051574
79,3.7,1.3101066012407327,2.7065688159851935,0.9934311840148067,26.849491459859635
5808,17.79,2.7883695834190565,15.254496584970624,2.5355034150293747,14.252408178917229
3113,5.5,1.8977780103388293,5.671054946661276,0.1710549466612763,3.1100899392959325
5278,5.3,1.5493164490274192,3.70825075301261,1.5917492469873897,30.03300466013943
3082,5.9,1.7962908884167388,5.027250209564271,0.8727497904357291,14.792369329419136
4939,11.5,2.2975092476447787,8.949370149855136,2.5506298501448637,22.179390001259684
132,8.9,2.025585321159276,6.580546700722071,2.3194532992779298,26.061273025594716
737,12.2,2.1217348877103746,7.345603620658286,4.854396379341713,39.79013425689929
1041,9.0,2.3782491648006143,9.786001810814007,0.7860018108140068,8.733353453488963
2095,13.5,2.707207800850322,13.987369317013878,0.48736931701387753,3.610143088991685
7199,21.99,3.1168351910469667,21.574821471824865,0.415178528175133,1.8880333250347114
6848,42.499,3.3764648527509578,28.267124423682525,14.231875576317478,33.48755400437064
1634,9.3,2.763021645409371,14.847656672854876,5.547656672854876,59.652222288762104
6425,20.34,3.081985488441254,20.801646368652378,0.46164636865237796,2.269647830149351
5527,23.9,3.3959672729492865,28.843506334782546,4.943506334782548,20.684126923776354
6243,47.499,3.3236137458240727,26.760488863053087,20.738511136946915,43.660942623943484
6607,41.0,3.7855276747158144,43.05891320043557,2.058913200435569,5.021739513257486
3308,17.2,2.7054850746788315,13.961572410532607,3.238427589467392,18.828067380624372
4726,5.0,2.2016599098074523,8.040006648048884,3.040006648048884,60.800132960977685
5241,1.8,1.504911108245179,3.5037532659631117,1.7037532659631116,94.65295922017286
5112,14.499,2.3796350116717493,9.80095992010605,4.69804007989395,32.40251106899751
2647,7.5,2.123966920141037,7.36425208283706,0.13574791716293966,1.8099722288391955
3139,6.2,1.986688946946403,6.291351698048509,0.09135169804850918,1.4734144846533739
5239,6.6,2.095478324230883,7.129328495189867,0.5293284951898674,8.02012871499799
319,9.0,2.157707989175207,7.651286075798712,1.348713924201288,14.9857102689032
5857,4.845,2.5282469719186245,11.531518765761046,6.686518765761046,138.00864325616195
6898,38.8,3.730447276108019,40.69775440301235,1.8977544030123497,4.891119595392654
842,7.5,1.8879892012673871,5.606071836008384,1.8939281639916157,25.252375519888208
1894,5.5,1.5608373427357578,3.7628076783107476,1.7371923216892524,31.585314939804586
177,7.5,2.5278946627733307,11.527104574721042,4.027104574721042,53.69472766294723
5163,3.8,1.1780220472180094,2.247943566225813,1.5520564337741867,40.8435903624786
4671,7.3,1.9616037801510335,6.1107219600001015,1.1892780399998983,16.291479999998607
3832,22.9,2.7007892349850455,13.8914799651695,9.008520034830498,39.33851543594104
3961,3.95,1.5627647963417122,3.7719966219312306,0.17800337806876954,4.506414634652393
1509,4.0,1.2011861220225322,2.324057322971761,1.6759426770282388,41.89856692570597
6654,19.49,2.7737213684709925,15.018132606675177,4.471867393324821,22.944419668162244
2177,11.4,2.1633872375421204,7.700558661305921,3.699441338694079,32.45123981310596
3671,1.4,1.1439129492127977,2.139027219495023,0.7390272194950231,52.787658535358794
1755,6.9,1.7633189735446884,4.831760769491939,2.0682392305080617,29.97448160156611
2245,4.0,1.8642629500461672,5.451179291883572,1.4511792918835722,36.2794822970893
3193,4.799,1.8708694138657003,5.493939867040099,0.694939867040099,14.480930757243154
1038,13.5,2.4379512659265394,10.449559594825972,3.0504404051740277,22.595854853140946
6559,8.1,1.8423370395721066,5.311270728584373,2.788729271415627,34.428756437229964
3450,7.29,1.9605289140161428,6.103082991940176,1.1869170080598241,16.28144043977811
5444,41.29,3.4667930982120225,31.033848142091173,10.256151857908826,24.83931183799667
3433,17.49,2.694149853118321,13.792937236514375,3.697062763485624,21.13815187813393
3002,15.9,2.799226840795984,15.431937354923345,0.46806264507665496,2.9437902206078927
2516,1.5,1.072204712882811,1.921814165407318,0.421814165407318,28.120944360487865
3698,5.35,1.6926788324516466,4.434018048775638,0.9159819512243619,17.121157966810504
2045,4.99,1.857241334842145,5.406040253221543,0.41604025322154303,8.33748002447982
4239,9.49,1.9297369475473736,5.887698177359268,3.602301822640732,37.95892331549771
4710,4.99,1.9152874647557012,5.788890083152112,0.798890083152112,16.009821305653546
1728,31.5,3.384930177348495,28.515931763584376,2.9840682364156237,9.473232496557534
3319,9.19,2.4758762633250684,10.89212318022413,1.702123180224131,18.521470949120033
5372,2.899,1.6784935440253737,4.357479082538099,1.4584790825380987,50.3097303393618
2771,27.5,2.9856771801316584,18.799905800361223,8.700094199638777,31.636706180504643
4552,1.5,1.264432839864218,2.541083804898382,1.0410838048983821,69.40558699322548
3379,5.0,2.3985844449763696,10.007583506828794,5.007583506828794,100.15167013657589
3857,6.7,2.088502991467566,7.072821032088264,0.37282103208826367,5.564493016242741
5435,23.49,3.4402903589921654,30.19601489683957,6.706014896839573,28.548381851168898
4104,3.2,1.4626390712630908,3.317338270448017,0.11733827044801703,3.666820951500532
6784,28.799,2.8982851449371325,17.143006051582447,11.655993948417553,40.473606543343706
2412,21.49,2.637955326708477,12.9845804570561,8.505419542943898,39.57849950183294
6248,27.89,3.583038033520978,34.98269158452004,7.09269158452004,25.43094867163872
3045,11.5,2.3622839012601506,9.61516778312984,1.8848322168701603,16.38984536408835
1918,14.9,2.6150795958955384,12.668304275516418,2.2316957244835827,14.977823654252232
3824,4.0,1.9789228764566278,6.234945856162558,2.2349458561625584,55.87364640406396
1550,13.5,2.6363358238748043,12.961950718786886,0.5380492812131141,3.985550231208253
1934,7.9,2.107268433760243,7.225741411133768,0.6742585888662322,8.534918846408003
7148,19.199,2.909908404877588,17.355117250807442,1.8438827491925593,9.604056196638155
3370,8.99,2.1867805373584774,7.90649278670049,1.0835072132995105,12.052360548381651
2481,10.7,2.4631277008894235,10.741478000414604,0.04147800041460492,0.38764486368789647
6017,21.999,2.850962261214745,16.30442520887145,5.694574791128549,25.885607487288283
5643,21.1,2.9482285788928326,18.072138997431193,3.027861002568809,14.350052144875871
3889,2.9,1.889556509757989,5.616433706489154,2.716433706489154,93.67012780997084
3664,26.0,3.054125858080649,20.202643304512293,5.797356695487707,22.297525751875796
1600,14.8,2.763021645409371,14.847656672854876,0.04765667285487574,0.3220045463167279
2275,23.49,2.8025920034482876,15.48732664152394,8.00267335847606,34.06842638772269
4024,8.2,2.0324154922446995,6.632500355810395,1.5674996441896045,19.115849319385422
2312,8.0,2.1797214476171414,7.84384244219993,0.15615755780006957,1.9519694725008696
3935,6.9,1.9208408349379922,5.826696181378669,1.0733038186213317,15.555127806106256
4352,1.0,1.5173115605145786,3.559949552945623,2.559949552945623,255.99495529456232
1672,1.3,1.8685400336274336,5.478830616272315,4.1788306162723154,321.44850894402424
3792,15.9,2.8966488647544693,17.113343285242955,1.2133432852429547,7.631089844295312
1034,4.6,1.8642629500461672,5.451179291883572,0.8511792918835726,18.503897649642884
3439,10.5,2.4028488741736704,10.05462479816664,0.4453752018333592,4.2416685888891354
3221,8.9,2.4498178763471796,10.586236399364148,1.686236399364148,18.946476397349976
2955,5.5,1.7495694446091195,4.752125534112865,0.7478744658871346,13.597717561584266
4490,2.0,0.9798059732254485,1.6639393162291967,0.33606068377080334,16.803034188540167
7244,46.49,3.7049689802552543,39.64878638234414,6.8412136176558604,14.715451963122952
6285,16.09,3.0919026762696755,21.018933046202463,4.928933046202463,30.633518000015307
2268,16.49,2.9278880974009387,17.688121299625386,1.198121299625388,7.2657446914820385
1699,2.6,1.2938087408996233,2.6466492814942555,0.0466492814942554,1.7942031343944385
3519,10.5,2.282375679968453,8.79993428428122,1.7000657157187806,16.191102054464576
87,8.5,2.379243645918083,9.79673362135484,1.2967336213548393,15.25568966299811
7113,22.59,3.092720997862436,21.036958989066935,1.5530410109330646,6.874904873541676
676,5.3,1.8882493706188095,5.6077907570289955,0.3077907570289957,5.807372774131995
4407,24.99,2.741180445358294,14.505277430437197,10.484722569562802,41.95567254727012
3317,4.9,1.8708694138657003,5.493939867040099,0.593939867040099,12.121221776328552
6902,67.0,4.20505678860383,66.02440378054497,0.9755962194550278,1.4561137603806384
2569,4.1,1.8501755302795106,5.360935961481819,1.2609359614818194,30.754535645898034
393,2.999,1.4555202645779555,3.2867131105364535,0.28771311053645343,9.593634896180507
1149,5.6,1.699721631163667,4.472423827427865,1.1275761725721347,20.13528879593098
1168,5.9,1.9126694170986782,5.771139691200847,0.12886030879915378,2.184073030494132
2208,3.4,1.4630539008239567,3.319129601509707,0.08087039849029276,2.378541132067434
230,18.5,2.9213338569893565,17.566035387045382,0.9339646129546182,5.048457367322261
2802,4.999999,1.8708694138657003,5.493939867040099,0.49394086704009954,9.878819316565854
1543,4.4,1.7436740780228632,4.718314407857486,0.31831440785748555,7.234418360397399
2345,28.5,3.234262287783844,24.3876360996383,4.1123639003617,14.429347018812983
3599,6.0,1.9702272682861606,6.172306340902615,0.17230634090261532,2.871772348376922
2892,2.2,1.49066980520323,3.4400685042188544,1.2400685042188542,56.36675019176609
4691,25.9,3.29009711458461,25.84547061603713,0.054529383962869105,0.21053816201879963
2942,16.0,3.120718314839978,21.662652717640597,5.662652717640597,35.39157948525373
5121,24.49,2.9154230118604723,17.456618120044016,7.033381879955982,28.719403348125695
7189,54.99,3.8996953482566035,48.38740085563629,6.602599144363715,12.006908791350638
970,3.2,1.2013055831127255,2.324454442203104,0.875545557796896,27.360798681153
3718,5.6,1.7918912533759315,5.000790756990733,0.599209243009267,10.700165053736912
5329,7.0,2.0036421717943362,6.416017379644646,0.5839826203553544,8.342608862219349
169,10.5,2.691915801591823,13.759925940697569,3.2599259406975687,31.046913720929226
1056,9.0,1.8678493561246663,5.474357378681525,3.5256426213184753,39.17380690353862
5968,24.1145,2.960144542316672,18.300761330648342,5.8137386693516575,24.108891618535143
251,3.7,1.7926347392542223,5.005253919120549,1.305253919120549,35.277132949204024
5889,51.0,3.276924481432275,25.494163976382858,25.505836023617142,50.01144318356302
2705,10.5,1.9832015843700401,6.265968397117831,4.234031602882169,40.3241105036397
1729,4.3,1.7634182553574285,4.83233978601503,0.5323397860150303,12.379995023605355
2533,8.6,1.8760649983902922,5.527767481536652,3.0722325184633474,35.72363393562032
95,7.5,1.2964458452553462,2.6562785673336657,4.843721432666334,64.58295243555112
5646,17.5,3.2537194985279028,24.886445670353623,7.386445670353623,42.20826097344927
5174,23.49,2.4788865754938216,10.927976120542255,12.562023879457744,53.47817743489887
3692,2.8,1.7298980715531131,4.640078994636541,1.8400789946365412,65.71710695130506
1172,6.69,1.986118951379466,6.287196844140287,0.40280315585971316,6.020973929143694
1383,11.9,2.6595186151997225,13.289408738588376,1.3894087385883758,11.675703685616602
5263,7.2,2.3040303344603075,9.014462863310097,1.814462863310097,25.200873101529126
711,13.7,2.763021645409371,14.847656672854876,1.1476566728548772,8.37705600623998
2354,7.9,2.220740327506747,8.214149830007894,0.314149830007894,3.976580126682202
2215,7.0,2.1217348877103746,7.345603620658286,0.3456036206582862,4.93719458083266
3779,7.49,2.175468496726772,7.806309883248877,0.3163098832488771,4.223095904524394
5242,5.5,2.5250210956323147,11.491158769719975,5.991158769719975,108.9301594494541
69,5.5,1.9230387731295473,5.841717339379107,0.3417173393791071,6.2130425341655835
263,6.5,2.2682368809933524,8.662349914324322,2.162349914324322,33.26692175883572
408,16.0,2.291406248449532,8.888834065571015,7.1111659344289855,44.44478709018116
7137,54.99,3.963629138250843,51.64804670390488,3.34195329609512,6.077383699027314
6024,24.39,3.0705436953269394,20.553618091340162,3.8363819086598383,15.729323118736524
3217,1.79,1.8034333798808042,5.070453900062976,3.2804539000629758,183.2655810091048
5196,11.6,2.658999913960237,13.281998726521515,1.681998726521515,14.4999890217372
37,13.8,2.637955326708477,12.9845804570561,0.8154195429439,5.908837267709419
3504,6.99,1.971195719252724,6.179255732440276,0.8107442675597243,11.59863043719205
1862,31.0,2.989935440822415,18.884398729697107,12.115601270302893,39.08258474291256
4602,13.3,2.6363358238748043,12.961950718786886,0.33804928121311484,2.5417239188956002
6222,20.66,3.009516561749094,19.277594590433566,1.3824054095664344,6.691216890447407
6474,9.29,2.4356458498293305,10.423193999341864,1.1331939993418647,12.197997840063131
2333,28.5,3.4981780433616714,32.055171971601325,3.5551719716013253,12.474287619653774
1575,6.8,2.295190192570294,8.92632374579,2.1263237457900006,31.26946684985295
6763,35.89,3.6040808853333743,35.747892803453176,0.14210719654682435,0.39595206616557355
5733,20.0,3.5204013216358128,32.79798960695372,12.79798960695372,63.98994803476861
3295,11.0,2.4634079672352267,10.74476920273319,0.25523079726681,2.320279975152818
3985,19.5,2.772748445553054,15.002555777115525,4.497444222884475,23.063816527612694
5958,89.09,4.589642653520596,97.45923981203538,8.369239812035374,9.394140545555477
3641,13.8,2.445071386095867,10.531372749138304,3.2686272508616963,23.685704716389104
1163,5.39,1.8708694138657003,5.493939867040099,0.10393986704009972,1.928383433025969
3781,8.5,2.379174385803866,9.795985864246227,1.2959858642462265,15.246892520543842
1554,23.99,3.140381124792233,22.11267399338057,1.8773260066194268,7.825452299372351
19,10.0,1.7857897763664428,4.964288542102702,5.035711457897298,50.35711457897298
3257,7.1,2.577893469487394,12.169367245853989,5.069367245853989,71.39953867399986
3279,6.699999,2.157707989175207,7.651286075798712,0.951287075798712,14.198316683311624
982,1.7,1.2504903771666143,2.492054961681416,0.7920549616814159,46.59146833420094
6602,12.15,2.590933883988487,12.342225877984939,0.19222587798493862,1.5821059916455855
239,4.8,1.7903541813436066,4.991574194421188,0.19157419442118861,3.9911290504414296
7053,20.99,3.2154441492184627,23.9143551454864,2.924355145486402,13.932135042812776
2509,22.05,2.9900301121979838,18.88628130218866,3.1637186978113405,14.347930602319003
3800,7.3,1.6661686953819936,4.291854202800602,3.008145797199398,41.20747667396436
6775,25.99,3.4751459832266125,31.302543822000942,5.3125438220009435,20.440722670261422
1322,2.5,1.507524448014224,3.515538496181115,1.0155384961811151,40.621539847244605
3842,10.9,2.703991366655348,13.939240872330071,3.039240872330071,27.882943782844684
3166,10.9,2.216232726661079,8.172709588642368,2.7272904113576324,25.02101294823516
4381,12.0,2.5156725806026414,11.374929118033108,0.6250708819668915,5.208924016390762
5635,15.999,3.2126257445458375,23.8442352700371,7.845235270037099,49.03578517430526
5514,28.49,3.2633750955243825,25.137605354453548,3.3523946455464504,11.766916972785015
1965,4.5,1.7972935371271546,5.033296454837731,0.533296454837731,11.851032329727357
2486,4.686,2.302438579894722,8.998534976331962,4.312534976331962,92.03019582441235
4706,3.0,1.7114515297401356,4.536992757051191,1.5369927570511912,51.23309190170637
2676,6.2,1.8231314946683592,5.191215884746599,1.008784115253401,16.270711536345175
1726,6.799999,2.2732982858633415,8.71137895247441,1.9113799524744106,28.108532846466755
332,4.0,1.5156664061059906,3.5524538992800947,0.4475461007199053,11.188652517997632
4728,4.99,1.8708694138657003,5.493939867040099,0.5039398670400992,10.098995331464913
3544,4.75,2.2616993328528805,8.59938786955591,3.84938786955591,81.03974462222968
6459,13.19,2.4180277137862736,10.223701119927599,2.966298880072401,22.488998332618657
1562,25.0,3.3710261981375993,28.108382704392344,3.108382704392344,12.433530817569377
3989,4.5,1.7523513886461095,4.768149904558747,0.2681499045587472,5.95888676797216
1320,29.5,3.508260960698376,32.39015048048161,2.8901504804816085,9.797120272819011
6674,35.99,3.654115798569546,37.633346348594515,1.6433463485945126,4.566119334799979
2036,10.799,2.5737896891892196,12.115433797214138,1.3164337972141382,12.190330560367983
3774,5.5,1.7404978631514914,4.70018062623448,0.7998193737655201,14.542170432100365
3121,8.2,2.183123545985503,7.873981302757139,0.32601869724286026,3.975837771254394
2650,3.6,1.8830079071460393,5.573246872479989,1.9732468724799888,54.81241312444413
4595,3.95,1.5631880027190381,3.7740165887354777,0.17598341126452244,4.455276234544871
2471,3.55,1.3169399582431032,2.731983860097778,0.8180161399022219,23.04270816625977
4397,10.8,2.064559256999775,6.881823273566189,3.9181767264338117,36.279414133646405
6418,5.8,2.0151053595192376,6.501517695866633,0.7015176958666336,12.095132687355752
1888,13.8,2.8649334459802533,16.547885283418434,2.7478852834184337,19.9122121986843
5537,25.99,3.0223360778221346,19.539216892956908,6.45078310704309,24.820250508053444
7214,57.99,3.9524963066610166,51.065175390575746,6.924824609424256,11.941411638945086
2519,29.5,3.432736338372059,29.96124739270883,0.46124739270883097,1.563550483758749
1142,13.89,2.696936623314226,13.834219248138158,0.055780751861842504,0.40158928626236506
308,11.3,2.049158655972874,6.761368377629157,4.538631622370843,40.164881613901265
5255,1.99,1.1448883860566914,2.142090636140738,0.15209063614073792,7.642745534710449
381,4.5,2.1510134491648323,7.593563124905202,3.0935631249052022,68.7458472201156
4118,7.5,2.0610610899993445,6.854299508917735,0.6457004910822652,8.60933988109687
3617,7.2,1.9297369475473736,5.887698177359268,1.3123018226407321,18.226414203343502
1400,9.8,1.9860885977001081,6.286975654260844,3.513024345739157,35.84718720141996
7075,23.5,3.084644340244973,20.859690847061355,2.640309152938645,11.235358097611256
6806,14.4,2.79835631816818,15.417639205971263,1.0176392059712622,7.066938930355987
2465,4.3,1.347423058393853,2.847497967223759,1.4525020327762408,33.77911704130793
994,10.5,2.536746477862481,11.638484417646454,1.1384844176464544,10.84270873949004
683,4.7,1.9668998507899098,6.148480744131701,1.4484807441317011,30.818739236844706
3428,7.9,2.1939848709501972,7.9708898222012206,0.0708898222012202,0.8973395215344327
2906,11.9,2.4519844551378593,10.611366106325836,1.2886338936741648,10.82885624936273
2984,12.8,2.3733171460402422,9.732936015849715,3.067063984150286,23.961437376174107
457,2.7,1.6480612507547268,4.196894578512865,1.4968945785128644,55.4405399449209
4028,4.8,1.6567083335990676,4.242027408905802,0.557972591094198,11.624428981129125
3622,3.8,1.9938010238315926,6.343393194120808,2.5433931941208083,66.93139984528443
756,2.95,1.5263985767330515,3.6015747263727835,0.6515747263727834,22.08727886009435
5845,21.99,3.284782209460443,25.703167984175714,3.7131679841757155,16.88571161516924
4100,1.5,1.1606737763619632,2.1920833019908397,0.6920833019908397,46.13888679938931
1046,11.89,2.2074887462703203,8.092853235859295,3.797146764140706,31.935633003706528
1024,4.49,1.1860277442737637,2.2740499790549347,2.2159500209450655,49.353007147997005
2344,13.4,2.6482737313175786,13.129626049145141,0.27037395085485905,2.017716051155664
2997,3.2,2.2348566523432005,8.345142151947542,5.1451421519475415,160.78569224836065
4591,3.55,1.6997185493588949,4.472406962511986,0.9224069625119862,25.9832947186475
4974,26.9,2.9170825330480312,17.487272697790296,9.412727302209703,34.99155130932976
1515,28.2,3.389193595214499,28.64203914761577,0.4420391476157697,1.5675147078573395
5186,24.19,3.033669912165466,19.773329163525048,4.416670836474953,18.258250667527708
1737,4.3,1.9307953090531922,5.89499171089064,1.59499171089064,37.092830485828834
6156,22.85,3.231211413455625,24.310299644297096,1.4602996442970948,6.390808071322078
1869,5.6,1.9601900227614961,6.100676227071995,0.5006762270719953,8.940646911999917
6526,22.99,3.135828890654765,22.00769880691534,0.982301193084659,4.272732462308217
1042,3.5,0.8679660678392844,1.382060972610863,2.117939027389137,60.51254363968963
3442,6.5,1.7322411104203475,4.653309412574246,1.846690587425754,28.410624421934678
50,7.5,2.1817915898107185,7.862169416769543,0.36216941676954306,4.828925556927241
786,6.5,1.898968296023928,5.679000135452988,0.8209998645470122,12.630767146877112
245,18.5,2.9912739552971814,18.91103210582215,0.41103210582215155,2.2217951666062246
5303,4.25,2.27246098597535,8.703251019198927,4.453251019198927,104.78237692232769
3076,14.0,2.479677326843453,10.937411913949456,3.0625880860505443,21.875629186075315
5462,37.19,3.2640323562313114,25.154790222276787,12.03520977772321,32.361413761019655
7234,54.95,3.738705797907362,41.043542099029814,13.906457900970189,25.307475706952115
625,7.5,2.3256821868865,9.23365897301998,1.7336589730199794,23.115452973599727
6414,26.59,2.905384368857794,17.272265592470234,9.317734407529766,35.04225049841958
2272,5.7,1.7112402693351263,4.535823133270751,1.1641768667292496,20.4241555566535
4812,12.99,2.628588102050835,12.854195376725785,0.13580462327421472,1.0454551445282119
7182,57.28,3.449054168327535,30.47061232565294,26.80938767434706,46.804098593483
4894,6.9,2.0036421717943362,6.416017379644646,0.4839826203553548,7.014240874715286
6403,5.3,1.9530911790225118,6.0504481277401,0.7504481277400998,14.159398636605658
1025,12.5,2.302438579894722,8.998534976331962,3.501465023668038,28.011720189344302
5457,53.99,3.701103385956908,39.491957978250355,14.498042021749647,26.853198780792088
2926,7.5,2.3275855775670307,9.253156173645577,1.7531561736455767,23.37541564860769
321,31.8,3.5315180511405555,33.175808881603764,1.3758088816037635,4.326443023911206
3326,17.0,3.13511126482044,21.99119381077726,4.991193810777261,29.35996359280742
3105,11.9,2.6721705265800257,13.471345569061613,1.571345569061613,13.204584613963133
1893,4.5,1.4221414261649237,3.1459892707933212,1.3540107292066788,30.089127315703973
4920,6.8,1.9269355684009646,5.868430124480082,0.9315698755199175,13.699556992939964
2138,11.49,2.3835809780112682,9.843664344083775,1.646335655916225,14.328421722508486
5476,40.49,3.018804935130312,19.46681788816631,21.02318211183369,51.9219118593077
3475,1.55,1.141247851434306,2.130672542985719,0.5806725429857191,37.46274470875608
4098,11.0,2.6030214467232007,12.504479520288632,1.5044795202886316,13.677086548078469
7001,45.499,3.596760965161449,35.479883262556804,10.019116737443198,22.020520753078525
5321,14.799,3.0445669367762043,20.000934500900456,5.201934500900457,35.150581126430545
5339,2.7,1.3123981306036108,2.715072266494772,0.015072266494772002,0.558232092398963
4296,24.5,3.1248439347128008,21.75634334112217,2.7436566588778284,11.198598607664605
3767,5.9,1.8879892012673871,5.606071836008384,0.29392816399161603,4.981833287993491
2126,16.3,3.060261247823813,20.33312966779354,4.033129667793538,24.743126796279377
4279,5.9,1.5585803125790865,3.7520699999406313,2.147930000059369,36.405593221345235
233,3.8,1.8678493561246663,5.474357378681525,1.674357378681525,44.062036281092766
65,15.0,2.565412326505252,12.006019990995508,2.993980009004492,19.959866726696614
5856,20.709,3.3774353199363683,28.295540993991295,7.586540993991296,36.634028654166286
1595,14.5,2.762997599457454,14.847275605446102,0.3472756054461019,2.3950041754903584
5133,9.8,2.772748445553054,15.002555777115525,5.202555777115524,53.08730384811759
2656,20.9,3.1392610577161686,22.0868007407949,1.1868007407949008,5.678472443994742
3218,32.99,3.5398449284203215,33.46157476564675,0.47157476564674994,1.4294476072953923
509,5.0,1.7855662362019906,4.9629554330684185,0.037044566931581535,0.7408913386316307
6253,15.5,3.014815685400865,19.38533327973229,3.88533327973229,25.066666320853482
6481,18.99,3.3495186704483224,27.489017736961383,8.499017736961385,44.755227682787705
576,26.7,2.6466540493400266,13.106759072098138,13.593240927901862,50.91101471124293
217,4.999999,1.6646550717061466,4.28385038590159,0.7161486140984099,14.322975146563227
5697,15.59,3.123535067035605,21.726577782709825,6.136577782709825,39.36226929255821
7082,11.9,2.66031451381413,13.300786186250942,1.4007861862509419,11.771312489503712
3757,4.0,1.6862139753560605,4.399001210023533,0.39900121002353295,9.975030250588324
3954,9.2,2.6517310887021517,13.17856176148528,3.978561761485281,43.24523653788349
6731,24.5,3.3210598460013787,26.68968181101268,2.1896818110126794,8.937476779643589
6889,39.9,3.144807156580584,22.215198143394037,17.68480185660596,44.322811670691635
2115,10.5,1.9998134183756175,6.387677565449566,4.112322434550434,39.16497556714699
3467,2.0,1.4938763822525958,3.454328777095119,1.4543287770951192,72.71643885475596
4871,17.5,2.9958362475402476,19.00207958783478,1.5020795878347784,8.583311930484449
6130,20.5,3.5349173569174956,33.29218058561051,12.79218058561051,62.400880905417125
3478,9.0,2.302438579894722,8.998534976331962,0.0014650236680378015,0.016278040755975574
4487,4.499999,2.0379735361783915,6.675040237867355,2.1750412378673554,48.33426047133245
3933,29.99,3.3267093446710247,26.84655734838944,3.1434426516105596,10.481636050718771
3347,7.6,1.9789228764566278,6.234945856162558,1.3650541438374413,17.961238734703176
1261,6.5,1.8682451259298865,5.476920240958511,1.0230797590414893,15.739688600638296
4382,9.5,2.2412807310957144,8.40536932601465,1.0946306739853497,11.522428147214207
3163,9.65,2.4520328166104766,10.611927662668572,0.9619276626685718,9.96816230744634
1412,4.0,1.500236924493271,3.4827510180457963,0.5172489819542037,12.931224548855091
1281,14.0,1.792564227673045,5.004830494099699,8.9951695059003,64.25121075643071
4588,6.0,2.1612058728206556,7.681600254702348,1.6816002547023476,28.026670911705793
2917,6.2,1.878765282344619,5.5454181274776095,0.6545818725223906,10.557772137457913
1565,13.6,2.824048984133876,15.84491758225506,2.244917582255061,16.50674692834604
6580,22.562,2.764513854972231,14.87132235037484,7.690677649625162,34.08686131382485
4002,7.6,1.9801800293549863,6.2440470088867155,1.3559529911132842,17.841486725174793
6500,7.899,2.6377551659255705,12.981781572605993,5.082781572605993,64.34715245734893
6365,25.4,3.3263379553514483,26.83621735460375,1.4362173546037518,5.654399033873038
6900,21.699,2.9917351092690883,18.92021627485777,2.778783725142233,12.806045094899456
3007,5.0,2.150701278075844,7.590880881627395,2.5908808816273954,51.81761763254791
1315,9.2,2.4533070463870716,10.626733357585389,1.4267333575853893,15.507971278102058
3885,2.3,1.6190468862608278,4.048276441207664,1.748276441207664,76.01201918294191
3745,12.4,2.4631277008894235,10.741478000414604,1.6585219995853961,13.375177416011258
6498,18.006229,3.6601276367285913,37.866303322566374,19.860074322566373,110.29557783901545
1702,40.99,3.496408923961561,31.99674512286679,8.99325487713321,21.94011924160334
1839,6.2,2.1472618943756405,7.561384300060798,1.3613843000607977,21.95781129130319
503,10.5,1.8784322239817732,5.543238484226285,4.956761515773715,47.207252531178234
7023,38.9,3.75630338772328,41.789955382657254,2.8899553826572557,7.429191215057212
5818,9.79,2.363850440555127,9.631809892440598,0.15819010755940077,1.6158335807906106
4694,11.0,1.562110905684785,3.7688772778913693,7.231122722108631,65.73747929189663
1721,36.0,3.789465400907924,43.232747167605744,7.232747167605744,20.0909643544604
7187,50.999,4.398812058165219,80.35416721981996,29.355167219819954,57.56028004435372
4618,14.99,2.696936623314226,13.834219248138158,1.1557807518618421,7.710345242573998
1803,18.8,2.9170825330480312,17.487272697790296,1.312727302209705,6.982592033030345
1385,4.2,1.824219532241719,5.197955826243871,0.9979558262438708,23.760853005806446
1373,1.2,1.153126627773606,2.1680828563897805,0.9680828563897805,80.67357136581505
5834,26.9,3.428639838255995,29.834674069992204,2.934674069992205,10.909569033428273
5654,44.99,4.021583821910388,54.78939635841984,9.799396358419841,21.78127663574092
5670,16.0,2.9321133791485297,17.76725093222049,1.7672509322204917,11.045318326378073
856,6.9,2.0297093457562325,6.611873613854812,0.28812638614518793,4.175744726741854
2458,13.899999,2.1217348877103746,7.345603620658286,6.554395379341713,47.15392698475527
2726,7.8,2.569286037239649,12.056499258163186,4.256499258163186,54.570503309784435
5886,37.99,3.559199806331847,34.13507103206865,3.8549289679313503,10.147220236723744
4252,24.79,3.1392610577161686,22.0868007407949,2.7031992592050997,10.904393945966518
3269,8.1,1.9160862680800135,5.79431523764617,2.3056847623538292,28.465243979676906
2505,6.0,2.083995875131572,7.036517761524548,1.0365177615245482,17.275296025409137
318,1.7,1.1249634925925343,2.0801044002390623,0.38010440023906233,22.35908236700367
6053,30.49,3.538018566063479,33.39869288276822,2.908692882768225,9.539825788023041
176,4.7,1.8682451259298865,5.476920240958511,0.7769202409585105,16.530217892734267
5683,80.49,4.140442043239153,61.83058914863276,18.659410851367234,23.18227214730679
4967,2.0,1.3425030816377428,2.8286148569782172,0.8286148569782172,41.43074284891086
3100,2.6,1.9399090895248843,5.958118376035493,3.358118376035493,129.1583990782882
2840,1.85,1.3479919444666508,2.849687377936015,0.9996873779360147,54.03715556410889
6504,14.2,2.9713253528535457,18.517770394219333,4.317770394219334,30.406833762107986
3043,2.7,1.312769605665956,2.7164525795566528,0.01645257955665258,0.60935479839454
3169,12.5,2.173982743940443,7.79323559878493,4.70676440121507,37.65411520972056
468,4.6,1.9304815031467535,5.892828361220621,1.2928283612206215,28.10496437436134
472,28.5,3.0587238246410755,20.30035681900602,8.19964318099398,28.770677828049056
91,7.9,1.7717611684838968,4.881202033498953,3.0187979665010474,38.21263248735503
4304,2.7,1.7087385653225362,4.521991450926693,1.821991450926693,67.48116484913677
4149,5.8,1.9630510384735531,6.121020462034658,0.3210204620346584,5.534835552321696
1047,5.6,2.010239219512665,6.465102932022719,0.8651029320227197,15.448266643262853
6571,129.29,4.753760580510232,115.01976685483206,14.270233145167936,11.037383513936064
6768,9.49,2.38927626276327,9.905598298623145,0.415598298623145,4.379328752614805
435,5.5,2.1787842237891226,7.8355576652834635,2.3355576652834635,42.4646848233357
6016,151.89,5.05174528570541,155.29500602563158,3.405006025631593,2.2417578679515398
1335,20.49,2.80759114949482,15.569955560253288,4.920044439746711,24.01192991579654
1352,8.9,2.205367086077273,8.073581742117243,0.8264182578827572,9.285598403177048
4074,2.55,1.6967083334668973,4.455958605079851,1.9059586050798512,74.74347470901378
4868,5.9,1.9388054485254607,5.950443347334061,0.05044334733406064,0.8549719887128922
6046,25.09,3.194471035573222,23.39726499318273,1.6927350068172693,6.746652079781862
5546,18.99,3.1214429488522395,21.679080798061925,2.6890807980619265,14.160509731763701
4207,8.8,2.205498199721828,8.074771490483036,0.725228509516965,8.241233062692784
3758,11.5,2.7956646587348573,15.373507932353458,3.8735079323534585,33.68267767263877
106,7.7,1.9278353361602805,5.874612897576029,1.8253871024239716,23.706326005506124
5694,19.0,3.2514778444874173,24.82848220611204,5.828482206112039,30.67622213743178
5676,26.99,3.287316332516199,25.770922911228602,1.219077088771396,4.5167732077487805
4791,4.1,1.7176852801186753,4.571616794426404,0.4716167944264047,11.502848644546457
5900,27.9,2.827156371597638,15.897342678337345,12.002657321662653,43.02027713857582
5313,12.9,2.600679527391183,12.472890122979251,0.4271098770207491,3.310929279230613
3333,10.99,2.4879415728795085,11.036474397597456,0.04647439759745531,0.4228789590305306
4086,15.0,2.707207800850322,13.987369317013878,1.0126306829861225,6.7508712199074825
1617,12.99,2.542587607948605,11.712523474592716,1.277476525407284,9.83430735494445
2252,4.0,1.1849393645575028,2.2704885079357378,1.7295114920642622,43.23778730160656
4860,7.8,2.3861271171169354,9.871309000554808,2.071309000554808,26.555243596856513
5584,9.299,2.6619499726224927,13.324193668755099,4.025193668755099,43.2863067937961
3494,15.9,2.8555726247487927,16.384389089472688,0.4843890894726872,3.0464722608345105
1498,6.666,1.8683360607273944,5.477509245169181,1.188490754830819,17.82914423688597
996,6.5,2.2074887462703203,8.092853235859295,1.5928532358592946,24.5054343978353
5912,15.3205,2.5344924297263667,11.610028747674448,3.7104712523255508,24.21899580513398
6638,87.999,4.5958022661194065,98.06758223947438,10.068582239474381,11.441700746002093
41,18.0,2.8231904135047157,15.830461237552825,2.169538762447175,12.052993124706529
5253,17.2,3.061807413509218,20.366139733787595,3.1661397337875954,18.40778914992788
5689,13.69,2.670697301857638,13.450041721533626,0.2399582784663732,1.7527996966133905
3282,3.7,2.1248659037790523,7.371774789492228,3.671774789492228,99.23715647276292
1539,7.3,1.5374497524496178,3.6527095668833773,3.6472904331166225,49.96288264543319
1805,8.9,2.2855799687774905,8.831386468066722,0.06861353193327879,0.7709385610480763
1144,2.9,2.2791298190511644,8.768176628944207,5.868176628944207,202.35091823945544
6198,34.79,3.5705916840011747,34.53761396980016,0.25238603019983685,0.7254556774930637
2615,6.5,2.0099977475287334,6.463300536430249,0.03669946356975107,0.564607131842324
2114,14.99,2.785892573417474,15.214283858582384,0.22428385858238364,1.4962232060199043
5792,10.89,2.392974839442091,9.946008173604163,0.9439918263958376,8.668428157904843
4546,11.0,2.6134559142344806,12.64612930794233,1.6461293079423296,14.964811890384814
3172,1.0,1.7112294406842823,4.5357631880994695,3.5357631880994695,353.57631880994694
167,9.2,2.884235763612479,16.88989026471977,7.6898902647197716,83.58576374695404
2337,11.3,2.49232264408376,11.089322730606513,0.21067726939348752,1.8644006141016591
6928,39.18,3.370603649214468,28.09608558687636,11.08391441312364,28.289725403582544
3964,5.4,1.3565544261472384,2.8827917812521746,2.5172082187478257,46.61496701384863
2445,25.0,3.3047909137386937,26.242844888685863,1.2428448886858625,4.97137955474345
7257,17.99,3.133816304645933,21.961440399327216,3.971440399327218,22.075822119662135
3341,1.9,1.5304542931392666,3.6202753049731218,1.7202753049731219,90.54080552490116
4103,1.3,1.3844569296133757,2.9926570221492867,1.6926570221492867,130.2043863191759
3017,18.5,2.6721705265800257,13.471345569061613,5.028654430938387,27.181915842910197
6151,13.09,2.7091098132373057,14.015902605835572,0.9259026058355726,7.07335833335044
4958,8.99,2.4200657790453906,10.246599081102467,1.2565990811024665,13.977742837624765
6935,25.4,3.638310239684868,37.02752500237102,11.627525002371023,45.7776574896497
789,3.6,1.99415931234911,6.346024718976295,2.746024718976295,76.27846441600819
4617,19.2,2.7095728238341366,14.02285673765718,5.177143262342819,26.964287824702183
1097,3.5,1.506421516101975,3.5105609101465154,0.01056091014651539,0.3017402899004397
3206,15.3,2.61691494148437,12.693413372362045,2.606586627637956,17.03651390613043
6535,19.99,3.250563400644635,24.804874305285114,4.814874305285116,24.086414733792477
6251,31.49,3.1976189207578387,23.474185787595996,8.015814212404003,25.45511023310258
544,4.0,1.8934934513216235,5.642533562443883,1.6425335624438828,41.06333906109707
6770,19.299,2.9107495964223014,17.370563916132333,1.9284360838676662,9.99241454929098
5924,14.25,2.8457778783186756,16.214944594096927,1.9649445940969272,13.78908487085563
4838,2.4,1.5773720354681982,3.8422139095280894,1.4422139095280895,60.09224623033707
6194,19.59,2.8065503252726103,15.552718121273376,4.037281878726624,20.60889167292815
6068,7.39,2.1640607172873603,7.706420284957426,0.31642028495742647,4.281735926352185
4229,16.7,2.795294138280226,15.367442336533507,1.332557663466492,7.979387206386179
877,9.5,1.7238266881878288,4.60593965423077,4.89406034576923,51.51642469230768
3908,9.7,2.069807711097571,6.923299408811077,2.7767005911889227,28.62577929060745
3914,12.8,2.2645257230735787,8.626557863971119,4.173442136028882,32.60501668772564
5397,10.9,2.269986998990139,8.679274972905441,2.2207250270945593,20.373624101784948
1078,8.2,1.8977780103388293,5.671054946661276,2.528945053338723,30.840793333399063
5983,42.7,4.191971419684924,65.15307797315704,22.453077973157036,52.58332078022725
4990,10.5,2.149029763001289,7.57653308934619,2.9234669106538096,27.842542006226758
511,13.0,2.3047014045549226,9.021185525287715,3.9788144747122853,30.6062651900945
2375,4.4,1.51167608683935,3.5343243501757104,0.8656756498242899,19.67444658691568
2877,15.6,2.9170825330480312,17.487272697790296,1.887272697790296,12.097901908912155
2069,1.5,1.2557164508882885,2.5103524687669037,1.0103524687669037,67.35683125112692
4851,3.5,1.3140562527209974,2.7212374198635922,0.7787625801364078,22.250359432468795
3262,11.0,2.1798972520493596,7.845397365576314,3.1546026344236857,28.678205767488052
4934,10.89,2.8720715971335755,16.673592867092786,5.783592867092786,53.109209064212905
1302,8.9,2.58876138694177,12.313271394821111,3.413271394821111,38.35136398675406
6045,47.89,3.9516257658065426,51.01987025115146,3.129870251151459,6.5355403030934625
4394,2.5,1.5824601180248097,3.8669142791282836,1.3669142791282836,54.676571165131335
3689,16.3,2.8153659082664784,15.699285068994563,0.600714931005438,3.6853676748799877
3159,8.5,2.1552132106228843,7.629729932928562,0.8702700670714378,10.238471377311033
858,7.99,2.2734088909761074,8.712453140042786,0.722453140042786,9.041966708920976
4678,19.9,2.8829431778139036,16.86678098520632,3.03321901479368,15.242306607003417
7140,24.85,3.4508128083951943,30.526006500373207,5.676006500373205,22.841072436109478
7028,12.5,2.9806694991681506,18.701002034940142,6.201002034940142,49.60801627952114
7112,25.99,3.5560346478060456,34.02403877248392,8.034038772483921,30.91203837046526
4357,9.9,2.6721705265800257,13.471345569061613,3.571345569061613,36.07419766728902
2890,7.9,2.2656475454032403,8.63736321124743,0.7373632112474304,9.3337115347776
4794,8.8,2.545945545299108,11.755283083852857,2.9552830838528568,33.582762316509736
2024,12.0,2.763021645409371,14.847656672854876,2.8476566728548764,23.73047227379064
4194,16.5,2.763266012085102,14.851529785244674,1.648470214755326,9.990728574274703
4921,4.5,1.6095442550264338,4.0005317412345365,0.4994682587654635,11.099294639232522
5356,9.5,2.132285252401499,7.434118895586558,2.0658811044134424,21.746116888562554
743,5.3,1.9129091848551585,5.77276338682057,0.47276338682056984,8.920063902274903
2499,1.15,1.1212202448475697,2.0685963585516207,0.9185963585516208,79.87794422188009
4241,9.3,2.500328729191917,11.186499360408545,1.8864993604085445,20.28493935923166
179,25.99,2.86628413317302,16.571603001334005,9.418396998665994,36.238541741692934
3613,8.5,1.9278353361602805,5.874612897576029,2.6253871024239714,30.88690708734084
3693,20.0,2.620204624393869,12.738534536775706,7.261465463224294,36.307327316121466
3771,7.0,2.1756031890154963,7.807496105167946,0.8074961051679459,11.53565864525637
6566,35.55,3.5771055615509786,34.76985721646244,0.7801427835375563,2.194494468460074
31,11.0,2.1797214476171414,7.84384244219993,3.1561575578000696,28.692341434546087
5151,6.8,1.9403578181190158,5.961241383351109,0.8387586166488905,12.334685538954272
2484,3.2,1.5690879137763072,3.8022661148961747,0.6022661148961745,18.820816090505453
168,11.5,2.2247672900531255,8.251329676951938,3.248670323048062,28.24930715693967
3248,2.8,1.3207926918780584,2.746389933402495,0.05361006659750478,1.9146452356251706
642,5.0,1.9782189564661234,6.229854825193643,1.2298548251936428,24.597096503872855
1483,14.9,2.6189978781417116,12.721965610968569,2.1780343890314313,14.617680463298196
1790,6.0,1.9129091848551585,5.77276338682057,0.22723661317943034,3.787276886323839
5035,8.0,1.9384842992181763,5.948211575652892,2.051788424347108,25.64735530433885
3982,3.0,2.2556232512053294,8.541238045534794,5.541238045534794,184.7079348511598
7092,62.49,4.145209961597777,62.13087556981938,0.35912443018062135,0.574691038855211
6492,22.89,3.12063913962379,21.660858468243262,1.2291415317567385,5.369775149658097
6912,19.899,3.048999597747782,20.09423114706897,0.19523114706897005,0.9811103425748532
6178,24.5,3.2305289674055846,24.29303262285495,0.20696737714505176,0.8447648046736805
6644,18.15,2.6551619105155413,13.227289420621126,4.922710579378872,27.12237233817561
2758,9.5,2.0036421717943362,6.416017379644646,3.0839826203553544,32.46297495110899
3412,12.6,2.189544554671433,7.931144540202862,4.668855459797138,37.054408411088396
6122,20.7,3.0342136608383887,19.78462770519504,0.9153722948049605,4.422088380700292
800,2.5,1.6956092252550146,4.4499652104712855,1.9499652104712855,77.99860841885142
1954,10.5,2.303781533394117,9.01197156420417,1.4880284357958296,14.17169938853171
7248,48.99,3.4926147928704228,31.87178834738372,17.11821165261628,34.9422568945015
5306,4.0,1.4555202645779555,3.2867131105364535,0.7132868894635465,17.83217223658866
6637,15.69,2.49567555835285,11.129925223594775,4.560074776405225,29.063574100734385
2119,20.5,2.990960803537435,18.90479790725592,1.5952020927440813,7.78147362314186
5309,3.5,1.644561207783803,4.178737018828573,0.6787370188285733,19.39248625224495
5660,25.49,3.4972673735849122,32.025083328009806,6.535083328009808,25.637831808590857
5679,19.5,3.133816304645933,21.961440399327216,2.4614403993272163,12.622771278601109
1406,8.7,2.2017456303935954,8.040781595931511,0.6592184040684881,7.577223035269978
1501,9.8,2.1330495581535174,7.440567605250683,2.3594323947493177,24.07584076274814
1074,5.3,1.7619905461099432,4.8240188419258905,0.47598115807410935,8.980776567436026
500,13.6,2.578226401607879,12.173752481168936,1.4262475188310635,10.487114109051937
437,17.5,2.772748445553054,15.002555777115525,2.497444222884475,14.271109845054145
5437,9.5,2.403880588397149,10.066035897290563,0.566035897290563,5.958272603058559
4113,8.9,1.8879892012673871,5.606071836008384,3.293928163991616,37.01042880889457
3386,3.6,1.4888050839396128,3.431796728741806,0.16820327125819423,4.672313090505395
6683,22.99,3.0184710481920627,19.459985425704385,3.5300145742956133,15.354565351438076
80,16.9,2.5322186378121825,11.581388739319445,5.318611260680553,31.471072548405644
1608,19.99,2.6889753512979064,13.716588858620183,6.273411141379816,31.382747080439298
960,5.0,2.157235682415806,7.647200979692794,2.647200979692794,52.944019593855884
3114,22.5,3.436911282596329,30.090779079324218,7.590779079324218,33.73679590810764
5198,3.8,1.8682451259298865,5.476920240958511,1.6769202409585109,44.12948002522397
4628,13.0,2.884235763612479,16.88989026471977,3.889890264719771,29.922232805536698
1632,12.19,2.658999913960237,13.281998726521515,1.0919987265215152,8.958151981308575
3305,4.8,1.9082463028478456,5.74125630427532,0.9412563042753206,19.60950633906918
5935,21.3,3.09297125995435,21.042474694680184,0.25752530531981677,1.2090389921118156
5419,9.5,2.328469164118185,9.26221972817526,0.2377802718247395,2.5029502297341
2477,3.0,1.363295686573671,2.909055116361556,0.09094488363844411,3.03149612128147
5506,16.45,2.8258079780731107,15.874573765065566,0.575426234934433,3.4980318233096233
6399,22.45,2.806904074512052,15.558574668532966,6.891425331467033,30.69677207780416
5517,51.999,3.74152105021749,41.16207204561753,10.836927954382475,20.840646847790293
534,6.9,2.229886907576964,8.298814394564664,1.3988143945646634,20.272672384995122
5701,26.69,3.2325048498108124,24.343058086931027,2.3469419130689744,8.793338003255805
2794,20.3,2.5515167720654217,11.82654397936618,8.47345602063382,41.74116266322079
585,4.5,1.5802361548189572,3.856102467836993,0.6438975321630069,14.30883404806682
6722,50.9,3.9725469866337786,52.11965373658125,1.2196537365812503,2.3961762997667
4970,25.0,2.8511591526475164,16.307832637379846,8.692167362620154,34.768669450480616
1451,2.75,1.68767537643325,4.4068970843219475,1.6568970843219475,60.25080306625264
6275,25.49,3.1645942337924664,22.67913389087094,2.8108661091290585,11.027328792189325
1410,30.5,3.084945884030056,20.86628349491616,9.63371650508384,31.585955754373245
5684,20.59,3.538531098382199,33.41632784344998,12.826327843449977,62.293967185284004
4536,10.0,2.4520328166104766,10.611927662668572,0.6119276626685721,6.119276626685721
866,15.0,2.3275855775670307,9.253156173645577,5.746843826354423,38.31229217569616
4638,2.0,0.8618602614561905,1.367560881940436,0.6324391180595641,31.621955902978204
6358,54.8,3.6958076199916157,39.27808884559017,15.521911154409828,28.324655391258812
4679,3.95,2.246314077253521,8.452829146228543,4.502829146228543,113.99567458806439
742,7.1,1.9307953090531922,5.89499171089064,1.2050082891093599,16.97194773393465
1544,6.9,1.8987158248505334,5.677314093299163,1.2226859067008373,17.720085604359962
5509,53.29,3.7767533482116873,42.674016982529515,10.615983017470484,19.921154095459716
2706,18.9,2.732959042308018,14.378324874415878,4.521675125584121,23.9242070136726
3734,7.89,1.983563063135712,6.268595365173412,1.6214046348265878,20.550122114405422
2589,8.2,2.302438579894722,8.998534976331962,0.7985349763319629,9.738231418682474
5283,2.5,1.4199480610239874,3.1369055680322555,0.6369055680322555,25.47622272129022
6816,50.709,3.422262565039666,29.638658615288335,21.070341384711668,41.55148274411183
5944,15.9,2.874431024814855,16.715341663596526,0.8153416635965254,5.127934991173116
4253,3.7,1.3150902759102583,2.725087255715228,0.9749127442847723,26.34899308877763
748,16.5,2.446174424788783,10.544099317121136,5.955900682878864,36.09636777502342
4055,5.79,2.1867805373584774,7.90649278670049,2.1164927867004897,36.55427956304818
401,5.3,1.8642629500461672,5.451179291883572,0.15117929188357238,2.8524394695013657
3749,20.8,3.0736966071142096,20.62168199123037,0.17831800876962944,0.857298119084757
157,7.5,2.0784154484146695,6.99179546390814,0.5082045360918599,6.776060481224798
5434,98.19,4.438513336265071,83.6490034794794,14.540996520520594,14.809040147184636
6483,29.5,3.2069573350564085,23.7038063513907,5.7961936486093,19.64811406308237
5749,14.3,2.684960854287039,13.65762758574982,0.6423724142501808,4.492114784966299
4528,12.0,2.703991366655348,13.939240872330071,1.9392408723300711,16.16034060275059
1820,8.9,1.8760649983902922,5.527767481536652,3.372232518463348,37.89025301644211
2922,9.0,2.319812076015931,9.17376223248502,0.17376223248501965,1.930691472055774
2864,15.3,1.8809832934091695,5.559952049548055,9.740047950451945,63.66044412060094
3362,3.3,1.2989272510121066,2.6653625438736874,0.6346374561263124,19.23143806443371
5281,1.6,1.0944026143725603,1.9873975218885143,0.3873975218885142,24.212345118032136
3803,1.4,1.2931878381157222,2.6443857695866066,1.2443857695866067,88.88469782761477
4237,5.4,2.314048456686889,9.115293198318838,3.7152931983188378,68.8017258947933
7295,47.59,3.62031399830238,36.349293595804966,11.240706404195038,23.61989158267501
2666,4.8,1.5914250126508462,3.910741813877901,0.889258186122099,18.526212210877063
1782,13.0,1.9203783696378323,5.823539801194457,7.176460198805543,55.20353999081187
5910,45.3565,3.6446117316430264,37.26791174747744,8.088588252522555,17.83336071461104
2415,8.0,2.3864929985200107,9.875287338100676,1.8752873381006765,23.441091726258456
535,11.9,2.4588125172758972,10.690920527789075,1.2090794722109255,10.160331699251476
5978,119.9,4.582230016427995,96.73209555667617,23.167904443323835,19.322689277167502
2406,1.5,1.126029315880721,2.0833889973279827,0.5833889973279827,38.89259982186551
3098,5.8,1.8990210101205665,5.679352222191461,0.12064777780853841,2.080134100147214
5359,8.0,2.4750611712409296,10.882433954098525,2.8824339540985253,36.03042442623157
5154,8.4,2.1186291692656516,7.3197247326324,1.0802752673676004,12.86041984961429
1966,8.9,1.6583688692749383,4.2507392135615865,4.649260786438414,52.23888524088105
5416,10.5,2.4533070463870716,10.626733357585389,0.12673335758538862,1.2069843579560822
1176,7.86,2.3579035345766663,9.568771147158937,1.708771147158937,21.74009093077528
5902,21.5,3.225431629519403,24.164433524385935,2.6644335243859345,12.392714066911322
1760,2.8,1.1995318495902614,2.3185629724084107,0.48143702759158913,17.19417955684247
997,5.2,2.152324759937041,7.604839348503461,2.4048393485034607,46.246910548143475
473,6.2,1.8941404237780308,5.646832489193193,0.5531675108068068,8.92205662591624
2266,2.1,1.0102097618533037,1.746176997781753,0.35382300221824714,16.8487143913451
4205,15.7,2.7955861546690572,15.372222595862091,0.32777740413790823,2.0877541664834918
1882,5.2,2.0844345356670533,7.0400438380279855,1.8400438380279853,35.3854584236151
4222,18.9,2.6098373122669396,12.596838633031378,6.30316136696862,33.35006014269111
2578,10.8,2.332165886916607,9.300226516805209,1.499773483194792,13.886791511062887
3783,2.6,1.5102474860950466,3.5278512358829994,0.9278512358829993,35.686585995499975
469,14.9,2.6475097877911704,13.118835934838083,1.7811640651619172,11.954121242697429
5097,14.9,2.528768182054312,11.538052022809312,3.361947977190688,22.563409242890526
7040,17.29,3.0688613943215586,20.51738890070189,3.2273889007018894,18.666216892434296
4712,10.0,2.5824008051080765,12.228859980081621,2.228859980081621,22.28859980081621
3997,7.0,2.149783688307837,7.583001592762514,0.5830015927625141,8.328594182321629
247,6.5,1.428138272325876,3.170926829252079,3.329073170747921,51.21651031919878
3780,17.9,2.373390692127366,9.733725410325114,8.166274589674885,45.62164575237366
2182,9.9,2.81178347146422,15.639567965832732,5.739567965832732,57.97543399831042
3395,6.5,2.372586697103787,9.725099016764172,3.2250990167641724,49.616907950218035
7097,83.99,4.431088694876234,83.02284237199974,0.9671576280002512,1.1515152137162177
811,4.0,1.3730730947293717,2.9474630025521846,1.0525369974478154,26.313424936195386
6502,26.8,3.121997779768463,21.691667344619916,5.108332655380085,19.060942743955543
1419,7.4,2.2074887462703203,8.092853235859295,0.6928532358592943,9.362881565666138
6733,13.9,2.76558431402481,14.88832104764268,0.98832104764268,7.110223364335827
3625,3.9,1.4827081892735459,3.40485873341043,0.4951412665895698,12.695929912553073
228,9.0,1.984247716692465,6.27357353881046,2.72642646118954,30.293627346550444
7107,45.5,3.5763807116346102,34.743938833054415,10.756061166945585,23.63969487240788
17,18.0,3.234262287783844,24.3876360996383,6.3876360996383,35.48686722021277
1407,10.6,2.4750611712409296,10.882433954098525,0.2824339540985257,2.664471265080431
7070,59.99,4.126975101133739,60.99012518396671,1.0001251839667091,1.6671531654720937
2392,13.5,2.674155457347597,13.500098715191513,9.871519151261055e-05,0.0007312236408341522
6272,47.9,3.4053648363569535,29.12528451829587,18.774715481704128,39.195648187273754
5439,109.0,4.591661906532635,97.65825479176581,11.341745208234187,10.405270833242373
6745,45.49,3.651540083754492,37.5339659088282,7.9560340911718015,17.489633086770283
5879,10.99,2.8459237044753363,16.21745516635331,5.227455166353311,47.56556111331493
2440,3.9,1.8387883539900438,5.2889137056300015,1.3889137056300016,35.61317193923081
5831,17.9,3.02248560125545,19.542288216796074,1.642288216796075,9.174794507240644
5853,13.5,2.600793597239373,12.474427061167745,1.025572938832255,7.596836583942629
4844,9.0,2.232839857961093,8.326313914479199,0.6736860855208011,7.485400950231123
6915,25.49,3.738846775933313,41.04946973242213,15.559469732422134,61.041466192319085
6092,21.69,3.083343232303665,20.831267524620753,0.8587324753792487,3.9591169911445303
5461,23.2,3.058649291615189,20.298769298121936,2.901230701878063,12.50530474947441
2585,5.7,1.767597485432339,4.856765480603038,0.8432345193969626,14.793588059595836
543,9.9,1.8987158248505334,5.677314093299163,4.222685906700837,42.65339299697815
6112,17.0,3.0491023717128467,20.09639919625154,3.0963991962515394,18.214112919126702
3794,16.5,2.5336906016114633,11.599921724683927,4.900078275316073,29.697444092824682
4119,7.799999,1.7705542269265289,4.874108048231415,2.9258909517685847,37.51142726772894
3153,12.0,1.957604063195383,6.082337886779304,5.917662113220696,49.3138509435058
1535,10.499,2.472732534350065,10.85479627159217,0.355796271592169,3.3888586683700255
1832,14.5,3.0234467774730196,19.56204246782181,5.062042467821811,34.910637709115946
6746,33.79,3.626020114584456,36.56302220836162,2.773022208361624,8.206635715778704
3590,8.99,2.1217348877103746,7.345603620658286,1.644396379341714,18.291394653411725
3289,2.0,1.6280146986158526,4.0937520406015695,2.0937520406015695,104.68760203007848
96,3.8,1.3365357771234345,2.805836376914755,0.9941636230852446,26.162200607506442
6679,62.99,4.037173255407746,55.66593606949343,7.3240639305065685,11.627343912536226
2094,5.7,1.8987158248505334,5.677314093299163,0.022685906700837144,0.3979983631725814
4773,8.0,2.226534558716351,8.267693717552195,0.26769371755219495,3.346171469402437
2927,9.5,2.3075143399986655,9.049414157286359,0.4505858427136413,4.743008870669909
7038,44.5,3.4736313811679835,31.253655355261294,13.246344644738706,29.76706661739035
156,12.99,2.252773964954566,8.51409102034514,4.475908979654861,34.45657413129223
1022,6.4,1.9084185426550722,5.742417516962288,0.6575824830377126,10.274726297464259
5447,24.49,3.5207579242794997,32.810044208622536,8.320044208622537,33.97323074161918
4966,5.8,1.854969345073659,5.39150231658502,0.4084976834149794,7.043063507154818
6458,49.5,3.8613457204077655,46.52926945914551,2.9707305408544897,6.00147584011008
2716,12.5,2.4672052378546256,10.789452052503524,1.710547947496476,13.684383579971806
1287,15.0,2.7499694662644245,14.642154263494325,0.3578457365056753,2.3856382433711687
696,18.0,2.9109918405159343,17.375014615793813,0.6249853842061874,3.472141023367708
425,25.0,3.1823093809752,23.102350840183206,1.897649159816794,7.590596639267176
6872,47.39,3.6077100150781107,35.8814979628735,11.508502037126497,24.28466350944608
712,10.9,2.6374963436916294,12.97816324493692,2.0781632449369205,19.065717843457985
4173,2.45,1.1684831162311389,2.217108955118195,0.23289104488180534,9.505756933951236
1811,16.0,2.7799095985472535,15.117563830980735,0.8824361690192646,5.515226056370404
5096,18.7,3.23271052920294,24.348271167806278,5.6482711678062785,30.204658651370476
6480,17.9,3.12899259580099,21.850947802485297,3.950947802485299,22.072334092096643
447,31.49,3.219437487444942,24.01404550846753,7.47595449153247,23.74072560029365
6748,15.899,2.6011215687441074,12.47884701405611,3.42015298594389,21.511749078205487
4080,5.99,2.0718277365958393,6.939320852061269,0.9493208520612688,15.848428248101316
1009,5.3,1.2353153328017659,2.4394629252027586,2.860537074797241,53.9723976376838
592,1.5,1.038615512141755,1.825302708026887,0.3253027080268871,21.68684720179247
6096,29.85,3.467541646431016,31.057835998979137,1.2078359989791352,4.046351755373987
1242,8.5,1.8171283722349374,5.15416059278748,3.3458394072125204,39.36281655544141
3058,8.4,2.2656475454032403,8.63736321124743,0.23736321124743043,2.825752514850362
131,15.8,2.884235763612479,16.88989026471977,1.0898902647197701,6.898039650125128
2404,4.5,1.9003137587844483,5.687992529521868,1.1879925295218676,26.399833989374837
2306,8.95,2.313974909659394,9.11454927592884,0.16454927592883983,1.8385393958529592
6277,62.5,4.3708570501096435,78.11140509122707,15.61140509122707,24.97824814596331
7103,20.89,3.0087888163126086,19.26284303184825,1.627156968151752,7.789166913124709
624,8.5,1.7225934267221483,4.599030326255969,3.900969673744031,45.89376086757684
2986,6.0,1.949518005992533,6.025300611610039,0.025300611610038715,0.42167686016731193
2127,8.3,2.137159419720072,7.475328552062264,0.8246714479377371,9.935800577563096
6539,43.9,3.5133429867459993,32.56027200983545,11.339727990164548,25.830815467345214
4739,3.9,1.7087385653225362,4.521991450926693,0.6219914509266933,15.948498741710084
3686,17.9,3.061807413509218,20.366139733787595,2.466139733787596,13.777316948534057
3844,6.0,1.9668998507899098,6.148480744131701,0.14848074413170131,2.474679068861689
2815,9.9,2.2307481363264756,8.306826250382711,1.5931737496172893,16.092664137548375
2579,3.999999,1.5950758804255494,3.9287030500149864,0.07129594998501343,1.7823991952251346
1945,5.6,2.2942504298474695,8.91699973862241,3.3169997386224104,59.2321381896859
2436,6.99,1.7087385653225362,4.521991450926693,2.468008549073307,35.307704564711116
93,6.5,1.9146735247876143,5.784723391371303,0.715276608628697,11.00425551736457
6701,35.19,3.093165960614952,21.04676679688855,14.143233203111446,40.1910576956847
1375,4.868,1.9129091848551585,5.77276338682057,0.9047633868205693,18.585936458927062
3903,5.6,2.3414804929273934,9.396617292762214,3.796617292762214,67.79673737075382
3477,13.5,2.354134735060488,9.529014531987011,3.970985468012989,29.414707170466585
6022,42.99,3.801689609474975,43.77677588014196,0.7867758801419598,1.8301369624144213
2223,8.8,1.8642629500461672,5.451179291883572,3.3488207081164285,38.05478077405032
1087,13.9,2.8030415196425844,15.494739627853843,1.5947396278538424,11.472946962977284
2531,2.5,1.699063351668338,4.468822628460282,1.9688226284602823,78.7529051384113
6729,78.99,4.097835491125367,59.20982175753075,19.780178242469248,25.04137010060672
6880,17.375,2.9834112218899373,18.75509083422398,1.3800908342239815,7.94296883006608
764,1.8,1.2941083823907416,2.647742132646145,0.8477421326461452,47.09678514700806
4669,6.5,1.9491730143881696,6.022877359905685,0.47712264009431493,7.340348309143306
476,12.99,2.658999913960237,13.281998726521515,0.2919987265215145,2.2478731833834833
5594,56.5,3.9415395661312456,50.49782460671639,6.002175393283608,10.623319280147978
2622,1.5,1.3503703814840704,2.8588545143079243,1.3588545143079243,90.59030095386161
5111,5.7,1.971195719252724,6.179255732440276,0.47925573244027575,8.407995305969749
6466,21.6,3.132177820455067,21.923849246897756,0.32384924689775474,1.4993020689710865
4461,10.0,2.1719925444098225,7.775752708414354,2.2242472915856464,22.242472915856464
6338,13.5,2.721625671735541,14.205020535981337,0.7050205359813368,5.222374340602495
7034,23.29,3.018744739324477,19.465585908651025,3.8244140913489737,16.42084195512655
2181,20.0,2.874341958528625,16.713763894169333,3.2862361058306675,16.431180529153337
6334,34.0,3.542392915939274,33.54949438951895,0.4505056104810521,1.3250165014148592
2620,10.0,1.9120355307628554,5.766848918347462,4.233151081652538,42.33151081652539
5170,8.9,2.6721705265800257,13.471345569061613,4.571345569061613,51.36343336024284
752,6.8,1.9801800293549863,6.2440470088867155,0.5559529911132843,8.17577928107771
2283,11.5,2.468086129344874,10.799841855964143,0.7001581440358571,6.088331687268322
2799,8.0,1.8808403751692373,5.559014579739458,2.4409854202605423,30.51231775325678
3049,14.9,2.9304748224893546,17.73652490827128,2.836524908271281,19.037079921283766
351,3.5,1.9592522259282288,6.094020356807017,2.5940203568070173,74.11486733734336
487,1.8,1.3181776210640777,2.7366056572931994,0.9366056572931993,52.03364762739996
927,5.0,1.8642629500461672,5.451179291883572,0.4511792918835722,9.023585837671444
3318,6.5,1.8176782725224925,5.1575456981170085,1.3424543018829915,20.653143105892177
1061,18.0,2.6953150361920972,13.810183762322545,4.189816237677455,23.27675687598586
6018,39.39,3.652628398648047,37.57592582649463,1.814074173505368,4.605418059165697
2191,3.5,1.8240312072525064,5.19678870618214,1.69678870618214,48.47967731948972
4608,2.1,1.5557294634123728,3.7385418576500413,1.6385418576500412,78.02580274524006
6128,27.9,2.881618713572427,16.843132736767824,11.056867263232174,39.63034861373539
561,12.99,2.599863894510434,12.461905671045276,0.5280943289547242,4.065391292953997
3535,9.9,2.2643119205778053,8.62449990188065,1.27550009811935,12.88383937494293
5501,21.99,2.9821924798487878,18.731029139975067,3.258970860024931,14.82024038210519
2966,9.5,2.3302518105185785,9.280529952712776,0.2194700472872242,2.310211024076044
6026,37.49,3.8041902093802937,43.888884793018704,6.398884793018702,17.068244313200058
334,13.5,2.8049103714013697,15.525594673791115,2.0255946737911152,15.004404991045298
2225,6.8,1.8500306419018222,5.360014402552981,1.439985597447019,21.176258785985574
4847,13.0,2.4021947022760513,10.047395538132141,2.9526044618678586,22.712342014368144
5507,25.5,2.8797399958639387,16.80964199699398,8.690358003006018,34.07983530590595
3213,12.5,1.901800896214295,5.697945892718149,6.802054107281851,54.4164328582548
1103,7.9,2.2629756734923925,8.61164778065532,0.7116477806553192,9.008199755130622
2110,26.99,3.084945884030056,20.86628349491616,6.123716505083838,22.688834772448455
23,12.99,2.6595186151997225,13.289408738588376,0.2994087385883759,2.304917156184572
4151,21.99,3.149914525131927,22.334070019144985,0.34407001914498636,1.5646658442245855
1005,3.2,1.226898442508374,2.410634834721948,0.7893651652780522,24.667661414939133
1643,9.7,2.547847722850645,11.779568987726279,2.0795689877262795,21.438855543569893
2550,59.7,3.8857903136667256,47.70541981181987,11.99458018818013,20.091424100804236
3038,8.69,1.9938010238315926,6.343393194120808,2.3466068058791913,27.003530562476314
4030,1.7,1.664453221959562,4.2827839496737665,2.5827839496737663,151.9284676278686
3817,7.999,2.216232726661079,8.172709588642368,0.1737095886423683,2.171641313193753
1671,14.9,2.727233075027598,14.290520711140909,0.6094792888590916,4.090465025899944
1372,14.3,2.6374963436916294,12.97816324493692,1.3218367550630798,9.243613671769788
3203,30.99,3.3009567664937505,26.138591798576556,4.8514082014234425,15.654753796138893
445,6.9,2.09324145719593,7.111164590955678,0.2111645909556774,3.0603563906619913
5433,62.99,3.7493930440008003,41.49528140495544,21.49471859504456,34.12401745522235
7125,59.999,4.13217942952202,61.313583112823416,1.3145831128234136,2.1910083715118813
3399,22.5,3.1534255395856583,22.41614026685137,0.08385973314862838,0.372709925105015
3939,2.0,1.1671902119419064,2.2129522288548347,0.21295222885483467,10.647611442741734
5206,20.49,3.113523129063644,21.500175947386506,1.0101759473865073,4.930092471383637
6378,83.79,4.323860649719669,74.47946629936108,9.310533700638928,11.111748061390294
2592,16.99,2.658999913960237,13.281998726521515,3.7080012734784837,21.824610202933986
3887,11.0,2.7095728238341366,14.02285673765718,3.0228567376571807,27.48051579688346
3518,1.2,1.4785639630913097,3.3866417761863445,2.1866417761863444,182.2201480155287
4295,10.9,2.4829904094688913,10.977027133966413,0.07702713396641236,0.7066709538202969
1128,10.8,2.1195918101596747,7.327737495975111,3.47226250402489,32.150578740971206
2570,7.5,1.8987158248505334,5.677314093299163,1.822685906700837,24.30247875601116
5277,9.6,2.2732982858633415,8.71137895247441,0.8886210475255893,9.256469245058224
1783,10.6,2.2648357919830655,8.629543223079716,1.9704567769202832,18.589214876606448
2523,18.0,2.738401666890073,14.462251506810556,3.5377484931894436,19.65415829549691
4248,5.15,1.3536947674104758,2.8717041827417336,2.278295817258267,44.23875373317023
1844,6.49,1.938486702646641,5.94822827520244,0.5417717247975604,8.347792369762102
5291,7.9,1.8601163775983465,5.4244843939894185,2.475515606010582,31.335640582412427
6129,24.49,3.3097772964379235,26.379027385970645,1.8890273859706461,7.7134642138450245
6060,5.69,2.461276591706887,10.719763346969307,5.029763346969307,88.39654388346759
2515,6.699,2.1552132106228843,7.629729932928562,0.9307299329285623,13.893565202695363
5040,17.5,2.6721705265800257,13.471345569061613,4.028654430938387,23.020882462505064
6799,56.99,3.420232946581537,29.576536891254406,27.413463108745596,48.10223391603017
3554,3.5,1.6233894658935073,4.070246652831977,0.570246652831977,16.292761509485057
3878,4.2,2.141180726370913,7.509479065960681,3.309479065960681,78.79712061811145
5945,29.7,3.3780205986232463,28.312692068345186,1.3873079316548136,4.671070476952234
2264,14.5,2.5395276708682397,11.673683407014943,2.826316592985057,19.491838572310737
2462,4.9,1.7152380666572666,4.5579985290029885,0.34200147099701184,6.979621857081873
1775,6.6,2.303781533394117,9.01197156420417,2.411971564204171,36.5450237000632
6861,28.05,3.2397461535048424,24.527240924179555,3.5227590758204457,12.55885588527788
378,7.8,2.2074887462703203,8.092853235859295,0.2928532358592948,3.754528664862754
6853,9.999,2.5839927513161105,12.249936385364112,2.2509363853641116,22.511615015142628
4913,1.6,0.9090800377186712,1.4820381013162316,0.1179618986837685,7.372618667735531
5246,8.2,2.5336906016114633,11.599921724683927,3.399921724683928,41.46246005712108
199,1.5,1.2094165634093805,2.3515286775458235,0.8515286775458235,56.7685785030549
2446,11.0,2.69110775804116,13.748004095066847,2.7480040950668467,24.981855409698607
2957,3.8,1.9278582361008931,5.874770327605681,2.0747703276056813,54.59921914751793
1328,11.49,2.544819297302373,11.740925558416638,0.2509255584166379,2.1838603865677797
1193,10.5,2.2656475454032403,8.63736321124743,1.8626367887525692,17.739397988119705
5686,12.75,2.5154920591371193,11.372695379317946,1.3773046206820538,10.802389181820029
1075,9.3,2.599863894510434,12.461905671045276,3.1619056710452753,33.99898571016425
5427,3.4,1.594072116606591,3.9237582783256206,0.5237582783256207,15.404655244871199
6969,24.5,3.149012354202611,22.313028192600378,2.1869718073996225,8.926415540406623
2063,10.5,2.692853216648655,13.773768604659232,3.2737686046592316,31.178748615802203
965,14.5,2.8030415196425844,15.494739627853843,0.9947396278538427,6.860273295543743
5060,9.49,2.2656475454032403,8.63736321124743,0.8526367887525694,8.98458154639167
1467,9.4,2.2267266034504463,8.269473700240539,1.1305262997594614,12.026875529355973
5975,18.46,3.0202338246699307,19.49608361392131,1.0360836139213099,5.6125872910146795
3296,51.0,3.332103681210171,26.997176931305017,24.002823068694983,47.064358958225455
5414,7.5,2.1510134491648323,7.593563124905202,0.09356312490520224,1.2475083320693632
7126,29.95,3.2725567111668923,25.37869590732926,4.57130409267074,15.263118840302973
5724,62.05,3.81978969116243,44.594618361270456,17.45538163872954,28.131154937517394
2755,6.0,1.9403578181190158,5.961241383351109,0.03875861664889069,0.6459769441481782
4022,6.5,2.111539108790892,7.260945999758631,0.760945999758631,11.706861534748167
3091,6.5,2.1579758575397587,7.65360379205868,1.1536037920586804,17.74775064705662
2022,5.89,1.8682451259298865,5.476920240958511,0.41307975904148897,7.0132386934038875
5090,8.6,2.5740739915032136,12.119163075487824,3.5191630754878247,40.920500877765406
2907,7.0,1.9872602425095884,6.295518405020505,0.7044815949794954,10.064022785421363
5744,42.345,3.3462150290989054,27.39505553412953,14.94994446587047,35.305099695053656
5769,15.1,2.834843579478797,16.027736604638683,0.9277366046386835,6.143951024097242
6155,18.49,2.9827294866444736,18.74162768219901,0.2516276821990111,1.3608852471552793
6547,13.79,2.41893663810764,10.233907252449644,3.5560927475503554,25.787474601525425
2850,6.699999,1.9801800293549863,6.2440470088867155,0.45595199111328455,6.805254614415383
2132,16.5,2.445071386095867,10.531372749138304,5.9686272508616955,36.173498490070884
6114,86.19,4.527434831060869,91.520924621525,5.330924621525,6.185084837597169
6570,20.79,3.0212040874511765,19.515979851741847,1.2740201482581526,6.128043041164755
6434,31.0,3.5231546964939904,32.89117637197111,1.8911763719711132,6.100568941842301
4246,7.5,1.9140273286440963,5.780340545522517,1.7196594544774833,22.928792726366442
1701,4.5,2.220217446935478,8.20933318945464,3.7093331894546395,82.42962643232532
6332,39.999,3.3244450711590914,26.783576456078297,13.215423543921705,33.03938484442537
3927,19.5,3.13511126482044,21.99119381077726,2.4911938107772613,12.775352875780827
5780,66.99,4.275724985707426,70.93227027812652,3.9422702781265286,5.884863827625808
547,12.4,2.4972835701800853,11.149445977413064,1.250554022586936,10.085113085378516
6811,37.99,3.6447596452295166,37.273572510193034,0.7164274898069678,1.8858317710107073
6203,33.3,3.639062674751343,37.056149013178306,3.756149013178309,11.279726766301229
1263,19.9,2.837008772875365,16.064644889862237,3.835355110137762,19.27314125697368
5231,2.299,1.473055202579809,3.362543254625572,1.0635432546255719,46.261124603113174
3011,13.29,2.5370751750834257,11.642639335169,1.647360664831,12.395490329804366
5865,13.69,2.6560567730824047,13.24002658750853,0.44997341249147027,3.286876643473121
1789,11.9,2.310702455134553,9.081503972500526,2.8184960274994744,23.684840567222473
6610,21.49,3.318240988857207,26.611738460815832,5.121738460815834,23.833124526830314
3018,6.4,1.8137299429346543,5.133281611076741,1.266718388923259,19.792474826925922
5494,26.59,3.265036742706334,25.181072936625025,1.4089270633749749,5.298710279710323
4715,13.8,2.5616840267866365,11.95761993135142,1.8423800686485805,13.350580207598409
2199,5.9,2.2017456303935954,8.040781595931511,2.140781595931511,36.28443382934764
1244,2.5,1.050392504604117,1.858772979437438,0.6412270205625621,25.649080822502484
7130,10.89,3.179112393793366,23.025418974114878,12.135418974114877,111.43635421593092
5008,38.0,1.562110905684785,3.7688772778913693,34.23112272210863,90.08190190028587
5482,12.726,2.5166449591551747,11.386968085965119,1.3390319140348819,10.522017240569555
4837,8.5,2.3275855775670307,9.253156173645577,0.7531561736455767,8.86066086641855
7202,35.29,3.6073439136879086,35.867998066512754,0.5779980665127553,1.6378522712177823
6764,20.99,3.071482775652706,20.57386817677908,0.416131823220919,1.9825241697042355
3915,5.2,1.878164821910575,5.54148904261584,0.3414890426158399,6.5670969733815365
6083,32.299,3.4794055162176365,31.440431032184115,0.8585689678158843,2.658190556413153
518,13.29,2.774608302846014,15.032345941323484,1.7423459413234852,13.110202718762118
611,12.5,2.5061170754213444,11.257243586545208,1.2427564134547922,9.942051307638337
5806,11.22,2.4561681737482064,10.660046556442474,0.5599534435575269,4.990672402473502
5672,16.5,2.993043271571772,18.94629220290426,2.44629220290426,14.826013350934911
2288,7.5,1.9056821753086255,5.72399300544505,1.7760069945549501,23.68009326073267
957,10.99,2.3067509465577807,9.041745427935219,1.9482545720647817,17.727521128887915
4401,6.15,2.220740327506747,8.214149830007894,2.064149830007894,33.563411870047055
491,25.8,2.620204624393869,12.738534536775706,13.061465463224295,50.62583512877633
1330,4.9,1.9668998507899098,6.148480744131701,1.248480744131701,25.479198859830632
3458,21.5,2.8398071572798127,16.112465204594386,5.387534795405614,25.058301373979596
323,5.89,1.2841172160100645,2.611478394270573,3.2785216057294266,55.662506039548845
5362,7.2,2.190851685347598,7.942826346364933,0.7428263463649332,10.31703258840185
7010,22.79,3.110992102493632,21.44329941260713,1.3467005873928706,5.909173266313605
4247,10.5,2.528261861307792,11.531705353809896,1.0317053538098957,9.82576527437996
2031,4.75,1.3786494444106672,2.9695369253643453,1.7804630746356547,37.48343315022431
5516,32.0,3.9566438599941836,51.28156691981228,19.281566919812278,60.25489662441337
1153,6.3,1.8503904851505517,5.36230342261707,0.9376965773829298,14.884072656871902
6685,15.7,2.8686076625359886,16.61247860630633,0.9124786063063297,5.811965645263246
7286,6.6,2.1720363900563036,7.776137495400768,1.1761374954007682,17.820265081829824
6854,21.69,3.130570150614626,21.88702487448453,0.19702487448453,0.908367332800968
1606,6.4,2.028011182923607,6.59895838218402,0.19895838218401973,3.1087247216253084
324,23.9,2.9479981574895797,18.067744874669778,5.832255125330221,24.40274111016829
2083,7.99,1.959459750996749,6.095492696636076,1.8945073033639241,23.71098001707039
2687,10.8,2.341255317182727,9.394276490277168,1.4057235097228329,13.015958423359564
6858,35.35,3.3754505259514893,28.237453045817052,7.11254695418295,20.120359134888115
586,7.89,1.9208408349379922,5.826696181378669,2.063303818621331,26.150872225872384
4125,9.8,2.6363358238748043,12.961950718786886,3.161950718786885,32.2648032529274
3245,8.99,2.500328729191917,11.186499360408545,2.196499360408545,24.432695888860344
4556,4.4,2.100766682880501,7.172433175900469,2.772433175900469,63.009844906828825
706,24.9,3.1094139801638785,21.40790907313812,3.492090926861877,14.024461553662157
1978,6.4,1.9876574239918507,6.298416625356107,0.10158337464389344,1.5872402288108352
4160,7.4,1.3514512191572459,2.863027564430934,4.536972435569066,61.31043831850088
4995,4.39,1.4831905896762634,3.406984151647431,0.9830158483525686,22.392160554728218
6812,9.8,2.558212725075385,11.912718102097012,2.112718102097011,21.558347980581743
6202,17.34,2.7883695834190565,15.254496584970624,2.0855034150293754,12.027124654148649
5939,27.79,3.2194407264382887,24.01412652892572,3.7758734710742807,13.587166142764595
6218,29.3,3.209980660020719,23.778607002207597,5.521392997792404,18.844344702363152
4453,9.5,2.3330104273726677,9.308929149150522,0.19107085084947784,2.01127211420503
3801,8.9,2.3275855775670307,9.253156173645577,0.3531561736455764,3.9680468948941163
2572,56.99,3.4754357221991166,31.311904483865987,25.678095516134015,45.05719515026148
208,2.25,1.498620219616457,3.4755095878184257,1.2255095878184257,54.46709279193003
3682,29.8,3.2148924694126295,23.900614189529744,5.899385810470257,19.796596679430394
747,2.5,1.5064716246644927,3.5107869335326773,1.0107869335326773,40.431477341307094
5101,9.9,2.0036421717943362,6.416017379644646,3.4839826203553548,35.191743639953074
6260,40.99,3.8150156086513305,44.37746465844374,3.38746465844374,8.26412456317087
798,5.0,1.5391007055249313,3.6603973163620127,1.3396026836379873,26.792053672759746
88,6.99,2.589254138526105,12.319833146917695,5.329833146917695,76.24940124345771
734,1.7,1.8933504702654,5.64158387387448,3.94158387387448,231.85787493379294
1221,4.8,2.0558192763379015,6.813236450922775,2.0132364509227756,41.94242606089116
3574,14.5,2.303781533394117,9.01197156420417,5.4880284357958296,37.84847197100572
1480,6.9,1.8767160998372425,5.532019104357921,1.367980895642079,19.82581008176926
3936,10.49,2.88005704870735,16.81528948985879,6.3252894898587915,60.29827921695702
6199,28.99,3.2296123506826855,24.269859228362964,4.720140771637034,16.28196195804427
852,13.5,2.4991409794380526,11.172033441439247,2.327966558560753,17.244196730079654
486,7.89,1.9517829689916342,6.041230691263207,1.8487693087367925,23.431803659528423
2678,3.6,1.5793513342748557,3.851807588987917,0.251807588987917,6.994655249664361
3195,4.0,1.68312563646534,4.382352985527492,0.38235298552749164,9.558824638187291
1430,8.4,2.2603355743718465,8.586305545528823,0.18630554552882295,2.2179231610574157
1536,14.9,2.945595385465367,18.021984428695582,3.1219844286955816,20.952915628829405
1891,6.0,2.061977217920433,6.8614983490241634,0.8614983490241634,14.358305817069391
6513,39.99,2.923675840910658,17.60956769949457,22.380432300505433,55.96507201926839
1919,5.6,2.157707989175207,7.651286075798712,2.0512860757987124,36.630108496405576
4302,14.8,2.8052711270196906,15.531557450403696,0.7315574504036952,4.942955745970914
198,5.0,1.4755837247867545,3.3735879996807467,1.6264120003192533,32.52824000638507
4629,6.6,1.9165436005802405,5.797423209455223,0.8025767905447765,12.160254402193583
2882,3.85,1.7242753400181414,4.608455333607143,0.7584553336071429,19.700138535250463
1057,8.9,2.303781533394117,9.01197156420417,0.1119715642041701,1.2581074629682032
73,7.0,2.165400415406612,7.718092076431443,0.7180920764314429,10.2584582347349
548,27.8,3.2290790151625903,24.256385508174834,3.543614491825167,12.746814718795566
6352,13.69,2.823576652078684,15.836963066448181,2.1469630664481816,15.682710492682117
2963,4.0,1.7854229594944635,4.96210114164833,0.96210114164833,24.05252854120825
6569,27.3,3.587417470718135,35.14062109126034,7.840621091260342,28.720223777510412
1512,34.99,2.866886555521359,16.582191716797336,18.407808283202666,52.608769028873006
3912,10.9,2.282375679968453,8.79993428428122,2.100065715718781,19.266657942374138
1582,1.9,1.234024956923062,2.4350275874502345,0.5350275874502346,28.159346707907083
6697,15.44,3.018744739324477,19.465585908651025,4.025585908651026,26.072447594890065
5822,10.08,2.381880053103742,9.825235762571769,0.2547642374282315,2.5274229903594394
2865,6.9,1.9668998507899098,6.148480744131701,0.751519255868299,10.891583418381146
3647,10.8,2.4750611712409296,10.882433954098525,0.08243395409852461,0.7632773527641167
5349,20.499,2.625734300452766,12.81471461374684,7.684285386253158,37.48614754989589
4428,3.0,1.5923202606009568,3.9151401139110833,0.9151401139110833,30.504670463702777
6213,25.55,3.0799520417597472,20.75735892652913,4.792641073470872,18.757890698516132
4359,28.8,3.4404848811107436,30.20208380199751,1.4020838019975095,4.868346534713575
1452,3.6,2.0296485723064333,6.611411028092471,3.011411028092471,83.65030633590197
7037,24.89,3.2146584638831994,23.894787989831247,0.9952120101687534,3.9984411818752648
2020,1.9,1.3041846532411276,2.6846835737916988,0.7846835737916988,41.29913546272099
4903,29.49,3.3822570304875006,28.437136705542827,1.0528632944571719,3.570238367097904
5220,6.9,1.9165436005802405,5.797423209455223,1.1025767905447772,15.979373776011263
6818,12.35,2.7737594500930207,15.018742614761678,2.668742614761678,21.609251941390106
4814,10.0,2.749633130782744,14.636894136638826,4.636894136638826,46.36894136638826
5267,8.8,2.2602883988184232,8.58585331692658,0.21414668307342133,2.433485034925242
2098,9.2,2.559159088043298,11.924944004482105,2.724944004482106,29.618956570457676
1880,13.5,2.408107892564388,10.112914412014026,3.3870855879859736,25.08952287397018
937,9.5,2.2656475454032403,8.63736321124743,0.8626367887525692,9.080387250027044
7120,29.999,3.3062852048214433,26.28358405938094,3.71541594061906,12.385132639818194
2855,13.5,2.593640295073239,12.378384333748425,1.121615666251575,8.308264194456111
6139,14.99,3.096748981682075,21.125902514593324,6.135902514593324,40.933305634378414
5985,12.49,2.4677718088778953,10.796133506997222,1.693866493002778,13.561781369117517
1295,7.0,2.5144668729440087,11.360017562515253,4.360017562515253,62.285965178789326
1175,45.9,3.501014017897504,32.14904865060704,13.750951349392956,29.95849967188008
2197,5.5,1.5485779501087142,3.7047749985009597,1.7952250014990403,32.64045457270983
2614,41.9,3.5038382821360883,32.2428026539747,9.657197346025299,23.048203689797848
6148,27.36,2.898804974382596,17.152439772107705,10.207560227892294,37.308334166273006
4335,4.0,1.9042613585575239,5.714446227265824,1.7144462272658236,42.86115568164559
4914,11.5,2.4533070463870716,10.626733357585389,0.8732666424146114,7.5936229775183595
1321,7.2,1.8708694138657003,5.493939867040099,1.7060601329599008,23.695279624443067
1181,12.79,2.6595186151997225,13.289408738588376,0.499408738588377,3.904681302489265
6150,22.799,3.157524571193104,22.512320754690254,0.2866792453097453,1.2574202610191032
3438,12.6,2.3060914910741626,9.035125526852612,3.5648744731473876,28.292654548788793
6343,34.99,3.308914066510596,26.355403188174222,8.63459681182578,24.677327270150844
4301,12.6,2.4533070463870716,10.626733357585389,1.973266642414611,15.66084636836993
620,7.9,2.1744882735552507,7.7976819635799455,0.10231803642005488,1.2951650179753782
6864,24.89,3.033223316780667,19.76405396187899,5.125946038121011,20.594399510329495
5159,16.0,2.550322783695153,11.811238374199679,4.188761625800321,26.17976016125201
2492,15.5,2.4739140877854995,10.868811625167297,4.631188374832703,29.87863467634002
478,14.0,2.7931350021049552,15.332140923681017,1.3321409236810169,9.515292312007263
3968,5.3,2.083401590404617,7.0317432006258045,1.7317432006258047,32.674400011807634
2276,3.7,1.9060040583986377,5.726157693460406,2.026157693460406,54.76101874217313
5227,6.9,2.121388479295681,7.3427131340117455,0.44271313401174517,6.416132376981813
1897,12.5,2.0330727376045803,6.6375184301259305,5.8624815698740695,46.899852558992556
7044,14.766,2.738905156658123,14.470038552419638,0.29596144758036225,2.0043440849272804
2206,1.4,1.0230305625311937,1.781611851921269,0.381611851921269,27.257989422947787
1033,4.5,1.7248147761397954,4.611481553153458,0.11148155315345765,2.4773678478546146
5948,10.59,2.2231973273261465,8.236816829479844,2.353183170520156,22.22080425420355
286,12.3,2.884235763612479,16.88989026471977,4.58989026471977,37.31618101398187
550,3.2,1.276369900214197,2.5836072334068234,0.6163927665931768,19.262273956036776
7008,10.099,2.452196861070732,10.613832691324944,0.5148326913249441,5.097858117882406
5668,25.79,3.281638254961126,25.619346273911688,0.17065372608831098,0.6617050255459906
5015,2.5,1.1587553682155296,2.185965453521664,0.31403454647833584,12.561381859133434
2825,12.5,2.5420124344743487,11.705213670703442,0.7947863292965582,6.358290634372466
1055,10.799,2.5683685418874616,12.04452547456334,1.2455254745633404,11.533711219217894
2091,6.5,1.9020713900797643,5.6997578910495434,0.8002421089504566,12.311417060776254
6540,25.79,3.130570150614626,21.88702487448453,3.902975125515468,15.133676330032836
2571,3.5,1.438089344046422,3.2126392185504153,0.28736078144958466,8.210308041416704
1677,10.3,2.1115216670637986,7.260801915849511,3.03919808415049,29.506777516024172
1174,1.8,1.050392504604117,1.858772979437438,0.05877297943743787,3.2651655243021036
6021,78.2,4.201881229663668,65.81190142136973,12.388098578630277,15.84155828469345
5916,12.54,3.083392241025832,20.83233747336362,8.29233747336362,66.12709308902409
5389,3.9,1.7446214849867232,4.723734545881869,0.823734545881869,21.121398612355616
2087,14.0,2.5803416588569186,12.201647849140391,1.7983521508596088,12.845372506140063
1370,46.5,3.4754357221991166,31.311904483865987,15.188095516134013,32.66257100243873
6314,16.899,3.013957217447202,19.367840633899128,2.468840633899127,14.609388921824529
2934,5.0,1.8834235999710272,5.575979892050711,0.5759798920507109,11.519597841014217
3107,16.99,2.8451969990386785,16.204947693253295,0.785052306746703,4.620672788385539
1188,7.8,1.9040236230569103,5.712850154759708,2.087149845240292,26.758331349234517
2029,6.699999,2.152324759937041,7.604839348503461,0.9048403485034608,13.50508184409372
4209,4.888888,1.9491730143881696,6.022877359905685,1.1339893599056854,23.195241124478315
5027,4.5,1.8207479963071835,5.176476704215793,0.6764767042157933,15.03281564923985
7009,23.5,3.363662812831143,27.894833653738026,4.394833653738026,18.701419803140535
7093,40.9,3.969537279560276,51.960019485657064,11.060019485657065,27.041612434369355
3956,7.2,2.5163009803816956,11.382707964613447,4.182707964613447,58.09316617518676
833,9.0,2.0868286058107324,7.059315326377261,1.940684673622739,21.563163040252658
1393,5.4,2.1202843436241112,7.333506730337467,1.9335067303374665,35.80568019143456
549,24.9,3.140381124792233,22.11267399338057,2.787326006619427,11.194080347869185
1020,5.5,1.8987158248505334,5.677314093299163,0.17731409329916303,3.2238926054393278
248,3.6,1.6752640171636433,4.3402048687126085,0.7402048687126084,20.56124635312801
2648,6.5,1.8109248538348224,5.116101317076323,1.383898682923677,21.29074896805657
296,6.3,1.970466946050848,6.174025589278629,0.12597441072137094,1.999593820974142
1559,7.39,1.6956092252550146,4.4499652104712855,2.940034789528714,39.78396196926542
1563,12.8,2.4865792635629305,11.02008816048285,1.7799118395171512,13.905561246227743
6766,13.69,2.668399539846467,13.41687708142277,0.27312291857722926,1.9950541897533183
3260,9.7,2.5470887682111485,11.76987355421479,2.069873554214791,21.33890262077104
100,1.4,1.1399476837112503,2.126604788548408,0.7266047885484079,51.900342039171996
4204,43.5,3.4831709361440266,31.56281314303442,11.937186856965582,27.441808866587543
3197,7.0,1.7598649285989696,4.811652353359816,2.1883476466401843,31.262109237716917
2937,17.5,2.8068592215043875,15.557831983312404,1.9421680166875959,11.098102952500549
7017,15.99,2.694371745613255,13.796220042466722,2.1937799575332786,13.71969954679974
1499,6.0,1.9160330333261228,5.793953553573806,0.2060464464261944,3.4341074404365735
4872,7.0,2.2450116197405166,8.440525252276805,1.4405252522768048,20.578932175382928
1656,5.0,1.855617531665068,5.39564654565735,0.3956465456573497,7.912930913146994
6788,13.29,2.721461514933617,14.202524733294064,0.9125247332940649,6.866250814853762
346,4.0,1.6752640171636433,4.3402048687126085,0.34020486871260847,8.50512171781521
1718,7.5,2.2074887462703203,8.092853235859295,0.5928532358592946,7.904709811457261
1665,1.7,1.254492281626138,2.5060578323925706,0.8060578323925707,47.415166611327685
681,6.0,1.9805773090099619,6.246925493126786,0.2469254931267857,4.115424885446428
6514,69.99,3.428588871700918,29.833102572925178,40.15689742707482,57.3751927805041
3898,3.9,1.797789493907218,5.0362894512577245,1.1362894512577246,29.13562695532627
6186,20.45,3.1654883199616894,22.700314544235596,2.2503145442355965,11.00398310139656
6408,54.999,3.677319153131158,38.540250502062214,16.458749497937788,29.925543187944847
7289,23.79,3.165763874418264,22.706846171398638,1.0831538286013611,4.552979523334852
5761,17.75,2.947229936713416,18.053102262002227,0.303102262002227,1.7076183774773352
7063,49.59,3.5816330661007125,34.932172572243594,14.65782742775641,29.55803070731278
1793,3.8,1.9384247146211246,5.947797581599883,2.1477975815998835,56.520988989470624
3542,5.9,2.226143104520442,8.264066549941369,2.3640665499413682,40.06892457527743
6741,18.8,3.1517420221981287,22.376751952322447,3.5767519523224465,19.02527634214067
1706,6.2,2.0762060354582035,6.9741577791042895,0.7741577791042893,12.486415792004665
1414,5.6,1.739916944339198,4.69687024569949,0.9031297543005099,16.127317041080534
4761,2.9,1.4869174914816328,3.4234391929535883,0.5234391929535884,18.049627343227186
3066,8.8,1.8987158248505334,5.677314093299163,3.1226859067008377,35.48506712160043
2991,8.0,1.9437260023954586,5.984727657969821,2.015272342030179,25.190904275377235
6041,9.75,2.3669782108414976,9.66511581099122,0.08488418900878081,0.8706070667567262
84,37.9,3.5252392564265715,32.96189824668785,4.9381017533121465,13.029292225098013
5327,9.5,2.149783688307837,7.583001592762514,1.916998407237486,20.178930602499854
3207,9.0,2.528544881555841,11.535252582112648,2.5352525821126477,28.169473134584976
5025,3.99,1.662407546425897,4.271988133931196,0.28198813393119604,7.067371777724212
1561,1.2,1.3061152422308704,2.6918040544791495,1.4918040544791495,124.31700453992913
6072,8.39,3.4114530762544963,29.309253934132993,20.919253934132993,249.33556536511313
2948,8.9,2.472732534350065,10.85479627159217,1.9547962715921692,21.964003051597405
3528,7.8,2.1202843436241112,7.333506730337467,0.466493269662533,5.980682944391448
1297,5.0,1.8957197251525963,5.657338134486317,0.6573381344863174,13.14676268972635
4866,8.499,2.1472758440917006,7.561503729773868,0.9374962702261325,11.030665610379248
6289,13.28,2.7957306568860583,15.374588589265954,2.094588589265955,15.772504437243636
4506,14.2,2.6720785926555175,13.470015222623456,0.7299847773765435,5.140737868848898
1912,18.5,2.772748445553054,15.002555777115525,3.497444222884475,18.90510390748365
6456,79.99,3.833218723515687,45.21103967355016,34.778960326449834,43.47913529997479
5998,9.494,2.548313032790311,11.785516831889105,2.291516831889105,24.13647389813677
6127,18.99,2.960823991488391,18.313879673066765,0.6761203269332334,3.5604019322445155
6875,44.199,3.447277118234677,30.414737132310155,13.784262867689844,31.186820669449183
1817,12.2,2.326397694039276,9.240983849402468,2.959016150597531,24.254230742602715
3722,7.6,2.2296027667842715,8.296172597410436,0.6961725974104365,9.160165755400481
5451,9.79,2.553831155715271,11.856263901421027,2.066263901421028,21.105862118703044
6187,36.99,3.488269015721478,31.729244836242472,5.26075516375753,14.222101010428572
7164,8.99,2.5895790483387113,12.324161594548881,3.334161594548881,37.08744821522671
3089,1.2,1.0263639433251484,1.790899494469433,0.590899494469433,49.24162453911942
4845,6.0,1.8777479857141297,5.53876288142503,0.46123711857496996,7.687285309582832
3142,3.2,1.15403476522636,2.1709612178612048,1.0290387821387954,32.157461941837354
1623,5.5,1.8348002252332285,5.263882654735312,0.23611734526468808,4.2930426411761475
6834,18.38,2.9600998348465395,18.2998984617261,0.08010153827389743,0.43580815165341374
5459,16.79,3.1675840597510927,22.75003632020078,5.960036320200782,35.49753615366755
5605,47.95,3.6487858715721178,37.42798120965891,10.522018790341093,21.943730532515314
6392,26.4,3.248715849383045,24.757242491864755,1.6427575081352437,6.222566318694105
1199,2.0,1.4019742293258908,3.0632137694807886,1.0632137694807886,53.16068847403943
373,6.0,1.5457342178733116,3.6914148834756837,2.3085851165243163,38.476418608738605
2457,5.7,1.8708694138657003,5.493939867040099,0.20606013295990078,3.615090051928084
5260,4.99,1.6956092252550146,4.4499652104712855,0.5400347895287148,10.822340471517329
3819,21.09,3.1517060020933525,22.375909934432674,1.2859099344326737,6.097249570567443
7284,23.3,3.2961379250523546,26.008129818012918,2.7081298180129174,11.622874755420245
1317,8.0,2.372911182545618,9.728579719945525,1.7285797199455253,21.607246499319068
1446,13.0,2.763021645409371,14.847656672854876,1.8476566728548764,14.212743637345204
3799,18.9,2.90268078769975,17.22293175856142,1.6770682414385796,8.873376938828464
3482,3.7,1.721385004992083,4.5922684227808315,0.8922684227808313,24.115362777860305
1488,6.399,1.9938010238315926,6.343393194120808,0.05560680587919187,0.868992121881417
4486,4.0,1.70439468867529,4.498056623821016,0.49805662382101623,12.451415595525406
6067,102.0,4.1083218641406765,59.844526466619826,42.155473533380174,41.32889562096096
812,5.123,1.5546459418846998,3.7334103261019926,1.3895896738980076,27.12453003900073
3580,34.5,3.429575873086294,29.86354991119088,4.63645008880912,13.438985764664116
4317,3.95,1.3185600175816015,2.7380347955152327,1.2119652044847675,30.68266340467766
3366,3.9,1.4149157025623742,3.1161394713377417,0.7838605286622582,20.098987914416877
3651,4.0,1.562110905684785,3.7688772778913693,0.23112272210863072,5.778068052715768
6684,40.5,3.4986228610005505,32.06987876582872,8.430121234171281,20.81511415844761
1511,3.5,1.3603535945560452,2.8975712181335305,0.6024287818664695,17.21225091047056
7149,18.29,2.975015394784897,18.589924829953514,0.29992482995351466,1.6398295787507635
1801,3.4,1.481856790440227,3.401110037867822,0.0011100378678219336,0.03264817258299805
4516,4.6,1.8708694138657003,5.493939867040099,0.8939398670400998,19.433475370436952
921,7.8,2.2732982858633415,8.71137895247441,0.9113789524744105,11.684345544543724
322,15.0,2.742897367292602,14.531921647830472,0.46807835216952753,3.1205223477968502
3838,2.5,1.3140729645347993,2.721299609010111,0.22129960901011092,8.851984360404437
5634,27.49,3.374341601366936,28.205048885550458,0.7150488855504591,2.60112362877577
7262,9.08,2.7272736082879447,14.291140498358644,5.211140498358644,57.391415180161275
4402,6.85,2.1517236265797095,7.599668246953135,0.749668246953135,10.94406199931584
6217,10.45,2.4695074351464386,10.81662496379052,0.366624963790521,3.5083728592394356
1569,5.9,2.1414556593579452,7.511818924095728,1.6118189240957275,27.31896481518182
4661,17.5,2.877216943798159,16.764763981554456,0.7352360184455442,4.201348676831681
231,12.9,2.4625661800839,10.734886766960322,2.165113233039678,16.783823511935488
1545,1.8,1.2521898398148925,2.497994624342381,0.6979946243423811,38.777479130132285
1420,1.0,1.102603371124757,2.011997172296902,1.0119971722969021,101.19971722969021
1079,5.9,2.2730219171151846,8.708695401672308,2.808695401672308,47.60500680800522
3103,7.9,2.0236086414348438,6.565577187599329,1.3344228124006712,16.891428005071788
1115,4.75,1.9084185426550722,5.742417516962288,0.9924175169622877,20.893000357100792
6946,14.45,2.9526027625917077,18.155746761486817,3.705746761486818,25.645306307867255
1941,10.9,2.326397694039276,9.240983849402468,1.659016150597532,15.220331656858091
1867,10.95,2.140484924295329,7.503560212178616,3.446439787821383,31.474335961839117
2586,6.65,2.338006996795169,9.36056732875861,2.710567328758609,40.76041095877607
2751,11.5,2.295190192570294,8.92632374579,2.5736762542099996,22.37979351486956
1425,9.59,2.2656475454032403,8.63736321124743,0.9526367887525691,9.933647432247852
5395,14.5,2.6193565652081867,12.726888385374817,1.7731116146251829,12.228355962932296
4053,32.5,3.10374970670801,21.281343338433725,11.218656661566275,34.51894357405008
7283,16.95,2.9846620612041495,18.779816739338514,1.829816739338515,10.795378993147581
4333,4.49,2.1534319874579135,7.614372139953437,3.1243721399534365,69.5851256114351
1618,9.0,2.692190654064261,13.763983300397502,4.763983300397502,52.93314778219447
2402,16.8,2.785892573417474,15.214283858582384,1.5857161414176169,9.438786556057241
265,15.3,2.7337014605815946,14.389746263018836,0.910253736981165,5.9493708299422545
0,9.99,2.2656475454032403,8.63736321124743,1.3526367887525694,13.539907795321016
4015,16.5,2.633451922915287,12.921743839906862,3.5782561600931384,21.686400970261445
5187,3.5,1.471747842571237,3.3568435666227083,0.14315643337729167,4.090183810779762
838,1.2,1.3922657736449173,3.0239571077988545,1.8239571077988546,151.99642564990455
14,21.9,2.810861321114953,15.624230855069253,6.275769144930745,28.656480113839024
3263,2.6,1.1668618556487955,2.2118974089588783,0.38810259104112177,14.927022732350837
4912,21.0,2.7006390021748885,13.889242944328107,7.110757055671893,33.86074788415187
6477,29.155,3.295908056732209,26.001922218073997,3.1530777819260045,10.814878346513478
8,16.5,2.6903313879951094,13.736558629981426,2.7634413700185743,16.748129515264086
1039,8.5,2.742151610610804,14.520342931469617,6.020342931469617,70.82756389964256
2759,11.9,2.4750611712409296,10.882433954098525,1.017566045901475,8.550975175642646
3992,15.5,2.621830538749364,12.760890386726208,2.7391096132737918,17.671674924347045
6472,12.99,2.659363948125365,13.287198808450595,0.2971988084505952,2.287904607009971
4141,32.79,3.3152163344879746,26.528348671657803,6.261651328342197,19.09622241031472
6629,18.1,2.8844901544844865,16.894441868423005,1.2055581315769963,6.660542163408818
339,4.1,1.586428719922702,3.886267501590231,0.21373249840976882,5.212987766091922
1956,3.3,1.6264896815015366,4.085989901765207,0.7859899017652072,23.817875811066887
4220,6.5,1.8577197257940403,5.4091055780695365,1.0908944219304635,16.782991106622518
2770,29.999999,2.5727705866114055,12.102074633157713,17.897924366842286,59.659749878132615
1090,23.5,3.2064057380392645,23.6901835629853,0.19018356298530037,0.8092917573842568
4512,8.999,1.9474652214772052,6.010893975218094,2.9881060247819065,33.204867482852606
1883,6.0,2.3154294039341465,9.129271534066989,3.129271534066989,52.15452556778315
622,5.3,2.086145870658445,7.05381482640658,1.7538148264065798,33.09084578125622
7220,12.5,2.673274652366025,13.487332579073378,0.987332579073378,7.898660632587023
5192,3.8,2.0558192763379015,6.813236450922775,3.0132364509227756,79.29569607691515
5045,2.8,2.1145344785479296,7.285727684195942,4.485727684195942,160.2045601498551
4331,16.5,3.0828850688465,20.82126752660914,4.321267526609141,26.18950016126752
4952,4.7,1.5156664061059906,3.5524538992800947,1.1475461007199055,24.415874483402245
3032,8.4,1.9825151447502838,6.260982460002321,2.1390175399976794,25.464494523781894
4568,5.999,1.8642629500461672,5.451179291883572,0.5478207081164275,9.13186711312598
889,4.5,2.0977248632993843,7.147611878733118,2.6476118787331178,58.83581952740262
1507,3.1,1.3388414897426912,2.8146216661598618,0.28537833384013833,9.205752704520592
3688,10.0,2.035592248607751,6.656785503457003,3.3432144965429966,33.43214496542997
196,1.9,0.7836567168883646,1.189463894630498,0.7105361053695018,37.39663712471062
5533,12.99,2.5948175049636486,12.394142773779679,0.5958572262203212,4.587045621403551
3980,11.2,2.6374963436916294,12.97816324493692,1.7781632449369216,15.876457544079658
2789,3.8,1.6438630875402171,4.175122899371284,0.3751228993712843,9.871655246612745
6575,38.0,2.819566492949244,15.769579365279291,22.23042063472071,58.50110693347554
4236,21.5,2.5376140352118717,11.649453785277881,9.850546214722119,45.816494021963344
432,4.2,2.1190969199411542,7.323617199777184,3.1236171997771836,74.37183808993294
2598,10.9,2.4634079672352267,10.74476920273319,0.15523079726681033,1.424135754741379
6091,28.99,3.284933995054626,25.707221448015684,3.2827785519843147,11.323830810570248
1694,23.5,3.1992427478718337,23.513959918487185,0.013959918487184808,0.05940390845610556
5357,29.9,3.2723467631513077,25.373158333791434,4.526841666208565,15.13993868297179
1108,13.9,2.727233075027598,14.290520711140909,0.39052071114090836,2.809501518999341
6353,37.5,3.7702001834495995,42.38874967612595,4.888749676125947,13.036665803002526
6690,60.89,3.8395162567163963,45.50297349679129,15.387026503208709,25.270202830035654
6262,110.99,4.371942769347209,78.19734451024367,32.79265548975633,29.54559463893714
4825,1.65,1.4374906754302248,3.210117998421892,1.5601179984218922,94.55260596496318
1277,4.6,1.8459491924617986,5.334109226625218,0.7341092266252183,15.958896230983008
1195,5.9,1.8682451259298865,5.476920240958511,0.42307975904148964,7.170843373584569
6062,18.19,3.121396869345902,21.67803578129168,3.4880357812916785,19.17556779159801
604,9.0,2.4109427322970256,10.144462439007318,1.1444624390073184,12.716249322303538
3742,6.2,1.5854503058517384,3.8814890467471095,2.3185109532528907,37.39533795569178
1593,17.9,2.8741672194173584,16.710668877227405,1.1893311227725931,6.644307948450241
1219,19.4,3.01694374738988,19.428760724376442,0.028760724376443392,0.14825115657960514
2229,7.0,2.1430654309564217,7.5255320429844605,0.5255320429844605,7.507600614063723
4519,4.1,1.505940863381976,3.5083934177236262,0.5916065822763734,14.429428836009109
1652,3.3,1.4716276706656615,3.3563200278869667,0.056320027886966884,1.7066675117262693
4657,5.9,2.0636852477560126,6.874937496722031,0.9749374967220303,16.524364351220854
4865,5.9,1.6315044264564946,4.111558901388616,1.7884410986113846,30.312560993413296
6264,11.09,2.4487163667689673,10.573481075340304,0.516518924659696,4.6575196091947335
4955,38.0,3.607753294844879,35.88309422004597,2.116905779954031,5.5708046840895555
1158,12.0,2.418489258154922,10.228882551613223,1.7711174483867769,14.759312069889807
4818,10.8,2.472568315898632,10.852849655145942,0.0528496551459412,0.4893486587587148
3256,8.8,2.1612058728206556,7.681600254702348,1.118399745297653,12.709088014746056
5728,38.699,3.6851181097771537,38.84982882632368,0.1508288263236821,0.3897486403361382
4650,17.5,2.884235763612479,16.88989026471977,0.6101097352802292,3.4863413444584523
7219,15.49,2.944517274927923,18.001487677706837,2.511487677706837,16.213606699204888
5702,14.19,2.7134010535624755,14.080477907591236,0.10952209240876343,0.7718258802590799
2807,4.59,1.3373500776922498,2.8089367337811577,1.7810632662188421,38.80312126838436
2851,8.6,2.607183786257331,12.560806894789696,3.9608068947896964,46.05589412546159
4559,10.49,2.2683462014705067,8.663406264766703,1.8265937352332973,17.412714349221137
2995,6.5,2.0535276175361776,6.795351679564039,0.29535167956403896,4.543871993292907
904,5.95,1.6230437553269788,4.068494117941556,1.8815058820584438,31.621947597620903
6841,21.169,2.9065867226606006,17.294248533479283,3.874751466520717,18.303894688085016
2357,23.8,3.3267093446710247,26.84655734838944,3.046557348389438,12.800661127686713
3383,12.8,2.491511591597463,11.07952163048879,1.720478369511211,13.441237261806336
3470,9.0,2.7180409047695693,14.15061166048214,5.15061166048214,57.22901844980155
1616,7.8,2.2656475454032403,8.63736321124743,0.837363211247431,10.735425785223473
3575,5.8,2.010239219512665,6.465102932022719,0.6651029320227195,11.4672919314262
6977,26.95,3.290622328767212,25.859573941252307,1.090426058747692,4.046107824666761
5006,10.9,2.3275855775670307,9.253156173645577,1.6468438263544236,15.108658957380033
3820,3.65,1.6192080895391607,4.049090305516952,0.3990903055169519,10.933980973067175
1860,7.5,1.8208719013605688,5.177242048305582,2.3227579516944177,30.970106022592237
2088,4.99,1.6280146986158526,4.0937520406015695,0.8962479593984307,17.96088094986835
7077,27.52,3.0554712295645077,20.231187933455967,7.288812066544033,26.48550896273268
6930,27.699,3.25531369583907,24.92774668467288,2.7712533153271224,10.004885791281716
5213,4.1,2.1726838747748514,7.781821750352435,3.6818217503524355,89.80053049640088
2251,3.2,1.1560513502612302,2.177362182675035,1.022637817324965,31.957431791405156
3784,14.0,2.8436961258374054,16.179144616747916,2.179144616747916,15.565318691056543
3127,6.5,1.8987158248505334,5.677314093299163,0.822685906700837,12.656706256935953
254,11.7,2.2732982858633415,8.71137895247441,2.988621047525589,25.543769636970847
6705,16.78,2.8352719256667847,16.035031933054846,0.7449680669451553,4.439618992521783
4989,2.999999,1.6752640171636433,4.3402048687126085,1.3402058687126086,44.67354384826824
221,14.85,2.713732404800094,14.085475670571544,0.7645243294284558,5.148311982683204
267,2.9,1.2896097546691072,2.6313691543464253,0.26863084565357465,9.263132608743954
107,8.1,1.9056821753086255,5.72399300544505,2.37600699455495,29.333419685863575
4800,5.5,1.645311854102297,4.18262587810255,1.3173741218974504,23.952256761771825
1226,5.4,2.1797214476171414,7.84384244219993,2.44384244219993,45.25634152222092
4938,4.9,1.8923719901740799,5.635088394645859,0.7350883946458584,15.001803972364455
3418,9.5,2.2465977347647086,8.455510892548606,1.044489107451394,10.994622183698883
4154,8.5,1.981605472983814,6.254380352592252,2.2456196474077483,26.419054675385272
1758,6.99,2.2577949130919013,8.561980903634026,1.5719809036340262,22.4889971907586
2284,9.99,2.260960905953465,8.592302039840717,1.3976979601592827,13.990970572164994
2526,3.3,1.4936984432878335,3.4535362489567216,0.1535362489567218,4.6526136047491455
4004,15.0,2.135212098837062,7.458840426828084,7.541159573171916,50.27439715447943
1210,15.5,2.9931229882866512,18.94788231917128,3.4478823191712813,22.24440205916956
6664,11.5,2.7134476156192866,14.08118010200799,2.5811801020079894,22.445044365286865
2464,13.6,2.4757239299648215,10.890311751113662,2.709688248886337,19.924178300634832
4240,13.5,2.6289262523612487,12.858880969365611,0.641119030634389,4.74902985655103
4198,14.5,2.6603794263485225,13.301714516655913,1.1982854833440868,8.264037816166116
376,4.5,1.713399697223233,4.547790260552204,0.04779026055220381,1.0620057900489734
755,1.8,1.2843227156510233,2.6122206280457014,0.8122206280457014,45.12336822476119
291,12.49,2.658999913960237,13.281998726521515,0.7919987265215145,6.341062662301958
5091,1.7,1.5616249427970494,3.766560343535801,2.0665603435358006,121.56237314916474
1465,1.35,1.2823816753972477,2.6052159627690323,1.2552159627690322,92.9789602051135
188,4.7,1.9399737936411245,5.9585686095015316,1.2585686095015314,26.77805552130918
1870,33.0,2.6489422916443512,13.139075715037613,19.860924284962387,60.18461904534057
1201,8.7,2.468086129344874,10.799841855964143,2.0998418559641436,24.136113286944184
1649,4.0,1.498461717750489,3.4748002674133875,0.5251997325866125,13.129993314665311
6030,128.96,4.809594422602652,121.68185044014324,7.278149559856772,5.643726395670573
3706,30.49,3.0974300428598665,21.140976740471952,9.349023259528046,30.662588584873884
4176,6.5,1.9921192432495165,6.331053597196063,0.1689464028039369,2.5991754277528756
501,10.0,2.3322312659219406,9.300899957383786,0.6991000426162142,6.991000426162142
6193,26.99,3.0734340937047153,20.616006754717286,6.373993245282712,23.61612910441909
2605,5.5,1.9084185426550722,5.742417516962288,0.24241751696228775,4.407591217496141
6874,64.89,4.357848622613447,77.08895476757108,12.198954767571081,18.799437151442568
3312,23.5,2.86628413317302,16.571603001334005,6.9283969986659955,29.4825404198553
2812,6.5,2.0089481106538725,6.455470890840258,0.0445291091597424,0.6850632178421907
4763,5.5,2.074507634232238,6.96062595424297,1.4606259542429703,26.55683553169037
6753,76.79,3.874787448942822,47.17245809596006,29.617541904039946,38.56952976173974
672,7.9,1.8987158248505334,5.677314093299163,2.2226859067008373,28.135264641782747
4766,13.8,2.749270969716428,14.631232087733155,0.831232087733154,6.023420925602565
3753,7.35,2.0573904549094593,6.825522089547689,0.524477910452311,7.135753883704911
1374,12.8,2.6322114431122534,12.904484904743853,0.10448490474385252,0.8162883183113478
7043,23.99,3.584568262253284,35.03779548308018,11.047795483080183,46.051669375073715
6988,15.58,2.879725388076972,16.809381839437904,1.2293818394379041,7.890769187663056
5718,79.99,4.3172757378660895,73.98407351599215,6.005926484007844,7.508346648340848
1192,4.9,1.898968296023928,5.679000135452988,0.7790001354529874,15.89796194802015
3053,52.9,3.5842970232485274,35.02802195284096,17.87197804715904,33.784457556066236
3950,2.8,1.341657189574712,2.825377631423028,0.02537763142302829,0.9063439793938677
216,13.0,2.4813592663765953,10.957506813436623,2.0424931865633766,15.711486050487514
4697,6.49,2.111826179203262,7.263317813355815,0.7733178133558152,11.915528711183592
421,1.2,1.0030206217814495,1.7265051432675538,0.5265051432675538,43.87542860562949
505,3.9,1.8240312072525064,5.19678870618214,1.2967887061821401,33.25099246620872
4836,2.9,1.3833055979845827,2.9880627950837244,0.0880627950837245,3.0366481063353277
6453,19.9,2.9838339376420455,18.763443387557494,1.1365566124425044,5.71133976101761
6845,49.5,3.5919384638000897,35.30438249234049,14.195617507659513,28.678015166988914
6252,20.59,3.0997538797062787,21.19248858741974,0.6024885874197388,2.9261223284105817
506,16.3,2.763021645409371,14.847656672854876,1.4523433271451243,8.910081761626529
1807,8.9,1.9297369475473736,5.887698177359268,3.0123018226407323,33.84608789483969
4436,20.89,3.159551296057579,22.560022082190333,1.6700220821903322,7.994361331691394
1438,5.99,1.3366725112170381,2.8063568000811405,3.1836431999188597,53.14930216892921
5520,76.49,4.28729468205218,71.76933777368632,4.720662226313678,6.171607041853417
7069,41.599,3.1637476128486504,22.659095124004292,18.939904875995705,45.529711954603975
4704,3.8,1.3382572904008927,2.8123938175104994,0.9876061824895004,25.989636381302645
1426,27.9,3.4300896580667657,29.879411213879912,1.9794112138799136,7.0946638490319485
2859,7.5,1.970466946050848,6.174025589278629,1.3259744107213711,17.67965880961828
3016,5.0,1.7203105238561294,4.586262862861577,0.41373713713842264,8.274742742768453
2688,20.49,3.084945884030056,20.86628349491616,0.3762834949161622,1.836425060596204
4664,12.0,1.7959944407630477,5.025463710196293,6.974536289803707,58.121135748364225
2280,2.95,1.6816875803463909,4.374618422583022,1.4246184225830216,48.292149918068525
347,6.5,2.031625754615339,6.626475062586855,0.12647506258685492,1.9457701936439218
4320,12.99,2.8290887772901727,15.930026768808194,2.9400267688081936,22.63300052970126
333,11.5,2.038201849867969,6.676792754675894,4.823207245324106,41.940932568035706
4386,6.5,1.986118951379466,6.287196844140287,0.21280315585971277,3.2738947055340426
3381,7.75,1.85238679610634,5.375017244792619,2.3749827552073812,30.644938776869434
5781,18.355,3.1118505580151474,21.462574259024368,3.107574259024368,16.930396398934175
6380,15.89,2.6004031241242838,12.469166686743359,3.420833313256642,21.52821468380517
5832,83.49,4.461455679038032,85.61349882843083,2.12349882843084,2.5434169702130074
6831,8.29,2.5726084049836855,12.099949889669034,3.809949889669035,45.95838226380018
3023,9.79,2.391590697922388,9.930867829822512,0.140867829822513,1.438895095224852
6726,5.65,1.8437555650079633,5.32022977946393,0.3297702205360702,5.836641071434871
746,14.5,2.707207800850322,13.987369317013878,0.5126306829861225,3.535384020593948
3410,34.0,2.9392794610073483,17.90222161655978,16.09777838344022,47.3464070101183
5257,5.7,1.8990210101205665,5.679352222191461,0.02064777780853877,0.3622417159392767
3704,5.0,1.578740821356098,3.848846401789009,1.1511535982109908,23.023071964219817
3589,2.5,1.3305549021941367,2.783142079071077,0.283142079071077,11.325683162843081
5019,7.8,2.068171230019934,6.910343683047498,0.889656316952502,11.405850217339768
4038,24.2,3.084945884030056,20.86628349491616,3.3337165050838387,13.775688037536524
3608,9.3,2.0457873790905388,6.735246712266146,2.564753287733855,27.577992341224245
6968,28.59,3.3476252384177467,27.435126753815716,1.1548732461842839,4.039430731669409
259,4.8,1.8821718525103437,5.567753575628808,0.7677535756288085,15.994866158933513
1795,11.49,2.2656475454032403,8.63736321124743,2.8526367887525694,24.827126098803912
4210,20.0,2.845483352635831,16.209875097370357,3.7901249026296426,18.950624513148213
3653,8.3,1.5897964816653616,3.9027510270602903,4.39724897293971,52.978903288430246
3265,4.59,1.8987158248505334,5.677314093299163,1.0873140932991632,23.68876020259615
3246,5.0,1.9253132299069327,5.8572962398024355,0.8572962398024355,17.14592479604871
1730,25.0,2.4470957893787197,10.554740542926181,14.445259457073819,57.781037828295275
599,11.5,2.8757204857972507,16.73819963952841,5.2381996395284105,45.54956208285574
45,13.0,2.652955983826423,13.195939653530951,0.19593965353095122,1.5072281040842401
4651,23.5,2.599863894510434,12.461905671045276,11.038094328954724,46.970614165764786
5070,6.0,1.9433191066515576,5.981886180145306,0.018113819854693958,0.30189699757823263
4575,6.0,1.5735333207632833,3.823661662961829,2.176338337038171,36.272305617302855
3921,14.2,2.163858405553892,7.704659052142313,6.495340947857686,45.74183766096962
3881,2.686686,1.4431861061037328,3.2341648471867543,0.5474788471867544,20.377477948176843
6979,5.85,2.561355316626989,11.953361329996243,6.103361329996243,104.3309629059187
6997,28.9,3.165940491969063,22.71103358628119,6.188966413718809,21.41510869798896
1421,1.9,1.3460227463339276,2.842114039888673,0.9421140398886729,49.5849494678249
4251,17.2,2.9139677812965896,17.429779018526656,0.2297790185266564,1.3359245263177697
3529,2.3,1.0991476177166863,2.001606417088232,0.29839358291176765,12.973634039642073
6651,12.09,2.815522628761651,15.701902394308505,3.6119023943085047,29.87512319527299
6497,96.79,4.5858014227602695,97.08176060793978,0.29176060793977854,0.301436726872382
7180,15.99,3.0996773721349458,21.190790758965274,5.200790758965274,32.52527053761898
3044,13.2,2.727233075027598,14.290520711140909,1.0905207111409094,8.261520538946284
1298,4.1,1.8987158248505334,5.677314093299163,1.5773140932991634,38.47107544632106
426,6.5,1.8097726926766788,5.109058640627725,1.3909413593722748,21.399097836496537
4603,8.2,1.9253063352705202,5.857248961401074,2.3427510385989256,28.570134617060074
805,19.9,2.839796217181908,16.11227799357371,3.7877220064262893,19.033778926765272
410,7.7,2.3704415611633074,9.70211688011467,2.002116880114669,26.00151792356713
6097,12.38,2.722136629094386,14.21279163829747,1.8327916382974685,14.804455882855155
3858,15.0,2.0729912156345454,6.948563461202573,8.051436538797427,53.67624359198284
438,8.8,2.471272873188434,10.837504908730976,2.037504908730975,23.153464871942898
2389,2.0,1.2616983719599535,2.5314140517277353,0.5314140517277353,26.570702586386762
4161,9.2,2.462459258533522,10.73363212174919,1.533632121749191,16.669914366839034
434,5.8,1.9668998507899098,6.148480744131701,0.3484807441317015,6.0082886919258875
751,10.5,2.152324759937041,7.604839348503461,2.895160651496539,27.572958585681324
3411,8.5,1.9123307682352402,5.768847040663902,2.7311529593360984,32.131211286307035
2874,6.99,1.9165436005802405,5.797423209455223,1.192576790544777,17.06118441408837
4383,14.6,2.807818582595642,15.57372454520656,0.9737245452065597,6.66934620004493
2142,9.0,2.144799302966733,7.540327046981933,1.4596729530180674,16.218588366867415
6044,24.0,3.477499462422041,31.378656716771033,7.378656716771033,30.74440298654597
4937,7.5,2.0036421717943362,6.416017379644646,1.0839826203553544,14.453101604738059
4856,5.9,2.196638144533326,7.994723652036933,2.094723652036933,35.503790712490385
1049,6.0,1.9148687717016606,5.786048217005975,0.21395178299402495,3.565863049900416
626,6.5,2.0264532125343457,6.587128647616264,0.0871286476162636,1.3404407325579015
1926,10.2,2.4426383341369493,10.503350423792536,0.30335042379253707,2.974023762671932
1223,7.6,1.9165436005802405,5.797423209455223,1.8025767905447765,23.71811566506285
210,7.89,2.445071386095867,10.531372749138304,2.6413727491383048,33.47747464053618
2431,3.89,1.290817982490322,2.63575932721824,1.2542406727817603,32.242690817011834
6216,14.59,2.7366674986808204,14.435460598488843,0.15453940151115653,1.059214540857824
4927,16.0,2.81718223050335,15.729643914181818,0.2703560858181824,1.6897255363636399
51,18.8,2.7511763226206236,14.661043492792407,4.138956507207594,22.015726102168053
1109,12.5,2.5925081713964904,12.363246918417504,0.136753081582496,1.094024652659968
1436,7.2,2.182582025530005,7.869177161247833,0.6691771612478332,9.294127239553239
7277,10.49,2.6454700933033926,13.090067172724723,2.6000671727247227,24.786150359625573
3882,2.8,1.6744460345141212,4.335838459851915,1.5358384598519148,54.85137356613981
1786,10.8,1.8990210101205665,5.679352222191461,5.120647777808539,47.41340535007906
5456,22.0,3.1952939340340416,23.417349727709002,1.4173497277090021,6.4424987623136465
4338,6.0,1.7975012434826487,5.0345497390090195,0.9654502609909805,16.09083768318301
6336,19.592,3.146247374777251,22.248657182574437,2.6566571825744383,13.55990803682339
1558,2.8,1.4938763822525958,3.454328777095119,0.6543287770951194,23.368884896254265
2249,26.49,2.8278660100111686,15.90933793743341,10.580662062566589,39.94209914143673
5044,36.0,3.0671862472936398,20.481374283947183,15.518625716052817,43.10729365570227
3786,8.5,2.59233123298313,12.360882655881014,3.8608826558810136,45.42214889271781
4233,12.8,2.770545655384049,14.96734430055595,2.16734430055595,16.932377348093357
4561,13.0,2.363835109465635,9.631646896461135,3.3683531035388654,25.910408488760506
3733,3.5,1.6392114494062744,4.1511060026070785,0.6511060026070785,18.603028645916527
5661,63.05,4.41122249300678,81.37009884847619,18.320098848476192,29.05646129813829
5664,70.99,4.28729468205218,71.76933777368632,0.7793377736863221,1.097813457791692
6291,8.89,2.3043301170168466,9.017465474632388,0.12746547463238755,1.4338073636938982
6970,20.49,3.3149999750522947,26.522393297947882,6.032393297947884,29.440670072952095
4693,29.5,2.781764546981506,15.147488826854524,14.352511173145476,48.652580247950766
3164,1.0,1.0119587546585875,1.7509842442872476,0.7509842442872476,75.09842442872477
2112,5.4,1.7481716901373467,4.744091091322617,0.6559089086773833,12.146461271803394
705,7.2,2.110575534450748,7.252989797979483,0.05298979797948267,0.7359694163817038
2943,26.5,2.86628413317302,16.571603001334005,9.928396998665995,37.46564905156979
6952,20.99,2.755892669006314,14.735080854347002,6.2549191456529964,29.79951951240113
57,3.8,1.8443852705191062,5.324210916328107,1.5242109163281068,40.11081358758176
4881,9.8,2.4031572102461056,10.05803386330102,0.2580338633010193,2.6329986051124417
5640,17.2,3.2344743539437246,24.393020529041852,7.193020529041853,41.81988679675496
527,4.5,2.141180726370913,7.509479065960681,3.009479065960681,66.87731257690402
1935,3.8,1.6201740689031268,4.05396997901139,0.25396997901138985,6.683420500299733
5058,1.95,1.4733603467217233,3.3638746622688593,1.4138746622688594,72.50639293686459
565,4.0,1.9474840751124605,6.011026157301968,2.011026157301968,50.275653932549204
1871,4.9,1.8818553825883284,5.565675408023028,0.665675408023028,13.585212408633224
6095,18.85,3.1355402260991623,22.001058258255423,3.1510582582554214,16.71648943371576
640,5.5,1.5730303036582043,3.821235888790344,1.6787641112096559,30.52298384017556
5282,5.0,1.670765058988809,4.316233473947431,0.6837665260525689,13.675330521051379
1747,41.0,3.362352771516747,27.857005011831063,13.142994988168937,32.056085336997405
730,6.5,2.1872470069757726,7.910648364132099,1.4106483641320988,21.70228252510921
