sample_id,y_true_price,raw_prediction,y_pred_price,absolute_error,absolute_percentage_error
3909,5.5,4.497241697241133,4.497241697241133,1.002758302758867,18.231969141070305
6004,37.499,28.092285673083584,28.092285673083584,9.406714326916418,25.085240478189867
1768,27.49,17.610939005373076,17.610939005373076,9.879060994626922,35.936926135419874
3360,7.8,7.809220901925961,7.809220901925961,0.009220901925961478,0.1182166913584805
4700,12.99,11.415845451155414,11.415845451155414,1.5741545488445858,12.118202839450237
865,3.5,2.872467100158545,2.872467100158545,0.6275328998414551,17.929511424041575
7074,52.5,45.520960090033306,45.520960090033306,6.979039909966694,13.293409352317513
2233,26.0,32.566981354194986,32.566981354194986,6.566981354194986,25.257620593057638
1720,22.0,12.38702559790342,12.38702559790342,9.61297440209658,43.695338191348085
1662,4.7,11.720487308533611,11.720487308533611,7.020487308533611,149.37207039433216
1566,11.49,18.236817870444614,18.236817870444614,6.746817870444614,58.719041518229886
5141,3.2,4.810432336183343,4.810432336183343,1.6104323361833428,50.32601050572946
7264,63.86,53.23259536021998,53.23259536021998,10.627404639780018,16.641723519855965
5464,127.0,107.9589874517655,107.9589874517655,19.041012548234505,14.992923266326383
6348,31.79,27.53774495360936,27.53774495360936,4.252255046390641,13.376077528753195
6283,17.99,31.583693155940086,31.583693155940086,13.593693155940088,75.56249669783263
6419,30.9,32.527727843934045,32.527727843934045,1.6277278439340463,5.267727650271995
763,7.9,13.741204349792966,13.741204349792966,5.8412043497929655,73.93929556699956
3297,4.8,5.453741220196358,5.453741220196358,0.6537412201963582,13.619608754090795
2654,3.59,3.8753539648804285,3.8753539648804285,0.28535396488042863,7.948578408925588
2189,3.1399,4.977248003855918,4.977248003855918,1.8373480038559178,58.51613120978113
3945,1.9,2.070190208486199,2.070190208486199,0.17019020848619926,8.957379394010488
6006,20.04,23.425063629640594,23.425063629640594,3.3850636296405945,16.89153507804688
1197,19.8,12.463842710622856,12.463842710622856,7.3361572893771445,37.05129944129871
429,7.5,7.1206537798904845,7.1206537798904845,0.37934622010951546,5.057949601460207
4271,5.7,5.712191707005735,5.712191707005735,0.012191707005734465,0.2138895965918327
3905,5.1,6.13128589379842,6.13128589379842,1.0312858937984206,20.22129203526315
2316,2.7,5.8316711483467625,5.8316711483467625,3.1316711483467623,115.98782030913935
4584,13.5,9.119986619950907,9.119986619950907,4.380013380049093,32.4445435559192
7086,51.49,56.103784777256905,56.103784777256905,4.613784777256903,8.96054530444145
1992,16.5,15.283480750276816,15.283480750276816,1.2165192497231843,7.372843937716269
7240,13.1,12.81093209219656,12.81093209219656,0.28906790780343883,2.2066252504079302
554,7.2,11.033911131576858,11.033911131576858,3.8339111315768575,53.24876571634524
1905,11.999,8.711794484823697,8.711794484823697,3.2872055151763035,27.395662264991277
2034,14.5,12.879924873599592,12.879924873599592,1.6200751264004083,11.172931906209712
1215,6.2,5.8708132656270795,5.8708132656270795,0.3291867343729207,5.309463457627753
1615,7.0,7.552507890159586,7.552507890159586,0.5525078901595863,7.892969859422662
1002,3.2,3.0852884115840933,3.0852884115840933,0.1147115884159069,3.5847371379970907
2388,9.95,8.176315225893095,8.176315225893095,1.7736847741069042,17.825977629215117
6001,38.9,44.462677469435235,44.462677469435235,5.562677469435236,14.299942080810377
1533,4.95,4.56894768730896,4.56894768730896,0.38105231269104056,7.69802651901092
5326,26.5,25.452076681200722,25.452076681200722,1.0479233187992776,3.9544276181104814
2764,22.5,20.24171265712903,20.24171265712903,2.2582873428709718,10.036832634982098
6702,12.99,19.37792720728436,19.37792720728436,6.387927207284358,49.175729078401524
496,10.89,12.426829275068643,12.426829275068643,1.5368292750686425,14.112298209996716
2691,29.5,25.726173223353083,25.726173223353083,3.773826776646917,12.79263314117599
7213,26.25,28.400280109842477,28.400280109842477,2.150280109842477,8.191543275590387
5400,13.99,13.549299490425321,13.549299490425321,0.440700509574679,3.1501108618633236
5931,44.99,34.375718975529196,34.375718975529196,10.614281024470806,23.59253395081308
828,4.8,3.496615510210818,3.496615510210818,1.303384489789182,27.153843537274625
3552,1.55,4.0033830842823654,4.0033830842823654,2.4533830842823656,158.28277963112038
61,6.9,9.700859027133248,9.700859027133248,2.8008590271332476,40.59215981352533
1429,10.0,13.034424417557187,13.034424417557187,3.0344244175571866,30.344244175571866
2970,3.2,4.239425999829818,4.239425999829818,1.0394259998298176,32.4820624946818
3955,29.9,27.775075440049754,27.775075440049754,2.1249245599502444,7.106771103512524
4121,14.5,14.378562967009966,14.378562967009966,0.12143703299003406,0.8374967792416141
3550,16.4,15.05440312595395,15.05440312595395,1.3455968740460484,8.204858988085661
5189,4.6,3.0261946562814206,3.0261946562814206,1.573805343718579,34.21315964605607
465,5.95,6.436718038006088,6.436718038006088,0.4867180380060878,8.180135092539292
5636,7.5,13.168386514589475,13.168386514589475,5.668386514589475,75.578486861193
6951,12.9,21.925340422180035,21.925340422180035,9.025340422180035,69.9638792417057
4230,8.2,7.105057700735097,7.105057700735097,1.0949422992649023,13.352954869084174
6145,42.45,64.55012266451851,64.55012266451851,22.10012266451851,52.06153749003182
1902,8.9,7.727860570806184,7.727860570806184,1.172139429193816,13.170105945997934
185,4.7,4.56894768730896,4.56894768730896,0.13105231269104056,2.788347078532778
2662,4.8,6.83856117563602,6.83856117563602,2.03856117563602,42.47002449241709
932,2.0,4.598774749239855,4.598774749239855,2.5987747492398547,129.93873746199273
6485,20.95,24.988844460402433,24.988844460402433,4.038844460402434,19.278493844403023
5510,12.99,22.25037956633807,22.25037956633807,9.260379566338068,71.28852629975418
1487,18.99,9.700859027133248,9.700859027133248,9.28914097286675,48.915960889240395
1084,17.0,15.419114508151255,15.419114508151255,1.5808854918487452,9.299326422639677
7123,11.999,16.16228846806715,16.16228846806715,4.163288468067149,34.69696198072463
5735,99.69,78.8428758283104,78.8428758283104,20.8471241716896,20.911951220473068
2939,12.5,11.42881596313512,11.42881596313512,1.0711840368648797,8.569472294919038
1940,7.5,7.202342559228191,7.202342559228191,0.29765744077180933,3.9687658769574576
5481,17.86,16.934511614530766,16.934511614530766,0.9254883854692331,5.181905853691115
3268,2.2,2.981960724918695,2.981960724918695,0.7819607249186946,35.54366931448612
1703,22.5,29.373383418169155,29.373383418169155,6.873383418169155,30.548370747418467
6381,19.8,22.718845152850044,22.718845152850044,2.918845152850043,14.741642186111328
3244,1.5,2.4574520555793224,2.4574520555793224,0.9574520555793224,63.830137038621494
4438,1.5,2.3376223757671664,2.3376223757671664,0.8376223757671664,55.84149171781109
5549,17.5,14.461499354722525,14.461499354722525,3.038500645277475,17.362860830157
4063,8.0,8.7984461751317,8.7984461751317,0.7984461751316996,9.980577189146246
5269,5.299999,6.545458189372578,6.545458189372578,1.2454591893725784,23.499234421979672
7091,24.299,33.67594362571782,33.67594362571782,9.376943625717821,38.589833432313355
2718,22.0,17.637954661460384,17.637954661460384,4.362045338539616,19.82747881154371
1740,7.8,8.318752235077516,8.318752235077516,0.5187522350775167,6.650669680480983
5023,17.5,15.702971281174968,15.702971281174968,1.7970287188250325,10.268735536143042
3994,7.0,8.080495164321874,8.080495164321874,1.0804951643218743,15.435645204598206
101,12.6,13.42710405583144,13.42710405583144,0.8271040558314411,6.5643179034241355
4505,15.0,15.92244135949861,15.92244135949861,0.9224413594986096,6.149609063324064
736,8.2,11.151284015468281,11.151284015468281,2.951284015468282,35.99126848132052
7111,48.49,51.64145392189217,51.64145392189217,3.1514539218921698,6.499183175690184
538,25.5,17.607787414989257,17.607787414989257,7.892212585010743,30.94985327455193
4520,9.0,6.0218821541235865,6.0218821541235865,2.9781178458764135,33.090198287515705
5153,8.5,7.288342535855051,7.288342535855051,1.211657464144949,14.25479369582293
733,10.8,14.2413471610361,14.2413471610361,3.4413471610360986,31.86432556514906
5218,4.4,7.112981341517741,7.112981341517741,2.7129813415177404,61.658666852675914
79,3.7,2.826703041367198,2.826703041367198,0.8732969586328023,23.60262050358925
5808,17.79,15.119405830350429,15.119405830350429,2.6705941696495703,15.011771611296068
3113,5.5,5.712191707005735,5.712191707005735,0.21219170700573464,3.8580310364679025
5278,5.3,3.7816915056285243,3.7816915056285243,1.5183084943714755,28.64733008248067
3082,5.9,8.231594546935222,8.231594546935222,2.3315945469352215,39.518551642969854
4939,11.5,9.036659376715939,9.036659376715939,2.4633406232840613,21.42035324594836
132,8.9,7.0168507810611285,7.0168507810611285,1.8831492189388719,21.158979988077213
737,12.2,7.572736131952985,7.572736131952985,4.627263868047014,37.928392361041105
1041,9.0,10.082376710481903,10.082376710481903,1.0823767104819026,12.026407894243363
2095,13.5,15.215509473228352,15.215509473228352,1.7155094732283516,12.70747757946927
7199,21.99,23.735483086301556,23.735483086301556,1.745483086301558,7.93762203866102
6848,42.499,34.76435785431809,34.76435785431809,7.73464214568191,18.199586215397797
1634,9.3,15.283480750276816,15.283480750276816,5.983480750276815,64.33850269114855
6425,20.34,20.499933426118986,20.499933426118986,0.15993342611898598,0.7863000300835101
5527,23.9,29.656281341973788,29.656281341973788,5.756281341973789,24.08485917143845
6243,47.499,29.036712714312554,29.036712714312554,18.46228728568745,38.86879152337407
6607,41.0,49.2444115289558,49.2444115289558,8.244411528955801,20.10832080233122
3308,17.2,14.988640785843424,14.988640785843424,2.211359214156575,12.856739617189389
4726,5.0,8.17467872098364,8.17467872098364,3.174678720983639,63.49357441967278
5241,1.8,4.403471150284007,4.403471150284007,2.6034711502840073,144.63728612688928
5112,14.499,9.668878338081921,9.668878338081921,4.83012166191808,33.313481356769984
2647,7.5,8.308007456056206,8.308007456056206,0.808007456056206,10.77343274741608
3139,6.2,6.692713186033684,6.692713186033684,0.49271318603368375,7.946986871511028
5239,6.6,7.1925645983142825,7.1925645983142825,0.5925645983142829,8.978251489610347
319,9.0,7.680577952386872,7.680577952386872,1.319422047613128,14.6602449734792
5857,4.845,11.677546758388416,11.677546758388416,6.832546758388417,141.02263691204163
6898,38.8,41.23747213241132,41.23747213241132,2.4374721324113224,6.282144671163202
842,7.5,5.603665683901161,5.603665683901161,1.896334316098839,25.284457547984523
1894,5.5,4.609028748576259,4.609028748576259,0.8909712514237409,16.19947729861347
177,7.5,12.497909756251186,12.497909756251186,4.997909756251186,66.63879675001581
5163,3.8,2.1868172415673346,2.1868172415673346,1.6131827584326652,42.45217785349119
4671,7.3,6.4394845385404516,6.4394845385404516,0.8605154614595483,11.787883033692442
3832,22.9,14.575927723286412,14.575927723286412,8.324072276713586,36.34966059700256
3961,3.95,5.304849326746103,5.304849326746103,1.3548493267461028,34.299982955597535
1509,4.0,3.043393781299544,3.043393781299544,0.9566062187004558,23.915155467511397
6654,19.49,14.657087640146203,14.657087640146203,4.832912359853795,24.796882297864524
2177,11.4,7.790911168238856,7.790911168238856,3.6090888317611443,31.65867396281705
3671,1.4,2.409453665717935,2.409453665717935,1.0094536657179352,72.10383326556679
1755,6.9,4.938292719513374,4.938292719513374,1.9617072804866265,28.43054029690763
2245,4.0,5.5063865375201075,5.5063865375201075,1.5063865375201075,37.65966343800269
3193,4.799,5.453741220196358,5.453741220196358,0.6547412201963576,13.643284438348772
1038,13.5,11.583495839807355,11.583495839807355,1.9165041601926447,14.19632711253811
6559,8.1,5.877881752687175,5.877881752687175,2.2221182473128245,27.4335586088003
3450,7.29,6.081531876878428,6.081531876878428,1.2084681231215724,16.577066160789744
5444,41.29,34.999655356688535,34.999655356688535,6.290344643311464,15.234547452921928
3433,17.49,13.961173937636605,13.961173937636605,3.528826062363393,20.17624964187189
3002,15.9,16.12787304281393,16.12787304281393,0.22787304281393084,1.4331637912825839
2516,1.5,1.7409668841060064,1.7409668841060064,0.24096688410600642,16.064458940400428
3698,5.35,4.408276649571112,4.408276649571112,0.9417233504288873,17.602305615493222
2045,4.99,5.750428339195713,5.750428339195713,0.7604283391957125,15.239044873661573
4239,9.49,5.864347730077617,5.864347730077617,3.6256522699223837,38.20497650076273
4710,4.99,5.88706465764311,5.88706465764311,0.89706465764311,17.977247648158517
1728,31.5,27.579010590204092,27.579010590204092,3.920989409795908,12.447585427923517
3319,9.19,11.773798230271154,11.773798230271154,2.583798230271155,28.115323506759033
5372,2.899,6.191517612479274,6.191517612479274,3.2925176124792737,113.57425362122365
2771,27.5,19.777267259131385,19.777267259131385,7.722732740868615,28.08266451224951
4552,1.5,3.0494225074818413,3.0494225074818413,1.5494225074818413,103.29483383212275
3379,5.0,10.692632451135054,10.692632451135054,5.692632451135054,113.85264902270109
3857,6.7,7.862309523054434,7.862309523054434,1.162309523054434,17.347903329170656
5435,23.49,30.29755154158955,30.29755154158955,6.80755154158955,28.980636618090895
4104,3.2,3.600161271304877,3.600161271304877,0.400161271304877,12.505039728277406
6784,28.799,17.478462282835885,17.478462282835885,11.320537717164115,39.308787517497535
2412,21.49,13.80573546178406,13.80573546178406,7.684264538215938,35.75739664130265
6248,27.89,34.28400514560043,34.28400514560043,6.394005145600431,22.925798299033456
3045,11.5,11.508008181257807,11.508008181257807,0.008008181257807223,0.06963635876354107
1918,14.9,13.384640926828881,13.384640926828881,1.515359073171119,10.17019512195382
3824,4.0,7.039027337859666,7.039027337859666,3.0390273378596664,75.97568344649166
1550,13.5,13.69438886796163,13.69438886796163,0.19438886796162969,1.439917540456516
1934,7.9,7.422549182266071,7.422549182266071,0.4774508177339296,6.043681237138349
7148,19.199,16.242061824178016,16.242061824178016,2.9569381758219855,15.401521828334733
3370,8.99,7.748120294018446,7.748120294018446,1.241879705981554,13.814012302353214
2481,10.7,11.397984686163591,11.397984686163591,0.6979846861635917,6.523221366014875
6017,21.999,17.055433591243403,17.055433591243403,4.943566408756595,22.471777847886703
5643,21.1,17.954918015704166,17.954918015704166,3.1450819842958353,14.905601821307277
3889,2.9,5.464746742377429,5.464746742377429,2.564746742377429,88.43954284060099
3664,26.0,23.461307115555464,23.461307115555464,2.5386928844445364,9.764203401709755
1600,14.8,15.283480750276816,15.283480750276816,0.48348075027681503,3.266761826194696
2275,23.49,16.56174962634525,16.56174962634525,6.928250373654748,29.494467320795014
4024,8.2,6.536355350672569,6.536355350672569,1.6636446493274306,20.28834938204184
2312,8.0,8.39094083175769,8.39094083175769,0.3909408317576908,4.886760396971135
3935,6.9,5.770777572845093,5.770777572845093,1.1292224271549074,16.36554242253489
4352,1.0,3.8922231427267366,3.8922231427267366,2.8922231427267366,289.22231427267366
1672,1.3,5.053270492292999,5.053270492292999,3.753270492292999,288.71311479176916
3792,15.9,17.86813228032643,17.86813228032643,1.9681322803264312,12.378190442304598
1034,4.6,5.5063865375201075,5.5063865375201075,0.9063865375201079,19.704055163480607
3439,10.5,9.83879537974494,9.83879537974494,0.6612046202550594,6.297186859571995
3221,8.9,10.894506087135383,10.894506087135383,1.9945060871353828,22.410180754330142
2955,5.5,4.984962703805669,4.984962703805669,0.5150372961943308,9.36431447626056
4490,2.0,1.1661939668480006,1.1661939668480006,0.8338060331519994,41.690301657599974
7244,46.49,35.875964016494926,35.875964016494926,10.614035983505076,22.830793683598785
6285,16.09,21.683341849960154,21.683341849960154,5.593341849960154,34.762845555998474
2268,16.49,18.914044760955036,18.914044760955036,2.424044760955038,14.700089514584826
1699,2.6,2.544482775704889,2.544482775704889,0.05551722429511097,2.135277857504268
3519,10.5,8.450525264384957,8.450525264384957,2.0494747356150427,19.51880700585755
87,8.5,9.258979265372146,9.258979265372146,0.7589792653721457,8.929167827907596
7113,22.59,20.901647366694327,20.901647366694327,1.6883526333056729,7.473893905735604
676,5.3,5.578443957306716,5.578443957306716,0.2784439573067159,5.253659571824828
4407,24.99,16.659294219066975,16.659294219066975,8.330705780933023,33.3361575867668
3317,4.9,5.453741220196358,5.453741220196358,0.5537412201963576,11.300841228497093
6902,67.0,62.814727429182,62.814727429182,4.185272570818,6.246675478832836
2569,4.1,5.873938500265499,5.873938500265499,1.7739385002654995,43.26679268940243
393,2.999,3.9372410484417824,3.9372410484417824,0.9382410484417822,31.28512999138987
1149,5.6,4.859588332287689,4.859588332287689,0.7404116677123103,13.221636923434113
1168,5.9,5.831435943006852,5.831435943006852,0.06856405699314827,1.162102660900818
2208,3.4,3.6157603274048,3.6157603274048,0.2157603274048001,6.345891982494122
230,18.5,27.43747090496484,27.43747090496484,8.93747090496484,48.310653540350486
2802,4.999999,5.453741220196358,5.453741220196358,0.4537422201963581,9.074846218896408
1543,4.4,4.722701504478843,4.722701504478843,0.32270150447884305,7.334125101791887
2345,28.5,25.45816534500186,25.45816534500186,3.0418346549981408,10.673104052625055
3599,6.0,6.361928675806428,6.361928675806428,0.3619286758064284,6.032144596773806
2892,2.2,4.272319116228921,4.272319116228921,2.072319116228921,94.19632346495095
4691,25.9,27.0544429982472,27.0544429982472,1.1544429982472018,4.4573088735413195
2942,16.0,23.175520343031685,23.175520343031685,7.175520343031685,44.84700214394803
5121,24.49,18.649853647302848,18.649853647302848,5.84014635269715,23.847065547967134
7189,54.99,51.037604214519504,51.037604214519504,3.9523957854804976,7.18748097014093
970,3.2,3.5723685722207303,3.5723685722207303,0.37236857222073017,11.636517881897818
3718,5.6,5.00900174774387,5.00900174774387,0.5909982522561297,10.553540218859458
5329,7.0,7.043438006026353,7.043438006026353,0.04343800602635284,0.6205429432336119
169,10.5,14.186485634972243,14.186485634972243,3.686485634972243,35.10938699973565
1056,9.0,5.590375656960656,5.590375656960656,3.4096243430393436,37.88471492265938
5968,24.1145,18.721782958536053,18.721782958536053,5.392717041463946,22.362964363615028
251,3.7,6.835785172121407,6.835785172121407,3.135785172121407,84.75095059787586
5889,51.0,27.971265712104625,27.971265712104625,23.028734287895375,45.1543809566576
2705,10.5,7.132778049046968,7.132778049046968,3.3672219509530317,32.06878048526697
1729,4.3,5.183750402912162,5.183750402912162,0.8837504029121623,20.552334951445637
2533,8.6,5.575728780098114,5.575728780098114,3.0242712199018857,35.16594441746379
95,7.5,3.109715064962021,3.109715064962021,4.390284935037979,58.537132467173045
5646,17.5,27.28479397593314,27.28479397593314,9.784793975933141,55.91310843390366
5174,23.49,12.272722881103384,12.272722881103384,11.217277118896614,47.753414724974945
3692,2.8,6.721103683365358,6.721103683365358,3.9211036833653585,140.03941726304853
1172,6.69,6.13128589379842,6.13128589379842,0.5587141062015801,8.351481408095369
1383,11.9,13.92913021914952,13.92913021914952,2.02913021914952,17.051514446634624
5263,7.2,9.565224359125267,9.565224359125267,2.365224359125267,32.85033832118426
711,13.7,15.283480750276816,15.283480750276816,1.5834807502768165,11.558253651655596
2354,7.9,8.085194065291404,8.085194065291404,0.18519406529140348,2.3442286745747274
2215,7.0,7.572736131952985,7.572736131952985,0.5727361319529853,8.181944742185506
3779,7.49,8.81753793845509,8.81753793845509,1.3275379384550892,17.724138030108
5242,5.5,12.286967180642993,12.286967180642993,6.786967180642993,123.39940328441806
69,5.5,6.707380328278381,6.707380328278381,1.207380328278381,21.952369605061474
263,6.5,8.921353952849417,8.921353952849417,2.421353952849417,37.25159927460642
408,16.0,9.712824382453146,9.712824382453146,6.287175617546854,39.29484760966784
7137,54.99,53.62728553772121,53.62728553772121,1.3627144622787952,2.4781132247295785
6024,24.39,24.31950553398556,24.31950553398556,0.07049446601444131,0.289030200961219
3217,1.79,6.570647750123978,6.570647750123978,4.780647750123978,267.07529330301554
5196,11.6,13.539836102016565,13.539836102016565,1.9398361020165655,16.722725017384185
37,13.8,13.80573546178406,13.80573546178406,0.005735461784059481,0.04156131727579334
3504,6.99,6.154002821363914,6.154002821363914,0.8359971786360862,11.959902412533422
1862,31.0,24.070471330354465,24.070471330354465,6.929528669645535,22.353318289179143
4602,13.3,13.69438886796163,13.69438886796163,0.394388867961629,2.9653298342979624
6222,20.66,20.244256208524156,20.244256208524156,0.41574379147584395,2.012312640250939
6474,9.29,9.56449376260784,9.56449376260784,0.2744937626078414,2.9547229559509303
2333,28.5,31.09504644405487,31.09504644405487,2.5950464440548693,9.10542611949077
1575,6.8,9.119986619950907,9.119986619950907,2.3199866199509076,34.1174502933957
6763,35.89,40.176584322578165,40.176584322578165,4.286584322578165,11.94367323092272
5733,20.0,33.29544082625689,33.29544082625689,13.295440826256893,66.47720413128447
3295,11.0,10.87873885656538,10.87873885656538,0.12126114343461936,1.1023740312238124
3985,19.5,15.500535123381791,15.500535123381791,3.999464876618209,20.510076290349787
5958,89.09,95.79680120569574,95.79680120569574,6.70680120569574,7.528118987199169
3641,13.8,10.815198150224692,10.815198150224692,2.984801849775309,21.62899891141528
1163,5.39,5.453741220196358,5.453741220196358,0.0637412201963583,1.1825829349973713
3781,8.5,9.946897221738386,9.946897221738386,1.4468972217383858,17.022320255745715
1554,23.99,22.258246417529406,22.258246417529406,1.731753582470592,7.218647696834482
19,10.0,5.136430165258744,5.136430165258744,4.863569834741256,48.63569834741256
3257,7.1,12.439840832954937,12.439840832954937,5.339840832954938,75.20902581626673
3279,6.699999,7.680577952386872,7.680577952386872,0.980578952386872,14.635508936447184
982,1.7,2.798316919187892,2.798316919187892,1.0983169191878919,64.60687759928776
6602,12.15,15.196196121211543,15.196196121211543,3.0461961212115423,25.071573014086766
239,4.8,5.150670243780256,5.150670243780256,0.35067024378025646,7.3056300787553425
7053,20.99,24.909395042780062,24.909395042780062,3.9193950427800637,18.672677669271387
2509,22.05,19.880899317607202,19.880899317607202,2.1691006823927985,9.8371913033687
3800,7.3,4.679383107689313,4.679383107689313,2.6206168923106867,35.89886153850256
6775,25.99,35.4480846308022,35.4480846308022,9.458084630802201,36.391245212782614
1322,2.5,4.183769281277536,4.183769281277536,1.6837692812775362,67.35077125110145
3842,10.9,13.558583199597681,13.558583199597681,2.6585831995976807,24.390671555942024
3166,10.9,8.103212091887364,8.103212091887364,2.796787908112636,25.658604661583816
4381,12.0,14.461496545955752,14.461496545955752,2.461496545955752,20.512471216297932
5635,15.999,27.37716665948645,27.37716665948645,11.378166659486448,71.1179864959463
5514,28.49,27.88654933600668,27.88654933600668,0.6034506639933177,2.1181139487304943
1965,4.5,4.7876676641908205,4.7876676641908205,0.28766766419082046,6.39261475979601
2486,4.686,9.935744492185716,9.935744492185716,5.249744492185716,112.03039889427477
4706,3.0,4.679726820545209,4.679726820545209,1.6797268205452092,55.99089401817364
2676,6.2,5.371983648822255,5.371983648822255,0.8280163511777454,13.355102438350732
1726,6.799999,8.982477908079941,8.982477908079941,2.1824789080799416,32.09528277989367
332,4.0,3.987084289489287,3.987084289489287,0.012915710510712941,0.3228927627678235
4728,4.99,5.453741220196358,5.453741220196358,0.4637412201963578,9.293411226379915
3544,4.75,8.371257553930032,8.371257553930032,3.6212575539300325,76.23700113536911
6459,13.19,9.436829748729718,9.436829748729718,3.753170251270282,28.45466452820532
1562,25.0,27.567044190680285,27.567044190680285,2.567044190680285,10.26817676272114
3989,4.5,5.196670589345027,5.196670589345027,0.6966705893450271,15.481568652111713
1320,29.5,30.42400023536473,30.42400023536473,0.9240002353647299,3.1322041876770506
6674,35.99,37.30226110623905,37.30226110623905,1.312261106239049,3.646182568044037
2036,10.799,12.389819593449753,12.389819593449753,1.590819593449753,14.731175048150321
3774,5.5,4.685952439803199,4.685952439803199,0.8140475601968014,14.800864730850934
3121,8.2,7.835100369526997,7.835100369526997,0.3648996304730021,4.449995493573197
2650,3.6,5.884709633819295,5.884709633819295,2.2847096338192947,63.46415649498041
4595,3.95,3.675603389438095,3.675603389438095,0.27439661056190534,6.946749634478616
2471,3.55,2.9271787294670073,2.9271787294670073,0.6228212705329925,17.544261141774438
4397,10.8,7.971675719673367,7.971675719673367,2.8283242803266333,26.188187780802156
6418,5.8,7.208108167736388,7.208108167736388,1.4081081677363878,24.277727029937722
1888,13.8,23.779488837600567,23.779488837600567,9.979488837600567,72.31513650435193
5537,25.99,20.763383766930627,20.763383766930627,5.226616233069372,20.110104782875617
7214,57.99,54.05971337610779,54.05971337610779,3.930286623892215,6.777524786846378
2519,29.5,30.22568515664134,30.22568515664134,0.7256851566413403,2.459949683529967
1142,13.89,14.617010707902539,14.617010707902539,0.7270107079025383,5.234058372228497
308,11.3,7.219807853204124,7.219807853204124,4.080192146795877,36.10789510438829
5255,1.99,3.29569932214266,3.29569932214266,1.30569932214266,65.61303126345025
381,4.5,7.298428461589179,7.298428461589179,2.798428461589179,62.1872991464262
4118,7.5,6.952059245046479,6.952059245046479,0.5479407549535207,7.305876732713609
3617,7.2,5.864347730077617,5.864347730077617,1.3356522699223836,18.550725971144217
1400,9.8,7.601235589731004,7.601235589731004,2.1987644102689963,22.436371533357104
7075,23.5,20.894041928948667,20.894041928948667,2.605958071051333,11.089183281069502
6806,14.4,14.437063035536964,14.437063035536964,0.03706303553696344,0.2573821912289128
2465,4.3,2.740647859821019,2.740647859821019,1.559352140178981,36.2640032599763
994,10.5,12.050146695096455,12.050146695096455,1.5501466950964549,14.763301858061476
683,4.7,5.899887190579641,5.899887190579641,1.1998871905796404,25.529514693183835
3428,7.9,7.910775382182207,7.910775382182207,0.010775382182206528,0.13639724281274085
2906,11.9,10.947160935485416,10.947160935485416,0.9528390645145848,8.007050962307435
2984,12.8,9.743625041531079,9.743625041531079,3.056374958468922,23.877929363038454
457,2.7,4.1232728335304145,4.1232728335304145,1.4232728335304143,52.713808649274604
4028,4.8,4.648337571627627,4.648337571627627,0.1516624283723731,3.1596339244244396
3622,3.8,6.408102628992257,6.408102628992257,2.608102628992257,68.63427971032256
756,2.95,4.676643231354294,4.676643231354294,1.726643231354294,58.53027902895912
5845,21.99,25.468008280909757,25.468008280909757,3.4780082809097586,15.816317784946607
4100,1.5,2.8651640273605476,2.8651640273605476,1.3651640273605476,91.01093515736984
1046,11.89,7.896076817690684,7.896076817690684,3.9939231823093166,33.59060708418264
1024,4.49,2.346547925309485,2.346547925309485,2.143452074690515,47.73835355658163
2344,13.4,13.77212476891888,13.77212476891888,0.37212476891888,2.77705051432
2997,3.2,9.942074705908066,9.942074705908066,6.742074705908066,210.68983455962703
4591,3.55,7.197836194580398,7.197836194580398,3.647836194580398,102.75594914310982
4974,26.9,18.581555640878726,18.581555640878726,8.318444359121273,30.923584978145996
1515,28.2,30.790092050506185,30.790092050506185,2.590092050506186,9.18472358335527
5186,24.19,19.425645007933678,19.425645007933678,4.764354992066323,19.69555598208484
1737,4.3,5.776264289367504,5.776264289367504,1.4762642893675038,34.331727659709394
6156,22.85,27.60538514703699,27.60538514703699,4.755385147036989,20.811313553772383
1869,5.6,6.932051284888608,6.932051284888608,1.3320512848886086,23.786630087296583
6526,22.99,21.423992416490634,21.423992416490634,1.5660075835093643,6.811690228400889
1042,3.5,0.8659051268877658,0.8659051268877658,2.6340948731122342,75.2598535174924
3442,6.5,5.806697453749072,5.806697453749072,0.6933025462509281,10.666193019245048
50,7.5,9.830238060093393,9.830238060093393,2.330238060093393,31.069840801245242
786,6.5,5.816164272724411,5.816164272724411,0.6838357272755893,10.520549650393681
245,18.5,27.65892991625143,27.65892991625143,9.15892991625143,49.50772927703476
5303,4.25,10.069788135020222,10.069788135020222,5.819788135020222,136.9361914122405
3076,14.0,11.66964782332836,11.66964782332836,2.3303521766716404,16.645372690511717
5462,37.19,27.061259785231787,27.061259785231787,10.12874021476821,27.235117544415733
7234,54.95,42.71166731126593,42.71166731126593,12.238332688734076,22.271761035002864
625,7.5,9.641469180010045,9.641469180010045,2.141469180010045,28.552922400133934
6414,26.59,17.232504763986086,17.232504763986086,9.357495236013914,35.19178351265105
2272,5.7,4.423622784474611,4.423622784474611,1.2763772155253887,22.392582728515592
4812,12.99,13.668350251117435,13.668350251117435,0.6783502511174344,5.222095851558387
7182,57.28,34.62550040904249,34.62550040904249,22.654499590957514,39.55045319650404
4894,6.9,7.043438006026353,7.043438006026353,0.14343800602635248,2.07881168154134
6403,5.3,7.016900859708362,7.016900859708362,1.7169008597083621,32.394355843554
1025,12.5,9.935744492185716,9.935744492185716,2.564255507814284,20.514044062514273
5457,53.99,43.01828645901164,43.01828645901164,10.971713540988361,20.321751326149958
2926,7.5,9.967149766006024,9.967149766006024,2.467149766006024,32.89533021341365
321,31.8,33.143530963608384,33.143530963608384,1.3435309636083836,4.224940137133282
3326,17.0,21.13734948581204,21.13734948581204,4.137349485812042,24.33734991654142
3105,11.9,14.402678157457245,14.402678157457245,2.502678157457245,21.030908886195334
1893,4.5,3.518110138684939,3.518110138684939,0.9818898613150608,21.81977469589024
4920,6.8,5.777250074090441,5.777250074090441,1.022749925909559,15.04044008690528
2138,11.49,10.716503525196355,10.716503525196355,0.773496474803645,6.731910137542603
5476,40.49,27.97108098902171,27.97108098902171,12.51891901097829,30.918545346945642
3475,1.55,1.9140534229735096,1.9140534229735096,0.3640534229735095,23.48731761119416
4098,11.0,13.39136379551634,13.39136379551634,2.391363795516339,21.739670868330354
7001,45.499,38.17929028393402,38.17929028393402,7.319709716065979,16.087627675478537
5321,14.799,19.97956680031323,19.97956680031323,5.18056680031323,35.00619501529313
5339,2.7,3.2882803363885653,3.2882803363885653,0.5882803363885651,21.78816060698389
4296,24.5,23.292220704070676,23.292220704070676,1.207779295929324,4.929711411956425
3767,5.9,5.603665683901161,5.603665683901161,0.2963343160988394,5.022615527098973
2126,16.3,21.05629061467318,21.05629061467318,4.75629061467318,29.179697022534846
4279,5.9,5.105157607895334,5.105157607895334,0.7948423921046661,13.471904950926545
233,3.8,5.590375656960656,5.590375656960656,1.7903756569606566,47.115148867385706
65,15.0,12.150664559839797,12.150664559839797,2.8493354401602033,18.99556960106802
5856,20.709,30.256011827313174,30.256011827313174,9.547011827313174,46.10078626352394
1595,14.5,15.649419828124477,15.649419828124477,1.1494198281244774,7.92703329741019
5133,9.8,15.500535123381791,15.500535123381791,5.7005351233817905,58.16872574879378
2656,20.9,22.326058666278904,22.326058666278904,1.4260586662789052,6.823247207076102
3218,32.99,41.82911834271961,41.82911834271961,8.839118342719608,26.793326288934853
509,5.0,4.806480358436355,4.806480358436355,0.1935196415636451,3.8703928312729023
6253,15.5,19.85759308608271,19.85759308608271,4.357593086082709,28.113503781178768
6481,18.99,28.105965238509942,28.105965238509942,9.115965238509943,48.00402969199549
576,26.7,13.84792326315758,13.84792326315758,12.852076736842418,48.135118864578345
217,4.999999,4.778907487117877,4.778907487117877,0.22109151288212292,4.4218311420086875
5697,15.59,23.40314504983631,23.40314504983631,7.8131450498363115,50.11638903038045
7082,11.9,14.554175613531774,14.554175613531774,2.6541756135317733,22.30399675236784
3757,4.0,4.934833785835215,4.934833785835215,0.9348337858352149,23.370844645880375
3954,9.2,13.587859546162953,13.587859546162953,4.387859546162954,47.69412550177124
6731,24.5,22.61829508384467,22.61829508384467,1.8817049161553285,7.680428229205423
6889,39.9,22.8322871204917,22.8322871204917,17.0677128795083,42.7762227556599
2115,10.5,6.6885574687172475,6.6885574687172475,3.8114425312827525,36.29945267888336
3467,2.0,3.6743481186681244,3.6743481186681244,1.6743481186681244,83.71740593340621
4871,17.5,20.048261928999835,20.048261928999835,2.5482619289998354,14.561496737141916
6130,20.5,34.13776994014874,34.13776994014874,13.637769940148743,66.52570702511582
3478,9.0,9.935744492185716,9.935744492185716,0.9357444921857159,10.397161024285733
4487,4.499999,8.589732952235108,8.589732952235108,4.089733952235108,90.88299691255727
3933,29.99,25.727825500787425,25.727825500787425,4.262174499212573,14.211985659261666
3347,7.6,7.039027337859666,7.039027337859666,0.5609726621403333,7.381219238688595
1261,6.5,5.792948637774053,5.792948637774053,0.7070513622259469,10.877713265014567
4382,9.5,10.03456887620305,10.03456887620305,0.5345688762030498,5.627040802137366
3163,9.65,10.717692442802143,10.717692442802143,1.0676924428021426,11.064170391732048
1412,4.0,4.113284096660456,4.113284096660456,0.1132840966604558,2.832102416511395
1281,14.0,9.05393604310186,9.05393604310186,4.94606395689814,35.32902826355814
4588,6.0,8.262121446498362,8.262121446498362,2.2621214464983623,37.702024108306034
2917,6.2,5.3124249021692105,5.3124249021692105,0.8875750978307897,14.315727384367575
1565,13.6,19.268258589074904,19.268258589074904,5.668258589074904,41.678371978491946
6580,22.562,14.60807682136834,14.60807682136834,7.953923178631662,35.2536263568463
4002,7.6,6.566486985159701,6.566486985159701,1.033513014840299,13.598855458424985
6500,7.899,13.821841784284791,13.821841784284791,5.922841784284791,74.9821722279376
6365,25.4,28.462817439394584,28.462817439394584,3.0628174393945855,12.058336375569235
6900,21.699,19.33149671967275,19.33149671967275,2.367503280327252,10.910656160778155
3007,5.0,7.787638696242925,7.787638696242925,2.787638696242925,55.7527739248585
1315,9.2,10.431254656740723,10.431254656740723,1.2312546567407239,13.383202790660043
3885,2.3,4.666813905175923,4.666813905175923,2.366813905175923,102.90495239895318
3745,12.4,11.397984686163591,11.397984686163591,1.0020153138364094,8.080768659971044
6498,18.006229,38.45754349013617,38.45754349013617,20.451314490136166,113.57910915237257
1702,40.99,33.20790506173424,33.20790506173424,7.7820949382657645,18.98534993477864
1839,6.2,8.086441333603421,8.086441333603421,1.886441333603421,30.426473122635823
503,10.5,5.5589976600877335,5.5589976600877335,4.9410023399122665,47.05716514202158
7023,38.9,48.31041789885393,48.31041789885393,9.410417898853929,24.191305652580795
5818,9.79,11.066144955467811,11.066144955467811,1.276144955467812,13.035188513460797
4694,11.0,4.134636782548441,4.134636782548441,6.865363217451559,62.41239288592326
1721,36.0,39.85093445984998,39.85093445984998,3.850934459849981,10.697040166249947
7187,50.999,86.40619014315156,86.40619014315156,35.40719014315156,69.42722434391176
4618,14.99,14.617010707902539,14.617010707902539,0.37298929209746134,2.488254116727561
1803,18.8,18.581555640878726,18.581555640878726,0.2184443591212748,1.1619380804323127
1385,4.2,5.714024859081617,5.714024859081617,1.5140248590816165,36.04821093051468
1373,1.2,2.7591641786881294,2.7591641786881294,1.5591641786881294,129.9303482240108
5834,26.9,30.138615416546457,30.138615416546457,3.238615416546459,12.039462515042597
5654,44.99,58.985737888319804,58.985737888319804,13.995737888319802,31.108552763547014
5670,16.0,17.503845421069006,17.503845421069006,1.5038454210690055,9.399033881681284
856,6.9,6.527969645635535,6.527969645635535,0.3720303543644654,5.391744266151672
2458,13.899999,7.572736131952985,7.572736131952985,6.327262868047014,45.519880023351185
2726,7.8,13.081733687720044,13.081733687720044,5.2817336877200445,67.7145344579493
5886,37.99,30.845329528183697,30.845329528183697,7.144670471816305,18.80671353465729
4252,24.79,22.326058666278904,22.326058666278904,2.4639413337210954,9.939255077535682
3269,8.1,5.933245812908174,5.933245812908174,2.1667541870918257,26.750051692491677
2505,6.0,7.300299074916723,7.300299074916723,1.3002990749167234,21.671651248612058
318,1.7,2.059476038891887,2.059476038891887,0.3594760388918872,21.1456493465816
6053,30.49,36.01085003126154,36.01085003126154,5.520850031261542,18.1070843924616
176,4.7,5.792948637774053,5.792948637774053,1.092948637774053,23.254226335618146
5683,80.49,65.18685046933453,65.18685046933453,15.303149530665465,19.012485440011762
4967,2.0,2.870310847762207,2.870310847762207,0.870310847762207,43.51554238811035
3100,2.6,8.15291218566821,8.15291218566821,5.552912185668211,213.57354560262348
2840,1.85,2.8722813567284753,2.8722813567284753,1.0222813567284752,55.258451715052715
6504,14.2,19.779771598913808,19.779771598913808,5.579771598913808,39.29416618953386
3043,2.7,3.001209728072622,3.001209728072622,0.3012097280726218,11.155915854541549
3169,12.5,9.313074759826733,9.313074759826733,3.1869252401732666,25.495401921386136
468,4.6,5.944826667182745,5.944826667182745,1.3448266671827458,29.235362330059694
472,28.5,20.122008015447854,20.122008015447854,8.377991984552146,29.39646310369174
91,7.9,4.799631023644691,4.799631023644691,3.100368976355309,39.245176915889985
4304,2.7,4.614182637705509,4.614182637705509,1.9141826377055091,70.89565324835219
4149,5.8,6.730399736952229,6.730399736952229,0.9303997369522294,16.041374775038438
1047,5.6,6.717095732744223,6.717095732744223,1.1170957327442235,19.948138084718277
6571,129.29,118.14701971572319,118.14701971572319,11.142980284276803,8.618594078642435
6768,9.49,9.263792768015092,9.263792768015092,0.22620723198490822,2.383637850209781
435,5.5,7.804522491107602,7.804522491107602,2.304522491107602,41.90040892922913
6016,151.89,152.28863468527487,152.28863468527487,0.3986346852748852,0.2624495919908389
1335,20.49,16.63494833451309,16.63494833451309,3.855051665486908,18.814307786661338
1352,8.9,8.02225101962717,8.02225101962717,0.8777489803728304,9.862348094076747
4074,2.55,4.7642142471722515,4.7642142471722515,2.2142142471722517,86.83193126165693
4868,5.9,6.215099657910722,6.215099657910722,0.3150996579107215,5.3406721679783296
6046,25.09,24.428498607355586,24.428498607355586,0.6615013926444142,2.636514119746569
5546,18.99,20.704024887585724,20.704024887585724,1.714024887585726,9.025934110509354
4207,8.8,7.8947153931394825,7.8947153931394825,0.9052846068605183,10.287325077960434
3758,11.5,18.615061774115944,18.615061774115944,7.115061774115944,61.870102383616896
106,7.7,5.742840669042046,5.742840669042046,1.9571593309579542,25.4176536488046
5694,19.0,25.779827358274396,25.779827358274396,6.779827358274396,35.683301885654714
5676,26.99,28.56141039653641,28.56141039653641,1.571410396536411,5.8221948741623235
4791,4.1,6.33767432188845,6.33767432188845,2.2376743218884503,54.577422485084156
5900,27.9,16.147894655878375,16.147894655878375,11.752105344121624,42.12224137678002
5313,12.9,12.49840959093559,12.49840959093559,0.40159040906440957,3.113103946235733
3333,10.99,12.0262859748445,12.0262859748445,1.0362859748444997,9.429353729249316
4086,15.0,15.215509473228352,15.215509473228352,0.21550947322835157,1.4367298215223439
1617,12.99,12.341367561974266,12.341367561974266,0.648632438025734,4.993321308897106
2252,4.0,2.2073469499648457,2.2073469499648457,1.7926530500351543,44.81632625087886
4860,7.8,10.928598286605022,10.928598286605022,3.1285982866050217,40.11023444365412
5584,9.299,13.13646583359644,13.13646583359644,3.83746583359644,41.26751084628928
3494,15.9,18.628361936433866,18.628361936433866,2.728361936433865,17.15950903417525
1498,6.666,5.689178202299285,5.689178202299285,0.9768217977007154,14.653792344745206
996,6.5,7.896076817690684,7.896076817690684,1.396076817690684,21.478104887548984
5912,15.3205,11.185221516955703,11.185221516955703,4.135278483044296,26.991798459869432
6638,87.999,94.98159504564991,94.98159504564991,6.982595045649916,7.93485726616202
41,18.0,18.04406613847994,18.04406613847994,0.04406613847994123,0.24481188044411795
5253,17.2,21.27396250912613,21.27396250912613,4.07396250912613,23.685828541430986
5689,13.69,12.87615785822663,12.87615785822663,0.8138421417733692,5.944792854443895
3282,3.7,7.4150455748473485,7.4150455748473485,3.7150455748473483,100.40663715803643
1539,7.3,5.346212640585199,5.346212640585199,1.9537873594148012,26.764210402942485
1805,8.9,10.10623587401075,10.10623587401075,1.2062358740107495,13.55321206753651
1144,2.9,9.176790310624694,9.176790310624694,6.276790310624694,216.441045193955
6198,34.79,35.73230996918282,35.73230996918282,0.9423099691828227,2.7085655912124826
2615,6.5,6.918879638434199,6.918879638434199,0.4188796384341993,6.444302129756912
2114,14.99,15.633915886261967,15.633915886261967,0.6439158862619667,4.295636332634868
5792,10.89,8.354395821207808,8.354395821207808,2.535604178792193,23.283784929221238
4546,11.0,13.004117974089363,13.004117974089363,2.004117974089363,18.2192543099033
3172,1.0,4.80323635190596,4.80323635190596,3.8032363519059604,380.32363519059606
167,9.2,17.610939005373076,17.610939005373076,8.410939005373077,91.42325005840301
2337,11.3,11.331761866001688,11.331761866001688,0.03176186600168762,0.28107846019192584
6928,39.18,28.092285673083584,28.092285673083584,11.087714326916416,28.29942400948549
3964,5.4,3.09709504120012,3.09709504120012,2.30290495879988,42.64638812592371
2445,25.0,25.84816045712939,25.84816045712939,0.8481604571293886,3.3926418285175544
7257,17.99,22.860467942121034,22.860467942121034,4.870467942121035,27.07319589839375
3341,1.9,5.887344554809287,5.887344554809287,3.987344554809287,209.86023972680462
4103,1.3,3.3874330704346924,3.3874330704346924,2.0874330704346926,160.5717746488225
3017,18.5,14.402678157457245,14.402678157457245,4.097321842542755,22.14768563536624
6151,13.09,13.549711674119742,13.549711674119742,0.4597116741197418,3.511930283573276
4958,8.99,10.976732729952266,10.976732729952266,1.9867327299522657,22.099362958312188
6935,25.4,36.84067259962163,36.84067259962163,11.440672599621628,45.04201810874657
789,3.6,6.739812660309717,6.739812660309717,3.1398126603097167,87.21701834193657
4617,19.2,14.097323807893021,14.097323807893021,5.102676192106978,26.57643850055718
1097,3.5,3.7047289051091603,3.7047289051091603,0.2047289051091603,5.849397288833152
3206,15.3,13.426809286782103,13.426809286782103,1.8731907132178982,12.243076556979727
6535,19.99,24.133868500052152,24.133868500052152,4.143868500052154,20.72970735393774
6251,31.49,24.756259522128527,24.756259522128527,6.733740477871471,21.383742387651544
544,4.0,6.086827208162681,6.086827208162681,2.0868272081626813,52.17068020406703
6770,19.299,18.09761155013469,18.09761155013469,1.2013884498653091,6.225133166823717
5924,14.25,16.663061283686897,16.663061283686897,2.413061283686897,16.93376339429401
4838,2.4,4.421744606335439,4.421744606335439,2.021744606335439,84.23935859730996
6194,19.59,16.385285093208502,16.385285093208502,3.204714906791498,16.35893265335119
6068,7.39,9.188372234834983,9.188372234834983,1.798372234834983,24.33521292063577
4229,16.7,14.845807460202536,14.845807460202536,1.854192539797463,11.10294934010457
877,9.5,4.890171273756605,4.890171273756605,4.609828726243395,48.524512907825205
3908,9.7,6.946974114163642,6.946974114163642,2.753025885836357,28.381710163261413
3914,12.8,9.149695082227906,9.149695082227906,3.650304917772095,28.51800717009449
5397,10.9,8.473242191950447,8.473242191950447,2.426757808049553,22.263833101372043
1078,8.2,5.712191707005735,5.712191707005735,2.4878082929942646,30.339125524320306
5983,42.7,68.15454662743284,68.15454662743284,25.454546627432833,59.61252137572092
4990,10.5,8.553718159063555,8.553718159063555,1.9462818409364449,18.536017532728046
511,13.0,10.116252266792548,10.116252266792548,2.8837477332074517,22.182674870826553
2375,4.4,3.8971873746835985,3.8971873746835985,0.5028126253164018,11.427559666281859
2877,15.6,18.581555640878726,18.581555640878726,2.9815556408787263,19.112536159479017
2069,1.5,3.396998467225318,3.396998467225318,1.896998467225318,126.46656448168787
4851,3.5,2.684790145446321,2.684790145446321,0.8152098545536788,23.29171013010511
3262,11.0,7.7182196414664554,7.7182196414664554,3.2817803585335446,29.834366895759494
4934,10.89,20.0226477128399,20.0226477128399,9.132647712839898,83.86269708760237
1302,8.9,13.909681348472384,13.909681348472384,5.009681348472384,56.28855447721779
6045,47.89,46.19980652855767,46.19980652855767,1.6901934714423277,3.529324433999431
4394,2.5,4.802179183283203,4.802179183283203,2.3021791832832026,92.0871673313281
3689,16.3,16.438084174497988,16.438084174497988,0.13808417449798682,0.8471421748342749
3159,8.5,7.6792165278356705,7.6792165278356705,0.8207834721643295,9.656276143109759
858,7.99,9.546420956969506,9.546420956969506,1.5564209569695056,19.479611476464402
4678,19.9,18.628975849946215,18.628975849946215,1.2710241500537833,6.3870560304210215
7140,24.85,31.73445560627696,31.73445560627696,6.884455606276958,27.70404670533987
7028,12.5,20.375017879944075,20.375017879944075,7.875017879944075,63.00014303955259
7112,25.99,34.620258624334,34.620258624334,8.630258624334001,33.20607396819547
4357,9.9,14.402678157457245,14.402678157457245,4.502678157457245,45.481597550073175
2890,7.9,8.266106917753769,8.266106917753769,0.36610691775376836,4.63426478169327
4794,8.8,12.368285411499793,12.368285411499793,3.568285411499792,40.54869785795218
2024,12.0,15.283480750276816,15.283480750276816,3.2834807502768157,27.362339585640132
4194,16.5,14.436914239900299,14.436914239900299,2.0630857600997015,12.503550061210312
4921,4.5,5.631787948916678,5.631787948916678,1.1317879489166778,25.150843309259507
5356,9.5,7.327399703700008,7.327399703700008,2.1726002962999917,22.869476803157806
743,5.3,5.857720586714201,5.857720586714201,0.5577205867142014,10.523029938003802
2499,1.15,2.168223814057381,2.168223814057381,1.018223814057381,88.54120122238096
4241,9.3,11.497134614108834,11.497134614108834,2.1971346141088333,23.625103377514336
179,25.99,17.77915686945346,17.77915686945346,8.21084313054654,31.59231677778584
3613,8.5,5.742840669042046,5.742840669042046,2.757159330957954,32.43716859950534
3693,20.0,13.624176411375394,13.624176411375394,6.3758235886246055,31.879117943123024
3771,7.0,8.761635442055848,8.761635442055848,1.761635442055848,25.16622060079783
6566,35.55,38.342370373251555,38.342370373251555,2.7923703732515577,7.85476898242351
31,11.0,8.39094083175769,8.39094083175769,2.609059168242309,23.71871971129372
5151,6.8,6.293242078851913,6.293242078851913,0.506757921148087,7.4523223698248096
2484,3.2,3.8995859513022673,3.8995859513022673,0.6995859513022671,21.862060978195846
168,11.5,8.365017918358497,8.365017918358497,3.1349820816415033,27.260713753404374
3248,2.8,2.8782164602469678,2.8782164602469678,0.07821646024696793,2.793445008820284
642,5.0,6.364104668867652,6.364104668867652,1.3641046688676521,27.282093377353046
1483,14.9,13.346891358053783,13.346891358053783,1.553108641946217,10.423547932524945
1790,6.0,5.857720586714201,5.857720586714201,0.14227941328579874,2.371323554763312
5035,8.0,6.068804124555006,6.068804124555006,1.9311958754449936,24.13994844306242
3982,3.0,9.33086209051745,9.33086209051745,6.330862090517449,211.02873635058165
7092,62.49,61.6253060017482,61.6253060017482,0.864693998251802,1.3837317942899696
6492,22.89,24.738367426067022,24.738367426067022,1.8483674260670213,8.07499967700752
6912,19.899,20.721668031656787,20.721668031656787,0.8226680316567858,4.134217958976762
6178,24.5,28.146592368435115,28.146592368435115,3.6465923684351154,14.884050483408634
6644,18.15,13.106048275185458,13.106048275185458,5.043951724814541,27.79036762983218
2758,9.5,7.043438006026353,7.043438006026353,2.456561993973647,25.858547304985755
3412,12.6,8.54458565812117,8.54458565812117,4.05541434187883,32.185828110149444
6122,20.7,20.226856652727566,20.226856652727566,0.47314334727243335,2.2857166534900166
800,2.5,4.5701846775809045,4.5701846775809045,2.0701846775809045,82.80738710323618
1954,10.5,9.169803226638452,9.169803226638452,1.330196773361548,12.66854069868141
7248,48.99,32.74597552096376,32.74597552096376,16.24402447903624,33.157837270945585
5306,4.0,3.9372410484417824,3.9372410484417824,0.06275895155821765,1.5689737889554412
6637,15.69,12.07701306375199,12.07701306375199,3.61298693624801,23.027322729432825
2119,20.5,22.108219106975277,22.108219106975277,1.6082191069752767,7.844971253537936
5309,3.5,4.160740873166203,4.160740873166203,0.660740873166203,18.878310661891515
5660,25.49,32.61736325029248,32.61736325029248,7.127363250292479,27.961409377373396
5679,19.5,22.860467942121034,22.860467942121034,3.3604679421210335,17.23316893395402
1406,8.7,7.948722135014432,7.948722135014432,0.7512778649855676,8.6353777584548
1501,9.8,7.809220901925961,7.809220901925961,1.9907790980740394,20.31407242932693
1074,5.3,5.692092210763999,5.692092210763999,0.392092210763999,7.39796624083017
500,13.6,12.4940468190273,12.4940468190273,1.1059531809726995,8.132008683622791
437,17.5,15.500535123381791,15.500535123381791,1.9994648766182088,11.42551358067548
5437,9.5,10.157174071586853,10.157174071586853,0.6571740715868533,6.917621806177403
4113,8.9,5.603665683901161,5.603665683901161,3.2963343160988394,37.03746422582965
3386,3.6,4.050759809831,4.050759809831,0.4507598098309997,12.521105828638882
6683,22.99,22.72547059637157,22.72547059637157,0.2645294036284298,1.1506281149561977
80,16.9,10.303870227860838,10.303870227860838,6.596129772139161,39.030353681296816
1608,19.99,13.949628545925478,13.949628545925478,6.040371454074521,30.21696575324923
960,5.0,7.036717675371391,7.036717675371391,2.036717675371391,40.73435350742783
3114,22.5,30.703567052452556,30.703567052452556,8.203567052452556,36.460298010900246
5198,3.8,5.792948637774053,5.792948637774053,1.9929486377740533,52.44601678352772
4628,13.0,17.610939005373076,17.610939005373076,4.610939005373076,35.4687615797929
1632,12.19,13.539836102016565,13.539836102016565,1.3498361020165657,11.073306825402508
3305,4.8,5.250907222760766,5.250907222760766,0.4509072227607662,9.39390047418263
5935,21.3,21.795491854958154,21.795491854958154,0.4954918549581535,2.3262528401791243
5419,9.5,8.671080506139816,8.671080506139816,0.8289194938601838,8.725468356422986
2477,3.0,5.208941543471061,5.208941543471061,2.2089415434710613,73.63138478236871
5506,16.45,15.755366656268253,15.755366656268253,0.6946333437317467,4.222695098673232
6399,22.45,15.501963486218056,15.501963486218056,6.948036513781943,30.94893770058772
5517,51.999,40.51454009915068,40.51454009915068,11.484459900849323,22.085924538643674
534,6.9,8.391414948206577,8.391414948206577,1.491414948206577,21.614709394298217
5701,26.69,23.756067654887566,23.756067654887566,2.933932345112435,10.992627744894849
2794,20.3,12.912340292444387,12.912340292444387,7.387659707555613,36.3924123524907
585,4.5,4.1325988480373255,4.1325988480373255,0.36740115196267453,8.164470043614989
6722,50.9,51.16299975621957,51.16299975621957,0.26299975621957117,0.5166989316690985
4970,25.0,20.741420941625492,20.741420941625492,4.258579058374508,17.034316233498032
1451,2.75,4.612638034879414,4.612638034879414,1.8626380348794136,67.73229217743322
6275,25.49,22.92039318315444,22.92039318315444,2.569606816845557,10.080842749492183
1410,30.5,20.84836529209705,20.84836529209705,9.65163470790295,31.644703960337537
5684,20.59,36.40779266119106,36.40779266119106,15.81779266119106,76.82269383774192
4536,10.0,10.717692442802143,10.717692442802143,0.717692442802143,7.1769244280214295
866,15.0,9.967149766006024,9.967149766006024,5.032850233993976,33.55233489329317
4638,2.0,-0.07062047492073376,0.0,2.0,100.0
6358,54.8,42.53119131317253,42.53119131317253,12.26880868682747,22.388337019758158
4679,3.95,8.401119733483112,8.401119733483112,4.451119733483112,112.68657553121801
742,7.1,5.776264289367504,5.776264289367504,1.323735710632496,18.64416493848586
1544,6.9,5.6855943441825865,5.6855943441825865,1.2144056558174139,17.60008196836832
5509,53.29,45.69555041087642,45.69555041087642,7.5944495891235775,14.251172056902941
2706,18.9,14.354384159762697,14.354384159762697,4.545615840237302,24.050877461573027
3734,7.89,6.152251116915828,6.152251116915828,1.7377488830841719,22.024700672803192
2589,8.2,9.935744492185716,9.935744492185716,1.7357444921857166,21.1676157583624
5283,2.5,4.1879123918401415,4.1879123918401415,1.6879123918401415,67.51649567360566
6816,50.709,39.855222953845754,39.855222953845754,10.85377704615425,21.404044737924725
5944,15.9,17.738256726195093,17.738256726195093,1.8382567261950928,11.561363057830771
4253,3.7,3.090291691164383,3.090291691164383,0.609708308835617,16.478602941503162
748,16.5,11.84220965935966,11.84220965935966,4.657790340640339,28.22903236751721
4055,5.79,7.748120294018446,7.748120294018446,1.9581202940184461,33.819003350923076
401,5.3,5.5063865375201075,5.5063865375201075,0.20638653752010772,3.894085613586938
3749,20.8,20.24171265712903,20.24171265712903,0.5582873428709725,2.6840737638027523
157,7.5,6.96470042877904,6.96470042877904,0.5352995712209596,7.137327616279461
5434,98.19,99.5645121769883,99.5645121769883,1.3745121769883042,1.3998494520707854
6483,29.5,25.489820120522328,25.489820120522328,4.010179879477672,13.593830099924311
5749,14.3,14.88868710064045,14.88868710064045,0.588687100640449,4.116693011471671
4528,12.0,13.558583199597681,13.558583199597681,1.558583199597681,12.988193329980676
1820,8.9,5.575728780098114,5.575728780098114,3.3242712199018865,37.35136202136951
2922,9.0,8.915662569415854,8.915662569415854,0.08433743058414578,0.9370825620460642
2864,15.3,5.120374047574563,5.120374047574563,10.179625952425438,66.533502957029
3362,3.3,2.6159502689637293,2.6159502689637293,0.6840497310362705,20.728779728371833
5281,1.6,2.5538228329022274,2.5538228329022274,0.9538228329022274,59.6139270563892
3803,1.4,3.1933494879506696,3.1933494879506696,1.7933494879506697,128.09639199647643
4237,5.4,10.816491049498712,10.816491049498712,5.4164910494987115,100.3053898055317
7295,47.59,38.51639130499738,38.51639130499738,9.073608695002626,19.06620864678005
2666,4.8,4.864042340165392,4.864042340165392,0.06404234016539245,1.3342154201123428
1782,13.0,7.519199195979993,7.519199195979993,5.480800804020007,42.16000618476929
5910,45.3565,43.69612093793026,43.69612093793026,1.6603790620697367,3.660730131446952
2415,8.0,9.803656693550284,9.803656693550284,1.803656693550284,22.54570866937855
535,11.9,10.677725926432439,10.677725926432439,1.2222740735675615,10.271210702248416
5978,119.9,99.7318950809135,99.7318950809135,20.168104919086502,16.82077140874604
2406,1.5,1.8424991837460194,1.8424991837460194,0.3424991837460194,22.83327891640129
3098,5.8,5.636204184014169,5.636204184014169,0.16379581598583126,2.8240657928591597
5359,8.0,10.894123895289217,10.894123895289217,2.8941238952892174,36.176548691115215
5154,8.4,7.687213610117454,7.687213610117454,0.7127863898825462,8.485552260506502
1966,8.9,3.7201173532537215,3.7201173532537215,5.179882646746279,58.20092861512672
5416,10.5,10.431254656740723,10.431254656740723,0.06874534325927684,0.6547175548502555
1176,7.86,10.259178204053189,10.259178204053189,2.3991782040531886,30.52389572586754
5902,21.5,26.22304736171637,26.22304736171637,4.723047361716372,21.96766214751801
1760,2.8,2.1169438998082057,2.1169438998082057,0.6830561001917941,24.394860721135505
997,5.2,7.73322326971062,7.73322326971062,2.5332232697106196,48.71583210981961
473,6.2,5.6394145624083,5.6394145624083,0.5605854375917003,9.041700606317747
2266,2.1,1.3545667303778828,1.3545667303778828,0.7454332696221173,35.496822362957964
4205,15.7,14.81368639876253,14.81368639876253,0.8863136012374699,5.645309562022102
1882,5.2,7.467396529715192,7.467396529715192,2.2673965297151915,43.60377941759984
4222,18.9,14.666172010696599,14.666172010696599,4.2338279893034,22.401206292610585
2578,10.8,9.929508076926442,9.929508076926442,0.8704919230735584,8.060110398829243
3783,2.6,3.8589707527091193,3.8589707527091193,1.2589707527091192,48.42195202727381
469,14.9,15.068164841131045,15.068164841131045,0.1681648411310448,1.1286230948392266
5097,14.9,12.194058090819333,12.194058090819333,2.705941909180668,18.16068395423267
7040,17.29,21.136603051908274,21.136603051908274,3.846603051908275,22.247559583043813
4712,10.0,13.524226764455312,13.524226764455312,3.524226764455312,35.242267644553124
3997,7.0,8.298815058846245,8.298815058846245,1.2988150588462446,18.554500840660637
247,6.5,3.644346358824576,3.644346358824576,2.855653641175424,43.933132941160366
3780,17.9,10.829953944653132,10.829953944653132,7.070046055346866,39.497463996351215
2182,9.9,16.380453481676312,16.380453481676312,6.480453481676312,65.4591260775385
3395,6.5,10.662212325951653,10.662212325951653,4.1622123259516535,64.03403578387159
7097,83.99,80.0364345954433,80.0364345954433,3.9535654045566986,4.7071858608842705
811,4.0,3.51515481515022,3.51515481515022,0.4848451848497799,12.121129621244497
6502,26.8,22.216385374991795,22.216385374991795,4.583614625008206,17.103039645553007
1419,7.4,7.896076817690684,7.896076817690684,0.49607681769068357,6.703740779603831
6733,13.9,17.34909210581773,17.34909210581773,3.449092105817728,24.81361227206999
3625,3.9,3.8827148046229123,3.8827148046229123,0.017285195377087614,0.4432101378740414
228,9.0,6.051189336152909,6.051189336152909,2.948810663847091,32.764562931634345
7107,45.5,38.54397835297132,38.54397835297132,6.9560216470286775,15.287959663799292
17,18.0,25.45816534500186,25.45816534500186,7.458165345001859,41.43425191667699
1407,10.6,10.894123895289217,10.894123895289217,0.2941238952892178,2.774753729143564
7070,59.99,66.97900426319669,66.97900426319669,6.9890042631966836,11.650282152353197
2392,13.5,14.61973253056222,14.61973253056222,1.1197325305622208,8.294315041201635
6272,47.9,32.870610795950306,32.870610795950306,15.029389204049693,31.376595415552593
5439,109.0,93.97469573215655,93.97469573215655,15.025304267843453,13.784682814535277
6745,45.49,38.53099991567157,38.53099991567157,6.95900008432843,15.297867848600639
5879,10.99,16.155725089252005,16.155725089252005,5.165725089252005,47.00386796407648
2440,3.9,5.580705466412377,5.580705466412377,1.6807054664123773,43.095011959291725
5831,17.9,20.080326040285634,20.080326040285634,2.1803260402856353,12.180592403830365
5853,13.5,12.643461873299735,12.643461873299735,0.856538126700265,6.3447268644464065
4844,9.0,8.108873940588362,8.108873940588362,0.8911260594116381,9.901400660129314
6915,25.49,42.408707499283715,42.408707499283715,16.918707499283716,66.37390152720172
6092,21.69,22.611267780963153,22.611267780963153,0.9212677809631522,4.247430986459899
5461,23.2,18.58365084859025,18.58365084859025,4.61634915140975,19.898056687110994
2585,5.7,4.472977560108964,4.472977560108964,1.2270224398910363,21.526709471772566
543,9.9,5.6855943441825865,5.6855943441825865,4.214405655817414,42.5697540991658
6112,17.0,22.641092899657103,22.641092899657103,5.641092899657103,33.18289940974766
3794,16.5,12.95736556215107,12.95736556215107,3.54263443784893,21.47051174453897
4119,7.799999,4.555814540204592,4.555814540204592,3.2441844597954077,41.592113791237765
3153,12.0,5.867749267167923,5.867749267167923,6.132250732832077,51.10208944026731
1535,10.499,11.434052032532659,11.434052032532659,0.9350520325326581,8.906105653230384
1832,14.5,23.90891997417421,23.90891997417421,9.40891997417421,64.88910327016697
6746,33.79,36.81754261983862,36.81754261983862,3.02754261983862,8.95987753725546
3590,8.99,7.572736131952985,7.572736131952985,1.4172638680470149,15.764892859254893
3289,2.0,3.739823125938196,3.739823125938196,1.7398231259381962,86.99115629690981
96,3.8,2.7737758353424855,2.7737758353424855,1.0262241646575143,27.005899069934586
6679,62.99,57.326182947041495,57.326182947041495,5.663817052958507,8.99161303851168
2094,5.7,5.6855943441825865,5.6855943441825865,0.01440565581741371,0.2527308038142756
4773,8.0,9.218589413060986,9.218589413060986,1.218589413060986,15.232367663262325
2927,9.5,8.951632432436156,8.951632432436156,0.5483675675638437,5.772290184882565
7038,44.5,33.5178070063228,33.5178070063228,10.982192993677202,24.67908537904989
156,12.99,9.3869931284834,9.3869931284834,3.6030068715166,27.73677345278368
1022,6.4,5.704431892022246,5.704431892022246,0.6955681079777545,10.868251687152414
5447,24.49,30.525745827909418,30.525745827909418,6.03574582790942,24.645756749323887
4966,5.8,5.453741220196358,5.453741220196358,0.34625877980364184,5.969978962131757
6458,49.5,49.65204878184538,49.65204878184538,0.15204878184538018,0.3071692562532933
2716,12.5,14.655034165320128,14.655034165320128,2.155034165320128,17.240273322561023
1287,15.0,15.12943983873151,15.12943983873151,0.12943983873151055,0.8629322582100702
696,18.0,18.18183559185454,18.18183559185454,0.18183559185454,1.0101977325252223
425,25.0,25.165206003176557,25.165206003176557,0.1652060031765572,0.6608240127062288
6872,47.39,37.98861403361995,37.98861403361995,9.401385966380047,19.838332910698558
712,10.9,13.559257008521326,13.559257008521326,2.659257008521326,24.396853289186478
4173,2.45,2.3229375776007206,2.3229375776007206,0.12706242239927956,5.1862213224195735
1811,16.0,16.436004309977548,16.436004309977548,0.43600430997754813,2.725026937359676
5096,18.7,25.56344451574011,25.56344451574011,6.86344451574011,36.7029118488776
6480,17.9,23.425063629640594,23.425063629640594,5.525063629640595,30.866277260561986
447,31.49,25.95941624500052,25.95941624500052,5.53058375499948,17.562984296600444
6748,15.899,13.15412196039301,13.15412196039301,2.7448780396069896,17.2644697126045
4080,5.99,6.790537215564974,6.790537215564974,0.8005372155649741,13.364561194740803
1009,5.3,2.6770662759009216,2.6770662759009216,2.622933724099078,49.48931554903921
592,1.5,1.983145262678418,1.983145262678418,0.48314526267841806,32.209684178561204
6096,29.85,30.639622010848697,30.639622010848697,0.7896220108486958,2.6452998688398517
1242,8.5,5.025219330761393,5.025219330761393,3.4747806692386067,40.87977257927773
3058,8.4,8.266106917753769,8.266106917753769,0.13389308224623164,1.593965264836091
131,15.8,17.610939005373076,17.610939005373076,1.8109390053730756,11.461639274513136
2404,4.5,6.023555899649741,6.023555899649741,1.5235558996497414,33.85679776999425
2306,8.95,9.210180412506869,9.210180412506869,0.26018041250686963,2.907043715160555
6277,62.5,74.09903712037331,74.09903712037331,11.59903712037331,18.558459392597296
7103,20.89,20.783550883076536,20.783550883076536,0.10644911692346426,0.5095697315627777
624,8.5,4.723724780669814,4.723724780669814,3.776275219330186,44.426767286237485
2986,6.0,4.569784197488888,4.569784197488888,1.4302158025111122,23.83693004185187
2127,8.3,7.740050493278768,7.740050493278768,0.5599495067212326,6.746379599050995
6539,43.9,39.744551915273824,39.744551915273824,4.155448084726174,9.46571317705279
4739,3.9,4.614182637705509,4.614182637705509,0.7141826377055094,18.31237532578229
3686,17.9,21.27396250912613,21.27396250912613,3.3739625091261303,18.84895256495045
3844,6.0,5.899887190579641,5.899887190579641,0.10011280942035938,1.6685468236726564
2815,9.9,8.161612471344654,8.161612471344654,1.7383875286553465,17.559469986417643
2579,3.999999,6.926769958136175,6.926769958136175,2.926770958136175,73.16929224572745
1945,5.6,9.596721281905502,9.596721281905502,3.9967212819055025,71.3700228911697
2436,6.99,4.614182637705509,4.614182637705509,2.375817362294491,33.98880346630173
93,6.5,5.6913566731826695,5.6913566731826695,0.8086433268173305,12.44066656642047
6701,35.19,21.99393942858768,21.99393942858768,13.196060571412318,37.49946169767638
1375,4.868,5.857720586714201,5.857720586714201,0.9897205867142009,20.331154205304045
3903,5.6,9.97591693535054,9.97591693535054,4.37591693535054,78.14137384554537
3477,13.5,9.188664215383945,9.188664215383945,4.311335784616055,31.935820626785592
6022,42.99,44.81258573138187,44.81258573138187,1.8225857313818707,4.239557411914098
2223,8.8,5.5063865375201075,5.5063865375201075,3.293613462479893,37.427425709998786
1087,13.9,15.730755669142015,15.730755669142015,1.8307556691420146,13.170904094546868
2531,2.5,4.105364732633889,4.105364732633889,1.6053647326338893,64.21458930535557
6729,78.99,62.02076489868743,62.02076489868743,16.969235101312563,21.482763769227198
6880,17.375,18.268201108358568,18.268201108358568,0.8932011083585678,5.140725803502549
764,1.8,3.924622822307221,3.924622822307221,2.124622822307221,118.03460123929005
4669,6.5,7.043284100629573,7.043284100629573,0.543284100629573,8.358216932762662
476,12.99,13.539836102016565,13.539836102016565,0.549836102016565,4.232764449704119
5594,56.5,51.73246337936075,51.73246337936075,4.767536620639248,8.438117912635837
2622,1.5,2.818446289720761,2.818446289720761,1.318446289720761,87.8964193147174
5111,5.7,6.154002821363914,6.154002821363914,0.4540028213639138,7.964961778314277
6466,21.6,22.18424965696882,22.18424965696882,0.5842496569688187,2.70485952300379
4461,10.0,8.827887755891286,8.827887755891286,1.172112244108714,11.72112244108714
6338,13.5,14.152121490107803,14.152121490107803,0.6521214901078025,4.830529556354093
7034,23.29,20.383189720320786,20.383189720320786,2.9068102796792132,12.480937224900014
2181,20.0,17.735692378859003,17.735692378859003,2.264307621140997,11.321538105704985
6334,34.0,31.909932622223867,31.909932622223867,2.0900673777761334,6.147256993459216
2620,10.0,6.213684501293988,6.213684501293988,3.7863154987060117,37.86315498706011
5170,8.9,14.402678157457245,14.402678157457245,5.502678157457245,61.827844465811744
752,6.8,6.566486985159701,6.566486985159701,0.23351301484029907,3.4340149241220455
2283,11.5,10.909810992357048,10.909810992357048,0.5901890076429517,5.132078327330015
2799,8.0,5.866769778765546,5.866769778765546,2.133230221234454,26.665377765430677
3049,14.9,18.39134743049499,18.39134743049499,3.4913474304949883,23.431861949630793
351,3.5,6.035940304640896,6.035940304640896,2.5359403046408957,72.45543727545416
487,1.8,2.6815717074625702,2.6815717074625702,0.8815717074625702,48.976205970142786
927,5.0,5.5063865375201075,5.5063865375201075,0.5063865375201075,10.12773075040215
3318,6.5,6.608217809540644,6.608217809540644,0.10821780954064408,1.6648893775483706
1061,18.0,13.028965915179848,13.028965915179848,4.971034084820152,27.616856026778624
6018,39.39,36.48296080661441,36.48296080661441,2.907039193385593,7.380145197729355
2191,3.5,5.120305852200289,5.120305852200289,1.620305852200289,46.29445292000826
4608,2.1,4.046289615678994,4.046289615678994,1.9462896156789937,92.68045788947589
6128,27.9,20.981420999710483,20.981420999710483,6.918579000289515,24.79777419458608
561,12.99,13.341319746873598,13.341319746873598,0.3513197468735978,2.704540006725156
3535,9.9,9.645097292315942,9.645097292315942,0.2549027076840584,2.5747748250914992
5501,21.99,19.79986346813127,19.79986346813127,2.1901365318687276,9.959693187215679
2966,9.5,9.998892980560662,9.998892980560662,0.49889298056066167,5.251505058533281
6026,37.49,44.19012650095258,44.19012650095258,6.700126500952578,17.871769807822293
334,13.5,15.389613696173631,15.389613696173631,1.8896136961736314,13.997138490175049
2225,6.8,5.721033960015028,5.721033960015028,1.078966039984972,15.867147646837825
4847,13.0,9.484702194184981,9.484702194184981,3.5152978058150186,27.04075235242322
5507,25.5,16.92313456991124,16.92313456991124,8.576865430088759,33.634766392504936
3213,12.5,6.018589384843336,6.018589384843336,6.481410615156664,51.8512849212533
1103,7.9,8.150480637002389,8.150480637002389,0.2504806370023882,3.1706409747137747
2110,26.99,20.84836529209705,20.84836529209705,6.1416347079029485,22.755223074853458
23,12.99,13.92913021914952,13.92913021914952,0.9391302191495203,7.229639870281142
4151,21.99,22.621474277981108,22.621474277981108,0.6314742779811091,2.871642919422961
1005,3.2,3.0291081972803475,3.0291081972803475,0.17089180271965265,5.340368834989145
1643,9.7,13.086663463963594,13.086663463963594,3.386663463963595,34.9140563295216
2550,59.7,49.59588714223151,49.59588714223151,10.104112857768492,16.92481215706615
3038,8.69,6.408102628992257,6.408102628992257,2.2818973710077426,26.258888043817525
4030,1.7,4.664655637470423,4.664655637470423,2.9646556374704227,174.39150808649546
3817,7.999,8.103212091887364,8.103212091887364,0.1042120918873648,1.3028140003421027
1671,14.9,15.654065482783086,15.654065482783086,0.7540654827830853,5.060842166329431
1372,14.3,13.559257008521326,13.559257008521326,0.7407429914786743,5.180020919431288
3203,30.99,25.726173223353083,25.726173223353083,5.263826776646916,16.985565590987147
445,6.9,7.215971867402665,7.215971867402665,0.3159718674026646,4.579302426125573
5433,62.99,44.23878418866694,44.23878418866694,18.75121581133306,29.768559789384124
7125,59.999,56.15607572830588,56.15607572830588,3.842924271694123,6.404980535832469
3399,22.5,20.757355955950818,20.757355955950818,1.7426440440491824,7.745084640218589
3939,2.0,2.841510614899688,2.841510614899688,0.841510614899688,42.075530744984405
5206,20.49,20.665830769341078,20.665830769341078,0.17583076934107922,0.8581296697954087
6378,83.79,72.6983450545828,72.6983450545828,11.091654945417204,13.23744473734002
2592,16.99,13.539836102016565,13.539836102016565,3.4501638979834333,20.307027062880714
3887,11.0,14.097323807893021,14.097323807893021,3.097323807893021,28.15748916266383
3518,1.2,3.8914874597487046,3.8914874597487046,2.6914874597487044,224.2906216457254
4295,10.9,11.415845451155414,11.415845451155414,0.515845451155414,4.732527074820312
1128,10.8,9.796128769321086,9.796128769321086,1.0038712306789144,9.295103987767725
2570,7.5,5.6855943441825865,5.6855943441825865,1.8144056558174135,24.19207541089885
5277,9.6,8.982477908079941,8.982477908079941,0.6175220919200584,6.432521790833942
1783,10.6,8.266106917753769,8.266106917753769,2.333893082246231,22.017859266473877
2523,18.0,15.185429756588594,15.185429756588594,2.8145702434114064,15.636501352285592
4248,5.15,2.986063616619745,2.986063616619745,2.163936383380255,42.01818220155835
1844,6.49,5.6021198097200635,5.6021198097200635,0.8878801902799367,13.680742531277915
5291,7.9,5.724486584424218,5.724486584424218,2.1755134155757823,27.538144500959266
6129,24.49,23.87384533408119,23.87384533408119,0.6161546659188097,2.5159439196358093
6060,5.69,11.21327408472892,11.21327408472892,5.523274084728919,97.0698433168527
2515,6.699,7.6792165278356705,7.6792165278356705,0.9802165278356707,14.632281352973141
5040,17.5,14.402678157457245,14.402678157457245,3.0973218425427547,17.69898195738717
6799,56.99,30.679397100983955,30.679397100983955,26.310602899016047,46.16705193721012
3554,3.5,4.961414010263388,4.961414010263388,1.461414010263388,41.75468600752537
3878,4.2,8.895215935018271,8.895215935018271,4.695215935018271,111.79085559567312
5945,29.7,29.27057363459801,29.27057363459801,0.42942636540199075,1.4458800181885212
2264,14.5,10.871925817922747,10.871925817922747,3.6280741820772526,25.02120125570519
2462,4.9,6.157649465139299,6.157649465139299,1.2576494651392984,25.66631561508772
1775,6.6,9.169803226638452,9.169803226638452,2.5698032266384523,38.93641252482504
6861,28.05,23.48177859015533,23.48177859015533,4.568221409844671,16.285994330997045
378,7.8,7.896076817690684,7.896076817690684,0.0960768176906841,1.2317540729574885
6853,9.999,12.30632495632662,12.30632495632662,2.307324956326619,23.07555711897809
4913,1.6,0.37950785311686275,0.37950785311686275,1.2204921468831373,76.28075918019607
5246,8.2,12.95736556215107,12.95736556215107,4.757365562151071,58.016653196964285
199,1.5,3.0687267557208884,3.0687267557208884,1.5687267557208884,104.58178371472589
2446,11.0,14.276705501580386,14.276705501580386,3.276705501580386,29.788231832548963
2957,3.8,6.415006505271126,6.415006505271126,2.6150065052711264,68.81596066502965
1328,11.49,11.635177516358125,11.635177516358125,0.1451775163581246,1.2635118917156187
1193,10.5,8.266106917753769,8.266106917753769,2.2338930822462313,21.27517221186887
5686,12.75,11.144184787728266,11.144184787728266,1.6058152122717342,12.59462911585674
1075,9.3,13.341319746873598,13.341319746873598,4.041319746873597,43.45505104165158
5427,3.4,4.661069652871342,4.661069652871342,1.2610696528713423,37.09028390798066
6969,24.5,22.320768499397698,22.320768499397698,2.1792315006023024,8.89482245143797
2063,10.5,14.393004022824469,14.393004022824469,3.893004022824469,37.076228788804464
965,14.5,15.730755669142015,15.730755669142015,1.230755669142015,8.487970132013896
5060,9.49,8.266106917753769,8.266106917753769,1.2238930822462315,12.896660508390214
1467,9.4,8.661971245689568,8.661971245689568,0.7380287543104327,7.85136972670673
5975,18.46,19.93214911886043,19.93214911886043,1.472149118860429,7.974805627629626
3296,51.0,24.81274822877053,24.81274822877053,26.18725177122947,51.34755249260681
5414,7.5,7.298428461589179,7.298428461589179,0.2015715384108212,2.687620512144283
7126,29.95,26.171809866811813,26.171809866811813,3.778190133188186,12.614992097456382
5724,62.05,46.646079248327396,46.646079248327396,15.4039207516726,24.82501329842482
2755,6.0,6.293242078851913,6.293242078851913,0.2932420788519128,4.887367980865212
4022,6.5,7.694516172649282,7.694516172649282,1.1945161726492817,18.377171886912024
3091,6.5,7.818848072041905,7.818848072041905,1.318848072041905,20.28997033910623
2022,5.89,5.792948637774053,5.792948637774053,0.09705136222594657,1.6477311074014698
5090,8.6,12.59522531598905,12.59522531598905,3.9952253159890496,46.45610832545407
2907,7.0,6.513841667835951,6.513841667835951,0.4861583321640488,6.945119030914983
5744,42.345,28.529620245235186,28.529620245235186,13.815379754764813,32.62576397393981
5769,15.1,15.341792761831233,15.341792761831233,0.241792761831233,1.6012765684187615
6155,18.49,19.00079566559156,19.00079566559156,0.5107956655915622,2.762550922615264
6547,13.79,11.808488506335692,11.808488506335692,1.981511493664307,14.369191397130582
2850,6.699999,6.566486985159701,6.566486985159701,0.1335120148402993,1.99271693682789
2132,16.5,10.815198150224692,10.815198150224692,5.684801849775308,34.45334454409278
6114,86.19,88.15072293067975,88.15072293067975,1.9607229306797507,2.274884476945992
6570,20.79,20.821844270580133,20.821844270580133,0.03184427058013384,0.15317109466153844
6434,31.0,30.592509110680187,30.592509110680187,0.4074908893198135,1.3144867397413338
4246,7.5,5.742840669042046,5.742840669042046,1.757159330957954,23.42879107943939
1701,4.5,8.4004425602681,8.4004425602681,3.9004425602681003,86.67650133929112
6332,39.999,31.284699812975372,31.284699812975372,8.71430018702463,21.7862951249397
3927,19.5,21.13734948581204,21.13734948581204,1.6373494858120416,8.396664029805342
5780,66.99,67.34453409108627,67.34453409108627,0.3545340910862791,0.5292343500317647
547,12.4,11.672027741198807,11.672027741198807,0.7279722588011932,5.870744022590268
6811,37.99,41.9534369033758,41.9534369033758,3.9634369033758006,10.432842599041328
6203,33.3,38.083166338684606,38.083166338684606,4.783166338684609,14.363862878932759
1263,19.9,16.269419219869903,16.269419219869903,3.6305807801300958,18.244124523266812
5231,2.299,4.1768776636256035,4.1768776636256035,1.8778776636256036,81.68236901372786
3011,13.29,12.965619916204965,12.965619916204965,0.3243800837950346,2.4407831737775365
5865,13.69,14.528208418643652,14.528208418643652,0.8382084186436529,6.1227788067469175
1789,11.9,9.070314650121563,9.070314650121563,2.829685349878437,23.77886848637342
6610,21.49,29.299570380181898,29.299570380181898,7.809570380181899,36.340485715132154
3018,6.4,5.253046720353447,5.253046720353447,1.146953279646553,17.921144994477388
5494,26.59,25.691638129307286,25.691638129307286,0.8983618706927139,3.3785704050120864
4715,13.8,14.65410575851675,14.65410575851675,0.8541057585167486,6.189172163164844
2199,5.9,7.948722135014432,7.948722135014432,2.0487221350144313,34.72410398329544
1244,2.5,1.8114217281745564,1.8114217281745564,0.6885782718254436,27.543130873017745
7130,10.89,23.909910210972303,23.909910210972303,13.019910210972302,119.5584041411598
5008,38.0,4.134636782548441,4.134636782548441,33.86536321745156,89.11937688803042
5482,12.726,11.17010279670103,11.17010279670103,1.5558972032989704,12.22612921027008
4837,8.5,9.967149766006024,9.967149766006024,1.467149766006024,17.260585482423814
7202,35.29,35.6247141168883,35.6247141168883,0.3347141168882999,0.948467319037404
6764,20.99,21.797433472473852,21.797433472473852,0.8074334724738534,3.8467530846777205
3915,5.2,6.167120728682795,6.167120728682795,0.9671207286827945,18.598475551592202
6083,32.299,32.638161380272024,32.638161380272024,0.33916138027202436,1.0500677428775638
518,13.29,15.827200590866912,15.827200590866912,2.537200590866913,19.0910503451235
611,12.5,12.177464101523876,12.177464101523876,0.32253589847612396,2.5802871878089917
5806,11.22,9.898254605470026,9.898254605470026,1.3217453945299749,11.780261983333109
5672,16.5,21.45035334673932,21.45035334673932,4.95035334673932,30.002141495389818
2288,7.5,5.632949026858837,5.632949026858837,1.867050973141163,24.894012975215507
957,10.99,8.894228376716624,8.894228376716624,2.095771623283376,19.069805489384677
4401,6.15,8.085194065291404,8.085194065291404,1.9351940652914035,31.466570167339892
491,25.8,13.624176411375394,13.624176411375394,12.175823588624606,47.1931146845915
1330,4.9,5.899887190579641,5.899887190579641,0.9998871905796403,20.405861032237553
3458,21.5,16.23867237549703,16.23867237549703,5.261327624502972,24.47129127675801
323,5.89,3.9002391243132877,3.9002391243132877,1.989760875686712,33.7820182629323
5362,7.2,10.56784065296327,10.56784065296327,3.3678406529632694,46.77556462448985
7010,22.79,21.788188972967678,21.788188972967678,1.0018110270323213,4.395836011550335
4247,10.5,12.937055133579287,12.937055133579287,2.437055133579287,23.210048891231306
2031,4.75,3.161199195639279,3.161199195639279,1.5888008043607211,33.4484379865415
5516,32.0,47.700556235388824,47.700556235388824,15.700556235388824,49.064238235590075
1153,6.3,5.160285749633411,5.160285749633411,1.1397142503665885,18.090702386771245
6685,15.7,16.21269246364365,16.21269246364365,0.5126924636436492,3.265557093271651
7286,6.6,9.061372986632072,9.061372986632072,2.461372986632073,37.29353010048595
6854,21.69,22.805706947279788,22.805706947279788,1.1157069472797865,5.143877119777715
1606,6.4,6.9454598475941625,6.9454598475941625,0.5454598475941621,8.522810118658782
324,23.9,27.31838655213442,27.31838655213442,3.4183865521344217,14.302872603072894
2083,7.99,5.95253250790339,5.95253250790339,2.03746749209661,25.500218924863706
2687,10.8,11.19878786058419,11.19878786058419,0.39878786058418925,3.6924801905943445
6858,35.35,30.770348798641525,30.770348798641525,4.579651201358477,12.955166057591164
586,7.89,5.770777572845093,5.770777572845093,2.1192224271549067,26.859599837197806
4125,9.8,13.69438886796163,13.69438886796163,3.894388867961629,39.738661917975804
3245,8.99,11.497134614108834,11.497134614108834,2.5071346141088338,27.88803797673897
4556,4.4,8.673755149247988,8.673755149247988,4.273755149247988,97.13079884654516
706,24.9,21.17262326940459,21.17262326940459,3.7273767305954095,14.969384460222528
1978,6.4,6.05011579113113,6.05011579113113,0.34988420886887006,5.466940763576095
4160,7.4,2.7805281162223103,2.7805281162223103,4.61947188377769,62.42529572672554
4995,4.39,4.166492460538695,4.166492460538695,0.22350753946130464,5.091287914836097
6812,9.8,12.9955741300801,12.9955741300801,3.1955741300801,32.607899286531634
6202,17.34,15.119405830350429,15.119405830350429,2.220594169649571,12.806194749997527
5939,27.79,23.86141512784294,23.86141512784294,3.92858487215706,14.136685398190213
6218,29.3,25.332985677177607,25.332985677177607,3.9670143228223935,13.539298030110558
4453,9.5,10.361751666571568,10.361751666571568,0.8617516665715677,9.071070174437553
3801,8.9,9.967149766006024,9.967149766006024,1.0671497660060236,11.990446809056445
2572,56.99,32.97228575073281,32.97228575073281,24.017714249267193,42.14373442580662
208,2.25,5.800303552646717,5.800303552646717,3.5503035526467173,157.79126900652076
3682,29.8,23.059935632935584,23.059935632935584,6.7400643670644165,22.617665661289987
747,2.5,3.8150942758588364,3.8150942758588364,1.3150942758588364,52.60377103435345
5101,9.9,7.043438006026353,7.043438006026353,2.8565619939736475,28.85416155528937
6260,40.99,40.98434200085211,40.98434200085211,0.005657999147892667,0.013803364595981136
798,5.0,4.29035434893378,4.29035434893378,0.7096456510662197,14.192913021324394
88,6.99,13.22615400638283,13.22615400638283,6.236154006382829,89.21536489818067
734,1.7,7.45868056209755,7.45868056209755,5.75868056209755,338.74591541750294
1221,4.8,7.129240185405074,7.129240185405074,2.329240185405074,48.52583719593904
3574,14.5,9.169803226638452,9.169803226638452,5.330196773361548,36.759977747321024
1480,6.9,5.826124384346484,5.826124384346484,1.0738756156535167,15.563414719616183
3936,10.49,20.089161594336783,20.089161594336783,9.599161594336783,91.50773683829155
6199,28.99,26.464680909059442,26.464680909059442,2.525319090940556,8.71100065864283
852,13.5,12.93078835768957,12.93078835768957,0.5692116423104299,4.216382535632814
486,7.89,6.208869719866101,6.208869719866101,1.6811302801338988,21.30710114238148
2678,3.6,3.9664893086219895,3.9664893086219895,0.36648930862198936,10.180258572833036
3195,4.0,5.999741991789602,5.999741991789602,1.9997419917896018,49.99354979474005
1430,8.4,8.318752235077516,8.318752235077516,0.08124776492248387,0.9672352966962364
1536,14.9,18.704853559621146,18.704853559621146,3.8048535596211455,25.535929930343258
1891,6.0,7.857967424350823,7.857967424350823,1.8579674243508233,30.96612373918039
6513,39.99,19.434704776282775,19.434704776282775,20.555295223717227,51.40108833137591
1919,5.6,7.680577952386872,7.680577952386872,2.0805779523868724,37.153177721194155
4302,14.8,15.68982475856397,15.68982475856397,0.8898247585639698,6.012329449756552
198,5.0,4.114423257064978,4.114423257064978,0.8855767429350223,17.711534858700446
4629,6.6,5.749306204591509,5.749306204591509,0.8506937954084908,12.88929993043168
2882,3.85,8.117946076991057,8.117946076991057,4.267946076991057,110.85574225950798
1057,8.9,9.169803226638452,9.169803226638452,0.2698032266384516,3.0314969285219275
73,7.0,8.510635840327907,8.510635840327907,1.5106358403279074,21.58051200468439
548,27.8,23.083043350897707,23.083043350897707,4.716956649102293,16.967469960799615
6352,13.69,15.02965831259484,15.02965831259484,1.3396583125948407,9.785670654454643
2963,4.0,4.655040817324691,4.655040817324691,0.6550408173246911,16.376020433117276
6569,27.3,36.773618021452954,36.773618021452954,9.473618021452953,34.70189751447968
1512,34.99,19.361435862204786,19.361435862204786,15.628564137795216,44.665802051429594
3912,10.9,8.450525264384957,8.450525264384957,2.449474735615043,22.472245280871952
1582,1.9,3.1290463480805517,3.1290463480805517,1.2290463480805518,64.68664989897641
6697,15.44,20.383189720320786,20.383189720320786,4.943189720320786,32.01547746321753
5822,10.08,9.792046779195244,9.792046779195244,0.2879532208047557,2.8566787778249574
2865,6.9,5.899887190579641,5.899887190579641,1.0001128094203597,14.494388542324051
3647,10.8,10.894123895289217,10.894123895289217,0.09412389528921672,0.8715175489742288
5349,20.499,12.68640575704509,12.68640575704509,7.8125942429549085,38.112074944899305
4428,3.0,4.351834903612842,4.351834903612842,1.3518349036128416,45.06116345376139
6213,25.55,22.766873664427635,22.766873664427635,2.7831263355723657,10.892862370146245
4359,28.8,27.217100546706952,27.217100546706952,1.5828994532930487,5.49617865726753
1452,3.6,7.732756406673797,7.732756406673797,4.132756406673797,114.79878907427215
7037,24.89,25.953413749726774,25.953413749726774,1.0634137497267737,4.272453795607769
2020,1.9,3.165869171811961,3.165869171811961,1.265869171811961,66.62469325326111
4903,29.49,30.737052889315635,30.737052889315635,1.2470528893156363,4.228731398154074
5220,6.9,5.749306204591509,5.749306204591509,1.1506937954084915,16.676721672586833
6818,12.35,14.241331410270336,14.241331410270336,1.891331410270336,15.314424374658591
4814,10.0,14.335868939470021,14.335868939470021,4.335868939470021,43.358689394700214
5267,8.8,9.221137331942838,9.221137331942838,0.42113733194283753,4.785651499350426
2098,9.2,12.523987035529775,12.523987035529775,3.3239870355297754,36.13029386445408
1880,13.5,11.174892597085478,11.174892597085478,2.3251074029145222,17.223017799366833
937,9.5,8.266106917753769,8.266106917753769,1.2338930822462313,12.988348234170854
7120,29.999,24.432216517176364,24.432216517176364,5.566783482823634,18.556563494861944
2855,13.5,13.060226657455509,13.060226657455509,0.4397733425444912,3.257580315144379
6139,14.99,22.612507420098247,22.612507420098247,7.6225074200982466,50.850616545018326
5985,12.49,11.517928126320701,11.517928126320701,0.9720718736792993,7.782801230418729
1295,7.0,14.404815731044499,14.404815731044499,7.404815731044499,105.78308187206427
1175,45.9,35.4395499242879,35.4395499242879,10.460450075712096,22.789651581072103
2197,5.5,4.320555846921389,4.320555846921389,1.1794441530786113,21.44443914688384
2614,41.9,33.07511002648476,33.07511002648476,8.82488997351524,21.061789912924205
6148,27.36,18.076782082720623,18.076782082720623,9.283217917279377,33.92989004853573
4335,4.0,7.763512142046682,7.763512142046682,3.7635121420466824,94.08780355116706
4914,11.5,10.431254656740723,10.431254656740723,1.0687453432592768,9.293437767471973
1321,7.2,5.453741220196358,5.453741220196358,1.7462587798036422,24.253594163939475
1181,12.79,13.92913021914952,13.92913021914952,1.1391302191495214,8.906412972240199
6150,22.799,24.417442498608626,24.417442498608626,1.6184424986086263,7.098743359834319
3438,12.6,8.417727412458039,8.417727412458039,4.182272587541961,33.19263958366636
6343,34.99,28.415843690115835,28.415843690115835,6.574156309884167,18.788671934507477
4301,12.6,10.431254656740723,10.431254656740723,2.1687453432592765,17.212264629041876
620,7.9,6.816296992819444,6.816296992819444,1.0837030071805565,13.717759584564003
6864,24.89,19.957446869968088,19.957446869968088,4.932553130031913,19.81740912025678
5159,16.0,11.433962211306369,11.433962211306369,4.566037788693631,28.537736179335194
2492,15.5,11.496116120789587,11.496116120789587,4.003883879210413,25.831508898131695
478,14.0,15.871219746293807,15.871219746293807,1.8712197462938072,13.365855330670051
3968,5.3,7.461309454627852,7.461309454627852,2.161309454627852,40.77942367222362
2276,3.7,6.156413741042474,6.156413741042474,2.456413741042474,66.38956056871551
5227,6.9,7.708159253964743,7.708159253964743,0.8081592539647424,11.71245295601076
1897,12.5,7.3735073428749285,7.3735073428749285,5.1264926571250715,41.01194125700057
7044,14.766,13.894039794315038,13.894039794315038,0.871960205684962,5.905188986082636
2206,1.4,2.0677815488873197,2.0677815488873197,0.6677815488873198,47.69868206337999
1033,4.5,5.932415424471607,5.932415424471607,1.432415424471607,31.83145387714682
5948,10.59,8.39841141689472,8.39841141689472,2.191588583105279,20.694887470304806
286,12.3,17.610939005373076,17.610939005373076,5.310939005373076,43.178365897342076
550,3.2,2.7748647710844043,2.7748647710844043,0.42513522891559585,13.28547590361237
7008,10.099,10.67729195145991,10.67729195145991,0.5782919514599101,5.726229839191109
5668,25.79,28.48339897914175,28.48339897914175,2.693398979141751,10.443578825675653
5015,2.5,3.028479401695865,3.028479401695865,0.5284794016958649,21.139176067834597
2825,12.5,11.816809152009128,11.816809152009128,0.6831908479908719,5.465526783926975
1055,10.799,14.935932514763879,14.935932514763879,4.136932514763879,38.308477773533475
2091,6.5,5.7080643831508535,5.7080643831508535,0.7919356168491465,12.183624874602254
6540,25.79,22.805706947279788,22.805706947279788,2.9842930527202114,11.571512418457585
2571,3.5,4.052754681112717,4.052754681112717,0.5527546811127166,15.79299088893476
1677,10.3,7.458685929807092,7.458685929807092,2.841314070192909,27.585573497018533
1174,1.8,1.8114217281745564,1.8114217281745564,0.011421728174556334,0.6345404541420185
6021,78.2,75.40932560424105,75.40932560424105,2.7906743957589555,3.568637334730122
5916,12.54,22.561628497777715,22.561628497777715,10.021628497777716,79.91729264575531
5389,3.9,6.4103387837674415,6.4103387837674415,2.5103387837674416,64.3676611222421
2087,14.0,12.388490226827205,12.388490226827205,1.611509773172795,11.510784094091393
1370,46.5,32.97228575073281,32.97228575073281,13.527714249267191,29.091858600574604
6314,16.899,20.490769196863525,20.490769196863525,3.591769196863524,21.254329823442355
2934,5.0,5.683189646709755,5.683189646709755,0.6831896467097547,13.663792934195094
3107,16.99,16.237826736393448,16.237826736393448,0.7521732636065508,4.427152816989706
1188,7.8,5.67487359751725,5.67487359751725,2.12512640248275,27.245210288240386
2029,6.699999,7.73322326971062,7.73322326971062,1.0332242697106198,15.421260058555527
4209,4.888888,7.043284100629573,7.043284100629573,2.1543961006295733,44.067200979641456
5027,4.5,5.291786066521395,5.291786066521395,0.7917860665213947,17.59524592269766
7009,23.5,29.239796246704152,29.239796246704152,5.739796246704152,24.424664879592136
7093,40.9,51.51740883434384,51.51740883434384,10.617408834343841,25.95943480279668
3956,7.2,12.58405882984292,12.58405882984292,5.38405882984292,74.77859485892945
833,9.0,7.044386015685969,7.044386015685969,1.9556139843140308,21.7290442701559
1393,5.4,7.460877174771614,7.460877174771614,2.0608771747716137,38.164392125400255
549,24.9,22.258246417529406,22.258246417529406,2.641753582470592,10.609452138436113
1020,5.5,5.6855943441825865,5.6855943441825865,0.18559434418258647,3.374442621501572
248,3.6,4.765699905291335,4.765699905291335,1.1656999052913348,32.3805529247593
2648,6.5,4.83956828181123,4.83956828181123,1.6604317181887698,25.545103356750303
296,6.3,6.395180062683844,6.395180062683844,0.09518006268384394,1.5107946457753005
1559,7.39,4.5701846775809045,4.5701846775809045,2.819815322419095,38.15717621676719
1563,12.8,12.32216467868247,12.32216467868247,0.4778353213175315,3.7330884477932145
6766,13.69,14.1712824942304,14.1712824942304,0.4812824942304008,3.5155770214054116
3260,9.7,12.925013445616543,12.925013445616543,3.2250134456165434,33.24756129501591
100,1.4,2.8765626036815704,2.8765626036815704,1.4765626036815704,105.46875740582647
4204,43.5,31.855405093309653,31.855405093309653,11.644594906690347,26.769183693541027
3197,7.0,8.442212850586714,8.442212850586714,1.4422128505867136,20.603040722667338
2937,17.5,17.948800420349148,17.948800420349148,0.4488004203491478,2.564573830566559
7017,15.99,13.371192711731196,13.371192711731196,2.6188072882688047,16.37778166522079
1499,6.0,5.8316711483467625,5.8316711483467625,0.16832885165323752,2.8054808608872923
4872,7.0,8.045233897244216,8.045233897244216,1.0452338972442163,14.93191281777452
1656,5.0,5.424406103290993,5.424406103290993,0.42440610329099293,8.488122065819859
6788,13.29,13.986325005829297,13.986325005829297,0.6963250058292978,5.239465807594415
346,4.0,4.765699905291335,4.765699905291335,0.7656999052913349,19.142497632283373
1718,7.5,7.896076817690684,7.896076817690684,0.3960768176906839,5.281024235875786
1665,1.7,3.1624823599535077,3.1624823599535077,1.4624823599535077,86.02837411491222
681,6.0,7.1457039561242395,7.1457039561242395,1.1457039561242395,19.09506593540399
6514,69.99,39.01379520626348,39.01379520626348,30.976204793736514,44.25804371158239
3898,3.9,5.337900478719268,5.337900478719268,1.4379004787192682,36.8692430440838
6186,20.45,23.18192221182518,23.18192221182518,2.7319222118251822,13.359032820661037
6408,54.999,42.002167093534126,42.002167093534126,12.996832906465876,23.63103493966413
7289,23.79,25.460104144501315,25.460104144501315,1.670104144501316,7.020193965957613
5761,17.75,17.048066462293715,17.048066462293715,0.7019335377062852,3.9545551420072407
7063,49.59,38.528903045618335,38.528903045618335,11.061096954381668,22.305095693449623
1793,3.8,7.092685856472554,7.092685856472554,3.292685856472554,86.64962780190932
3542,5.9,10.062794227092159,10.062794227092159,4.162794227092158,70.5558343574942
6741,18.8,22.75881369025148,22.75881369025148,3.9588136902514783,21.057519628997223
1706,6.2,7.693487103136425,7.693487103136425,1.4934871031364247,24.08850166349072
1414,5.6,4.819897063068556,4.819897063068556,0.7801029369314438,13.930409588061499
4761,2.9,3.826286989764899,3.826286989764899,0.9262869897648991,31.940930681548245
3066,8.8,5.6855943441825865,5.6855943441825865,3.1144056558174142,35.39097336156152
2991,8.0,6.878771143065394,6.878771143065394,1.1212288569346063,14.015360711682579
6041,9.75,11.411239894907844,11.411239894907844,1.661239894907844,17.03835789649071
84,37.9,29.503232588115072,29.503232588115072,8.396767411884927,22.15505913426102
5327,9.5,8.298815058846245,8.298815058846245,1.2011849411537554,12.644052012144794
3207,9.0,13.674460484655244,13.674460484655244,4.674460484655244,51.93844982950271
5025,3.99,4.517645286076711,4.517645286076711,0.5276452860767105,13.224192633501513
1561,1.2,2.6313824546835693,2.6313824546835693,1.4313824546835694,119.28187122363079
6072,8.39,31.80799365137013,31.80799365137013,23.41799365137013,279.11792194720056
2948,8.9,11.434052032532659,11.434052032532659,2.5340520325326583,28.47249474755796
3528,7.8,7.460877174771614,7.460877174771614,0.33912282522838577,4.347728528569048
1297,5.0,5.68479641163848,5.68479641163848,0.6847964116384802,13.695928232769603
4866,8.499,8.030869245859972,8.030869245859972,0.468130754140029,5.508068645017402
6289,13.28,17.09007301905711,17.09007301905711,3.8100730190571124,28.69030887844211
4506,14.2,14.679652121346626,14.679652121346626,0.4796521213466267,3.3778318404692023
1912,18.5,15.500535123381791,15.500535123381791,2.999464876618209,16.213323657395723
6456,79.99,43.78418940295903,43.78418940295903,36.205810597040966,45.26292111144014
5998,9.494,12.014851163125778,12.014851163125778,2.520851163125778,26.552045114027578
6127,18.99,18.767527866259577,18.767527866259577,0.22247213374042119,1.1715225578747825
6875,44.199,31.610610214215665,31.610610214215665,12.588389785784333,28.481164247571968
1817,12.2,9.917333159318481,9.917333159318481,2.282666840681518,18.71038394001244
3722,7.6,8.494704375959396,8.494704375959396,0.894704375959396,11.772425999465737
5451,9.79,12.966774179738866,12.966774179738866,3.1767741797388673,32.44917446107117
6187,36.99,34.53506463532265,34.53506463532265,2.454935364677354,6.636754162415122
7164,8.99,13.00971510103682,13.00971510103682,4.0197151010368195,44.71318243644961
3089,1.2,2.3801876201888756,2.3801876201888756,1.1801876201888757,98.34896834907298
4845,6.0,5.829373126469475,5.829373126469475,0.17062687353052475,2.843781225508746
3142,3.2,1.8858961201987636,1.8858961201987636,1.3141038798012366,41.065746243788645
1623,5.5,5.251896910646474,5.251896910646474,0.24810308935352587,4.510965260973198
6834,18.38,19.413048721636834,19.413048721636834,1.0330487216368347,5.620504470276576
5459,16.79,24.421648917159715,24.421648917159715,7.6316489171597155,45.45353732674042
5605,47.95,43.170527155931914,43.170527155931914,4.7794728440680885,9.967618027253573
6392,26.4,26.383658540147252,26.383658540147252,0.01634145985274671,0.06189946913919208
1199,2.0,3.4547546598927,3.4547546598927,1.4547546598927,72.737732994635
373,6.0,3.7494448115438974,3.7494448115438974,2.2505551884561026,37.509253140935044
2457,5.7,5.453741220196358,5.453741220196358,0.2462587798036422,4.3203294702393364
5260,4.99,4.5701846775809045,4.5701846775809045,0.4198153224190957,8.413132713809533
3819,21.09,22.240171285132313,22.240171285132313,1.1501712851323127,5.45363340508446
7284,23.3,28.780512125399675,28.780512125399675,5.480512125399674,23.521511267809757
1317,8.0,10.636491388965126,10.636491388965126,2.6364913889651262,32.95614236206408
1446,13.0,15.283480750276816,15.283480750276816,2.2834807502768157,17.565236540590888
3799,18.9,18.52547261927964,18.52547261927964,0.37452738072035885,1.9816263530177718
3482,3.7,6.450448626931813,6.450448626931813,2.7504486269318127,74.33644937653547
1488,6.399,6.408102628992257,6.408102628992257,0.00910262899225689,0.14225080469224705
4486,4.0,4.81413620540248,4.81413620540248,0.8141362054024803,20.353405135062008
6067,102.0,75.97502333435685,75.97502333435685,26.024976665643152,25.5146830055325
812,5.123,3.9030316504588782,3.9030316504588782,1.219968349541122,23.8135535729284
3580,34.5,27.232252940745088,27.232252940745088,7.267747059254912,21.0659335050867
4317,3.95,2.429205477263963,2.429205477263963,1.520794522736037,38.50112715787436
3366,3.9,2.394301887667858,2.394301887667858,1.505698112332142,38.60764390595236
3651,4.0,4.134636782548441,4.134636782548441,0.1346367825484407,3.3659195637110173
6684,40.5,33.90250437046868,33.90250437046868,6.597495629531323,16.29011266550944
1511,3.5,2.5758475461177444,2.5758475461177444,0.9241524538822556,26.404355825207304
7149,18.29,20.28197173902203,20.28197173902203,1.9919717390220306,10.891042859606511
1801,3.4,3.729292299694956,3.729292299694956,0.3292922996949561,9.685067638086945
4516,4.6,5.453741220196358,5.453741220196358,0.8537412201963583,18.559591743399096
921,7.8,8.982477908079941,8.982477908079941,1.1824779080799415,15.15997318051207
322,15.0,16.740463348729797,16.740463348729797,1.7404633487297971,11.60308899153198
3838,2.5,2.7815448943253926,2.7815448943253926,0.28154489432539265,11.261795773015706
5634,27.49,29.746034245071215,29.746034245071215,2.2560342450712163,8.206745162136109
7262,9.08,15.547224750163403,15.547224750163403,6.467224750163403,71.22494218241634
4402,6.85,9.282156402650617,9.282156402650617,2.4321564026506177,35.50593288541048
6217,10.45,11.239659259251754,11.239659259251754,0.7896592592517546,7.55654793542349
1569,5.9,7.494386322002131,7.494386322002131,1.5943863220021308,27.023496983086957
4661,17.5,16.059013679112436,16.059013679112436,1.4409863208875642,8.23420754792894
231,12.9,11.192407985889908,11.192407985889908,1.7075920141100926,13.237147396202268
1545,1.8,2.811860637177853,2.811860637177853,1.011860637177853,56.21447984321405
1420,1.0,2.559562450711077,2.559562450711077,1.559562450711077,155.9562450711077
1079,5.9,8.852657255055636,8.852657255055636,2.9526572550556356,50.045038221281956
3103,7.9,6.575354567563846,6.575354567563846,1.3246454324361547,16.767663701723475
1115,4.75,5.704431892022246,5.704431892022246,0.9544318920222459,20.093302989942018
6946,14.45,19.61012758456327,19.61012758456327,5.16012758456327,35.71022549870776
1941,10.9,9.917333159318481,9.917333159318481,0.9826668406815191,9.015292116344211
1867,10.95,7.288342535855051,7.288342535855051,3.661657464144948,33.43979419310455
2586,6.65,9.740610799990087,9.740610799990087,3.0906107999900865,46.47535037579077
2751,11.5,9.119986619950907,9.119986619950907,2.3800133800490926,20.695768522166023
1425,9.59,8.266106917753769,8.266106917753769,1.3238930822462311,13.804933078688542
5395,14.5,14.059112937880752,14.059112937880752,0.44088706211924844,3.04060042840861
4053,32.5,21.443922660935804,21.443922660935804,11.056077339064196,34.01869950481291
7283,16.95,18.92996865894008,18.92996865894008,1.9799686589400807,11.681231026195167
4333,4.49,8.043942119671268,8.043942119671268,3.5539421196712677,79.15238573878102
1618,9.0,15.85824878835696,15.85824878835696,6.85824878835696,76.20276431507733
2402,16.8,15.633915886261967,15.633915886261967,1.1660841137380338,6.940976867488296
265,15.3,14.580047410337244,14.580047410337244,0.719952589662757,4.7055724814559285
0,9.99,8.266106917753769,8.266106917753769,1.7238930822462315,17.256187009471784
4015,16.5,14.378562967009966,14.378562967009966,2.121437032990034,12.857194139333538
5187,3.5,3.729737384434195,3.729737384434195,0.22973738443419478,6.563925269548422
838,1.2,3.3250402849090506,3.3250402849090506,2.1250402849090504,177.08669040908754
14,21.9,15.893780757856522,15.893780757856522,6.006219242143477,27.425658639924556
3263,2.6,2.1324319551964415,2.1324319551964415,0.4675680448035586,17.983386338598407
4912,21.0,15.614149386110507,15.614149386110507,5.3858506138894935,25.646907685188065
6477,29.155,28.9959578431217,28.9959578431217,0.15904215687830003,0.5455055972502144
8,16.5,14.176630029280595,14.176630029280595,2.323369970719405,14.08103012557215
1039,8.5,17.624606848417045,17.624606848417045,9.124606848417045,107.34831586372995
2759,11.9,10.894123895289217,10.894123895289217,1.005876104710783,8.452740375720865
3992,15.5,14.762804652017978,14.762804652017978,0.7371953479820217,4.7560990192388495
6472,12.99,14.244589895516022,14.244589895516022,1.2545898955160215,9.658120827682998
4141,32.79,27.021427569274348,27.021427569274348,5.768572430725651,17.592474628623517
6629,18.1,17.362968874624663,17.362968874624663,0.7370311253753385,4.07199516781955
339,4.1,4.732066248552002,4.732066248552002,0.6320662485520021,15.41624996468298
1956,3.3,4.669338794424709,4.669338794424709,1.369338794424709,41.495114982566946
4220,6.5,6.457806670567315,6.457806670567315,0.042193329432684834,0.6491281451182283
2770,29.999999,12.87540990584477,12.87540990584477,17.12458909415523,57.08196554991628
1090,23.5,24.408062741979805,24.408062741979805,0.9080627419798049,3.864096774382148
4512,8.999,5.737726442885439,5.737726442885439,3.2612735571145617,36.240399567891565
1883,6.0,9.76681054773426,9.76681054773426,3.7668105477342593,62.78017579557099
622,5.3,7.346880643698863,7.346880643698863,2.046880643698863,38.620389503752136
7220,12.5,13.724397553651999,13.724397553651999,1.2243975536519986,9.79518042921599
5192,3.8,7.129240185405074,7.129240185405074,3.329240185405074,87.61158382644932
5045,2.8,8.85390093129842,8.85390093129842,6.053900931298419,216.21074754637215
4331,16.5,19.18722365283066,19.18722365283066,2.68722365283066,16.286203956549457
4952,4.7,3.987084289489287,3.987084289489287,0.7129157105107131,15.168419372568366
3032,8.4,6.016692170805673,6.016692170805673,2.3833078291943277,28.372712252313427
4568,5.999,5.5063865375201075,5.5063865375201075,0.49261346247989213,8.211592973493785
889,4.5,7.086152832920039,7.086152832920039,2.586152832920039,57.470062953778644
1507,3.1,3.113888138531781,3.113888138531781,0.013888138531780836,0.44800446876712374
3688,10.0,7.958076708738087,7.958076708738087,2.041923291261913,20.41923291261913
196,1.9,0.12565797470630535,0.12565797470630535,1.7743420252936946,93.38642238387867
5533,12.99,14.983849691143527,14.983849691143527,1.9938496911435273,15.349112325970188
3980,11.2,13.559257008521326,13.559257008521326,2.359257008521327,21.064794718940423
2789,3.8,5.756560996936901,5.756560996936901,1.9565609969369016,51.4884472878132
6575,38.0,19.13766671846019,19.13766671846019,18.86233328153981,49.637719161946876
4236,21.5,12.871482267341566,12.871482267341566,8.628517732658434,40.13264061701597
432,4.2,7.189836998413269,7.189836998413269,2.989836998413269,71.18659520031592
2598,10.9,10.87873885656538,10.87873885656538,0.02126114343461971,0.19505636178550192
6091,28.99,26.679806319459487,26.679806319459487,2.310193680540511,7.96893301324771
1694,23.5,27.115427190500128,27.115427190500128,3.615427190500128,15.384796555319694
5357,29.9,27.215515097926442,27.215515097926442,2.6844849020735566,8.978210374827949
1108,13.9,15.654065482783086,15.654065482783086,1.7540654827830853,12.61917613513011
6353,37.5,43.085016869823804,43.085016869823804,5.585016869823804,14.893378319530143
6690,60.89,48.650599684888036,48.650599684888036,12.239400315111965,20.100838093466848
6262,110.99,83.36901066842076,83.36901066842076,27.62098933157924,24.886016156031392
4825,1.65,3.883519196416481,3.883519196416481,2.233519196416481,135.36479978281704
1277,4.6,6.135819099754446,6.135819099754446,1.5358190997544465,33.38737173379232
1195,5.9,5.792948637774053,5.792948637774053,0.10705136222594724,1.814429868236394
6062,18.19,23.377930910478298,23.377930910478298,5.187930910478297,28.520785654086296
604,9.0,10.141348544924465,10.141348544924465,1.1413485449244654,12.681650499160726
3742,6.2,6.3158244509308865,6.3158244509308865,0.11582445093088634,1.8681363053368765
1593,17.9,16.326534342864274,16.326534342864274,1.5734656571357242,8.79031093371913
1219,19.4,21.17476261307635,21.17476261307635,1.7747626130763514,9.14826089214614
2229,7.0,8.517762173933244,8.517762173933244,1.517762173933244,21.682316770474916
4519,4.1,3.831358407027521,3.831358407027521,0.2686415929724788,6.552233974938508
1652,3.3,3.5932944678688727,3.5932944678688727,0.2932944678688729,8.887711147541603
4657,5.9,8.609131419328774,8.609131419328774,2.7091314193287737,45.91748168353853
4865,5.9,4.66779968989886,4.66779968989886,1.23220031010114,20.88475101866339
6264,11.09,10.730801346976612,10.730801346976612,0.3591986530233875,3.2389418667573264
4955,38.0,34.83459810989986,34.83459810989986,3.165401890100142,8.330004973947743
1158,12.0,10.906640061544215,10.906640061544215,1.0933599384557855,9.11133282046488
4818,10.8,11.431328148719015,11.431328148719015,0.6313281487190139,5.845631006657535
3256,8.8,8.262121446498362,8.262121446498362,0.5378785535016384,6.112256289791345
5728,38.699,40.4774198171053,40.4774198171053,1.778419817105302,4.59551879145534
4650,17.5,17.610939005373076,17.610939005373076,0.11093900537307633,0.6339371735604361
7219,15.49,17.823032575167957,17.823032575167957,2.333032575167957,15.061540188301853
5702,14.19,14.111979678476208,14.111979678476208,0.07802032152379113,0.549826085438979
2807,4.59,3.236382217059509,3.236382217059509,1.353617782940491,29.490583506328782
2851,8.6,13.808459087078687,13.808459087078687,5.208459087078687,60.56347775672892
4559,10.49,9.035123225403689,9.035123225403689,1.4548767745963112,13.869178022843768
2995,6.5,9.976762174991173,9.976762174991173,3.4767621749911726,53.48864884601804
904,5.95,3.9012888386381857,3.9012888386381857,2.0487111613618145,34.432120359022086
6841,21.169,16.221283648696886,16.221283648696886,4.947716351303114,23.3724613883656
2357,23.8,25.727825500787425,25.727825500787425,1.9278255007874243,8.100107146165648
3383,12.8,11.890223008012704,11.890223008012704,0.9097769919872967,7.107632749900755
3470,9.0,14.543898357725647,14.543898357725647,5.543898357725647,61.598870641396076
1616,7.8,8.266106917753769,8.266106917753769,0.4661069177537689,5.975729714791909
3575,5.8,6.717095732744223,6.717095732744223,0.9170957327442233,15.811995392141782
6977,26.95,27.304619783034425,27.304619783034425,0.3546197830344262,1.3158433507770917
5006,10.9,9.967149766006024,9.967149766006024,0.9328502339939764,8.558259027467672
3820,3.65,4.946280623167892,4.946280623167892,1.2962806231678923,35.514537621038144
1860,7.5,5.593187606687746,5.593187606687746,1.9068123933122543,25.424165244163387
2088,4.99,3.739823125938196,3.739823125938196,1.250176874061804,25.053644770777634
7077,27.52,20.084436063908772,20.084436063908772,7.435563936091228,27.01876430265708
6930,27.699,27.45705015305216,27.45705015305216,0.24194984694784338,0.8734966856126335
5213,4.1,7.892048082608656,7.892048082608656,3.7920480826086562,92.48897762460138
2251,3.2,1.387092102757423,1.387092102757423,1.8129078972425772,56.65337178883053
3784,14.0,17.977824230259902,17.977824230259902,3.977824230259902,28.413030216142154
3127,6.5,5.6855943441825865,5.6855943441825865,0.8144056558174135,12.529317781806363
254,11.7,8.982477908079941,8.982477908079941,2.717522091920058,23.22668454632528
6705,16.78,15.5802053290371,15.5802053290371,1.199794670962902,7.150147026000607
4989,2.999999,4.765699905291335,4.765699905291335,1.765700905291335,58.856716461949986
221,14.85,13.634870502316259,13.634870502316259,1.2151294976837406,8.18269022009253
267,2.9,2.566367782368161,2.566367782368161,0.3336322176318389,11.504559228684101
107,8.1,5.632949026858837,5.632949026858837,2.4670509731411627,30.457419421495835
4800,5.5,4.225583298834113,4.225583298834113,1.2744167011658867,23.17121274847067
1226,5.4,8.39094083175769,8.39094083175769,2.9909408317576904,55.38779318069796
4938,4.9,6.455089524671223,6.455089524671223,1.5550895246712226,31.7365209116576
3418,9.5,8.266859304224624,8.266859304224624,1.2331406957753757,12.9804283765829
4154,8.5,6.4090590494288655,6.4090590494288655,2.0909409505711345,24.59930530083688
1758,6.99,9.884272516072375,9.884272516072375,2.894272516072375,41.40590151748748
2284,9.99,8.371257553930032,8.371257553930032,1.6187424460699678,16.203628088788466
2526,3.3,3.777863613084664,3.777863613084664,0.4778636130846641,14.480715548020124
4004,15.0,8.602351932964144,8.602351932964144,6.397648067035856,42.65098711357238
1210,15.5,21.440657078545247,21.440657078545247,5.940657078545247,38.32681986158224
6664,11.5,14.712396316406853,14.712396316406853,3.2123963164068527,27.933881012233503
2464,13.6,11.024803851329665,11.024803851329665,2.5751961486703348,18.93526579904658
4240,13.5,13.059060410842829,13.059060410842829,0.44093958915717124,3.266219178942009
4198,14.5,12.923495344388188,12.923495344388188,1.5765046556118119,10.872445900771115
376,4.5,5.865355765274515,5.865355765274515,1.365355765274515,30.341239228322554
755,1.8,2.896645044575161,2.896645044575161,1.0966450445751608,60.92472469862004
291,12.49,13.539836102016565,13.539836102016565,1.049836102016565,8.40541314664984
5091,1.7,3.664498536129795,3.664498536129795,1.9644985361297949,115.5587374193997
1465,1.35,1.4830676636592237,1.4830676636592237,0.13306766365922362,9.856863974757305
188,4.7,8.442747039717528,8.442747039717528,3.7427470397175275,79.63291573867079
1870,33.0,15.168498097351872,15.168498097351872,17.831501902648128,54.03485425044887
1201,8.7,10.909810992357048,10.909810992357048,2.209810992357049,25.4001263489316
1649,4.0,3.7057146898320976,3.7057146898320976,0.2942853101679024,7.3571327541975595
6030,128.96,116.51908298170264,116.51908298170264,12.44091701829737,9.64711307250106
3706,30.49,23.09540849422391,23.09540849422391,7.394591505776088,24.252513957940597
4176,6.5,6.887759581089728,6.887759581089728,0.3877595810897283,5.965532016765051
501,10.0,11.725097446816333,11.725097446816333,1.7250974468163331,17.25097446816333
6193,26.99,20.869488954921067,20.869488954921067,6.120511045078931,22.676958299662584
2605,5.5,5.704431892022246,5.704431892022246,0.20443189202224588,3.7169434913135615
6874,64.89,72.9550860321746,72.9550860321746,8.065086032174605,12.428858117082147
3312,23.5,17.77915686945346,17.77915686945346,5.720843130546541,24.34401332147464
2812,6.5,6.6885574687172475,6.6885574687172475,0.18855746871724754,2.900884134111501
4763,5.5,6.95529543371372,6.95529543371372,1.4552954337137196,26.459916976613084
6753,76.79,47.33282878246194,47.33282878246194,29.457171217538068,38.360686570566564
672,7.9,5.6855943441825865,5.6855943441825865,2.214405655817414,28.03045133946093
4766,13.8,16.30686684927543,16.30686684927543,2.506866849275429,18.16570180634369
3753,7.35,5.3779581489451385,5.3779581489451385,1.9720418510548612,26.83050137489607
1374,12.8,13.322643937269662,13.322643937269662,0.5226439372696614,4.083155759919229
7043,23.99,35.93428203652894,35.93428203652894,11.944282036528943,49.788587063480385
6988,15.58,16.53488067757214,16.53488067757214,0.9548806775721399,6.128887532555455
5718,79.99,72.35589877459562,72.35589877459562,7.634101225404379,9.543819509194124
1192,4.9,5.816164272724411,5.816164272724411,0.9161642727244104,18.697230055600212
3053,52.9,38.96032759851417,38.96032759851417,13.93967240148583,26.350987526438242
3950,2.8,3.8313560047558237,3.8313560047558237,1.031356004755824,36.834143026993715
216,13.0,12.733197259625706,12.733197259625706,0.26680274037429363,2.0523287721099512
4697,6.49,7.457908439432647,7.457908439432647,0.9679084394326471,14.913843442721836
421,1.2,1.6294270871636307,1.6294270871636307,0.42942708716363076,35.78559059696923
505,3.9,5.120305852200289,5.120305852200289,1.2203058522002892,31.28989364616126
4836,2.9,3.2750683639947926,3.2750683639947926,0.3750683639947927,12.933391861889405
6453,19.9,20.165641785392612,20.165641785392612,0.2656417853926136,1.3348833436814755
6845,49.5,32.677166670007445,32.677166670007445,16.822833329992555,33.98552187877284
6252,20.59,23.886924837150872,23.886924837150872,3.296924837150872,16.012262443666206
506,16.3,15.283480750276816,15.283480750276816,1.016519249723185,6.236314415479662
1807,8.9,5.864347730077617,5.864347730077617,3.035652269922384,34.10845247103802
4436,20.89,22.248022101005592,22.248022101005592,1.3580221010055915,6.500823843971237
1438,5.99,3.037253813113578,3.037253813113578,2.952746186886422,49.294594104948615
5520,76.49,68.18804130160916,68.18804130160916,8.301958698390834,10.853652370755439
7069,41.599,24.90233405847024,24.90233405847024,16.696665941529755,40.13718104168311
4704,3.8,2.507965133287197,2.507965133287197,1.292034866712803,34.00091754507377
1426,27.9,30.007464790752287,30.007464790752287,2.1074647907522888,7.553637242839745
2859,7.5,6.395180062683844,6.395180062683844,1.1048199373161562,14.730932497548748
3016,5.0,4.933463374459684,4.933463374459684,0.0665366255403157,1.330732510806314
2688,20.49,20.84836529209705,20.84836529209705,0.3583652920970515,1.7489765353687237
4664,12.0,4.296882117644023,4.296882117644023,7.703117882355977,64.19264901963314
2280,2.95,4.879578534982363,4.879578534982363,1.9295785349823626,65.40944186380891
347,6.5,6.472681919288554,6.472681919288554,0.027318080711445702,0.42027816479147234
4320,12.99,16.88216897366126,16.88216897366126,3.892168973661258,29.962809650971963
333,11.5,7.238674907298502,7.238674907298502,4.261325092701498,37.05500080609998
4386,6.5,6.13128589379842,6.13128589379842,0.36871410620157974,5.672524710793534
3381,7.75,7.610069751861267,7.610069751861267,0.13993024813873323,1.8055515888868803
5781,18.355,23.15873475965908,23.15873475965908,4.803734759659079,26.171259927317237
6380,15.89,12.518437822639052,12.518437822639052,3.371562177360948,21.218138309382933
5832,83.49,87.97922945247487,87.97922945247487,4.4892294524748735,5.376966645675978
6831,8.29,12.239614627493525,12.239614627493525,3.949614627493526,47.643119752636025
3023,9.79,10.187717601550878,10.187717601550878,0.39771760155087854,4.062488269161171
6726,5.65,7.348690623469426,7.348690623469426,1.6986906234694255,30.065320769370363
746,14.5,15.215509473228352,15.215509473228352,0.7155094732283516,4.934548091230011
3410,34.0,23.986026711975818,23.986026711975818,10.013973288024182,29.45286261183583
5257,5.7,5.636204184014169,5.636204184014169,0.06379581598583162,1.119224841856695
3704,5.0,4.4869207421374515,4.4869207421374515,0.5130792578625485,10.26158515725097
3589,2.5,5.541582680931279,5.541582680931279,3.0415826809312794,121.66330723725119
5019,7.8,7.5464197917187095,7.5464197917187095,0.25358020828129035,3.2510283112985943
4038,24.2,20.84836529209705,20.84836529209705,3.3516347079029494,13.849730197946073
3608,9.3,7.977057097458254,7.977057097458254,1.3229429025417465,14.225192500448886
6968,28.59,28.765043582624507,28.765043582624507,0.17504358262450737,0.6122545737128624
259,4.8,5.734908634571228,5.734908634571228,0.9349086345712285,19.47726322023393
1795,11.49,8.266106917753769,8.266106917753769,3.2238930822462315,28.058251368548575
4210,20.0,17.799920381465956,17.799920381465956,2.200079618534044,11.00039809267022
3653,8.3,4.150427829217183,4.150427829217183,4.149572170782818,49.994845431118286
3265,4.59,5.6855943441825865,5.6855943441825865,1.0955943441825866,23.869157825328685
3246,5.0,5.6726923830475275,5.6726923830475275,0.6726923830475275,13.453847660950553
1730,25.0,17.43494410065818,17.43494410065818,7.5650558993418215,30.260223597367286
599,11.5,18.00912129606327,18.00912129606327,6.50912129606327,56.60105474837627
45,13.0,14.084141724933545,14.084141724933545,1.084141724933545,8.339551730258037
4651,23.5,13.341319746873598,13.341319746873598,10.158680253126402,43.22842660904852
5070,6.0,6.360292950388487,6.360292950388487,0.3602929503884873,6.004882506474788
4575,6.0,4.321836939787021,4.321836939787021,1.6781630602129791,27.969384336882985
3921,14.2,9.959798479209223,9.959798479209223,4.240201520790777,29.860574090075893
3881,2.686686,3.540281867695631,3.540281867695631,0.8535958676956312,31.77132972351928
6979,5.85,13.83312825398923,13.83312825398923,7.98312825398923,136.46373083742276
6997,28.9,23.952389786978465,23.952389786978465,4.947610213021534,17.11975852256586
1421,1.9,3.643868681357823,3.643868681357823,1.743868681357823,91.78256217672754
4251,17.2,17.956085147386503,17.956085147386503,0.7560851473865036,4.39584388015409
3529,2.3,2.742695815958605,2.742695815958605,0.4426958159586052,19.247644172113272
6651,12.09,14.944173284797143,14.944173284797143,2.8541732847971435,23.6077194772303
6497,96.79,92.15990383537503,92.15990383537503,4.630096164624973,4.783651373721431
7180,15.99,19.038602883405545,19.038602883405545,3.048602883405545,19.0656840738308
3044,13.2,15.654065482783086,15.654065482783086,2.4540654827830863,18.59140517259914
1298,4.1,5.6855943441825865,5.6855943441825865,1.5855943441825868,38.67303278494115
426,6.5,5.354908682044659,5.354908682044659,1.145091317955341,17.616789507005244
4603,8.2,6.151914691563855,6.151914691563855,2.0480853084361446,24.976650102879812
805,19.9,18.02591823894042,18.02591823894042,1.8740817610595784,9.41749628673155
410,7.7,11.625932407355963,11.625932407355963,3.9259324073559627,50.98613516046705
6097,12.38,13.686615455764187,13.686615455764187,1.3066154557641863,10.554244392279372
3858,15.0,8.538969809745165,8.538969809745165,6.461030190254835,43.073534601698896
438,8.8,11.192089777452189,11.192089777452189,2.3920897774521883,27.182838380138502
2389,2.0,2.6724616442151046,2.6724616442151046,0.6724616442151046,33.62308221075523
4161,9.2,11.452500829317673,11.452500829317673,2.2525008293176736,24.483704666496454
434,5.8,5.899887190579641,5.899887190579641,0.0998871905796408,1.7221929410282895
751,10.5,7.73322326971062,7.73322326971062,2.76677673028938,26.35025457418457
3411,8.5,5.793447345158917,5.793447345158917,2.706552654841083,31.84179593930686
2874,6.99,5.749306204591509,5.749306204591509,1.2406937954084913,17.74955358238185
4383,14.6,15.702971281174968,15.702971281174968,1.102971281174968,7.554597816266903
2142,9.0,7.7993035937226445,7.7993035937226445,1.2006964062773555,13.341071180859506
6044,24.0,31.482900763792156,31.482900763792156,7.482900763792156,31.178753182467318
4937,7.5,7.043438006026353,7.043438006026353,0.45656199397364716,6.087493252981962
4856,5.9,8.301930051737365,8.301930051737365,2.4019300517373647,40.71067884300618
1049,6.0,7.587700762142791,7.587700762142791,1.5877007621427914,26.461679369046525
626,6.5,7.192684148187329,7.192684148187329,0.6926841481873289,10.656679202881984
1926,10.2,10.77362923294665,10.77362923294665,0.5736292329466508,5.62381600928089
1223,7.6,5.749306204591509,5.749306204591509,1.8506937954084908,24.351234150111722
210,7.89,10.815198150224692,10.815198150224692,2.925198150224692,37.07475475569952
2431,3.89,2.6352523062963087,2.6352523062963087,1.2547476937036914,32.255724773873816
6216,14.59,17.217536533802352,17.217536533802352,2.6275365338023526,18.009160615506186
4927,16.0,15.930052238871456,15.930052238871456,0.06994776112854417,0.4371735070534011
51,18.8,13.485041097175753,13.485041097175753,5.314958902824248,28.271057993746002
1109,12.5,12.567638193144251,12.567638193144251,0.06763819314425135,0.5411055451540108
1436,7.2,8.55429368328345,8.55429368328345,1.3542936832834505,18.809634490047923
7277,10.49,12.994396968147242,12.994396968147242,2.504396968147242,23.874136969945113
3882,2.8,4.743904014338042,4.743904014338042,1.9439040143380426,69.42514336921582
1786,10.8,5.636204184014169,5.636204184014169,5.163795815985832,47.812924222091034
5456,22.0,23.3906884419126,23.3906884419126,1.3906884419126015,6.321311099602735
4338,6.0,4.195611142693634,4.195611142693634,1.8043888573063658,30.073147621772762
6336,19.592,23.85915633993711,23.85915633993711,4.2671563399371095,21.78009565096524
1558,2.8,3.6743481186681244,3.6743481186681244,0.8743481186681246,31.226718523861592
2249,26.49,17.27973193532957,17.27973193532957,9.21026806467043,34.768848866253045
5044,36.0,21.28393047538517,21.28393047538517,14.71606952461483,40.87797090170786
3786,8.5,12.739295836919823,12.739295836919823,4.239295836919823,49.87406866964497
4233,12.8,15.31378291309459,15.31378291309459,2.5137829130945892,19.63892900855148
4561,13.0,10.841732699530787,10.841732699530787,2.1582673004692126,16.60205615745548
3733,3.5,5.009588247711321,5.009588247711321,1.5095882477113207,43.13109279175202
5661,63.05,86.88747035396322,86.88747035396322,23.837470353963226,37.80724877710266
5664,70.99,68.18804130160916,68.18804130160916,2.801958698390834,3.946976614158099
6291,8.89,9.12949552343365,9.12949552343365,0.23949552343365,2.6939878901422945
6970,20.49,27.90355163567161,27.90355163567161,7.413551635671613,36.18131593788001
4693,29.5,17.503160168256407,17.503160168256407,11.996839831743593,40.66725366692744
3164,1.0,1.0153334013077924,1.0153334013077924,0.015333401307792371,1.5333401307792371
2112,5.4,5.00537805221871,5.00537805221871,0.39462194778129067,7.307813847801678
705,7.2,6.9942504575078335,6.9942504575078335,0.2057495424921667,2.857632534613426
2943,26.5,17.77915686945346,17.77915686945346,8.720843130546541,32.90884200206242
6952,20.99,14.429767487106538,14.429767487106538,6.56023251289346,31.25408534013083
57,3.8,5.677741859311949,5.677741859311949,1.877741859311949,49.41425945557761
4881,9.8,10.812462750557135,10.812462750557135,1.012462750557134,10.331252556705447
5640,17.2,25.848586273852483,25.848586273852483,8.648586273852484,50.28247833635165
527,4.5,8.895215935018271,8.895215935018271,4.395215935018271,97.67146522262826
1935,3.8,4.864985301298219,4.864985301298219,1.0649853012982193,28.02592898153209
5058,1.95,3.540305857781272,3.540305857781272,1.5903058577812719,81.55414655288574
565,4.0,6.770524242465729,6.770524242465729,2.7705242424657293,69.26310606164323
1871,4.9,5.820490519535614,5.820490519535614,0.9204905195356137,18.785520806849256
6095,18.85,23.87068360565201,23.87068360565201,5.02068360565201,26.634926289931087
640,5.5,3.8398892265674824,3.8398892265674824,1.6601107734325176,30.18383224422759
5282,5.0,5.0971846786673805,5.0971846786673805,0.09718467866738045,1.943693573347609
1747,41.0,29.35299215202451,29.35299215202451,11.647007847975491,28.407336214574368
730,6.5,7.900775718660215,7.900775718660215,1.4007757186602152,21.550395671695618
