sample_id,y_true_price,raw_prediction,y_pred_price,absolute_error,absolute_percentage_error
3909,5.5,1.604796010064379,3.9768442730418325,1.5231557269581675,27.6937404901485
6004,37.499,3.2827741392051952,25.649599949015226,11.849400050984777,31.5992427824336
1768,27.49,2.837327288486188,16.070081111367553,11.419918888632445,41.54208398920497
3360,7.8,2.1188780648975527,7.321795733497815,0.4782042665021846,6.130823929515188
4700,12.99,2.465179854932104,10.765598062536887,2.2244019374631137,17.12395640849202
865,3.5,1.3239175805391463,2.7581152955095036,0.7418847044904964,21.19670584258561
7074,52.5,3.9152406294114286,49.161140304593324,3.3388596954066756,6.359732753155573
2233,26.0,3.0589115160091307,20.30435508732593,5.695644912674069,21.906326587207957
1720,22.0,2.574198399649128,12.120795307771385,9.879204692228615,44.905475873766434
1662,4.7,2.4608290439143947,10.714519366308355,6.014519366308355,127.96849715549692
1566,11.49,3.00839950051171,19.254955922272632,7.764955922272632,67.58012116860428
5141,3.2,1.736704487847042,4.678598661941027,1.4785986619410272,46.2062081856571
7264,63.86,3.9167264831471553,49.235727821651025,14.624272178348974,22.900520166534566
5464,127.0,4.659719848070133,104.60649214942208,22.39350785057792,17.632683346911747
6348,31.79,3.179971429579707,23.046066536023048,8.743933463976951,27.50529557715304
6283,17.99,3.6274351284153674,36.61621202760722,18.62621202760722,103.53647597335865
6419,30.9,3.4022809268687477,29.032523973613504,1.8674760263864947,6.043611735878624
763,7.9,2.6561419654336467,13.241239780531917,5.341239780531916,67.6106301333154
3297,4.8,1.8720289726854142,5.501474339775552,0.7014743397755518,14.614048745323998
2654,3.59,1.4312066270201547,3.1837443664871676,0.4062556335128322,11.316312911220953
2189,3.1399,1.832220036917072,5.247741490472318,2.1078414904723184,67.13084781274303
3945,1.9,1.1173916906853294,2.056870531994812,0.15687053199481227,8.256343789200645
6006,20.04,3.0559241586767802,20.240806334621677,0.20080633462167796,1.0020276178726446
1197,19.8,2.533402257171961,11.596289131060708,8.203710868939293,41.43288317646107
429,7.5,2.0604112861427426,6.849197412666372,0.6508025873336276,8.677367831115035
4271,5.7,1.8863680924625765,5.5953713504588904,0.10462864954110973,1.8355903428264864
3905,5.1,1.9323230490577363,5.905533516076747,0.8055335160767472,15.79477482503426
2316,2.7,1.9528431990199713,6.0486999743579695,3.3486999743579693,124.02592497622106
4584,13.5,2.277945453794865,8.75661438823713,4.74338561176287,35.136189716762
7086,51.49,3.999654545273745,53.57929210163883,2.0892921016388257,4.057665763524618
1992,16.5,2.7668762069735484,14.90886032198662,1.5911396780133806,9.64327077583867
7240,13.1,2.527956123288754,11.52787452068536,1.5721254793146393,12.000957857363659
554,7.2,2.491017106327346,11.073549961545297,3.8735499615452964,53.79930502146245
1905,11.999,2.2027310878152484,8.049695292565657,3.9493047074343437,32.913615363233134
2034,14.5,2.590057116681567,12.330532977259166,2.169467022740834,14.961841536143684
1215,6.2,1.9005457203376452,5.6895440665983035,0.5104559334016967,8.2331602161564
1615,7.0,2.0944152807905843,7.120691257551812,0.12069125755181176,1.7241608221687392
1002,3.2,1.347094897128871,2.8462355745693335,0.35376442543066666,11.055138294708334
2388,9.95,2.1327188764980485,7.437776925820559,2.51222307417944,25.24847310733106
6001,38.9,3.7728867026254447,42.5054711011181,3.6054711011180984,9.26856324194884
1533,4.95,1.7236442411666828,4.604916960536678,0.3450830394633222,6.971374534612569
5326,26.5,3.2818402671637075,25.624724249873854,0.8752757501261463,3.3029273589665897
2764,22.5,3.031027579844491,19.718511579493363,2.781488420506637,12.362170757807275
6702,12.99,3.0506642846149923,20.12937568083931,7.13937568083931,54.96055181554511
496,10.89,2.600509958253304,12.47060573030308,1.5806057303030787,14.51428586136895
2691,29.5,3.129595609401318,21.86473139021834,7.6352686097816616,25.88226647383614
7213,26.25,3.2759856802744993,25.469302896198897,0.7806971038011028,2.974084204956582
5400,13.99,2.6252474935888683,12.807991152496404,1.182008847503596,8.448955307388104
5931,44.99,3.504421450254961,32.26219445045364,12.72780554954636,28.290299065450903
828,4.8,1.49285047284917,3.449761382583832,1.350238617416168,28.129971196170168
3552,1.55,1.5211084683519371,3.5772961720583893,2.0272961720583895,130.7933014231219
61,6.9,2.302101799872521,8.995168236457843,2.095168236457843,30.36475705011366
1429,10.0,2.195453427298984,7.98407375771054,2.01592624228946,20.1592624228946
2970,3.2,1.5577759386756582,3.748249095769233,0.5482490957692328,17.132784242788524
3955,29.9,3.195779779095796,23.42921565876393,6.470784341236069,21.641419201458426
4121,14.5,2.659152788607735,13.284182248940754,1.2158177510592463,8.384950007305147
3550,16.4,2.7598168712482596,14.796949807660287,1.6030501923397118,9.77469629475434
5189,4.6,1.3346199091806097,2.7985518773024074,1.8014481226975922,39.161915710817226
465,5.95,1.9933330020640054,6.339957130397037,0.38995713039703706,6.553901351210707
5636,7.5,2.7389447233013495,14.470650662025227,6.970650662025227,92.94200882700302
6951,12.9,3.0396450102518577,19.89782340512158,6.997823405121581,54.246693062957995
4230,8.2,2.0756318634715023,6.969580555272592,1.2304194447274073,15.00511517960253
6145,42.45,4.216376914414669,66.78743914362903,24.337439143629027,57.33201211691173
1902,8.9,2.175057243010948,7.802689000188533,1.0973109998114676,12.329337076533344
185,4.7,1.7236442411666828,4.604916960536678,0.0950830394633222,2.0230433928366423
2662,4.8,1.7761369452981666,4.906993248143774,0.10699324814377409,2.2290260029952935
932,2.0,1.615164537877389,4.028715269538443,2.028715269538443,101.43576347692216
6485,20.95,3.149384671120334,22.321709643425052,1.3717096434250529,6.547540064081398
5510,12.99,3.1233817130820554,21.72309283937794,8.73309283937794,67.22935211222433
1487,18.99,2.302101799872521,8.995168236457843,9.994831763542155,52.63207879695712
1084,17.0,2.563778810830227,11.984791796485167,5.015208203514833,29.50122472655784
7123,11.999,2.8147221983242363,15.688539032203739,3.6895390322037382,30.748720995114077
5735,99.69,4.28136778268846,71.33931683616638,28.350683163833622,28.438843578928303
2939,12.5,2.489447903158376,11.054618965858772,1.4453810341412279,11.563048273129823
1940,7.5,2.0906988243958637,7.09056707487685,0.4094329251231503,5.459105668308671
5481,17.86,2.7049983561173754,13.954292107404886,3.905707892595114,21.86846524409358
3268,2.2,1.281632090252862,2.602514559033581,0.4025145590335808,18.296116319708215
1703,22.5,3.5027350736684157,32.20614913455165,9.706149134551652,43.138440598007335
6381,19.8,3.1431370627141435,22.176458941422677,2.376458941422676,12.002317885973111
3244,1.5,1.2017608425829165,2.3259682761386067,0.8259682761386067,55.06455174257378
4438,1.5,1.185819449747237,2.273368083384756,0.773368083384756,51.5578722256504
5549,17.5,2.76338078644849,14.853349238895822,2.646650761104178,15.123718634881017
4063,8.0,2.2214193293672904,8.220408379428687,0.22040837942868663,2.755104742858583
5269,5.299999,1.9597934469898641,6.097860829214322,0.7978618292143222,15.053999618006008
7091,24.299,3.5098756393272383,32.44410839349825,8.145108393498248,33.520344020322845
2718,22.0,2.9072516080083886,17.30641615586666,4.6935838441333395,21.334472018787906
1740,7.8,2.2063023072788908,8.082071517427224,0.2820715174272239,3.61630150547723
5023,17.5,2.778319460499851,15.09195504564967,2.4080449543503306,13.76025688200189
3994,7.0,2.1862687437511164,7.9019356668801155,0.9019356668801155,12.884795241144506
101,12.6,2.5787454088775514,12.180591529079804,0.41940847092019595,3.3286386580967933
4505,15.0,2.77523006639301,15.04231736921658,0.04231736921657969,0.28211579477719795
736,8.2,2.50388247199263,11.229884088199391,3.029884088199392,36.94980595365112
7111,48.49,3.928942414825676,49.853167663696354,1.363167663696352,2.811234612696127
538,25.5,2.8576017895453187,16.419700694238482,9.080299305761518,35.60901688533929
4520,9.0,1.9514605090267854,6.038960542297759,2.961039457702241,32.900438418913794
5153,8.5,2.1056101087140435,7.212111762445527,1.2878882375544727,15.151626324170268
733,10.8,2.690233160283121,13.735111162636489,2.9351111626364883,27.176955209597114
5218,4.4,2.0944752605641836,7.121178349382593,2.7211783493825923,61.844962485968004
79,3.7,1.3148315607260779,2.7241236437356777,0.9758763562643225,26.3750366557925
5808,17.79,2.701141672382159,13.896729204567393,3.8932707954326062,21.88460256004838
3113,5.5,1.8863680924625765,5.5953713504588904,0.09537135045889045,1.7340245537980081
5278,5.3,1.4922407319548812,3.447049008105897,1.8529509918941027,34.96133946970005
3082,5.9,1.8594474964091565,5.420188614071386,0.47981138592861416,8.132396371671426
4939,11.5,2.235674595240128,8.352789071536948,3.1472109284630516,27.367051551852622
132,8.9,2.056460782339357,6.81825029703107,2.0817497029689305,23.390446100774497
737,12.2,2.100870833410481,7.173284383473055,5.026715616526944,41.20258702071266
1041,9.0,2.4197070530045504,10.242565356685438,1.2425653566854375,13.806281740949306
2095,13.5,2.668866894552268,13.423616451485218,0.07638354851478191,0.5658040630724586
7199,21.99,3.143880843824684,22.193703566110585,0.20370356611058682,0.926346367033137
6848,42.499,3.4195710833013697,29.556306099998864,12.942693900001139,30.454113979155128
1634,9.3,2.7668762069735484,14.90886032198662,5.608860321986619,60.310326042866855
6425,20.34,3.0330479527115743,19.760413012140585,0.5795869878594146,2.849493548964674
5527,23.9,3.480406675482457,31.472925333538043,7.572925333538045,31.68588005664454
6243,47.499,3.31784622932392,26.60084061498359,20.898159385016413,43.99705127479823
6607,41.0,3.804033825435339,43.88186544100145,2.8818654410014517,7.02894010000354
3308,17.2,2.684411240273918,13.649573761679603,3.550426238320396,20.642013013490676
4726,5.0,2.17013184659366,7.759438866786182,2.7594388667861818,55.188777335723636
5241,1.8,1.4800256980895345,3.3930585726807303,1.5930585726807303,88.50325403781835
5112,14.499,2.403438696389719,10.061146984738867,4.437853015261133,30.607993759991263
2647,7.5,2.170303682739591,7.760944184331848,0.26094418433184785,3.4792557910913047
3139,6.2,2.0071236272367305,6.441880908951026,0.24188090895102565,3.901304983081059
5239,6.6,2.1217691011670854,7.34588915749106,0.7458891574910602,11.301350871076671
319,9.0,2.153179339222729,7.612196008944462,1.387803991055538,15.420044345061534
5857,4.845,2.5007210454006885,11.19128125958276,6.346281259582761,130.98619730820974
6898,38.8,3.758432260638076,41.88114679271747,3.081146792717476,7.941099981230609
842,7.5,1.8710240732442083,5.494944293413981,2.0050557065860186,26.73407608781358
1894,5.5,1.6198982109309528,4.052575993381415,1.4474240066185846,26.316800120337902
177,7.5,2.574067035436048,12.119071818025715,4.619071818025715,61.58762424034286
5163,3.8,1.2170749798714815,2.3772946171573954,1.4227053828426044,37.439615337963275
4671,7.3,1.9759345767559209,6.213357941270649,1.0866420587293506,14.885507653826721
3832,22.9,2.6831126030897217,13.630561628063822,9.269438371936177,40.477896820682
3961,3.95,1.6129932030251182,4.017808090665696,0.06780809066569571,1.7166605231821699
1509,4.0,1.339163101716063,2.8158486914640206,1.1841513085359794,29.603782713399486
6654,19.49,2.741287414039641,14.50693609822902,4.983063901770979,25.56728528358635
2177,11.4,2.1553828735633225,7.631194202496799,3.7688057975032017,33.05969997809826
3671,1.4,1.1614099378512386,2.194434055949429,0.794434055949429,56.7452897106735
1755,6.9,1.7598541409323296,4.81158965952976,2.08841034047024,30.2668165285542
2245,4.0,1.868820538903615,5.480648217355094,1.4806482173550943,37.01620543387736
3193,4.799,1.8720289726854142,5.501474339775552,0.7024743397755513,14.637931647750598
1038,13.5,2.4611036387237686,10.717736554211987,2.782263445788013,20.609358857688985
6559,8.1,1.8658332528952206,5.461317555093887,2.638682444906113,32.576326480322386
3450,7.29,1.9900960069021143,6.316236137759304,0.9737638622406957,13.357528974495139
5444,41.29,3.4526245000885942,30.583173673486037,10.706826326513962,25.930797593882204
3433,17.49,2.693496355215766,13.783273241101977,3.7067267588980215,21.19340628300756
3002,15.9,2.782111925912181,15.153099098644972,0.7469009013550281,4.6974899456291075
2516,1.5,1.153817073803084,2.170271001930305,0.6702710019303049,44.684733462020326
3698,5.35,1.6679160579982786,4.301109074458977,1.0488909255410226,19.605437860579862
2045,4.99,1.854707589441166,5.38982952379458,0.3998295237945797,8.012615707306207
4239,9.49,1.8986021729366311,5.676555246895723,3.813444753104277,40.18382247738964
4710,4.99,1.8961303487004475,5.660072355619717,0.670072355619717,13.428303719834009
1728,31.5,3.3421980554296424,27.28122212967454,4.218777870325461,13.392945620080829
3319,9.19,2.5078997782732984,11.27911409816366,2.0891140981636607,22.732471144327103
5372,2.899,1.7154270352870862,4.559048915611487,1.6600489156114868,57.26281185275912
2771,27.5,2.9536469012449533,18.175758462789588,9.324241537210412,33.90633286258332
4552,1.5,1.2740665490302763,2.5753624264311874,1.0753624264311874,71.69082842874582
3379,5.0,2.3996949399937177,10.019814163250777,5.019814163250777,100.39628326501553
3857,6.7,2.1383661123679554,7.48556184169038,0.78556184169038,11.724803607319105
5435,23.49,3.4242285245525084,29.69895222563265,6.20895222563265,26.43232109677587
4104,3.2,1.4611435285899803,3.3108863326070512,0.11088633260705105,3.4651978939703456
6784,28.799,2.918157535339896,17.507157244362382,11.291842755637617,39.20914877474085
2412,21.49,2.6361506585337446,12.959365688756554,8.530634311243444,39.69583206721008
6248,27.89,3.5512528757991904,33.85696158517958,5.9669615851795825,21.394627411902412
3045,11.5,2.4077197032004385,10.108601334036463,1.3913986659635373,12.099118834465541
1918,14.9,2.6352851442732765,12.947288885762362,1.9527111142376388,13.105443719715696
3824,4.0,2.020360946709281,6.541046358355315,2.541046358355315,63.526158958882874
1550,13.5,2.6413387043587724,13.031975706825587,0.4680242931744125,3.4668466161067593
1934,7.9,2.131573812320595,7.428120659302984,0.47187934069701676,5.973156211354643
7148,19.199,2.9438529153296025,17.98886804943553,1.2101319505644703,6.303098862255692
3370,8.99,2.1616150569613266,7.685153354728733,1.304846645271267,14.514423195453471
2481,10.7,2.4638792794961795,10.750305961129065,0.050305961129065935,0.4701491694305228
6017,21.999,2.9281813719618652,17.693602853955007,4.305397146044992,19.57087661277782
5643,21.1,2.9800516171573546,18.68883290012,2.41116709988,11.427332226919432
3889,2.9,1.8159413319509754,5.146859690339814,2.246859690339814,77.4779203565453
3664,26.0,3.1527829331137207,22.40109773729916,3.5989022627008396,13.841931779618614
1600,14.8,2.7668762069735484,14.90886032198662,0.10886032198661866,0.7355427161258017
2275,23.49,2.7852079258303806,15.203186587555553,8.286813412444445,35.27804773284141
4024,8.2,2.0146638530407217,6.498206458225429,1.7017935417745704,20.753579777738665
2312,8.0,2.19516079109649,7.981445077125471,0.018554922874528756,0.23193653593160946
3935,6.9,1.883258153718263,5.574892010814738,1.3251079891852626,19.204463611380618
4352,1.0,1.534608792962683,3.639510165858921,2.639510165858921,263.9510165858921
1672,1.3,1.8279567142963864,5.221162051468367,3.921162051468367,301.6278501129513
3792,15.9,2.889138122428291,16.977808252655972,1.0778082526559718,6.778668255697935
1034,4.6,1.868820538903615,5.480648217355094,0.8806482173550947,19.144526464241192
3439,10.5,2.3988032607469263,10.009992403238458,0.4900075967615418,4.666739016776589
3221,8.9,2.4638653018629015,10.750141720809284,1.8501417208092832,20.788109222576214
2955,5.5,1.7455869213320918,4.729263115555339,0.7707368844446609,14.013397898993835
4490,2.0,1.0118640803164416,1.7507238089921304,0.24927619100786957,12.463809550393478
7244,46.49,3.7027023152290193,39.55675354310499,6.933246456895013,14.913414620122634
6285,16.09,3.1742350329234967,22.908523637829607,6.818523637829607,42.37739986221011
2268,16.49,2.8927803356892707,17.043406653442293,0.5534066534422948,3.3560136655081556
1699,2.6,1.2795732518534613,2.5951051936852343,0.004894806314765798,0.18826178133714608
3519,10.5,2.219989619872221,8.20723529310739,2.2927647068926102,21.83585435135819
87,8.5,2.2769831260595956,8.747229843836912,0.24722984383691227,2.908586398081321
7113,22.59,3.1009518790505055,21.219091105912415,1.3709088940875844,6.068653802955222
676,5.3,1.8805340050991213,5.557005401774483,0.2570054017744834,4.849158524046857
4407,24.99,2.724935015733366,14.255422532201532,10.734577467798466,42.95549206802108
3317,4.9,1.8720289726854142,5.501474339775552,0.6014743397755513,12.27498652603166
6902,67.0,4.165010764876005,63.39337562643553,3.606624373564472,5.383021453081302
2569,4.1,1.8622558038793873,5.438243818132628,1.3382438181326286,32.64009312518606
393,2.999,1.507396549988404,3.51496100465274,0.5159610046527399,17.20443496674691
1149,5.6,1.6870517531267826,4.4035262684534064,1.1964737315465932,21.36560234904631
1168,5.9,1.9135182716746109,5.776889844288608,0.12311015571139272,2.0866128086676734
2208,3.4,1.4971127472743935,3.468767963580868,0.06876796358086823,2.0225871641431836
230,18.5,2.998153484407971,19.04848288704082,0.5484828870408194,2.9647723623828073
2802,4.999999,1.8720289726854142,5.501474339775552,0.5014753397755518,10.029508801412797
1543,4.4,1.699004360856832,4.468500027690781,0.06850002769078056,1.5568188111541035
2345,28.5,3.2343429085394853,24.389682952552903,4.110317047447097,14.422165078761745
3599,6.0,1.9838577822619545,6.2707378749522436,0.27073787495224355,4.512297915870725
2892,2.2,1.538674977708364,3.6584136778631855,1.4584136778631853,66.29153081196296
4691,25.9,3.246408880117766,24.697889813803172,1.2021101861968262,4.641352070258017
2942,16.0,3.0870656867863313,20.91268486644018,4.9126848664401805,30.704280415251127
5121,24.49,2.8730622069390916,16.691109175966886,7.798890824033112,31.845205488089473
7189,54.99,3.9026447054722033,48.53327695733169,6.456723042668315,11.74163128326662
970,3.2,1.2703678850130031,2.56216278763807,0.63783721236193,19.932412886310313
3718,5.6,1.7934852923927451,5.010363879527452,0.589636120472548,10.529216437009786
5329,7.0,2.0639134854960917,6.876735059787609,0.12326494021239132,1.760927717319876
169,10.5,2.7076610190202866,13.994163404593992,3.4941634045939924,33.277746710418974
1056,9.0,1.8546522487249377,5.389475915836706,3.610524084163294,40.11693426848104
5968,24.1145,2.9107611613103046,17.370776370875085,6.743723629124915,27.965430048829194
251,3.7,1.8580690881366884,5.411345069382757,1.711345069382757,46.252569442777215
5889,51.0,3.290414677633987,25.853997099324275,25.146002900675725,49.30588804054064
2705,10.5,2.0470690449495694,6.7451670698222435,3.7548329301777565,35.76031362074053
1729,4.3,1.7748097070558415,4.899158461272181,0.5991584612721814,13.93391770400422
2533,8.6,1.8734958974803921,5.5110185122686355,3.088981487731364,35.918389392225166
95,7.5,1.3280354331305948,2.773622566733893,4.726377433266107,63.018365776881424
5646,17.5,3.298518247178733,26.072494440888363,8.572494440888363,48.98568251936207
5174,23.49,2.519969395463807,11.428216297961614,12.061783702038385,51.348589621278784
3692,2.8,1.769229392091022,4.866330978065842,2.0663309780658423,73.79753493092295
1172,6.69,1.9323230490577363,5.905533516076747,0.7844664839232536,11.725956411408871
1383,11.9,2.6342567730252067,12.93295326731602,1.032953267316019,8.680279557277473
5263,7.2,2.344268001654991,9.425638383683744,2.2256383836837434,30.91164421782977
711,13.7,2.7668762069735484,14.90886032198662,1.20886032198662,8.823797970705256
2354,7.9,2.18821229115213,7.919253824688338,0.019253824688338028,0.24371929985238008
2215,7.0,2.100870833410481,7.173284383473055,0.17328438347305486,2.4754911924722123
3779,7.49,2.167709294930295,7.7382443563530074,0.24824435635300723,3.3143438765421527
5242,5.5,2.5585803785212518,11.91746638020967,6.417466380209669,116.68120691290306
69,5.5,1.9711854620426759,6.179182093683903,0.6791820936839033,12.348765339707333
263,6.5,2.2695130086913635,8.674688177603217,2.174688177603217,33.45674119389565
408,16.0,2.298093823466324,8.95518801140927,7.04481198859073,44.030074928692066
7137,54.99,3.962020490005858,51.56342259943016,3.4265774005698404,6.2312736871610115
6024,24.39,3.107835100655168,21.372557599871723,3.017442400128278,12.37163755690151
3217,1.79,1.8291923769147111,5.228854060243039,3.438854060243039,192.11475196888486
5196,11.6,2.650883311551062,13.166546594600192,1.566546594600192,13.504712022415449
37,13.8,2.6361506585337446,12.959365688756554,0.8406343112434467,6.091552980024976
3504,6.99,1.9298512248215527,5.888485329708301,1.1015146702916994,15.758435912613725
1862,31.0,3.0348564172717714,19.79799145272528,11.202008547274719,36.135511442821674
4602,13.3,2.6413387043587724,13.031975706825587,0.26802429317441323,2.015220249431678
6222,20.66,2.9518783986630557,18.141876053833048,2.518123946166952,12.188402449985247
6474,9.29,2.4313954484524003,10.374743879008488,1.0847438790084887,11.676468019467048
2333,28.5,3.4341708922026752,30.005694842263676,1.5056948422636758,5.283139797416406
1575,6.8,2.277945453794865,8.75661438823713,1.9566143882371305,28.773741003487213
6763,35.89,3.619100712346382,36.3040057015573,0.41400570155730065,1.153540544879634
5733,20.0,3.560067243088132,34.16556170657056,14.165561706570557,70.82780853285279
3295,11.0,2.4675943499232496,10.794040363205257,0.20595963679474316,1.872360334497665
3985,19.5,2.7748830116315206,15.036750772601074,4.463249227398926,22.888457576404747
5958,89.09,4.544126272399071,93.07819257580472,3.9881925758047174,4.476588366600873
3641,13.8,2.457111308957222,10.671048744348468,3.1289512556515326,22.673559823561828
1163,5.39,1.8720289726854142,5.501474339775552,0.11147433977555199,2.068169569119703
3781,8.5,2.3847159631183996,9.855978728620627,1.3559787286206273,15.952690924948557
1554,23.99,3.1358073798779804,22.007203898764924,1.982796101235074,8.26509421106742
19,10.0,1.7789471470568565,4.923616437276178,5.076383562723822,50.763835627238215
3257,7.1,2.5556862545559498,11.880135677085681,4.780135677085681,67.32585460684058
3279,6.699999,2.153179339222729,7.612196008944462,0.912197008944462,13.614882762586412
982,1.7,1.2540820972591025,2.504619997188722,0.8046199971887222,47.330588069924836
6602,12.15,2.568246371905461,12.042931922465003,0.10706807753499703,0.8812187451440084
239,4.8,1.790181619962788,4.990540369306633,0.19054036930663276,3.969591027221516
7053,20.99,3.3463989705479085,27.400279042184092,6.410279042184094,30.539681001353475
2509,22.05,2.947063307014919,18.049927713811226,4.000072286188775,18.14091739768152
3800,7.3,1.626988413555118,4.088527080587021,3.211472919412979,43.99277971798602
6775,25.99,3.530688322936421,33.14746400997148,7.157464009971481,27.53929976903225
1322,2.5,1.5854700664659587,3.881585508922055,1.381585508922055,55.2634203568822
3842,10.9,2.6856891605177147,13.668306715613808,2.7683067156138073,25.397309317557866
3166,10.9,2.1876571604805637,7.914303847391999,2.9856961526080017,27.39170782209176
4381,12.0,2.5736870099263944,12.114087183276055,0.11408718327605527,0.9507265273004606
5635,15.999,3.2114014198012235,23.81383647083326,7.814836470833258,48.845780804008115
5514,28.49,3.259871481046215,25.046189498380667,3.443810501619332,12.087786948470804
1965,4.5,1.7785183358104928,4.921076868465477,0.42107686846547665,9.35726374367726
2486,4.686,2.376985576277466,9.772381349856547,5.086381349856547,108.54420294188107
4706,3.0,1.7367397566568372,4.678798942888953,1.6787989428889531,55.95996476296511
2676,6.2,1.8147504803957633,5.139544049703459,1.0604559502965412,17.104128230589374
1726,6.799999,2.279905911801459,8.775760582554572,1.975761582554572,29.055321663349837
332,4.0,1.6070644304349648,3.9881466624105864,0.011853337589413648,0.2963334397353412
4728,4.99,1.8720289726854142,5.501474339775552,0.5114743397755515,10.249986769049126
3544,4.75,2.2071174248900363,8.089477491826788,3.3394774918267878,70.3047893016166
6459,13.19,2.4358529242106006,10.425559695100446,2.764440304899553,20.95860731538706
1562,25.0,3.312495524562827,26.45355106854218,1.453551068542179,5.814204274168716
3989,4.5,1.7703943354186438,4.873168903320752,0.37316890332075214,8.292642296016714
1320,29.5,3.341184677567404,27.252577081831337,2.247422918168663,7.618382773453096
6674,35.99,3.6368242317033377,36.97105776247525,0.9810577624752455,2.7259176506675336
2036,10.799,2.5592281954953027,11.925837245293998,1.1268372452939985,10.434644367941463
3774,5.5,1.7525453288273303,4.769268689081676,0.7307313109183244,13.286023834878627
3121,8.2,2.1780272254652835,7.8288716938945075,0.37112830610549175,4.525954952505997
2650,3.6,1.912252092825521,5.768314519798075,2.168314519798075,60.23095888327986
4595,3.95,1.5708587140523171,3.8107775028178255,0.13922249718217472,3.524620181827208
2471,3.55,1.3362839106908535,2.8048779351882307,0.7451220648117691,20.989353938359695
4397,10.8,2.1385892934423327,7.487455869846663,3.312544130153338,30.671704908827202
6418,5.8,2.019842208391353,6.537135543084531,0.7371355430845314,12.70923350145744
1888,13.8,2.9724291710436272,18.53932635895462,4.739326358954621,34.34294463010595
5537,25.99,3.0718957467574812,20.5827794008667,5.4072205991333,20.805004229062334
7214,57.99,3.908684253778392,48.83334078918597,9.156659210814034,15.790065892074553
2519,29.5,3.361419009484768,27.830072012657332,1.6699279873426676,5.660772838449721
1142,13.89,2.683629664608743,13.63812848457994,0.2518715154200599,1.8133298446368604
308,11.3,2.0447558045270244,6.72727134281664,4.572728657183361,40.4666252848085
5255,1.99,1.2339746998923469,2.4348549575012357,0.4448549575012357,22.35452047744903
381,4.5,2.155359943631656,7.630996292072581,3.130996292072581,69.57769537939069
4118,7.5,2.098726631512516,7.155777986917052,0.3442220130829483,4.589626841105978
3617,7.2,1.8986021729366311,5.676555246895723,1.5234447531042772,21.15895490422607
1400,9.8,2.0769157654175667,6.979819286613907,2.820180713386094,28.777354218225447
7075,23.5,3.0556654460449737,20.23531178049908,3.2646882195009184,13.892290295748587
6806,14.4,2.802036559320964,15.478171395614805,1.0781713956148042,7.487301358436141
2465,4.3,1.343816965251324,2.833648517399357,1.466351482600643,34.101197269782396
994,10.5,2.497060862926764,11.14674050894497,0.6467405089449692,6.159433418523515
683,4.7,1.917983929280574,5.807220787364648,1.107220787364648,23.55788909286485
3428,7.9,2.1682005759136063,7.74253834432376,0.15746165567624004,1.9931855148891144
2906,11.9,2.452720709508344,10.619918173230914,1.280081826769086,10.756990140916688
2984,12.8,2.304281289892623,9.016976362542316,3.783023637457685,29.554872167638162
457,2.7,1.6031767164860211,3.968791822470294,1.2687918224702939,46.99228972112199
4028,4.8,1.6797499206741677,4.3642143242680635,0.4357856757319363,9.07886824441534
3622,3.8,1.986913055745305,6.292985937236781,2.4929859372367815,65.60489308517846
756,2.95,1.6556335288661685,4.236396279760944,1.286396279760944,43.606653551218436
5845,21.99,3.322193531776727,26.72109101012283,4.731091010122832,21.514738563541755
4100,1.5,1.2345240665853325,2.43674247083113,0.9367424708311298,62.44949805540866
1046,11.89,2.171929623973954,7.775200551600021,4.11479944839998,34.607228329688645
1024,4.49,1.1887577890515941,2.283000494197048,2.206999505802952,49.153663826346374
2344,13.4,2.6854584554998513,13.664923053979823,0.26492305397982285,1.9770377162673345
2997,3.2,2.222356171460996,8.229050493635798,5.029050493635798,157.15782792611867
4591,3.55,1.832989472590804,5.252550575558894,1.7025505755588943,47.95917114250407
4974,26.9,2.924869464874167,17.63179378760806,9.268206212391938,34.45429818733063
1515,28.2,3.4491086813726426,30.472327931323235,2.272327931323236,8.057900465685234
5186,24.19,3.0162420980286395,19.414431924947582,4.775568075052419,19.741910190377922
1737,4.3,1.8984899645801327,5.675806123634129,1.3758061236341295,31.995491247305335
6156,22.85,3.2405480641421955,24.547719700195668,1.697719700195666,7.429845515079501
1869,5.6,1.9739214088390642,6.198850847997435,0.5988508479974355,10.693765142811348
6526,22.99,3.077032109175057,20.69392156672202,2.2960784332779767,9.987292010778498
1042,3.5,0.8492426810594094,1.3378756638125395,2.1621243361874605,61.774981033927446
3442,6.5,1.8691802077823934,5.482979524057289,1.0170204759427106,15.646468860657087
50,7.5,2.1606393594661366,7.67668340508145,0.17668340508144986,2.3557787344193315
786,6.5,1.8924013006401,5.635282875028932,0.8647171249710679,13.303340384170276
245,18.5,3.0375820593821756,19.854756659716966,1.3547566597169656,7.323008971443057
5303,4.25,2.350285568862032,9.4885645045292,5.238564504529201,123.26034128304002
3076,14.0,2.48479784926054,10.99869446469323,3.00130553530677,21.43789668076264
5462,37.19,3.3130013053850824,26.4674400602722,10.722559939727798,28.831836353126644
7234,54.95,3.7817398562489233,42.89234170583342,12.057658294166586,21.9429632286926
625,7.5,2.2921313905699274,8.896007476230338,1.3960074762303378,18.613433016404503
6414,26.59,2.8494147766441698,16.2776675867015,10.312332413298499,38.782746947342986
2272,5.7,1.6259546357607881,4.083269392394154,1.616730607605846,28.363694870278
4812,12.99,2.632769180605846,12.912242120348228,0.07775787965177194,0.5985979957796147
7182,57.28,3.42919161689176,29.851692679205513,27.428307320794488,47.88461473602389
4894,6.9,2.0639134854960917,6.876735059787609,0.02326494021239167,0.337173046556401
6403,5.3,2.0016494437109116,6.401253988142898,1.101253988142898,20.77837713477166
1025,12.5,2.376985576277466,9.772381349856547,2.7276186501434534,21.820949201147627
5457,53.99,3.7276326185015285,40.580554517557225,13.409445482442777,24.836905875982175
2926,7.5,2.3452644461152503,9.436032130831721,1.9360321308317214,25.81376174442295
321,31.8,3.493942464185814,31.91546026241751,0.1154602624175105,0.3630825862185865
3326,17.0,3.1350438717844575,21.989644416635265,4.989644416635265,29.35084950961921
3105,11.9,2.6596851238842576,13.29178824733916,1.391788247339159,11.695699557471924
1893,4.5,1.4395002395925403,3.218587007328968,1.281412992671032,28.47584428157849
4920,6.8,1.896018140343949,5.6593250817725025,1.1406749182274973,16.774631150404375
2138,11.49,2.357045386869883,9.559705470836501,1.9302945291634988,16.79977832170147
5476,40.49,3.089259430307628,20.96080844299269,19.529191557007312,48.232135235878765
3475,1.55,1.1367733413403005,2.116695610373751,0.566695610373751,36.56100712088716
4098,11.0,2.6765791837064143,13.535285611131261,2.535285611131261,23.048051010284194
7001,45.499,3.5339206636963567,33.25801882890644,12.240981171093566,26.903846614416942
5321,14.799,3.028371870788056,19.663562237683703,4.864562237683703,32.87088477386109
5339,2.7,1.3474125728828727,2.847457624453085,0.14745762445308497,5.461393498262406
4296,24.5,3.083615676435673,20.837216135647417,3.6627838643525834,14.95013822184728
3767,5.9,1.8710240732442083,5.494944293413981,0.40505570658601897,6.865350959085068
2126,16.3,3.022012482975773,19.53257158347398,3.2325715834739803,19.831727505975337
4279,5.9,1.626385215316767,4.085458615555598,1.8145413844444027,30.75493871939665
233,3.8,1.8546522487249377,5.389475915836706,1.5894759158367062,41.82831357465017
65,15.0,2.5925741849053545,12.364129102354115,2.6358708976458853,17.572472650972568
5856,20.709,3.4097109050645855,29.256495995165977,8.547495995165978,41.27430583401409
1595,14.5,2.790659113613891,15.291754380852797,0.7917543808527974,5.46037504036412
5133,9.8,2.7748830116315206,15.036750772601074,5.236750772601074,53.436232373480344
2656,20.9,3.132078331817633,21.92156869781768,1.0215686978176812,4.887888506304695
3218,32.99,3.5816601817677762,34.93314691028179,1.94314691028179,5.8901088520211875
509,5.0,1.780257932915709,4.931386121018752,0.06861387898124782,1.3722775796249564
6253,15.5,2.913758560678311,17.42592353210335,1.9259235321033508,12.425313110344199
6481,18.99,3.260335420749519,25.058276163333836,6.068276163333838,31.955114077587353
576,26.7,2.677172487837671,13.543912014920792,13.156087985079207,49.27373777183224
217,4.999999,1.7120118533329158,4.540096134092512,0.4599028659074875,9.198059157761582
5697,15.59,3.068407541034199,20.50762537878476,4.917625378784759,31.543459774116478
7082,11.9,2.716246506684972,14.123449808813524,2.2234498088135233,18.68445217490356
3757,4.0,1.7229484349662305,4.601018381047697,0.6010183810476972,15.025459526192432
3954,9.2,2.678973673100698,13.570131901256568,4.370131901256569,47.50143370931053
6731,24.5,3.2386036095610122,24.498091585030373,0.0019084149696269037,0.007789448855620016
6889,39.9,3.138304835648169,22.064735183914582,17.835264816085417,44.69991181976295
2115,10.5,2.0601998470416003,6.847537960863431,3.6524620391365694,34.785352753681615
3467,2.0,1.5101128381988083,3.5272416112828635,1.5272416112828635,76.36208056414317
4871,17.5,3.0716936594738447,20.578418236287042,3.0784182362870425,17.59096135021167
6130,20.5,3.487560517922627,31.706064450913573,11.206064450913573,54.663729028846696
3478,9.0,2.376985576277466,9.772381349856547,0.7723813498565466,8.582014998406073
4487,4.499999,2.20597896319348,8.079135358039256,3.579136358039256,79.53638118673484
3933,29.99,3.3464917690297837,27.402914667253153,2.5870853327468453,8.626493273580678
3347,7.6,2.020360946709281,6.541046358355315,1.0589536416446848,13.93360054795638
1261,6.5,1.872501807739457,5.504549191637943,0.9954508083620572,15.314627820954726
4382,9.5,2.292653376955668,8.90117440582225,0.5988255941777503,6.303427307134212
3163,9.65,2.431239450997259,10.372969586306647,0.7229695863066468,7.491912811467842
1412,4.0,1.5522121526439483,3.7219042103881197,0.2780957896118803,6.952394740297008
1281,14.0,1.866714074644888,5.467011331360783,8.532988668639216,60.94991906170869
4588,6.0,2.15724651826324,7.647294679951001,1.6472946799510009,27.45491133251668
2917,6.2,1.858705597582747,5.415427250116836,0.7845727498831643,12.65439919166394
1565,13.6,2.8173632476041237,15.732672539928394,2.132672539928395,15.68141573476761
6580,22.562,2.741803311910398,14.514938157489246,8.047061842510756,35.66643844743709
4002,7.6,2.0049200928961373,6.425500522809235,1.174499477190765,15.453940489352172
6500,7.899,2.7132158238089352,14.077684813075233,6.178684813075233,78.22110157077141
6365,25.4,3.312443234444282,26.452115556634187,1.0521155566341882,4.142187230843261
6900,21.699,3.0679122119835567,20.49697466514602,1.2020253348539818,5.539542535849494
3007,5.0,2.164314187372589,7.708627381753782,2.7086273817537823,54.17254763507564
1315,9.2,2.4335530033103945,10.399312006934489,1.1993120069344894,13.036000075374885
3885,2.3,1.6602787216118906,4.260776932348597,1.9607769323485975,85.25117097167816
3745,12.4,2.4638792794961795,10.750305961129065,1.6496940388709351,13.303984184443024
6498,18.006229,3.646168952509089,37.32754976087915,19.32132076087915,107.3035379083491
1702,40.99,3.414931152566065,29.414855370735015,11.575144629264987,28.238947619577914
1839,6.2,2.13383524884811,7.447201886580478,1.247201886580478,20.11615946097545
503,10.5,1.8825268360457303,5.570085433873788,4.929914566126212,46.95156729644011
7023,38.9,3.675708893273907,38.476631659114204,0.4233683408857942,1.0883504907089825
5818,9.79,2.303508794358166,9.009241281076095,0.780758718923904,7.975063523226804
4694,11.0,1.570396201922299,3.8085529743433115,7.1914470256566885,65.37679114233353
1721,36.0,3.8969382502138794,48.25142248838472,12.25142248838472,34.031729134402
7187,50.999,4.366905103084399,77.79937797263563,26.800377972635623,52.550791138327455
4618,14.99,2.683629664608743,13.63812848457994,1.3518715154200596,9.01848909553075
1803,18.8,2.924869464874167,17.63179378760806,1.1682062123919401,6.213862831872022
1385,4.2,1.848575690064385,5.350767616357341,1.1507676163573413,27.399228960889076
1373,1.2,1.165643625353151,2.2079869606257168,1.0079869606257168,83.9989133854764
5834,26.9,3.400339831360911,28.974284518697953,2.0742845186979544,7.7110948650481586
5654,44.99,4.105288439355301,59.66023882464472,14.67023882464472,32.60777689407583
5670,16.0,2.8714079672758066,16.661868034077074,0.6618680340770737,4.136675212981711
856,6.9,2.015218983712288,6.502370098187325,0.39762990181267543,5.7627522001837015
2458,13.899999,2.100870833410481,7.173284383473055,6.7267146165269445,48.39363381628261
2726,7.8,2.617310411480745,12.698829777441027,4.898829777441027,62.80550996719266
5886,37.99,3.4941718739337055,31.92301225607541,6.066987743924592,15.969959841865206
4252,24.79,3.132078331817633,21.92156869781768,2.8684313021823193,11.57092094466446
3269,8.1,1.9132459795777779,5.775044801949523,2.3249551980504766,28.70315059321576
2505,6.0,2.0881961087226,7.0703440027085485,1.0703440027085485,17.83906671180914
318,1.7,1.1607625461394562,2.1923666750925936,0.4923666750925937,28.962745593681984
6053,30.49,3.5299744501198846,33.12309576261065,2.6330957626106546,8.635932314236323
176,4.7,1.872501807739457,5.504549191637943,0.8045491916379426,17.11806790719027
5683,80.49,4.115084914902456,60.25741570938837,20.232584290611626,25.136767661338833
4967,2.0,1.3239175805391463,2.7581152955095036,0.7581152955095036,37.905764775475184
3100,2.6,1.922648623468256,5.839048566320803,3.2390485663208026,124.57879101233856
2840,1.85,1.3335485645056921,2.7944844981477983,0.9444844981477982,51.0532161160972
6504,14.2,3.0006488836539473,19.098574329200254,4.898574329200255,34.49700231831165
3043,2.7,1.3847903011827178,2.9939882823764314,0.29398828237643126,10.888454902830787
3169,12.5,2.2414505239780977,8.406966426366694,4.093033573633306,32.74426858906645
468,4.6,1.9415081206876104,5.969253524504791,1.3692535245047912,29.766380967495465
472,28.5,3.0129275541247846,19.346879408795836,9.153120591204164,32.116212600716366
91,7.9,1.6625382960792676,4.272677489617808,3.627322510382192,45.915474814964455
4304,2.7,1.6433108363523528,4.172265720615559,1.4722657206155585,54.52836002279846
4149,5.8,1.9498721993896384,6.027789367423771,0.22778936742377098,3.927402886616741
1047,5.6,2.022467646455099,6.556949824834184,0.9569498248341848,17.08838972918187
6571,129.29,4.687403296421905,107.5708870398647,21.71911296013529,16.79875702694353
6768,9.49,2.473515128112564,10.864077392409959,1.3740773924099585,14.47921382939893
435,5.5,2.168705257880865,7.746951659340789,2.246951659340789,40.853666533468896
6016,151.89,4.992173112298838,146.25608004373257,5.63391995626742,3.7092105841513066
1335,20.49,2.7884876817771174,15.256416327685415,5.233583672314584,25.542136028865713
1352,8.9,2.1747849654983793,7.8002925521879,1.0997074478121007,12.356263458562928
4074,2.55,1.7295174927306942,4.637932908417799,2.087932908417799,81.87972189873722
4868,5.9,1.961778289648458,6.11196295679538,0.21196295679537958,3.5925924880572806
6046,25.09,3.2125076710150324,23.841301996632996,1.2486980033670037,4.976875262522932
5546,18.99,3.1133431560037357,21.49612688624467,2.5061268862446724,13.197087341994063
4207,8.8,2.1731365618293523,7.785798067319458,1.0142019326805425,11.52502196227889
3758,11.5,2.873764038871939,16.70352971937123,5.203529719371229,45.248084516271554
106,7.7,1.8864665875000624,5.596020993800084,2.103979006199916,27.324402677920983
5694,19.0,3.2163904982890164,23.937943982198156,4.937943982198156,25.989178853674506
5676,26.99,3.3576893961160383,27.722747254990384,0.732747254990386,2.714884234866195
4791,4.1,1.7464708773741124,4.734329771323234,0.6343297713232348,15.47145783715207
5900,27.9,2.834293257050909,16.018368437281715,11.881631562718283,42.58649305633793
5313,12.9,2.58938351875072,12.32155658140884,0.57844341859116,4.484057508458605
3333,10.99,2.5359952076413714,11.62899306639471,0.6389930663947094,5.814313615966419
4086,15.0,2.668866894552268,13.423616451485218,1.576383548514782,10.509223656765213
1617,12.99,2.526234806165791,11.506328624738307,1.483671375261693,11.421642611714342
2252,4.0,1.2266152091584024,2.4096689659817563,1.5903310340182437,39.758275850456094
4860,7.8,2.367319276311412,9.668753934110807,1.8687539341108073,23.958383770651377
5584,9.299,2.7109136432380057,14.043013185531022,4.744013185531022,51.01638010034437
3494,15.9,2.90735488133651,17.308306818014863,1.4083068180148626,8.857275584999137
1498,6.666,1.880167220166045,5.5546008319939535,1.1113991680060469,16.67265478556926
996,6.5,2.171929623973954,7.775200551600021,1.2752005516000207,19.618470024615704
5912,15.3205,2.5304043104886627,11.558582677048884,3.761917322951115,24.554794706120006
6638,87.999,4.6674349698541135,105.42441020917286,17.425410209172867,19.801827531191112
41,18.0,2.8248788018076194,15.858901593865113,2.141098406134887,11.894991145193817
5253,17.2,3.0797004641318173,20.751885950248433,3.5518859502484332,20.650499710746708
5689,13.69,2.685434391128001,13.664570156064446,0.025429843935553365,0.18575488630791356
3282,3.7,2.1169418933502806,7.305698897522911,3.6056988975229105,97.45132155467326
1539,7.3,1.5528037613709444,3.7246985566253334,3.5753014433746664,48.97673210102283
1805,8.9,2.272530180926851,8.703922458412437,0.19607754158756308,2.2031184448040793
1144,2.9,2.273106577489506,8.709517378253116,5.8095173782531155,200.328185457004
6198,34.79,3.5270146273644687,33.02224676848546,1.76775323151454,5.081210783312849
2615,6.5,2.0223554380986006,6.556101919486121,0.05610191948612098,0.8631064536326304
2114,14.99,2.7741879214597067,15.025607657934604,0.03560765793460341,0.2375427480627312
5792,10.89,2.478039053855536,10.91787118535961,0.02787118535960964,0.25593374985867434
4546,11.0,2.6072118129861903,12.561186965173691,1.5611869651736914,14.192608774306285
3172,1.0,1.673940884545532,4.333143741897171,3.333143741897171,333.3143741897171
167,9.2,2.837327288486188,16.070081111367553,6.870081111367554,74.67479468877777
2337,11.3,2.4736327622194043,10.865473094646983,0.4345269053530174,3.8453708438320118
6928,39.18,3.2827741392051952,25.649599949015226,13.530400050984774,34.533946020890184
3964,5.4,1.3383489572409575,2.8127433036227325,2.587256696377268,47.91216104402348
2445,25.0,3.240934834973383,24.557602724088543,0.44239727591145694,1.769589103645828
7257,17.99,3.1554782930762855,22.46425719972588,4.47425719972588,24.8708015548965
3341,1.9,1.5177315833956677,3.5618652383821674,1.6618652383821675,87.46659149379829
4103,1.3,1.3592086581278857,2.8931113005128197,1.5931113005128197,122.54702311637074
3017,18.5,2.6596851238842576,13.29178824733916,5.208211752660841,28.152495960328867
6151,13.09,2.728264689139848,14.3063027671864,1.2163027671864004,9.291846960935068
4958,8.99,2.4363488849890738,10.431227730026643,1.4412277300266432,16.03145417159781
6935,25.4,3.5923042504199323,35.31766457875449,9.91766457875449,39.04592353840351
789,3.6,2.0199958222189154,6.538293440256391,2.9382934402563907,81.61926222934419
4617,19.2,2.662181900144277,13.327516228775911,5.872483771224088,30.585852975125462
1097,3.5,1.4857088045695268,3.4180958697474972,0.08190413025250276,2.3401180072143646
3206,15.3,2.5782933529991485,12.17463451175205,3.125365488247951,20.4272254133853
6535,19.99,3.2177881002577635,23.972821668688646,3.982821668688647,19.924070378632553
6251,31.49,3.19452331158207,23.398540418160152,8.091459581839846,25.69533052346728
544,4.0,1.9075790655684612,5.7367597870480065,1.7367597870480065,43.418994676200164
6770,19.299,2.9002973452607748,17.179550168943234,2.119449831056766,10.98217436684163
5924,14.25,2.8532133225758156,16.343422407911184,2.0934224079111843,14.690683564289012
4838,2.4,1.5746865912135408,3.8292278584672257,1.4292278584672258,59.55116076946775
6194,19.59,2.827866805652511,15.909351391207103,3.6806486087928967,18.788405353715653
6068,7.39,2.1460926431176777,7.551379740759632,0.16137974075963246,2.183758332336028
4229,16.7,2.731190677850759,14.351154422007362,2.3488455779926376,14.064943580794237
877,9.5,1.7448858536361649,4.725247921889298,4.774752078110702,50.26054819063898
3908,9.7,2.0230337390656903,6.561228969370408,3.1387710306295915,32.35846423329476
3914,12.8,2.2827612533258845,8.803713606401955,3.996286393598046,31.220987449984733
5397,10.9,2.2213780366016684,8.220027651127253,2.679972348872747,24.58690228323621
1078,8.2,1.8863680924625765,5.5953713504588904,2.604628649541109,31.76376401879401
5983,42.7,4.223193600206329,67.25110334805942,24.551103348059414,57.49672915236397
4990,10.5,2.1814743068327402,7.859358047289067,2.640641952710933,25.14897097819936
511,13.0,2.3523335880916973,9.510067297877283,3.489932702122717,26.845636170174746
2375,4.4,1.4858210129260252,3.418591644838428,0.9814083551615722,22.304735344581182
2877,15.6,2.924869464874167,17.63179378760806,2.031793787608061,13.024319151333724
2069,1.5,1.2629887885344424,2.535973988427658,1.0359739884276582,69.06493256184389
4851,3.5,1.3068214094208719,2.694412006090892,0.805587993909108,23.016799825974513
3262,11.0,2.1479055186305303,7.566896388318316,3.433103611681684,31.210032833469853
4934,10.89,2.856096085978061,16.393491525333825,5.503491525333825,50.53711226201859
1302,8.9,2.630448520297631,12.879993965240653,3.979993965240652,44.719033317310696
6045,47.89,3.933926425417039,50.10725304609087,2.2172530460908675,4.62988733783852
4394,2.5,1.4454339433827033,3.243693265930921,0.7436932659309212,29.747730637236845
3689,16.3,2.7727532929153584,15.00263334748918,1.2973666525108207,7.959304616630803
3159,8.5,2.1543862770781277,7.622596669538712,0.8774033304612878,10.322392123073975
858,7.99,2.2090113692648607,8.106708768981996,0.11670876898199545,1.4606854691113322
4678,19.9,2.883934904735833,16.884508742011437,3.015491257988561,15.15322240195257
7140,24.85,3.359376537981608,27.771247506276215,2.921247506276213,11.755523164089388
7028,12.5,3.0403443300910746,19.912442778838475,7.412442778838475,59.2995422307078
7112,25.99,3.511579157059824,32.50112957970852,6.51112957970852,25.052441630275187
4357,9.9,2.6596851238842576,13.29178824733916,3.391788247339159,34.26048734686019
2890,7.9,2.2056505000950586,8.076153686819856,0.17615368681985544,2.2297935040488026
4794,8.8,2.564532399923278,11.994580681893916,3.1945806818939158,36.30205320333995
2024,12.0,2.7668762069735484,14.90886032198662,2.9088603219866194,24.24050268322183
4194,16.5,2.7400633551313924,14.487966307397635,2.0120336926023654,12.194143591529487
4921,4.5,1.7041162483749859,4.496525956393228,0.0034740436067721703,0.07720096903938156
5356,9.5,2.112534561077693,7.269173471693705,2.230826528306295,23.482384508487318
743,5.3,1.9079918690572084,5.739541319064513,0.43954131906451277,8.293232435179485
2499,1.15,1.1332628979826804,2.105773808370211,0.955773808370211,83.11076594523574
4241,9.3,2.4870008511105124,11.025156748323832,1.7251567483238315,18.550072562621843
179,25.99,2.849745129853909,16.283376262533352,9.706623737466646,37.34753265666274
3613,8.5,1.8864665875000624,5.596020993800084,2.903979006199916,34.1644588964696
3693,20.0,2.614036844789368,12.654059064509186,7.345940935490814,36.72970467745407
3771,7.0,2.236514772587078,8.360650375027772,1.360650375027772,19.437862500396744
6566,35.55,3.609120670267423,35.933561752758436,0.38356175275843896,1.078936013385201
31,11.0,2.19516079109649,7.981445077125471,3.0185549228745288,27.441408389768444
5151,6.8,1.9265549272317066,5.865816214718928,0.9341837852810722,13.737996842368707
2484,3.2,1.5472675380708036,3.6986138424154653,0.49861384241546514,15.581682575483285
168,11.5,2.236735693925382,8.362718570881906,3.1372814291180937,27.28070807928777
3248,2.8,1.3283903896842844,2.7749622765504296,0.025037723449570226,0.8942044089132224
642,5.0,1.9831840076849572,6.265840686601859,1.2658406866018588,25.316813732037176
1483,14.9,2.6257595000139284,12.815062742879027,2.0849372571209734,13.992867497456196
1790,6.0,1.9079918690572084,5.739541319064513,0.2604586809354874,4.340978015591457
5035,8.0,1.9645705964264815,6.131849490895435,1.8681505091045647,23.35188136380706
3982,3.0,2.2917921918912225,8.892651332801833,5.892651332801833,196.42171109339444
7092,62.49,4.154628117373129,62.72826070756505,0.23826070756504691,0.381278136605932
6492,22.89,3.1189603175835776,21.622846835907517,1.267153164092484,5.5358373267474175
6912,19.899,3.0061322242062563,19.209084362043242,0.6899156379567586,3.4670869790278838
6178,24.5,3.2564250240023567,24.956576936742422,0.4565769367424224,1.8635793336425404
6644,18.15,2.655096161128292,13.226354015810985,4.9236459841890134,27.12752608368603
2758,9.5,2.0639134854960917,6.876735059787609,2.6232649402123913,27.613315160130437
3412,12.6,2.1718173367724334,7.7742152642059175,4.825784735794082,38.29987885550859
6122,20.7,2.9745062735789176,18.579953722265603,2.120046277734396,10.241769457654087
800,2.5,1.6395817882920052,4.153014010747363,1.6530140107473628,66.12056042989451
1954,10.5,2.2720198260188345,8.69897127749598,1.8010287225040198,17.152654500038285
7248,48.99,3.449497380236208,30.484563567258736,18.505436432741266,37.77390576187235
5306,4.0,1.507396549988404,3.51496100465274,0.48503899534726,12.1259748836815
6637,15.69,2.5110483122115053,11.31783623262153,4.372163767378469,27.865925859646072
2119,20.5,2.9705187192816016,18.502033053356897,1.9979669466431034,9.746180227527333
5309,3.5,1.6498827471062398,4.20636932951937,0.7063693295193696,20.18198084341056
5660,25.49,3.5024680785806988,32.19728443931843,6.707284439318432,26.313395211135475
5679,19.5,3.1554782930762855,22.46425719972588,2.9642571997258784,15.201318972953223
1406,8.7,2.172581431157786,7.780922154847602,0.9190778451523975,10.564113162671237
1501,9.8,2.1188780648975527,7.321795733497815,2.4782042665021855,25.287798637777403
1074,5.3,1.787615461800515,4.9751874027369025,0.3248125972630973,6.128539571001836
500,13.6,2.56285370556212,11.972785051796647,1.6272149482033527,11.964815795612887
437,17.5,2.7748830116315206,15.036750772601074,2.4632492273989257,14.075709870851005
5437,9.5,2.3650001888388714,9.644040827518475,0.14404082751847547,1.516219237036584
4113,8.9,1.8710240732442083,5.494944293413981,3.405055706586019,38.259052882988975
3386,3.6,1.5417641829840092,3.672826724941313,0.07282672494131281,2.0229645817031336
6683,22.99,3.0200780814304116,19.492891736024976,3.497108263975022,15.211432205198008
80,16.9,2.5194813297754703,11.422151992029555,5.477848007970444,32.413301822310316
1608,19.99,2.687442191423402,13.694043262510483,6.295956737489515,31.495531453174163
960,5.0,2.038493510331297,6.679032098155702,1.6790320981557016,33.58064196311403
3114,22.5,3.484009874090566,31.5901427849601,9.0901427849601,40.40063459982267
5198,3.8,1.872501807739457,5.504549191637943,1.704549191637943,44.85655767468271
4628,13.0,2.837327288486188,16.070081111367553,3.0700811113675535,23.616008548981178
1632,12.19,2.650883311551062,13.166546594600192,0.9765465946001921,8.01104671534202
3305,4.8,1.9360216070568121,5.931121322124221,1.131121322124221,23.5650275442546
5935,21.3,3.1102478778467866,21.426602769824928,0.12660276982492746,0.5943792010559975
5419,9.5,2.2956233286768724,8.930624126267682,0.5693758737323176,5.993430249813869
2477,3.0,1.470914541597056,3.353214516889624,0.3532145168896239,11.773817229654131
5506,16.45,2.871595013250731,16.66517192438255,0.21517192438254895,1.3080360144835803
6399,22.45,2.8111622483123773,15.629234291067036,6.820765708932964,30.382029883888478
5517,51.999,3.8025169252214006,43.813835739890735,8.185164260109268,15.741003211810355
534,6.9,2.204776793559136,8.068227255214422,1.168227255214422,16.93082978571626
5701,26.69,3.1861521770135903,23.195149447370774,3.4948505526292273,13.094232119255253
2794,20.3,2.5278773097278373,11.526887193191577,8.773112806808424,43.21730446703657
585,4.5,1.5838528925523543,3.873697516027258,0.6263024839727418,13.91783297717204
6722,50.9,3.9676030899101193,51.85768376434623,0.9576837643462284,1.8815005193442602
4970,25.0,2.879043547024629,16.79724281069728,8.20275718930272,32.81102875721088
1451,2.75,1.7204358073848836,4.5869627734283025,1.8369627734283025,66.79864630648372
6275,25.49,3.099912403976783,21.19600691434647,4.293993085653529,16.845794765215885
1410,30.5,3.0148953677712416,19.38695769612675,11.11304230387325,36.43620427499426
5684,20.59,3.48713997126833,31.692312916717057,11.102312916717057,53.92089808993229
4536,10.0,2.431239450997259,10.372969586306647,0.3729695863066471,3.729695863066471
866,15.0,2.3452644461152503,9.436032130831721,5.563967869168279,37.093119127788526
4638,2.0,0.8167703550020431,1.2631787576972995,0.7368212423027005,36.841062115135024
6358,54.8,3.6435270469913057,37.22642563469395,17.573574365306044,32.06856636004753
4679,3.95,2.1988511657831054,8.014651208534907,4.064651208534907,102.90256224139004
742,7.1,1.8984899645801327,5.675806123634129,1.4241938763658704,20.059068681209443
1544,6.9,1.8810546193776698,5.560419961168232,1.3395800388317687,19.41420346132998
5509,53.29,3.743945888719593,41.264432314647735,12.025567685352264,22.566274508073306
2706,18.9,2.7587359754009357,14.779884174960095,4.120115825039903,21.79955462984076
3734,7.89,1.9768956490298861,6.220293832002463,1.6697061679975365,21.162308846610095
2589,8.2,2.376985576277466,9.772381349856547,1.5723813498565473,19.17538231532375
5283,2.5,1.5359958912041474,3.6459500876207587,1.1459500876207587,45.83800350483035
6816,50.709,3.439962259538864,30.18578118033694,20.523218819663064,40.47253706376198
5944,15.9,2.7964468109658553,15.38631951776393,0.5136804822360705,3.230694856830632
4253,3.7,1.362045990955017,2.9041730385005966,0.7958269614994036,21.508836797281177
748,16.5,2.3750536811910616,9.751590328760019,6.7484096712399815,40.899452552969585
4055,5.79,2.1616150569613266,7.685153354728733,1.8951533547287331,32.73149144609211
401,5.3,1.868820538903615,5.480648217355094,0.1806482173550945,3.4084569312281987
3749,20.8,3.031027579844491,19.718511579493363,1.0814884205066377,5.199463560128066
157,7.5,2.0809236161024534,7.011865385901515,0.4881346140984846,6.508461521313127
5434,98.19,4.409333308909162,81.21463346521558,16.975366534784413,17.288284483943798
6483,29.5,3.2118861767696485,23.825868066940274,5.674131933059726,19.234345535795683
5749,14.3,2.714457021862728,14.096410825061675,0.20358917493832607,1.4237005240442382
4528,12.0,2.6856891605177147,13.668306715613808,1.6683067156138076,13.902555963448396
1820,8.9,1.8734958974803921,5.5110185122686355,3.388981487731365,38.07844368237488
2922,9.0,2.258941870179225,8.572954377248996,0.4270456227510042,4.744951363900047
2864,15.3,1.8055532500540101,5.083336123720158,10.216663876279842,66.77558089071792
3362,3.3,1.2766018140640303,2.5844384179344893,0.7155615820655106,21.683684305015476
5281,1.6,1.1345763808030687,2.1098558691830145,0.5098558691830144,31.8659918239384
3803,1.4,1.2963908420931871,2.656077465981384,1.256077465981384,89.71981899867029
4237,5.4,2.3691507360810187,9.688311231467955,4.288311231467954,79.41317095311025
7295,47.59,3.6581743411968883,37.79046004223702,9.799539957762981,20.591594784120574
2666,4.8,1.6379519868514265,4.14462246122658,0.6553775387734202,13.653698724446256
1782,13.0,1.877422679098099,5.536636124541844,7.463363875458156,57.410491349678125
5910,45.3565,3.7023529694181248,39.54258768568677,5.813912314313228,12.81825606983173
2415,8.0,2.368447507429247,9.680797546999676,1.6807975469996759,21.00996933749595
535,11.9,2.4660683037128743,10.776055838701929,1.1239441612980716,9.44490891847119
5978,119.9,4.563030374783612,94.87357292046835,25.026427079531658,20.87274985782457
2406,1.5,1.125632036477926,2.0821642736833863,0.5821642736833863,38.81095157889242
3098,5.8,1.886255884106078,5.594631336197826,0.2053686638021741,3.5408390310719677
5359,8.0,2.4813061005081223,10.956871099101418,2.956871099101418,36.96088873876773
5154,8.4,2.0965802491176166,7.138291341856128,1.2617086581438723,15.020341168379431
1966,8.9,1.5412926524186625,3.67062386371295,5.22937613628705,58.75703523918033
5416,10.5,2.4335530033103945,10.399312006934489,0.10068799306551135,0.9589332672905843
1176,7.86,2.2538020511759806,8.523877355968866,0.6638773559688653,8.446276793497013
5902,21.5,3.265083316451544,25.182292315640595,3.682292315640595,17.126941002979514
1760,2.8,1.1499527441084194,2.1580436699942918,0.6419563300057081,22.927011785918147
997,5.2,2.1538311464065614,7.617811330026166,2.417811330026166,46.49637173127242
473,6.2,1.8784055237188433,5.543063780370673,0.6569362196293271,10.595745477892372
2266,2.1,1.0301032661932943,1.8013551050406615,0.29864489495933855,14.221185474254217
4205,15.7,2.7285802274811606,14.311133254635106,1.3888667453648935,8.846285002324162
1882,5.2,2.090421243930271,7.088321603165257,1.8883216031652568,36.313876983947246
4222,18.9,2.6508159943247493,13.165592974074917,5.734407025925082,30.340777914947527
2578,10.8,2.350538266707449,9.491215277089161,1.3087847229108398,12.118377063989257
3783,2.6,1.5617972870740129,3.767381903725375,1.1673819037253748,44.89930398943749
469,14.9,2.6797049358169804,13.58079039209079,1.31920960790921,8.853755757779933
5097,14.9,2.5726034471252897,12.09988494213349,2.8001150578665097,18.792718509171205
7040,17.29,3.0342229841188733,19.78482148701224,2.494821487012242,14.429274071788562
4712,10.0,2.5641129404959524,11.989131125536552,1.9891311255365522,19.891311255365522
3997,7.0,2.167745779328518,7.738563171755734,0.7385631717557342,10.550902453653345
247,6.5,1.4799249213404595,3.3926158768263788,3.1073841231736212,47.805909587286486
3780,17.9,2.3708148126574082,9.706112206814659,8.19388779318534,45.77590945913598
2182,9.9,2.8410539371379264,16.13381398738485,6.233813987384851,62.96781805439243
3395,6.5,2.3617590424691066,9.609597780860653,3.1095977808606534,47.83996585939467
7097,83.99,4.396114280942612,80.13498758237944,3.855012417620557,4.589846907513462
811,4.0,1.4270662627967379,3.166457951713407,0.833542048286593,20.838551207164823
6502,26.8,3.1163734571674966,21.56440031801337,5.235599681986631,19.53581970890534
1419,7.4,2.171929623973954,7.775200551600021,0.3752005516000203,5.0702777243245984
6733,13.9,2.8743378363001266,16.713690874137495,2.813690874137494,20.242380389478377
3625,3.9,1.4891913694796828,3.433508998425866,0.4664910015741337,11.961307732670095
228,9.0,1.9269058846472271,5.868226246717648,3.131773753282352,34.797486147581694
7107,45.5,3.5786587382924004,34.825457293931336,10.674542706068664,23.460533419931128
17,18.0,3.2343429085394853,24.389682952552903,6.389682952552903,35.4982386252939
1407,10.6,2.4813061005081223,10.956871099101418,0.35687109910141857,3.3667084820888546
7070,59.99,4.122068593735568,60.68671512666962,0.6967151266696163,1.161385442023031
2392,13.5,2.66769192854223,13.406679144741315,0.0933208552586855,0.6912655945087814
6272,47.9,3.3494794400272916,27.487900122723186,20.412099877276813,42.613987217696895
5439,109.0,4.598480408780162,98.33325495368908,10.666745046310922,9.786004629643047
6745,45.49,3.7027803867459435,39.55991999397882,5.9300800060211785,13.036007927063483
5879,10.99,2.8185553922874305,15.752632201572734,4.762632201572734,43.33605278956082
2440,3.9,1.8618733486958994,5.435781949219097,1.5357819492190967,39.3790243389512
5831,17.9,2.9547085093522703,18.196126412915216,0.2961264129152177,1.654337502319652
5853,13.5,2.671756645202805,13.465357387911066,0.034642612088934044,0.25661194139951143
4844,9.0,2.198981044557101,8.015822096416965,0.9841779035830349,10.9353100398115
6915,25.49,3.9040123303020273,48.60106624138904,23.111066241389043,90.66718807920378
6092,21.69,3.1029475919689693,21.26347831039534,0.4265216896046624,1.966443935475622
5461,23.2,3.0422578977654693,19.952498465743712,3.247501534256287,13.99785144075986
2585,5.7,1.7105056919032777,4.5317581357408585,1.1682418642591417,20.49547130279196
543,9.9,1.8810546193776698,5.560419961168232,4.339580038831769,43.834141806381496
6112,17.0,3.09094889855968,20.997941890704514,3.9979418907045137,23.517305239438315
3794,16.5,2.603081098672958,12.505285112849815,3.9947148871501845,24.210393255455664
4119,7.799999,1.762640009408538,4.827802556973075,2.9721964430269248,38.10508748817692
3153,12.0,1.9316703089917056,5.901027468472382,6.098972531527618,50.82477109606348
1535,10.499,2.4695704543809818,10.81736966191553,0.3183696619155292,3.032380816416127
1832,14.5,3.031549865104683,19.72933537901388,5.229335379013879,36.06438192423364
6746,33.79,3.676187863839978,38.49554433267195,4.705544332671948,13.92584886851716
3590,8.99,2.100870833410481,7.173284383473055,1.8167156165269454,20.208182608753564
3289,2.0,1.6195406096129275,4.0507695085666855,2.0507695085666855,102.53847542833428
96,3.8,1.358769964126824,2.8914037905044028,0.908596209495597,23.910426565673607
6679,62.99,3.9906449020863497,53.0897607173503,9.9002392826497,15.717160315367043
2094,5.7,1.8810546193776698,5.560419961168232,0.1395800388317685,2.448772611083658
4773,8.0,2.2857144366061783,8.832708562145642,0.8327085621456423,10.408857026820527
2927,9.5,2.253636414476068,8.522299982992283,0.9777000170077166,10.291579126397018
7038,44.5,3.4385569810087584,30.14198725014161,14.35801274985839,32.26519719069301
156,12.99,2.208091120405957,8.098332185490817,4.891667814509184,37.65718102008609
1022,6.4,1.8921901733313338,5.6338821334852245,0.7661178665147759,11.970591664293373
5447,24.49,3.5515985697467913,33.869013508849854,9.379013508849855,38.29731935014233
4966,5.8,1.8712923631397986,5.496687055112551,0.3033129448874492,5.229533532542228
6458,49.5,3.7755619963674825,42.62201684323487,6.877983156765133,13.89491546821239
2716,12.5,2.5616938170421375,11.957746790382224,0.5422532096177761,4.338025676942209
1287,15.0,2.7534133636444107,14.696117105489598,0.3038828945104015,2.025885963402677
696,18.0,2.9168626602161947,17.483208295631478,0.5167917043685222,2.871065024269568
425,25.0,3.263446572944078,25.13947366981169,0.1394736698116894,0.5578946792467576
6872,47.39,3.6476375440384388,37.38387862772308,10.006121372276922,21.114415218984853
712,10.9,2.6253248835684215,12.809059793999905,1.909059793999905,17.514310036696376
4173,2.45,1.2168311861925025,2.3764713544348846,0.07352864556511562,3.001169206739413
1811,16.0,2.7412251319257193,14.505970323543927,1.4940296764560728,9.337685477850455
5096,18.7,3.2049748442250334,23.65487979604724,4.954879796047241,26.49668340132214
6480,17.9,3.0559241586767802,20.240806334621677,2.3408063346216785,13.077130361014966
447,31.49,3.0972372034456077,21.136707499138435,10.353292500861563,32.878032711532434
6748,15.899,2.547915073909852,11.780429734219581,4.118570265780418,25.904586865717455
4080,5.99,1.9911685711778446,6.324087481055963,0.3340874810559624,5.577420384907553
1009,5.3,1.2662806953394112,2.547633265359936,2.7523667346400638,51.931447823397434
592,1.5,1.1309534203686205,2.0986093695254167,0.5986093695254167,39.90729130169444
6096,29.85,3.403182186841094,29.059603286256756,0.7903967137432453,2.6478951884195823
1242,8.5,1.8217458422874506,5.1826429526387665,3.3173570473612335,39.02772996895569
3058,8.4,2.2056505000950586,8.076153686819856,0.32384631318014456,3.855313252144578
131,15.8,2.837327288486188,16.070081111367553,0.27008111136755275,1.7093741225794477
2404,4.5,1.9040032019504083,5.712713072331457,1.2127130723314572,26.949179385143495
2306,8.95,2.27881730632845,8.76512442642084,0.18487557357915918,2.065648866806248
6277,62.5,4.399048902616961,80.37343778492523,17.87343778492523,28.597500455880372
7103,20.89,3.0198534353069357,19.488288604394867,1.4017113956051332,6.709963597918302
624,8.5,1.739354456694783,4.693666727628579,3.806333272371421,44.780391439663774
2986,6.0,1.8997160671374131,5.683996366607101,0.3160036333928993,5.266727223214987
2127,8.3,2.1351144154162944,7.4580141787154925,0.8419858212845082,10.144407485355519
6539,43.9,3.4412544628108876,30.226105596879172,13.673894403120826,31.147823241733093
4739,3.9,1.6433108363523528,4.172265720615559,0.27226572061555876,6.9811723234758665
3686,17.9,3.0797004641318173,20.751885950248433,2.851885950248434,15.93232374440466
3844,6.0,1.917983929280574,5.807220787364648,0.1927792126353518,3.2129868772558634
2815,9.9,2.2170909450745144,8.180585155907469,1.7194148440925314,17.367826708005367
2579,3.999999,1.5869350895698322,3.888742385691007,0.11125661430899303,2.781416053078839
1945,5.6,2.365122051727502,9.645338020118631,4.045338020118631,72.23817893068984
2436,6.99,1.6433108363523528,4.172265720615559,2.8177342793844415,40.31093389677313
93,6.5,1.8894559604657744,5.615768462208463,0.8842315377915373,13.603562119869805
6701,35.19,3.044027751543649,19.98961415930247,15.200385840697528,43.19518567973154
1375,4.868,1.9079918690572084,5.739541319064513,0.8715413190645123,17.90347820592671
3903,5.6,2.2686781230671706,8.666614290380355,3.0666142903803557,54.76096947107778
3477,13.5,2.343293025016876,9.415478583410987,4.084521416589013,30.25571419695565
6022,42.99,3.7590282166545235,41.90670968656437,1.0832903134356329,2.519865813993098
2223,8.8,1.868820538903615,5.480648217355094,3.3193517826449064,37.71990662096484
1087,13.9,2.7761166402227473,15.056546374564334,1.1565463745643338,8.320477514851323
2531,2.5,1.6040400298004445,3.973083298785011,1.4730832987850109,58.923331951400435
6729,78.99,4.041527231392528,55.913196085770544,23.07680391422945,29.214842276527982
6880,17.375,2.9521379600542113,18.146845190681045,0.7718451906810451,4.442274478739828
764,1.8,1.393048206972767,3.0271068180082654,1.2271068180082654,68.17260100045918
4669,6.5,1.978107534278966,6.229049303833499,0.27095069616650136,4.168472248715405
476,12.99,2.650883311551062,13.166546594600192,0.1765465946001914,1.359096186298625
5594,56.5,3.915492037417538,49.17375280223648,7.3262471977635215,12.966809199581453
2622,1.5,1.3879996293192411,3.0068268919839536,1.5068268919839536,100.45512613226357
5111,5.7,1.9298512248215527,5.888485329708301,0.18848532970830068,3.3067601703210645
6466,21.6,3.084342253385509,20.8530883190232,0.746911680976801,3.457924448966671
4461,10.0,2.2220711365511225,8.22642026693115,1.7735797330688499,17.7357973306885
6338,13.5,2.6648807105880543,13.36623570396818,0.1337642960318206,0.9908466372727452
7034,23.29,2.985932482984957,18.80496141813646,4.485038581863538,19.257357586361262
2181,20.0,2.915760327529592,17.462844876667113,2.5371551233328873,12.685775616664435
6334,34.0,3.529333032117778,33.101215612612116,0.8987843873878845,2.643483492317307
2620,10.0,1.9479873831013368,6.014555750938987,3.985444249061013,39.85444249061013
5170,8.9,2.6596851238842576,13.29178824733916,4.391788247339159,49.345935363361335
752,6.8,2.0049200928961373,6.425500522809235,0.37449947719076526,5.507345252805371
2283,11.5,2.4775770524477743,10.9123663838054,0.5876336161945996,5.109857532126953
2799,8.0,1.90951693151743,5.749827381979915,2.250172618020085,28.127157725251063
3049,14.9,2.8403787806400262,16.12224988576591,1.22224988576591,8.203019367556443
351,3.5,1.9856806352649166,6.284003448243175,2.7840034482431752,79.54295566409073
487,1.8,1.3127199549685784,2.7162680596751154,0.9162680596751154,50.90378109306196
927,5.0,1.868820538903615,5.480648217355094,0.48064821735509433,9.612964347101887
3318,6.5,1.8416186459206663,5.3067383799606,1.1932616200394,18.357871077529232
1061,18.0,2.6737715521854644,13.494533120841874,4.505466879158126,25.030371550878478
6018,39.39,3.5773504930713953,34.77861945500596,4.6113805449940415,11.706982850962278
2191,3.5,1.7970491101395267,5.031821934573424,1.5318219345734239,43.76634098781211
4608,2.1,1.548737154596786,3.7055240794230295,1.6055240794230294,76.45352759157282
6128,27.9,2.930018488078894,17.727976737783695,10.172023262216303,36.45886473912653
561,12.99,2.6134296025275425,12.645770259710746,0.34422974028925424,2.6499595095400634
3535,9.9,2.320533317692783,9.181102620596185,0.7188973794038152,7.261589690947627
5501,21.99,2.8668167930086232,16.580965181707352,5.409034818292646,24.597702675273517
2966,9.5,2.2681229923956043,8.661249545502548,0.8387504544974522,8.82895215260476
6026,37.49,3.7140574165079396,40.019904171801116,2.529904171801114,6.748210647642342
334,13.5,2.8078648262074095,15.574490991811462,2.0744909918114622,15.366599939344164
2225,6.8,1.8639291493456138,5.449026243081137,1.3509737569188625,19.86726113115974
4847,13.0,2.358202758722309,9.571934051861067,3.428065948138933,26.369738062607173
5507,25.5,2.851802447800695,16.318970264234093,9.181029735765907,36.00403817947414
3213,12.5,1.9364515375751923,5.934101863374109,6.565898136625891,52.52718509300712
1103,7.9,2.242033864885107,8.412455495537694,0.5124554955376937,6.486778424527767
2110,26.99,3.0148953677712416,19.38695769612675,7.603042303873249,28.169849217759353
23,12.99,2.6342567730252067,12.93295326731602,0.05704673268398075,0.43915883513457077
4151,21.99,3.1043182834077103,21.294015593327025,0.6959844066729737,3.1650041231149326
1005,3.2,1.2110343474509766,2.356955115374052,0.8430448846259484,26.345152644560887
1643,9.7,2.590760335860862,12.33991056058078,2.6399105605807804,27.215572789492583
2550,59.7,3.920458222467606,49.42354468628442,10.27645531371558,17.21349298779829
3038,8.69,1.986913055745305,6.292985937236781,2.397014062763218,27.583591055963385
4030,1.7,1.7165504052093947,4.565297292922394,2.865297292922394,168.54689958367024
3817,7.999,2.1876571604805637,7.914303847391999,0.08469615260800101,1.058834261882748
1671,14.9,2.6933217237813785,13.78069184229419,1.1193081577058095,7.5121352866161715
1372,14.3,2.6253248835684215,12.809059793999905,1.4909402060000954,10.426155286713954
3203,30.99,3.129595609401318,21.86473139021834,9.12526860978166,29.445849015107008
445,6.9,2.0791029219025523,6.99729150038338,0.09729150038337941,1.410021744686658
5433,62.99,3.703698947389987,39.59719385674171,23.39280614325829,37.13733313741592
7125,59.999,4.099572798032552,59.31451561309716,0.6844843869028452,1.14082632527683
3399,22.5,3.130754049055585,21.891234149704847,0.6087658502951534,2.705626001311793
3939,2.0,1.1697606734519366,2.2212216224184274,0.22122162241842735,11.061081120921369
5206,20.49,3.0784769546398163,20.725288585701342,0.23528858570134403,1.14830934944531
6378,83.79,4.284565113673981,71.57097972947554,12.219020270524467,14.582909977950193
2592,16.99,2.650883311551062,13.166546594600192,3.823453405399807,22.50414011418368
3887,11.0,2.662181900144277,13.327516228775911,2.3275162287759112,21.159238443417376
3518,1.2,1.4730220491187818,3.3623986236153227,2.1623986236153225,180.19988530127688
4295,10.9,2.465179854932104,10.765598062536887,0.1344019374631138,1.233045297826732
1128,10.8,2.164293415119839,7.708446485823519,3.091553514176482,28.62549550163409
2570,7.5,1.8810546193776698,5.560419961168232,1.9395800388317683,25.861067184423575
5277,9.6,2.279905911801459,8.775760582554572,0.824239417445428,8.585827265056542
1783,10.6,2.204913890549443,8.069470567103744,2.5305294328962553,23.87291917826656
2523,18.0,2.745365192384637,14.570299048679866,3.429700951320134,19.053894174000746
4248,5.15,1.3403648736810745,2.820437228079228,2.3295627719207723,45.23422858098587
1844,6.49,1.9165899073861408,5.7977379837004435,0.6922620162995567,10.666595012319826
5291,7.9,1.86849383133326,5.478531286349199,2.4214687136508015,30.651502704440524
6129,24.49,3.2806701222658186,25.59358768533402,1.1035876853340199,4.506278829457003
6060,5.69,2.3990159423929796,10.012334275573618,4.322334275573618,75.96369552853459
2515,6.699,2.1543862770781277,7.622596669538712,0.9235966695387123,13.787082692024367
5040,17.5,2.6596851238842576,13.29178824733916,4.208211752660841,24.04692430091909
6799,56.99,3.3991502136579133,28.938647780449894,28.051352219550107,49.2215339876296
3554,3.5,1.650075715922029,4.207374093384376,0.7073740933843764,20.210688382410755
3878,4.2,2.176173218658568,7.812518070227622,3.6125180702276216,86.01233500541956
5945,29.7,3.39382865788025,28.77975076103723,0.9202492389627679,3.0984822860699257
2264,14.5,2.5043915447015888,11.236111573409318,3.2638884265906825,22.50957535579781
2462,4.9,1.7449702522881663,4.7257311454877025,0.1742688545122979,3.556507234944855
1775,6.6,2.2720198260188345,8.69897127749598,2.0989712774959806,31.802595113575467
6861,28.05,3.1768220752679666,22.97045607725435,5.07954392274565,18.10889099018057
378,7.8,2.171929623973954,7.775200551600021,0.024799448399979163,0.317941646153579
6853,9.999,2.509036057763848,11.293074533651723,1.294074533651722,12.942039540471267
4913,1.6,0.8987045910777589,1.4564189821614097,0.14358101783859034,8.973813614911897
5246,8.2,2.603081098672958,12.505285112849815,4.305285112849816,52.50347698597337
199,1.5,1.2271107927117288,2.411359160625325,0.9113591606253251,60.757277375021665
2446,11.0,2.6564183836376865,13.245176862570855,2.2451768625708546,20.410698750644134
2957,3.8,1.9311957554090748,5.897753338099979,2.097753338099979,55.20403521315734
1328,11.49,2.5091941561561786,11.295018202613713,0.19498179738628707,1.6969695159816107
1193,10.5,2.2056505000950586,8.076153686819856,2.423846313180144,23.08425060171566
5686,12.75,2.489225709782316,11.051940806919237,1.6980591930807627,13.318111318280494
1075,9.3,2.6134296025275425,12.645770259710746,3.3457702597107453,35.976024297965
5427,3.4,1.6300718601674373,4.104241497006802,0.704241497006802,20.71298520608241
6969,24.5,3.1175389503651596,21.5907143045008,2.9092856954992,11.87463549183347
2063,10.5,2.6354413650253004,12.94946791192091,2.4494679119209106,23.328265827818196
965,14.5,2.7761166402227473,15.056546374564334,0.5565463745643342,3.838250859064374
5060,9.49,2.2056505000950586,8.076153686819856,1.4138463131801444,14.898275165228075
1467,9.4,2.2263577327986948,8.266055093985859,1.1339449060141416,12.063243681001506
5975,18.46,3.0010810772099665,19.107262680900075,0.6472626809000737,3.5062983797403775
3296,51.0,3.313467099203793,26.48023720425198,24.51976279574802,48.07796626617258
5414,7.5,2.155359943631656,7.630996292072581,0.1309962920725809,1.746617227634412
7126,29.95,3.181394534574232,23.08031097434535,6.869689025654651,22.937192072302675
5724,62.05,3.836318577237976,45.35450938957522,16.695490610424777,26.906511862086667
2755,6.0,1.9265549272317066,5.865816214718928,0.13418378528107233,2.2363964213512055
4022,6.5,2.1463452065042308,7.553539778948458,1.0535397789484584,16.208304291514743
3091,6.5,2.1560346807471547,7.636821910774133,1.1368219107741329,17.48956785806358
2022,5.89,1.872501807739457,5.504549191637943,0.3854508083620569,6.544156338914379
5090,8.6,2.6071983693972833,12.561004655376493,3.9610046553764935,46.05819366716853
2907,7.0,2.0081285266779365,6.449363009667734,0.5506369903322659,7.866242719032369
5744,42.345,3.4711652229610297,31.174210740162174,11.170789259837825,26.380420970215667
5769,15.1,2.823685408102963,15.83879428718856,0.7387942871885596,4.892677398599733
6155,18.49,2.9972712372105836,19.030802969377543,0.5408029693775447,2.924840288683314
6547,13.79,2.40688559902713,10.099339466522276,3.6906605334777236,26.76331061260133
2850,6.699999,2.0049200928961373,6.425500522809235,0.2744984771907655,4.09699280836856
2132,16.5,2.457111308957222,10.671048744348468,5.828951255651532,35.32697730697898
6114,86.19,4.547058429802542,93.35444946107916,7.164449461079158,8.312390603410092
6570,20.79,3.0452169980931894,20.014590834286153,0.775409165713846,3.7297218168054163
6434,31.0,3.4781140024808335,31.398560813679403,0.39856081367940277,1.2856800441271057
4246,7.5,1.8857299779544467,5.591164090813131,1.9088359091868687,25.451145455824914
1701,4.5,2.2338803524009565,8.336022942470516,3.8360229424705157,85.24495427712257
6332,39.999,3.228129376594734,24.232412455081132,15.76658754491887,39.41745429865464
3927,19.5,3.1350438717844575,21.989644416635265,2.489644416635265,12.767407264796232
5780,66.99,4.238246218323611,68.28623229823629,1.2962322982362906,1.9349638725724598
547,12.4,2.4885268973208876,11.043521702529112,1.356478297470888,10.939341108636192
6811,37.99,3.5411988690440737,33.508265292648474,4.481734707351528,11.797143214929001
6203,33.3,3.5853035312920953,35.06430270210044,1.7643027021004443,5.298206312613947
1263,19.9,2.798532214663361,15.420527265159041,4.479472734840957,22.509913240406824
5231,2.299,1.534832256295822,3.6405470421123134,1.3415470421123135,58.353503354167614
3011,13.29,2.611530187206142,12.619875874488253,0.6701241255117463,5.042318476386353
5865,13.69,2.6355651058607683,12.951194137534761,0.738805862465238,5.396682706101082
1789,11.9,2.2524030954167937,8.510563188029307,3.3894368119706932,28.48266228546801
6610,21.49,3.188487823923251,23.251726820068857,1.7617268200688585,8.197891205532148
3018,6.4,1.7939106680231358,5.012921085699618,1.3870789143003828,21.673108035943482
5494,26.59,3.2299279415313875,24.277835423224275,2.312164576775725,8.69561706196211
4715,13.8,2.659733241049973,13.292475944227506,0.5075240557724943,3.677710549076045
2199,5.9,2.172581431157786,7.780922154847602,1.8809221548476014,31.880036522840697
1244,2.5,1.112846996922892,2.0430095124573886,0.4569904875426114,18.279619501704456
7130,10.89,3.1808169539720077,23.066406669645918,12.176406669645917,111.81273342190924
5008,38.0,1.570396201922299,3.8085529743433115,34.191447025656686,89.97749217278074
5482,12.726,2.4683682001404748,10.803170716209475,1.9228292837905254,15.109455318171658
4837,8.5,2.3452644461152503,9.436032130831721,0.9360321308317214,11.012142715667311
7202,35.29,3.6629511057934563,37.9761961942198,2.6861961942198036,7.611777257636168
6764,20.99,3.064683583697441,20.427680846860557,0.5623191531394411,2.678985960645265
3915,5.2,1.9278458702268133,5.874685315587107,0.6746853155871069,12.974717607444363
6083,32.299,3.4919232467929664,31.849063849517428,0.4499361504825714,1.3930343059617059
518,13.29,2.752885430158948,14.687832786654939,1.3978327866549396,10.517929169713616
611,12.5,2.565193951311808,12.003180108955217,0.4968198910447832,3.9745591283582655
5806,11.22,2.515119929546802,11.368091989837167,0.14809198983716598,1.319892957550499
5672,16.5,3.107517239582262,21.36544736480272,4.865447364802719,29.48755978668315
2288,7.5,1.884263053159469,5.581502436972891,1.9184975630271088,25.57996750702812
957,10.99,2.2804736294379064,8.78131202992516,2.2086879700748394,20.097251775021284
4401,6.15,2.18821229115213,7.919253824688338,1.769253824688338,28.768354872981106
491,25.8,2.614036844789368,12.654059064509186,13.145940935490815,50.95325943988688
1330,4.9,1.917983929280574,5.807220787364648,0.9072207873646478,18.5147099462173
3458,21.5,2.778556203084202,15.095765147663343,6.404234852336657,29.787138848077475
323,5.89,1.291997344356342,2.6400497325957413,3.2499502674042584,55.17742389480914
5362,7.2,2.263448271596319,8.616191300716984,1.4161913007169842,19.669323621069225
7010,22.79,3.139106262398472,22.083227288723585,0.7067727112764146,3.1012405058201606
4247,10.5,2.587756446226057,12.299899066661036,1.7998990666610357,17.141895872962245
2031,4.75,1.367570679054319,2.92580206863297,1.82419793136703,38.404166976148005
5516,32.0,4.0958904622979,59.09282573571761,27.09282573571761,84.66508042411753
1153,6.3,1.8549765495223993,5.391548364001706,0.9084516359982935,14.419867238068152
6685,15.7,2.8396189864949175,16.10924544152752,0.4092454415275206,2.6066588632326155
7286,6.6,2.140839090068057,7.506572415530281,0.906572415530281,13.735945689852743
6854,21.69,3.144644741282173,22.211427946237038,0.5214279462370364,2.404001596298001
1606,6.4,2.033869302547094,6.643604633261382,0.2436046332613815,3.8063223947090856
324,23.9,3.0018825324683185,19.12338421178665,4.776615788213348,19.985840118047484
2083,7.99,1.9147754954987748,5.785415269715612,2.204584730284388,27.59179887715129
2687,10.8,2.3897378527988247,9.910633376110951,0.8893666238890496,8.23487614712083
6858,35.35,3.358132037607665,27.7354639489395,7.614536051060501,21.540413157172562
586,7.89,1.883258153718263,5.574892010814738,2.315107989185262,29.34230658029483
4125,9.8,2.6413387043587724,13.031975706825587,3.2319757068255868,32.979343947199865
3245,8.99,2.4870008511105124,11.025156748323832,2.035156748323832,22.638006099263983
4556,4.4,2.089513395450129,7.080981964834775,2.680981964834775,60.93140829169942
706,24.9,3.069146150500393,20.523516982606928,4.37648301739307,17.576237017642853
1978,6.4,1.932210840701238,5.904758700981341,0.49524129901865965,7.738145297166557
4160,7.4,1.3516938083418863,2.86396480681587,4.53603519318413,61.29777288086662
4995,4.39,1.5076208529400987,3.5159738373193017,0.874026162680698,19.909479787715217
6812,9.8,2.4097191412197496,10.130834513410276,0.3308345134102755,3.3758623817375044
6202,17.34,2.701141672382159,13.896729204567393,3.443270795432607,19.857386363509843
5939,27.79,3.307409375596129,26.31427271362136,1.475727286378639,5.310281707012016
6218,29.3,3.2121102571486433,23.83143168019059,5.46856831980941,18.664055699008227
4453,9.5,2.368961891534923,9.686292992757602,0.18629299275760225,1.9609788711326552
3801,8.9,2.3452644461152503,9.436032130831721,0.5360321308317211,6.022832930693495
2572,56.99,3.4851498684938074,31.627316550252104,25.362683449747898,44.5037435510579
208,2.25,1.482267983274052,3.4029201148961157,1.1529201148961157,51.24089399538292
3682,29.8,3.212161060464689,23.83269323130732,5.96730676869268,20.024519358029128
747,2.5,1.502609877266483,3.4934010054668585,0.9934010054668585,39.73604021867434
5101,9.9,2.0639134854960917,6.876735059787609,3.0232649402123917,30.538029699115064
6260,40.99,3.8432219737299183,45.67562004892046,4.685620048920455,11.43112966313846
798,5.0,1.6255141405293072,4.081030729562821,0.918969270437179,18.37938540874358
88,6.99,2.624245300102841,12.79415980570875,5.80415980570875,83.03519035348712
734,1.7,1.91219210364889,5.767908506361179,4.067908506361179,239.28873566830467
1221,4.8,2.044710087433594,6.726918082505777,1.926918082505777,40.14412671887035
3574,14.5,2.2720198260188345,8.69897127749598,5.80102872250402,40.00709463795876
1480,6.9,1.8846992937598819,5.584374181887935,1.315625818112065,19.067040842203838
3936,10.49,2.8598251340384087,16.45847377683601,5.968473776836008,56.89679482207824
6199,28.99,3.2478112203352145,24.733952278204804,4.256047721795195,14.681089071387357
852,13.5,2.5460026173898265,11.756011075299956,1.7439889247000444,12.918436479259586
486,7.89,1.9437116550282039,5.984627446235827,1.905372553764173,24.149208539469875
2678,3.6,1.5311984840019361,3.6237149513560594,0.023714951356059277,0.6587486487794243
3195,4.0,1.767656931265241,4.857113651253688,0.8571136512536883,21.427841281342207
1430,8.4,2.2063023072788908,8.082071517427224,0.3179284825727766,3.7848628877711503
1536,14.9,2.9041635319858603,17.249971748243684,2.349971748243684,15.77162247143412
1891,6.0,2.067247861965738,6.903042895568549,0.9030428955685492,15.050714926142486
6513,39.99,2.9617513361699848,18.331798603890984,21.658201396109018,54.159043251085315
1919,5.6,2.153179339222729,7.612196008944462,2.0121960089444624,35.93207158829397
4302,14.8,2.794294987630233,15.351096962989338,0.5510969629893374,3.723628128306334
198,5.0,1.5476256649491058,3.700296843669202,1.2997031563307981,25.994063126615963
4629,6.6,1.8806090580594368,5.557497542908785,1.0425024570912145,15.79549177410931
2882,3.85,1.7021143786101747,4.485533633539969,0.6355336335399691,16.50736710493426
1057,8.9,2.2720198260188345,8.69897127749598,0.20102872250402015,2.258749691056406
73,7.0,2.201043743297546,8.03443821442036,1.0344382144203603,14.77768877743372
548,27.8,3.211119495519891,23.806841833844448,3.9931581661555526,14.363878295523572
6352,13.69,2.8022286151120896,15.481336427780143,1.7913364277801431,13.084999472462696
2963,4.0,1.7355719441935422,4.672171041533059,0.6721710415330593,16.80427603832648
6569,27.3,3.5564969145111665,34.04023296221629,6.740232962216286,24.689498030096285
1512,34.99,2.8995287309001734,17.165582474187136,17.824417525812866,50.9414619200139
3912,10.9,2.219989619872221,8.20723529310739,2.6927647068926106,24.704263365987252
1582,1.9,1.2476728857319628,2.4822299741460987,0.5822299741460988,30.643682849794672
6697,15.44,2.985932482984957,18.80496141813646,3.3649614181364615,21.793791568241332
5822,10.08,2.3539544848010725,9.527116845420615,0.5528831545793853,5.484951930351045
2865,6.9,1.917983929280574,5.807220787364648,1.0927792126353522,15.837379893265974
3647,10.8,2.4813061005081223,10.956871099101418,0.1568710991014175,1.4525101768649766
5349,20.499,2.626661044926617,12.827523258426568,7.67147674157343,37.42366330832446
4428,3.0,1.5909122056478653,3.9082241966669535,0.9082241966669535,30.27413988889845
6213,25.55,3.0987820466980294,21.170931671033372,4.379068328966628,17.139210680887
4359,28.8,3.326849804633336,26.850468949490335,1.9495310505096661,6.769205036491896
1452,3.6,2.0740790035441035,6.957214516837833,3.3572145168378333,93.25595880105092
7037,24.89,3.2844825838163767,25.69516822879562,0.805168228795619,3.2349065037991926
2020,1.9,1.3126455909187282,2.7159917132071176,0.8159917132071177,42.94693227405883
4903,29.49,3.45283772943299,30.589908850945594,1.0999088509455959,3.729768907919959
5220,6.9,1.8806090580594368,5.557497542908785,1.3425024570912152,19.456557349148046
6818,12.35,2.6703777688638004,13.445425194046969,1.0954251940469693,8.869839627910682
4814,10.0,2.688460298284202,13.709010986847467,3.709010986847467,37.09010986847467
5267,8.8,2.2263885004265025,8.266340192906123,0.5336598070938781,6.064315989703159
2098,9.2,2.533202765556327,11.59377652762095,2.3937765276209504,26.019310082836416
1880,13.5,2.4518041813370526,10.609273069890774,2.890726930109226,21.412792074883154
937,9.5,2.2056505000950586,8.076153686819856,1.4238463131801442,14.987855928212044
7120,29.999,3.3098272297440143,26.380394545458692,3.6186054545413064,12.06242026247977
2855,13.5,2.6236600432612716,12.78608904127418,0.7139109587258208,5.288229323894969
6139,14.99,3.1999097865852995,23.53031713361453,8.540317133614531,56.97342984399286
5985,12.49,2.4174810659344135,10.21756738446987,2.27243261553013,18.19401613715076
1295,7.0,2.753964487049637,14.7047699871814,7.7047699871814,110.06814267402001
1175,45.9,3.46848384597145,31.088055111306005,14.811944888693994,32.27003243724182
2197,5.5,1.5423144674779312,3.6753988166570215,1.8246011833429785,33.17456696987234
2614,41.9,3.432668949516739,29.959161019987683,11.940838980012316,28.49842238666424
6148,27.36,2.8694370700766467,16.62709258850783,10.732907411492171,39.2284627613018
4335,4.0,1.9185146575077945,5.810834530458333,1.810834530458333,45.27086326145833
4914,11.5,2.4335530033103945,10.399312006934489,1.1006879930655113,9.571199939700099
1321,7.2,1.8720289726854142,5.501474339775552,1.6985256602244485,23.590634169784007
1181,12.79,2.6342567730252067,12.93295326731602,0.14295326731602032,1.1176956005943732
6150,22.799,3.2118742280256543,23.825571430770523,1.0265714307705238,4.502703762316434
3438,12.6,2.235753755669049,8.35352947163627,4.24647052836373,33.70214705050579
6343,34.99,3.31215697303202,26.44425819994804,8.54574180005196,24.423383252506316
4301,12.6,2.4335530033103945,10.399312006934489,2.200687993065511,17.46577772274215
620,7.9,2.1376910974883954,7.47983589395319,0.4201641060468102,5.318532987934306
6864,24.89,3.0017380244903205,19.120476432327454,5.769523567672547,23.180086651958806
5159,16.0,2.521613545454753,11.44866695704395,4.551333042956051,28.445831518475316
2492,15.5,2.4820648651947663,10.965946993452803,4.534053006547197,29.251954880949654
478,14.0,2.8100340355192026,15.610483555597902,1.6104835555979022,11.503453968556444
3968,5.3,2.0926247782708645,7.106164148686849,1.8061641486868494,34.078568843148105
2276,3.7,1.9444140676999524,5.98953526051519,2.2895352605151897,61.87933136527539
5227,6.9,2.0809273247882034,7.011895099447601,0.1118950994476009,1.6216681079362447
1897,12.5,2.0878146053068534,7.067265726129113,5.432734273870887,43.461874190967094
7044,14.766,2.698485434178704,13.857212449539421,0.9087875504605787,6.154595357311247
2206,1.4,1.0446997797439799,1.8425450059470938,0.4425450059470939,31.610357567649565
1033,4.5,1.6964624423989787,4.4546171985186325,0.04538280148136753,1.008506699585945
5948,10.59,2.2139887431275223,8.152149256518285,2.4378507434817145,23.020309192461895
286,12.3,2.837327288486188,16.070081111367553,3.7700811113675528,30.65106594607766
550,3.2,1.2948649280105418,2.6505028601552336,0.5494971398447666,17.171785620148956
7008,10.099,2.403247160811022,10.059028584431083,0.03997141556891748,0.39579577749200395
5668,25.79,3.280046256338048,25.577002026231703,0.21299797376829588,0.8258936555575644
5015,2.5,1.21972102684945,2.386242930981194,0.11375706901880589,4.550282760752236
2825,12.5,2.50504835058307,11.244150963327474,1.255849036672526,10.046792293380207
1055,10.799,2.6430120607632825,13.055475859824693,2.2564758598246932,20.895229741871407
2091,6.5,1.9088474488225364,5.745310001676857,0.7546899983231432,11.610615358817586
6540,25.79,3.144644741282173,22.211427946237038,3.5785720537629615,13.875812538824977
2571,3.5,1.5099118547978527,3.5263318022981958,0.02633180229819576,0.7523372085198788
1677,10.3,2.131018681649029,7.423443249428306,2.8765567505716945,27.927735442443634
1174,1.8,1.112846996922892,2.0430095124573886,0.24300951245738855,13.500528469854919
6021,78.2,4.1907965906038935,65.07540504849369,13.12459495150631,16.783369503205
5916,12.54,3.166828047082126,22.732087777372055,10.192087777372056,81.27661704443426
5389,3.9,1.7514828827753077,4.763142407338105,0.8631424073381049,22.131856598412945
2087,14.0,2.541687902257564,11.70109108853771,2.2989089114622896,16.420777939016354
1370,46.5,3.4851498684938074,31.627316550252104,14.872683449747896,31.984265483328812
6314,16.899,3.0199982933540817,19.49125671284347,2.5922567128434686,15.33970479225675
2934,5.0,1.8801446472027399,5.554452876899791,0.5544528768997914,11.089057537995828
3107,16.99,2.85581990150253,16.388688376307375,0.6013116236926237,3.5392090858894867
1188,7.8,1.8922890922836013,5.634538382612538,2.1654616173874617,27.76232842804438
2029,6.699999,2.1538311464065614,7.617811330026166,0.917812330026166,13.698693537508976
4209,4.888888,1.978107534278966,6.229049303833499,1.340161303833499,27.41239528975708
5027,4.5,1.7983260396603336,5.039529065750353,0.5395290657503526,11.98953479445228
7009,23.5,3.3695681456939286,28.065972081828292,4.565972081828292,19.429668433311882
7093,40.9,4.076693475961433,57.950226897692865,17.050226897692866,41.687596326877426
3956,7.2,2.5140857477845397,11.355307746422415,4.155307746422415,57.7126075892002
833,9.0,2.0936015540282615,7.114085921580786,1.8859140784192139,20.9546008713246
1393,5.4,2.1101311820144084,7.24932337650765,1.84932337650765,34.24672919458611
549,24.9,3.1358073798779804,22.007203898764924,2.8927961012350742,11.61765502504046
1020,5.5,1.8810546193776698,5.560419961168232,0.06041996116823167,1.098544748513303
248,3.6,1.7220997497382164,4.596266896028634,0.9962668960286343,27.67408044523984
2648,6.5,1.7299830879436242,4.640558514178084,1.8594414858219164,28.606792089567946
296,6.3,1.9847065345165729,6.276911549705915,0.023088450294085128,0.36648333800135124
1559,7.39,1.6395817882920052,4.153014010747363,3.236985989252637,43.80224613332391
1563,12.8,2.5005474656552438,11.189165283735663,1.6108347162643373,12.584646220815134
6766,13.69,2.6506659624866704,13.163467843546144,0.5265321564538556,3.84610779002086
3260,9.7,2.5867668363581218,12.286743865634103,2.5867438656341033,26.667462532310342
100,1.4,1.127202793483944,2.0870094090789655,0.6870094090789656,49.072100648497546
4204,43.5,3.4124590643926536,29.339760025877634,14.160239974122366,32.55227580258015
3197,7.0,1.8874093859272987,5.602242644439422,1.3977573555605778,19.96796222229397
2937,17.5,2.9062570091927626,17.2882176676373,0.2117823323626986,1.210184756358278
7017,15.99,2.655492240421428,13.231989896107532,2.7580101038924685,17.248343363930385
1499,6.0,1.9528431990199713,6.0486999743579695,0.04869997435796947,0.8116662392994911
4872,7.0,2.2005065582768553,8.029586352831576,1.0295863528315756,14.708376469022507
1656,5.0,1.8682999246250667,5.477275177461442,0.47727517746144166,9.545503549228833
6788,13.29,2.7105515930774593,14.037567845994609,0.7475678459946096,5.625040225693074
346,4.0,1.7220997497382164,4.596266896028634,0.5962668960286344,14.906672400715859
1718,7.5,2.171929623973954,7.775200551600021,0.27520055160002066,3.6693406880002755
1665,1.7,1.2913291196847243,2.637618174062686,0.9376181740626859,55.15401023898152
681,6.0,1.9739502475223207,6.199058456370413,0.19905845637041342,3.3176409395068904
6514,69.99,3.316619900974347,26.567013667377108,43.422986332622884,62.04170071813528
3898,3.9,1.7940228763796342,5.013595823547303,1.113595823547303,28.553739065315458
6186,20.45,3.1630004450649034,22.64142441265022,2.191424412650221,10.716011797800592
6408,54.999,3.556354384554941,34.035239035246605,20.963760964753398,38.11662205631629
7289,23.79,3.1511200089690803,22.36221582465644,1.4277841753435574,6.001614860628656
5761,17.75,2.8567876758108133,16.405524847810923,1.3444751521890765,7.57450789965677
7063,49.59,3.5218961598957406,32.84854991525355,16.741450084746454,33.759729955124925
1793,3.8,2.078542917762136,6.992814237790853,3.192814237790853,84.02142731028562
3542,5.9,2.220152637120403,8.208736353614286,2.308736353614286,39.13112463753027
6741,18.8,3.128162108922594,21.83197826824135,3.0319782682413496,16.12754398000718
1706,6.2,2.078285603870526,6.990757840235586,0.7907578402355862,12.754158713477196
1414,5.6,1.7672534834756837,4.854751088315348,0.7452489116846515,13.308016280083063
4761,2.9,1.4820919648656776,3.4021451881079834,0.5021451881079835,17.315351314068398
3066,8.8,1.8810546193776698,5.560419961168232,3.239580038831769,36.81340953217919
2991,8.0,1.8798458106435338,5.55249445939253,2.4475055406074704,30.59381925759338
6041,9.75,2.34754812732758,9.459891935064025,0.29010806493597485,2.975467332676665
84,37.9,3.362301260071394,27.855518584078702,10.044481415921297,26.502589487918986
5327,9.5,2.167745779328518,7.738563171755734,1.7614368282442658,18.54144029730806
3207,9.0,2.5491954289350964,11.796803701663487,2.796803701663487,31.075596685149854
5025,3.99,1.7151797761319392,4.557674559791224,0.5676745597912234,14.227432576221135
1561,1.2,1.238565226938333,2.4506589987689993,1.2506589987689993,104.22158323074994
6072,8.39,3.292662717500472,25.91443386205168,17.52443386205168,208.8728708230236
2948,8.9,2.4695704543809818,10.81736966191553,1.9173696619155294,21.543479347365498
3528,7.8,2.1101311820144084,7.24932337650765,0.5506766234923495,7.059956711440378
1297,5.0,1.8795291056579155,5.550419580308622,0.5504195803086223,11.008391606172445
4866,8.499,2.1761016620105282,7.811887498534793,0.687112501465208,8.08462762048721
6289,13.28,2.840034292957304,16.116352497426913,2.8363524974269136,21.35807603484122
4506,14.2,2.6866680934109124,13.682673034228877,0.5173269657711224,3.6431476462755095
1912,18.5,2.7748830116315206,15.036750772601074,3.4632492273989257,18.720266094048245
6456,79.99,3.839590417566713,45.5064223247305,34.483577675269494,43.1098608266902
5998,9.494,2.67145373262814,13.460976312836108,3.966976312836108,41.784035315316075
6127,18.99,2.9948455224973043,18.98227283981689,0.0077271601831085945,0.040690680269134256
6875,44.199,3.435911353910464,30.059706055449926,14.139293944550072,31.99007657311268
1817,12.2,2.351190073891281,9.498055755668254,2.701944244331745,22.14708396993234
3722,7.6,2.2345321595847887,8.342110212940636,0.7421102129406361,9.76460806500837
5451,9.79,2.7279074220499195,14.300835305669391,4.510835305669392,46.07594796393659
6187,36.99,3.444629210458904,30.331663839331313,6.658336160668689,18.000368101294104
7164,8.99,2.5449979054279703,11.74320139448436,2.7532013944843605,30.625154554887214
3089,1.2,1.0233452401109093,1.7824873005413422,0.5824873005413422,48.540608378445185
4845,6.0,1.9252579149896079,5.856916939518437,0.14308306048156272,2.3847176746927117
3142,3.2,1.1341108864426976,2.1084085856916284,1.0915914143083718,34.11223169713662
1623,5.5,1.784359115179249,4.955761766893841,0.5442382331061593,9.895240601930167
6834,18.38,3.0193124748297597,19.477208247302755,1.0972082473027562,5.969576971179305
5459,16.79,3.153964455537238,22.42876299935605,5.63876299935605,33.584055981870456
5605,47.95,3.534957875363438,33.293570079625695,14.656429920374308,30.56606865562942
6392,26.4,3.2088324726615767,23.750172845863762,2.6498271541362364,10.037224068697865
1199,2.0,1.4958539563380426,3.4631462579900045,1.4631462579900045,73.15731289950023
373,6.0,1.5510207611391795,3.7162819236628817,2.2837180763371183,38.06196793895197
2457,5.7,1.8720289726854142,5.501474339775552,0.1985256602244485,3.4829063197271664
5260,4.99,1.6395817882920052,4.153014010747363,0.8369859892526375,16.773266317688122
3819,21.09,3.1025882694339346,21.25547997800675,0.16547997800675063,0.7846371645649627
7284,23.3,3.265116773039658,25.183168300464136,1.8831683004641349,8.082267383966244
1317,8.0,2.4217346678829617,10.26538407544326,2.2653840754432597,28.317300943040745
1446,13.0,2.7668762069735484,14.90886032198662,1.9088603219866194,14.683540938358611
3799,18.9,2.850604304176221,16.2982320765741,2.6017679234259,13.765967848814286
3482,3.7,1.7627538411484314,4.82846598363668,1.12846598363668,30.499080638829184
1488,6.399,1.986913055745305,6.292985937236781,0.10601406276321867,1.6567285945181853
4486,4.0,1.6912728259847334,4.426383152872,0.4263831528719999,10.659578821799997
6067,102.0,4.089585734112092,58.715148630324414,43.284851369675586,42.4361287937996
812,5.123,1.5912634249021802,3.909948362271672,1.213051637728328,23.67854065446668
3580,34.5,3.470876683513778,31.164928550382804,3.335071449617196,9.666873767006365
4317,3.95,1.299718266847358,2.6682630507100087,1.2817369492899915,32.449036690885855
3366,3.9,1.292517405466603,2.6419432732368273,1.2580567267631726,32.257864788799296
3651,4.0,1.570396201922299,3.8085529743433115,0.19144702565668847,4.786175641417212
6684,40.5,3.4570856461801767,30.724385574541724,9.775614425458276,24.13731956903278
1511,3.5,1.4075767125495373,3.0860417434189094,0.41395825658109064,11.827378759459732
7149,18.29,3.0241673170841974,19.576863572862,1.286863572862,7.035886128277748
1801,3.4,1.5358640045818297,3.6453373893604866,0.24533738936048666,7.215805569426078
4516,4.6,1.8720289726854142,5.501474339775552,0.901474339775552,19.597268255990265
921,7.8,2.279905911801459,8.775760582554572,0.9757605825545719,12.509751058391947
322,15.0,2.7570218014079964,14.752857878400947,0.2471421215990528,1.6476141439936853
3838,2.5,1.313842704336289,2.720442840467057,0.2204428404670571,8.817713618682284
5634,27.49,3.3502102477590334,27.50872690965549,0.018726909655491397,0.06812262515638923
7262,9.08,2.78256158270814,15.160364082682783,6.080364082682783,66.96436214408351
4402,6.85,2.185426861558092,7.894444439566623,1.0444444395666235,15.247364081264578
6217,10.45,2.438419421074799,10.45492101998707,0.0049210199870710625,0.04709110035474701
1569,5.9,2.097623570824031,7.146786628754217,1.2467866287542169,21.13197675854605
4661,17.5,2.8502503356565847,16.292110130525643,1.2078898694743572,6.902227825567755
231,12.9,2.4694215400157242,10.815610016834778,2.084389983165222,16.15806188500172
1545,1.8,1.3113708025613207,2.711257628354133,0.9112576283541329,50.62542379745183
1420,1.0,1.1208857252571938,2.0675700246287017,1.0675700246287017,106.75700246287016
1079,5.9,2.224184966085909,8.245943974216512,2.345943974216512,39.76176227485613
3103,7.9,2.0563278297627594,6.817210909605746,1.0827890903942547,13.706191017648795
1115,4.75,1.8921901733313338,5.6338821334852245,0.8838821334852245,18.608044915478413
6946,14.45,3.0763548916163557,20.6792350356696,6.2292350356696,43.108892980412456
1941,10.9,2.351190073891281,9.498055755668254,1.4019442443317462,12.86187380120868
1867,10.95,2.1056101087140435,7.212111762445527,3.737888237554472,34.135965639766866
2586,6.65,2.3471565166824573,9.455796531989483,2.8057965319894826,42.19242905247342
2751,11.5,2.277945453794865,8.75661438823713,2.7433856117628697,23.855527058807564
1425,9.59,2.2056505000950586,8.076153686819856,1.513846313180144,15.785675841294516
5395,14.5,2.612573699570958,12.634095801414968,1.8659041985850315,12.868304817827802
4053,32.5,3.0826177008881372,20.81543399874563,11.684566001254371,35.952510773090374
7283,16.95,2.974912541238182,18.587910040320775,1.6379100403207758,9.663186078588648
4333,4.49,2.208455925117947,8.101651905431257,3.6116519054312572,80.43768163544003
1618,9.0,2.695928394691113,13.819270500834422,4.819270500834422,53.54745000927136
2402,16.8,2.7741879214597067,15.025607657934604,1.774392342065397,10.561859178960695
265,15.3,2.691952813052378,13.76047223722387,1.53952776277613,10.06227295932111
0,9.99,2.2056505000950586,8.076153686819856,1.9138463131801444,19.157620752553996
4015,16.5,2.659152788607735,13.284182248940754,3.2158177510592463,19.489804551874222
5187,3.5,1.4630800598644236,3.3192425872735276,0.1807574127264724,5.1644975064706395
838,1.2,1.415203962501875,3.11732616048198,1.91732616048198,159.777180040165
14,21.9,2.792493802367206,15.321672115860956,6.578327884139043,30.038026868214807
3263,2.6,1.207220156957123,2.3441754366425442,0.25582456335745585,9.839406282979072
4912,21.0,2.7113449029835985,14.049502030658646,6.950497969341354,33.09760937781597
6477,29.155,3.2266668618391465,24.195536651822653,4.959463348177348,17.01067860805127
8,16.5,2.660744825517211,13.306941306125223,3.193058693874777,19.351870871968345
1039,8.5,2.7693748919254775,14.948661256165312,6.4486612561653125,75.86660301370955
2759,11.9,2.4813061005081223,10.956871099101418,0.9431289008985821,7.925452948727581
3992,15.5,2.6245365807905143,12.798178363298529,2.701821636701471,17.431107333557875
6472,12.99,2.626521422827195,12.825592765372301,0.16440723462769924,1.2656446083733583
4141,32.79,3.2424608811837583,24.596634581506123,8.193365418493876,24.987390724287515
6629,18.1,2.8171112626486434,15.728456689371118,2.3715433106288835,13.102449229993828
339,4.1,1.6264715518901571,4.085897695580642,0.014102304419357559,0.34395864437457463
1956,3.3,1.7477517296483023,4.741679306481406,1.4416793064814062,43.68725171155777
4220,6.5,1.9210279601457794,5.8279737478488265,0.6720262521511735,10.338865417710362
2770,29.999999,2.5493293310966134,11.798517336066762,18.201481663933237,60.67160756883104
1090,23.5,3.183978554456817,23.142615440002842,0.3573845599971577,1.5207853616900326
4512,8.999,1.8848723968899277,5.585514056323283,3.4134859436767178,37.93183624487963
1883,6.0,2.3721213214658734,9.720108978178816,3.720108978178816,62.00181630298026
622,5.3,2.0868154379145323,7.059209202848313,1.7592092028483135,33.1926264688361
7220,12.5,2.698884100841624,13.863136705670222,1.3631367056702217,10.905093645361774
5192,3.8,2.044710087433594,6.726918082505777,2.926918082505777,77.0241600659415
5045,2.8,2.086107131163567,7.0535028317316595,4.25350283173166,151.91081541898785
4331,16.5,3.13525900811433,21.99459085642051,5.494590856420508,33.30055064497277
4952,4.7,1.6070644304349648,3.9881466624105864,0.7118533375894138,15.145815693391784
3032,8.4,1.919450854075552,5.817213796026644,2.582786203973356,30.74745480920662
4568,5.999,1.868820538903615,5.480648217355094,0.5183517826449053,8.64063648349567
889,4.5,2.092902358736457,7.108414573827991,2.608414573827991,57.96476830728869
1507,3.1,1.333837389786493,2.7955805994817386,0.30441940051826144,9.819980661879402
3688,10.0,2.0403141108304212,6.69302528195997,3.3069747180400304,33.069747180400306
196,1.9,0.6638563437594756,0.9422679637806224,0.9577320362193775,50.40694927470408
5533,12.99,2.617384311376936,12.699842156946433,0.2901578430535672,2.2337016401352363
3980,11.2,2.6253248835684215,12.809059793999905,1.609059793999906,14.36660530357059
2789,3.8,1.6713504378623156,4.319346395740143,0.5193463957401434,13.667010414214301
6575,38.0,2.7484740397226775,14.618780052402402,23.3812199475976,61.529526177888414
4236,21.5,2.5438965867144323,11.729174793614986,9.770825206385014,45.4456986343489
432,4.2,2.125498149227433,7.3770694795932386,3.1770694795932384,75.64451141888662
2598,10.9,2.4675943499232496,10.794040363205257,0.10595963679474352,0.9721067595848029
6091,28.99,3.2856566743424303,25.72652917959951,3.2634708204004887,11.257229459815415
1694,23.5,3.2784027454361637,25.533358307949523,2.0333583079495234,8.652588544466058
5357,29.9,3.188572122690651,23.253771296919346,6.646228703080652,22.22818964241021
1108,13.9,2.6933217237813785,13.78069184229419,0.11930815770580949,0.8583320698259675
6353,37.5,3.7302262361542233,40.6885385518789,3.1885385518788993,8.502769471677064
6690,60.89,3.7610501836761125,41.99355340653711,18.89644659346289,31.033743789559683
6262,110.99,4.3454606011187344,76.12755433693488,34.86244566306512,31.410438474696022
4825,1.65,1.4950396231955665,3.459513249512776,1.8095132495127761,109.66746966744098
1277,4.6,1.9032693070290572,5.707788453596559,1.1077884535965596,24.082357686881732
1195,5.9,1.872501807739457,5.504549191637943,0.3954508083620576,6.702556073933179
6062,18.19,3.1357882278571916,22.006763268537053,3.816763268537052,20.982755736872193
604,9.0,2.4565810531516576,10.664861743486286,1.664861743486286,18.49846381651429
3742,6.2,1.6537010318313117,4.226286730959725,1.9737132690402754,31.834084984520572
1593,17.9,2.814499978069691,15.68483091283689,2.2151690871631082,12.375246297000606
1219,19.4,2.9976037177547346,19.037463928906945,0.36253607109305364,1.8687426345002767
2229,7.0,2.1749299902012633,7.801568904549647,0.8015689045496472,11.450984350709247
4519,4.1,1.5510083219211168,3.716223257168471,0.38377674283152885,9.360408361744607
1652,3.3,1.466954002755994,3.3360075386570154,0.03600753865701556,1.0911375350610775
4657,5.9,2.135868422957884,7.464393990103808,1.5643939901038078,26.51515237464081
4865,5.9,1.657806897375707,4.247789274642397,1.6522107253576035,28.003571616230566
6264,11.09,2.4944765447385504,11.115389993821802,0.025389993821802292,0.22894493978180608
4955,38.0,3.60464200697541,35.76851862766139,2.2314813723386067,5.872319400891071
1158,12.0,2.4479322927332814,10.564410165923617,1.4355898340763833,11.963248617303195
4818,10.8,2.458321869182511,10.685185806902167,0.1148141930978337,1.063094380535497
3256,8.8,2.15724651826324,7.647294679951001,1.1527053200489998,13.098924091465905
5728,38.699,3.674286497801229,38.42052019277398,0.27847980722602017,0.7196046596191638
4650,17.5,2.837327288486188,16.070081111367553,1.4299188886324465,8.170965077899695
7219,15.49,2.974144930254124,18.572879914801813,3.082879914801813,19.902388087810287
5702,14.19,2.7958084714469185,15.375862820262515,1.1858628202625159,8.357031855267905
2807,4.59,1.3576131754080336,2.8869048611563377,1.7030951388436621,37.1044692558532
2851,8.6,2.6207299839862532,12.745754103948288,4.145754103948288,48.20644306916614
4559,10.49,2.2805577189852912,8.782134570609639,1.7078654293903615,16.280890651957687
2995,6.5,2.135206801181373,7.458795614922673,0.9587956149226731,14.750701768041125
904,5.95,1.5475209067991709,3.6998044750579764,2.250195524942024,37.81841218389956
6841,21.169,2.8690198452374824,16.61973966165618,4.549260338343821,21.4901995292353
2357,23.8,3.3464917690297837,27.402914667253153,3.6029146672531525,15.138296921231733
3383,12.8,2.5052277278282675,11.246347482393936,1.5536525176060643,12.137910293797377
3470,9.0,2.762304280675557,14.83629219956771,5.83629219956771,64.84769110630789
1616,7.8,2.2056505000950586,8.076153686819856,0.27615368681985597,3.540431882305846
3575,5.8,2.022467646455099,6.556949824834184,0.7569498248341846,13.050859048865252
6977,26.95,3.3397260701098377,27.211397701780612,0.26139770178061283,0.9699358136571905
5006,10.9,2.3452644461152503,9.436032130831721,1.463967869168279,13.430897882277787
3820,3.65,1.68937750502463,4.416108155429675,0.7661081554296749,20.98926453231986
1860,7.5,1.880353119347058,5.555819440186111,1.9441805598138888,25.92240746418518
2088,4.99,1.6195406096129275,4.0507695085666855,0.9392304914333147,18.822254337340976
7077,27.52,2.993029257240626,18.946012670918932,8.573987329081067,31.15547721323062
6930,27.699,3.335137707330763,27.08225008924869,0.616749910751313,2.226614357021239
5213,4.1,2.1675184589998917,7.736576944467279,3.6365769444672793,88.6969986455434
2251,3.2,1.1511249200626075,2.161747623264913,1.038252376735087,32.44538677297147
3784,14.0,2.771026136645527,14.97501815371162,0.9750181537116198,6.964415383654428
3127,6.5,1.8810546193776698,5.560419961168232,0.9395800388317683,14.455077520488743
254,11.7,2.279905911801459,8.775760582554572,2.9242394174454276,24.993499294405368
6705,16.78,2.8148574266569306,15.690795948108217,1.0892040518917838,6.491084933800857
4989,2.999999,1.7220997497382164,4.596266896028634,1.5962678960286345,53.20894760393702
221,14.85,2.6401332730539204,13.015071314628361,1.8349286853716382,12.356422123714736
267,2.9,1.3077051489095697,2.697678346952812,0.20232165304718785,6.976608725765098
107,8.1,1.884263053159469,5.581502436972891,2.5184975630271085,31.092562506507516
4800,5.5,1.66745410518295,4.298660777739986,1.2013392222600139,21.842531313818434
1226,5.4,2.19516079109649,7.981445077125471,2.581445077125471,47.8045384652865
4938,4.9,1.8998170268638555,5.684671215117502,0.7846712151175019,16.01369826770412
3418,9.5,2.2019214520347106,8.04237130073683,1.4576286992631697,15.34345999224389
4154,8.5,1.9838794772734798,6.270895615405322,2.2291043845946783,26.224757465819742
1758,6.99,2.2922822736272916,8.89750072874447,1.9075007287444699,27.288994688762084
2284,9.99,2.207854034435652,8.096175354263778,1.8938246457362222,18.957203661023243
2526,3.3,1.4974664450953004,3.4703488366309205,0.1703488366309207,5.162085958512749
4004,15.0,2.1814141840592214,7.858825414123519,7.141174585876481,47.607830572509876
1210,15.5,2.9668269540165757,18.430168859620768,2.9301688596207676,18.90431522335979
6664,11.5,2.630366758951199,12.878859164637632,1.3788591646376318,11.990079692501146
2464,13.6,2.4632037504743716,10.742370968897724,2.8576290311022756,21.011978169869675
4240,13.5,2.6662898781437145,13.386494407820875,0.11350559217912526,0.8407821642898168
4198,14.5,2.6903308842704328,13.736551206815065,0.763448793184935,5.265164090930586
376,4.5,1.7961482747049407,5.026390702330165,0.5263907023301648,11.697571162892553
755,1.8,1.2942633276137938,2.6483073766543237,0.8483073766543237,47.128187591906865
291,12.49,2.650883311551062,13.166546594600192,0.6765465946001914,5.4167061216988905
5091,1.7,1.5471481022393676,3.698052693075936,1.998052693075936,117.53251135740798
1465,1.35,1.144544864946457,2.1410114470496837,0.7910114470496836,58.59344052219878
188,4.7,1.9837642335598555,6.2700577386741685,1.5700577386741683,33.40548380157804
1870,33.0,2.6491181734505047,13.141562739916516,19.858437260083484,60.17708260631359
1201,8.7,2.4775770524477743,10.9123663838054,2.212366383805401,25.4294986644299
1649,4.0,1.483236980333343,3.4071885992801585,0.5928114007198415,14.820285017996039
6030,128.96,4.75598015939728,115.27756787883962,13.682432121160389,10.609826396681441
3706,30.49,2.9925378992983966,18.93621444659207,11.553785553407927,37.89368826962259
4176,6.5,2.0116740858018174,6.475822044972764,0.024177955027235853,0.3719685388805516
501,10.0,2.508242151874785,11.283318862439582,1.2833188624395824,12.833188624395826
6193,26.99,3.0413821244453545,19.93415685931475,7.055843140685248,26.142434756151346
2605,5.5,1.8921901733313338,5.6338821334852245,0.13388213348522449,2.434220608822263
6874,64.89,4.382877923810344,79.06813212687217,14.178132126872171,21.84948701937459
3312,23.5,2.849745129853909,16.283376262533352,7.216623737466648,30.709037180709142
2812,6.5,2.0594632374959847,6.84175951798125,0.3417595179812496,5.257838738173071
4763,5.5,2.0897284413476758,7.082719933719305,1.5827199337193054,28.776726067623738
6753,76.79,3.885331332384682,47.68307006524219,29.106929934757815,37.90458384523742
672,7.9,1.8810546193776698,5.560419961168232,2.3395800388317687,29.614937200402135
4766,13.8,2.717569767958077,14.143475330838061,0.3434753308380607,2.4889516727395704
3753,7.35,2.044089850359895,6.722127047387962,0.6278729526120372,8.542489151184181
1374,12.8,2.6386057202929987,12.99367889693033,0.19367889693032936,1.5131163822681981
7043,23.99,3.61144422468103,36.01947867084162,12.029478670841623,50.14372101226188
6988,15.58,2.8582598858885824,16.431168308549754,0.8511683085497541,5.463211223040783
5718,79.99,4.300231282921471,72.71684117451338,7.273158825486618,9.092585104996399
1192,4.9,1.8924013006401,5.635282875028932,0.7352828750289317,15.005772959774117
3053,52.9,3.4975142788750038,32.03323840251329,20.866761597486708,39.44567409732837
3950,2.8,1.4274775789598064,3.168172035702751,0.36817203570275137,13.149001275098263
216,13.0,2.5499191001889137,11.806067732295157,1.1939322677048434,9.184094366960334
4697,6.49,2.10016473553085,7.167515281715215,0.6775152817152144,10.439372599618094
421,1.2,1.1235636365456902,2.0757957139433665,0.8757957139433665,72.9829761619472
505,3.9,1.7970491101395267,5.031821934573424,1.131821934573424,29.02107524547241
4836,2.9,1.362271043429375,2.9050517811811307,0.00505178118113081,0.1741993510734762
6453,19.9,2.98205542481507,18.728325088417176,1.1716749115828229,5.887813626044337
6845,49.5,3.574375466180706,34.67233527755009,14.82766472244991,29.954878227171534
6252,20.59,3.125931390632926,21.781103321662574,1.191103321662574,5.7848631455200294
506,16.3,2.7668762069735484,14.90886032198662,1.3911396780133813,8.534599251615836
1807,8.9,1.8986021729366311,5.676555246895723,3.2234447531042774,36.21848037195817
4436,20.89,3.106317317494282,21.338626665095205,0.44862666509520466,2.1475666112743164
1438,5.99,1.3602406582595152,2.8971310657297518,3.0928689342702484,51.63387202454505
5520,76.49,4.24906897844836,69.04017307120468,7.449826928795318,9.739609006138474
7069,41.599,3.2197068251129637,24.020783640528226,17.57821635947177,42.256343564681295
4704,3.8,1.3468431990112173,2.845267606138188,0.954732393861812,25.124536680574
1426,27.9,3.3334705229465196,27.035470806105923,0.8645291938940751,3.0986709458569
2859,7.5,1.9847065345165729,6.276911549705915,1.2230884502940853,16.307846003921135
3016,5.0,1.7488938300423622,4.748240626809959,0.2517593731900414,5.035187463800828
2688,20.49,3.0148953677712416,19.38695769612675,1.1030423038732486,5.38332017507686
4664,12.0,1.6485906942630044,4.199646769111095,7.800353230888905,65.00294359074087
2280,2.95,1.7256195754770671,4.61599948756,1.6659994875599997,56.47455890033897
347,6.5,2.0347470328297286,6.650316601734558,0.1503166017345583,2.312563103608589
4320,12.99,2.8340182151401483,16.013688316352898,3.0236883163528976,23.277046315264798
333,11.5,2.059085079515923,6.838794654670491,4.661205345329509,40.53222039416964
4386,6.5,1.9323230490577363,5.905533516076747,0.5944664839232532,9.145638214203895
3381,7.75,1.8042888775229864,5.0756493811054755,2.6743506188945245,34.50774992121967
5781,18.355,3.091019133140744,20.99948696119553,2.644486961195529,14.407447350561315
6380,15.89,2.5336213236497604,11.599048858024787,4.2909511419752135,27.00409780978737
5832,83.49,4.436425565832123,83.4724601479365,0.017539852063492845,0.021008326821766496
6831,8.29,2.568538523947127,12.046742998335151,3.7567429983351524,45.31656210295721
3023,9.79,2.3814121566328903,9.820171857746306,0.03017185774630704,0.30819057963541413
6726,5.65,1.8916026354281064,5.629985621072715,0.020014378927285748,0.35423679517319906
746,14.5,2.668866894552268,13.423616451485218,1.076383548514782,7.423334817343323
3410,34.0,2.9482749391738414,18.07302320765051,15.926976792349489,46.844049389263205
5257,5.7,1.886255884106078,5.594631336197826,0.10536866380217447,1.8485730491609553
3704,5.0,1.6125598845997042,4.015634252980795,0.9843657470192051,19.687314940384102
3589,2.5,1.4192202938609702,3.133895959283384,0.6338959592833842,25.355838371335366
5019,7.8,2.1085014026218,7.235889749163672,0.564110250836328,7.232182703029847
4038,24.2,3.0148953677712416,19.38695769612675,4.8130423038732495,19.888604561459708
3608,9.3,2.0400403260543016,6.690919337056447,2.609080662943554,28.054630784339285
6968,28.59,3.298998245487357,26.085492311658662,2.504507688341338,8.760082855338712
259,4.8,1.8838962682263927,5.57908888369655,0.7790888836965504,16.2310184103448
1795,11.49,2.2056505000950586,8.076153686819856,3.4138463131801444,29.711456163447732
4210,20.0,2.791205380482227,15.300656457731588,4.699343542268412,23.49671771134206
3653,8.3,1.5748115735594967,3.829831464413391,4.47016853558661,53.85745223598325
3265,4.59,1.8810546193776698,5.560419961168232,0.9704199611682318,21.1420470842752
3246,5.0,1.9035339757376297,5.709564030263378,0.7095640302633779,14.19128060526756
1730,25.0,2.2795000637755063,8.77179391440662,16.228206085593378,64.91282434237351
599,11.5,2.847353038829421,16.242082262497018,4.742082262497018,41.23549793475668
45,13.0,2.683657270236824,13.638532584888388,0.638532584888388,4.911789114526062
4651,23.5,2.6134296025275425,12.645770259710746,10.854229740289254,46.18821166080534
5070,6.0,1.9473189537253994,6.00986858251096,0.009868582510960344,0.16447637518267239
4575,6.0,1.5403709200769171,3.6663207820910424,2.3336792179089576,38.89465363181596
3921,14.2,2.2317691402038182,8.316333408666948,5.883666591333052,41.43427176995107
3881,2.686686,1.4632759624947291,3.320088821144317,0.6334028211443172,23.57561773665837
6979,5.85,2.5259680156366624,11.502992499750118,5.652992499750118,96.63235042307895
6997,28.9,3.206099351535838,23.682619982723097,5.217380017276902,18.053218052861254
1421,1.9,1.2704631711516046,2.562502228546924,0.662502228546924,34.868538344574944
4251,17.2,2.936944942978316,17.858145507660392,0.658145507660393,3.8264273701185645
3529,2.3,1.1715919904053038,2.227126105025499,0.0728738949745007,3.1684302162826397
6651,12.09,2.837727316593633,16.076910989589024,3.986910989589024,32.97693126210938
6497,96.79,4.572735805606151,95.80859731789036,0.9814026821096462,1.0139504929327887
7180,15.99,3.057317575297877,20.27042425747463,4.28042425747463,26.769382473262226
3044,13.2,2.6933217237813785,13.78069184229419,0.5806918422941916,4.399180623440845
1298,4.1,1.8810546193776698,5.560419961168232,1.460419961168232,35.61999905288371
426,6.5,1.798438248016832,5.040206789403262,1.4597932105967377,22.458357086103657
4603,8.2,1.9535200783931648,6.05347270907906,2.1465272909209396,26.177162084401708
805,19.9,2.847247617827555,16.24026468071798,3.6597353192820172,18.39062974513577
410,7.7,2.325931081130097,9.236206388834715,1.5362063888347146,19.95073232252876
6097,12.38,2.7062304672263258,13.97272881253912,1.5927288125391197,12.865337742642325
3858,15.0,2.1825100727282214,7.868539022059796,7.131460977940204,47.543073186268025
438,8.8,2.5001534239322822,11.184363190220534,2.384363190220533,27.095036252506056
2389,2.0,1.243992604426244,2.46943794184714,0.46943794184713994,23.471897092356997
4161,9.2,2.462712468631389,10.736603572071811,1.5366035720718116,16.702212739910998
434,5.8,1.917983929280574,5.807220787364648,0.007220787364648373,0.12449633387324782
751,10.5,2.1538311464065614,7.617811330026166,2.882188669973834,27.4494159045127
3411,8.5,1.8948731248762836,5.651704415272764,2.8482955847272358,33.50935982032042
2874,6.99,1.8806090580594368,5.557497542908785,1.432502457091215,20.493597383279187
4383,14.6,2.778319460499851,15.09195504564967,0.49195504564966974,3.3695551071895187
2142,9.0,2.151653825502975,7.5990680017990595,1.4009319982009405,15.565911091121562
6044,24.0,3.504671201122133,32.27050274982098,8.270502749820977,34.46042812425407
4937,7.5,2.0639134854960917,6.876735059787609,0.6232649402123913,8.310199202831885
4856,5.9,2.2146007759108826,8.157752386376158,2.2577523863761577,38.26698959959589
1049,6.0,1.848104369532797,5.347775074467022,0.6522249255329777,10.870415425549629
626,6.5,1.9831510048818195,6.265600897448929,0.23439910255107144,3.606140039247253
1926,10.2,2.44998772544257,10.588204478269041,0.38820447826904214,3.805926257539629
1223,7.6,1.8806090580594368,5.557497542908785,2.0425024570912145,26.875032330147558
210,7.89,2.457111308957222,10.671048744348468,2.7810487443484684,35.247766088066776
2431,3.89,1.3075411139636524,2.6970718482300025,1.1929281517699977,30.66653346452436
6216,14.59,2.70898306913924,14.013999549406286,0.576000450593714,3.9479126154469775
4927,16.0,2.7968233907008866,15.392491435662734,0.607508564337266,3.7969285271079123
51,18.8,2.7272493163883507,14.290769052020567,4.509230947979434,23.985270999890606
1109,12.5,2.60111937146904,12.478817397354169,0.021182602645831494,0.16946082116665195
1436,7.2,2.0959074079638564,7.132817406271116,0.06718259372888458,0.9330915795678413
7277,10.49,2.62114976362843,12.751525502960652,2.2615255029606516,21.558870380940434
3882,2.8,1.6669840095362773,4.296170485758746,1.4961704857587463,53.434660205669516
1786,10.8,1.886255884106078,5.594631336197826,5.205368663802175,48.19785799816829
5456,22.0,3.215298017739385,23.91071463992143,1.91071463992143,8.68506654509741
4338,6.0,1.6969860529508394,4.457474041511435,1.5425259584885653,25.708765974809424
6336,19.592,3.1356539052849848,22.003673148457757,2.4116731484577585,12.309479116260508
1558,2.8,1.5101128381988083,3.5272416112828635,0.7272416112828637,25.972914688673704
2249,26.49,2.738112584569132,14.457782289275004,12.032217710724995,45.42173541232539
5044,36.0,3.030019287633745,19.697631793881065,16.302368206118935,45.28435612810815
3786,8.5,2.596728772020162,12.419767037218394,3.919767037218394,46.1149063202164
4233,12.8,2.7287037286839344,14.31302431477958,1.5130243147795799,11.820502459215469
4561,13.0,2.3582892464248855,9.572848433689824,3.427151566310176,26.362704356232125
3733,3.5,1.7055970219046421,4.504671095599476,1.004671095599476,28.70488844569931
5661,63.05,4.366905103084399,77.79937797263563,14.749377972635628,23.393145079517254
5664,70.99,4.24906897844836,69.04017307120468,1.9498269287953178,2.7466219591425807
6291,8.89,2.3083125104326383,9.057438504517798,0.16743850451779707,1.8834477448571099
6970,20.49,3.1957821360860574,23.429273238255192,2.9392732382551934,14.344915755271808
4693,29.5,2.7380870342800936,14.457387343515132,15.042612656484868,50.9919073101182
3164,1.0,1.0279164574589976,1.7952357705747435,0.7952357705747435,79.52357705747434
2112,5.4,1.7709669856432995,4.8765331379856125,0.5234668620143879,9.693830778044218
705,7.2,2.0618734304986703,6.860682466719219,0.33931753328078074,4.712743517788621
2943,26.5,2.849745129853909,16.283376262533352,10.216623737466648,38.55329712251565
6952,20.99,2.7977107871437923,15.407044530480377,5.5829554695196215,26.59816803010778
57,3.8,1.8599211729394165,5.42323042709856,1.6232304270985605,42.716590186804225
4881,9.8,2.4444626991218925,10.524355888506339,0.7243558885063379,7.3913866174116105
5640,17.2,3.2227116545374663,24.096079896984726,6.896079896984727,40.09348777316702
527,4.5,2.176173218658568,7.812518070227622,3.312518070227622,73.61151267172494
1935,3.8,1.6579191057322054,4.2483781534901,0.4483781534901006,11.799425091844752
5058,1.95,1.4896420390673708,3.435507496395501,1.485507496395501,76.1798716100257
565,4.0,1.98442249556054,6.274844916862206,2.2748449168622056,56.87112292155514
1871,4.9,1.9227860907534242,5.8399887763829295,0.9399887763829291,19.183444415978144
6095,18.85,3.2124630420233906,23.84019337911224,4.990193379112238,26.473174424998607
640,5.5,1.5472704842715168,3.6986276854953113,1.8013723145046887,32.75222390008525
5282,5.0,1.7112040234992418,4.535622486370306,0.46437751362969415,9.287550272593883
1747,41.0,3.290077312627514,25.844939028443015,15.155060971556985,36.963563345260944
730,6.5,2.166072094533328,7.723949803940389,1.223949803940389,18.829996983698294
