sample_id,y_true_price,raw_prediction,y_pred_price,absolute_error,absolute_percentage_error
3909,5.5,4.169751264957293,4.169751264957293,1.3302487350427068,24.186340637140123
6004,37.499,26.46944354789909,26.46944354789909,11.029556452100913,29.412934883866004
1768,27.49,16.676785687939148,16.676785687939148,10.81321431206085,39.33508298312423
3360,7.8,7.407809260489363,7.407809260489363,0.392190739510637,5.028086403982526
4700,12.99,11.851628525949495,11.851628525949495,1.1383714740505049,8.763444757894572
865,3.5,3.2966181154386955,3.2966181154386955,0.20338188456130446,5.810910987465841
7074,52.5,42.81385328630663,42.81385328630663,9.686146713693368,18.449803264177845
2233,26.0,29.64786207938048,29.64786207938048,3.647862079380481,14.030238766848003
1720,22.0,12.959768170271786,12.959768170271786,9.040231829728214,41.09196286240097
1662,4.7,11.64742302332647,11.64742302332647,6.947423023326469,147.81751113460572
1566,11.49,19.35853015950254,19.35853015950254,7.868530159502539,68.4815505613798
5141,3.2,4.28293137612412,4.28293137612412,1.0829313761241197,33.84160550387874
7264,63.86,45.350390285372285,45.350390285372285,18.509609714627715,28.9846691428558
5464,127.0,101.45225540357048,101.45225540357048,25.547744596429524,20.116334327897263
6348,31.79,23.751468992280902,23.751468992280902,8.038531007719097,25.286351078072027
6283,17.99,31.970916469943678,31.970916469943678,13.98091646994368,77.71493312920333
6419,30.9,31.595128866152095,31.595128866152095,0.6951288661520962,2.249607981074745
763,7.9,14.117698482376305,14.117698482376305,6.217698482376305,78.70504408071271
3297,4.8,4.938074257377181,4.938074257377181,0.13807425737718138,2.8765470286912787
2654,3.59,3.707965053439036,3.707965053439036,0.11796505343903618,3.285934636184852
2189,3.1399,6.31521009829107,6.31521009829107,3.17531009829107,101.12774605213765
3945,1.9,3.1891909314689837,3.1891909314689837,1.2891909314689838,67.85215428784126
6006,20.04,22.1646115396037,22.1646115396037,2.124611539603702,10.601853990038434
1197,19.8,12.807031949748529,12.807031949748529,6.992968050251472,35.318020455815514
429,7.5,7.20185815425322,7.20185815425322,0.2981418457467804,3.975224609957072
4271,5.7,5.221358748455749,5.221358748455749,0.47864125154425086,8.397214939372821
3905,5.1,5.878342218255693,5.878342218255693,0.7783422182556929,15.261612122660647
2316,2.7,6.533107110216976,6.533107110216976,3.833107110216976,141.96693000803612
4584,13.5,9.319797718678707,9.319797718678707,4.180202281321293,30.964461343120686
7086,51.49,56.34265697084165,56.34265697084165,4.85265697084165,9.424464888020296
1992,16.5,14.960753541146893,14.960753541146893,1.539246458853107,9.328766417291558
7240,13.1,12.664420814466807,12.664420814466807,0.43557918553319297,3.325031950635061
554,7.2,12.472880412208271,12.472880412208271,5.272880412208271,73.23445016955932
1905,11.999,8.27346301815037,8.27346301815037,3.725536981849631,31.04872890948938
2034,14.5,11.440175302904848,11.440175302904848,3.059824697095152,21.102239290311395
1215,6.2,5.454017765494099,5.454017765494099,0.7459822345059015,12.031971524288734
1615,7.0,7.944259640422868,7.944259640422868,0.9442596404228683,13.489423434612405
1002,3.2,3.794873807099652,3.794873807099652,0.5948738070996518,18.58980647186412
2388,9.95,8.57062879625235,8.57062879625235,1.3793712037476489,13.863027173343207
6001,38.9,47.137834015007186,47.137834015007186,8.237834015007188,21.17695119539123
1533,4.95,4.490782925646547,4.490782925646547,0.45921707435345294,9.27711261320107
5326,26.5,23.818614338738172,23.818614338738172,2.681385661261828,10.118436457591804
2764,22.5,21.438061927403623,21.438061927403623,1.0619380725963765,4.719724767095006
6702,12.99,23.08134170705911,23.08134170705911,10.09134170705911,77.68546348775295
496,10.89,12.970964127328632,12.970964127328632,2.080964127328631,19.108945154532883
2691,29.5,23.437040274682328,23.437040274682328,6.062959725317672,20.55240584853448
7213,26.25,26.58850590782022,26.58850590782022,0.3385059078202204,1.2895463155056015
5400,13.99,13.305374030376878,13.305374030376878,0.6846259696231218,4.893680983724959
5931,44.99,32.53450134142689,32.53450134142689,12.455498658573113,27.685038138637726
828,4.8,3.552940188975322,3.552940188975322,1.2470598110246778,25.98041272968079
3552,1.55,4.520950453831675,4.520950453831675,2.9709504538316756,191.67422282785003
61,6.9,9.274680042408217,9.274680042408217,2.374680042408217,34.41565278852488
1429,10.0,10.939720968139639,10.939720968139639,0.939720968139639,9.39720968139639
2970,3.2,4.350027786266216,4.350027786266216,1.1500277862662154,35.93836832081923
3955,29.9,27.945014741523742,27.945014741523742,1.9549852584762561,6.538412235706542
4121,14.5,14.408508982405847,14.408508982405847,0.09149101759415323,0.6309725351320913
3550,16.4,14.81586294338975,14.81586294338975,1.584137056610249,9.659372296403959
5189,4.6,3.0099728675397674,3.0099728675397674,1.5900271324602322,34.565807227396355
465,5.95,5.752312316756745,5.752312316756745,0.19768768324325503,3.32248207131521
5636,7.5,13.293048447147754,13.293048447147754,5.793048447147754,77.24064596197006
6951,12.9,22.971404633369858,22.971404633369858,10.071404633369857,78.07290413465006
4230,8.2,7.130789001330123,7.130789001330123,1.0692109986698766,13.03915852036435
6145,42.45,65.67981371117166,65.67981371117166,23.22981371117166,54.72276492619943
1902,8.9,7.140055904519001,7.140055904519001,1.759944095480999,19.77465275821347
185,4.7,4.490782925646547,4.490782925646547,0.20921707435345294,4.451427113903254
2662,4.8,7.532772086639895,7.532772086639895,2.732772086639895,56.932751804997814
932,2.0,4.102722921353838,4.102722921353838,2.1027229213538376,105.13614606769188
6485,20.95,23.18854540712622,23.18854540712622,2.238545407126221,10.685180940936617
5510,12.99,21.835687226081713,21.835687226081713,8.845687226081713,68.09612953103705
1487,18.99,9.274680042408217,9.274680042408217,9.715319957591781,51.160189350141025
1084,17.0,11.375214256081119,11.375214256081119,5.624785743918881,33.086974964228716
7123,11.999,19.660666793922918,19.660666793922918,7.661666793922917,63.85254432805164
5735,99.69,87.23784070637807,87.23784070637807,12.452159293621932,12.490881024798808
2939,12.5,11.628997919631352,11.628997919631352,0.8710020803686476,6.9680166429491806
1940,7.5,6.85027874688275,6.85027874688275,0.6497212531172503,8.662950041563338
5481,17.86,16.20255339877184,16.20255339877184,1.657446601228159,9.280216132296523
3268,2.2,2.9472932756192396,2.9472932756192396,0.7472932756192394,33.967876164510876
1703,22.5,29.768408456348258,29.768408456348258,7.268408456348258,32.30403758377003
6381,19.8,23.78453522061462,23.78453522061462,3.984535220614621,20.1239152556294
3244,1.5,2.504605154121702,2.504605154121702,1.0046051541217018,66.9736769414468
4438,1.5,2.0093739295707493,2.0093739295707493,0.5093739295707493,33.958261971383294
5549,17.5,14.835184217593596,14.835184217593596,2.6648157824064036,15.227518756608022
4063,8.0,8.457681217076574,8.457681217076574,0.4576812170765745,5.721015213457181
5269,5.299999,6.046355817869868,6.046355817869868,0.7463568178698683,14.082206767772378
7091,24.299,33.15136823783164,33.15136823783164,8.85236823783164,36.43099813914828
2718,22.0,18.070997711945495,18.070997711945495,3.9290022880545052,17.85910130933866
1740,7.8,7.944405018716941,7.944405018716941,0.14440501871694078,1.8513463938069332
5023,17.5,15.021360410418595,15.021360410418595,2.4786395895814053,14.16365479760803
3994,7.0,7.72755046364016,7.72755046364016,0.72755046364016,10.393578052002285
101,12.6,12.869676544546136,12.869676544546136,0.26967654454613665,2.1402900360804495
4505,15.0,15.139379919279078,15.139379919279078,0.13937991927907767,0.9291994618605177
736,8.2,12.19835448276655,12.19835448276655,3.998354482766551,48.76042052154331
7111,48.49,49.09654912928624,49.09654912928624,0.6065491292862362,1.2508746737187795
538,25.5,17.21094240692277,17.21094240692277,8.289057593077231,32.506108208146
4520,9.0,5.869792381370274,5.869792381370274,3.1302076186297256,34.78008465144139
5153,8.5,6.721255001210817,6.721255001210817,1.7787449987891826,20.92641175046097
733,10.8,14.21454799899711,14.21454799899711,3.4145479989971097,31.616185175899165
5218,4.4,6.541980686336043,6.541980686336043,2.1419806863360424,48.68137923491005
79,3.7,2.6693889790244523,2.6693889790244523,1.030611020975548,27.854351918258054
5808,17.79,14.147742567591413,14.147742567591413,3.642257432408586,20.473622441869512
3113,5.5,5.221358748455749,5.221358748455749,0.2786412515442507,5.06620457353183
5278,5.3,4.136946685945693,4.136946685945693,1.1630533140543067,21.944402151968053
3082,5.9,8.836123258108,8.836123258108,2.9361232581079992,49.76480098488134
4939,11.5,9.012383414000755,9.012383414000755,2.4876165859992447,21.631448573906475
132,8.9,6.410870970684567,6.410870970684567,2.489129029315434,27.967741902420602
737,12.2,6.810040862838941,6.810040862838941,5.389959137161059,44.17999292754967
1041,9.0,11.073955751254237,11.073955751254237,2.0739557512542373,23.04395279171375
2095,13.5,15.198066458321838,15.198066458321838,1.6980664583218381,12.578270061643245
7199,21.99,27.011227898032963,27.011227898032963,5.021227898032965,22.83414232848097
6848,42.499,29.812982507752917,29.812982507752917,12.686017492247085,29.85015527952913
1634,9.3,14.960753541146893,14.960753541146893,5.660753541146892,60.86831764674078
6425,20.34,20.900333903994806,20.900333903994806,0.5603339039948061,2.7548372861101575
5527,23.9,33.30747406385642,33.30747406385642,9.40747406385642,39.36181616676326
6243,47.499,29.844100053401277,29.844100053401277,17.654899946598725,37.168992919006136
6607,41.0,47.472103532141006,47.472103532141006,6.472103532141006,15.785618371075625
3308,17.2,14.87695654122465,14.87695654122465,2.3230434587753486,13.50606662078691
4726,5.0,7.9840562619534605,7.9840562619534605,2.9840562619534605,59.68112523906921
5241,1.8,4.035597795124751,4.035597795124751,2.235597795124751,124.19987750693062
5112,14.499,12.712012557825512,12.712012557825512,1.786987442174489,12.324901318535684
2647,7.5,7.557723555774184,7.557723555774184,0.0577235557741842,0.769647410322456
3139,6.2,6.239466576147285,6.239466576147285,0.03946657614728455,0.6365576797949121
5239,6.6,7.844402007155235,7.844402007155235,1.2444020071552355,18.85457586598842
319,9.0,7.344165466553563,7.344165466553563,1.6558345334464368,18.39816148273819
5857,4.845,11.959767052188717,11.959767052188717,7.114767052188717,146.84761717623772
6898,38.8,41.883806349590174,41.883806349590174,3.0838063495901764,7.947954509253033
842,7.5,4.961387351490487,4.961387351490487,2.5386126485095133,33.84816864679351
1894,5.5,3.8933794741499845,3.8933794741499845,1.6066205258500155,29.2112822881821
177,7.5,13.431633983614272,13.431633983614272,5.931633983614272,79.08845311485696
5163,3.8,3.324708311413824,3.324708311413824,0.475291688586176,12.507676015425684
4671,7.3,6.037846580722249,6.037846580722249,1.2621534192777508,17.289772866818502
3832,22.9,14.228736846129415,14.228736846129415,8.671263153870584,37.86577796450037
3961,3.95,5.624471275429903,5.624471275429903,1.6744712754299025,42.39167785898487
1509,4.0,4.023261592482076,4.023261592482076,0.0232615924820756,0.58153981205189
6654,19.49,16.78672030189968,16.78672030189968,2.7032796981003173,13.87008567521969
2177,11.4,7.353703482466663,7.353703482466663,4.046296517533337,35.493829101169624
3671,1.4,2.904013926411146,2.904013926411146,1.504013926411146,107.42956617222472
1755,6.9,4.950606501701868,4.950606501701868,1.9493934982981322,28.252079685480176
2245,4.0,4.935695028760058,4.935695028760058,0.9356950287600583,23.392375719001457
3193,4.799,4.938074257377181,4.938074257377181,0.13907425737718082,2.8979841087139158
1038,13.5,12.589380709020661,12.589380709020661,0.9106192909793389,6.745328081328436
6559,8.1,7.880624618462119,7.880624618462119,0.21937538153788072,2.7083380436775397
3450,7.29,6.8012617921397,6.8012617921397,0.4887382078603002,6.704227817013721
5444,41.29,38.55931676074113,38.55931676074113,2.730683239258866,6.613425137463953
3433,17.49,13.40539686770294,13.40539686770294,4.084603132297058,23.353934432801935
3002,15.9,15.198854514542836,15.198854514542836,0.7011454854571646,4.40972003432179
2516,1.5,2.0004360200513798,2.0004360200513798,0.5004360200513798,33.36240133675865
3698,5.35,5.095201969949933,5.095201969949933,0.2547980300500665,4.762580000935824
2045,4.99,6.871384826904554,6.871384826904554,1.8813848269045534,37.70310274357823
4239,9.49,5.42324609851924,5.42324609851924,4.0667539014807605,42.853044272716126
4710,4.99,5.401852265858821,5.401852265858821,0.41185226585882084,8.253552422020457
1728,31.5,26.029568941349233,26.029568941349233,5.470431058650767,17.366447805240533
3319,9.19,12.265808863573664,12.265808863573664,3.0758088635736645,33.46908447849472
5372,2.899,6.778461512279863,6.778461512279863,3.879461512279863,133.82067996826018
2771,27.5,19.45201151377121,19.45201151377121,8.047988486228789,29.265412677195595
4552,1.5,2.9809339536758337,2.9809339536758337,1.4809339536758337,98.72893024505558
3379,5.0,9.416676834584267,9.416676834584267,4.416676834584267,88.33353669168534
3857,6.7,7.780577344185306,7.780577344185306,1.080577344185306,16.12802006246725
5435,23.49,30.6348229207389,30.6348229207389,7.1448229207389,30.41644495844572
4104,3.2,3.47744074591038,3.47744074591038,0.27744074591038004,8.670023309699376
6784,28.799,18.49784731061188,18.49784731061188,10.301152689388118,35.769133266391606
2412,21.49,13.862876212461824,13.862876212461824,7.627123787538174,35.49150203600826
6248,27.89,35.98732264739597,35.98732264739597,8.09732264739597,29.03306793616339
3045,11.5,11.626339202391408,11.626339202391408,0.12633920239140828,1.0986017599252895
1918,14.9,14.983989521357268,14.983989521357268,0.08398952135726745,0.5636880628004526
3824,4.0,6.853188547576435,6.853188547576435,2.853188547576435,71.32971368941088
1550,13.5,14.798333722274053,14.798333722274053,1.2983337222740534,9.617286831659655
1934,7.9,7.213985192739281,7.213985192739281,0.6860148072607197,8.683731737477464
7148,19.199,18.833145232589523,18.833145232589523,0.36585476741047884,1.9055928298894673
3370,8.99,7.411410409488106,7.411410409488106,1.5785895905118945,17.5593947776629
2481,10.7,10.60493971742936,10.60493971742936,0.09506028257063903,0.8884138558003648
6017,21.999,20.018361312923,20.018361312923,1.9806386870770005,9.00331236454839
5643,21.1,18.37629236940522,18.37629236940522,2.723707630594781,12.908566969643513
3889,2.9,4.993231937224982,4.993231937224982,2.093231937224982,72.18041162844764
3664,26.0,25.064986586380503,25.064986586380503,0.9350134136194974,3.596205436998067
1600,14.8,14.960753541146893,14.960753541146893,0.16075354114689233,1.08617257531684
2275,23.49,16.34212531324403,16.34212531324403,7.147874686755969,30.429436725227628
4024,8.2,6.395928882549164,6.395928882549164,1.8040711174508353,22.000867285985798
2312,8.0,8.126822637314614,8.126822637314614,0.12682263731461418,1.5852829664326773
3935,6.9,5.238698789435038,5.238698789435038,1.6613012105649627,24.076829138622646
4352,1.0,4.707462715014213,4.707462715014213,3.7074627150142128,370.7462715014213
1672,1.3,4.620285504482622,4.620285504482622,3.320285504482622,255.406577267894
3792,15.9,16.016745981752155,16.016745981752155,0.116745981752155,0.7342514575607233
1034,4.6,4.935695028760058,4.935695028760058,0.33569502876005863,7.297718016523014
3439,10.5,10.567532697187865,10.567532697187865,0.0675326971878647,0.6431685446463306
3221,8.9,11.322707163915073,11.322707163915073,2.4227071639150726,27.22142880803452
2955,5.5,4.392426763335738,4.392426763335738,1.1075732366642619,20.13769521207749
4490,2.0,1.8791943286736057,1.8791943286736057,0.1208056713263943,6.040283566319715
7244,46.49,36.74458793480906,36.74458793480906,9.74541206519094,20.962383448464056
6285,16.09,24.958604871301844,24.958604871301844,8.868604871301844,55.118737546935016
2268,16.49,17.89277677359851,17.89277677359851,1.4027767735985108,8.506833072155919
1699,2.6,2.6686479391789586,2.6686479391789586,0.0686479391789585,2.6403053530368656
3519,10.5,8.1728370355254,8.1728370355254,2.3271629644745992,22.163456804519992
87,8.5,8.457970201205667,8.457970201205667,0.04202979879433322,0.4944682211098026
7113,22.59,20.198133853213214,20.198133853213214,2.3918661467867857,10.588163553726364
676,5.3,5.230458369325492,5.230458369325492,0.06954163067450825,1.312106239141665
4407,24.99,17.115966683877797,17.115966683877797,7.874033316122201,31.508736759192484
3317,4.9,4.938074257377181,4.938074257377181,0.03807425737718084,0.7770256607587926
6902,67.0,58.96575715180014,58.96575715180014,8.03424284819986,11.991407236119194
2569,4.1,5.5620827012958305,5.5620827012958305,1.4620827012958308,35.66055369014222
393,2.999,4.270170976462632,4.270170976462632,1.2711709764626318,42.38649471365895
1149,5.6,4.355968981847289,4.355968981847289,1.244031018152711,22.21483960986984
1168,5.9,5.51778578924629,5.51778578924629,0.38221421075371076,6.478206961927301
2208,3.4,3.959428053947361,3.959428053947361,0.5594280539473613,16.453766292569448
230,18.5,30.643399815122184,30.643399815122184,12.143399815122184,65.63999900066045
2802,4.999999,4.938074257377181,4.938074257377181,0.06192474262281866,1.2384951001553934
1543,4.4,4.584413818733685,4.584413818733685,0.18441381873368456,4.191223153038285
2345,28.5,25.37182554025792,25.37182554025792,3.1281744597420804,10.976050735937125
3599,6.0,5.969069363604042,5.969069363604042,0.030930636395957833,0.5155106065992971
2892,2.2,4.572839840847674,4.572839840847674,2.372839840847674,107.856356402167
4691,25.9,26.80870275106256,26.80870275106256,0.9087027510625632,3.5085048303573867
2942,16.0,22.478581570962007,22.478581570962007,6.478581570962007,40.49113481851254
5121,24.49,18.999477948573762,18.999477948573762,5.490522051426236,22.41944488128312
7189,54.99,48.08419549890931,48.08419549890931,6.905804501090692,12.558291509530264
970,3.2,4.821794190074408,4.821794190074408,1.6217941900744082,50.68106843982525
3718,5.6,5.043565948719316,5.043565948719316,0.556434051280684,9.93632234429793
5329,7.0,7.286616579842244,7.286616579842244,0.286616579842244,4.094522569174914
169,10.5,13.383289143912863,13.383289143912863,2.8832891439128634,27.459896608693935
1056,9.0,4.84270663056393,4.84270663056393,4.15729336943607,46.19214854928967
5968,24.1145,17.759185625429147,17.759185625429147,6.3553143745708525,26.354742476812092
251,3.7,8.332198548163568,8.332198548163568,4.632198548163568,125.19455535577208
5889,51.0,28.42857891658042,28.42857891658042,22.57142108341958,44.25768839886192
2705,10.5,6.573948173569121,6.573948173569121,3.9260518264308786,37.39096977553218
1729,4.3,5.160736133880517,5.160736133880517,0.8607361338805175,20.017119392570176
2533,8.6,4.779843573474633,4.779843573474633,3.820156426525367,44.42042356424846
95,7.5,4.080342438041114,4.080342438041114,3.4196575619588856,45.595434159451806
5646,17.5,29.32764539999884,29.32764539999884,11.82764539999884,67.58654514285053
5174,23.49,12.533844333993216,12.533844333993216,10.956155666006783,46.641786573038665
3692,2.8,6.970339124249365,6.970339124249365,4.170339124249365,148.9406830089059
1172,6.69,5.878342218255693,5.878342218255693,0.8116577817443078,12.132403314563643
1383,11.9,13.512348604793395,13.512348604793395,1.6123486047933948,13.549147939440292
5263,7.2,9.516390323577118,9.516390323577118,2.316390323577118,32.172087827459976
711,13.7,14.960753541146893,14.960753541146893,1.2607535411468938,9.202580592313094
2354,7.9,7.81533685277676,7.81533685277676,0.08466314722324064,1.071685407889122
2215,7.0,6.810040862838941,6.810040862838941,0.1899591371610594,2.7137019594437057
3779,7.49,6.717859903228838,6.717859903228838,0.772140096771162,10.308946552351962
5242,5.5,12.76534791623996,12.76534791623996,7.265347916239961,132.09723484072654
69,5.5,7.326021916684413,7.326021916684413,1.8260219166844127,33.20039848517114
263,6.5,8.29103435589847,8.29103435589847,1.7910343558984696,27.554374706130304
408,16.0,9.118610636209034,9.118610636209034,6.881389363790966,43.008683523693534
7137,54.99,54.95031613420427,54.95031613420427,0.039683865795730355,0.07216560428392499
6024,24.39,24.702537496334934,24.702537496334934,0.312537496334933,1.2814165491387166
3217,1.79,5.845048863021505,5.845048863021505,4.055048863021505,226.53904262689974
5196,11.6,13.616538055364138,13.616538055364138,2.0165380553641388,17.383948753139126
37,13.8,13.862876212461824,13.862876212461824,0.0628762124618234,0.45562472798422754
3504,6.99,5.856948385595274,5.856948385595274,1.1330516144047262,16.20960821752112
1862,31.0,25.89312384590282,25.89312384590282,5.106876154097179,16.473794045474772
4602,13.3,14.798333722274053,14.798333722274053,1.4983337222740527,11.265667084767312
6222,20.66,18.774843109855986,18.774843109855986,1.8851568901440139,9.124670329835498
6474,9.29,11.081333369882218,11.081333369882218,1.791333369882219,19.282382883554565
2333,28.5,30.2924461636781,30.2924461636781,1.7924461636781004,6.2892847848354405
1575,6.8,9.319797718678707,9.319797718678707,2.5197977186787073,37.05584880409864
6763,35.89,39.90392663506567,39.90392663506567,4.013926635065673,11.183969448497276
5733,20.0,34.283491724844595,34.283491724844595,14.283491724844595,71.41745862422297
3295,11.0,11.48897982880343,11.48897982880343,0.48897982880342994,4.445271170940273
3985,19.5,14.967333772874252,14.967333772874252,4.532666227125748,23.244442190388455
5958,89.09,94.48718023517921,94.48718023517921,5.397180235179206,6.05812126521406
3641,13.8,11.383575804177996,11.383575804177996,2.416424195822005,17.510320259579746
1163,5.39,4.938074257377181,4.938074257377181,0.4519257426228185,8.384522126582903
3781,8.5,8.964982116333003,8.964982116333003,0.4649821163330028,5.470377839211798
1554,23.99,21.188866901442573,21.188866901442573,2.8011330985574254,11.676253016079306
19,10.0,4.820829279361295,4.820829279361295,5.179170720638705,51.79170720638705
3257,7.1,12.139098655396896,12.139098655396896,5.039098655396897,70.97322049854785
3279,6.699999,7.344165466553563,7.344165466553563,0.6441664665535631,9.61442630892278
982,1.7,3.5000512220991062,3.5000512220991062,1.8000512220991063,105.88536600582978
6602,12.15,15.436253861358262,15.436253861358262,3.2862538613582615,27.047356883607087
239,4.8,4.784404820762406,4.784404820762406,0.015595179237593904,0.32489956744987303
7053,20.99,29.664900450082726,29.664900450082726,8.674900450082728,41.32873010997012
2509,22.05,19.881040580935043,19.881040580935043,2.168959419064958,9.836550653355818
3800,7.3,4.599964920851544,4.599964920851544,2.7000350791484555,36.98678190614323
6775,25.99,33.97799218152048,33.97799218152048,7.987992181520479,30.734867955061485
1322,2.5,4.871225546496397,4.871225546496397,2.3712255464963974,94.8490218598559
3842,10.9,13.465046849833437,13.465046849833437,2.5650468498334362,23.532539906728772
3166,10.9,7.759342746334512,7.759342746334512,3.1406572536654886,28.813369299683384
4381,12.0,16.526795688348095,16.526795688348095,4.526795688348095,37.72329740290079
5635,15.999,29.34476764525739,29.34476764525739,13.345767645257391,83.41626129918988
5514,28.49,27.341716576661348,27.341716576661348,1.1482834233386505,4.03047884639751
1965,4.5,4.865571147635823,4.865571147635823,0.36557114763582277,8.123803280796063
2486,4.686,11.49611603420163,11.49611603420163,6.810116034201631,145.3289806701159
4706,3.0,4.614660298876565,4.614660298876565,1.614660298876565,53.822009962552166
2676,6.2,4.937534320700712,4.937534320700712,1.2624656792992885,20.362349666117556
1726,6.799999,8.583276296165277,8.583276296165277,1.7832772961652772,26.22466997664672
332,4.0,4.635373794115337,4.635373794115337,0.6353737941153366,15.884344852883414
4728,4.99,4.938074257377181,4.938074257377181,0.051925742622819016,1.0405960445454712
3544,4.75,7.789654424004106,7.789654424004106,3.039654424004106,63.992724715875916
6459,13.19,10.567428179943349,10.567428179943349,2.622571820056651,19.883031236214187
1562,25.0,27.1810559611969,27.1810559611969,2.1810559611969005,8.724223844787602
3989,4.5,5.114644761722326,5.114644761722326,0.6146447617223263,13.658772482718362
1320,29.5,30.064421804828246,30.064421804828246,0.5644218048282461,1.9132942536550717
6674,35.99,38.1168578423617,38.1168578423617,2.1268578423617015,5.909580001005006
2036,10.799,11.254085794813324,11.254085794813324,0.4550857948133249,4.214147558230622
3774,5.5,4.427336097713118,4.427336097713118,1.072663902286882,19.502980041579672
3121,8.2,7.195434252733166,7.195434252733166,1.0045657472668337,12.250801795936997
2650,3.6,5.996832846858954,5.996832846858954,2.396832846858954,66.5786901905265
4595,3.95,4.453766192558152,4.453766192558152,0.5037661925581522,12.753574495143095
2471,3.55,3.1553400166907863,3.1553400166907863,0.3946599833092135,11.11718262842855
4397,10.8,7.384456834600294,7.384456834600294,3.415543165399707,31.625399679626913
6418,5.8,9.075768464855756,9.075768464855756,3.275768464855756,56.47876663544407
1888,13.8,24.87257175337022,24.87257175337022,11.07257175337022,80.23602719833492
5537,25.99,24.3972713132445,24.3972713132445,1.5927286867554997,6.128236578512889
7214,57.99,51.50347956218877,51.50347956218877,6.4865204378112296,11.18558447630838
2519,29.5,31.731310189434286,31.731310189434286,2.2313101894342857,7.563763354014529
1142,13.89,15.007384400286817,15.007384400286817,1.1173844002868165,8.044524120135469
308,11.3,7.249552506313687,7.249552506313687,4.050447493686313,35.84466808571958
5255,1.99,4.657567447129434,4.657567447129434,2.667567447129434,134.0486154336399
381,4.5,7.759663584398979,7.759663584398979,3.2596635843989787,72.43696854219954
4118,7.5,6.869515217724788,6.869515217724788,0.6304847822752118,8.40646376366949
3617,7.2,5.42324609851924,5.42324609851924,1.7767539014807605,24.677137520566117
1400,9.8,8.489977515883929,8.489977515883929,1.3100224841160717,13.367576368531342
7075,23.5,19.992849018825897,19.992849018825897,3.507150981174103,14.92404672840044
6806,14.4,14.459163663856115,14.459163663856115,0.05916366385611482,0.41085877677857513
2465,4.3,3.030836362943006,3.030836362943006,1.2691636370569936,29.515433419930087
994,10.5,10.92813359584505,10.92813359584505,0.4281335958450505,4.07746281757191
683,4.7,5.684209519369174,5.684209519369174,0.9842095193691742,20.940628071684557
3428,7.9,7.559652433488837,7.559652433488837,0.3403475665111637,4.30819704444511
2906,11.9,11.35844563293178,11.35844563293178,0.5415543670682208,4.55087703418673
2984,12.8,9.650181023135726,9.650181023135726,3.1498189768642746,24.607960756752146
457,2.7,5.325038023026082,5.325038023026082,2.6250380230260815,97.22363048244745
4028,4.8,5.179889339415681,5.179889339415681,0.3798893394156808,7.914361237826684
3622,3.8,6.060812778143582,6.060812778143582,2.260812778143582,59.49507310904164
756,2.95,4.277710660596997,4.277710660596997,1.3277106605969964,45.007141037186315
5845,21.99,26.8985465859243,26.8985465859243,4.908546585924302,22.3217216276685
4100,1.5,3.1318802373246086,3.1318802373246086,1.6318802373246086,108.79201582164058
1046,11.89,7.562341004417537,7.562341004417537,4.327658995582463,36.39746842373812
1024,4.49,2.487030474307028,2.487030474307028,2.002969525692972,44.60956627378557
2344,13.4,14.387152664302523,14.387152664302523,0.9871526643025224,7.366810927630764
2997,3.2,11.590327136079187,11.590327136079187,8.390327136079186,262.19772300247456
4591,3.55,8.951481514192611,8.951481514192611,5.401481514192612,152.1544088504961
4974,26.9,18.568953661693584,18.568953661693584,8.331046338306415,30.970432484410466
1515,28.2,31.470056956240192,31.470056956240192,3.270056956240193,11.59594665333402
5186,24.19,20.905764889119723,20.905764889119723,3.284235110880278,13.57682972666506
1737,4.3,5.356192698790796,5.356192698790796,1.0561926987907961,24.56262090211154
6156,22.85,27.502189561735097,27.502189561735097,4.652189561735096,20.359691736258622
1869,5.6,7.346549122037395,7.346549122037395,1.7465491220373952,31.1883771792392
6526,22.99,20.549821364950247,20.549821364950247,2.440178635049751,10.614087146801875
1042,3.5,1.3741793687535413,1.3741793687535413,2.1258206312464587,60.737732321327385
3442,6.5,6.115606771123197,6.115606771123197,0.38439322887680305,5.9137419827200475
50,7.5,8.6608364971645,8.6608364971645,1.1608364971644995,15.477819962193326
786,6.5,5.23011768414432,5.23011768414432,1.2698823158556802,19.53665101316431
245,18.5,30.927904658427487,30.927904658427487,12.427904658427487,67.17786301852695
5303,4.25,11.435184764879521,11.435184764879521,7.185184764879521,169.06317093834167
3076,14.0,11.86193060421207,11.86193060421207,2.13806939578793,15.271924255628072
5462,37.19,27.011556733489485,27.011556733489485,10.178443266510513,27.36876382498121
7234,54.95,44.316588948014655,44.316588948014655,10.633411051985348,19.351066518626656
625,7.5,8.886851006233156,8.886851006233156,1.3868510062331563,18.491346749775417
6414,26.59,16.596638635276314,16.596638635276314,9.993361364723686,37.583156693206796
2272,5.7,4.446833737956789,4.446833737956789,1.2531662620432114,21.985373018301953
4812,12.99,13.43700192980653,13.43700192980653,0.44700192980653064,3.441123401128027
7182,57.28,30.994226613424765,30.994226613424765,26.285773386575237,45.88996750449587
4894,6.9,7.286616579842244,7.286616579842244,0.3866165798422436,5.603138838293385
6403,5.3,8.61970698193818,8.61970698193818,3.3197069819381797,62.635980791286414
1025,12.5,11.49611603420163,11.49611603420163,1.0038839657983694,8.031071726386955
5457,53.99,40.16414822338288,40.16414822338288,13.825851776617121,25.608171469933545
2926,7.5,9.948115793424709,9.948115793424709,2.4481157934247086,32.641543912329446
321,31.8,34.4096076163706,34.4096076163706,2.6096076163705995,8.206313259027043
3326,17.0,19.926020440454067,19.926020440454067,2.9260204404540673,17.211884943847455
3105,11.9,14.15024938109958,14.15024938109958,2.2502493810995805,18.909658664702356
1893,4.5,4.304650869155548,4.304650869155548,0.19534913084445193,4.341091796543376
4920,6.8,5.3627610133556125,5.3627610133556125,1.4372389866443873,21.135867450652754
2138,11.49,11.152137211414583,11.152137211414583,0.33786278858541685,2.940494243563245
5476,40.49,24.980282769877107,24.980282769877107,15.509717230122895,38.30505613762137
3475,1.55,2.9546344850580972,2.9546344850580972,1.4046344850580972,90.62157968116755
4098,11.0,16.62528723112655,16.62528723112655,5.625287231126549,51.13897482842318
7001,45.499,37.79317450243262,37.79317450243262,7.705825497567382,16.93625243976215
5321,14.799,19.02158480188775,19.02158480188775,4.222584801887752,28.532906290207123
5339,2.7,4.187877949277883,4.187877949277883,1.487877949277883,55.106590713995665
4296,24.5,24.66831700788063,24.66831700788063,0.1683170078806313,0.6870081954311482
3767,5.9,4.961387351490487,4.961387351490487,0.9386126485095136,15.908688957788367
2126,16.3,19.429268391511926,19.429268391511926,3.129268391511925,19.1979655920977
4279,5.9,6.010525870922029,6.010525870922029,0.1105258709220287,1.8733198461360796
233,3.8,4.84270663056393,4.84270663056393,1.0427066305639299,27.439648172734998
65,15.0,13.170977945205603,13.170977945205603,1.8290220547943967,12.193480365295978
5856,20.709,32.68951708944723,32.68951708944723,11.980517089447229,57.85174122095334
1595,14.5,16.29843649997972,16.29843649997972,1.7984364999797187,12.403010344687715
5133,9.8,14.967333772874252,14.967333772874252,5.167333772874251,52.72789564157399
2656,20.9,21.06178265610517,21.06178265610517,0.16178265610517073,0.7740796942831135
3218,32.99,40.63370588141726,40.63370588141726,7.6437058814172545,23.169766236487586
509,5.0,4.819739213183659,4.819739213183659,0.1802607868163406,3.6052157363268127
6253,15.5,20.936657407025518,20.936657407025518,5.436657407025518,35.075209077583985
6481,18.99,26.64787876292516,26.64787876292516,7.6578787629251615,40.32584919918463
576,26.7,14.100386604893412,14.100386604893412,12.599613395106587,47.18956327755276
217,4.999999,5.459910678645139,5.459910678645139,0.45991167864513915,9.198235412549865
5697,15.59,22.782905346762405,22.782905346762405,7.192905346762405,46.13794321207444
7082,11.9,14.153020317755237,14.153020317755237,2.2530203177552366,18.932943846682658
3757,4.0,4.922176344669378,4.922176344669378,0.9221763446693778,23.054408616734445
3954,9.2,14.196321884168993,14.196321884168993,4.996321884168994,54.307846567054284
6731,24.5,23.39192018957308,23.39192018957308,1.1080798104269185,4.522774736436403
6889,39.9,24.08668046047505,24.08668046047505,15.813319539524947,39.63237979830814
2115,10.5,6.883879328213324,6.883879328213324,3.6161206717866756,34.43924449320643
3467,2.0,3.36302637464941,3.36302637464941,1.3630263746494098,68.15131873247049
4871,17.5,21.13075205122564,21.13075205122564,3.6307520512256417,20.74715457843224
6130,20.5,34.583149340923484,34.583149340923484,14.083149340923484,68.69828946791944
3478,9.0,11.49611603420163,11.49611603420163,2.4961160342016306,27.73462260224034
4487,4.499999,8.844895658747927,8.844895658747927,4.344896658747927,96.55328053957183
3933,29.99,25.527789176957214,25.527789176957214,4.462210823042785,14.878995742056636
3347,7.6,6.853188547576435,6.853188547576435,0.7468114524235645,9.826466479257428
1261,6.5,5.52054965337663,5.52054965337663,0.9794503466233699,15.068466871128768
4382,9.5,10.932549379743328,10.932549379743328,1.4325493797433282,15.079467155192926
3163,9.65,10.144308323672078,10.144308323672078,0.4943083236720778,5.122366048415314
1412,4.0,4.200118127033377,4.200118127033377,0.2001181270333774,5.002953175834435
1281,14.0,10.316049072346981,10.316049072346981,3.6839509276530187,26.31393519752156
4588,6.0,7.934111135558689,7.934111135558689,1.9341111355586893,32.235185592644825
2917,6.2,5.030866276316431,5.030866276316431,1.1691337236835695,18.85699554328338
1565,13.6,17.76818696850555,17.76818696850555,4.16818696850555,30.648433591952575
6580,22.562,15.154181442795336,15.154181442795336,7.407818557204665,32.8331644233874
4002,7.6,6.225817287746279,6.225817287746279,1.3741827122537202,18.081351477022636
6500,7.899,14.200924246156877,14.200924246156877,6.301924246156877,79.78129188703478
6365,25.4,27.945298794486185,27.945298794486185,2.545298794486186,10.020861395614906
6900,21.699,20.873823016619582,20.873823016619582,0.8251769833804197,3.8028341554008
3007,5.0,7.498713903107951,7.498713903107951,2.4987139031079506,49.97427806215901
1315,9.2,10.447622940955725,10.447622940955725,1.2476229409557256,13.5611189234318
3885,2.3,4.621829338217866,4.621829338217866,2.3218293382178663,100.94910166164637
3745,12.4,10.60493971742936,10.60493971742936,1.79506028257064,14.476292601376128
6498,18.006229,38.66687634684733,38.66687634684733,20.66064734684733,114.74166715777818
1702,40.99,31.08195116962563,31.08195116962563,9.908048830374373,24.17186833465326
1839,6.2,7.147501271853336,7.147501271853336,0.9475012718533362,15.282278578279614
503,10.5,4.9962984713237955,4.9962984713237955,5.5037015286762045,52.41620503501147
7023,38.9,46.30975604497313,46.30975604497313,7.409756044973129,19.0482160539155
5818,9.79,11.154482551408917,11.154482551408917,1.3644825514089174,13.937513293247369
4694,11.0,4.597816380468037,4.597816380468037,6.402183619531963,58.201669268472386
1721,36.0,39.94926583398873,39.94926583398873,3.9492658339887328,10.970182872190923
7187,50.999,91.11717720037684,91.11717720037684,40.11817720037684,78.66463499358191
4618,14.99,15.007384400286817,15.007384400286817,0.01738440028681687,0.11597331745708385
1803,18.8,18.568953661693584,18.568953661693584,0.23104633830641674,1.2289698846085997
1385,4.2,4.8439116365538375,4.8439116365538375,0.6439116365538373,15.331229441758031
1373,1.2,2.7488854706126506,2.7488854706126506,1.5488854706126507,129.0737892177209
5834,26.9,31.48108549093026,31.48108549093026,4.58108549093026,17.03005758710134
5654,44.99,66.65910757988631,66.65910757988631,21.669107579886308,48.164275572096706
5670,16.0,16.25978638266933,16.25978638266933,0.2597863826693292,1.6236648916833074
856,6.9,6.3965053333680935,6.3965053333680935,0.5034946666319069,7.297024154085607
2458,13.899999,6.810040862838941,6.810040862838941,7.089958137161059,51.00689674266206
2726,7.8,13.71217268879172,13.71217268879172,5.91217268879172,75.79708575374
5886,37.99,28.817601998242413,28.817601998242413,9.172398001757589,24.144243226526953
4252,24.79,21.06178265610517,21.06178265610517,3.72821734389483,15.03919864419052
3269,8.1,5.934574532508984,5.934574532508984,2.1654254674910156,26.733647746802664
2505,6.0,6.656839329069443,6.656839329069443,0.6568393290694434,10.94732215115739
318,1.7,2.2964947056307423,2.2964947056307423,0.5964947056307424,35.0879238606319
6053,30.49,36.241177293259014,36.241177293259014,5.7511772932590155,18.862503421643215
176,4.7,5.52054965337663,5.52054965337663,0.8205496533766299,17.45850326333255
5683,80.49,61.347668722111074,61.347668722111074,19.14233127788892,23.782247829406042
4967,2.0,3.252191085593699,3.252191085593699,1.252191085593699,62.60955427968496
3100,2.6,8.756046313002079,8.756046313002079,6.156046313002079,236.77101203854153
2840,1.85,2.7805759641420185,2.7805759641420185,0.9305759641420184,50.30140346713613
6504,14.2,21.579447333868224,21.579447333868224,7.3794473338682245,51.96793897090299
3043,2.7,2.6814538992835892,2.6814538992835892,0.01854610071641094,0.686892619126331
3169,12.5,9.430084485503038,9.430084485503038,3.0699155144969623,24.5593241159757
468,4.6,5.765022776867026,5.765022776867026,1.1650227768670263,25.326582105804924
472,28.5,18.121319175774552,18.121319175774552,10.378680824225448,36.416423944650695
91,7.9,4.934911173848635,4.934911173848635,2.9650888261513657,37.53276995128311
4304,2.7,4.578863253499202,4.578863253499202,1.878863253499202,69.58752790737785
4149,5.8,5.903048679174569,5.903048679174569,0.10304867917456928,1.7767013650787806
1047,5.6,6.725012130275331,6.725012130275331,1.1250121302753318,20.08950232634521
6571,129.29,125.441709027958,125.441709027958,3.848290972041994,2.97647998456338
6768,9.49,10.18932638886762,10.18932638886762,0.69932638886762,7.369087343178293
435,5.5,7.947390873639833,7.947390873639833,2.447390873639833,44.4980158843606
6016,151.89,147.22251683321366,147.22251683321366,4.667483166786326,3.07293644531327
1335,20.49,16.637236502192273,16.637236502192273,3.852763497807725,18.80314054566972
1352,8.9,7.56809778741288,7.56809778741288,1.3319022125871207,14.96519339985529
4074,2.55,4.748009553172032,4.748009553172032,2.1980095531720325,86.19645306556991
4868,5.9,6.647600840320582,6.647600840320582,0.7476008403205814,12.671200683399682
6046,25.09,26.223392832362197,26.223392832362197,1.1333928323621976,4.517309016987634
5546,18.99,20.043566274577593,20.043566274577593,1.0535662745775944,5.548005658649787
4207,8.8,7.6060531479586055,7.6060531479586055,1.1939468520413952,13.567577864106761
3758,11.5,23.7144681928162,23.7144681928162,12.214468192816199,106.2127668940539
106,7.7,5.224923711234837,5.224923711234837,2.4750762887651634,32.14384790604108
5694,19.0,24.987211270123332,24.987211270123332,5.987211270123332,31.51163826380701
5676,26.99,28.665415595771655,28.665415595771655,1.675415595771657,6.207542036945747
4791,4.1,6.765675642917145,6.765675642917145,2.6656756429171455,65.01647909554013
5900,27.9,16.060481879064028,16.060481879064028,11.83951812093597,42.435548820559035
5313,12.9,12.767650189169768,12.767650189169768,0.13234981083023278,1.025967525815758
3333,10.99,15.632383267312823,15.632383267312823,4.642383267312823,42.24188596281004
4086,15.0,15.198066458321838,15.198066458321838,0.1980664583218381,1.3204430554789208
1617,12.99,12.286127694068547,12.286127694068547,0.7038723059314531,5.418570484460763
2252,4.0,2.461741987561533,2.461741987561533,1.538258012438467,38.45645031096168
4860,7.8,11.32560071470379,11.32560071470379,3.5256007147037893,45.200009162869094
5584,9.299,13.56047353520453,13.56047353520453,4.26147353520453,45.8272237359343
3494,15.9,23.59873328208296,23.59873328208296,7.69873328208296,48.41970617662239
1498,6.666,5.028230334080829,5.028230334080829,1.637769665919171,24.56900188897646
996,6.5,7.562341004417537,7.562341004417537,1.0623410044175374,16.343707760269808
5912,15.3205,11.828054421403234,11.828054421403234,3.492445578596765,22.795898166487813
6638,87.999,88.40770962261193,88.40770962261193,0.4087096226119371,0.46444803078664204
41,18.0,18.240165517125632,18.240165517125632,0.24016551712563228,1.3342528729201795
5253,17.2,21.61563786563424,21.61563786563424,4.415637865634242,25.672313172292107
5689,13.69,14.447096275504983,14.447096275504983,0.757096275504983,5.5302868919282915
3282,3.7,7.026341487658113,7.026341487658113,3.326341487658113,89.90112128805711
1539,7.3,6.079349956355969,6.079349956355969,1.2206500436440306,16.72123347457576
1805,8.9,11.10961489633459,11.10961489633459,2.209614896334589,24.827133666680773
1144,2.9,8.614638167815034,8.614638167815034,5.714638167815034,197.05648854534599
6198,34.79,36.347243204669,36.347243204669,1.5572432046689997,4.476123037277953
2615,6.5,6.671451240936365,6.671451240936365,0.17145124093636532,2.637711399021005
2114,14.99,14.827819632006758,14.827819632006758,0.1621803679932423,1.0819237357788014
5792,10.89,10.586862907266049,10.586862907266049,0.3031370927339516,2.7836280324513463
4546,11.0,13.181658865803415,13.181658865803415,2.1816588658034153,19.833262416394685
3172,1.0,4.772579681197156,4.772579681197156,3.772579681197156,377.2579681197156
167,9.2,16.676785687939148,16.676785687939148,7.476785687939149,81.26940965151249
2337,11.3,11.748142334352506,11.748142334352506,0.4481423343525055,3.9658613659513757
6928,39.18,26.46944354789909,26.46944354789909,12.71055645210091,32.441440663861435
3964,5.4,3.16349212607642,3.16349212607642,2.23650787392358,41.4168124800663
2445,25.0,26.026958260529604,26.026958260529604,1.0269582605296037,4.107833042118415
7257,17.99,22.747918254328724,22.747918254328724,4.757918254328725,26.44757228642983
3341,1.9,6.670430828769032,6.670430828769032,4.770430828769031,251.07530677731745
4103,1.3,2.835111263547663,2.835111263547663,1.5351112635476631,118.08548181135869
3017,18.5,14.15024938109958,14.15024938109958,4.349750618900419,23.512165507569833
6151,13.09,14.323441359715565,14.323441359715565,1.233441359715565,9.422775857261763
4958,8.99,11.234861204861495,11.234861204861495,2.244861204861495,24.970647440061125
6935,25.4,33.09681867596329,33.09681867596329,7.696818675963293,30.30243573213895
789,3.6,6.703618297614911,6.703618297614911,3.103618297614911,86.21161937819197
4617,19.2,13.372513797325794,13.372513797325794,5.827486202674205,30.35149063892815
1097,3.5,3.7388510564583157,3.7388510564583157,0.23885105645831572,6.8243158988090205
3206,15.3,12.12618677814996,12.12618677814996,3.1738132218500414,20.743877266993735
6535,19.99,25.845630400906877,25.845630400906877,5.855630400906879,29.292798403736263
6251,31.49,27.258286912024026,27.258286912024026,4.231713087975972,13.438275922438784
544,4.0,6.477487961681902,6.477487961681902,2.477487961681902,61.93719904204755
6770,19.299,20.86259508275935,20.86259508275935,1.563595082759349,8.101948716303172
5924,14.25,16.294787918524037,16.294787918524037,2.0447879185240367,14.349388901923065
4838,2.4,4.543744885103253,4.543744885103253,2.1437448851032532,89.32270354596888
6194,19.59,17.368845106067074,17.368845106067074,2.221154893932926,11.338207728090486
6068,7.39,9.555357859525902,9.555357859525902,2.165357859525902,29.30118889750883
4229,16.7,13.81447429004491,13.81447429004491,2.8855257099550897,17.278597065599342
877,9.5,5.21256746995558,5.21256746995558,4.28743253004442,45.13086873730968
3908,9.7,6.974505541058456,6.974505541058456,2.725494458941543,28.097881020015908
3914,12.8,8.590717749142186,8.590717749142186,4.2092822508578145,32.88501758482668
5397,10.9,8.147614596058009,8.147614596058009,2.7523854039419913,25.25124223799992
1078,8.2,5.221358748455749,5.221358748455749,2.97864125154425,36.32489331151525
5983,42.7,65.63928781836299,65.63928781836299,22.939287818362985,53.721985523098326
4990,10.5,8.408574602612092,8.408574602612092,2.0914253973879084,19.91833711798008
511,13.0,10.743314675310593,10.743314675310593,2.256685324689407,17.359117882226208
2375,4.4,3.805904456186761,3.805904456186761,0.5940955438132391,13.50217145030089
2877,15.6,18.568953661693584,18.568953661693584,2.9689536616935843,19.03175424162554
2069,1.5,4.527562293410716,4.527562293410716,3.027562293410716,201.83748622738108
4851,3.5,3.11147506669751,3.11147506669751,0.3885249333024898,11.100712380071139
3262,11.0,7.380720927548343,7.380720927548343,3.619279072451657,32.90253702228779
4934,10.89,23.027502452360913,23.027502452360913,12.137502452360913,111.45548624757495
1302,8.9,12.91371393223814,12.91371393223814,4.01371393223814,45.097909350990335
6045,47.89,44.95858275098141,44.95858275098141,2.931417249018594,6.121146897094579
4394,2.5,9.805787373942186,9.805787373942186,7.305787373942186,292.23149495768746
3689,16.3,14.975989408327182,14.975989408327182,1.3240105916728186,8.122764366090912
3159,8.5,7.387877610094631,7.387877610094631,1.1121223899053687,13.083792822416102
858,7.99,8.264164281096612,8.264164281096612,0.2741642810966116,3.4313426920727363
4678,19.9,17.436192842296503,17.436192842296503,2.4638071577034957,12.38094049097234
7140,24.85,30.92304675031022,30.92304675031022,6.073046750310219,24.438819920765468
7028,12.5,21.82499340085555,21.82499340085555,9.32499340085555,74.5999472068444
7112,25.99,35.586006863803675,35.586006863803675,9.596006863803677,36.92191944518537
4357,9.9,14.15024938109958,14.15024938109958,4.2502493810995805,42.93181193029879
2890,7.9,7.950612854141035,7.950612854141035,0.05061285414103445,0.6406690397599297
4794,8.8,12.975587260269538,12.975587260269538,4.175587260269538,47.44985523033565
2024,12.0,14.960753541146893,14.960753541146893,2.960753541146893,24.67294617622411
4194,16.5,14.942363541869467,14.942363541869467,1.557636458130533,9.440220958366867
4921,4.5,7.745396858020367,7.745396858020367,3.245396858020367,72.11993017823039
5356,9.5,6.624120763711204,6.624120763711204,2.875879236288796,30.272413013566275
743,5.3,5.566641025534821,5.566641025534821,0.2666410255348213,5.030962745940024
2499,1.15,1.6968106708759354,1.6968106708759354,0.5468106708759355,47.54875398921178
4241,9.3,11.868222588398144,11.868222588398144,2.568222588398143,27.615296649442396
179,25.99,17.728861401164252,17.728861401164252,8.261138598835746,31.785835316797794
3613,8.5,5.224923711234837,5.224923711234837,3.275076288765163,38.530309279590156
3693,20.0,13.744497914758776,13.744497914758776,6.255502085241224,31.277510426206117
3771,7.0,10.560797853239892,10.560797853239892,3.560797853239892,50.86854076056989
6566,35.55,35.987275383852946,35.987275383852946,0.43727538385294906,1.230029209150349
31,11.0,8.126822637314614,8.126822637314614,2.873177362685386,26.11979420623078
5151,6.8,5.975645773113083,5.975645773113083,0.8243542268869168,12.122856277748777
2484,3.2,3.6169730518530105,3.6169730518530105,0.41697305185301037,13.030407870406574
168,11.5,7.9851353170318715,7.9851353170318715,3.5148646829681285,30.56404072146199
3248,2.8,2.788689109836154,2.788689109836154,0.011310890163845677,0.40396036299448845
642,5.0,5.931347499395411,5.931347499395411,0.931347499395411,18.62694998790822
1483,14.9,13.624590582968734,13.624590582968734,1.2754094170312662,8.559794745176283
1790,6.0,5.566641025534821,5.566641025534821,0.4333589744651789,7.222649574419648
5035,8.0,6.419336825363727,6.419336825363727,1.580663174636273,19.75828968295341
3982,3.0,8.869786248250048,8.869786248250048,5.869786248250048,195.6595416083349
7092,62.49,61.711241783062526,61.711241783062526,0.7787582169374758,1.2462125411065383
6492,22.89,24.37099995425664,24.37099995425664,1.4809999542566388,6.47007406839947
6912,19.899,21.00008491183738,21.00008491183738,1.101084911837379,5.533368067929942
6178,24.5,25.0454886136522,25.0454886136522,0.5454886136521999,2.226484137355918
6644,18.15,12.810663777347743,12.810663777347743,5.339336222652255,29.417830427836115
2758,9.5,7.286616579842244,7.286616579842244,2.213383420157756,23.298772843765853
3412,12.6,9.962828982710537,9.962828982710537,2.6371710172894627,20.929928708646532
6122,20.7,19.74710061143382,19.74710061143382,0.9528993885661805,4.60337868872551
800,2.5,4.444680969496385,4.444680969496385,1.9446809694963854,77.78723877985541
1954,10.5,9.34640670828026,9.34640670828026,1.1535932917197407,10.986602778283244
7248,48.99,30.546480330236243,30.546480330236243,18.44351966976376,37.64751922793174
5306,4.0,4.270170976462632,4.270170976462632,0.2701709764626319,6.754274411565797
6637,15.69,14.673678770150355,14.673678770150355,1.0163212298496447,6.477509431801433
2119,20.5,24.642224997148443,24.642224997148443,4.142224997148443,20.205975595846063
5309,3.5,4.367624061376327,4.367624061376327,0.8676240613763273,24.789258896466496
5660,25.49,32.5950046164603,32.5950046164603,7.1050046164603025,27.873694062221666
5679,19.5,22.747918254328724,22.747918254328724,3.2479182543287237,16.655991047839606
1406,8.7,7.556133168993443,7.556133168993443,1.143866831006556,13.147894609270761
1501,9.8,7.407809260489363,7.407809260489363,2.392190739510638,24.41010958684324
1074,5.3,5.455500852923889,5.455500852923889,0.15550085292388882,2.933978357054506
500,13.6,12.660002911076878,12.660002911076878,0.9399970889231213,6.911743300905304
437,17.5,14.967333772874252,14.967333772874252,2.5326662271257483,14.472378440718561
5437,9.5,10.982440358155031,10.982440358155031,1.4824403581550314,15.604635349000331
4113,8.9,4.961387351490487,4.961387351490487,3.9386126485095136,44.25407470235408
3386,3.6,5.218357551818016,5.218357551818016,1.6183575518180162,44.954376439389335
6683,22.99,22.23149246108502,22.23149246108502,0.75850753891498,3.2992933402130498
80,16.9,10.040320516791901,10.040320516791901,6.859679483208097,40.58981942726685
1608,19.99,14.132381594121671,14.132381594121671,5.857618405878327,29.302743401092187
960,5.0,6.367238620045139,6.367238620045139,1.3672386200451392,27.344772400902784
3114,22.5,30.943071109699297,30.943071109699297,8.443071109699297,37.52476048755243
5198,3.8,5.52054965337663,5.52054965337663,1.7205496533766302,45.27762245727974
4628,13.0,16.676785687939148,16.676785687939148,3.676785687939148,28.282966830301138
1632,12.19,13.616538055364138,13.616538055364138,1.426538055364139,11.702527115374396
3305,4.8,6.210216827288043,6.210216827288043,1.4102168272880435,29.379517235167572
5935,21.3,22.41320456351511,22.41320456351511,1.113204563515108,5.226312504765765
5419,9.5,10.850099171425708,10.850099171425708,1.3500991714257076,14.211570225533766
2477,3.0,5.739552821719512,5.739552821719512,2.7395528217195118,91.31842739065038
5506,16.45,18.515832844243818,18.515832844243818,2.0658328442438183,12.558254372302846
6399,22.45,15.795179323106735,15.795179323106735,6.654820676893264,29.642853794624784
5517,51.999,43.08474645724145,43.08474645724145,8.914253542758551,17.143124950015483
534,6.9,7.96468102428429,7.96468102428429,1.0646810242842895,15.43015977223608
5701,26.69,23.822112375628528,23.822112375628528,2.8678876243714733,10.745176561901362
2794,20.3,13.053011084820243,13.053011084820243,7.246988915179758,35.69945278413674
585,4.5,4.002242923341802,4.002242923341802,0.497757076658198,11.061268370182178
6722,50.9,49.662642645583844,49.662642645583844,1.2373573544161545,2.430957474294999
4970,25.0,24.158741933576017,24.158741933576017,0.8412580664239826,3.3650322656959304
1451,2.75,4.489520168087779,4.489520168087779,1.739520168087779,63.255278839555594
6275,25.49,21.15960270013502,21.15960270013502,4.330397299864977,16.98861239648873
1410,30.5,16.584189408510202,16.584189408510202,13.915810591489798,45.62560849668786
5684,20.59,33.946291468154804,33.946291468154804,13.356291468154804,64.86785560055758
4536,10.0,10.144308323672078,10.144308323672078,0.14430832367207813,1.4430832367207813
866,15.0,9.948115793424709,9.948115793424709,5.051884206575291,33.67922804383527
4638,2.0,2.3736484427606666,2.3736484427606666,0.37364844276066655,18.682422138033328
6358,54.8,39.0070869467809,39.0070869467809,15.792913053219095,28.819184403684485
4679,3.95,7.9912900138858385,7.9912900138858385,4.041290013885838,102.31113959204654
742,7.1,5.356192698790796,5.356192698790796,1.7438073012092037,24.560666214214137
1544,6.9,5.226734171015599,5.226734171015599,1.6732658289844018,24.250229405571037
5509,53.29,44.23337503022452,44.23337503022452,9.056624969775477,16.994980239773835
2706,18.9,14.478860576037649,14.478860576037649,4.42113942396235,23.39227208445688
3734,7.89,5.637484550729848,5.637484550729848,2.2525154492701516,28.548991752473405
2589,8.2,11.49611603420163,11.49611603420163,3.2961160342016314,40.19653700245892
5283,2.5,4.786152254572228,4.786152254572228,2.2861522545722277,91.44609018288911
6816,50.709,32.51347999762187,32.51347999762187,18.19552000237813,35.88222998358897
5944,15.9,17.517546796204954,17.517546796204954,1.6175467962049535,10.173250290597192
4253,3.7,4.008048784366782,4.008048784366782,0.3080487843667816,8.325642820723827
748,16.5,10.080506798954932,10.080506798954932,6.419493201045068,38.90601940027314
4055,5.79,7.411410409488106,7.411410409488106,1.6214104094881057,28.003634015338612
401,5.3,4.935695028760058,4.935695028760058,0.36430497123994154,6.873678702640406
3749,20.8,21.438061927403623,21.438061927403623,0.6380619274036228,3.0676054202097247
157,7.5,6.564400065344762,6.564400065344762,0.9355999346552384,12.474665795403178
5434,98.19,105.23579793847877,105.23579793847877,7.045797938478771,7.175677704938151
6483,29.5,24.60290312162529,24.60290312162529,4.897096878374711,16.600328401270207
5749,14.3,16.18038220843808,16.18038220843808,1.8803822084380784,13.149525933133413
4528,12.0,13.465046849833437,13.465046849833437,1.4650468498334366,12.208723748611972
1820,8.9,4.779843573474633,4.779843573474633,4.120156426525368,46.2938924328693
2922,9.0,8.42224809064212,8.42224809064212,0.5777519093578807,6.419465659532007
2864,15.3,5.177852888943725,5.177852888943725,10.122147111056275,66.15782425526977
3362,3.3,2.4201091313067966,2.4201091313067966,0.8798908686932032,26.663359657369796
5281,1.6,2.8893212707506066,2.8893212707506066,1.2893212707506065,80.5825794219129
3803,1.4,2.8001129344291282,2.8001129344291282,1.4001129344291283,100.00806674493774
4237,5.4,12.12781314734957,12.12781314734957,6.72781314734957,124.58913235832536
7295,47.59,37.51046932120447,37.51046932120447,10.079530678795535,21.17993418532367
2666,4.8,4.8124338851204715,4.8124338851204715,0.012433885120471722,0.2590392733431609
1782,13.0,7.6530636132150835,7.6530636132150835,5.3469363867849165,41.13027989834551
5910,45.3565,43.433762666179035,43.433762666179035,1.9227373338209617,4.239166015501553
2415,8.0,11.496929267995164,11.496929267995164,3.4969292679951636,43.71161584993955
535,11.9,11.482843509275721,11.482843509275721,0.4171564907242793,3.505516728775456
5978,119.9,94.95572737913227,94.95572737913227,24.944272620867736,20.80423070964782
2406,1.5,2.0588601571668708,2.0588601571668708,0.5588601571668708,37.25734381112471
3098,5.8,5.168033053038297,5.168033053038297,0.6319669469617031,10.895981844167295
5359,8.0,11.499514946953216,11.499514946953216,3.499514946953216,43.743936836915196
5154,8.4,7.593397326192188,7.593397326192188,0.806602673807812,9.602412783426335
1966,8.9,4.559649342305475,4.559649342305475,4.340350657694525,48.76798491791601
5416,10.5,10.447622940955725,10.447622940955725,0.05237705904427514,0.4988291337550014
1176,7.86,10.78959550042239,10.78959550042239,2.9295955004223897,37.27220738450877
5902,21.5,26.72388487829027,26.72388487829027,5.223884878290271,24.297138968791955
1760,2.8,2.2269053112434207,2.2269053112434207,0.5730946887565791,20.46766745559211
997,5.2,7.337957631129469,7.337957631129469,2.137957631129469,41.11456982941286
473,6.2,5.27282554317379,5.27282554317379,0.9271744568262106,14.954426723003397
2266,2.1,1.5464997200146282,1.5464997200146282,0.5535002799853719,26.357156189779612
4205,15.7,13.753295535325279,13.753295535325279,1.9467044646747205,12.399391494743444
1882,5.2,7.215060703064855,7.215060703064855,2.0150607030648544,38.75116736663182
4222,18.9,16.56902774641511,16.56902774641511,2.330972253584889,12.333186526904177
2578,10.8,9.911560332429929,9.911560332429929,0.8884396675700721,8.226293218241407
3783,2.6,5.168480795372771,5.168480795372771,2.568480795372771,98.78772289895272
469,14.9,17.08665967143275,17.08665967143275,2.186659671432748,14.675568264649316
5097,14.9,14.798622653200262,14.798622653200262,0.10137734679973853,0.6803848778505941
7040,17.29,20.549546826097302,20.549546826097302,3.259546826097303,18.8522083637785
4712,10.0,13.63276245981282,13.63276245981282,3.6327624598128203,36.3276245981282
3997,7.0,7.5143083418162,7.5143083418162,0.5143083418162,7.347262025945714
247,6.5,3.7911218815206187,3.7911218815206187,2.7088781184793813,41.67504797660587
3780,17.9,11.457173314970323,11.457173314970323,6.442826685029676,35.993445167763554
2182,9.9,16.32182660615512,16.32182660615512,6.42182660615512,64.86693541570828
3395,6.5,11.712886360230819,11.712886360230819,5.212886360230819,80.19825169585874
7097,83.99,84.77847194675317,84.77847194675317,0.7884719467531767,0.9387688376630274
811,4.0,4.097974192303111,4.097974192303111,0.097974192303111,2.449354807577775
6502,26.8,20.238441833663718,20.238441833663718,6.561558166336283,24.483425993792103
1419,7.4,7.562341004417537,7.562341004417537,0.16234100441753707,2.193797356993744
6733,13.9,18.582136647785923,18.582136647785923,4.6821366477859225,33.684436315006636
3625,3.9,4.374996711706313,4.374996711706313,0.47499671170631297,12.179402864264436
228,9.0,5.727575250042683,5.727575250042683,3.2724247499573167,36.36027499952574
7107,45.5,37.99751703685378,37.99751703685378,7.502482963146221,16.48897354537631
17,18.0,25.37182554025792,25.37182554025792,7.37182554025792,40.95458633476622
1407,10.6,11.499514946953216,11.499514946953216,0.8995149469532162,8.48599006559638
7070,59.99,67.1869962434433,67.1869962434433,7.1969962434433015,11.99699323794516
2392,13.5,14.15682961282694,14.15682961282694,0.6568296128269395,4.865404539458811
6272,47.9,28.47632394809473,28.47632394809473,19.423676051905268,40.550471924645656
5439,109.0,90.07520772349976,90.07520772349976,18.92479227650024,17.36219474908279
6745,45.49,37.75267534196904,37.75267534196904,7.737324658030964,17.008847346737667
5879,10.99,15.7361572777564,15.7361572777564,4.746157277756399,43.18614447458052
2440,3.9,6.892826022196162,6.892826022196162,2.992826022196162,76.73912877426055
5831,17.9,20.717123658549223,20.717123658549223,2.8171236585492245,15.738120997481703
5853,13.5,14.453983302515367,14.453983302515367,0.9539833025153666,7.066542981595308
4844,9.0,7.41838017781253,7.41838017781253,1.58161982218747,17.57355357986078
6915,25.49,44.21144997030099,44.21144997030099,18.72144997030099,73.44625331620632
6092,21.69,24.294771677042103,24.294771677042103,2.604771677042102,12.0090902583776
5461,23.2,18.413008449216026,18.413008449216026,4.7869915507839735,20.633584270620574
2585,5.7,4.488173651690161,4.488173651690161,1.211826348309839,21.260111373856823
543,9.9,5.226734171015599,5.226734171015599,4.673265828984402,47.20470534327678
6112,17.0,23.770054174910342,23.770054174910342,6.770054174910342,39.823848087707894
3794,16.5,13.9443219987571,13.9443219987571,2.5556780012428995,15.4889575832903
4119,7.799999,4.576911233997405,4.576911233997405,3.2230877660025943,41.32164332332087
3153,12.0,5.217568595832294,5.217568595832294,6.782431404167706,56.52026170139756
1535,10.499,11.95403698587679,11.95403698587679,1.4550369858767898,13.858814990730448
1832,14.5,24.5228698497614,24.5228698497614,10.022869849761399,69.12324034318206
6746,33.79,39.94377014969433,39.94377014969433,6.153770149694331,18.211808670299888
3590,8.99,6.810040862838941,6.810040862838941,2.1799591371610596,24.24871120312636
3289,2.0,4.193768724091873,4.193768724091873,2.193768724091873,109.68843620459366
96,3.8,3.5597668066961905,3.5597668066961905,0.24023319330380932,6.321926139573931
6679,62.99,52.203996435446214,52.203996435446214,10.786003564553788,17.123358572080946
2094,5.7,5.226734171015599,5.226734171015599,0.4732658289844016,8.302909280428098
4773,8.0,11.09008464986527,11.09008464986527,3.09008464986527,38.62605812331588
2927,9.5,8.225299073005308,8.225299073005308,1.2747009269946918,13.417904494680965
7038,44.5,31.25860682690464,31.25860682690464,13.24139317309536,29.755939714821032
156,12.99,9.870782095407662,9.870782095407662,3.119217904592338,24.012455000710837
1022,6.4,5.671665450832679,5.671665450832679,0.7283345491673217,11.380227330739402
5447,24.49,31.303466651434675,31.303466651434675,6.813466651434677,27.821423648161197
4966,5.8,4.770305557561528,4.770305557561528,1.0296944424384717,17.75335245583572
6458,49.5,44.12892267544026,44.12892267544026,5.371077324559742,10.850661261736853
2716,12.5,17.074727539344526,17.074727539344526,4.574727539344526,36.597820314756206
1287,15.0,18.03523651293935,18.03523651293935,3.035236512939349,20.234910086262328
696,18.0,18.562373429966225,18.562373429966225,0.5623734299662253,3.124296833145696
425,25.0,26.372855046947024,26.372855046947024,1.3728550469470235,5.491420187788094
6872,47.39,38.087174293167834,38.087174293167834,9.302825706832166,19.630355996691637
712,10.9,13.47294339774465,13.47294339774465,2.57294339774465,23.604985300409634
4173,2.45,2.708945760713581,2.708945760713581,0.2589457607135808,10.569214723003297
1811,16.0,17.074066068406864,17.074066068406864,1.0740660684068644,6.712912927542902
5096,18.7,25.597866766553686,25.597866766553686,6.897866766553687,36.886988056436834
6480,17.9,22.1646115396037,22.1646115396037,4.2646115396037025,23.824645472646385
447,31.49,27.908648621381044,27.908648621381044,3.5813513786189546,11.372979925750888
6748,15.899,12.413573130056806,12.413573130056806,3.4854268699431934,21.92230247149628
4080,5.99,5.741513276765568,5.741513276765568,0.2484867232344321,4.148359319439601
1009,5.3,2.9464256998201517,2.9464256998201517,2.353574300179848,44.407062267544305
592,1.5,2.3911651550630495,2.3911651550630495,0.8911651550630495,59.41101033753663
6096,29.85,33.418684392263245,33.418684392263245,3.5686843922632434,11.955391598871836
1242,8.5,5.736702627002849,5.736702627002849,2.763297372997151,32.50938085879001
3058,8.4,7.950612854141035,7.950612854141035,0.44938714585896555,5.349846974511494
131,15.8,16.676785687939148,16.676785687939148,0.8767856879391474,5.54927650594397
2404,4.5,5.85297952128183,5.85297952128183,1.3529795212818296,30.06621158404066
2306,8.95,8.720187292960592,8.720187292960592,0.22981270703940737,2.5677397434570657
6277,62.5,71.08901793333985,71.08901793333985,8.589017933339846,13.742428693343756
7103,20.89,21.898335580940177,21.898335580940177,1.0083355809401766,4.826881670369443
624,8.5,4.746222150901101,4.746222150901101,3.753777849098899,44.16209234233999
2986,6.0,4.174804815453259,4.174804815453259,1.8251951845467413,30.41991974244569
2127,8.3,8.03212929639609,8.03212929639609,0.2678707036039114,3.22735787474592
6539,43.9,34.944002579399324,34.944002579399324,8.955997420600674,20.40090528610632
4739,3.9,4.578863253499202,4.578863253499202,0.6788632534992023,17.406750089723136
3686,17.9,21.61563786563424,21.61563786563424,3.7156378656342426,20.757753439297446
3844,6.0,5.684209519369174,5.684209519369174,0.3157904806308256,5.263174677180427
2815,9.9,8.096833877701247,8.096833877701247,1.8031661222987534,18.213799215138923
2579,3.999999,6.815993972506416,6.815993972506416,2.8159949725064157,70.39989191263338
1945,5.6,9.225347687871576,9.225347687871576,3.6253476878715762,64.7383515691353
2436,6.99,4.578863253499202,4.578863253499202,2.411136746500798,34.4940879327725
93,6.5,5.262824141922389,5.262824141922389,1.2371758580776113,19.03347473965556
6701,35.19,20.580304079519998,20.580304079519998,14.60969592048,41.516612448081844
1375,4.868,5.566641025534821,5.566641025534821,0.6986410255348208,14.351705536869778
3903,5.6,9.74262980890924,9.74262980890924,4.1426298089092395,73.97553230195071
3477,13.5,11.078877943022404,11.078877943022404,2.4211220569775964,17.934237459093307
6022,42.99,43.33955983747155,43.33955983747155,0.3495598374715456,0.8131189520156911
2223,8.8,4.935695028760058,4.935695028760058,3.8643049712399424,43.91255649136298
1087,13.9,15.361618487190023,15.361618487190023,1.461618487190023,10.515240915036136
2531,2.5,3.8764534136945965,3.8764534136945965,1.3764534136945965,55.05813654778387
6729,78.99,56.24050199702936,56.24050199702936,22.749498002970633,28.800478545348312
6880,17.375,18.161299958039535,18.161299958039535,0.7862999580395353,4.525467384400204
764,1.8,8.727957003318064,8.727957003318064,6.927957003318064,384.8865001843369
4669,6.5,7.792638733811159,7.792638733811159,1.2926387338111587,19.8867497509409
476,12.99,13.616538055364138,13.616538055364138,0.6265380553641382,4.823233682556876
5594,56.5,50.42903671263127,50.42903671263127,6.070963287368727,10.745067765254383
2622,1.5,2.661659386984578,2.661659386984578,1.161659386984578,77.4439591323052
5111,5.7,5.856948385595274,5.856948385595274,0.1569483855952738,2.753480449039891
6466,21.6,20.97905572118396,20.97905572118396,0.6209442788160402,2.8747420315557415
4461,10.0,8.500816909798715,8.500816909798715,1.499183090201285,14.99183090201285
6338,13.5,13.868393389537468,13.868393389537468,0.36839338953746825,2.728839922499765
7034,23.29,20.48392134192927,20.48392134192927,2.806078658070728,12.04842704195246
2181,20.0,18.073536063301198,18.073536063301198,1.9264639366988021,9.63231968349401
6334,34.0,34.10134282235735,34.10134282235735,0.1013428223573527,0.2980671245804491
2620,10.0,6.288154128719325,6.288154128719325,3.7118458712806746,37.11845871280674
5170,8.9,14.15024938109958,14.15024938109958,5.2502493810995805,58.991566079770564
752,6.8,6.225817287746279,6.225817287746279,0.5741827122537204,8.443863415495889
2283,11.5,11.370049668205045,11.370049668205045,0.12995033179495508,1.1300028851735224
2799,8.0,5.765920834209858,5.765920834209858,2.234079165790142,27.925989572376775
3049,14.9,16.415752834685062,16.415752834685062,1.5157528346850615,10.172837816678266
351,3.5,6.8197081318925346,6.8197081318925346,3.3197081318925346,94.84880376835812
487,1.8,3.1459097637141546,3.1459097637141546,1.3459097637141546,74.77276465078636
927,5.0,4.935695028760058,4.935695028760058,0.06430497123994172,1.2860994247988344
3318,6.5,7.547598155774096,7.547598155774096,1.0475981557740957,16.116894704216854
1061,18.0,12.638699005385805,12.638699005385805,5.361300994614195,29.785005525634418
6018,39.39,37.123511355099126,37.123511355099126,2.2664886449008748,5.753969649405623
2191,3.5,5.040689242479045,5.040689242479045,1.5406892424790453,44.019692642258434
4608,2.1,4.951154372956706,4.951154372956706,2.851154372956706,135.76925585508124
6128,27.9,18.103021737704946,18.103021737704946,9.796978262295053,35.11461742758083
561,12.99,13.129965586817299,13.129965586817299,0.13996558681729887,1.0774871964380206
3535,9.9,9.090266269532151,9.090266269532151,0.8097337304678494,8.179128590584336
5501,21.99,18.864825519773895,18.864825519773895,3.1251744802261037,14.21179845487087
2966,9.5,9.742053358090313,9.742053358090313,0.24205335809031325,2.547930085161192
6026,37.49,39.66088979583964,39.66088979583964,2.170889795839635,5.790583611202013
334,13.5,15.695558115921274,15.695558115921274,2.1955581159212745,16.2633934512687
2225,6.8,5.358637599940902,5.358637599940902,1.4413624000590977,21.196505883222024
4847,13.0,8.299610245634948,8.299610245634948,4.700389754365052,36.156844264346546
5507,25.5,15.993762182044069,15.993762182044069,9.506237817955931,37.27936399198404
3213,12.5,5.792325614475237,5.792325614475237,6.707674385524763,53.661395084198105
1103,7.9,7.479559811204375,7.479559811204375,0.4204401887956255,5.32202770627374
2110,26.99,16.584189408510202,16.584189408510202,10.405810591489796,38.5543186050011
23,12.99,13.512348604793395,13.512348604793395,0.522348604793395,4.021159390249384
4151,21.99,21.023681149028356,21.023681149028356,0.9663188509716427,4.394355847983824
1005,3.2,3.1611884274046957,3.1611884274046957,0.03881157259530443,1.2128616436032635
1643,9.7,14.799359422041405,14.799359422041405,5.099359422041406,52.570715691148514
2550,59.7,47.58180863043608,47.58180863043608,12.118191369563924,20.29847800596972
3038,8.69,6.060812778143582,6.060812778143582,2.6291872218564176,30.25531900870446
4030,1.7,4.471153480433182,4.471153480433182,2.771153480433182,163.0090282607754
3817,7.999,7.759342746334512,7.759342746334512,0.23965725366548796,2.996090182091361
1671,14.9,15.55704385343795,15.55704385343795,0.6570438534379495,4.409690291529862
1372,14.3,13.47294339774465,13.47294339774465,0.8270566022553503,5.783612603184268
3203,30.99,23.437040274682328,23.437040274682328,7.55295972531767,24.37224822625902
445,6.9,7.253928984375499,7.253928984375499,0.35392898437549825,5.129405570659395
5433,62.99,39.73173753052802,39.73173753052802,23.25826246947198,36.92373784643909
7125,59.999,53.573232277171115,53.573232277171115,6.425767722828887,10.709791367904277
3399,22.5,20.922914912040607,20.922914912040607,1.577085087959393,7.0092670575973015
3939,2.0,2.7389749494611486,2.7389749494611486,0.7389749494611486,36.94874747305743
5206,20.49,20.112726374376656,20.112726374376656,0.3772736256233422,1.8412573236863947
6378,83.79,75.34335254326734,75.34335254326734,8.446647456732663,10.080734522893737
2592,16.99,13.616538055364138,13.616538055364138,3.37346194463586,19.855573541117483
3887,11.0,13.372513797325794,13.372513797325794,2.3725137973257944,21.568307248416314
3518,1.2,3.6387466961620447,3.6387466961620447,2.4387466961620445,203.22889134683706
4295,10.9,11.851628525949495,11.851628525949495,0.951628525949495,8.730536935316467
1128,10.8,10.714021839942394,10.714021839942394,0.08597816005760706,0.7960940746074727
2570,7.5,5.226734171015599,5.226734171015599,2.2732658289844014,30.310211053125354
5277,9.6,8.583276296165277,8.583276296165277,1.0167237038347228,10.59087191494503
1783,10.6,7.782844154325382,7.782844154325382,2.817155845674618,26.576941940326588
2523,18.0,16.153230245742865,16.153230245742865,1.846769754257135,10.259831968095195
4248,5.15,3.1340219918956347,3.1340219918956347,2.0159780081043657,39.145204040861465
1844,6.49,5.200571422014287,5.200571422014287,1.2894285779857135,19.86792878252255
5291,7.9,5.368513787798918,5.368513787798918,2.5314862122010826,32.04412926836813
6129,24.49,22.01964188309772,22.01964188309772,2.470358116902279,10.087211583921107
6060,5.69,12.189193843065077,12.189193843065077,6.499193843065076,114.22133291854264
2515,6.699,7.387877610094631,7.387877610094631,0.6888776100946314,10.283290193978676
5040,17.5,14.15024938109958,14.15024938109958,3.349750618900419,19.141432108002395
6799,56.99,30.77973573911723,30.77973573911723,26.210264260882774,45.990988350382125
3554,3.5,5.12770204334897,5.12770204334897,1.62770204334897,46.505772667113426
3878,4.2,8.706951734338556,8.706951734338556,4.506951734338556,107.30837462710848
5945,29.7,31.404346175973515,31.404346175973515,1.704346175973516,5.738539313042141
2264,14.5,9.949769033224669,9.949769033224669,4.550230966775331,31.38090321914021
2462,4.9,6.645448579573353,6.645448579573353,1.7454485795733525,35.621399583129644
1775,6.6,9.34640670828026,9.34640670828026,2.7464067082802597,41.612222852731215
6861,28.05,21.719489861937774,21.719489861937774,6.330510138062227,22.56866359380473
378,7.8,7.562341004417537,7.562341004417537,0.2376589955824624,3.046910199775159
6853,9.999,12.555461672596175,12.555461672596175,2.556461672596175,25.56717344330608
4913,1.6,1.3115509660545417,1.3115509660545417,0.2884490339454584,18.02806462159115
5246,8.2,13.9443219987571,13.9443219987571,5.744321998757101,70.05270730191587
199,1.5,2.8794219667653955,2.8794219667653955,1.3794219667653955,91.96146445102636
2446,11.0,13.825273956350717,13.825273956350717,2.825273956350717,25.684308694097428
2957,3.8,6.2508331759897295,6.2508331759897295,2.4508331759897297,64.49560989446658
1328,11.49,10.610977736615373,10.610977736615373,0.879022263384627,7.650324311441488
1193,10.5,7.950612854141035,7.950612854141035,2.549387145858965,24.279877579609195
5686,12.75,11.500498363454643,11.500498363454643,1.2495016365453573,9.800012835649861
1075,9.3,13.129965586817299,13.129965586817299,3.8299655868172984,41.18242566470213
5427,3.4,4.214454705803558,4.214454705803558,0.8144547058035578,23.95455017069288
6969,24.5,23.564499087048922,23.564499087048922,0.9355009129510776,3.8183710732697045
2063,10.5,15.19992613094397,15.19992613094397,4.69992613094397,44.76120124708543
965,14.5,15.361618487190023,15.361618487190023,0.8616184871900234,5.942196463379472
5060,9.49,7.950612854141035,7.950612854141035,1.5393871458589654,16.221150114425345
1467,9.4,8.747420595129368,8.747420595129368,0.6525794048706324,6.94233409436843
5975,18.46,19.2261212393196,19.2261212393196,0.7661212393195989,4.150169227083418
3296,51.0,24.936974625089615,24.936974625089615,26.063025374910385,51.10397132335369
5414,7.5,7.759663584398979,7.759663584398979,0.25966358439897874,3.4621811253197166
7126,29.95,25.79958920652303,25.79958920652303,4.1504107934769685,13.857798976550814
5724,62.05,49.92753229915609,49.92753229915609,12.122467700843906,19.53661192722628
2755,6.0,5.975645773113083,5.975645773113083,0.02435422688691702,0.405903781448617
4022,6.5,8.186744015357991,8.186744015357991,1.6867440153579913,25.94990792858448
3091,6.5,7.363649953859895,7.363649953859895,0.8636499538598947,13.286922367075304
2022,5.89,5.52054965337663,5.52054965337663,0.3694503466233696,6.27250164046468
5090,8.6,13.836339981250761,13.836339981250761,5.236339981250762,60.88767420059026
2907,7.0,6.228196516363402,6.228196516363402,0.7718034836365977,11.025764051951395
5744,42.345,30.608229649925747,30.608229649925747,11.736770350074252,27.7170158225865
5769,15.1,14.764003395582902,14.764003395582902,0.33599660441709744,2.2251430756099166
6155,18.49,19.616423961911437,19.616423961911437,1.1264239619114385,6.092071183945044
6547,13.79,11.789553651480812,11.789553651480812,2.000446348519187,14.50649998926169
2850,6.699999,6.225817287746279,6.225817287746279,0.47418171225372063,7.077340045180912
2132,16.5,11.383575804177996,11.383575804177996,5.116424195822004,31.00863148983033
6114,86.19,88.01365467429355,88.01365467429355,1.8236546742935502,2.115854129589918
6570,20.79,20.61299268261893,20.61299268261893,0.17700731738106867,0.8514060480089883
6434,31.0,30.774439922671313,30.774439922671313,0.22556007732868721,0.7276131526731846
4246,7.5,5.057155011419184,5.057155011419184,2.4428449885808163,32.57126651441089
1701,4.5,7.97245706886748,7.97245706886748,3.47245706886748,77.16571264149957
6332,39.999,28.760059077584025,28.760059077584025,11.238940922415978,28.09805475740888
3927,19.5,19.926020440454067,19.926020440454067,0.4260204404540673,2.1847202074567553
5780,66.99,62.91220496919699,62.91220496919699,4.077795030803003,6.087169772806393
547,12.4,11.858204601108529,11.858204601108529,0.5417953988914714,4.369317732995738
6811,37.99,36.5495779465535,36.5495779465535,1.440422053446504,3.791582135947628
6203,33.3,38.4982300470827,38.4982300470827,5.198230047082703,15.6103004416898
1263,19.9,15.662546274849797,15.662546274849797,4.237453725150202,21.293737312312572
5231,2.299,4.938619095936177,4.938619095936177,2.6396190959361774,114.81596763532743
3011,13.29,13.856739892934115,13.856739892934115,0.5667398929341161,4.2644085247111825
5865,13.69,14.734818953978543,14.734818953978543,1.0448189539785435,7.631986515548163
1789,11.9,8.457393750386741,8.457393750386741,3.4426062496132595,28.929464282464362
6610,21.49,25.825186947123093,25.825186947123093,4.335186947123095,20.173043029888763
3018,6.4,4.937924079299059,4.937924079299059,1.4620759207009417,22.844936260952213
5494,26.59,25.194799262667722,25.194799262667722,1.395200737332278,5.247088143408341
4715,13.8,15.79342810047821,15.79342810047821,1.9934281004782086,14.445131162885568
2199,5.9,7.556133168993443,7.556133168993443,1.6561331689934429,28.070053711753268
1244,2.5,2.2073070735983364,2.2073070735983364,0.29269292640166356,11.707717056066542
7130,10.89,25.58453690083141,25.58453690083141,14.694536900831409,134.93605969542156
5008,38.0,4.597816380468037,4.597816380468037,33.40218361953196,87.90048320929463
5482,12.726,12.343918115995328,12.343918115995328,0.38208188400467336,3.0023721829693018
4837,8.5,9.948115793424709,9.948115793424709,1.4481157934247086,17.036656393231866
7202,35.29,36.47106897950211,36.47106897950211,1.1810689795021077,3.346752563054995
6764,20.99,21.505707599445266,21.505707599445266,0.5157075994452676,2.456920435661113
3915,5.2,6.007060838545989,6.007060838545989,0.807060838545989,15.52040074126902
6083,32.299,32.34296339749052,32.34296339749052,0.04396339749052203,0.13611380380359153
518,13.29,14.3764804970406,14.3764804970406,1.0864804970406006,8.175173040185106
611,12.5,12.72889520085423,12.72889520085423,0.22889520085423065,1.8311616068338452
5806,11.22,10.684689888468611,10.684689888468611,0.5353101115313894,4.771034862133596
5672,16.5,22.314502578271924,22.314502578271924,5.814502578271924,35.23940956528438
2288,7.5,5.2291133996327215,5.2291133996327215,2.2708866003672785,30.278488004897046
957,10.99,8.384466014806822,8.384466014806822,2.605533985193178,23.708225524960675
4401,6.15,7.81533685277676,7.81533685277676,1.6653368527767594,27.07864801263023
491,25.8,13.744497914758776,13.744497914758776,12.055502085241224,46.726752268376835
1330,4.9,5.684209519369174,5.684209519369174,0.784209519369174,16.004275905493348
3458,21.5,15.100279517767982,15.100279517767982,6.399720482232018,29.76614177782334
323,5.89,2.644793124612981,2.644793124612981,3.2452068753870185,55.09689092337893
5362,7.2,10.50125028821433,10.50125028821433,3.3012502882143293,45.85069844742124
7010,22.79,23.892544657269607,23.892544657269607,1.1025446572696076,4.837844042429169
4247,10.5,14.206578267319495,14.206578267319495,3.706578267319495,35.30074540304281
2031,4.75,3.2904340983469265,3.2904340983469265,1.4595659016530735,30.72770319269629
5516,32.0,46.200073870029684,46.200073870029684,14.200073870029684,44.37523084384276
1153,6.3,4.862212578017305,4.862212578017305,1.4377874219826952,22.82202257115389
6685,15.7,15.445239860694553,15.445239860694553,0.2547601393054464,1.6226760465315058
7286,6.6,10.628592304577516,10.628592304577516,4.028592304577517,61.03927734208359
6854,21.69,23.404470292927883,23.404470292927883,1.7144702929278814,7.904427353286682
1606,6.4,6.67568097011476,6.67568097011476,0.27568097011475956,4.307515158043119
324,23.9,30.118468907696965,30.118468907696965,6.218468907696966,26.018698358564713
2083,7.99,5.6818302907520515,5.6818302907520515,2.3081697092479487,28.88823165516832
2687,10.8,13.576982053101556,13.576982053101556,2.7769820531015554,25.712796787977364
6858,35.35,31.40608624504104,31.40608624504104,3.943913754958963,11.156757439770757
586,7.89,5.238698789435038,5.238698789435038,2.651301210564962,33.60331065354832
4125,9.8,14.798333722274053,14.798333722274053,4.998333722274053,51.003405329327066
3245,8.99,11.868222588398144,11.868222588398144,2.8782225883981436,32.01582412011283
4556,4.4,9.534325465512062,9.534325465512062,5.134325465512061,116.6892151252741
706,24.9,18.859710658858116,18.859710658858116,6.040289341141882,24.258190125067802
1978,6.4,5.834096617011772,5.834096617011772,0.5659033829882283,8.842240359191067
4160,7.4,3.406720059357271,3.406720059357271,3.9932799406427293,53.96324244111796
4995,4.39,3.883823882390679,3.883823882390679,0.5061761176093205,11.530207690417324
6812,9.8,13.474507772176407,13.474507772176407,3.6745077721764066,37.49497726710619
6202,17.34,14.147742567591413,14.147742567591413,3.192257432408587,18.40978911423637
5939,27.79,27.173228100348286,27.173228100348286,0.6167718996517131,2.2194023017334046
6218,29.3,25.05988345701048,25.05988345701048,4.240116542989522,14.47138751873557
4453,9.5,10.952783554496335,10.952783554496335,1.4527835544963352,15.292458468382474
3801,8.9,9.948115793424709,9.948115793424709,1.0481157934247083,11.776581948592227
2572,56.99,33.4259893119724,33.4259893119724,23.5640106880276,41.34762359717073
208,2.25,6.43488481676453,6.43488481676453,4.18488481676453,185.99488074509023
3682,29.8,21.648734230406838,21.648734230406838,8.151265769593163,27.35324083756095
747,2.5,3.565234892813262,3.565234892813262,1.0652348928132618,42.60939571253047
5101,9.9,7.286616579842244,7.286616579842244,2.6133834201577564,26.39781232482582
6260,40.99,43.05359455442331,43.05359455442331,2.063594554423311,5.034385348678485
798,5.0,4.734137539215309,4.734137539215309,0.26586246078469067,5.317249215693813
88,6.99,13.014155844050363,13.014155844050363,6.024155844050362,86.1824870393471
734,1.7,8.856477443807663,8.856477443807663,7.156477443807662,420.9692614004507
1221,4.8,6.019625988277834,6.019625988277834,1.2196259882778344,25.40887475578822
3574,14.5,9.34640670828026,9.34640670828026,5.153593291719741,35.54202270151545
1480,6.9,5.325223889177167,5.325223889177167,1.5747761108228335,22.822842185838166
3936,10.49,23.229988985187948,23.229988985187948,12.739988985187948,121.4488940437364
6199,28.99,28.547253885726867,28.547253885726867,0.44274611427313104,1.5272373724495725
852,13.5,13.021552518122409,13.021552518122409,0.47844748187759123,3.5440554213154902
486,7.89,5.854265683967544,5.854265683967544,2.035734316032456,25.801448872401217
2678,3.6,4.210817593540641,4.210817593540641,0.610817593540641,16.967155376128918
3195,4.0,7.08557076618987,7.08557076618987,3.0855707661898704,77.13926915474676
1430,8.4,7.944405018716941,7.944405018716941,0.45559498128305975,5.423749777179283
1536,14.9,17.63951761966971,17.63951761966971,2.7395176196697104,18.386024293085303
1891,6.0,8.334252472414953,8.334252472414953,2.3342524724149527,38.90420787358255
6513,39.99,18.531262670797023,18.531262670797023,21.45873732920298,53.660258387604344
1919,5.6,7.344165466553563,7.344165466553563,1.7441654665535635,31.14581190274221
4302,14.8,15.555581326818508,15.555581326818508,0.7555813268185076,5.105279235260187
198,5.0,5.211030962665875,5.211030962665875,0.21103096266587507,4.220619253317501
4629,6.6,5.268635854775905,5.268635854775905,1.3313641452240947,20.17218401854689
2882,3.85,8.958915865515419,8.958915865515419,5.108915865515419,132.6991133900109
1057,8.9,9.34640670828026,9.34640670828026,0.44640670828025897,5.015805711014146
73,7.0,8.019232671756434,8.019232671756434,1.0192326717564342,14.560466739377631
548,27.8,22.54807691505293,22.54807691505293,5.2519230849470695,18.891809658082984
6352,13.69,15.494628215638757,15.494628215638757,1.8046282156387576,13.182090691298448
2963,4.0,4.040787761549685,4.040787761549685,0.04078776154968544,1.019694038742136
6569,27.3,36.286498569030684,36.286498569030684,8.986498569030683,32.91757717593657
1512,34.99,20.105922428025934,20.105922428025934,14.884077571974068,42.538089659828714
3912,10.9,8.1728370355254,8.1728370355254,2.7271629644745996,25.01984371077614
1582,1.9,2.936063108078887,2.936063108078887,1.0360631080788871,54.52963726730985
6697,15.44,20.48392134192927,20.48392134192927,5.043921341929272,32.66788433892015
5822,10.08,10.114162275502519,10.114162275502519,0.034162275502518824,0.33891146331863914
2865,6.9,5.684209519369174,5.684209519369174,1.215790480630826,17.620151893200376
3647,10.8,11.499514946953216,11.499514946953216,0.6995149469532151,6.476990249566807
5349,20.499,12.214048739215816,12.214048739215816,8.284951260784183,40.41636792421183
4428,3.0,5.799388999780334,5.799388999780334,2.7993889997803336,93.31296665934445
6213,25.55,24.17970327009062,24.17970327009062,1.3702967299093807,5.363196594557263
4359,28.8,24.84683764140197,24.84683764140197,3.953162358598032,13.726258189576498
1452,3.6,7.760637840034232,7.760637840034232,4.160637840034232,115.57327333428422
7037,24.89,26.718285500194916,26.718285500194916,1.8282855001949159,7.345462033728067
2020,1.9,2.7945465220156738,2.7945465220156738,0.8945465220156739,47.08139589556178
4903,29.49,31.597141201577596,31.597141201577596,2.1071412015775977,7.145273657435055
5220,6.9,5.268635854775905,5.268635854775905,1.6313641452240955,23.642958626436165
6818,12.35,13.941926449677293,13.941926449677293,1.5919264496772936,12.890092709937601
4814,10.0,13.685959107374657,13.685959107374657,3.685959107374657,36.85959107374657
5267,8.8,8.472570976854087,8.472570976854087,0.32742902314591404,3.7207843539308407
2098,9.2,13.078198282283344,13.078198282283344,3.8781982822833445,42.15432915525375
1880,13.5,11.885327513641393,11.885327513641393,1.6146724863586073,11.960536935989683
937,9.5,7.950612854141035,7.950612854141035,1.5493871458589652,16.309338377462794
7120,29.999,23.802499604802225,23.802499604802225,6.1965003951977735,20.65568984032059
2855,13.5,12.987399651435645,12.987399651435645,0.5126003485643551,3.797039618995223
6139,14.99,24.969943062069348,24.969943062069348,9.979943062069347,66.57733863955535
5985,12.49,12.585710574169713,12.585710574169713,0.09571057416971307,0.7662976314628749
1295,7.0,15.349422765486517,15.349422765486517,8.349422765486517,119.27746807837882
1175,45.9,34.91197182502019,34.91197182502019,10.98802817497981,23.939059204749043
2197,5.5,4.721797259413393,4.721797259413393,0.7782027405866074,14.149140737938318
2614,41.9,30.844628262011554,30.844628262011554,11.055371737988445,26.38513541286025
6148,27.36,16.632791907521234,16.632791907521234,10.727208092478765,39.20763191695455
4335,4.0,6.077986080797796,6.077986080797796,2.077986080797796,51.94965201994491
4914,11.5,10.447622940955725,10.447622940955725,1.0523770590442751,9.151104861254566
1321,7.2,4.938074257377181,4.938074257377181,2.261925742622819,31.41563531420582
1181,12.79,13.512348604793395,13.512348604793395,0.722348604793396,5.647760788064081
6150,22.799,25.1499824078423,25.1499824078423,2.3509824078423023,10.311778621177693
3438,12.6,7.79737598004529,7.79737598004529,4.80262401995471,38.11606365043421
6343,34.99,26.12985981885766,26.12985981885766,8.860140181142341,25.321921066425666
4301,12.6,10.447622940955725,10.447622940955725,2.152377059044275,17.0823576114625
620,7.9,6.240788583462923,6.240788583462923,1.6592114165370777,21.002676158697188
6864,24.89,18.832855374988174,18.832855374988174,6.057144625011826,24.33565538373574
5159,16.0,11.86164651323911,11.86164651323911,4.13835348676089,25.86470929225556
2492,15.5,11.834949218307251,11.834949218307251,3.6650507816927487,23.645488914146764
478,14.0,16.166441586929743,16.166441586929743,2.166441586929743,15.474582763783879
3968,5.3,7.276351184023943,7.276351184023943,1.976351184023943,37.289644981583834
2276,3.7,6.305439140036395,6.305439140036395,2.6054391400363945,70.41727405503768
5227,6.9,6.3106651305333745,6.3106651305333745,0.5893348694666258,8.541085064733707
1897,12.5,7.605371347625459,7.605371347625459,4.894628652374541,39.15702921899633
7044,14.766,14.08524290797006,14.08524290797006,0.6807570920299408,4.610301314031835
2206,1.4,2.419581009045066,2.419581009045066,1.019581009045066,72.82721493179044
1033,4.5,5.015440441876301,5.015440441876301,0.5154404418763008,11.454232041695573
5948,10.59,9.869319765042626,9.869319765042626,0.7206802349573742,6.805290226226385
286,12.3,16.676785687939148,16.676785687939148,4.376785687939147,35.58362347918006
550,3.2,2.5124330138068345,2.5124330138068345,0.6875669861931657,21.486468318536428
7008,10.099,11.296126558536804,11.296126558536804,1.1971265585368034,11.85391185797409
5668,25.79,27.44268762517847,27.44268762517847,1.6526876251784692,6.408249806818415
5015,2.5,3.571441084564581,3.571441084564581,1.0714410845645812,42.85764338258325
2825,12.5,12.154547460683052,12.154547460683052,0.3454525393169483,2.7636203145355864
1055,10.799,16.437804373648024,16.437804373648024,5.638804373648025,52.215986421409625
2091,6.5,4.981563729603954,4.981563729603954,1.5184362703960463,23.360558006093022
6540,25.79,23.404470292927883,23.404470292927883,2.3855297070721164,9.24982437794539
2571,3.5,5.143131321415046,5.143131321415046,1.643131321415046,46.94660918328703
1677,10.3,7.261792147014054,7.261792147014054,3.0382078529859466,29.497163621222782
1174,1.8,2.2073070735983364,2.2073070735983364,0.4073070735983364,22.628170755463135
6021,78.2,64.31621045593388,64.31621045593388,13.883789544066119,17.754206578089665
5916,12.54,24.946192238704967,24.946192238704967,12.406192238704968,98.93295246176211
5389,3.9,8.072374397037144,8.072374397037144,4.172374397037144,106.98395889838832
2087,14.0,12.661062207381983,12.661062207381983,1.338937792618017,9.563841375842978
1370,46.5,33.4259893119724,33.4259893119724,13.074010688027599,28.11615201726365
6314,16.899,21.3544163553786,21.3544163553786,4.455416355378599,26.364970444278352
2934,5.0,5.648699253411346,5.648699253411346,0.6486992534113458,12.973985068226918
3107,16.99,16.30142669447177,16.30142669447177,0.6885733055282302,4.05281521794132
1188,7.8,5.191026431641111,5.191026431641111,2.6089735683588886,33.448379081524216
2029,6.699999,7.337957631129469,7.337957631129469,0.6379586311294689,9.521772035032676
4209,4.888888,7.792638733811159,7.792638733811159,2.903750733811159,59.394912172485014
5027,4.5,4.966012668678575,4.966012668678575,0.4660126686785748,10.355837081746106
7009,23.5,31.98467600076584,31.98467600076584,8.484676000765841,36.10500425857805
7093,40.9,56.056551655171134,56.056551655171134,15.156551655171135,37.05758350897588
3956,7.2,14.725851459387755,14.725851459387755,7.525851459387755,104.52571471371881
833,9.0,6.533050436348502,6.533050436348502,2.4669495636514984,27.410550707238873
1393,5.4,6.733716002173697,6.733716002173697,1.3337160021736967,24.698444484698083
549,24.9,21.188866901442573,21.188866901442573,3.7111330985574256,14.904148990190466
1020,5.5,5.226734171015599,5.226734171015599,0.27326582898440144,4.968469617898208
248,3.6,4.630524529581301,4.630524529581301,1.0305245295813008,28.625681377258356
2648,6.5,5.530617117444859,5.530617117444859,0.9693828825551414,14.913582808540637
296,6.3,6.796364322522395,6.796364322522395,0.49636432252239526,7.878798770196751
1559,7.39,4.444680969496385,4.444680969496385,2.9453190305036143,39.855467259859466
1563,12.8,14.151516748050165,14.151516748050165,1.3515167480501642,10.558724594141907
6766,13.69,13.68003609474383,13.68003609474383,0.009963905256169525,0.07278236125762984
3260,9.7,13.288681372661564,13.288681372661564,3.588681372661565,36.99671518207799
100,1.4,4.238116230846625,4.238116230846625,2.8381162308466252,202.72258791761607
4204,43.5,29.053964585023607,29.053964585023607,14.446035414976393,33.209276816037686
3197,7.0,9.200113453084516,9.200113453084516,2.2001134530845157,31.43019218692165
2937,17.5,19.555767092725535,19.555767092725535,2.055767092725535,11.7472405298602
7017,15.99,12.82177767302805,12.82177767302805,3.16822232697195,19.81377315179456
1499,6.0,6.533107110216976,6.533107110216976,0.5331071102169762,8.885118503616269
4872,7.0,7.409104130321793,7.409104130321793,0.4091041303217926,5.844344718882751
1656,5.0,4.939419227069951,4.939419227069951,0.06058077293004871,1.2116154586009742
6788,13.29,13.127945654691223,13.127945654691223,0.1620543453087766,1.2193705440840978
346,4.0,4.630524529581301,4.630524529581301,0.6305245295813009,15.763113239532522
1718,7.5,7.562341004417537,7.562341004417537,0.06234100441753743,0.8312133922338323
1665,1.7,2.8743534302621114,2.8743534302621114,1.1743534302621115,69.07961354483008
681,6.0,7.615052505456287,7.615052505456287,1.615052505456287,26.917541757604784
6514,69.99,35.39386551274204,35.39386551274204,34.596134487257956,49.430110711898784
3898,3.9,4.995947374204517,4.995947374204517,1.0959473742045174,28.10121472319275
6186,20.45,25.59245197036175,25.59245197036175,5.142451970361751,25.14646440274695
6408,54.999,34.13602235099573,34.13602235099573,20.86297764900427,37.93337633230471
7289,23.79,26.32571240742427,26.32571240742427,2.5357124074242705,10.658732271644686
5761,17.75,19.449391356359293,19.449391356359293,1.6993913563592926,9.574035810474887
7063,49.59,38.31079049772136,38.31079049772136,11.279209502278647,22.744927409313664
1793,3.8,7.371765137056024,7.371765137056024,3.5717651370560244,93.99381939621118
3542,5.9,11.583516866400464,11.583516866400464,5.683516866400463,96.33079434577057
6741,18.8,23.19583281221395,23.19583281221395,4.39583281221395,23.382089426669943
1706,6.2,6.750526854786189,6.750526854786189,0.550526854786189,8.879465399777242
1414,5.6,4.792984454271869,4.792984454271869,0.807015545728131,14.41099188800234
4761,2.9,3.6176450288097026,3.6176450288097026,0.7176450288097027,24.746380303782853
3066,8.8,5.226734171015599,5.226734171015599,3.573265828984402,40.60529351118639
2991,8.0,6.506850312211691,6.506850312211691,1.4931496877883088,18.66437109735386
6041,9.75,14.413647062577168,14.413647062577168,4.6636470625771675,47.83227756489403
84,37.9,24.844693327734973,24.844693327734973,13.055306672265026,34.446719451886615
5327,9.5,7.5143083418162,7.5143083418162,1.9856916581838,20.902017454566316
3207,9.0,15.847654607575723,15.847654607575723,6.847654607575723,76.08505119528581
5025,3.99,4.205733997268643,4.205733997268643,0.21573399726864295,5.406867099464736
1561,1.2,3.7188023134267514,3.7188023134267514,2.518802313426751,209.9001927855626
6072,8.39,25.89709875617772,25.89709875617772,17.50709875617772,208.6662545432386
2948,8.9,11.95403698587679,11.95403698587679,3.05403698587679,34.31502231322236
3528,7.8,6.733716002173697,6.733716002173697,1.0662839978263028,13.670307664439779
1297,5.0,5.240043759127808,5.240043759127808,0.24004375912780773,4.800875182556155
4866,8.499,7.304882324233347,7.304882324233347,1.1941176757666536,14.050096196807313
6289,13.28,16.782551552248172,16.782551552248172,3.502551552248173,26.374635182591668
4506,14.2,14.590381058509077,14.590381058509077,0.3903810585090781,2.7491623838667474
1912,18.5,14.967333772874252,14.967333772874252,3.5326662271257483,19.09549311959864
6456,79.99,38.975616848596076,38.975616848596076,41.01438315140392,51.27438823778463
5998,9.494,13.237742801725895,13.237742801725895,3.7437428017258956,39.43272384375285
6127,18.99,18.752989094322253,18.752989094322253,0.23701090567774585,1.2480827049907628
6875,44.199,31.25860682690464,31.25860682690464,12.940393173095359,29.27757001989945
1817,12.2,9.92150680382316,9.92150680382316,2.2784931961768393,18.67617373915442
3722,7.6,7.999438454772297,7.999438454772297,0.3994384547722971,5.2557691417407515
5451,9.79,16.575239333676777,16.575239333676777,6.785239333676778,69.30785836237771
6187,36.99,32.63210194984346,32.63210194984346,4.3578980501565425,11.781286969874404
7164,8.99,12.831173358705314,12.831173358705314,3.841173358705314,42.72717862853519
3089,1.2,2.9451843041662293,2.9451843041662293,1.7451843041662294,145.43202534718577
4845,6.0,5.62564190411363,5.62564190411363,0.3743580958863699,6.239301598106165
3142,3.2,2.0462163767137795,2.0462163767137795,1.1537836232862206,36.0557382276944
1623,5.5,4.800086777178283,4.800086777178283,0.6999132228217171,12.725694960394856
6834,18.38,20.37036970805907,20.37036970805907,1.9903697080590703,10.82899732349875
5459,16.79,23.056085525224688,23.056085525224688,6.266085525224689,37.32034261598981
5605,47.95,36.318632850138385,36.318632850138385,11.631367149861617,24.257282898564373
6392,26.4,23.328311418735645,23.328311418735645,3.071688581264354,11.635184019940734
1199,2.0,3.7834710511631275,3.7834710511631275,1.7834710511631275,89.17355255815637
373,6.0,4.103455342207871,4.103455342207871,1.8965446577921288,31.609077629868814
2457,5.7,4.938074257377181,4.938074257377181,0.761925742622819,13.367118291628403
5260,4.99,4.444680969496385,4.444680969496385,0.5453190305036149,10.928237084240779
3819,21.09,22.52440081057574,22.52440081057574,1.4344008105757418,6.801331486845623
7284,23.3,25.362022892953192,25.362022892953192,2.062022892953191,8.849883660743311
1317,8.0,11.599667052170435,11.599667052170435,3.5996670521704353,44.99583815213044
1446,13.0,14.960753541146893,14.960753541146893,1.960753541146893,15.082719547283792
3799,18.9,17.727765497116877,17.727765497116877,1.1722345028831214,6.202298957053553
3482,3.7,6.717785413753013,6.717785413753013,3.017785413753013,81.56176793927062
1488,6.399,6.060812778143582,6.060812778143582,0.33818722185641814,5.285001122931991
4486,4.0,4.533192842212367,4.533192842212367,0.5331928422123671,13.329821055309177
6067,102.0,77.23128850424729,77.23128850424729,24.76871149575271,24.28305048603207
812,5.123,3.4074240063765036,3.4074240063765036,1.7155759936234967,33.487721913400286
3580,34.5,27.218628646075707,27.218628646075707,7.281371353924293,21.10542421427331
4317,3.95,2.6675749737035463,2.6675749737035463,1.2824250262964538,32.466456361935535
3366,3.9,3.3032685002693025,3.3032685002693025,0.5967314997306974,15.300807685402498
3651,4.0,4.597816380468037,4.597816380468037,0.5978163804680374,14.945409511700936
6684,40.5,31.90919853416945,31.90919853416945,8.590801465830548,21.21185547118654
1511,3.5,2.5454434821690715,2.5454434821690715,0.9545565178309285,27.27304336659796
7149,18.29,20.878287085483432,20.878287085483432,2.588287085483433,14.151378269455622
1801,3.4,4.030707519176975,4.030707519176975,0.6307075191769749,18.55022115226397
4516,4.6,4.938074257377181,4.938074257377181,0.33807425737718155,7.349440377764817
921,7.8,8.583276296165277,8.583276296165277,0.783276296165277,10.04200379699073
322,15.0,15.749971111991636,15.749971111991636,0.7499711119916359,4.999807413277573
3838,2.5,3.1557709924770236,3.1557709924770236,0.6557709924770236,26.230839699080942
5634,27.49,33.150695572472884,33.150695572472884,5.660695572472886,20.591835476438288
7262,9.08,15.527876510626715,15.527876510626715,6.447876510626715,71.01185584390656
4402,6.85,10.135801023842696,10.135801023842696,3.285801023842696,47.96789815828754
6217,10.45,11.984175216783301,11.984175216783301,1.5341752167833018,14.681102552950257
1569,5.9,7.460672891759432,7.460672891759432,1.560672891759432,26.45208291117681
4661,17.5,15.263089272368344,15.263089272368344,2.236910727631656,12.782347015038034
231,12.9,11.542706505299556,11.542706505299556,1.3572934947004445,10.521654997677864
1545,1.8,2.5120825151137165,2.5120825151137165,0.7120825151137165,39.5601397285398
1420,1.0,2.1642450170764516,2.1642450170764516,1.1642450170764516,116.42450170764516
1079,5.9,8.372328111676959,8.372328111676959,2.4723281116769584,41.90386629960946
3103,7.9,6.361151769346915,6.361151769346915,1.5388482306530857,19.47909152725425
1115,4.75,5.671665450832679,5.671665450832679,0.9216654508326787,19.403483175424814
6946,14.45,22.568987651326214,22.568987651326214,8.118987651326215,56.1867657531226
1941,10.9,9.92150680382316,9.92150680382316,0.9784931961768404,8.977001799787526
1867,10.95,6.721255001210817,6.721255001210817,4.228744998789182,38.61867578802906
2586,6.65,11.051528226607044,11.051528226607044,4.401528226607043,66.18839438506832
2751,11.5,9.319797718678707,9.319797718678707,2.180202281321293,18.95828070714168
1425,9.59,7.950612854141035,7.950612854141035,1.639387145858965,17.09475647402466
5395,14.5,13.534222080471713,13.534222080471713,0.9657779195282874,6.660537376057155
4053,32.5,20.03847030026495,20.03847030026495,12.461529699735049,38.343168306877075
7283,16.95,18.926295725209272,18.926295725209272,1.9762957252092725,11.659561800644676
4333,4.49,8.10775921722334,8.10775921722334,3.6177592172233393,80.57370194261334
1618,9.0,17.729480866999737,17.729480866999737,8.729480866999737,96.99423185555263
2402,16.8,14.827819632006758,14.827819632006758,1.9721803679932428,11.739168857102635
265,15.3,13.110387114659154,13.110387114659154,2.1896128853408463,14.31119532902514
0,9.99,7.950612854141035,7.950612854141035,2.0393871458589654,20.414285744333988
4015,16.5,14.408508982405847,14.408508982405847,2.0914910175941532,12.675703136934263
5187,3.5,3.5548289217399685,3.5548289217399685,0.05482892173996845,1.566540621141956
838,1.2,3.879384715633428,3.879384715633428,2.679384715633428,223.28205963611902
14,21.9,15.459646047542925,15.459646047542925,6.440353952457073,29.408008915329102
3263,2.6,2.5460244655770463,2.5460244655770463,0.053975534422953775,2.0759820931905297
4912,21.0,17.98049808358266,17.98049808358266,3.0195019164173402,14.378580554368286
6477,29.155,25.84931717499258,25.84931717499258,3.3056828250074197,11.338305007742822
8,16.5,14.130709285776513,14.130709285776513,2.369290714223487,14.359337661960527
1039,8.5,19.584074998734433,19.584074998734433,11.084074998734433,130.40088233805216
2759,11.9,11.499514946953216,11.499514946953216,0.4004850530467845,3.365420613838525
3992,15.5,12.863946581485045,12.863946581485045,2.6360534185149547,17.006796248483578
6472,12.99,13.368678033901368,13.368678033901368,0.3786780339013678,2.9151503764539477
4141,32.79,25.887644092143795,25.887644092143795,6.9023559078562045,21.05018575131505
6629,18.1,17.150141934814346,17.150141934814346,0.949858065185655,5.247834614285386
339,4.1,4.304020960764353,4.304020960764353,0.20402096076435328,4.976120994252519
1956,3.3,5.344815573835744,5.344815573835744,2.044815573835744,61.96410829805286
4220,6.5,6.0969606750831336,6.0969606750831336,0.40303932491686645,6.2006049987210226
2770,29.999999,13.51702808964416,13.51702808964416,16.48297091035584,54.94323819929407
1090,23.5,23.26363800138866,23.26363800138866,0.23636199861133989,1.0057957387716592
4512,8.999,5.2942140954142936,5.2942140954142936,3.704785904585707,41.168862146746385
1883,6.0,11.096212150933995,11.096212150933995,5.0962121509339955,84.93686918223325
622,5.3,7.993850604352821,7.993850604352821,2.6938506043528214,50.82736989344946
7220,12.5,14.64869630694471,14.64869630694471,2.1486963069447107,17.189570455557686
5192,3.8,6.019625988277834,6.019625988277834,2.2196259882778344,58.41121021783775
5045,2.8,7.88703047413722,7.88703047413722,5.0870304741372205,181.67965979061503
4331,16.5,18.93915980672896,18.93915980672896,2.4391598067289593,14.782786707448237
4952,4.7,4.635373794115337,4.635373794115337,0.06462620588466361,1.3750256571205024
3032,8.4,5.523251089232247,5.523251089232247,2.8767489107677537,34.24701084247326
4568,5.999,4.935695028760058,4.935695028760058,1.0633049712399414,17.72470363793868
889,4.5,6.8140406808383265,6.8140406808383265,2.3140406808383265,51.4231262408517
1507,3.1,2.801495005742405,2.801495005742405,0.29850499425759525,9.629193363148234
3688,10.0,7.7416680915115785,7.7416680915115785,2.2583319084884215,22.583319084884216
196,1.9,1.9680024096074185,1.9680024096074185,0.06800240960741855,3.5790741898641345
5533,12.99,16.42313986605151,16.42313986605151,3.4331398660515102,26.42909827599315
3980,11.2,13.47294339774465,13.47294339774465,2.272943397744651,20.294137479862957
2789,3.8,6.451662602923788,6.451662602923788,2.651662602923788,69.7805948137839
6575,38.0,19.243232799786902,19.243232799786902,18.756767200213098,49.359913684771314
4236,21.5,13.62005661203623,13.62005661203623,7.87994338796377,36.65089947890125
432,4.2,7.977900826524875,7.977900826524875,3.777900826524875,89.95001967916369
2598,10.9,11.48897982880343,11.48897982880343,0.5889798288034296,5.403484667921372
6091,28.99,28.154801775733198,28.154801775733198,0.8351982242668008,2.8809873206857564
1694,23.5,28.443012050884633,28.443012050884633,4.943012050884633,21.03409383355163
5357,29.9,27.65251483913228,27.65251483913228,2.2474851608677184,7.516672778821801
1108,13.9,15.55704385343795,15.55704385343795,1.6570438534379495,11.921178801711866
6353,37.5,41.56856704213949,41.56856704213949,4.068567042139492,10.849512112371979
6690,60.89,45.768092048751384,45.768092048751384,15.121907951248616,24.834797095169346
6262,110.99,70.74812853033622,70.74812853033622,40.24187146966378,36.25720467579402
4825,1.65,4.337364015973165,4.337364015973165,2.687364015973165,162.87054642261606
1277,4.6,6.859154283168826,6.859154283168826,2.2591542831688267,49.112049634104935
1195,5.9,5.52054965337663,5.52054965337663,0.3794503466233703,6.431361807175767
6062,18.19,24.107557889477313,24.107557889477313,5.917557889477312,32.53192902406438
604,9.0,12.928353146597296,12.928353146597296,3.9283531465972956,43.64836829552551
3742,6.2,6.5555346806178765,6.5555346806178765,0.3555346806178763,5.734430332546392
1593,17.9,15.398472704325723,15.398472704325723,2.5015272956742756,13.975012824995952
1219,19.4,17.667535443114538,17.667535443114538,1.7324645568854606,8.930229674667324
2229,7.0,8.481299644542922,8.481299644542922,1.481299644542922,21.161423493470316
4519,4.1,4.404238520520501,4.404238520520501,0.30423852052050115,7.420451720012224
1652,3.3,3.702313607039292,3.702313607039292,0.4023136070392921,12.191321425433093
4657,5.9,9.036920116308774,9.036920116308774,3.136920116308774,53.168137564555494
4865,5.9,4.628397652782683,4.628397652782683,1.2716023472173177,21.55258215622572
6264,11.09,11.020949968763187,11.020949968763187,0.06905003123681297,0.6226332843716228
4955,38.0,36.24580031607916,36.24580031607916,1.754199683920838,4.616314957686416
1158,12.0,11.568112160176918,11.568112160176918,0.4318878398230819,3.599065331859016
4818,10.8,12.037491213752597,12.037491213752597,1.2374912137525964,11.458251979190706
3256,8.8,7.934111135558689,7.934111135558689,0.8658888644413114,9.839646186833082
5728,38.699,38.8893983355906,38.8893983355906,0.1903983355906007,0.4919980764117955
4650,17.5,16.676785687939148,16.676785687939148,0.8232143120608519,4.7040817832048685
7219,15.49,18.623468523854143,18.623468523854143,3.133468523854143,20.22897691319653
5702,14.19,16.27308327838845,16.27308327838845,2.083083278388452,14.679938536916506
2807,4.59,3.5032226550762733,3.5032226550762733,1.0867773449237266,23.67706633820755
2851,8.6,13.758303031963957,13.758303031963957,5.158303031963957,59.98026781353438
4559,10.49,8.577068460741184,8.577068460741184,1.9129315392588158,18.235763005327126
2995,6.5,10.025577060949574,10.025577060949574,3.5255770609495745,54.239647091531914
904,5.95,4.189715926188299,4.189715926188299,1.7602840738117012,29.584606282549597
6841,21.169,15.963142958784154,15.963142958784154,5.205857041215847,24.591889277792276
2357,23.8,25.527789176957214,25.527789176957214,1.727789176957213,7.259618390576525
3383,12.8,11.95331368128426,11.95331368128426,0.8466863187157401,6.614736864966719
3470,9.0,14.236461374810169,14.236461374810169,5.236461374810169,58.182904164557435
1616,7.8,7.950612854141035,7.950612854141035,0.15061285414103498,1.9309340274491664
3575,5.8,6.725012130275331,6.725012130275331,0.9250121302753316,15.948485004747095
6977,26.95,27.75539772526899,27.75539772526899,0.805397725268989,2.9884887765083077
5006,10.9,9.948115793424709,9.948115793424709,0.9518842065752917,8.732882629131117
3820,3.65,5.889846611533072,5.889846611533072,2.2398466115330717,61.36566058994717
1860,7.5,5.950884511671788,5.950884511671788,1.549115488328212,20.654873177709497
2088,4.99,4.193768724091873,4.193768724091873,0.7962312759081271,15.956538595353248
7077,27.52,17.685779523174215,17.685779523174215,9.834220476825784,35.73481277916346
6930,27.699,25.921406487792428,25.921406487792428,1.7775935122075737,6.4175367782503825
5213,4.1,7.598526717968232,7.598526717968232,3.4985267179682324,85.3299199504447
2251,3.2,2.0964937472189273,2.0964937472189273,1.1035062527810728,34.484570399408526
3784,14.0,18.16561648683542,18.16561648683542,4.165616486835422,29.75440347739587
3127,6.5,5.226734171015599,5.226734171015599,1.2732658289844014,19.588705061298484
254,11.7,8.583276296165277,8.583276296165277,3.1167237038347224,26.638664135339507
6705,16.78,14.752916033848134,14.752916033848134,2.027083966151867,12.080357366816848
4989,2.999999,4.630524529581301,4.630524529581301,1.630525529581301,54.35086910299973
221,14.85,12.81038117650942,12.81038117650942,2.0396188234905797,13.734806892192456
267,2.9,3.09037469124517,3.09037469124517,0.19037469124517026,6.564644525695526
107,8.1,5.2291133996327215,5.2291133996327215,2.870886600367278,35.443044448978746
4800,5.5,4.496710699632477,4.496710699632477,1.0032893003675234,18.24162364304588
1226,5.4,8.126822637314614,8.126822637314614,2.726822637314614,50.49671550582618
4938,4.9,6.280770241330593,6.280770241330593,1.380770241330593,28.178984516950873
3418,9.5,7.947924283212334,7.947924283212334,1.552075716787666,16.337639124080695
4154,8.5,6.105869825922619,6.105869825922619,2.3941301740773806,28.16623734208683
1758,6.99,10.792745815315834,10.792745815315834,3.802745815315834,54.40265830208632
2284,9.99,7.957423123819759,7.957423123819759,2.032576876180241,20.34611487667909
2526,3.3,4.155030498158617,4.155030498158617,0.8550304981586168,25.91001509571566
4004,15.0,9.80131091896789,9.80131091896789,5.198689081032111,34.65792720688074
1210,15.5,22.208670255532873,22.208670255532873,6.708670255532873,43.281743584083046
6664,11.5,14.614283557814158,14.614283557814158,3.114283557814158,27.080726589688332
2464,13.6,11.484099915879641,11.484099915879641,2.1159000841203586,15.558088853826165
4240,13.5,12.282577921488627,12.282577921488627,1.2174220785113725,9.017941322306463
4198,14.5,12.996195317348986,12.996195317348986,1.5038046826510136,10.371066776903543
376,4.5,6.6516052944666235,6.6516052944666235,2.1516052944666235,47.81345098814719
755,1.8,2.595080928077694,2.595080928077694,0.795080928077694,44.171162670983
291,12.49,13.616538055364138,13.616538055364138,1.1265380553641382,9.019520058960273
5091,1.7,3.8795964943825467,3.8795964943825467,2.1795964943825465,128.211558493091
1465,1.35,2.1518782818132944,2.1518782818132944,0.8018782818132943,59.3983912454292
188,4.7,9.645968975204568,9.645968975204568,4.9459689752045675,105.233382451161
1870,33.0,15.223343931760288,15.223343931760288,17.77665606823971,53.86865475224154
1201,8.7,11.370049668205045,11.370049668205045,2.6700496682050456,30.690226071322368
1649,4.0,3.7454193710231323,3.7454193710231323,0.25458062897686773,6.364515724421693
6030,128.96,114.31301783950289,114.31301783950289,14.646982160497117,11.357771526440072
3706,30.49,21.45557024603899,21.45557024603899,9.034429753961007,29.630796175667456
4176,6.5,6.522690224164684,6.522690224164684,0.022690224164684025,0.3490803717643696
501,10.0,13.423051826434612,13.423051826434612,3.4230518264346124,34.230518264346124
6193,26.99,20.580304079519998,20.580304079519998,6.409695920480001,23.748410227788074
2605,5.5,5.671665450832679,5.671665450832679,0.1716654508326787,3.121190015139613
6874,64.89,74.64834752714154,74.64834752714154,9.758347527141538,15.03829176628377
3312,23.5,17.728861401164252,17.728861401164252,5.771138598835748,24.558036590790415
2812,6.5,6.716110628397674,6.716110628397674,0.21611062839767392,3.3247788984257522
4763,5.5,6.610966931183995,6.610966931183995,1.1109669311839951,20.19939874879991
6753,76.79,46.95866512729645,46.95866512729645,29.831334872703557,38.84794227464977
672,7.9,5.226734171015599,5.226734171015599,2.673265828984402,33.83880796182787
4766,13.8,16.46826193802479,16.46826193802479,2.668261938024788,19.335231434962232
3753,7.35,6.074657265252567,6.074657265252567,1.2753427347474329,17.351601833298407
1374,12.8,14.771352336369237,14.771352336369237,1.971352336369236,15.401190127884657
7043,23.99,38.743840032240385,38.743840032240385,14.753840032240387,61.499958450355926
6988,15.58,15.862488905343277,15.862488905343277,0.28248890534327664,1.8131508686988231
5718,79.99,71.17750562781816,71.17750562781816,8.812494372181831,11.016995089613491
1192,4.9,5.23011768414432,5.23011768414432,0.3301176841443194,6.737095594782028
3053,52.9,36.45779135885789,36.45779135885789,16.44220864114211,31.081679850930264
3950,2.8,3.5874647777822677,3.5874647777822677,0.7874647777822679,28.123742063652422
216,13.0,13.794468652863166,13.794468652863166,0.7944686528631664,6.111297329716665
4697,6.49,7.137163150528655,7.137163150528655,0.6471631505286544,9.971697234647987
421,1.2,2.7653733467514066,2.7653733467514066,1.5653733467514066,130.44777889595056
505,3.9,5.040689242479045,5.040689242479045,1.1406892424790454,29.248442114847318
4836,2.9,3.485429982401982,3.485429982401982,0.585429982401982,20.187240772482138
6453,19.9,19.297491898088506,19.297491898088506,0.6025081019114928,3.027678904077854
6845,49.5,34.29826533497449,34.29826533497449,15.201734665025512,30.71057508085962
6252,20.59,23.80772258338787,23.80772258338787,3.2177225833878715,15.627598753705058
506,16.3,14.960753541146893,14.960753541146893,1.3392464588531077,8.216235943884096
1807,8.9,5.42324609851924,5.42324609851924,3.4767539014807607,39.06465057843551
4436,20.89,22.657899629945383,22.657899629945383,1.7678996299453829,8.462899138082253
1438,5.99,3.2924354531660125,3.2924354531660125,2.6975645468339877,45.0344665581634
5520,76.49,67.82793615588815,67.82793615588815,8.662063844111842,11.32443959224976
7069,41.599,26.65208415610472,26.65208415610472,14.946915843895276,35.930949887966726
4704,3.8,3.0991601095965233,3.0991601095965233,0.7008398904034765,18.443155010617804
1426,27.9,26.648134101852115,26.648134101852115,1.2518658981478836,4.486974545332916
2859,7.5,6.796364322522395,6.796364322522395,0.7036356774776049,9.381809033034733
3016,5.0,5.3646033355332925,5.3646033355332925,0.3646033355332925,7.29206671066585
2688,20.49,16.584189408510202,16.584189408510202,3.9058105914897965,19.062033145387
4664,12.0,4.537667374740375,4.537667374740375,7.462332625259625,62.186105210496876
2280,2.95,4.529827599815009,4.529827599815009,1.579827599815009,53.55347795983081
347,6.5,7.613746073006453,7.613746073006453,1.1137460730064532,17.134554969330047
4320,12.99,19.036766847088032,19.036766847088032,6.046766847088032,46.549398360954825
333,11.5,7.840934866546546,7.840934866546546,3.6590651334534536,31.817957682203946
4386,6.5,5.878342218255693,5.878342218255693,0.6216577817443074,9.563965872989346
3381,7.75,6.797424905386498,6.797424905386498,0.9525750946135023,12.29129154340003
5781,18.355,22.339816832629847,22.339816832629847,3.9848168326298463,21.709707614436645
6380,15.89,12.43049586835791,12.43049586835791,3.45950413164209,21.77158043827621
5832,83.49,90.2053077651283,90.2053077651283,6.715307765128301,8.043248011891606
6831,8.29,11.900910105607835,11.900910105607835,3.610910105607836,43.55741985051672
3023,9.79,11.01363288370161,11.01363288370161,1.2236328837016117,12.498803715031785
6726,5.65,8.922666164561335,8.922666164561335,3.2726661645613344,57.92329494798821
746,14.5,15.198066458321838,15.198066458321838,0.6980664583218381,4.814251436702332
3410,34.0,24.983393853614444,24.983393853614444,9.016606146385556,26.51942984231046
5257,5.7,5.168033053038297,5.168033053038297,0.5319669469617034,9.332753455468481
3704,5.0,3.9865791356230496,3.9865791356230496,1.0134208643769504,20.26841728753901
3589,2.5,5.291284657235842,5.291284657235842,2.791284657235842,111.65138628943367
5019,7.8,7.966087111504416,7.966087111504416,0.16608711150441646,2.1293219423643137
4038,24.2,16.584189408510202,16.584189408510202,7.615810591489797,31.470291700371067
3608,9.3,8.684176071375479,8.684176071375479,0.615823928624522,6.621762673381956
6968,28.59,26.830863194767357,26.830863194767357,1.759136805232643,6.152979381716135
259,4.8,5.199964915795331,5.199964915795331,0.3999649157953309,8.332602412402727
1795,11.49,7.950612854141035,7.950612854141035,3.5393871458589654,30.804065673272106
4210,20.0,17.786190880044103,17.786190880044103,2.213809119955897,11.069045599779486
3653,8.3,4.686744145493181,4.686744145493181,3.6132558545068196,43.53320306634722
3265,4.59,5.226734171015599,5.226734171015599,0.6367341710155987,13.872204161559884
3246,5.0,5.164632312774939,5.164632312774939,0.1646323127749394,3.292646255498788
1730,25.0,13.783954470981394,13.783954470981394,11.216045529018606,44.864182116074424
599,11.5,18.54867271072386,18.54867271072386,7.04867271072386,61.292806180207485
45,13.0,14.299570558479537,14.299570558479537,1.2995705584795374,9.99669660368875
4651,23.5,13.129965586817299,13.129965586817299,10.370034413182701,44.127806013543406
5070,6.0,6.370165184656219,6.370165184656219,0.3701651846562193,6.169419744270321
4575,6.0,4.510316416056671,4.510316416056671,1.4896835839433287,24.82805973238881
3921,14.2,9.176191547194126,9.176191547194126,5.0238084528058735,35.37893276623855
3881,2.686686,3.4505878143790394,3.4505878143790394,0.7639018143790395,28.43286541036204
6979,5.85,14.003380487262936,14.003380487262936,8.153380487262936,139.37402542329806
6997,28.9,25.739470900769106,25.739470900769106,3.1605290992308923,10.9360868485498
1421,1.9,4.239988958688201,4.239988958688201,2.3399889586882012,123.15731361516849
4251,17.2,19.651693895430007,19.651693895430007,2.451693895430008,14.254034275755862
3529,2.3,3.036865340575037,3.036865340575037,0.7368653405750374,32.037623503262495
6651,12.09,15.387638758183376,15.387638758183376,3.2976387581833766,27.275754823683844
6497,96.79,94.73226051092664,94.73226051092664,2.05773948907337,2.125983561394121
7180,15.99,19.133239945796134,19.133239945796134,3.143239945796134,19.657535620988956
3044,13.2,15.55704385343795,15.55704385343795,2.3570438534379505,17.856392829075386
1298,4.1,5.226734171015599,5.226734171015599,1.126734171015599,27.481321244282903
426,6.5,5.040190270401357,5.040190270401357,1.4598097295986427,22.458611224594506
4603,8.2,6.070201975323897,6.070201975323897,2.129798024676102,25.97314664239149
805,19.9,16.758166384181546,16.758166384181546,3.1418336158184523,15.788108622203278
410,7.7,11.042476352326878,11.042476352326878,3.3424763523268775,43.40878379645295
6097,12.38,13.907460395982946,13.907460395982946,1.5274603959829456,12.338129208262888
3858,15.0,7.575416610308492,7.575416610308492,7.424583389691508,49.497222597943384
438,8.8,12.032081817878193,12.032081817878193,3.2320818178781927,36.72820247588855
2389,2.0,2.7959072450711684,2.7959072450711684,0.7959072450711684,39.79536225355842
4161,9.2,12.126171969368905,12.126171969368905,2.9261719693689052,31.806217058357667
434,5.8,5.684209519369174,5.684209519369174,0.11579048063082542,1.996387597083197
751,10.5,7.337957631129469,7.337957631129469,3.162042368870531,30.114689227338392
3411,8.5,5.251511516804738,5.251511516804738,3.2484884831952616,38.21751156700308
2874,6.99,5.268635854775905,5.268635854775905,1.7213641452240953,24.626096498198788
4383,14.6,15.021360410418595,15.021360410418595,0.42136041041859507,2.8860302083465417
2142,9.0,7.351014911537964,7.351014911537964,1.6489850884620356,18.322056538467063
6044,24.0,35.15266432761561,35.15266432761561,11.15266432761561,46.46943469839837
4937,7.5,7.286616579842244,7.286616579842244,0.21338342015775602,2.8451122687700803
4856,5.9,7.985711767850797,7.985711767850797,2.085711767850797,35.35104691272537
1049,6.0,6.573691898730999,6.573691898730999,0.5736918987309991,9.561531645516652
626,6.5,6.875911471995824,6.875911471995824,0.3759114719958241,5.78325341532037
1926,10.2,11.331464247026961,11.331464247026961,1.1314642470269618,11.09278673555845
1223,7.6,5.268635854775905,5.268635854775905,2.3313641452240947,30.675844016106513
210,7.89,11.383575804177996,11.383575804177996,3.493575804177996,44.2785273026362
2431,3.89,2.895300442112257,2.895300442112257,0.9946995578877433,25.57068272204996
6216,14.59,15.756152150045128,15.756152150045128,1.1661521500451286,7.992818026354548
4927,16.0,15.659595512013347,15.659595512013347,0.34040448798665324,2.1275280499165827
51,18.8,14.078135319377143,14.078135319377143,4.721864680622858,25.116301492674776
1109,12.5,12.770504417793587,12.770504417793587,0.27050441779358714,2.164035342348697
1436,7.2,9.215413360103321,9.215413360103321,2.015413360103321,27.991852223657236
7277,10.49,13.71167384437978,13.71167384437978,3.2216738443797794,30.71185742974051
3882,2.8,4.47133320208321,4.47133320208321,1.6713332020832103,59.690471502971796
1786,10.8,5.168033053038297,5.168033053038297,5.631966946961704,52.147842101497254
5456,22.0,26.63213188932934,26.63213188932934,4.63213188932934,21.055144951497002
4338,6.0,3.6776654607468604,3.6776654607468604,2.3223345392531396,38.70557565421899
6336,19.592,24.718840152312403,24.718840152312403,5.126840152312404,26.168028543856696
1558,2.8,3.36302637464941,3.36302637464941,0.56302637464941,20.1080848089075
2249,26.49,17.273699324170067,17.273699324170067,9.216300675829931,34.79162203031307
5044,36.0,19.448474821406865,19.448474821406865,16.551525178593135,45.976458829425376
3786,8.5,12.75741728087679,12.75741728087679,4.2574172808767905,50.08726212796224
4233,12.8,14.929738829998648,14.929738829998648,2.1297388299986473,16.638584609364433
4561,13.0,10.361250213669454,10.361250213669454,2.6387497863305462,20.298075279465742
3733,3.5,6.033487577889389,6.033487577889389,2.533487577889389,72.38535936826825
5661,63.05,91.28459456939403,91.28459456939403,28.234594569394034,44.78127608151314
5664,70.99,67.82793615588815,67.82793615588815,3.1620638441118416,4.454238405566759
6291,8.89,10.288890001342882,10.288890001342882,1.398890001342881,15.735545571910922
6970,20.49,26.181284822969744,26.181284822969744,5.691284822969745,27.775914216543413
4693,29.5,15.204975509854075,15.204975509854075,14.295024490145925,48.45771013608788
3164,1.0,1.6157991860272922,1.6157991860272922,0.6157991860272922,61.57991860272922
2112,5.4,5.52651538896902,5.52651538896902,0.12651538896902004,2.342877573500371
705,7.2,7.409522892665887,7.409522892665887,0.20952289266588675,2.910040175915094
2943,26.5,17.728861401164252,17.728861401164252,8.771138598835748,33.09863622202169
6952,20.99,16.632944006571435,16.632944006571435,4.357055993428563,20.75777033553389
57,3.8,5.20660173436319,5.20660173436319,1.40660173436319,37.015835114820796
4881,9.8,11.48697634933633,11.48697634933633,1.6869763493363301,17.21404438098296
5640,17.2,24.562276706635767,24.562276706635767,7.362276706635768,42.80393434090563
527,4.5,8.706951734338556,8.706951734338556,4.206951734338556,93.48781631863459
1935,3.8,4.6537612009749,4.6537612009749,0.8537612009749003,22.46740002565527
5058,1.95,3.562609180214647,3.562609180214647,1.612609180214647,82.69790667767421
565,4.0,6.689312357446164,6.689312357446164,2.6893123574461644,67.23280893615411
1871,4.9,5.79103137531216,5.79103137531216,0.8910313753121599,18.184313781880814
6095,18.85,24.820247545194412,24.820247545194412,5.970247545194411,31.672400770262126
640,5.5,4.01680891760309,4.01680891760309,1.4831910823969103,26.967110589034732
5282,5.0,4.932676402724239,4.932676402724239,0.06732359727576132,1.3464719455152263
1747,41.0,28.382803053463462,28.382803053463462,12.617196946536538,30.773651089113507
730,6.5,7.6060531479586055,7.6060531479586055,1.1060531479586055,17.016202276286236
