sample_id,y_true_price,raw_prediction,y_pred_price,absolute_error,absolute_percentage_error
3909,5.5,4.561549130361053,4.561549130361053,0.9384508696389471,17.062743084344493
6004,37.499,29.501357325613412,29.501357325613412,7.99764267438659,21.327615868120724
1768,27.49,18.312165183982046,18.312165183982046,9.177834816017953,33.386085180130785
3360,7.8,8.13562700783733,8.13562700783733,0.33562700783733046,4.302910356888852
4700,12.99,11.26428314993912,11.26428314993912,1.7257168500608806,13.284964203701929
865,3.5,2.866535315009518,2.866535315009518,0.6334646849904821,18.098990999728063
7074,52.5,41.318006370523165,41.318006370523165,11.181993629476835,21.29903548471778
2233,26.0,33.2197302501433,33.2197302501433,7.2197302501433,27.76819326978192
1720,22.0,11.632287271828327,11.632287271828327,10.367712728171673,47.125966946234875
1662,4.7,11.683162292540029,11.683162292540029,6.983162292540029,148.57792111787293
1566,11.49,17.351093800599116,17.351093800599116,5.861093800599116,51.01038990947882
5141,3.2,5.048888529378397,5.048888529378397,1.8488885293783968,57.77776654307489
7264,63.86,52.74668550384908,52.74668550384908,11.11331449615092,17.40262213615866
5464,127.0,108.16366315031928,108.16366315031928,18.83633684968072,14.831761298961196
6348,31.79,27.830177833027474,27.830177833027474,3.9598221669725255,12.456188005575733
6283,17.99,32.286829534472034,32.286829534472034,14.296829534472035,79.47098129222921
6419,30.9,31.953174843986215,31.953174843986215,1.0531748439862163,3.4083328284343573
763,7.9,13.17568165133643,13.17568165133643,5.275681651336429,66.78078039666366
3297,4.8,5.555707337853569,5.555707337853569,0.7557073378535692,15.743902871949361
2654,3.59,3.5986629840659496,3.5986629840659496,0.008662984065949786,0.24130874835514726
2189,3.1399,4.59253192864934,4.59253192864934,1.4526319286493399,46.26363669700754
3945,1.9,1.9112846760692772,1.9112846760692772,0.0112846760692773,0.5939303194356473
6006,20.04,24.529719171665086,24.529719171665086,4.489719171665087,22.403788281761912
1197,19.8,12.302786465842829,12.302786465842829,7.497213534157172,37.864714818975614
429,7.5,7.133539338128603,7.133539338128603,0.3664606618713968,4.886142158285291
4271,5.7,5.863354905788096,5.863354905788096,0.16335490578809608,2.8658755401420364
3905,5.1,6.476324507274839,6.476324507274839,1.3763245072748393,26.986755044604692
2316,2.7,5.601647244300208,5.601647244300208,2.901647244300208,107.46841645556327
4584,13.5,8.960493411852166,8.960493411852166,4.539506588147834,33.62597472702099
7086,51.49,57.365757826961676,57.365757826961676,5.875757826961674,11.411454315326615
1992,16.5,15.445955109179653,15.445955109179653,1.0540448908203466,6.388150853456646
7240,13.1,13.30563826551337,13.30563826551337,0.20563826551336994,1.5697577520104575
554,7.2,10.673639722770625,10.673639722770625,3.473639722770625,48.24499614959201
1905,11.999,10.170254205277349,10.170254205277349,1.8287457947226518,15.240818357551895
2034,14.5,13.331617568145319,13.331617568145319,1.1683824318546812,8.05780987485987
1215,6.2,6.048425304112506,6.048425304112506,0.1515746958874944,2.4447531594757157
1615,7.0,7.64570771846241,7.64570771846241,0.6457077184624103,9.224395978034432
1002,3.2,2.6507973813149146,2.6507973813149146,0.5492026186850856,17.162581833908924
2388,9.95,8.015469076532925,8.015469076532925,1.934530923467074,19.44252184389019
6001,38.9,40.24581487441712,40.24581487441712,1.3458148744171226,3.459678340403914
1533,4.95,4.586628578351592,4.586628578351592,0.3633714216484085,7.34083680097795
5326,26.5,26.722708066911835,26.722708066911835,0.2227080669118351,0.8404077996673023
2764,22.5,19.71436932958484,19.71436932958484,2.785630670415159,12.380580757400708
6702,12.99,17.26991850430206,17.26991850430206,4.279918504302058,32.94779449039306
496,10.89,12.859933957276224,12.859933957276224,1.9699339572762238,18.089384364336304
2691,29.5,27.29539233035301,27.29539233035301,2.2046076696469896,7.473246337786406
7213,26.25,29.705486166101835,29.705486166101835,3.455486166101835,13.163756823245084
5400,13.99,13.789710144007651,13.789710144007651,0.20028985599234872,1.4316644459781895
5931,44.99,36.30751758113294,36.30751758113294,8.68248241886706,19.298693973921004
828,4.8,3.500763562631727,3.500763562631727,1.2992364373682728,27.067425778505683
3552,1.55,4.217047557575498,4.217047557575498,2.667047557575498,172.06758435970954
61,6.9,9.749686327261095,9.749686327261095,2.849686327261095,41.29980184436369
1429,10.0,13.948526691134363,13.948526691134363,3.9485266911343633,39.48526691134363
2970,3.2,4.209970211425263,4.209970211425263,1.009970211425263,31.56156910703947
3955,29.9,29.22269945145642,29.22269945145642,0.6773005485435775,2.2652192258982526
4121,14.5,13.819157940266946,13.819157940266946,0.6808420597330542,4.695462480917616
3550,16.4,15.129455138859434,15.129455138859434,1.2705448611405643,7.747224763052222
5189,4.6,2.946306629663553,2.946306629663553,1.6536933703364465,35.94985587687927
465,5.95,6.576883888873661,6.576883888873661,0.6268838888736612,10.535863678548928
5636,7.5,13.292131351643004,13.292131351643004,5.792131351643004,77.22841802190672
6951,12.9,20.58694041666446,20.58694041666446,7.686940416664461,59.5886854004997
4230,8.2,7.182259973916903,7.182259973916903,1.0177400260830964,12.41146373272069
6145,42.45,66.32906643475104,66.32906643475104,23.87906643475104,56.25221774970798
1902,8.9,8.103850772418763,8.103850772418763,0.7961492275812372,8.945496939115024
185,4.7,4.586628578351592,4.586628578351592,0.11337142164840852,2.412157907412947
2662,4.8,6.276270177499892,6.276270177499892,1.4762701774998925,30.755628697914428
932,2.0,4.6934728415262,4.6934728415262,2.6934728415261997,134.67364207631
6485,20.95,25.618901254440953,25.618901254440953,4.668901254440954,22.285924842200256
5510,12.99,22.69415169644544,22.69415169644544,9.704151696445441,74.70478596185866
1487,18.99,9.749686327261095,9.749686327261095,9.240313672738903,48.65883977219012
1084,17.0,16.075820545244426,16.075820545244426,0.9241794547555742,5.436349733856319
7123,11.999,13.468618953505434,13.468618953505434,1.4696189535054334,12.247845266317471
5735,99.69,78.92880153071144,78.92880153071144,20.76119846928856,20.82575832008081
2939,12.5,11.711913318002265,11.711913318002265,0.7880866819977346,6.304693455981876
1940,7.5,7.544787298069011,7.544787298069011,0.04478729806901072,0.5971639742534762
5481,17.86,18.361150856689214,18.361150856689214,0.5011508566892147,2.805995838125502
3268,2.2,2.992176955231674,2.992176955231674,0.7921769552316738,36.00804341962153
1703,22.5,27.7727065067647,27.7727065067647,5.272706506764699,23.43425114117644
6381,19.8,22.64047497117366,22.64047497117366,2.840474971173659,14.345833187745752
3244,1.5,2.399371206823261,2.399371206823261,0.8993712068232611,59.958080454884076
4438,1.5,2.2419255628205477,2.2419255628205477,0.7419255628205477,49.46170418803651
5549,17.5,14.158643931722729,14.158643931722729,3.341356068277271,19.093463247298693
4063,8.0,8.892701725164235,8.892701725164235,0.8927017251642351,11.15877156455294
5269,5.299999,6.353898607097028,6.353898607097028,1.0538996070970281,19.88490199898204
7091,24.299,33.605145255987686,33.605145255987686,9.306145255987687,38.29847012629198
2718,22.0,16.963516864292487,16.963516864292487,5.036483135707513,22.893105162306878
1740,7.8,8.669334421561604,8.669334421561604,0.8693344215616046,11.14531309694365
5023,17.5,16.038693589569167,16.038693589569167,1.4613064104308329,8.350322345319045
3994,7.0,8.088401096222036,8.088401096222036,1.0884010962220358,15.548587088886226
101,12.6,12.710263922803948,12.710263922803948,0.11026392280394859,0.8751104984440365
4505,15.0,16.468110669406755,16.468110669406755,1.4681106694067552,9.7874044627117
736,8.2,10.679126646958421,10.679126646958421,2.479126646958422,30.23325179217588
7111,48.49,52.17740847161131,52.17740847161131,3.687408471611306,7.604471997548579
538,25.5,17.972253946996286,17.972253946996286,7.527746053003714,29.52057275687731
4520,9.0,6.084680646044555,6.084680646044555,2.9153193539554447,32.39243726617161
5153,8.5,7.811058149592216,7.811058149592216,0.688941850407784,8.105198240091577
733,10.8,14.260954847693771,14.260954847693771,3.4609548476937704,32.04587821938676
5218,4.4,7.30027654719386,7.30027654719386,2.90027654719386,65.91537607258772
79,3.7,2.784506812807397,2.784506812807397,0.9154931871926033,24.7430591133136
5808,17.79,16.255566986699062,16.255566986699062,1.5344330133009372,8.625255836430226
3113,5.5,5.863354905788096,5.863354905788096,0.36335490578809626,6.606452832510841
5278,5.3,4.156092662494249,4.156092662494249,1.143907337505751,21.583157311429265
3082,5.9,6.372603557739504,6.372603557739504,0.4726035577395038,8.01022979219498
4939,11.5,9.450306407000497,9.450306407000497,2.0496935929995033,17.823422547821767
132,8.9,6.937065041294865,6.937065041294865,1.9629349587051355,22.055448974215004
737,12.2,8.09954227999282,8.09954227999282,4.10045772000718,33.61030918038672
1041,9.0,9.13771210627262,9.13771210627262,0.13771210627261965,1.5301345141402183
2095,13.5,15.432277050344213,15.432277050344213,1.9322770503442133,14.313163335883061
7199,21.99,23.095872079545344,23.095872079545344,1.105872079545346,5.028977169374016
6848,42.499,35.95764281983774,35.95764281983774,6.541357180162265,15.391790818989307
1634,9.3,15.445955109179653,15.445955109179653,6.145955109179653,66.08553880838336
6425,20.34,19.732268114896858,19.732268114896858,0.6077318851031421,2.987865708471692
5527,23.9,27.325580557198805,27.325580557198805,3.4255805571988063,14.332973042672831
6243,47.499,29.841062575552293,29.841062575552293,17.65793742444771,37.175387743842414
6607,41.0,50.832017468532655,50.832017468532655,9.832017468532655,23.980530411055256
3308,17.2,15.468351673545957,15.468351673545957,1.7316483264540423,10.067722828221177
4726,5.0,8.270303735761802,8.270303735761802,3.270303735761802,65.40607471523604
5241,1.8,4.406390931247008,4.406390931247008,2.6063909312470086,144.79949618038935
5112,14.499,9.140968759502986,9.140968759502986,5.358031240497015,36.954488175025965
2647,7.5,8.71522766522217,8.71522766522217,1.2152276652221694,16.203035536295594
3139,6.2,6.6298504590845955,6.6298504590845955,0.4298504590845953,6.933071920719279
5239,6.6,7.149672357861961,7.149672357861961,0.5496723578619616,8.32836905851457
319,9.0,7.752112147155013,7.752112147155013,1.247887852844987,13.865420587166522
5857,4.845,11.823757018134643,11.823757018134643,6.978757018134643,144.0403925311588
6898,38.8,41.37889128383145,41.37889128383145,2.578891283831453,6.646627020184158
842,7.5,5.808911082536607,5.808911082536607,1.691088917463393,22.54785223284524
1894,5.5,4.856919112498531,4.856919112498531,0.6430808875014691,11.692379772753982
177,7.5,12.075658482481256,12.075658482481256,4.575658482481256,61.008779766416744
5163,3.8,1.78645928308039,1.78645928308039,2.01354071691961,52.98791360314763
4671,7.3,6.436269497033457,6.436269497033457,0.8637305029665425,11.831924698171816
3832,22.9,15.000469062678924,15.000469062678924,7.8995309373210745,34.49576828524487
3961,3.95,4.352143428842274,4.352143428842274,0.4021434288422734,10.180846299804388
1509,4.0,2.7420386809386113,2.7420386809386113,1.2579613190613887,31.449032976534717
6654,19.49,14.512511207504296,14.512511207504296,4.977488792495702,25.538680310393545
2177,11.4,7.923480985370403,7.923480985370403,3.4765190146295977,30.49578083008419
3671,1.4,2.0300277107720746,2.0300277107720746,0.6300277107720746,45.00197934086248
1755,6.9,4.854570923694247,4.854570923694247,2.045429076305753,29.643899656605115
2245,4.0,5.606071969121496,5.606071969121496,1.606071969121496,40.1517992280374
3193,4.799,5.555707337853569,5.555707337853569,0.7567073378535687,15.768021209701368
1038,13.5,10.652732884159448,10.652732884159448,2.847267115840552,21.090867524744827
6559,8.1,4.798113657019071,4.798113657019071,3.3018863429809286,40.764028925690475
3450,7.29,5.917002581406276,5.917002581406276,1.372997418593724,18.83398379415259
5444,41.29,33.08165597604881,33.08165597604881,8.208344023951192,19.879738493463773
3433,17.49,13.34200898044506,13.34200898044506,4.147991019554938,23.716358030617148
3002,15.9,16.072003557474197,16.072003557474197,0.1720035574741967,1.0817833803408596
2516,1.5,1.1154121353765465,1.1154121353765465,0.3845878646234535,25.639190974896902
3698,5.35,4.2863596869181215,4.2863596869181215,1.0636403130818781,19.881127347324824
2045,4.99,5.269664980121782,5.269664980121782,0.2796649801217814,5.604508619674978
4239,9.49,6.085392463781469,6.085392463781469,3.4046075362185313,35.87573800019527
4710,4.99,6.036710674497103,6.036710674497103,1.0467106744971026,20.976165821585223
1728,31.5,28.57794031640197,28.57794031640197,2.922059683598029,9.27637994793025
3319,9.19,10.91348258108221,10.91348258108221,1.7234825810822105,18.75389098021992
5372,2.899,5.4128420889959745,5.4128420889959745,2.5138420889959745,86.71411138309674
2771,27.5,19.578030983746647,19.578030983746647,7.921969016253353,28.807160059103104
4552,1.5,2.8266653165759017,2.8266653165759017,1.3266653165759017,88.44435443839345
3379,5.0,10.598686973504043,10.598686973504043,5.5986869735040425,111.97373947008084
3857,6.7,7.45668890941697,7.45668890941697,0.7566889094169698,11.293864319656265
5435,23.49,28.782554738326702,28.782554738326702,5.292554738326704,22.531097225741608
4104,3.2,3.563773585598648,3.563773585598648,0.3637735855986479,11.367924549957747
6784,28.799,17.794393278123664,17.794393278123664,11.004606721876335,38.211766803973525
2412,21.49,14.047413351690786,14.047413351690786,7.442586648309213,34.63279035974506
6248,27.89,34.082724603490064,34.082724603490064,6.192724603490063,22.20410399243479
3045,11.5,11.43633427000468,11.43633427000468,0.06366572999531961,0.5536150434375618
1918,14.9,12.844985196913937,12.844985196913937,2.0550148030860633,13.792045658295727
3824,4.0,7.062118365340641,7.062118365340641,3.062118365340641,76.55295913351603
1550,13.5,13.038328915183063,13.038328915183063,0.46167108481693653,3.4197858134587893
1934,7.9,7.425642165232914,7.425642165232914,0.47435783476708604,6.004529554013747
7148,19.199,14.831773096287952,14.831773096287952,4.36722690371205,22.74715820465675
3370,8.99,8.039778009698727,8.039778009698727,0.950221990301273,10.569766299235518
2481,10.7,11.663750060652582,11.663750060652582,0.9637500606525826,9.007009912640958
6017,21.999,16.038158189786962,16.038158189786962,5.9608418102130365,27.095967135838162
5643,21.1,17.62299800510648,17.62299800510648,3.47700199489352,16.478682440253646
3889,2.9,5.823653077549979,5.823653077549979,2.923653077549979,100.8156233637924
3664,26.0,22.357548275942804,22.357548275942804,3.642451724057196,14.009429707912291
1600,14.8,15.445955109179653,15.445955109179653,0.6459551091796527,4.364561548511166
2275,23.49,16.59287875953298,16.59287875953298,6.897121240467019,29.361946532426646
4024,8.2,6.8232962221311055,6.8232962221311055,1.3767037778688938,16.78907046181578
2312,8.0,8.44229987635724,8.44229987635724,0.44229987635723944,5.528748454465493
3935,6.9,6.026025347830128,6.026025347830128,0.8739746521698724,12.666299306809744
4352,1.0,3.8481255685808478,3.8481255685808478,2.8481255685808478,284.8125568580848
1672,1.3,5.214474579768208,5.214474579768208,3.914474579768208,301.1134292129391
3792,15.9,18.057489785856966,18.057489785856966,2.1574897858569653,13.569118150043808
1034,4.6,5.606071969121496,5.606071969121496,1.0060719691214963,21.87112976351079
3439,10.5,9.426199648406161,9.426199648406161,1.0738003515938388,10.226670015179417
3221,8.9,11.024991159276496,11.024991159276496,2.1249911592764956,23.876305160410062
2955,5.5,5.016918245283657,5.016918245283657,0.48308175471634307,8.783304631206237
4490,2.0,1.025801701269211,1.025801701269211,0.9741982987307889,48.70991493653945
7244,46.49,36.01593441481304,36.01593441481304,10.474065585186963,22.52971732670889
6285,16.09,20.3605881447144,20.3605881447144,4.270588144714399,26.54187784160596
2268,16.49,19.720065901269884,19.720065901269884,3.230065901269885,19.58802850982344
1699,2.6,2.207170659091492,2.207170659091492,0.39282934090850796,15.108820804173384
3519,10.5,9.085487014739261,9.085487014739261,1.414512985260739,13.471552240578466
87,8.5,10.229172140273935,10.229172140273935,1.7291721402739348,20.343201650281586
7113,22.59,20.914037503602685,20.914037503602685,1.6759624963973145,7.4190460221218
676,5.3,5.720269024247283,5.720269024247283,0.4202690242472835,7.929604231080821
4407,24.99,17.097691456807,17.097691456807,7.892308543193,31.58186691953982
3317,4.9,5.555707337853569,5.555707337853569,0.6557073378535687,13.381782405174873
6902,67.0,64.26441878461046,64.26441878461046,2.7355812153895442,4.082957037894842
2569,4.1,5.83343741284734,5.83343741284734,1.7334374128473407,42.27896128895953
393,2.999,3.469516268269601,3.469516268269601,0.4705162682696007,15.68910531075694
1149,5.6,4.829475715548826,4.829475715548826,0.7705242844511737,13.75936222234239
1168,5.9,6.103207984078319,6.103207984078319,0.2032079840783183,3.4442031199714966
2208,3.4,3.358521849540823,3.358521849540823,0.0414781504591768,1.2199456017404942
230,18.5,24.749032363499847,24.749032363499847,6.249032363499847,33.77855331621539
2802,4.999999,5.555707337853569,5.555707337853569,0.5557083378535692,11.11416897990518
1543,4.4,4.796024409327119,4.796024409327119,0.3960244093271186,9.000554757434513
2345,28.5,25.589420894588415,25.589420894588415,2.9105791054115855,10.212558264602055
3599,6.0,6.795283837567734,6.795283837567734,0.7952838375677338,13.254730626128897
2892,2.2,4.089365522671891,4.089365522671891,1.8893655226718904,85.88025103054046
4691,25.9,26.53786782845345,26.53786782845345,0.6378678284534516,2.462810148468925
2942,16.0,22.67989902307177,22.67989902307177,6.679899023071769,41.749368894198554
5121,24.49,18.894155348836627,18.894155348836627,5.595844651163372,22.84950857967894
7189,54.99,51.86202561437069,51.86202561437069,3.127974385629315,5.688260384850546
970,3.2,2.553476459848092,2.553476459848092,0.6465235401519083,20.203860629747133
3718,5.6,5.115433187397638,5.115433187397638,0.48456681260236145,8.652978796470741
5329,7.0,6.527492286474677,6.527492286474677,0.4725077135253226,6.7501101932188945
169,10.5,13.974435555088224,13.974435555088224,3.474435555088224,33.08986242941166
1056,9.0,5.8433932403965,5.8433932403965,3.1566067596035,35.07340844003889
5968,24.1145,19.21396175806411,19.21396175806411,4.900538241935891,20.32195667310494
251,3.7,5.430560076052645,5.430560076052645,1.7305600760526447,46.771893947368774
5889,51.0,29.294585023416012,29.294585023416012,21.705414976583988,42.55963720898821
2705,10.5,6.644215515548394,6.644215515548394,3.855784484451606,36.7217569947772
1729,4.3,5.152948200180132,5.152948200180132,0.8529482001801325,19.836004655351918
2533,8.6,5.751518857104854,5.751518857104854,2.848481142895146,33.12187375459472
95,7.5,2.668433137486934,2.668433137486934,4.831566862513066,64.42089150017422
5646,17.5,26.750327905420615,26.750327905420615,9.250327905420615,52.85901660240352
5174,23.49,12.488906965052333,12.488906965052333,11.001093034947665,46.83309082566056
3692,2.8,5.770777212168541,5.770777212168541,2.9707772121685414,106.09918614887648
1172,6.69,6.476324507274839,6.476324507274839,0.2136754927251614,3.19395355344038
1383,11.9,14.19748346709547,14.19748346709547,2.2974834670954696,19.306583757104786
5263,7.2,9.057787403123717,9.057787403123717,1.8577874031237167,25.80260282116273
711,13.7,15.445955109179653,15.445955109179653,1.7459551091796541,12.744197877223753
2354,7.9,8.197636534496786,8.197636534496786,0.2976365344967853,3.7675510695795604
2215,7.0,8.09954227999282,8.09954227999282,1.0995422799928196,15.70774685704028
3779,7.49,9.288737104024843,9.288737104024843,1.798737104024843,24.015181629170133
5242,5.5,11.76398670518095,11.76398670518095,6.263986705180949,113.89066736692635
69,5.5,6.431218804078862,6.431218804078862,0.9312188040788616,16.93125098325203
263,6.5,9.277616752973545,9.277616752973545,2.777616752973545,42.73256543036223
408,16.0,9.825319027490101,9.825319027490101,6.174680972509899,38.59175607818687
7137,54.99,54.09525094807038,54.09525094807038,0.8947490519296224,1.6271122966532503
6024,24.39,24.218868926893624,24.218868926893624,0.17113107310637687,0.7016444161803069
3217,1.79,6.833031128379037,6.833031128379037,5.043031128379037,281.7335825910077
5196,11.6,13.479956210909632,13.479956210909632,1.8799562109096328,16.206519059565803
37,13.8,14.047413351690786,14.047413351690786,0.24741335169078482,1.7928503745709046
3504,6.99,6.409320258319186,6.409320258319186,0.5806797416808145,8.307292441785615
1862,31.0,22.946432148890118,22.946432148890118,8.053567851109882,25.979251132612525
4602,13.3,13.038328915183063,13.038328915183063,0.26167108481693724,1.9674517655408814
6222,20.66,21.331232506324717,21.331232506324717,0.6712325063247171,3.2489472716588432
6474,9.29,9.434790490690602,9.434790490690602,0.14479049069060324,1.558562870727699
2333,28.5,31.322235553923925,31.322235553923925,2.8222355539239246,9.90258089096114
1575,6.8,8.960493411852166,8.960493411852166,2.1604934118521664,31.771961939002445
6763,35.89,42.02875084166293,42.02875084166293,6.138750841662926,17.104348959774104
5733,20.0,32.34819127947094,32.34819127947094,12.348191279470939,61.740956397354694
3295,11.0,10.934096351407733,10.934096351407733,0.0659036485922666,0.5991240781115146
3985,19.5,15.714151675557499,15.714151675557499,3.785848324442501,19.414606792012826
5958,89.09,96.55465926245073,96.55465926245073,7.4646592624507235,8.378784669941322
3641,13.8,10.625707923109095,10.625707923109095,3.1742920768909055,23.00211649920946
1163,5.39,5.555707337853569,5.555707337853569,0.1657073378535694,3.074347641068078
3781,8.5,10.435781877653147,10.435781877653147,1.935781877653147,22.7739044429782
1554,23.99,22.68220527800721,22.68220527800721,1.3077947219927886,5.4514160983442626
19,10.0,5.2573681929558,5.2573681929558,4.7426318070442,47.426318070441994
3257,7.1,12.940802053316892,12.940802053316892,5.840802053316892,82.2648176523506
3279,6.699999,7.752112147155013,7.752112147155013,1.052113147155013,15.703183644579841
982,1.7,2.588550193909713,2.588550193909713,0.8885501939097129,52.267658465277236
6602,12.15,14.621857822200894,14.621857822200894,2.471857822200894,20.344508824698714
239,4.8,5.26786606302554,5.26786606302554,0.46786606302554024,9.747209646365421
7053,20.99,23.38661306771371,23.38661306771371,2.3966130677137123,11.417880265429787
2509,22.05,20.405471970047714,20.405471970047714,1.644528029952287,7.458177006586336
3800,7.3,4.603783002363306,4.603783002363306,2.696216997636694,36.93447941968074
6775,25.99,36.84023603649982,36.84023603649982,10.850236036499819,41.747733884185536
1322,2.5,3.734981412807457,3.734981412807457,1.234981412807457,49.39925651229828
3842,10.9,14.586374100802116,14.586374100802116,3.686374100802116,33.819945878918496
3166,10.9,8.203272706827065,8.203272706827065,2.696727293172936,24.740617368559043
4381,12.0,12.391917910757872,12.391917910757872,0.3919179107578721,3.265982589648934
5635,15.999,27.970903563108592,27.970903563108592,11.971903563108592,74.82907408655912
5514,28.49,28.451619177912846,28.451619177912846,0.03838082208715221,0.1347168202427245
1965,4.5,4.911421723044597,4.911421723044597,0.41142172304459734,9.142704956546607
2486,4.686,9.427050490732977,9.427050490732977,4.741050490732977,101.17478640061839
4706,3.0,4.630671399532234,4.630671399532234,1.6306713995322344,54.35571331774115
2676,6.2,5.699617140850998,5.699617140850998,0.5003828591490018,8.070691276596802
1726,6.799999,8.916604566959197,8.916604566959197,2.1166055669591977,31.126557032717177
332,4.0,3.649240178824069,3.649240178824069,0.35075982117593085,8.768995529398271
4728,4.99,5.555707337853569,5.555707337853569,0.5657073378535689,11.336820397867111
3544,4.75,8.75688135081641,8.75688135081641,4.0068813508164105,84.35539685929285
6459,13.19,9.874676489630051,9.874676489630051,3.3153235103699483,25.13512896413911
1562,25.0,27.45733131201852,27.45733131201852,2.457331312018521,9.829325248074085
3989,4.5,5.181025776907987,5.181025776907987,0.6810257769079868,15.133906153510818
1320,29.5,31.27992259002247,31.27992259002247,1.779922590022469,6.033635898381251
6674,35.99,38.89916416099959,38.89916416099959,2.9091641609995875,8.083256907473151
2036,10.799,12.574071000938488,12.574071000938488,1.775071000938489,16.43736457948411
3774,5.5,4.779257845961812,4.779257845961812,0.720742154038188,13.104402800694325
3121,8.2,7.994613184047436,7.994613184047436,0.20538681595256314,2.504717267714185
2650,3.6,5.907422018929463,5.907422018929463,2.3074220189294627,64.09505608137397
4595,3.95,3.8361255806494725,3.8361255806494725,0.11387441935052767,2.882896692418422
2471,3.55,3.0445225734506796,3.0445225734506796,0.5054774265493203,14.238800747868178
4397,10.8,7.132835081374904,7.132835081374904,3.6671649186250965,33.95523072801015
6418,5.8,6.334678704369198,6.334678704369198,0.5346787043691981,9.218598351193071
1888,13.8,23.028046874665073,23.028046874665073,9.228046874665072,66.86990488887733
5537,25.99,18.732876702638446,18.732876702638446,7.257123297361552,27.9227522022376
7214,57.99,56.62646893596999,56.62646893596999,1.3635310640300133,2.3513210278151635
2519,29.5,31.173971034184877,31.173971034184877,1.673971034184877,5.674478081982634
1142,13.89,14.228088830340122,14.228088830340122,0.33808883034012105,2.4340448548604825
308,11.3,7.256457835151029,7.256457835151029,4.043542164848971,35.783558980964344
5255,1.99,2.3296949086325185,2.3296949086325185,0.3396949086325185,17.070095911181834
381,4.5,7.219687920381966,7.219687920381966,2.7196879203819657,60.43750934182146
4118,7.5,7.163715412517057,7.163715412517057,0.3362845874829432,4.483794499772576
3617,7.2,6.085392463781469,6.085392463781469,1.1146075362185313,15.480660225257378
1400,9.8,6.928254189010469,6.928254189010469,2.8717458109895313,29.303528683566643
7075,23.5,20.755699786727575,20.755699786727575,2.7443002132724246,11.677873247967764
6806,14.4,14.56851367969345,14.56851367969345,0.168513679693449,1.1702338867600626
2465,4.3,2.718377168298595,2.718377168298595,1.581622831701405,36.781926318637325
994,10.5,12.473039789973807,12.473039789973807,1.9730397899738072,18.790855142607686
683,4.7,6.216452236997572,6.216452236997572,1.516452236997572,32.26494121271429
3428,7.9,8.124842295844122,8.124842295844122,0.2248422958441214,2.846105010685081
2906,11.9,10.687586681582154,10.687586681582154,1.2124133184178465,10.188347213595348
2984,12.8,10.000006061798224,10.000006061798224,2.7999939382017764,21.87495264220138
457,2.7,4.170385740913773,4.170385740913773,1.4703857409137724,54.458731144954534
4028,4.8,4.465840855743085,4.465840855743085,0.3341591442569145,6.9616488386857185
3622,3.8,6.479443279326901,6.479443279326901,2.679443279326901,70.51166524544477
756,2.95,4.323466291343193,4.323466291343193,1.3734662913431928,46.558179367565856
5845,21.99,24.31759077624664,24.31759077624664,2.327590776246641,10.584769332635931
4100,1.5,2.4590262611504006,2.4590262611504006,0.9590262611504006,63.93508407669337
1046,11.89,8.080082561016091,8.080082561016091,3.809917438983909,32.043039856887376
1024,4.49,2.409466294215335,2.409466294215335,2.0805337057846653,46.337053580950226
2344,13.4,13.33026283070615,13.33026283070615,0.06973716929384999,0.5204266365212685
2997,3.2,9.228191114248375,9.228191114248375,6.028191114248375,188.3809723202617
4591,3.55,6.9842126092315935,6.9842126092315935,3.4342126092315937,96.73838335863645
4974,26.9,18.408823626946855,18.408823626946855,8.491176373053143,31.565711423989384
1515,28.2,29.467336818540357,29.467336818540357,1.2673368185403575,4.494102193405523
5186,24.19,19.97743235261807,19.97743235261807,4.212567647381931,17.414500402571026
1737,4.3,5.916840457828005,5.916840457828005,1.6168404578280056,37.600940879721065
6156,22.85,26.250944903851117,26.250944903851117,3.4009449038511157,14.883785137204006
1869,5.6,6.785699467774762,6.785699467774762,1.1856994677747625,21.17320478169219
6526,22.99,22.998791056659023,22.998791056659023,0.008791056659024576,0.0382386109570447
1042,3.5,0.7378211179084744,0.7378211179084744,2.7621788820915256,78.91939663118644
3442,6.5,5.323970919478967,5.323970919478967,1.1760290805210332,18.092755084938972
50,7.5,9.322497488732841,9.322497488732841,1.8224974887328411,24.29996651643788
786,6.5,5.9798428253243205,5.9798428253243205,0.5201571746756795,8.00241807193353
245,18.5,24.725124468194423,24.725124468194423,6.225124468194423,33.649321449699585
5303,4.25,9.258672708569042,9.258672708569042,5.008672708569042,117.8511225545657
3076,14.0,11.668480105534325,11.668480105534325,2.331519894465675,16.65371353189768
5462,37.19,26.668483924958586,26.668483924958586,10.521516075041411,28.291250537890328
7234,54.95,37.62501302190475,37.62501302190475,17.324986978095254,31.52863872264832
625,7.5,9.693807462611623,9.693807462611623,2.1938074626116233,29.25076616815498
6414,26.59,18.345680913273245,18.345680913273245,8.244319086726755,31.005336918867073
2272,5.7,4.784359481612768,4.784359481612768,0.9156405183872325,16.063868743635656
4812,12.99,13.652030631313297,13.652030631313297,0.6620306313132964,5.0964636744672545
7182,57.28,35.752133347453764,35.752133347453764,21.527866652546237,37.58356608335586
4894,6.9,6.527492286474677,6.527492286474677,0.37250771352532297,5.398662514859753
6403,5.3,6.281871981623585,6.281871981623585,0.981871981623585,18.52588644572802
1025,12.5,9.427050490732977,9.427050490732977,3.0729495092670227,24.58359607413618
5457,53.99,41.68256125081264,41.68256125081264,12.307438749187362,22.795774678991222
2926,7.5,9.560751852545227,9.560751852545227,2.060751852545227,27.476691367269694
321,31.8,33.70024505557055,33.70024505557055,1.9002450555705472,5.975613382297318
3326,17.0,21.642966097060093,21.642966097060093,4.642966097060093,27.311565276824073
3105,11.9,14.60243713168513,14.60243713168513,2.70243713168513,22.70955572844647
1893,4.5,3.270302106325021,3.270302106325021,1.2296978936749792,27.32661985944398
4920,6.8,5.993633628704474,5.993633628704474,0.8063663712955256,11.858328989640082
2138,11.49,11.24592921649792,11.24592921649792,0.2440707835020799,2.1242017711234107
5476,40.49,28.761411857732718,28.761411857732718,11.728588142267284,28.96662914859788
3475,1.55,1.896748495393858,1.896748495393858,0.346748495393858,22.37087067057148
4098,11.0,12.319006084041625,12.319006084041625,1.3190060840416251,11.990964400378411
7001,45.499,38.76005948805407,38.76005948805407,6.738940511945934,14.811183788535867
5321,14.799,20.296807041573874,20.296807041573874,5.497807041573875,37.14985500083705
5339,2.7,3.326132330430406,3.326132330430406,0.6261323304304058,23.190086312237252
4296,24.5,23.018859175990222,23.018859175990222,1.4811408240097776,6.045472751060317
3767,5.9,5.808911082536607,5.808911082536607,0.09108891746339332,1.5438799570066661
2126,16.3,21.680893387829183,21.680893387829183,5.3808933878291825,33.011615876252655
4279,5.9,4.585965468195397,4.585965468195397,1.3140345318046034,22.27177172550175
233,3.8,5.8433932403965,5.8433932403965,2.0433932403965,53.77350632622368
65,15.0,12.041174587649047,12.041174587649047,2.9588254123509525,19.72550274900635
5856,20.709,29.60067850516636,29.60067850516636,8.891678505166361,42.93630066718027
1595,14.5,15.277799344398574,15.277799344398574,0.7777993443985736,5.364133409645335
5133,9.8,15.714151675557499,15.714151675557499,5.914151675557498,60.348486485280596
2656,20.9,22.907718164349877,22.907718164349877,2.0077181643498783,9.60630700645875
3218,32.99,42.606652376814694,42.606652376814694,9.616652376814692,29.15020423405484
509,5.0,5.101815977768371,5.101815977768371,0.10181597776837137,2.0363195553674274
6253,15.5,18.776321457435664,18.776321457435664,3.276321457435664,21.137557789907508
6481,18.99,29.04460926596294,29.04460926596294,10.054609265962942,52.9468629065979
576,26.7,14.18975137211251,14.18975137211251,12.510248627887488,46.85486377485951
217,4.999999,4.4626834798010755,4.4626834798010755,0.5373155201989244,10.746312553240998
5697,15.59,23.60444031315439,23.60444031315439,8.014440313154392,51.40757096314555
7082,11.9,13.783906795245269,13.783906795245269,1.8839067952452684,15.831149539876204
3757,4.0,4.64091155727861,4.64091155727861,0.6409115572786099,16.02278893196525
3954,9.2,13.757197958932974,13.757197958932974,4.557197958932974,49.53476042318451
6731,24.5,22.471428190367174,22.471428190367174,2.028571809632826,8.27988493727684
6889,39.9,28.54300988066334,28.54300988066334,11.356990119336658,28.4636343843024
2115,10.5,6.1913555271602,6.1913555271602,4.3086444728398,41.034709265140954
3467,2.0,3.893825469532045,3.893825469532045,1.893825469532045,94.69127347660225
4871,17.5,18.278774330962857,18.278774330962857,0.7787743309628574,4.450139034073471
6130,20.5,33.03192131618147,33.03192131618147,12.531921316181467,61.13132349356813
3478,9.0,9.427050490732977,9.427050490732977,0.4270504907329773,4.745005452588637
4487,4.499999,7.458729414925747,7.458729414925747,2.958730414925747,65.74957938714536
3933,29.99,25.174763929607067,25.174763929607067,4.815236070392931,16.056138947625648
3347,7.6,7.062118365340641,7.062118365340641,0.5378816346593585,7.0773899297284
1261,6.5,5.837117936233131,5.837117936233131,0.6628820637668689,10.198185596413367
4382,9.5,11.688514041929755,11.688514041929755,2.1885140419297553,23.036989915050054
3163,9.65,10.631599994017272,10.631599994017272,0.9815999940172713,10.172020663391413
1412,4.0,3.8626631363871713,3.8626631363871713,0.1373368636128287,3.4334215903207177
1281,14.0,7.171907652656516,7.171907652656516,6.828092347343484,48.772088195310594
4588,6.0,8.381345180481357,8.381345180481357,2.3813451804813575,39.68908634135595
2917,6.2,5.4807021338024775,5.4807021338024775,0.7192978661975227,11.601578487056816
1565,13.6,19.3823250414087,19.3823250414087,5.782325041408699,42.51709589271102
6580,22.562,14.68723287753094,14.68723287753094,7.874767122469061,34.90278841622666
4002,7.6,6.504644656565366,6.504644656565366,1.0953553434346333,14.412570308350439
6500,7.899,12.760353678824185,12.760353678824185,4.861353678824185,61.54391288548151
6365,25.4,29.62191436126556,29.62191436126556,4.221914361265561,16.621710083722686
6900,21.699,17.886596380588415,17.886596380588415,3.8124036194115867,17.56948992769983
3007,5.0,8.14580504222069,8.14580504222069,3.1458050422206902,62.916100844413805
1315,9.2,10.44549487903523,10.44549487903523,1.2454948790352312,13.537987815600339
3885,2.3,4.553157464944624,4.553157464944624,2.253157464944624,97.96336804107062
3745,12.4,11.663750060652582,11.663750060652582,0.7362499393474184,5.937499510866277
6498,18.006229,40.34450263901515,40.34450263901515,22.338273639015146,124.0585890527947
1702,40.99,32.4452888977965,32.4452888977965,8.5447111022035,20.845843137847037
1839,6.2,8.071418260406853,8.071418260406853,1.8714182604068528,30.184165490433106
503,10.5,5.590771300590305,5.590771300590305,4.909228699409695,46.7545590419971
7023,38.9,49.10075015398972,49.10075015398972,10.200750153989723,26.223008107942736
5818,9.79,11.128174859206704,11.128174859206704,1.3381748592067044,13.668793250323846
4694,11.0,4.112980970176148,4.112980970176148,6.887019029823852,62.60926390748956
1721,36.0,38.47651807912598,38.47651807912598,2.476518079125981,6.879216886461058
7187,50.999,87.94220812961079,87.94220812961079,36.94320812961079,72.43908337342063
4618,14.99,14.228088830340122,14.228088830340122,0.7619111696598786,5.08279632861827
1803,18.8,18.408823626946855,18.408823626946855,0.39117637305314545,2.0807253885805608
1385,4.2,5.700756965138778,5.700756965138778,1.5007569651387778,35.732308693780425
1373,1.2,2.551567806938909,2.551567806938909,1.351567806938909,112.63065057824242
5834,26.9,29.265951185787696,29.265951185787696,2.365951185787697,8.795357567984006
5654,44.99,55.439411463177045,55.439411463177045,10.449411463177043,23.226075712774044
5670,16.0,18.68261233829779,18.68261233829779,2.6826123382977904,16.76632711436119
856,6.9,6.815462804537729,6.815462804537729,0.08453719546227134,1.2251767458300193
2458,13.899999,8.09954227999282,8.09954227999282,5.80045672000718,41.72990746263493
2726,7.8,12.339894882434038,12.339894882434038,4.539894882434038,58.20378054402613
5886,37.99,31.19821491272603,31.19821491272603,6.791785087273972,17.877823341073892
4252,24.79,22.907718164349877,22.907718164349877,1.8822818356501223,7.592907767850433
3269,8.1,5.959320126119405,5.959320126119405,2.140679873880595,26.428146591118455
2505,6.0,7.628009126581297,7.628009126581297,1.628009126581297,27.133485443021616
318,1.7,2.148299419988634,2.148299419988634,0.4482994199886339,26.37055411697846
6053,30.49,34.28246048848277,34.28246048848277,3.792460488482771,12.438374839235063
176,4.7,5.837117936233131,5.837117936233131,1.137117936233131,24.193998643258105
5683,80.49,67.63884501752666,67.63884501752666,12.851154982473332,15.9661510528927
4967,2.0,2.896744389636355,2.896744389636355,0.8967443896363552,44.837219481817755
3100,2.6,7.8384584993065145,7.8384584993065145,5.238458499306514,201.47917305025055
2840,1.85,3.0826769932593816,3.0826769932593816,1.2326769932593815,66.63118882483144
6504,14.2,19.58277825259196,19.58277825259196,5.382778252591962,37.906889102760296
3043,2.7,2.96446057317886,2.96446057317886,0.2644605731788596,9.794836043661467
3169,12.5,8.846448984003697,8.846448984003697,3.653551015996303,29.22840812797042
468,4.6,5.796637768127294,5.796637768127294,1.1966377681272942,26.013864524506396
472,28.5,21.15353223756682,21.15353223756682,7.3464677624331785,25.777079868186593
91,7.9,5.134224732766462,5.134224732766462,2.765775267233538,35.009813509285294
4304,2.7,4.567449936654462,4.567449936654462,1.8674499366544621,69.16481246868378
4149,5.8,7.067513402614984,7.067513402614984,1.2675134026149841,21.85367935543076
1047,5.6,6.645281801185577,6.645281801185577,1.0452818011855776,18.665746449742457
6571,129.29,116.34428447139553,116.34428447139553,12.945715528604467,10.012928709571094
6768,9.49,9.130466667105187,9.130466667105187,0.35953333289481293,3.788549345572317
435,5.5,7.76289084984613,7.76289084984613,2.26289084984613,41.14346999720237
6016,151.89,152.85308301041886,152.85308301041886,0.9630830104188703,0.6340661073269277
1335,20.49,16.798972668307805,16.798972668307805,3.6910273316921938,18.013798592934087
1352,8.9,8.267649568696438,8.267649568696438,0.6323504313035624,7.105061025882724
4074,2.55,4.731619996057807,4.731619996057807,2.1816199960578073,85.55372533560029
4868,5.9,6.178137498077824,6.178137498077824,0.2781374980778235,4.714194882674974
6046,25.09,24.014925484072734,24.014925484072734,1.075074515927266,4.284872522627605
5546,18.99,21.211912213898568,21.211912213898568,2.2219122138985696,11.700432932588573
4207,8.8,8.07872113646489,8.07872113646489,0.72127886353511,8.196350721989885
3758,11.5,16.529506760690726,16.529506760690726,5.029506760690726,43.73484139731066
106,7.7,5.999846250436596,5.999846250436596,1.7001537495634045,22.07991882549876
5694,19.0,25.667251253880128,25.667251253880128,6.667251253880128,35.090796073053305
5676,26.99,26.53608817326719,26.53608817326719,0.45391182673280994,1.6817777944898482
4791,4.1,5.4279839871544695,5.4279839871544695,1.3279839871544699,32.389853345230975
5900,27.9,15.795493656034546,15.795493656034546,12.104506343965452,43.38532739772564
5313,12.9,12.6699292988911,12.6699292988911,0.23007070110890027,1.7834938070457385
3333,10.99,11.055598299538278,11.055598299538278,0.06559829953827823,0.5968908056258255
4086,15.0,15.432277050344213,15.432277050344213,0.43227705034421327,2.881847002294755
1617,12.99,12.439918057003556,12.439918057003556,0.5500819429964441,4.234656989964927
2252,4.0,1.7456139042211323,1.7456139042211323,2.2543860957788677,56.359652394471695
4860,7.8,10.832758110885255,10.832758110885255,3.032758110885255,38.881514242118655
5584,9.299,13.029341140056095,13.029341140056095,3.7303411400560957,40.11550854990962
3494,15.9,16.476593091700128,16.476593091700128,0.5765930917001274,3.6263716459127506
1498,6.666,5.777299199394854,5.777299199394854,0.8887008006051467,13.331845193596559
996,6.5,8.080082561016091,8.080082561016091,1.5800825610160913,24.30896247717064
5912,15.3205,11.605071672373676,11.605071672373676,3.7154283276263236,24.25135163752047
6638,87.999,94.13129169552428,94.13129169552428,6.132291695524287,6.968592478919406
41,18.0,17.95539226305739,17.95539226305739,0.04460773694260922,0.24782076079227344
5253,17.2,20.475630590872576,20.475630590872576,3.275630590872577,19.04436390042196
5689,13.69,12.547062329985145,12.547062329985145,1.1429376700148541,8.34870467505372
3282,3.7,7.89369691432142,7.89369691432142,4.1936969143214196,113.34315984652486
1539,7.3,4.5037462264130035,4.5037462264130035,2.7962537735869963,38.3048462135205
1805,8.9,9.642677344861891,9.642677344861891,0.7426773448618906,8.34468926811113
1144,2.9,9.385944896507624,9.385944896507624,6.485944896507624,223.65327229336634
6198,34.79,36.88937184617126,36.88937184617126,2.099371846171259,6.034411745246505
2615,6.5,6.945823265588421,6.945823265588421,0.44582326558842134,6.858819470591097
2114,14.99,15.443632707208987,15.443632707208987,0.4536327072089872,3.0262355384188604
5792,10.89,7.745775854956032,7.745775854956032,3.1442241450439683,28.872581680844515
4546,11.0,13.041768763028825,13.041768763028825,2.0417687630288253,18.561534209352956
3172,1.0,5.040752710404462,5.040752710404462,4.040752710404462,404.0752710404462
167,9.2,18.312165183982046,18.312165183982046,9.112165183982047,99.0452737389353
2337,11.3,11.213361389450782,11.213361389450782,0.08663861054921895,0.7667133676922031
6928,39.18,29.501357325613412,29.501357325613412,9.678642674386587,24.703018566581385
3964,5.4,3.0031744788363355,3.0031744788363355,2.396825521163665,44.38565779932712
2445,25.0,25.917488212161366,25.917488212161366,0.9174882121613663,3.669952848645466
7257,17.99,24.100474271966853,24.100474271966853,6.110474271966854,33.96594926051615
3341,1.9,4.749404132681693,4.749404132681693,2.8494041326816935,149.9686385621944
4103,1.3,2.7377815133858476,2.7377815133858476,1.4377815133858476,110.5985779527575
3017,18.5,14.60243713168513,14.60243713168513,3.8975628683148695,21.067907396296594
6151,13.09,13.384377867327718,13.384377867327718,0.294377867327718,2.248875991808388
4958,8.99,10.858838659939291,10.858838659939291,1.868838659939291,20.787971745709577
6935,25.4,39.405589523453,39.405589523453,14.005589523453004,55.14011623406695
789,3.6,6.5558059805847275,6.5558059805847275,2.9558059805847274,82.10572168290909
4617,19.2,14.753243357857118,14.753243357857118,4.446756642142882,23.160190844494178
1097,3.5,3.753669072015951,3.753669072015951,0.2536690720159509,7.247687771884312
3206,15.3,13.875380893655368,13.875380893655368,1.4246191063446325,9.311235989180604
6535,19.99,23.012807679755497,23.012807679755497,3.0228076797554984,15.121599198376682
6251,31.49,25.009966783496743,25.009966783496743,6.480033216503255,20.578066740245333
544,4.0,6.099653141478177,6.099653141478177,2.0996531414781767,52.49132853695442
6770,19.299,18.24645305936111,18.24645305936111,1.0525469406388908,5.453893676557805
5924,14.25,16.173359568426292,16.173359568426292,1.9233595684262923,13.497260129307314
4838,2.4,4.401923719801973,4.401923719801973,2.001923719801973,83.41348832508221
6194,19.59,16.15642833172397,16.15642833172397,3.4335716682760307,17.527165228565753
6068,7.39,8.64399734336806,8.64399734336806,1.2539973433680602,16.9688409116111
4229,16.7,15.344876231897798,15.344876231897798,1.3551237681022013,8.114513581450307
877,9.5,4.560510069305314,4.560510069305314,4.939489930694686,51.994630849417746
3908,9.7,7.269969411703223,7.269969411703223,2.430030588296776,25.05186173501831
3914,12.8,9.126482094433758,9.126482094433758,3.673517905566243,28.699358637236273
5397,10.9,8.688894152790528,8.688894152790528,2.2111058472094722,20.28537474504103
1078,8.2,5.863354905788096,5.863354905788096,2.336645094211903,28.495671880632965
5983,42.7,72.47601865028999,72.47601865028999,29.776018650289984,69.73306475477747
4990,10.5,8.537254328406622,8.537254328406622,1.9627456715933782,18.692815919936937
511,13.0,10.305988626100213,10.305988626100213,2.6940113738997873,20.72316441461375
2375,4.4,4.018041875056273,4.018041875056273,0.3819581249437274,8.680866475993804
2877,15.6,18.408823626946855,18.408823626946855,2.8088236269468556,18.00527965991574
2069,1.5,2.358301578122475,2.358301578122475,0.8583015781224752,57.220105208165016
4851,3.5,2.7025251704555338,2.7025251704555338,0.7974748295444662,22.784995129841892
3262,11.0,7.988579622982812,7.988579622982812,3.0114203770171883,27.37654888197444
4934,10.89,18.96611983226441,18.96611983226441,8.07611983226441,74.16088000242802
1302,8.9,13.648850705906739,13.648850705906739,4.748850705906738,53.357873100075714
6045,47.89,46.890748562278716,46.890748562278716,0.9992514377212842,2.086555518315482
4394,2.5,4.072940021938928,4.072940021938928,1.572940021938928,62.91760087755712
3689,16.3,17.010807479655025,17.010807479655025,0.7108074796550241,4.360782083773153
3159,8.5,7.7507507226038115,7.7507507226038115,0.7492492773961885,8.81469738113163
858,7.99,10.002587724637301,10.002587724637301,2.012587724637301,25.188832598714654
4678,19.9,18.598717986890563,18.598717986890563,1.3012820131094358,6.539105593514753
7140,24.85,31.82738169873169,31.82738169873169,6.977381698731687,28.077994763507792
7028,12.5,20.48602721940486,20.48602721940486,7.9860272194048605,63.888217755238884
7112,25.99,35.071167816057184,35.071167816057184,9.081167816057185,34.94100737228621
4357,9.9,14.60243713168513,14.60243713168513,4.70243713168513,47.49936496651647
2890,7.9,8.611159961713621,8.611159961713621,0.7111599617136211,9.002024831817987
4794,8.8,12.073819312389725,12.073819312389725,3.2738193123897243,37.202492186246864
2024,12.0,15.445955109179653,15.445955109179653,3.4459551091796534,28.71629257649711
4194,16.5,15.055916641790652,15.055916641790652,1.4440833582093475,8.752020352783925
4921,4.5,3.808018989825893,3.808018989825893,0.6919810101741071,15.377355781646823
5356,9.5,7.760059677442515,7.760059677442515,1.7399403225574854,18.315161290078795
743,5.3,5.970870998131298,5.970870998131298,0.6708709981312984,12.657943360967893
2499,1.15,2.033205872076538,2.033205872076538,0.8832058720765379,76.80051061535113
4241,9.3,11.341021589455867,11.341021589455867,2.041021589455866,21.946468703826515
179,25.99,18.05867269028537,18.05867269028537,7.931327309714629,30.516842284396418
3613,8.5,5.999846250436596,5.999846250436596,2.5001537495634043,29.413573524275343
3693,20.0,13.727946522781501,13.727946522781501,6.272053477218499,31.360267386092495
3771,7.0,8.408153320135309,8.408153320135309,1.408153320135309,20.116476001932984
6566,35.55,38.299519309528236,38.299519309528236,2.749519309528239,7.734231531725004
31,11.0,8.44229987635724,8.44229987635724,2.5577001236427606,23.251819305843277
5151,6.8,6.611452929377469,6.611452929377469,0.18854707062253073,2.7727510385666285
2484,3.2,4.116234802418038,4.116234802418038,0.916234802418038,28.63233757556369
168,11.5,8.536797518056709,8.536797518056709,2.9632024819432914,25.76697810385471
3248,2.8,2.785282454845788,2.785282454845788,0.014717545154211642,0.5256266126504159
642,5.0,6.442856615955353,6.442856615955353,1.4428566159553533,28.857132319107066
1483,14.9,13.078818688333309,13.078818688333309,1.8211813116666917,12.222693366890548
1790,6.0,5.970870998131298,5.970870998131298,0.02912900186870182,0.48548336447836365
5035,8.0,5.806698974288974,5.806698974288974,2.193301025711026,27.416262821387825
3982,3.0,9.184472791463591,9.184472791463591,6.184472791463591,206.14909304878637
7092,62.49,60.10899554081239,60.10899554081239,2.381004459187615,3.810216769383285
6492,22.89,26.968141186093078,26.968141186093078,4.078141186093077,17.81625681997849
6912,19.899,20.320951835084426,20.320951835084426,0.4219518350844247,2.120467536481354
6178,24.5,27.690389045030685,27.690389045030685,3.1903890450306847,13.021996102166058
6644,18.15,13.807209151140416,13.807209151140416,4.3427908488595826,23.927222307766296
2758,9.5,6.527492286474677,6.527492286474677,2.9725077135253226,31.28955487921392
3412,12.6,8.418016263701265,8.418016263701265,4.181983736298735,33.19034711348202
6122,20.7,21.429007527613148,21.429007527613148,0.7290075276131489,3.5217754957156955
800,2.5,4.530863273282915,4.530863273282915,2.0308632732829146,81.23453093131658
1954,10.5,9.063948775293522,9.063948775293522,1.4360512247064783,13.67667833053789
7248,48.99,34.223615260035444,34.223615260035444,14.766384739964558,30.141630414297932
5306,4.0,3.469516268269601,3.469516268269601,0.5304837317303992,13.26209329325998
6637,15.69,12.009826840714245,12.009826840714245,3.6801731592857543,23.455533201311376
2119,20.5,21.849402105863007,21.849402105863007,1.3494021058630068,6.582449296892716
5309,3.5,4.216539440609859,4.216539440609859,0.7165394406098589,20.47255544599597
5660,25.49,30.818352245869193,30.818352245869193,5.328352245869194,20.90369653146016
5679,19.5,24.100474271966853,24.100474271966853,4.600474271966853,23.592175753676166
1406,8.7,8.146031359649768,8.146031359649768,0.5539686403502309,6.36745563620955
1501,9.8,8.13562700783733,8.13562700783733,1.6643729921626704,16.98339787921092
1074,5.3,5.659742987683741,5.659742987683741,0.3597429876837408,6.787603541202657
500,13.6,12.378573049490543,12.378573049490543,1.221426950509457,8.981080518451892
437,17.5,15.714151675557499,15.714151675557499,1.785848324442501,10.204847568242863
5437,9.5,9.894084377736121,9.894084377736121,0.3940843777361209,4.148256607748642
4113,8.9,5.808911082536607,5.808911082536607,3.0910889174633933,34.73133615127408
3386,3.6,3.7140409642227805,3.7140409642227805,0.11404096422278043,3.1678045617439006
6683,22.99,22.404292505259313,22.404292505259313,0.5857074947406851,2.5476620040917144
80,16.9,11.17921193002634,11.17921193002634,5.720788069973658,33.85081698209265
1608,19.99,13.816943439997203,13.816943439997203,6.173056560002795,30.880723161594776
960,5.0,8.45480442908878,8.45480442908878,3.45480442908878,69.09608858177559
3114,22.5,29.523805850757192,29.523805850757192,7.023805850757192,31.216914892254188
5198,3.8,5.837117936233131,5.837117936233131,2.0371179362331313,53.60836674297714
4628,13.0,18.312165183982046,18.312165183982046,5.312165183982046,40.8628091075542
1632,12.19,13.479956210909632,13.479956210909632,1.289956210909633,10.582085405329229
3305,4.8,4.394937672611954,4.394937672611954,0.4050623273880456,8.438798487250951
5935,21.3,22.992287553393076,22.992287553393076,1.6922875533930757,7.9450119877609175
5419,9.5,8.486091447159554,8.486091447159554,1.0139085528404461,10.672721608846802
2477,3.0,4.364077686273248,4.364077686273248,1.364077686273248,45.469256209108266
5506,16.45,15.155536712195499,15.155536712195499,1.2944632878045006,7.869077737413378
6399,22.45,15.178847991879339,15.178847991879339,7.27115200812066,32.38820493594949
5517,51.999,37.01103309309222,37.01103309309222,14.98796690690778,28.823567581891535
534,6.9,8.867938731580907,8.867938731580907,1.9679387315809063,28.520851182331974
5701,26.69,22.51934120185691,22.51934120185691,4.170658798143091,15.626297482739194
2794,20.3,13.049844243235855,13.049844243235855,7.250155756764146,35.71505298898594
585,4.5,4.036496526659445,4.036496526659445,0.4635034733405554,10.300077185345675
6722,50.9,51.164504826676605,51.164504826676605,0.2645048266766068,0.5196558480876362
4970,25.0,18.85127044042239,18.85127044042239,6.14872955957761,24.59491823831044
1451,2.75,4.654230017452647,4.654230017452647,1.9042300174526474,69.244727907369
6275,25.49,23.850503323951514,23.850503323951514,1.6394966760484841,6.431921051582911
1410,30.5,22.10290361775771,22.10290361775771,8.397096382242289,27.53146354833537
5684,20.59,37.85418345529074,37.85418345529074,17.264183455290738,83.84741843268935
4536,10.0,10.631599994017272,10.631599994017272,0.6315999940172716,6.315999940172716
866,15.0,9.560751852545227,9.560751852545227,5.439248147454773,36.26165431636515
4638,2.0,-0.5690545136022571,0.0,2.0,100.0
6358,54.8,43.79650043885459,43.79650043885459,11.003499561145404,20.079378761214244
4679,3.95,9.042728499028517,9.042728499028517,5.092728499028516,128.92983541844345
742,7.1,5.916840457828005,5.916840457828005,1.1831595421719943,16.664218903830903
1544,6.9,5.848751329709351,5.848751329709351,1.051248670290649,15.235487975226796
5509,53.29,44.24296014353255,44.24296014353255,9.04703985646745,16.976993538126194
2706,18.9,12.28769730014899,12.28769730014899,6.612302699851009,34.98572857064026
3734,7.89,6.512651424238449,6.512651424238449,1.377348575761551,17.456889426635627
2589,8.2,9.427050490732977,9.427050490732977,1.227050490732978,14.964030374792417
5283,2.5,3.790160172316819,3.790160172316819,1.2901601723168188,51.60640689267275
6816,50.709,42.1273695803833,42.1273695803833,8.581630419616701,16.92328860678913
5944,15.9,17.64665739890733,17.64665739890733,1.7466573989073293,10.985266659794524
4253,3.7,2.508748847756726,2.508748847756726,1.1912511522432743,32.19597708765606
748,16.5,12.550426591499951,12.550426591499951,3.949573408500049,23.936808536363934
4055,5.79,8.039778009698727,8.039778009698727,2.249778009698727,38.85626959756006
401,5.3,5.606071969121496,5.606071969121496,0.30607196912149615,5.774942813613134
3749,20.8,19.71436932958484,19.71436932958484,1.08563067041516,5.219378223149807
157,7.5,7.103753515841942,7.103753515841942,0.3962464841580582,5.283286455440775
5434,98.19,98.18254782725359,98.18254782725359,0.007452172746411634,0.007589543483462301
6483,29.5,25.99972457432327,25.99972457432327,3.5002754256767297,11.865340426022811
5749,14.3,14.039872883948977,14.039872883948977,0.2601271160510237,1.8190707416155498
4528,12.0,14.586374100802116,14.586374100802116,2.586374100802116,21.553117506684302
1820,8.9,5.751518857104854,5.751518857104854,3.1484811428951467,35.3761926167994
2922,9.0,9.356420346437556,9.356420346437556,0.35642034643755593,3.9602260715283992
2864,15.3,5.477773020232707,5.477773020232707,9.822226979767294,64.19756195926335
3362,3.3,2.608679084577849,2.608679084577849,0.6913209154221507,20.94911864915608
5281,1.6,2.5535849393404426,2.5535849393404426,0.9535849393404425,59.599058708777655
3803,1.4,2.961390685292516,2.961390685292516,1.561390685292516,111.52790609232257
4237,5.4,9.953593857699186,9.953593857699186,4.553593857699186,84.32581217961454
7295,47.59,42.315759095918665,42.315759095918665,5.2742409040813385,11.082666325029077
2666,4.8,4.712837294541449,4.712837294541449,0.08716270545855043,1.815889697053134
1782,13.0,6.491251867499566,6.491251867499566,6.508748132500434,50.06729332692642
5910,45.3565,41.50176253984872,41.50176253984872,3.854737460151277,8.498754225196558
2415,8.0,9.576147678957831,9.576147678957831,1.576147678957831,19.701845986972888
535,11.9,10.60103849274221,10.60103849274221,1.2989615072577898,10.915642918132686
5978,119.9,104.55617419281512,104.55617419281512,15.343825807184885,12.79718582751033
2406,1.5,1.869632675051152,1.869632675051152,0.36963267505115205,24.64217833674347
3098,5.8,5.712410769085272,5.712410769085272,0.0875892309147277,1.5101591537022019
5359,8.0,10.7166807564475,10.7166807564475,2.7166807564475004,33.958509455593756
5154,8.4,7.682656799436211,7.682656799436211,0.7173432005637892,8.539800006711776
1966,8.9,3.8801811502789025,3.8801811502789025,5.019818849721098,56.40245898563031
5416,10.5,10.44549487903523,10.44549487903523,0.05450512096476956,0.5190963901406624
1176,7.86,10.272199686979635,10.272199686979635,2.4121996869796343,30.689563447578045
5902,21.5,25.926612661428262,25.926612661428262,4.426612661428262,20.588896099666336
1760,2.8,2.09377765193868,2.09377765193868,0.7062223480613197,25.222226716475703
997,5.2,7.81806094578869,7.81806094578869,2.61806094578869,50.34732588055173
473,6.2,5.793961172263941,5.793961172263941,0.4060388277360589,6.549013350581595
2266,2.1,1.3301557335088194,1.3301557335088194,0.7698442664911807,36.65925078529432
4205,15.7,15.31515319228048,15.31515319228048,0.3848468077195193,2.4512535523536263
1882,5.2,7.43116480978354,7.43116480978354,2.2311648097835395,42.90701557276037
4222,18.9,13.364203377662916,13.364203377662916,5.535796622337083,29.28992921871473
2578,10.8,9.478966835019136,9.478966835019136,1.3210331649808644,12.231788564637633
3783,2.6,3.72960180598605,3.72960180598605,1.12960180598605,43.44622330715577
469,14.9,14.133385030804186,14.133385030804186,0.766614969195814,5.1450669073544555
5097,14.9,11.551630280543897,11.551630280543897,3.3483697194561035,22.472279996349688
7040,17.29,20.870140439482874,20.870140439482874,3.580140439482875,20.70642243772629
4712,10.0,13.607911549503305,13.607911549503305,3.6079115495033047,36.07911549503305
3997,7.0,8.530199555957118,8.530199555957118,1.5301995559571182,21.85999365653026
247,6.5,3.624642479887024,3.624642479887024,2.875357520112976,44.23626954019963
3780,17.9,9.735884937424604,9.735884937424604,8.164115062575394,45.6095813551698
2182,9.9,16.135352122758984,16.135352122758984,6.235352122758984,62.98335477534327
3395,6.5,10.314747262173102,10.314747262173102,3.8147472621731016,58.68841941804772
7097,83.99,79.95958236451428,79.95958236451428,4.030417635485719,4.798687505043123
811,4.0,3.537573747124707,3.537573747124707,0.46242625287529293,11.560656321882323
6502,26.8,22.62177593772381,22.62177593772381,4.17822406227619,15.590388292075335
1419,7.4,8.080082561016091,8.080082561016091,0.680082561016091,9.190304878595825
6733,13.9,15.59903698228569,15.59903698228569,1.6990369822856888,12.223287642343085
3625,3.9,3.907606753549757,3.907606753549757,0.007606753549757261,0.19504496281428876
228,9.0,6.607147106565202,6.607147106565202,2.3928528934347977,26.587254371497753
7107,45.5,40.873319704726256,40.873319704726256,4.626680295273744,10.168528121480755
17,18.0,25.589420894588415,25.589420894588415,7.5894208945884145,42.16344941438008
1407,10.6,10.7166807564475,10.7166807564475,0.11668075644750076,1.100761853278309
7070,59.99,69.25418864504927,69.25418864504927,9.264188645049266,15.442888223119297
2392,13.5,14.886893008245098,14.886893008245098,1.3868930082450976,10.273281542556278
6272,47.9,35.51078098387204,35.51078098387204,12.38921901612796,25.864757862480086
5439,109.0,92.59981759551565,92.59981759551565,16.400182404484354,15.046038903196656
6745,45.49,38.921427326196564,38.921427326196564,6.568572673803438,14.439596996710128
5879,10.99,17.212723716983,17.212723716983,6.222723716982999,56.62168987245677
2440,3.9,5.287709296813794,5.287709296813794,1.3877092968137945,35.58228966189217
5831,17.9,19.76465423089162,19.76465423089162,1.8646542308916203,10.417062742411288
5853,13.5,11.980705887435636,11.980705887435636,1.5192941125643635,11.25403046343973
4844,9.0,8.368168910578659,8.368168910578659,0.6318310894213415,7.020345438014905
6915,25.49,41.51289242779846,41.51289242779846,16.022892427798464,62.85952305923289
6092,21.69,22.471640755073363,22.471640755073363,0.7816407550733615,3.603691816843529
5461,23.2,18.79527216184725,18.79527216184725,4.404727838152748,18.985895854106673
2585,5.7,4.956853566067094,4.956853566067094,0.7431464339329059,13.037656735665015
543,9.9,5.848751329709351,5.848751329709351,4.051248670290649,40.92170374030958
6112,17.0,22.72688577751149,22.72688577751149,5.726885777511491,33.68756339712642
3794,16.5,12.108288895659523,12.108288895659523,4.391711104340477,26.616430935396828
4119,7.799999,4.618377731188815,4.618377731188815,3.1816212688111847,40.7900214963
3153,12.0,6.206338025395652,6.206338025395652,5.793661974604348,48.280516455036235
1535,10.499,11.360571056934187,11.360571056934187,0.8615710569341868,8.206220182247707
1832,14.5,25.2778988692424,25.2778988692424,10.7778988692424,74.33033702925793
6746,33.79,37.30036179717044,37.30036179717044,3.5103617971704395,10.388759387897128
3590,8.99,8.09954227999282,8.09954227999282,0.8904577200071806,9.904980200302342
3289,2.0,3.6640308284404206,3.6640308284404206,1.6640308284404206,83.20154142202102
96,3.8,2.416217647234955,2.416217647234955,1.3837823527650448,36.41532507276434
6679,62.99,59.85628322923849,59.85628322923849,3.1337167707615095,4.974943277919526
2094,5.7,5.848751329709351,5.848751329709351,0.14875132970935123,2.6096724510412495
4773,8.0,8.741243500805817,8.741243500805817,0.7412435008058171,9.265543760072713
2927,9.5,9.54867964554921,9.54867964554921,0.04867964554921045,0.5124173215706362
7038,44.5,34.8340030327777,34.8340030327777,9.665996967222299,21.721341499375953
156,12.99,9.735232000983125,9.735232000983125,3.2547679990168756,25.055950723763477
1022,6.4,5.861381006363954,5.861381006363954,0.5386189936360459,8.415921775563218
5447,24.49,30.235604454568097,30.235604454568097,5.745604454568099,23.461022680964064
4966,5.8,5.534526937149124,5.534526937149124,0.2654730628508757,4.57712177329096
6458,49.5,52.9528110191546,52.9528110191546,3.452811019154602,6.975375796271924
2716,12.5,13.456033099988137,13.456033099988137,0.9560330999881366,7.648264799905093
1287,15.0,14.201422737310567,14.201422737310567,0.7985772626894327,5.323848417929552
696,18.0,18.33361106518874,18.33361106518874,0.33361106518874095,1.8533948066041164
425,25.0,23.752436258550155,23.752436258550155,1.247563741449845,4.99025496579938
6872,47.39,39.917872281011114,39.917872281011114,7.472127718988887,15.767308966003139
712,10.9,13.59257673646352,13.59257673646352,2.6925767364635202,24.7025388666378
4173,2.45,2.223221905120317,2.223221905120317,0.22677809487968315,9.256248770599312
1811,16.0,16.500704893035213,16.500704893035213,0.5007048930352127,3.1294055814700794
5096,18.7,25.837901244593475,25.837901244593475,7.1379012445934755,38.170594890874206
6480,17.9,24.529719171665086,24.529719171665086,6.629719171665087,37.037537271872
447,31.49,26.282880394072812,26.282880394072812,5.207119605927186,16.535787887987254
6748,15.899,13.471302606124484,13.471302606124484,2.4276973938755155,15.269497414148786
4080,5.99,7.234412938917352,7.234412938917352,1.2444129389173515,20.774840382593514
1009,5.3,2.3457541090548215,2.3457541090548215,2.9542458909451783,55.74048850839959
592,1.5,2.040395212987592,2.040395212987592,0.5403952129875922,36.02634753250615
6096,29.85,30.16726367510634,30.16726367510634,0.31726367510633935,1.0628598831033143
1242,8.5,4.907938189581008,4.907938189581008,3.5920618104189916,42.259550710811666
3058,8.4,8.611159961713621,8.611159961713621,0.21115996171362106,2.5138090680192984
131,15.8,18.312165183982046,18.312165183982046,2.512165183982045,15.89977964545598
2404,4.5,5.57921861934209,5.57921861934209,1.0792186193420896,23.98263598537977
2306,8.95,9.408488028956047,9.408488028956047,0.45848802895604734,5.122771273251926
6277,62.5,72.7747203687264,72.7747203687264,10.274720368726406,16.43955258996225
7103,20.89,19.424792608532478,19.424792608532478,1.4652073914675228,7.0139176231092515
624,8.5,4.66189875477448,4.66189875477448,3.83810124522552,45.15413229677082
2986,6.0,5.578869467355338,5.578869467355338,0.4211305326446624,7.018842210744373
2127,8.3,7.678263574328324,7.678263574328324,0.6217364256716769,7.490800309297311
6539,43.9,41.330420618041934,41.330420618041934,2.5695793819580643,5.8532559953486665
4739,3.9,4.567449936654462,4.567449936654462,0.6674499366544624,17.11410093985801
3686,17.9,20.475630590872576,20.475630590872576,2.575630590872578,14.388997714371946
3844,6.0,6.216452236997572,6.216452236997572,0.2164522369975721,3.6075372832928685
2815,9.9,8.02556582047621,8.02556582047621,1.8744341795237904,18.933678581048387
2579,3.999999,6.202063014346578,6.202063014346578,2.202064014346578,55.05161412156798
1945,5.6,9.592900383377877,9.592900383377877,3.9929003833778776,71.30179256031924
2436,6.99,4.567449936654462,4.567449936654462,2.422550063345538,34.65736857432815
93,6.5,6.119460320219497,6.119460320219497,0.38053967978050274,5.854456612007734
6701,35.19,23.645019128426995,23.645019128426995,11.544980871573003,32.80756144237852
1375,4.868,5.970870998131298,5.970870998131298,1.1028709981312979,22.655525844932164
3903,5.6,10.41160547995608,10.41160547995608,4.81160547995608,85.92152642778716
3477,13.5,9.340902663918685,9.340902663918685,4.159097336081315,30.808128415417148
6022,42.99,44.855377680117044,44.855377680117044,1.8653776801170423,4.339096720439736
2223,8.8,5.606071969121496,5.606071969121496,3.1939280308785047,36.29463671452846
1087,13.9,16.0703009576865,16.0703009576865,2.1703009576864982,15.613675954579124
2531,2.5,4.440123901655507,4.440123901655507,1.9401239016555074,77.6049560662203
6729,78.99,63.82205788060936,63.82205788060936,15.167942119390638,19.202357411559234
6880,17.375,18.331289584966093,18.331289584966093,0.9562895849660933,5.503824949445142
764,1.8,2.8864746801227437,2.8864746801227437,1.0864746801227436,60.35970445126353
4669,6.5,6.782617195234129,6.782617195234129,0.2826171952341294,4.347956849755837
476,12.99,13.479956210909632,13.479956210909632,0.48995621090963226,3.7717953110826192
5594,56.5,55.51653131629642,55.51653131629642,0.9834686837035775,1.7406525375284558
2622,1.5,2.9314885980578183,2.9314885980578183,1.4314885980578183,95.43257320385456
5111,5.7,6.409320258319186,6.409320258319186,0.7093202583191855,12.444215058231325
6466,21.6,22.263370567313103,22.263370567313103,0.6633705673131018,3.0711600338569527
4461,10.0,8.916906066410482,8.916906066410482,1.0830939335895184,10.830939335895184
6338,13.5,14.70300738724256,14.70300738724256,1.2030073872425593,8.911165831426365
7034,23.29,20.142148693261397,20.142148693261397,3.147851306738602,13.515892257357672
2181,20.0,17.529396797190277,17.529396797190277,2.4706032028097233,12.353016014048617
6334,34.0,30.232238071503303,30.232238071503303,3.7677619284966966,11.081652730872637
2620,10.0,6.127706755017616,6.127706755017616,3.8722932449823837,38.72293244982384
5170,8.9,14.60243713168513,14.60243713168513,5.70243713168513,64.07232732230483
752,6.8,6.504644656565366,6.504644656565366,0.29535534343463343,4.343460932862256
2283,11.5,10.756531032907603,10.756531032907603,0.7434689670923973,6.464947539933889
2799,8.0,5.900493635557989,5.900493635557989,2.0995063644420107,26.24382955552513
3049,14.9,19.250320101384688,19.250320101384688,4.350320101384687,29.196779203924073
351,3.5,5.819360068753509,5.819360068753509,2.319360068753509,66.26743053581455
487,1.8,2.6552258073707637,2.6552258073707637,0.8552258073707637,47.51254485393132
927,5.0,5.606071969121496,5.606071969121496,0.606071969121496,12.12143938242992
3318,6.5,4.6360213044183105,4.6360213044183105,1.8639786955816895,28.67659531664138
1061,18.0,13.36197549728083,13.36197549728083,4.638024502719171,25.76680279288428
6018,39.39,37.78365750274034,37.78365750274034,1.6063424972596607,4.078046451535061
2191,3.5,5.2842936070071485,5.2842936070071485,1.7842936070071485,50.979817343061384
4608,2.1,3.8431272228013036,3.8431272228013036,1.7431272228013035,83.00605822863349
6128,27.9,21.782318614285455,21.782318614285455,6.117681385714544,21.92717342550016
561,12.99,12.92814362708577,12.92814362708577,0.06185637291422985,0.4761845489933014
3535,9.9,9.146720285544351,9.146720285544351,0.7532797144556493,7.6088860046025175
5501,21.99,19.196099732349158,19.196099732349158,2.793900267650841,12.705321817420835
2966,9.5,10.446782362003674,10.446782362003674,0.9467823620036739,9.966130126354463
6026,37.49,45.098261035833964,45.098261035833964,7.608261035833962,20.294107857652605
334,13.5,14.976110251662657,14.976110251662657,1.4761102516626572,10.93415001231598
2225,6.8,5.768246171470954,5.768246171470954,1.0317538285290455,15.172850419544787
4847,13.0,10.49406288168785,10.49406288168785,2.5059371183121506,19.27643937163193
5507,25.5,18.683458657121655,18.683458657121655,6.816541342878345,26.731534677954293
3213,12.5,6.228438825555907,6.228438825555907,6.271561174444093,50.172489395552745
1103,7.9,8.456018411205024,8.456018411205024,0.5560184112050237,7.038207736772452
2110,26.99,22.10290361775771,22.10290361775771,4.887096382242287,18.10706329100514
23,12.99,14.19748346709547,14.19748346709547,1.2074834670954697,9.295484735146033
4151,21.99,23.380290338521746,23.380290338521746,1.3902903385217478,6.32237534571054
1005,3.2,2.7772180890551663,2.7772180890551663,0.42278191094483386,13.211934717026057
1643,9.7,12.722555290649854,12.722555290649854,3.022555290649855,31.160363821132524
2550,59.7,51.452020819768094,51.452020819768094,8.247979180231908,13.815710519651436
3038,8.69,6.479443279326901,6.479443279326901,2.2105567206730985,25.437936946756025
4030,1.7,4.801917895156629,4.801917895156629,3.101917895156629,182.46575853862527
3817,7.999,8.203272706827065,8.203272706827065,0.2042727068270649,2.5537280513447294
1671,14.9,15.837285238564771,15.837285238564771,0.9372852385647708,6.290504956810541
1372,14.3,13.59257673646352,13.59257673646352,0.7074232635364801,4.9470158289264345
3203,30.99,27.29539233035301,27.29539233035301,3.694607669646988,11.921935042423325
445,6.9,7.282461239696214,7.282461239696214,0.38246123969621326,5.542916517336423
5433,62.99,45.08806995849538,45.08806995849538,17.90193004150462,28.420273125106554
7125,59.999,58.3524105146317,58.3524105146317,1.6465894853683025,2.744361548306309
3399,22.5,21.154507941941382,21.154507941941382,1.3454920580586176,5.979964702482745
3939,2.0,2.7645428876743328,2.7645428876743328,0.7645428876743328,38.227144383716634
5206,20.49,21.743134975859846,21.743134975859846,1.2531349758598473,6.115836875841129
6378,83.79,78.64053053846155,78.64053053846155,5.149469461538459,6.145685000045899
2592,16.99,13.479956210909632,13.479956210909632,3.510043789090366,20.659469035258187
3887,11.0,14.753243357857118,14.753243357857118,3.7532433578571176,34.12039416233743
3518,1.2,3.811810871370458,3.811810871370458,2.6118108713704578,217.65090594753818
4295,10.9,11.26428314993912,11.26428314993912,0.36428314993911926,3.3420472471478826
1128,10.8,8.998048897430401,8.998048897430401,1.8019511025695998,16.684732431199997
2570,7.5,5.848751329709351,5.848751329709351,1.6512486702906486,22.016648937208647
5277,9.6,8.916604566959197,8.916604566959197,0.6833954330408023,7.118702427508358
1783,10.6,8.589979561009182,8.589979561009182,2.010020438990818,18.96245697161149
2523,18.0,15.042082772224335,15.042082772224335,2.957917227775665,16.432873487642585
4248,5.15,3.1024534601055542,3.1024534601055542,2.047546539894446,39.75818524066885
1844,6.49,5.721392998330192,5.721392998330192,0.7686070016698086,11.84294301494312
5291,7.9,5.818963886050907,5.818963886050907,2.081036113949093,26.342229290494846
6129,24.49,24.2617183327051,24.2617183327051,0.22828166729489752,0.9321423736010516
6060,5.69,11.511564321015332,11.511564321015332,5.821564321015331,102.31220247830106
2515,6.699,7.7507507226038115,7.7507507226038115,1.0517507226038116,15.70011527994942
5040,17.5,14.60243713168513,14.60243713168513,2.8975628683148695,16.557502104656397
6799,56.99,31.516034029569827,31.516034029569827,25.473965970430175,44.699010300807466
3554,3.5,4.730387711708238,4.730387711708238,1.2303877117082376,35.15393462023536
3878,4.2,9.481466533155888,9.481466533155888,5.281466533155888,125.7492031703783
5945,29.7,29.229710157176108,29.229710157176108,0.47028984282389175,1.5834674842555279
2264,14.5,12.23862222707994,12.23862222707994,2.26137777292006,15.595708778759034
2462,4.9,5.248108728874888,5.248108728874888,0.3481087288748874,7.104259772956886
1775,6.6,9.063948775293522,9.063948775293522,2.463948775293522,37.332557201417
6861,28.05,24.833831853257706,24.833831853257706,3.2161681467422945,11.465840095337947
378,7.8,8.080082561016091,8.080082561016091,0.2800825610160915,3.590802064308866
6853,9.999,12.74843883964689,12.74843883964689,2.7494388396468903,27.497138110279927
4913,1.6,0.2387728731175578,0.2387728731175578,1.3612271268824423,85.07669543015264
5246,8.2,12.108288895659523,12.108288895659523,3.908288895659524,47.662059703164935
199,1.5,3.0556458219668556,3.0556458219668556,1.5556458219668556,103.70972146445705
2446,11.0,14.54825732107609,14.54825732107609,3.5482573210760897,32.256884737055366
2957,3.8,6.415590069083523,6.415590069083523,2.615590069083523,68.83131760746114
1328,11.49,12.036680770648958,12.036680770648958,0.5466807706489583,4.757883121400855
1193,10.5,8.611159961713621,8.611159961713621,1.8888400382863786,17.98895274558456
5686,12.75,11.4976337804971,11.4976337804971,1.2523662195028997,9.82248015296392
1075,9.3,12.92814362708577,12.92814362708577,3.6281436270857697,39.012297065438375
5427,3.4,4.76158926846602,4.76158926846602,1.36158926846602,40.04674319017706
6969,24.5,23.162260865428728,23.162260865428728,1.3377391345712724,5.460159732943969
2063,10.5,14.083679929138778,14.083679929138778,3.5836799291387784,34.13028503941693
965,14.5,16.0703009576865,16.0703009576865,1.5703009576864986,10.829661777148267
5060,9.49,8.611159961713621,8.611159961713621,0.8788400382863788,9.260695872353834
1467,9.4,8.35833957338825,8.35833957338825,1.0416604266117506,11.081493900125006
5975,18.46,21.31083718078797,21.31083718078797,2.8508371807879698,15.443321672740899
3296,51.0,24.91274842734714,24.91274842734714,26.08725157265286,51.15147367186835
5414,7.5,7.219687920381966,7.219687920381966,0.2803120796180343,3.7374943949071238
7126,29.95,26.043158811992555,26.043158811992555,3.9068411880074443,13.044544868138377
5724,62.05,45.367529013210145,45.367529013210145,16.682470986789852,26.885529390475188
2755,6.0,6.611452929377469,6.611452929377469,0.6114529293774691,10.190882156291153
4022,6.5,7.07693180172707,7.07693180172707,0.5769318017270697,8.87587387272415
3091,6.5,7.965244250129691,7.965244250129691,1.4652442501296914,22.54221923276448
2022,5.89,5.837117936233131,5.837117936233131,0.05288206376686855,0.8978279077566816
5090,8.6,12.047231607763024,12.047231607763024,3.4472316077630243,40.084088462360754
2907,7.0,6.4551196986446175,6.4551196986446175,0.5448803013553825,7.784004305076893
5744,42.345,30.01726841683682,30.01726841683682,12.327731583163178,29.112602628794846
5769,15.1,16.146540709753673,16.146540709753673,1.046540709753673,6.930733177176643
6155,18.49,18.368473459560303,18.368473459560303,0.12152654043969591,0.6572554918317789
6547,13.79,11.138667420132778,11.138667420132778,2.651332579867221,19.226487163649175
2850,6.699999,6.504644656565366,6.504644656565366,0.19535434343463365,2.915736904358249
2132,16.5,10.625707923109095,10.625707923109095,5.874292076890905,35.601770162975185
6114,86.19,89.43228788594836,89.43228788594836,3.2422878859483575,3.7617912587868165
6570,20.79,21.079262744010947,21.079262744010947,0.28926274401094787,1.3913551900478494
6434,31.0,31.01989548389481,31.01989548389481,0.01989548389481044,0.06417898030584013
4246,7.5,5.968633122398375,5.968633122398375,1.5313668776016254,20.41822503468834
1701,4.5,8.516486802691757,8.516486802691757,4.016486802691757,89.25526228203906
6332,39.999,32.36996200450125,32.36996200450125,7.629037995498756,19.073071815542278
3927,19.5,21.642966097060093,21.642966097060093,2.142966097060093,10.989569728513295
5780,66.99,69.57699301522206,69.57699301522206,2.5869930152220633,3.8617599868966463
547,12.4,11.593442492559877,11.593442492559877,0.8065575074401234,6.504496027742931
6811,37.99,43.3146463867907,43.3146463867907,5.324646386790697,14.01591573253671
6203,33.3,38.42552126822549,38.42552126822549,5.125521268225491,15.39195576043691
1263,19.9,16.813850698656932,16.813850698656932,3.0861493013430668,15.508287946447572
5231,2.299,3.751096217113954,3.751096217113954,1.452096217113954,63.1620799092629
3011,13.29,12.151948862843405,12.151948862843405,1.1380511371565945,8.563213974090251
5865,13.69,13.620186151372764,13.620186151372764,0.06981384862723594,0.5099623712727241
1789,11.9,9.689887887638461,9.689887887638461,2.2101121123615393,18.572370692113775
6610,21.49,30.809189305185832,30.809189305185832,9.319189305185834,43.36523641314953
3018,6.4,5.367188090996427,5.367188090996427,1.0328119090035734,16.137686078180835
5494,26.59,25.38713414343185,25.38713414343185,1.202865856568149,4.523752751290519
4715,13.8,14.706632333573678,14.706632333573678,0.9066323335736772,6.569799518649834
2199,5.9,8.146031359649768,8.146031359649768,2.246031359649768,38.06832812965709
1244,2.5,1.6450625799106895,1.6450625799106895,0.8549374200893105,34.19749680357242
7130,10.89,23.63326212516354,23.63326212516354,12.74326212516354,117.0180176782694
5008,38.0,4.112980970176148,4.112980970176148,33.887019029823854,89.17636586795751
5482,12.726,11.158972760603328,11.158972760603328,1.5670272393966727,12.313588239797836
4837,8.5,9.560751852545227,9.560751852545227,1.060751852545227,12.479433559355613
7202,35.29,35.552980281270436,35.552980281270436,0.26298028127043693,0.7451977366688494
6764,20.99,21.16184853307647,21.16184853307647,0.17184853307647074,0.8187162128464542
3915,5.2,6.032150968473019,6.032150968473019,0.8321509684730186,16.00290323986574
6083,32.299,32.57428947216361,32.57428947216361,0.2752894721636139,0.8523157749887423
518,13.29,15.85220761894254,15.85220761894254,2.5622076189425407,19.279214589484884
611,12.5,11.745835585837344,11.745835585837344,0.7541644141626556,6.0333153133012445
5806,11.22,9.410971689907193,9.410971689907193,1.809028310092808,16.123246970524136
5672,16.5,21.153071117576793,21.153071117576793,4.653071117576793,28.200431015616928
2288,7.5,5.7983866984414245,5.7983866984414245,1.7016133015585755,22.688177354114337
957,10.99,9.386158085599241,9.386158085599241,1.6038419144007587,14.59364799272756
4401,6.15,8.197636534496786,8.197636534496786,2.0476365344967853,33.29490299994773
491,25.8,13.727946522781501,13.727946522781501,12.0720534772185,46.7909049504593
1330,4.9,6.216452236997572,6.216452236997572,1.3164522369975717,26.86637218362391
3458,21.5,16.59434625809499,16.59434625809499,4.9056537419050095,22.81699414839539
323,5.89,3.9174847218101245,3.9174847218101245,1.9725152781898752,33.489223738368004
5362,7.2,10.63786241391609,10.63786241391609,3.4378624139160907,47.74808908216793
7010,22.79,20.539801637663018,20.539801637663018,2.250198362336981,9.873621598670386
4247,10.5,11.592124297072925,11.592124297072925,1.0921242970729246,10.401183781646901
2031,4.75,3.2351895760740845,3.2351895760740845,1.5148104239259155,31.89074576686138
5516,32.0,45.506404387692086,45.506404387692086,13.506404387692086,42.20751371153777
1153,6.3,5.336212524847891,5.336212524847891,0.9637874751521087,15.298213891303314
6685,15.7,16.402815658271745,16.402815658271745,0.7028156582717457,4.4765328552340495
7286,6.6,9.499062734108001,9.499062734108001,2.8990627341080017,43.92519294103033
6854,21.69,22.34547226169977,22.34547226169977,0.6554722616997672,3.022002128629632
1606,6.4,6.938026115315649,6.938026115315649,0.5380261153156489,8.406658051807014
324,23.9,25.378219477738725,25.378219477738725,1.478219477738726,6.185018735308478
2083,7.99,6.259042529479807,6.259042529479807,1.7309574705201936,21.664048442054987
2687,10.8,10.442978529408485,10.442978529408485,0.35702147059151557,3.3057543573288473
6858,35.35,30.45910347008177,30.45910347008177,4.89089652991823,13.83563374800065
586,7.89,6.026025347830128,6.026025347830128,1.8639746521698717,23.624520306335512
4125,9.8,13.038328915183063,13.038328915183063,3.2383289151830628,33.0441726039088
3245,8.99,11.341021589455867,11.341021589455867,2.3510215894558666,26.151519348786056
4556,4.4,8.108365323420884,8.108365323420884,3.7083653234208835,84.28103007774735
706,24.9,22.068313197703944,22.068313197703944,2.831686802296055,11.372236153799417
1978,6.4,6.45997177300384,6.45997177300384,0.0599717730038396,0.9370589531849938
4160,7.4,2.9728984372681193,2.9728984372681193,4.427101562731881,59.82569679367407
4995,4.39,4.061229988095137,4.061229988095137,0.32877001190486244,7.489066330406889
6812,9.8,13.346750085562135,13.346750085562135,3.5467500855621346,36.19132740369525
6202,17.34,16.255566986699062,16.255566986699062,1.0844330133009379,6.253938946372191
5939,27.79,21.640363608182426,21.640363608182426,6.149636391817573,22.128954270664174
6218,29.3,25.863924904949613,25.863924904949613,3.4360750950503878,11.727218754438184
4453,9.5,10.193885492715005,10.193885492715005,0.6938854927150047,7.304057818052681
3801,8.9,9.560751852545227,9.560751852545227,0.6607518525452267,7.424178118485693
2572,56.99,31.692468393387387,31.692468393387387,25.297531606612615,44.389422015463445
208,2.25,4.938397779863921,4.938397779863921,2.688397779863921,119.48434577172983
3682,29.8,23.690757033452343,23.690757033452343,6.109242966547658,20.50081532398543
747,2.5,3.9877298811190016,3.9877298811190016,1.4877298811190016,59.50919524476006
5101,9.9,6.527492286474677,6.527492286474677,3.372507713525323,34.06573448005376
6260,40.99,39.88109801901816,39.88109801901816,1.108901980981841,2.7052988069818027
798,5.0,3.9530661394941156,3.9530661394941156,1.0469338605058844,20.93867721011769
88,6.99,13.172812296102993,13.172812296102993,6.182812296102993,88.45225030190261
734,1.7,6.1932868275155055,6.1932868275155055,4.493286827515505,264.3109898538533
1221,4.8,7.138187614860545,7.138187614860545,2.338187614860545,48.71224197626136
3574,14.5,9.063948775293522,9.063948775293522,5.436051224706478,37.49000844625158
1480,6.9,5.952742343597185,5.952742343597185,0.9472576564028152,13.728371831924857
3936,10.49,18.782751185653236,18.782751185653236,8.292751185653236,79.05387212252847
6199,28.99,26.24065607510658,26.24065607510658,2.74934392489342,9.483766557065955
852,13.5,12.32191901634492,12.32191901634492,1.1780809836550805,8.726525804852448
486,7.89,6.143363160099227,6.143363160099227,1.7466368399007726,22.137349048172023
2678,3.6,3.917893230096942,3.917893230096942,0.3178932300969417,8.830367502692825
3195,4.0,4.982138524679268,4.982138524679268,0.982138524679268,24.5534631169817
1430,8.4,8.669334421561604,8.669334421561604,0.26933442156160403,3.206362161447667
1536,14.9,18.362897759138846,18.362897759138846,3.462897759138846,23.240924557978833
1891,6.0,7.892114674525541,7.892114674525541,1.8921146745255406,31.535244575425676
6513,39.99,19.893229082587148,19.893229082587148,20.096770917412854,50.2544909162612
1919,5.6,7.752112147155013,7.752112147155013,2.1521121471550133,38.43057405633953
4302,14.8,15.891607371967453,15.891607371967453,1.0916073719674522,7.375725486266568
198,5.0,3.7745406880036594,3.7745406880036594,1.2254593119963406,24.509186239926812
4629,6.6,5.995420724259112,5.995420724259112,0.6045792757408872,9.16029205668011
2882,3.85,7.106786889375939,7.106786889375939,3.2567868893759386,84.59186725651789
1057,8.9,9.063948775293522,9.063948775293522,0.16394877529352136,1.842121070713723
73,7.0,8.64691258074275,8.64691258074275,1.6469125807427503,23.52732258203929
548,27.8,23.532307929710747,23.532307929710747,4.267692070289254,15.35141032478149
6352,13.69,15.61793301112652,15.61793301112652,1.9279330111265214,14.082783134598403
2963,4.0,5.144920614871687,5.144920614871687,1.1449206148716868,28.62301537179217
6569,27.3,37.87486796870507,37.87486796870507,10.574867968705068,38.735780105146766
1512,34.99,18.81150486175585,18.81150486175585,16.178495138244152,46.23748253284982
3912,10.9,9.085487014739261,9.085487014739261,1.8145129852607393,16.646908121658157
1582,1.9,3.1357174409383557,3.1357174409383557,1.2357174409383558,65.03776004938715
6697,15.44,20.142148693261397,20.142148693261397,4.702148693261398,30.454330914905427
5822,10.08,10.046127453366587,10.046127453366587,0.03387254663341288,0.33603716898227065
2865,6.9,6.216452236997572,6.216452236997572,0.6835477630024283,9.906489318875773
3647,10.8,10.7166807564475,10.7166807564475,0.08331924355250031,0.7714744773379658
5349,20.499,12.893483361784604,12.893483361784604,7.605516638215395,37.101891010368284
4428,3.0,3.4927234445532225,3.4927234445532225,0.4927234445532225,16.42411481844075
6213,25.55,23.0888324185703,23.0888324185703,2.4611675814297023,9.632749829470459
4359,28.8,28.60779736121569,28.60779736121569,0.192202638784309,0.6673702735566284
1452,3.6,7.57025096643849,7.57025096643849,3.9702509664384897,110.28474906773582
7037,24.89,24.99791089771987,24.99791089771987,0.10791089771986861,0.4335512162308904
2020,1.9,2.993911071497802,2.993911071497802,1.0939110714978022,57.57426692093696
4903,29.49,29.124449386482794,29.124449386482794,0.36555061351720397,1.2395748169454188
5220,6.9,5.995420724259112,5.995420724259112,0.9045792757408879,13.109844575954895
6818,12.35,15.390358431921708,15.390358431921708,3.0403584319217085,24.61828689815149
4814,10.0,14.186126611182932,14.186126611182932,4.186126611182932,41.861266111829316
5267,8.8,9.681027884027785,9.681027884027785,0.8810278840277839,10.011680500315725
2098,9.2,12.536557895699815,12.536557895699815,3.3365578956998156,36.26693364891104
1880,13.5,10.645799917194392,10.645799917194392,2.854200082805608,21.1422228355971
937,9.5,8.611159961713621,8.611159961713621,0.8888400382863786,9.3562109293303
7120,29.999,24.641319970062586,24.641319970062586,5.357680029937413,17.859528750749735
2855,13.5,12.882179808198329,12.882179808198329,0.6178201918016715,4.576445865197567
6139,14.99,21.697693427266856,21.697693427266856,6.707693427266856,44.747788040472685
5985,12.49,11.190028108728345,11.190028108728345,1.299971891271655,10.408101611462408
1295,7.0,12.222829323799797,12.222829323799797,5.222829323799797,74.61184748285424
1175,45.9,33.971110811089474,33.971110811089474,11.928889188910524,25.988865335317048
2197,5.5,4.668886063821638,4.668886063821638,0.8311139361783617,15.111162475970213
2614,41.9,33.98203529036153,33.98203529036153,7.917964709638468,18.897290476464125
6148,27.36,18.773804411677435,18.773804411677435,8.586195588322564,31.38229381696844
4335,4.0,8.393104985751002,8.393104985751002,4.393104985751002,109.82762464377504
4914,11.5,10.44549487903523,10.44549487903523,1.0545051209647696,9.169609747519736
1321,7.2,5.555707337853569,5.555707337853569,1.644292662146431,22.8373980853671
1181,12.79,14.19748346709547,14.19748346709547,1.4074834670954708,11.004561900668264
6150,22.799,24.548948541788835,24.548948541788835,1.7499485417888359,7.675549549492679
3438,12.6,8.985770319411442,8.985770319411442,3.614229680588558,28.684362544353636
6343,34.99,27.55919308192916,27.55919308192916,7.430806918070843,21.236944607233045
4301,12.6,10.44549487903523,10.44549487903523,2.154505120964769,17.099246991783883
620,7.9,7.582944975949071,7.582944975949071,0.3170550240509291,4.013354734821887
6864,24.89,21.215194316359387,21.215194316359387,3.6748056836406136,14.764185149219017
5159,16.0,12.082222409029427,12.082222409029427,3.917777590970573,24.48610994356608
2492,15.5,11.38973184457492,11.38973184457492,4.11026815542508,26.51785906725858
478,14.0,15.273534835871471,15.273534835871471,1.2735348358714713,9.096677399081939
3968,5.3,7.48012382790034,7.48012382790034,2.1801238279003403,41.13441184717623
2276,3.7,5.838904258036656,5.838904258036656,2.138904258036656,57.808223190179895
5227,6.9,7.858216967187682,7.858216967187682,0.9582169671876812,13.887202423009873
1897,12.5,7.454215438821207,7.454215438821207,5.045784561178793,40.36627648943034
7044,14.766,13.488371066159267,13.488371066159267,1.2776289338407327,8.652505308416176
2206,1.4,2.0593212383690247,2.0593212383690247,0.6593212383690248,47.09437416921606
1033,4.5,6.349825417670148,6.349825417670148,1.8498254176701483,41.10723150378107
5948,10.59,8.341011128875513,8.341011128875513,2.248988871124487,21.23691096434832
286,12.3,18.312165183982046,18.312165183982046,6.012165183982045,48.87939173969142
550,3.2,2.7690688714393747,2.7690688714393747,0.43093112856062543,13.466597767519545
7008,10.099,10.889567047648203,10.889567047648203,0.790567047648203,7.8281715778612035
5668,25.79,29.346764953612784,29.346764953612784,3.5567649536127846,13.791256121026695
5015,2.5,2.7564063032790163,2.7564063032790163,0.25640630327901626,10.25625213116065
2825,12.5,11.70563056097259,11.70563056097259,0.7943694390274096,6.354955512219278
1055,10.799,14.03700745216019,14.03700745216019,3.23800745216019,29.98432680952116
2091,6.5,5.684744312243936,5.684744312243936,0.8152556877560642,12.542395196247142
6540,25.79,22.34547226169977,22.34547226169977,3.4445277383002306,13.356059473827958
2571,3.5,3.63257618676249,3.63257618676249,0.13257618676249017,3.787891050356862
1677,10.3,7.437343440210574,7.437343440210574,2.8626565597894267,27.792782133877925
1174,1.8,1.6450625799106895,1.6450625799106895,0.15493742008931055,8.607634449406142
6021,78.2,73.85605446969808,73.85605446969808,4.343945530301923,5.554917557930848
5916,12.54,21.96515290798374,21.96515290798374,9.42515290798374,75.16070899508566
5389,3.9,5.526775224207748,5.526775224207748,1.6267752242077482,41.71218523609611
2087,14.0,12.765016004752331,12.765016004752331,1.2349839952476689,8.821314251769063
1370,46.5,31.692468393387387,31.692468393387387,14.807531606612613,31.844153992715295
6314,16.899,19.391264489145527,19.391264489145527,2.4922644891455263,14.747999817418345
2934,5.0,5.69382075439615,5.69382075439615,0.6938207543961497,13.876415087922995
3107,16.99,16.22510394120821,16.22510394120821,0.7648960587917877,4.502036838091747
1188,7.8,5.894311600733587,5.894311600733587,1.9056883992664124,24.431902554697597
2029,6.699999,7.81806094578869,7.81806094578869,1.11806194578869,16.687494218860184
4209,4.888888,6.782617195234129,6.782617195234129,1.8937291952341297,38.7353769453121
5027,4.5,5.4346565883160665,5.4346565883160665,0.9346565883160665,20.7701464070237
7009,23.5,27.867602170899243,27.867602170899243,4.367602170899243,18.585541152762737
7093,40.9,42.66358508673787,42.66358508673787,1.7635850867378693,4.311943977354204
3956,7.2,11.71489318445823,11.71489318445823,4.51489318445823,62.70684978414208
833,9.0,7.375196241974798,7.375196241974798,1.6248037580252017,18.053375089168906
1393,5.4,7.61585605592802,7.61585605592802,2.21585605592802,41.03437140607444
549,24.9,22.68220527800721,22.68220527800721,2.2177947219927887,8.906806112420838
1020,5.5,5.848751329709351,5.848751329709351,0.3487513297093514,6.340933267442753
248,3.6,4.818656293842716,4.818656293842716,1.2186562938427161,33.851563717853224
2648,6.5,5.292359135480378,5.292359135480378,1.2076408645196217,18.579090223378795
296,6.3,6.229620670078397,6.229620670078397,0.0703793299216029,1.1171322209778238
1559,7.39,4.530863273282915,4.530863273282915,2.859136726717085,38.68926558480494
1563,12.8,11.258434615899848,11.258434615899848,1.5415653841001529,12.043479563282444
6766,13.69,13.490345581990322,13.490345581990322,0.19965441800967731,1.4583960409764596
3260,9.7,12.562257352126469,12.562257352126469,2.86225735212647,29.50780775388113
100,1.4,2.7089993616334755,2.7089993616334755,1.3089993616334756,93.49995440239113
4204,43.5,33.122532797717426,33.122532797717426,10.377467202282574,23.856246442028905
3197,7.0,7.240750506408941,7.240750506408941,0.2407505064089408,3.439292948699154
2937,17.5,16.552727010774888,16.552727010774888,0.9472729892251124,5.412988509857785
7017,15.99,13.704703143532809,13.704703143532809,2.285296856467191,14.292037876592815
1499,6.0,5.601647244300208,5.601647244300208,0.39835275569979167,6.639212594996528
4872,7.0,8.46000384234887,8.46000384234887,1.4600038423488702,20.857197747841003
1656,5.0,5.499950742888577,5.499950742888577,0.49995074288857744,9.999014857771549
6788,13.29,14.35937963862498,14.35937963862498,1.06937963862498,8.046498409518286
346,4.0,4.818656293842716,4.818656293842716,0.8186562938427162,20.466407346067903
1718,7.5,8.080082561016091,8.080082561016091,0.5800825610160913,7.734434146881218
1665,1.7,2.880591244249519,2.880591244249519,1.1805912442495192,69.44654377938349
681,6.0,7.017074046952337,7.017074046952337,1.0170740469523372,16.951234115872285
6514,69.99,40.342947804305965,40.342947804305965,29.64705219569403,42.35898299141882
3898,3.9,5.429266858651937,5.429266858651937,1.5292668586519373,39.211970734665066
6186,20.45,22.253146966457454,22.253146966457454,1.8031469664574544,8.817344579254057
6408,54.999,46.063245888453565,46.063245888453565,8.935754111546437,16.24712105955824
7289,23.79,25.705280776457897,25.705280776457897,1.915280776457898,8.050780901462371
5761,17.75,16.64101663518499,16.64101663518499,1.1089833648150105,6.2477936045916085
7063,49.59,39.1388008436422,39.1388008436422,10.451199156357802,21.075215076341607
1793,3.8,6.017172034885601,6.017172034885601,2.2171720348856008,58.34663249698949
3542,5.9,9.21487630219838,9.21487630219838,3.31487630219838,56.184344105057285
6741,18.8,22.23181265161453,22.23181265161453,3.4318126516145284,18.254322614970896
1706,6.2,8.230253080178517,8.230253080178517,2.0302530801785172,32.74601742223415
1414,5.6,4.857780929732302,4.857780929732302,0.7422190702676978,13.253911969066035
4761,2.9,3.7685262736066107,3.7685262736066107,0.8685262736066108,29.949181848503827
3066,8.8,5.848751329709351,5.848751329709351,2.9512486702906493,33.536916707848285
2991,8.0,7.417456066626983,7.417456066626983,0.5825439333730174,7.281799167162717
6041,9.75,10.088352992570435,10.088352992570435,0.33835299257043516,3.4702871032865144
84,37.9,30.898201513519037,30.898201513519037,7.001798486480961,18.474402338999898
5327,9.5,8.530199555957118,8.530199555957118,0.9698004440428818,10.208425726767176
3207,9.0,12.55403851662884,12.55403851662884,3.5540385166288395,39.489316851431546
5025,3.99,4.576969009667733,4.576969009667733,0.5869690096677331,14.711002748564738
1561,1.2,1.8824347036568998,1.8824347036568998,0.6824347036568998,56.86955863807499
6072,8.39,36.32982220614586,36.32982220614586,27.939822206145863,333.0133755202129
2948,8.9,11.360571056934187,11.360571056934187,2.460571056934187,27.646865808249295
3528,7.8,7.61585605592802,7.61585605592802,0.18414394407197943,2.360819795794608
1297,5.0,5.940005247924175,5.940005247924175,0.9400052479241747,18.800104958483494
4866,8.499,7.828480503736478,7.828480503736478,0.6705194962635224,7.889392825785649
6289,13.28,16.26842703121669,16.26842703121669,2.9884270312166894,22.503215596511218
4506,14.2,14.530994917712556,14.530994917712556,0.33099491771255707,2.3309501247363174
1912,18.5,15.714151675557499,15.714151675557499,2.785848324442501,15.058639591581086
6456,79.99,43.452888684065584,43.452888684065584,36.53711131593441,45.6770987822658
5998,9.494,11.022158162302347,11.022158162302347,1.528158162302347,16.096041313485856
6127,18.99,18.53180641249611,18.53180641249611,0.4581935875038887,2.4128151000731375
6875,44.199,31.113558558103126,31.113558558103126,13.085441441896872,29.605740948656923
1817,12.2,9.441037178921752,9.441037178921752,2.7589628210782475,22.61444935310039
3722,7.6,8.619696276354075,8.619696276354075,1.0196962763540753,13.417056267816783
5451,9.79,11.172606263310094,11.172606263310094,1.3826062633100946,14.122638031768078
6187,36.99,34.319546983413936,34.319546983413936,2.670453016586066,7.219391772333242
7164,8.99,12.641379777169673,12.641379777169673,3.651379777169673,40.616015318906264
3089,1.2,2.158254559426151,2.158254559426151,0.9582545594261511,79.85454661884593
4845,6.0,5.504872196658518,5.504872196658518,0.4951278033414823,8.25213005569137
3142,3.2,1.882168726172516,1.882168726172516,1.3178312738274842,41.18222730710888
1623,5.5,5.4227209871615845,5.4227209871615845,0.07727901283841554,1.4050729606984642
6834,18.38,18.651656225520483,18.651656225520483,0.2716562255204842,1.477999050709925
5459,16.79,24.196049011103327,24.196049011103327,7.4060490111033275,44.10988094760767
5605,47.95,45.14828011435472,45.14828011435472,2.8017198856452836,5.843002889771186
6392,26.4,28.83494149192259,28.83494149192259,2.43494149192259,9.223263226979508
1199,2.0,3.643422238888933,3.643422238888933,1.6434222388889328,82.17111194444664
373,6.0,3.790005681498494,3.790005681498494,2.209994318501506,36.833238641691764
2457,5.7,5.555707337853569,5.555707337853569,0.1442926621464311,2.5314502130952823
5260,4.99,4.530863273282915,4.530863273282915,0.4591367267170856,9.201136807957628
3819,21.09,21.990755618371264,21.990755618371264,0.9007556183712637,4.2710081478011555
7284,23.3,29.948274998252053,29.948274998252053,6.648274998252052,28.533369091210524
1317,8.0,10.053807546186292,10.053807546186292,2.0538075461862917,25.672594327328646
1446,13.0,15.445955109179653,15.445955109179653,2.4459551091796534,18.81503930138195
3799,18.9,18.361970062042023,18.361970062042023,0.538029937957976,2.8467192484549
3482,3.7,5.467835364049895,5.467835364049895,1.767835364049895,47.779334163510676
1488,6.399,6.479443279326901,6.479443279326901,0.08044327932690098,1.2571226648992184
4486,4.0,4.852011599711371,4.852011599711371,0.8520115997113713,21.300289992784283
6067,102.0,83.14133721100265,83.14133721100265,18.85866278899735,18.488885087252307
812,5.123,3.97283369650658,3.97283369650658,1.1501663034934202,22.451030714296706
3580,34.5,26.818721152878652,26.818721152878652,7.681278847121348,22.264576368467676
4317,3.95,2.5296271951831635,2.5296271951831635,1.4203728048168367,35.95880518523637
3366,3.9,2.0680791613195844,2.0680791613195844,1.8319208386804156,46.972329196933735
3651,4.0,4.112980970176148,4.112980970176148,0.11298097017614772,2.824524254403693
6684,40.5,33.71707965859008,33.71707965859008,6.78292034140992,16.747951460271405
1511,3.5,2.7092045684684063,2.7092045684684063,0.7907954315315937,22.594155186616963
7149,18.29,20.083963152800127,20.083963152800127,1.7939631528001279,9.808437139421148
1801,3.4,3.6154775204870564,3.6154775204870564,0.21547752048705648,6.33757413197225
4516,4.6,5.555707337853569,5.555707337853569,0.9557073378535694,20.7762464750776
921,7.8,8.916604566959197,8.916604566959197,1.1166045669591975,14.315443166143558
322,15.0,16.35247705809826,16.35247705809826,1.352477058098259,9.01651372065506
3838,2.5,2.7985206835386,2.7985206835386,0.29852068353859984,11.940827341543994
5634,27.49,29.768935925915272,29.768935925915272,2.278935925915274,8.29005429579947
7262,9.08,15.349223206586743,15.349223206586743,6.269223206586743,69.04430844258526
4402,6.85,8.537255116807925,8.537255116807925,1.6872551168079255,24.63146155923979
6217,10.45,10.771613640883306,10.771613640883306,0.3216136408833066,3.0776424964909723
1569,5.9,7.795426213904331,7.795426213904331,1.8954262139043303,32.125868032276784
4661,17.5,16.630401947101742,16.630401947101742,0.8695980528982581,4.969131730847189
231,12.9,10.70737666483165,10.70737666483165,2.192623335168351,16.997080117584115
1545,1.8,2.6676607417237967,2.6676607417237967,0.8676607417237967,48.20337454021092
1420,1.0,2.4409391094343427,2.4409391094343427,1.4409391094343427,144.09391094343425
1079,5.9,9.232243747699375,9.232243747699375,3.3322437476993745,56.47870758812499
3103,7.9,6.68776279263861,6.68776279263861,1.2122372073613903,15.344774776726458
1115,4.75,5.861381006363954,5.861381006363954,1.1113810063639544,23.397494870820093
6946,14.45,18.081401774999623,18.081401774999623,3.631401774999624,25.13080813148529
1941,10.9,9.441037178921752,9.441037178921752,1.4589628210782486,13.384980009892189
1867,10.95,7.811058149592216,7.811058149592216,3.1389418504077833,28.666135620162407
2586,6.65,9.47427716083764,9.47427716083764,2.8242771608376405,42.4703332456788
2751,11.5,8.960493411852166,8.960493411852166,2.539506588147834,22.082665983894206
1425,9.59,8.611159961713621,8.611159961713621,0.9788400382863784,10.206882568158274
5395,14.5,14.598293670851755,14.598293670851755,0.09829367085175456,0.6778873851845142
4053,32.5,22.320438945555047,22.320438945555047,10.179561054444953,31.321726321369088
7283,16.95,19.370750668725968,19.370750668725968,2.420750668725969,14.28171485974023
4333,4.49,8.20111386024023,8.20111386024023,3.7111138602402303,82.65286993853519
1618,9.0,14.655792512432576,14.655792512432576,5.655792512432576,62.84213902702862
2402,16.8,15.443632707208987,15.443632707208987,1.3563672927910133,8.073614838041745
265,15.3,14.844946916299337,14.844946916299337,0.45505308370066366,2.974203161442246
0,9.99,8.611159961713621,8.611159961713621,1.3788400382863788,13.802202585449235
4015,16.5,13.819157940266946,13.819157940266946,2.6808420597330542,16.247527634745783
5187,3.5,3.8285137132342584,3.8285137132342584,0.3285137132342584,9.386106092407383
838,1.2,2.9068113876210884,2.9068113876210884,1.7068113876210884,142.23428230175736
14,21.9,16.329968800770846,16.329968800770846,5.5700311992291525,25.433932416571476
3263,2.6,2.1163563229485813,2.1163563229485813,0.48364367705141875,18.60167988659303
4912,21.0,14.78300901765081,14.78300901765081,6.21699098234919,29.604718963567567
6477,29.155,30.39741423328462,30.39741423328462,1.2424142332846202,4.261410506892884
8,16.5,14.411999144794,14.411999144794,2.0880008552059994,12.654550637612116
1039,8.5,15.994213668326124,15.994213668326124,7.494213668326124,88.16721962736615
2759,11.9,10.7166807564475,10.7166807564475,1.1833192435525,9.943859189516806
3992,15.5,15.776170065094037,15.776170065094037,0.2761700650940373,1.781742355445402
6472,12.99,15.08483013705015,15.08483013705015,2.094830137050149,16.12648296420438
4141,32.79,27.589912979119205,27.589912979119205,5.200087020880794,15.85875883159742
6629,18.1,18.517107785964804,18.517107785964804,0.41710778596480225,2.304462905882885
339,4.1,4.73570775477976,4.73570775477976,0.6357077547797605,15.505067189750257
1956,3.3,4.306844784675205,4.306844784675205,1.0068447846752049,30.510448020460757
4220,6.5,6.311343184669372,6.311343184669372,0.18865681533062784,2.9024125435481203
2770,29.999999,12.469956850503824,12.469956850503824,17.530042149496175,58.43347577943645
1090,23.5,24.826045876974295,24.826045876974295,1.3260458769742947,5.642748412656573
4512,8.999,6.019780568371235,6.019780568371235,2.9792194316287652,33.106116586607016
1883,6.0,9.221593043772877,9.221593043772877,3.2215930437728773,53.69321739621462
622,5.3,7.080008774371472,7.080008774371472,1.7800087743714723,33.58507121455608
7220,12.5,13.628251644142336,13.628251644142336,1.1282516441423365,9.026013153138692
5192,3.8,7.138187614860545,7.138187614860545,3.338187614860545,87.84704249633015
5045,2.8,9.342827551516532,9.342827551516532,6.542827551516532,233.67241255416187
4331,16.5,19.78755850595774,19.78755850595774,3.2875585059577404,19.924597005804486
4952,4.7,3.649240178824069,3.649240178824069,1.050759821175931,22.356591939913425
3032,8.4,6.3426110264315305,6.3426110264315305,2.05738897356847,24.492725875815115
4568,5.999,5.606071969121496,5.606071969121496,0.3929280308785037,6.549892163335618
889,4.5,7.412474252206693,7.412474252206693,2.9124742522066933,64.72165004903762
1507,3.1,3.075927374787046,3.075927374787046,0.02407262521295417,0.7765362971920698
3688,10.0,8.28715242254201,8.28715242254201,1.7128475774579908,17.128475774579908
196,1.9,0.04297779715519212,0.04297779715519212,1.8570222028448078,97.73801067604252
5533,12.99,13.965506850586031,13.965506850586031,0.9755068505860311,7.509675524141887
3980,11.2,13.59257673646352,13.59257673646352,2.3925767364635213,21.362292289852867
2789,3.8,4.830683161869375,4.830683161869375,1.0306831618693755,27.123241101825673
6575,38.0,18.52962457665499,18.52962457665499,19.47037542334501,51.237830061434245
4236,21.5,12.558553971394291,12.558553971394291,8.941446028605709,41.588121063282365
432,4.2,7.0899748026932805,7.0899748026932805,2.8899748026932803,68.80892387364953
2598,10.9,10.934096351407733,10.934096351407733,0.03409635140773304,0.3128105633736976
6091,28.99,26.276634358260083,26.276634358260083,2.713365641739916,9.35966071659164
1694,23.5,26.039987208235246,26.039987208235246,2.539987208235246,10.808456205256366
5357,29.9,27.83612007667772,27.83612007667772,2.063879923322279,6.902608439204948
1108,13.9,15.837285238564771,15.837285238564771,1.9372852385647708,13.937303874566695
6353,37.5,42.154128142669485,42.154128142669485,4.654128142669485,12.41100838045196
6690,60.89,52.139718315341554,52.139718315341554,8.750281684658447,14.370638339067904
6262,110.99,84.03607449452954,84.03607449452954,26.95392550547045,24.28500360885706
4825,1.65,3.400815618831068,3.400815618831068,1.750815618831068,106.11003750491321
1277,4.6,5.677956966467001,5.677956966467001,1.077956966467001,23.43384709710872
1195,5.9,5.837117936233131,5.837117936233131,0.06288206376686922,1.065797690963885
6062,18.19,24.081502781247096,24.081502781247096,5.891502781247095,32.38869038618524
604,9.0,9.167438413506032,9.167438413506032,0.16743841350603184,1.860426816733687
3742,6.2,5.518784725240986,5.518784725240986,0.6812152747590146,10.987343141274428
1593,17.9,17.325414070445213,17.325414070445213,0.5745859295547859,3.2099772600826033
1219,19.4,21.80951046510857,21.80951046510857,2.4095104651085713,12.42015703664212
2229,7.0,8.264261969563433,8.264261969563433,1.2642619695634334,18.06088527947762
4519,4.1,3.815797387125059,3.815797387125059,0.28420261287494064,6.93177104573026
1652,3.3,3.621465050695667,3.621465050695667,0.3214650506956671,9.741365172595975
4657,5.9,8.461685527791976,8.461685527791976,2.561685527791976,43.418398776135184
4865,5.9,4.635040714699544,4.635040714699544,1.2649592853004563,21.43998788644841
6264,11.09,10.537224639253932,10.537224639253932,0.5527753607460681,4.984448699243176
4955,38.0,34.08974193686305,34.08974193686305,3.9102580631369506,10.290152797728817
1158,12.0,10.28976015552791,10.28976015552791,1.71023984447209,14.251998703934085
4818,10.8,11.146333738225438,11.146333738225438,0.34633373822543767,3.206793872457756
3256,8.8,8.381345180481357,8.381345180481357,0.41865481951864325,4.757441130893673
5728,38.699,42.2386631863724,42.2386631863724,3.539663186372401,9.146652849873128
4650,17.5,18.312165183982046,18.312165183982046,0.8121651839820458,4.6409439084688335
7219,15.49,18.245765090580136,18.245765090580136,2.7557650905801356,17.790607427889835
5702,14.19,12.749481284566533,12.749481284566533,1.4405187154334662,10.151647043223862
2807,4.59,3.1305715339568074,3.1305715339568074,1.4594284660431924,31.79582714691051
2851,8.6,13.76229905888687,13.76229905888687,5.16229905888687,60.02673324287058
4559,10.49,8.981713692245698,8.981713692245698,1.508286307754302,14.37832514541756
2995,6.5,9.52017188376318,9.52017188376318,3.0201718837631795,46.46418282712584
904,5.95,3.8547851235988038,3.8547851235988038,2.0952148764011964,35.213695401700775
6841,21.169,16.834600355485037,16.834600355485037,4.3343996445149635,20.47522152446957
2357,23.8,25.174763929607067,25.174763929607067,1.3747639296070666,5.776319031962465
3383,12.8,11.492325586290734,11.492325586290734,1.3076744137092664,10.216206357103644
3470,9.0,13.902816403674445,13.902816403674445,4.902816403674445,54.47573781860494
1616,7.8,8.611159961713621,8.611159961713621,0.8111599617136216,10.399486688636173
3575,5.8,6.645281801185577,6.645281801185577,0.8452818011855774,14.573824158372025
6977,26.95,25.19663556805166,25.19663556805166,1.753364431948338,6.505990471051347
5006,10.9,9.560751852545227,9.560751852545227,1.3392481474547733,12.286680251878654
3820,3.65,4.484568286249727,4.484568286249727,0.8345682862497275,22.864884554787054
1860,7.5,5.339605750944671,5.339605750944671,2.1603942490553294,28.80525665407106
2088,4.99,3.6640308284404206,3.6640308284404206,1.3259691715595796,26.57252848816793
7077,27.52,21.448798303083997,21.448798303083997,6.0712016969160025,22.061052677747103
6930,27.699,26.845494942654383,26.845494942654383,0.8535050573456182,3.081356934711066
5213,4.1,7.77311525891174,7.77311525891174,3.67311525891174,89.58817704662782
2251,3.2,1.3388046035064676,1.3388046035064676,1.8611953964935326,58.16235614042289
3784,14.0,18.790653516659752,18.790653516659752,4.790653516659752,34.2189536904268
3127,6.5,5.848751329709351,5.848751329709351,0.6512486702906486,10.019210312163825
254,11.7,8.916604566959197,8.916604566959197,2.783395433040802,23.789704555904294
6705,16.78,15.35150843719242,15.35150843719242,1.4284915628075812,8.513060565003464
4989,2.999999,4.818656293842716,4.818656293842716,1.8186572938427163,60.62193000206722
221,14.85,14.321540467927546,14.321540467927546,0.5284595320724534,3.558650047625949
267,2.9,2.374207566549149,2.374207566549149,0.5257924334508508,18.13077356727072
107,8.1,5.7983866984414245,5.7983866984414245,2.301613301558575,28.41497903158735
4800,5.5,4.24937694634813,4.24937694634813,1.2506230536518697,22.73860097548854
1226,5.4,8.44229987635724,8.44229987635724,3.042299876357239,56.338886599208124
4938,4.9,6.1429089609612255,6.1429089609612255,1.2429089609612252,25.365488999208672
3418,9.5,8.641973518520984,8.641973518520984,0.8580264814790155,9.031857699779112
4154,8.5,6.766006085506936,6.766006085506936,1.7339939144930643,20.399928405800758
1758,6.99,9.453127175051407,9.453127175051407,2.4631271750514063,35.237870887716824
2284,9.99,8.788094478854626,8.788094478854626,1.201905521145374,12.031086297751491
2526,3.3,3.974795328311883,3.974795328311883,0.674795328311883,20.448343282178275
4004,15.0,8.250969396513907,8.250969396513907,6.7490306034860925,44.993537356573945
1210,15.5,21.352297056263826,21.352297056263826,5.852297056263826,37.756755201702106
6664,11.5,15.287204727169037,15.287204727169037,3.787204727169037,32.93221501886119
2464,13.6,11.141732206760679,11.141732206760679,2.4582677932393207,18.075498479700887
4240,13.5,13.34016561434044,13.34016561434044,0.15983438565955943,1.1839584122930327
4198,14.5,12.95858124406171,12.95858124406171,1.54141875593829,10.630474178884757
376,4.5,5.638820770867351,5.638820770867351,1.1388207708673512,25.307128241496695
755,1.8,2.863661412676418,2.863661412676418,1.063661412676418,59.09230070424544
291,12.49,13.479956210909632,13.479956210909632,0.9899562109096323,7.925990479660787
5091,1.7,4.228066552251461,4.228066552251461,2.5280665522514605,148.7097971912624
1465,1.35,1.9012494456280198,1.9012494456280198,0.5512494456280197,40.8332922687422
188,4.7,7.244432818783303,7.244432818783303,2.544432818783303,54.13686848475112
1870,33.0,15.786971442923225,15.786971442923225,17.213028557076775,52.16069259720235
1201,8.7,10.756531032907603,10.756531032907603,2.0565310329076034,23.638287734570156
1649,4.0,3.8304622428924198,3.8304622428924198,0.16953775710758023,4.238443927689506
6030,128.96,115.61580336798096,115.61580336798096,13.344196632019049,10.347547016143803
3706,30.49,24.07450319938892,24.07450319938892,6.415496800611077,21.041314531358076
4176,6.5,6.892341779866592,6.892341779866592,0.3923417798665918,6.036027382562951
501,10.0,9.92838873119835,9.92838873119835,0.07161126880165014,0.7161126880165014
6193,26.99,21.57647448166724,21.57647448166724,5.413525518332758,20.057523224648975
2605,5.5,5.861381006363954,5.861381006363954,0.3613810063639544,6.570563752071899
6874,64.89,73.8338606380841,73.8338606380841,8.943860638084104,13.783110861587462
3312,23.5,18.05867269028537,18.05867269028537,5.44132730971463,23.154584296658
2812,6.5,6.200313309844269,6.200313309844269,0.29968669015573113,4.610564463934326
4763,5.5,7.311385170952895,7.311385170952895,1.811385170952895,32.93427583550718
6753,76.79,49.96175919257514,49.96175919257514,26.82824080742487,34.93715432663741
672,7.9,5.848751329709351,5.848751329709351,2.051248670290649,25.965173041653784
4766,13.8,16.67550219375197,16.67550219375197,2.87550219375197,20.836972418492536
3753,7.35,6.140146997307424,6.140146997307424,1.2098530026925758,16.46058507064729
1374,12.8,12.78938365020478,12.78938365020478,0.01061634979522097,0.08294023277516382
7043,23.99,33.252848310223996,33.252848310223996,9.262848310223998,38.61128932982075
6988,15.58,16.692790206214696,16.692790206214696,1.1127902062146955,7.142427511005748
5718,79.99,69.04047962595308,69.04047962595308,10.949520374046912,13.688611544001642
1192,4.9,5.9798428253243205,5.9798428253243205,1.0798428253243202,22.037608680088166
3053,52.9,40.7499961714734,40.7499961714734,12.1500038285266,22.967871131430247
3950,2.8,3.562076320694402,3.562076320694402,0.7620763206944021,27.217011453371505
216,13.0,11.603146773381148,11.603146773381148,1.3968532266188518,10.745024820145014
4697,6.49,7.6785047632744785,7.6785047632744785,1.1885047632744783,18.312862300069003
421,1.2,1.95451843460817,1.95451843460817,0.7545184346081701,62.876536217347514
505,3.9,5.2842936070071485,5.2842936070071485,1.3842936070071485,35.49470787197817
4836,2.9,3.0955324337390007,3.0955324337390007,0.19553243373900075,6.742497715137957
6453,19.9,20.124427255943086,20.124427255943086,0.22442725594308754,1.1277751554929023
6845,49.5,31.37440887640483,31.37440887640483,18.12559112359517,36.61735580524277
6252,20.59,24.07643180411971,24.07643180411971,3.486431804119711,16.932645964641626
506,16.3,15.445955109179653,15.445955109179653,0.8540448908203473,5.239539207486793
1807,8.9,6.085392463781469,6.085392463781469,2.8146075362185314,31.624803777736304
4436,20.89,22.069352329665914,22.069352329665914,1.1793523296659139,5.645535326308827
1438,5.99,2.649173501801185,2.649173501801185,3.3408264981988154,55.77339729881161
5520,76.49,69.69408617103554,69.69408617103554,6.7959138289644585,8.884708888697162
7069,41.599,30.617049141269536,30.617049141269536,10.98195085873046,26.3995549381727
4704,3.8,2.65414389774719,2.65414389774719,1.14585610225281,30.154107954021313
1426,27.9,32.72118414029381,32.72118414029381,4.821184140293809,17.280229893526197
2859,7.5,6.229620670078397,6.229620670078397,1.270379329921603,16.938391065621374
3016,5.0,4.580556355140569,4.580556355140569,0.419443644859431,8.38887289718862
2688,20.49,22.10290361775771,22.10290361775771,1.6129036177577127,7.871662360945401
4664,12.0,4.660063483757503,4.660063483757503,7.339936516242497,61.16613763535415
2280,2.95,4.9396745710551695,4.9396745710551695,1.9896745710551693,67.44659562898877
347,6.5,6.492204071603961,6.492204071603961,0.007795928396038931,0.11993735993906048
4320,12.99,15.979377289409095,15.979377289409095,2.989377289409095,23.012912158653542
333,11.5,6.854891386452065,6.854891386452065,4.645108613547935,40.3922488134603
4386,6.5,6.476324507274839,6.476324507274839,0.023675492725161007,0.3642383496178616
3381,7.75,8.067603422444458,8.067603422444458,0.31760342244445816,4.098108676702686
5781,18.355,23.020826163694995,23.020826163694995,4.6658261636949945,25.41991917022607
6380,15.89,13.297301336608395,13.297301336608395,2.592698663391605,16.31654287848713
5832,83.49,85.48829405910845,85.48829405910845,1.99829405910846,2.393453178953719
6831,8.29,12.364950063932957,12.364950063932957,4.074950063932958,49.155006802568856
3023,9.79,10.093426353981242,10.093426353981242,0.3034263539812425,3.0993498874488514
6726,5.65,6.029761552957318,6.029761552957318,0.3797615529573175,6.721443415173761
746,14.5,15.432277050344213,15.432277050344213,0.9322770503442133,6.429496898925609
3410,34.0,23.56443503450567,23.56443503450567,10.43556496549433,30.69283813380685
5257,5.7,5.712410769085272,5.712410769085272,0.012410769085271944,0.21773279096968323
3704,5.0,4.588728635066401,4.588728635066401,0.41127136493359906,8.225427298671981
3589,2.5,5.258548124783767,5.258548124783767,2.7585481247837667,110.34192499135067
5019,7.8,6.706843554057626,6.706843554057626,1.0931564459423742,14.014826230030438
4038,24.2,22.10290361775771,22.10290361775771,2.097096382242288,8.66568752992681
3608,9.3,8.215622915838974,8.215622915838974,1.0843770841610265,11.659968646892757
6968,28.59,29.773427089310488,29.773427089310488,1.183427089310488,4.139304264814578
259,4.8,5.8118059693384865,5.8118059693384865,1.0118059693384867,21.079291027885137
1795,11.49,8.611159961713621,8.611159961713621,2.878840038286379,25.055178749228705
4210,20.0,17.583436701865384,17.583436701865384,2.4165632981346157,12.082816490673078
3653,8.3,4.11049722422216,4.11049722422216,4.189502775777841,50.475937057564344
3265,4.59,5.848751329709351,5.848751329709351,1.2587513297093516,27.423776246391103
3246,5.0,5.866190401185371,5.866190401185371,0.8661904011853707,17.323808023707414
1730,25.0,18.282336742775808,18.282336742775808,6.717663257224192,26.87065302889677
599,11.5,17.532710144851855,17.532710144851855,6.032710144851855,52.458349085668296
45,13.0,13.92334699522699,13.92334699522699,0.9233469952269893,7.102669194053764
4651,23.5,12.92814362708577,12.92814362708577,10.57185637291423,44.98662286346481
5070,6.0,6.403479716753939,6.403479716753939,0.4034797167539388,6.72466194589898
4575,6.0,4.760492134607215,4.760492134607215,1.2395078653927847,20.658464423213076
3921,14.2,9.981074852376839,9.981074852376839,4.21892514762316,29.71074047621944
3881,2.686686,3.524796672500507,3.524796672500507,0.8381106725005072,31.194961841484535
6979,5.85,13.800820774860888,13.800820774860888,7.950820774860889,135.91146623693828
6997,28.9,22.261037313061465,22.261037313061465,6.638962686938534,22.972189228161017
1421,1.9,2.9197591889941847,2.9197591889941847,1.0197591889941848,53.67153626285184
4251,17.2,17.223433807563524,17.223433807563524,0.02343380756352431,0.1362430672297925
3529,2.3,2.3541150378597457,2.3541150378597457,0.05411503785974592,2.352827733032431
6651,12.09,14.227517266435196,14.227517266435196,2.1375172664351965,17.680043560258035
6497,96.79,90.81182364896318,90.81182364896318,5.978176351036822,6.1764400775253865
7180,15.99,17.071016382609304,17.071016382609304,1.0810163826093042,6.760577752403403
3044,13.2,15.837285238564771,15.837285238564771,2.637285238564772,19.979433625490696
1298,4.1,5.848751329709351,5.848751329709351,1.7487513297093518,42.65247145632566
426,6.5,5.474241083608762,5.474241083608762,1.0257589163912382,15.78090640601905
4603,8.2,6.19300491860769,6.19300491860769,2.0069950813923096,24.47554977307695
805,19.9,17.783505969172143,17.783505969172143,2.1164940308278553,10.635648396119876
410,7.7,12.058279311021323,12.058279311021323,4.358279311021323,56.60103001326393
6097,12.38,13.956131347537175,13.956131347537175,1.5761313475371743,12.731270981721924
3858,15.0,9.7549807705268,9.7549807705268,5.2450192294732005,34.96679486315467
438,8.8,10.843358987516993,10.843358987516993,2.043358987516992,23.219988494511274
2389,2.0,2.5725392637502082,2.5725392637502082,0.5725392637502082,28.626963187510412
4161,9.2,11.232118566866133,11.232118566866133,2.0321185668661332,22.08824529202319
434,5.8,6.216452236997572,6.216452236997572,0.4164522369975723,7.180210982716765
751,10.5,7.81806094578869,7.81806094578869,2.68193905421131,25.54227670677438
3411,8.5,5.875500426051939,5.875500426051939,2.6244995739480608,30.87646557585954
2874,6.99,5.995420724259112,5.995420724259112,0.9945792757408878,14.228601941929725
4383,14.6,16.038693589569167,16.038693589569167,1.4386935895691675,9.854065681980599
2142,9.0,7.955010591309177,7.955010591309177,1.0449894086908227,11.610993429898029
6044,24.0,31.219465223688243,31.219465223688243,7.219465223688243,30.08110509870101
4937,7.5,6.527492286474677,6.527492286474677,0.9725077135253226,12.966769513670966
4856,5.9,8.476542027711933,8.476542027711933,2.576542027711932,43.67020385952427
1049,6.0,7.907890559413116,7.907890559413116,1.907890559413116,31.798175990218596
626,6.5,7.152826330065359,7.152826330065359,0.6528263300653592,10.043482001005525
1926,10.2,10.42875286424365,10.42875286424365,0.22875286424365093,2.242675139643637
1223,7.6,5.995420724259112,5.995420724259112,1.6045792757408872,21.11288520711694
210,7.89,10.625707923109095,10.625707923109095,2.7357079231090955,34.673104221915025
2431,3.89,2.678626677054565,2.678626677054565,1.2113733229454353,31.140702389342813
6216,14.59,16.691715127477423,16.691715127477423,2.101715127477423,14.405175650976169
4927,16.0,16.16150636727235,16.16150636727235,0.16150636727234868,1.0094147954521793
51,18.8,14.05908325495223,14.05908325495223,4.740916745047771,25.217642260892397
1109,12.5,12.603856342076604,12.603856342076604,0.10385634207660388,0.8308507366128309
1436,7.2,7.971252953215334,7.971252953215334,0.7712529532153338,10.711846572435192
7277,10.49,12.862566272727914,12.862566272727914,2.372566272727914,22.617409654222246
3882,2.8,4.751624439197165,4.751624439197165,1.9516244391971656,69.70087282847021
1786,10.8,5.712410769085272,5.712410769085272,5.087589230914729,47.107307693654896
5456,22.0,23.775729857038414,23.775729857038414,1.7757298570384137,8.071499350174607
4338,6.0,5.026438692733919,5.026438692733919,0.9735613072660811,16.22602178776802
6336,19.592,24.122784840491697,24.122784840491697,4.530784840491698,23.12568824260769
1558,2.8,3.893825469532045,3.893825469532045,1.093825469532045,39.06519534043018
2249,26.49,18.152835355283827,18.152835355283827,8.337164644716172,31.472875215991593
5044,36.0,21.917235391779705,21.917235391779705,14.082764608220295,39.11879057838971
3786,8.5,12.64600329669685,12.64600329669685,4.1460032966968505,48.77650937290412
4233,12.8,15.592104064652299,15.592104064652299,2.792104064652298,21.813313005096077
4561,13.0,10.545633827969429,10.545633827969429,2.4543661720305714,18.87973978485055
3733,3.5,4.796421061601407,4.796421061601407,1.2964210616014071,37.040601760040204
5661,63.05,89.43117527884073,89.43117527884073,26.38117527884073,41.841673717431775
5664,70.99,69.69408617103554,69.69408617103554,1.2959138289644585,1.825487855985996
6291,8.89,9.005570722550498,9.005570722550498,0.1155707225504976,1.3000081276771385
6970,20.49,28.81382194441518,28.81382194441518,8.323821944415183,40.623825985432816
4693,29.5,17.728922570644954,17.728922570644954,11.771077429355046,39.901957387644224
3164,1.0,1.0880531718429651,1.0880531718429651,0.08805317184296513,8.805317184296513
2112,5.4,4.720382689786755,4.720382689786755,0.6796173102132457,12.585505744689735
705,7.2,7.063822224815164,7.063822224815164,0.1361777751848363,1.891357988678282
2943,26.5,18.05867269028537,18.05867269028537,8.44132730971463,31.85406531967785
6952,20.99,13.36608900942303,13.36608900942303,7.623910990576968,36.3216340665887
57,3.8,5.775888668042295,5.775888668042295,1.9758886680422956,51.99707021163936
4881,9.8,9.830341239554702,9.830341239554702,0.03034123955470136,0.3096044852520547
5640,17.2,25.18931931659641,25.18931931659641,7.989319316596411,46.44953091044425
527,4.5,9.481466533155888,9.481466533155888,4.9814665331558885,110.69925629235308
1935,3.8,4.743465378985608,4.743465378985608,0.943465378985608,24.82803628909495
5058,1.95,3.568365001732783,3.568365001732783,1.6183650017327829,82.99307701193759
565,4.0,6.74070540771166,6.74070540771166,2.74070540771166,68.5176351927915
1871,4.9,5.469203670506914,5.469203670506914,0.5692036705069139,11.61640143891661
6095,18.85,22.77583357214218,22.77583357214218,3.925833572142178,20.826703300489005
640,5.5,4.178063989525082,4.178063989525082,1.3219360104749178,24.03520019045305
5282,5.0,5.25305570589987,5.25305570589987,0.2530557058998699,5.061114117997398
1747,41.0,28.849318011620472,28.849318011620472,12.150681988379528,29.635809727754946
730,6.5,8.073890400258676,8.073890400258676,1.5738904002586764,24.2136984655181
