sample_id,y_true_price,raw_prediction,y_pred_price,absolute_error,absolute_percentage_error
3909,5.5,1.5483555913823874,3.7037289670260627,1.7962710329739373,32.65947332679886
6004,37.499,3.422312499234621,29.640188570239005,7.858811429760998,20.957389343078475
1768,27.49,2.9000943623860174,17.17586040608015,10.314139593919847,37.51960565267315
3360,7.8,2.142409692805485,7.519943358923779,0.28005664107622064,3.590469757387444
4700,12.99,2.4899515927628597,11.060692281522469,1.9293077184775314,14.852253413991773
865,3.5,1.3666224696612659,2.9220813505249295,0.5779186494750705,16.511961413573445
7074,52.5,3.8051387500030858,43.93148392406589,8.568516075934113,16.32098300177926
2233,26.0,3.0040421266663766,19.16688951556803,6.83311048443197,26.281194170892192
1720,22.0,2.5615600486284738,11.956013569077134,10.043986430922866,45.65448377692212
1662,4.7,2.3740922449920565,9.741258328196622,5.041258328196622,107.26081549354514
1566,11.49,2.9541420589403127,18.18525583831203,6.695255838312031,58.27028579906032
5141,3.2,1.7605828114489477,4.8158259368070775,1.6158259368070773,50.49456052522117
7264,63.86,3.9113122552115556,48.96447511532571,14.895524884674288,23.32528168599168
5464,127.0,4.609426433944071,99.42653186437774,27.573468135622264,21.711392232773434
6348,31.79,3.3060882875203554,26.278211978589145,5.5117880214108546,17.33811897266705
6283,17.99,3.5887392872718626,35.1884239488249,17.1984239488249,95.5999107772368
6419,30.9,3.463600694505695,30.93174622853186,0.03174622853186193,0.1027386036629836
763,7.9,2.590616747151512,12.33799523755321,4.43799523755321,56.177154905736835
3297,4.8,1.8639653615051988,5.449259780477041,0.649259780477041,13.526245426605021
2654,3.59,1.3471888368565932,2.8465969058633798,0.7434030941366201,20.707607079014487
2189,3.1399,1.6688543010386692,4.306085137167506,1.1661851371675063,37.140836879120556
3945,1.9,1.1036994526164525,2.015300376610347,0.11530037661034731,6.068440874228806
6006,20.04,3.1298191889247216,21.869844047486755,1.8298440474867554,9.130958320792192
1197,19.8,2.498456856315952,11.163709119674138,8.636290880325863,43.617630708716476
429,7.5,2.047110669936524,6.74548946901037,0.7545105309896298,10.060140413195064
4271,5.7,1.8944356708087366,5.6487952364826235,0.051204763517376684,0.8983291845153804
3905,5.1,2.0010422107024617,6.396761066680541,1.2967610666805411,25.426687581971397
2316,2.7,1.9074908777402224,5.736165713028454,3.0361657130284536,112.45058196401678
4584,13.5,2.302606584556568,9.000214917934676,4.4997850820653245,33.33174134863203
7086,51.49,4.013614072792321,54.346535953247496,2.8565359532474943,5.5477489866915795
1992,16.5,2.762139425495115,14.833681719941078,1.6663182800589222,10.098898667023771
7240,13.1,2.5962207281014242,12.4129509377698,0.6870490622301997,5.244649330001525
554,7.2,2.3789387377841997,9.793442111283916,2.593442111283916,36.02002932338772
1905,11.999,2.4993552727220365,11.174642105957835,0.8243578940421656,6.87022163548767
2034,14.5,2.6088920006598615,12.583991456901064,1.9160085430989362,13.213852021371974
1215,6.2,1.94837265240905,6.017258764637742,0.1827412353622586,2.947439280036429
1615,7.0,2.137896226458527,7.481575532376022,0.4815755323760218,6.879650462514597
1002,3.2,1.3235430915134465,2.7567081860639884,0.4432918139360118,13.852869185500369
2388,9.95,2.0766896065058047,6.978014783427919,2.9719852165720804,29.869198156503323
6001,38.9,3.7027197380944132,39.55746016411845,0.6574601641184543,1.6901289566027105
1533,4.95,1.6745139588761317,4.3362009055844,0.6137990944156,12.399981705365656
5326,26.5,3.3242562450271462,26.77833068608931,0.27833068608930844,1.0503044758087112
2764,22.5,3.078069374639245,20.71643559684033,1.7835644031596694,7.9269529029318635
6702,12.99,2.918746138921709,17.518053829975653,4.5280538299756525,34.857997151467686
496,10.89,2.6536591813494415,13.205925713807163,2.3159257138071627,21.26653548032289
2691,29.5,3.350356883167124,27.51290760497152,1.9870923950284798,6.735906423825355
7213,26.25,3.4243261658476096,29.701949857430154,3.4519498574301544,13.150285171162492
5400,13.99,2.6382131645517974,12.98818667601077,1.0018133239892304,7.1609244030681225
5931,44.99,3.5395952840357334,33.45297270079571,11.53702729920429,25.643537006455414
828,4.8,1.485341406597973,3.416472968430403,1.3835270315695967,28.8234798243666
3552,1.55,1.4592293412442157,3.3026423812910197,1.7526423812910197,113.07370201877546
61,6.9,2.2928807134991986,8.903425560463726,2.003425560463725,29.035153050198915
1429,10.0,2.402550907118334,10.05133137485787,0.051331374857870316,0.5133137485787032
2970,3.2,1.5643282719255742,3.7794633576443726,0.5794633576443724,18.108229926386638
3955,29.9,3.371097975755995,28.110472109763588,1.7895278902364105,5.985043111158564
4121,14.5,2.607350201276559,12.563063804516467,1.9369361954835327,13.358180658507122
3550,16.4,2.737472025982092,14.447883844698307,1.9521161553016917,11.90314728842495
5189,4.6,1.3593072324299755,2.8934950801573205,1.7065049198426792,37.097933040058244
465,5.95,1.9379117271745372,5.94423436268052,0.005765637319480099,0.09690146755428737
5636,7.5,2.7287466345923397,14.313681348093443,6.813681348093443,90.84908464124591
6951,12.9,3.006886061630776,19.224324469710677,6.324324469710676,49.025771083028495
4230,8.2,2.015808662363992,6.506795390293318,1.6932046097066813,20.648836703740017
6145,42.45,4.21958689071157,67.00538482960899,24.555384829608982,57.845429516157786
1902,8.9,2.2074758720558068,8.092736173269742,0.8072638267302583,9.070380075620879
185,4.7,1.6745139588761317,4.3362009055844,0.3637990944156,7.7404062641617015
2662,4.8,1.7537038142909287,4.775956175923785,0.02404382407621508,0.5009130015878143
932,2.0,1.5791989404187587,3.8510682596564454,1.8510682596564454,92.55341298282227
6485,20.95,3.2654928400192484,25.19301677721038,4.243016777210382,20.25306337570588
5510,12.99,3.089926289499437,20.975458094046797,7.9854580940467965,61.47388832984447
1487,18.99,2.2928807134991986,8.903425560463726,10.086574439536273,53.115189255062
1084,17.0,2.6032019029525646,12.50691670763859,4.49308329236141,26.429901719773003
7123,11.999,2.700965464339891,13.89410451233079,1.8951045123307892,15.793853757236345
5735,99.69,4.273553977749738,70.77627414263493,28.913725857365066,29.003637132475742
2939,12.5,2.518030851251855,11.404146988440253,1.095853011559747,8.766824092477975
1940,7.5,2.1225859925372492,7.3527096277325175,0.14729037226748254,1.9638716302331005
5481,17.86,2.8014557297500273,15.468603165417786,2.3913968345822134,13.389679924872416
3268,2.2,1.3136097878772888,2.719576389004063,0.519576389004063,23.61710859109377
1703,22.5,3.3176591695278552,26.595678090232397,4.095678090232397,18.20301373436621
6381,19.8,3.1273544201847603,21.81354458187418,2.0135445818741786,10.169417080172618
3244,1.5,1.2033146160587573,2.331140094304014,0.8311400943040139,55.409339620267595
4438,1.5,1.1688314075477055,2.21822964138303,0.7182296413830298,47.88197609220199
5549,17.5,2.748962695536363,14.626414125142787,2.8735858748572127,16.42049071346979
4063,8.0,2.1591677662282125,7.66392424690296,0.33607575309703996,4.2009469137129996
5269,5.299999,1.880887331689614,5.559322575472369,0.2593235754723695,4.892898573610477
7091,24.299,3.5132910724950763,32.558529798676474,8.259529798676475,33.991233378643045
2718,22.0,2.908054396472249,17.321118236111843,4.678881763888157,21.267644381309804
1740,7.8,2.2732655751876885,8.711061291902828,0.9110612919028283,11.680272973113183
5023,17.5,2.8075983423216444,15.570074745502758,1.9299252544972418,11.02814431141281
3994,7.0,2.220115194763695,8.208391563277825,1.208391563277825,17.262736618254642
101,12.6,2.6751464214961027,13.514474915140967,0.9144749151409677,7.257737421753712
4505,15.0,2.848784958260464,16.266789220085077,1.2667892200850766,8.445261467233843
736,8.2,2.464912893692855,10.762457523117407,2.5624575231174074,31.249481989236678
7111,48.49,3.9029407199666597,48.54794169564945,0.057941695649446956,0.1194920512465394
538,25.5,2.926876844224077,17.669232429916008,7.830767570083992,30.70889243170193
4520,9.0,1.912443520003628,5.7696102831653455,3.2303897168346545,35.89321907594061
5153,8.5,2.1724036679724703,7.779361368884599,0.7206386311154009,8.478101542534128
733,10.8,2.699876996124832,13.877901572769424,3.0779015727694237,28.49908863675392
5218,4.4,2.0960586382979156,7.134047427970261,2.7340474279702605,62.13744154477864
79,3.7,1.305653221566247,2.6900987586875225,1.0099012413124777,27.29462814358048
5808,17.79,2.8231978153862043,15.830585815093357,1.9594141849066418,11.014132573955267
3113,5.5,1.8944356708087366,5.6487952364826235,0.1487952364826235,2.7053679360477
5278,5.3,1.5407671953769893,3.6681702961933738,1.631829703806626,30.789239694464644
3082,5.9,1.7228994854815127,4.600744220794106,1.299255779205894,22.021284393320236
4939,11.5,2.3365345936396897,9.345323621926203,2.1546763780737965,18.73631633107649
132,8.9,2.0400776692435967,6.691206545875717,2.208793454124283,24.817903978924527
737,12.2,2.1463706329453762,7.553757267789205,4.646242732210794,38.08395682139996
1041,9.0,2.367523774757559,9.670935900809448,0.6709359008094484,7.454843342327205
2095,13.5,2.702172487521315,13.912092895757672,0.41209289575767194,3.052539968575348
7199,21.99,3.112690798154557,21.48145614710051,0.5085438528994892,2.312614155977668
6848,42.499,3.396603599230506,28.862502585452898,13.636497414547105,32.0866312490814
1634,9.3,2.762139425495115,14.833681719941078,5.533681719941077,59.50195397786104
6425,20.34,3.0580749239085367,20.286539485386626,0.05346051461337353,0.2628343884629967
5527,23.9,3.376701471770731,28.27405040135195,4.374050401351951,18.30146611444331
6243,47.499,3.3293860870436855,26.921195257038214,20.57780474296179,43.32260625057746
6607,41.0,3.7333547280056587,40.81916503043178,0.18083496956821676,0.44106090138589454
3308,17.2,2.7377444722640187,14.452093136592358,2.747906863407641,15.976202694230471
4726,5.0,2.2095249031875346,8.111386573861722,3.111386573861722,62.227731477234435
5241,1.8,1.5154880874495302,3.5516421841913006,1.7516421841913006,97.31345467729447
5112,14.499,2.3706242365837533,9.704072072392753,4.794927927607247,33.07074920758154
2647,7.5,2.1023583226532274,7.185451102760043,0.31454889723995727,4.193985296532763
3139,6.2,1.9904780049252973,6.319031459370741,0.11903145937074111,1.9198622479151792
5239,6.6,2.0761874359511077,6.974009465079382,0.37400946507938215,5.666810076960336
319,9.0,2.1507513986255735,7.591311472090469,1.408688527909531,15.652094754550344
5857,4.845,2.5444546778672015,11.736280816169073,6.891280816169073,142.23489816654433
6898,38.8,3.715576594335774,40.082268059642495,1.2822680596424973,3.304814586707468
842,7.5,1.894917222784974,5.651997747994336,1.8480022520056636,24.64003002674218
1894,5.5,1.5753405535442557,3.8323870244482876,1.6676129755517124,30.320235919122045
177,7.5,2.5235728578234915,11.47308169442517,3.9730816944251703,52.9744225923356
5163,3.8,1.1617058288113722,2.1953793999618036,1.6046206000381962,42.22685789574201
4671,7.3,1.956983882598121,6.0779469199756155,1.2220530800243843,16.740453151018965
3832,22.9,2.7170050923037836,14.134926592856607,8.765073407143392,38.27542972551699
3961,3.95,1.5533435579489128,3.7272496212041517,0.22275037879584847,5.639250096097429
1509,4.0,1.178553917280031,2.2496715096517788,1.7503284903482212,43.758212258705534
6654,19.49,2.7400387746642085,14.487585610628942,5.002414389371056,25.666569468296853
2177,11.4,2.1715786901060983,7.772121576819103,3.6278784231808974,31.823494940183313
3671,1.4,1.1323367982614998,2.1028988835512417,0.7028988835512417,50.207063110802984
1755,6.9,1.7546684130206311,4.781530343899364,2.118469656100636,30.70245878406719
2245,4.0,1.8574071283063827,5.407102420874964,1.4071024208749643,35.177560521874106
3193,4.799,1.8639653615051988,5.449259780477041,0.6502597804770405,13.5499016561167
1038,13.5,2.4597107893381573,10.701426873153093,2.7985731268469074,20.73017130997709
6559,8.1,1.7987312771721653,5.041977005446589,3.0580229945534105,37.75337030312853
3450,7.29,1.9412682423146954,5.967581951803986,1.3224180481960142,18.14016527017852
5444,41.29,3.507360244440537,32.360088969570334,8.929911030429665,21.627297240081532
3433,17.49,2.6775590700785785,13.549535519922633,3.940464480077365,22.529814065622446
3002,15.9,2.810064021705778,15.61098164812482,0.2890183518751801,1.8177254834916987
2516,1.5,1.009377592442098,1.7438926638946617,0.2438926638946617,16.25951092631078
3698,5.35,1.7076707496705241,4.516098129075752,0.8339018709242474,15.586950858397147
2045,4.99,1.8769117810725664,5.533297422992827,0.5432974229928265,10.887723907671873
4239,9.49,1.9428785294797961,5.978810797999827,3.511189202000173,36.998832476292655
4710,4.99,1.924605887336575,5.8524474973176215,0.8624474973176213,17.283516980313053
1728,31.5,3.4007721178973194,28.987244799409464,2.5127552005905365,7.977000636795354
3319,9.19,2.4789535348919345,10.928774837384493,1.7387748373844936,18.92029202812289
5372,2.899,1.65432158143947,4.229530907624918,1.3305309076249179,45.896202401687404
2771,27.5,2.979105894890467,18.670221534415965,8.829778465584035,32.108285329396494
4552,1.5,1.2703894076119573,2.5622394554642005,1.0622394554642005,70.81596369761337
3379,5.0,2.403018247419103,10.056497314418344,5.056497314418344,101.1299462883669
3857,6.7,2.0768788754653285,6.97952491689123,0.27952491689122994,4.17201368494373
5435,23.49,3.4310467718762796,29.908980473098257,6.418980473098259,27.326438795650315
4104,3.2,1.4539201381525975,3.27985931254437,0.07985931254436984,2.4956035170115576
6784,28.799,2.8954556672173575,17.091743377687077,11.707256622312922,40.65160811942402
2412,21.49,2.6471447237642822,13.113682596443203,8.376317403556795,38.97774501422427
6248,27.89,3.5989795355253555,35.560906294857695,7.670906294857694,27.50414591200321
3045,11.5,2.3581779259798084,9.57167152500467,1.9283284749953307,16.76807369561157
1918,14.9,2.5916820537283725,12.352211862789579,2.5477881372104214,17.099249243022964
3824,4.0,1.9703333444023619,6.173067191656797,2.1730671916567967,54.32667979141992
1550,13.5,2.6050518977683566,12.53192756136666,0.9680724386333406,7.170906952839561
1934,7.9,2.102979083044676,7.1905338840222,0.7094661159778006,8.980583746554437
7148,19.199,2.869636363881993,16.63060590894685,2.5683940910531504,13.37774931534533
3370,8.99,2.2262189323584147,8.264769050712905,0.725230949287095,8.067085086619521
2481,10.7,2.4894251753543832,11.054344993955112,0.3543449939551131,3.3116354575244213
6017,21.999,2.805655194373295,15.537907901347012,6.461092098652987,29.36993544548837
5643,21.1,2.9187976317347526,17.519007401210278,3.5809925987897238,16.971528904216697
3889,2.9,1.8984135294736477,5.6752958771828155,2.7752958771828156,95.69985783389019
3664,26.0,3.051667359075365,20.150580651252547,5.849419348747453,22.49776672595174
1600,14.8,2.762139425495115,14.833681719941078,0.03368171994107705,0.22757918879106115
2275,23.49,2.8196139936377356,15.770375950763885,7.7196240492361134,32.86344848546664
4024,8.2,2.0729983384745108,6.948620077749697,1.251379922250302,15.260730759150023
2312,8.0,2.1693988277848972,7.753020386063561,0.24697961393643908,3.0872451742054885
3935,6.9,1.9378646903050072,5.943907735316642,0.9560922646833587,13.856409633092154
4352,1.0,1.5334064084714836,3.6339350431809283,2.6339350431809283,263.3935043180928
1672,1.3,1.8886867289140632,5.610681361198662,4.310681361198662,331.5908739383586
3792,15.9,2.8826851605012678,16.86217164106193,0.9621716410619303,6.051393968942958
1034,4.6,1.8574071283063827,5.407102420874964,0.8071024208749646,17.545704801629665
3439,10.5,2.4095385571266585,10.128824643235077,0.3711753567649225,3.535003397761167
3221,8.9,2.4641785778739935,10.753823334987937,1.8538233349879363,20.829475674021754
2955,5.5,1.751579035263125,4.763696574460062,0.7363034255399379,13.387335009817052
4490,2.0,0.9336262211795046,1.5437165523767131,0.4562834476232869,22.814172381164344
7244,46.49,3.6801722758029953,38.65322477531282,7.83677522468718,16.856905193992645
6285,16.09,3.066861145001198,20.474391774999003,4.384391774999003,27.24917200123681
2268,16.49,2.9391376531152758,17.89954132240477,1.4095413224047704,8.547855199543788
1699,2.6,1.2623395032558626,2.533678877742951,0.06632112225704923,2.550812394501893
3519,10.5,2.306675732988756,9.04099018082512,1.4590098191748808,13.89533161118934
87,8.5,2.430537774199099,10.364992236509698,1.864992236509698,21.941085135408212
7113,22.59,3.0989922777551615,21.175593179415927,1.4144068205840732,6.261207705108779
676,5.3,1.8810159990820563,5.560166600702442,0.26016660070244235,4.9088037868385355
4407,24.99,2.769585230699276,14.95201623084592,10.037983769154078,40.16800227752733
3317,4.9,1.8639653615051988,5.449259780477041,0.5492597804770405,11.209383275041642
6902,67.0,4.227892046331203,67.57253199639186,0.5725319963918594,0.8545253677490438
2569,4.1,1.852567823642862,5.376171402923778,1.2761714029237785,31.126131778628746
393,2.999,1.438194848027829,3.213083692206662,0.2140836922066618,7.13850257441353
1149,5.6,1.697583320850343,4.460734589182105,1.1392654108178943,20.344025193176684
1168,5.9,1.9068089344054933,5.731573595678695,0.1684264043213055,2.854684819005178
2208,3.4,1.447510869915544,3.252516264260244,0.14748373573975604,4.337756933522237
230,18.5,2.9008398272125353,17.18941492228441,1.31058507771559,7.084243663327514
2802,4.999999,1.8639653615051988,5.449259780477041,0.449260780477041,8.985217406584303
1543,4.4,1.7614006935601834,4.820584542526833,0.4205845425268331,9.55873960288257
2345,28.5,3.237016531748546,24.457656225134244,4.042343774865756,14.183662367950022
3599,6.0,1.9605456179262664,6.103201642191032,0.10320164219103223,1.720027369850537
2892,2.2,1.48133609585521,3.398819000220252,1.1988190002202517,54.49177273728416
4691,25.9,3.2757296542807874,25.46252693407027,0.4374730659297299,1.6890851966398839
2942,16.0,3.074228000203365,20.633174656907546,4.633174656907546,28.95734160567216
5121,24.49,2.9402034593227695,17.91969530907921,6.570304690920789,26.82852058358836
7189,54.99,3.9216817816519516,49.485278637362185,5.504721362637817,10.010404369226798
970,3.2,1.14155563125174,2.1316362491064846,1.0683637508935155,33.38636721542236
3718,5.6,1.7916748787656882,4.999492478691833,0.6005075213081668,10.723348594788693
5329,7.0,1.9924357075860641,6.333373981348946,0.666626018651054,9.5232288378722
169,10.5,2.6524272507705478,13.188435774926068,2.6884357749260683,25.604150237391128
1056,9.0,1.8693042152431323,5.483783511735295,3.516216488264705,39.06907209183006
5968,24.1145,3.000124083904048,19.088029369657047,5.026470630342953,20.844183500976396
251,3.7,1.7760748792145415,4.906626635584082,1.2066266355840822,32.61153069146168
5889,51.0,3.263366004112134,25.13736772778827,25.86263227221173,50.711043671003395
2705,10.5,1.962501666203997,6.11710944526232,4.38289055473768,41.74181480702553
1729,4.3,1.7590764321690169,4.807071692381806,0.5070716923818059,11.792364939111767
2533,8.6,1.8767395337429384,5.532172176871153,3.0678278231288463,35.67241654800984
95,7.5,1.3250264201970468,2.7622847539913806,4.737715246008619,63.169536613448265
5646,17.5,3.254982355864981,24.919157208855125,7.419157208855125,42.39518405060071
5174,23.49,2.462887151162001,10.738653930760277,12.751346069239721,54.28414674005842
3692,2.8,1.6978711976085017,4.462306834048324,1.6623068340483238,59.36810121601157
1172,6.69,2.0010422107024617,6.396761066680541,0.2932389333194596,4.383242650515091
1383,11.9,2.675015021165727,13.512567833640203,1.6125678336402025,13.550990198657164
5263,7.2,2.2832829092594813,8.808829105925353,1.608829105925353,22.34484869340768
711,13.7,2.762139425495115,14.833681719941078,1.1336817199410785,8.275049050664807
2354,7.9,2.2311966059253723,8.311001015075774,0.41100101507577413,5.202544494630052
2215,7.0,2.1463706329453762,7.553757267789205,0.5537572677892051,7.910818111274358
3779,7.49,2.187898267812908,7.9164534105396545,0.42645341053965424,5.693636989848521
5242,5.5,2.5159389732505493,11.378226147301213,5.878226147301213,106.87683904184023
69,5.5,1.9136442598020589,5.777743705737084,0.27774370573708396,5.049885558856071
263,6.5,2.2650231544901565,8.631347607471845,2.131347607471845,32.78996319187454
408,16.0,2.2966088293059563,8.940415586543981,7.059584413456019,44.122402584100115
7137,54.99,3.9975035587106387,53.46201894940774,1.5279810505922597,2.778652574272158
6024,24.39,3.106919963945502,21.35209301649693,3.0379069835030705,12.455543187794467
3217,1.79,1.775887546632897,4.9055202356032455,3.1155202356032454,174.05140981023717
5196,11.6,2.663824068762878,13.351063755522288,1.7510637555222885,15.095377202778351
37,13.8,2.6471447237642822,13.113682596443203,0.6863174035567976,4.973314518527518
3504,6.99,1.9795466498661733,6.239460230834198,0.750539769165802,10.73733575344495
1862,31.0,3.108468919728575,21.38674224837494,9.61325775162506,31.01050887620987
4602,13.3,2.6050518977683566,12.53192756136666,0.7680724386333413,5.77498074160407
6222,20.66,3.0003013630782442,19.091590874595926,1.5684091254040737,7.591525292372089
6474,9.29,2.4589216140881986,10.692196039527394,1.4021960395273947,15.093606453470343
2333,28.5,3.5395376333828676,33.450986521679155,4.950986521679155,17.371882532207565
1575,6.8,2.302606584556568,9.000214917934676,2.2002149179346757,32.35610173433347
6763,35.89,3.635291314970264,36.91289588270723,1.0228958827072319,2.8500860482229924
5733,20.0,3.5273988927357296,33.03532285195322,13.035322851953218,65.17661425976608
3295,11.0,2.4791220153241773,10.93078477183778,0.06921522816221959,0.629229346929269
3985,19.5,2.776852482126795,15.06836580230281,4.431634197697189,22.726329218959947
5958,89.09,4.5776132846270565,96.28193262348402,7.191932623484021,8.07265980860256
3641,13.8,2.4406325306302823,10.480300088124231,3.3196999118757695,24.055796462867892
1163,5.39,1.8639653615051988,5.449259780477041,0.05925978047704117,1.0994393409469605
3781,8.5,2.399970518460108,10.022851405217809,1.5228514052178088,17.9158988849154
1554,23.99,3.143108138658709,22.175788593934115,1.8142114060658834,7.5623651774317775
19,10.0,1.7896964962314632,4.98763492081801,5.01236507918199,50.1236507918199
3257,7.1,2.6004393626896585,12.469654798865067,5.369654798865067,75.62894082908545
3279,6.699999,2.1507513986255735,7.591311472090469,0.891312472090469,13.303173210779121
982,1.7,1.2668248641149287,2.5495643019671936,0.8495643019671937,49.97437070395257
6602,12.15,2.64834766315796,13.130670717019488,0.9806707170194873,8.071363926086315
239,4.8,1.7953467568411015,5.021562377780451,0.22156237778045096,4.615882870426062
7053,20.99,3.1810976810528233,23.07316371013376,2.0831637101337606,9.924553168812581
2509,22.05,2.991503306103156,18.91559924080143,3.13440075919857,14.21496942947197
3800,7.3,1.657286044555864,4.245056660507423,3.054943339492577,41.84853889715859
6775,25.99,3.524976641442778,32.95298051434652,6.962980514346523,26.790998516146686
1322,2.5,1.4915808680676244,3.4441155290154866,0.9441155290154866,37.76462116061946
3842,10.9,2.735621780339784,14.419327890842926,3.5193278908429253,32.287411842595645
3166,10.9,2.2160464295848774,8.171000898832057,2.7289991011679433,25.03668900154076
4381,12.0,2.4626645052904186,10.736040658852556,1.2639593411474443,10.532994509562037
5635,15.999,3.237700128792545,24.475064953276497,8.476064953276497,52.97871712779859
5514,28.49,3.274236703954623,25.4230491723542,3.0669508276457975,10.765008170044919
1965,4.5,1.8045555064783771,5.07726954113447,0.5772695411344699,12.828212025210442
2486,4.686,2.2879029280391094,8.854250924636197,4.168250924636197,88.95115076048224
4706,3.0,1.7051391195041887,4.502151070497898,1.5021510704978978,50.07170234992992
2676,6.2,1.8191017979551236,5.1663173628835475,1.0336826371164527,16.672300598652463
1726,6.799999,2.2665237680373145,8.645811387727125,1.8458123877271255,27.144303811325937
332,4.0,1.481459931979727,3.399363766647876,0.600636233352124,15.0159058338031
4728,4.99,1.8639653615051988,5.449259780477041,0.45925978047704064,9.203602815171156
3544,4.75,2.2959720134048553,8.934087386997824,4.184087386997824,88.08605025258576
6459,13.19,2.434190420085768,10.406580435898604,2.7834195641013952,21.102498590609517
1562,25.0,3.3661431297624365,27.96659095251044,2.9665909525104404,11.866363810041761
3989,4.5,1.7485905656554586,4.746497654444576,0.2464976544445756,5.477725654323903
1320,29.5,3.5116835685163608,32.50462766406042,3.004627664060422,10.185178522238719
6674,35.99,3.650704106842274,37.50176586411446,1.5117658641144587,4.200516432660346
2036,10.799,2.5901938208444713,12.332355441177256,1.5333554411772568,14.199050293335095
3774,5.5,1.7335613177922933,4.660777882216194,0.8392221177838062,15.258583959705566
3121,8.2,2.172615692687532,7.7812230078270215,0.4187769921729778,5.107036489914364
2650,3.6,1.8829042573232715,5.572565591914563,1.9725655919145626,54.7934886642934
4595,3.95,1.6297982088565506,4.102844905728296,0.1528449057282959,3.869491284260655
2471,3.55,1.3305304043657928,2.783049401441028,0.7669505985589717,21.60424221292878
4397,10.8,2.047811207893459,6.750917379385095,4.0490826206149055,37.491505746434306
6418,5.8,2.0186589471548686,6.528222417080461,0.7282224170804614,12.55555891518037
1888,13.8,2.8903060090604473,16.99881655986242,3.1988165598624185,23.17983014393057
5537,25.99,2.9891364555995272,18.8685177341313,7.1214822658687,27.400855197647942
7214,57.99,3.972525530476932,52.1185140051862,5.871485994813803,10.124997404403867
2519,29.5,3.4273252924980557,29.79416710995541,0.29416710995540996,0.997176643916644
1142,13.89,2.6913841382231096,13.752080714444485,0.13791928555551536,0.9929394208460429
308,11.3,2.0305313198268777,6.618132948747498,4.681867051252503,41.4324517809956
5255,1.99,1.115378385396734,2.050722309587306,0.060722309587305956,3.051372341070651
381,4.5,2.136087241189856,7.466246356489814,2.9662463564898136,65.91658569977363
4118,7.5,2.0327664569323782,6.635179564040218,0.864820435959782,11.530939146130427
3617,7.2,1.9428785294797961,5.978810797999827,1.221189202000173,16.96096113889129
1400,9.8,1.980859288510993,6.248969265698791,3.55103073430121,36.235007492869485
7075,23.5,3.1060482406856553,21.332616667334825,2.1673833326651746,9.22290779857521
6806,14.4,2.8029647845858006,15.493473951633352,1.0934739516333511,7.593569108564939
2465,4.3,1.349972984700909,2.857321322600154,1.442678677399846,33.55066691627549
994,10.5,2.5369507498340247,11.641066369476988,1.141066369476988,10.867298756923697
683,4.7,1.9753238238741977,6.208953707207346,1.508953707207346,32.10539802568822
3428,7.9,2.1949912088859205,7.979922112952648,0.07992211295264795,1.0116723158563032
2906,11.9,2.442956233183849,10.50700790925318,1.3929920907468212,11.70581588862875
2984,12.8,2.4204818887750723,10.25127987420018,2.5487201257998215,19.911875982811107
457,2.7,1.6214191107608582,4.060266301962446,1.3602663019624455,50.380233406016494
4028,4.8,1.645899270052666,4.1856711295352085,0.6143288704647913,12.798518134683153
3622,3.8,1.9904734189176736,6.318997894313636,2.518997894313636,66.28941827141148
756,2.95,1.5048777205800925,3.5036028986676557,0.5536028986676556,18.76619995483578
5845,21.99,3.296451479761119,26.016599672104203,4.026599672104204,18.311048986376555
4100,1.5,1.0688321971149182,1.9119768985563885,0.4119768985563885,27.4651265704259
1046,11.89,2.2151211341401833,8.162518938241998,3.7274810617580023,31.3497145648276
1024,4.49,1.216155266962642,2.3741899036424403,2.11581009635756,47.122719295268595
2344,13.4,2.635374797001868,12.948539354320548,0.4514606456794521,3.3691092961153144
2997,3.2,2.2421920572588943,8.413944591994449,5.213944591994449,162.9357684998265
4591,3.55,1.7735805541709375,4.891911948079647,1.3419119480796473,37.80033656562387
4974,26.9,2.9132284726843913,17.416158759585095,9.483841240414904,35.25591539187697
1515,28.2,3.3884273954358313,28.619336122418716,0.41933612241871643,1.487007526307505
5186,24.19,3.0421123266263987,19.94944860866665,4.2405513913333515,17.53018351109281
1737,4.3,1.9506968018394197,6.033586889749741,1.7335868897497413,40.31597418022655
6156,22.85,3.217560060445122,23.96712752038512,1.117127520385118,4.888960701904237
1869,5.6,1.9451037882710387,5.994357749660506,0.3943577496605064,7.042102672509043
6526,22.99,3.1773596568301032,22.983345616756466,0.00665438324353218,0.028944685704794172
1042,3.5,0.8214581222072139,1.2738129186185398,2.22618708138146,63.60534518232743
3442,6.5,1.7247683038519166,4.611220780826684,1.8887792191733164,29.058141833435634
50,7.5,2.1845451158754288,7.886605258172418,0.386605258172418,5.15473677563224
786,6.5,1.8980110216269823,5.672609558881802,0.8273904411181983,12.729083709510741
245,18.5,2.9542034963843133,18.18643456760192,0.31356543239807877,1.6949482832328582
5303,4.25,2.271006117600198,8.689144330330922,4.439144330330922,104.45045483131582
3076,14.0,2.4678337144757636,10.796863776298153,3.203136223701847,22.879544455013193
5462,37.19,3.2407454562801945,24.552763116957323,12.637236883042675,33.98020135262887
7234,54.95,3.679466056384215,38.62523078407285,16.324769215927155,29.70840621642794
625,7.5,2.3168598259426654,9.143771034729719,1.6437710347297187,21.916947129729582
6414,26.59,2.9370558792623624,17.860237676293583,8.729762323706417,32.83099783266798
2272,5.7,1.7625511507027172,4.827284728987187,0.8727152710128134,15.310794228294972
4812,12.99,2.6341821939017485,12.931914198621056,0.05808580137894381,0.44715782431827417
7182,57.28,3.45304491195919,30.596454406102673,26.68354559389733,46.584402223982764
4894,6.9,1.9924357075860641,6.333373981348946,0.5666260186510543,8.211971284797889
6403,5.3,1.9323056377942163,5.9054132830596595,0.6054132830596597,11.422892133201126
1025,12.5,2.2879029280391094,8.854250924636197,3.6457490753638027,29.165992602910425
5457,53.99,3.6944378055682012,39.222953110026175,14.767046889973827,27.35144821258349
2926,7.5,2.3293251517642592,9.27100782219724,1.7710078221972392,23.61343762929652
321,31.8,3.5323947822318935,33.20578501440559,1.4057850144055912,4.4207075924704125
3326,17.0,3.1440669103852534,22.19801954027678,5.198019540276778,30.576585531039875
3105,11.9,2.6799376529967747,13.584183987368654,1.6841839873686535,14.152806616543307
1893,4.5,1.4208550646810834,3.1406594586504335,1.3593405413495665,30.207567585545924
4920,6.8,1.940808255226079,5.964377691083058,0.8356223089169417,12.288563366425613
2138,11.49,2.392942654856973,9.945655886541536,1.5443441134584646,13.440766870830847
5476,40.49,3.0922483797374896,21.02654638361685,19.463453616383152,48.069779245204124
3475,1.55,1.1486366059640152,2.1538899822715356,0.6038899822715356,38.96064401751842
4098,11.0,2.587825201224282,12.300813532634448,1.3008135326344483,11.825577569404077
7001,45.499,3.632473548637125,36.80621657036893,8.69278342963107,19.10543842640733
5321,14.799,3.04523887061396,20.015050481387462,5.216050481387462,35.245965817875955
5339,2.7,1.3109957796220013,2.709866082556883,0.009866082556882816,0.3654104650697339
4296,24.5,3.126535780814811,21.794876158507126,2.705123841492874,11.04132180201173
3767,5.9,1.894917222784974,5.651997747994336,0.24800225200566395,4.2034280000959985
2126,16.3,3.101163156185862,21.223785987774633,4.923785987774632,30.207275998617376
4279,5.9,1.5725703647924603,3.819018924897181,2.0809810751028195,35.2708656797088
233,3.8,1.8693042152431323,5.483783511735295,1.683783511735295,44.31009241408672
65,15.0,2.552330438832873,11.836984759025132,3.163015240974868,21.086768273165788
5856,20.709,3.360666401779237,27.80838244120269,7.099382441202689,34.28162847652078
1595,14.5,2.7725110257344197,14.998756904206939,0.49875690420693886,3.4397027876340607
5133,9.8,2.776852482126795,15.06836580230281,5.26836580230281,53.75883471737561
2656,20.9,3.137808261163097,22.053284668169585,1.1532846681695865,5.518108460141562
3218,32.99,3.560068371230604,34.16560137835664,1.1756013783566388,3.5635082702535277
509,5.0,1.768112674967873,4.859783602276317,0.140216397723683,2.80432795447366
6253,15.5,3.005880751683587,19.2040029715597,3.7040029715596994,23.896793364901285
6481,18.99,3.3692127702708308,28.05564458487995,9.065644584879951,47.73904468077911
576,26.7,2.6489675367723295,13.139432662319106,13.560567337680894,50.788641714160654
217,4.999999,1.630433552750762,4.106087997212352,0.8939110027876476,17.878223631397677
5697,15.59,3.1519385351898137,22.38134623918822,6.7913462391882184,43.56219524816048
7082,11.9,2.621335544668782,12.754080513003876,0.8540805130038756,7.177147168099794
3757,4.0,1.6637796781135292,4.2792269610829035,0.27922696108290346,6.980674027072586
3954,9.2,2.6395989781414055,13.007585133418779,3.8075851334187796,41.386794928465
6731,24.5,3.303460186131995,26.20661619351614,1.7066161935161404,6.965780381698532
6889,39.9,3.138322808784845,22.0651497332778,17.8348502667222,44.69887284892782
2115,10.5,1.9817119164614672,6.255152575163499,4.244847424836501,40.4271183317762
3467,2.0,1.464181599105286,3.324003023896731,1.324003023896731,66.20015119483655
4871,17.5,2.9394169712016462,17.904821043446685,0.40482104344668457,2.313263105409626
6130,20.5,3.542245043474405,33.544385848339175,13.044385848339175,63.631150479703294
3478,9.0,2.2879029280391094,8.854250924636197,0.14574907536380266,1.6194341707089184
4487,4.499999,2.0112557904077986,6.472695596979832,1.9726965969798318,43.83771189682113
3933,29.99,3.320672078400767,26.678946731027736,3.3110532689722625,11.040524404709112
3347,7.6,1.9703333444023619,6.173067191656797,1.426932808343203,18.775431688726353
1261,6.5,1.8634813151243197,5.446138795032744,1.053861204967256,16.213249307188555
4382,9.5,2.292533279372555,8.899985370107716,0.6000146298922839,6.315943472550358
3163,9.65,2.4570618793426564,10.670471863165085,1.0204718631650849,10.574837960259947
1412,4.0,1.4853675519024145,3.4165884399702326,0.5834115600297674,14.585289000744183
1281,14.0,1.7543988977950733,4.779972343406517,9.220027656593484,65.85734040423917
4588,6.0,2.170649971019817,7.763978521974053,1.7639785219740531,29.399642032900886
2917,6.2,1.8753692855684938,5.523227609408767,0.6767723905912328,10.915683719213433
1565,13.6,2.8452547308334064,16.205940994434084,2.605940994434084,19.161330841427088
6580,22.562,2.75416403024078,14.70790407978383,7.854095920216171,34.81116886896628
4002,7.6,1.974739272534356,6.204740935069698,1.3952590649303014,18.35867190697765
6500,7.899,2.6092877101083514,12.589367834340287,4.690367834340287,59.37926110064928
6365,25.4,3.336221451339321,27.11270055680529,1.7127005568052915,6.742915577973589
6900,21.699,2.967842251722912,18.44990628348276,3.2490937165172404,14.97347212552302
3007,5.0,2.1604889719675446,7.6753786384808365,2.6753786384808365,53.50757276961673
1315,9.2,2.4486409224958603,10.572607955409621,1.372607955409622,14.919651689235023
3885,2.3,1.6056095290218386,3.980894677523308,1.680894677523308,73.0823772836221
3745,12.4,2.4894251753543832,11.054344993955112,1.345655006044888,10.852056500362
6498,18.006229,3.661687274830662,37.92696798527751,19.920738985277506,110.63248715362614
1702,40.99,3.496647923301235,32.00463226563595,8.985367734364054,21.92087761494036
1839,6.2,2.148395434413084,7.571094474336785,1.3710944743367852,22.11442700543202
503,10.5,1.8648061781611927,5.45468470588351,5.04531529411649,48.050621848728476
7023,38.9,3.8467130464069337,45.83885279365915,6.9388527936591515,17.837667850023525
5818,9.79,2.380684488799223,9.812301230679036,0.02230123067903733,0.22779602327923734
4694,11.0,1.5981042055994048,3.9436513883264537,7.056348611673546,64.14862374248679
1721,36.0,3.8496541345592954,45.97681276545394,9.976812765453943,27.713368792927618
7187,50.999,4.387458242306751,79.43571084459647,28.43671084459647,55.759349878618146
4618,14.99,2.6913841382231096,13.752080714444485,1.237919285555515,8.258300770884022
1803,18.8,2.9132284726843913,17.416158759585095,1.383841240414906,7.360857661781416
1385,4.2,1.805782185778884,5.084728976116046,0.8847289761160457,21.06497562181061
1373,1.2,1.1588237217801272,2.1861832330600164,0.9861832330600164,82.18193608833471
5834,26.9,3.426686664033894,29.774507356616066,2.8745073566160677,10.685900953963078
5654,44.99,3.94922574285133,50.895171068728416,5.905171068728414,13.125519156986917
5670,16.0,2.94662140301649,18.041511334337542,2.0415113343375424,12.75944583960964
856,6.9,2.0671381155388477,6.902175612440683,0.0021756124406824284,0.03153061508235404
2458,13.899999,2.1463706329453762,7.553757267789205,6.346241732210794,45.656418624280434
2726,7.8,2.5484590157861846,11.787383436182942,3.9873834361829426,51.120300463883886
5886,37.99,3.499842278837729,32.11022936298802,5.87977063701198,15.477153558862804
4252,24.79,3.137808261163097,22.053284668169585,2.736715331830414,11.039593916217887
3269,8.1,1.9114837376959113,5.763116048009959,2.336883951990041,28.850419160370876
2505,6.0,2.0703140398946136,6.927312219284368,0.9273122192843681,15.455203654739469
318,1.7,1.1032003767778988,2.0137958885044585,0.3137958885044585,18.45858167673285
6053,30.49,3.5487393812317025,33.76945881653061,3.27945881653061,10.75585049698462
176,4.7,1.8634813151243197,5.446138795032744,0.7461387950327438,15.875293511334975
5683,80.49,4.124989726449817,60.86717365158977,19.62282634841022,24.379210272593145
4967,2.0,1.3677131778674374,2.9263615306286765,0.9263615306286765,46.318076531433825
3100,2.6,1.9568289328171602,6.076850278615077,3.476850278615077,133.7250107159645
2840,1.85,1.3725233444862646,2.945293480209233,1.0952934802092331,59.20505298428287
6504,14.2,2.939672559662919,17.909653515103507,3.7096535151035077,26.124320528897943
3043,2.7,1.3084430106071252,2.700407729004314,0.0004077290043138504,0.015101074233846311
3169,12.5,2.155785606973601,7.63467097283154,4.86532902716846,38.92263221734768
468,4.6,1.9043375238330968,5.71495765438929,1.1149576543892907,24.238209878028062
472,28.5,3.079164000879837,20.74021999223353,7.759780007766469,27.227298272864804
91,7.9,1.794342049998358,5.01551551102835,2.8844844889716503,36.51246188571709
4304,2.7,1.725630024957058,4.616058172140885,1.9160581721408851,70.96511748669944
4149,5.8,2.006609403232945,6.438055098900314,0.6380550989003142,11.0009499810399
1047,5.6,2.0144527336681115,6.496623608673248,0.8966236086732486,16.011135869165155
6571,129.29,4.72282712320647,111.48581482010772,17.804185179892272,13.77073646832104
6768,9.49,2.377075519723585,9.773350298532698,0.28335029853269766,2.985777645233906
435,5.5,2.168181543332757,7.7423719528393296,2.2423719528393296,40.770399142533265
6016,151.89,5.108910276012284,164.48991824488738,12.599918244887391,8.295423164716171
1335,20.49,2.8135186126828353,15.66846502906289,4.821534970937108,23.531161400376323
1352,8.9,2.2276337425988983,8.277886217804694,0.6221137821953064,6.990042496576477
4074,2.55,1.7036523816270557,4.493976892031728,1.9439768920317277,76.23438792281286
4868,5.9,1.9511888569384535,6.037048653662785,0.1370486536627844,2.3228585366573626
6046,25.09,3.173930243355436,22.901237679635493,2.188762320364507,8.723644162473125
5546,18.99,3.1359783208462018,22.01113710863922,3.02113710863922,15.909094832223381
4207,8.8,2.211111808686975,8.12585696185576,0.6741430381442406,7.660716342548188
3758,11.5,2.7649864656922047,14.878825080253423,3.3788250802534225,29.381087654377584
106,7.7,1.944981201117146,5.993500383802761,1.706499616197239,22.16233267788622
5694,19.0,3.2190762614549207,24.005011416886866,5.005011416886866,26.342165352036133
5676,26.99,3.266042142872254,25.207408628435523,1.7825913715644752,6.604636426693128
4791,4.1,1.7154096634936062,4.558952345800578,0.4589523458005784,11.193959653672646
5900,27.9,2.8061874995498135,15.546713458745657,12.353286541254342,44.277012692667896
5313,12.9,2.6139459131320053,12.652817534736759,0.24718246526324172,1.9161431415755172
3333,10.99,2.4688987276215957,10.809434283989294,0.18056571601070637,1.6430001456843164
4086,15.0,2.702172487521315,13.912092895757672,1.087907104242328,7.2527140282821865
1617,12.99,2.553777353966089,11.855572230541902,1.1344277694580978,8.733085215227849
2252,4.0,1.1634374963382295,2.200917528419392,1.7990824715806082,44.977061789515204
4860,7.8,2.3499817690008276,9.48537856405713,1.6853785640571308,21.607417487911935
5584,9.299,2.6269724696665007,12.831830161863891,3.5328301618638918,37.99150620350459
3494,15.9,2.826523111764322,15.88664565728374,0.013354342716260348,0.08398957683182608
1498,6.666,1.8555506246622575,5.395218646430831,1.270781353569169,19.063626666204154
996,6.5,2.2151211341401833,8.162518938241998,1.6625189382419983,25.57721443449228
5912,15.3205,2.52473931305533,11.487639474673617,3.8328605253263817,25.017855326695486
6638,87.999,4.541855898575638,92.8648421942301,4.865842194230112,5.529428964226994
41,18.0,2.7891866240797034,15.2677825964656,2.732217403534399,15.178985575191106
5253,17.2,3.035600907026264,19.813481109505798,2.6134811095057984,15.194657613405804
5689,13.69,2.635301041066433,12.947510604691178,0.7424893953088212,5.423589447106072
3282,3.7,2.152178835408546,7.603583782989887,3.9035837829898865,105.50226440513207
1539,7.3,1.549620233820609,3.709681265266833,3.5903187347331667,49.182448421002285
1805,8.9,2.30401543984724,9.014313702871517,0.11431370287151665,1.28442362776985
1144,2.9,2.3049833680917278,9.024011532598191,6.124011532598191,211.17281146890315
6198,34.79,3.584646237833108,35.04060566063975,0.2506056606397493,0.7203382024712541
2615,6.5,2.011706193691657,6.476062081696961,0.02393791830303904,0.3682756662006006
2114,14.99,2.7724453931235664,14.997706898478596,0.007706898478595292,0.051413598923250786
5792,10.89,2.34421301950783,9.42506517545814,1.46493482454186,13.452110418198899
4546,11.0,2.623833419620522,12.788479430412956,1.7884794304129557,16.258903912845053
3172,1.0,1.7549434901273733,4.783120929295691,3.7831209292956913,378.31209292956913
167,9.2,2.9000943623860174,17.17586040608015,7.975860406080152,86.69413484869732
2337,11.3,2.4924682031840413,11.091082569623378,0.2089174303766228,1.848826817492237
6928,39.18,3.422312499234621,29.640188570239005,9.539811429760995,24.34867644145226
3964,5.4,1.3905448776516556,3.0170382511588274,2.382961748841173,44.128921274836536
2445,25.0,3.30316671364605,26.198632971712946,1.1986329717129465,4.794531886851786
7257,17.99,3.1492898595742225,22.31949858089458,4.329498580894583,24.06613997162081
3341,1.9,1.5270677029473432,3.6046547910102973,1.7046547910102974,89.71867321106829
4103,1.3,1.3576507334224999,2.887050848326819,1.5870508483268189,122.08083448667837
3017,18.5,2.6799376529967747,13.584183987368654,4.915816012631346,26.571978446655926
6151,13.09,2.675895322434144,13.525348890276957,0.43534889027695733,3.325812759946198
4958,8.99,2.419751562277208,10.24306576622862,1.2530657662286195,13.938440113777748
6935,25.4,3.568200563443093,34.45274076192614,9.052740761926138,35.64071166112653
789,3.6,1.9906863137865651,6.320556237286489,2.720556237286489,75.57100659129135
4617,19.2,2.7057634388148517,13.965737755424588,5.234262244575412,27.26178252383027
1097,3.5,1.5315755823079809,3.6254588752265517,0.12545887522655175,3.584539292187193
3206,15.3,2.6727616633637408,13.479902642688645,1.8200973573113561,11.896061158897751
6535,19.99,3.2366282721105453,24.447773963309764,4.457773963309766,22.300019826462062
6251,31.49,3.1718290447866964,22.851069158702106,8.638930841297892,27.43388644426133
544,4.0,1.8973139012951712,5.6679595680819475,1.6679595680819475,41.698989202048686
6770,19.299,2.9049019382346937,17.26345261799032,2.0355473820096783,10.547424125652514
5924,14.25,2.8269437098831967,15.893749642537983,1.6437496425379834,11.535085210792866
4838,2.4,1.5732262833059951,3.822180845494863,1.422180845494863,59.25753522895263
6194,19.59,2.7986015776253548,15.421666281069953,4.168333718930047,21.277864823532653
6068,7.39,2.157490972183799,7.6494088034301,0.25940880343010075,3.510267976050078
4229,16.7,2.8191333918505177,15.762318014593994,0.9376819854060052,5.614862188059912
877,9.5,1.719343610230562,4.580864039701935,4.919135960298065,51.780378529453316
3908,9.7,2.088134983139235,7.06985071329988,2.630149286700119,27.11494110000123
3914,12.8,2.2700297945434977,8.679689211697744,4.120310788302257,32.18992803361138
5397,10.9,2.2758221510286116,8.735920119790897,2.164079880209103,19.853943855129387
1078,8.2,1.8944356708087366,5.6487952364826235,2.551204763517376,31.112253213626538
5983,42.7,4.213809421989799,66.6136186440201,23.91361864402009,56.00379073541004
4990,10.5,2.146198271821773,7.5522830596272374,2.9477169403727626,28.073494670216785
511,13.0,2.290781446626841,8.882657433808884,4.117342566191116,31.671865893777817
2375,4.4,1.532744270445267,3.63086775417423,0.7691322458257703,17.48027831422205
2877,15.6,2.9132284726843913,17.416158759585095,1.816158759585095,11.642043330673687
2069,1.5,1.2288899655281924,2.4174339605681063,0.9174339605681063,61.16226403787376
4851,3.5,1.3029811166692726,2.6802515899172437,0.8197484100827563,23.42138314522161
3262,11.0,2.1763713629466612,7.814264393353218,3.185735606646782,28.961232787698016
4934,10.89,2.8784077419604563,16.785930830078282,5.895930830078282,54.140778972252356
1302,8.9,2.5900938892698733,12.331023184473283,3.4310231844732826,38.55082229745261
6045,47.89,3.9583855799085663,51.3727061125052,3.4827061125051983,7.272303429745664
4394,2.5,1.5717989195037378,3.8153027490487803,1.3153027490487803,52.61210996195121
3689,16.3,2.830244344435787,15.949601859504163,0.3503981404958374,2.1496818435327447
3159,8.5,2.153480730273449,7.614792038939054,0.8852079610609458,10.414211306599363
858,7.99,2.3283747024491945,9.261250387555677,1.2712503875556767,15.910517991935876
4678,19.9,2.867047971773215,16.585029997349817,3.314970002650181,16.65814071683508
7140,24.85,3.4541309703219945,30.630788640761892,5.780788640761891,23.26273094874
7028,12.5,2.9740994740815503,18.571990226815704,6.0719902268157036,48.57592181452563
7112,25.99,3.556300067939837,34.03333609133406,8.043336091334059,30.947811047841707
4357,9.9,2.6799376529967747,13.584183987368654,3.6841839873686535,37.213979670390444
2890,7.9,2.2775963896047786,8.753209297869844,0.853209297869844,10.800117694554986
4794,8.8,2.538314829201151,11.658321553334625,2.8583215533346245,32.48092674243891
2024,12.0,2.762139425495115,14.833681719941078,2.8336817199410778,23.614014332842316
4194,16.5,2.7717610448728216,14.986762641015549,1.5132373589844512,9.171135508996674
4921,4.5,1.5299647692470764,3.6180141233192176,0.8819858766807824,19.59968614846183
5356,9.5,2.147929068526128,7.567098140209465,1.932901859790535,20.34633536621616
743,5.3,1.9184047464779925,5.810085985758692,0.5100859857586926,9.624263882239482
2499,1.15,1.1051693728398615,2.0197358867379607,0.8697358867379608,75.62920754243137
4241,9.3,2.5070901310791083,11.269176371456087,1.9691763714560864,21.173939478022433
179,25.99,2.8805481339555343,16.82404046428075,9.16595953571925,35.267254850785875
3613,8.5,1.944981201117146,5.993500383802761,2.506499616197239,29.488230778791046
3693,20.0,2.6058294353092357,12.542453234568821,7.457546765431179,37.2877338271559
3771,7.0,2.214909530991434,8.160580325499703,1.1605803254997031,16.579718935710044
6566,35.55,3.615291149201062,36.16216408510398,0.6121640851039842,1.7219805488157083
31,11.0,2.1693988277848972,7.753020386063561,3.246979613936439,29.517996490331267
5151,6.8,1.9374857861951078,5.941277158536617,0.8587228414633827,12.628277080343864
2484,3.2,1.6171607869397926,4.038763864092103,0.8387638640921029,26.211370752878217
168,11.5,2.2313004233858167,8.311967709734379,3.188032290265621,27.722019915353226
3248,2.8,1.3182487685199122,2.7368715167366724,0.06312848326332743,2.2545886879759798
642,5.0,1.973883275789075,6.198576339092148,1.1985763390921482,23.971526781842964
1483,14.9,2.627194147969692,12.834896718386167,2.0651032816138333,13.859753567878075
1790,6.0,1.9184047464779925,5.810085985758692,0.1899140142413076,3.1652335706884602
5035,8.0,1.91535421781051,5.789343277429807,2.210656722570193,27.633209032127414
3982,3.0,2.25984462257102,8.581600286680134,5.581600286680134,186.05334288933778
7092,62.49,4.128179455733082,61.064828251807945,1.4251717481920565,2.2806396994592038
6492,22.89,3.127698928712466,21.821405396510926,1.0685946034890748,4.668390578807665
6912,19.899,3.0578066391432217,20.280829397135513,0.3818293971355118,1.9188371130987074
6178,24.5,3.221467355738025,24.064872294715748,0.43512770528425193,1.7760314501398038
6644,18.15,2.6529439576684557,13.19576893194475,4.954231068055249,27.29603894245316
2758,9.5,1.9924357075860641,6.333373981348946,3.166626018651054,33.33290545948478
3412,12.6,2.233093912270056,8.328683605718304,4.271316394281696,33.899336462553144
6122,20.7,3.0312580978903885,19.723288120814907,0.9767118791850926,4.718414875290303
800,2.5,1.7075285676958933,4.515313895104792,2.015313895104792,80.61255580419167
1954,10.5,2.323878958885188,9.215221980650258,1.2847780193497425,12.235981136664213
7248,48.99,3.50548689214905,32.297652271680384,16.692347728319618,34.07296943931337
5306,4.0,1.438194848027829,3.213083692206662,0.7869163077933381,19.67290769483345
6637,15.69,2.556329959752717,11.888429356411953,3.8015706435880467,24.22925840400285
2119,20.5,2.959969405417232,18.297381351140263,2.202618648859737,10.744481213949935
5309,3.5,1.6390205965532534,4.150122993138332,0.6501229931383321,18.574942661095204
5660,25.49,3.4752945079929027,31.30734190608102,5.8173419060810225,22.822055339666626
5679,19.5,3.1492898595742225,22.31949858089458,2.8194985808945816,14.458967081510673
1406,8.7,2.209608842774195,8.112151411984286,0.5878485880157136,6.756880322019697
1501,9.8,2.142409692805485,7.519943358923779,2.2800566410762215,23.265884092614503
1074,5.3,1.7575406486353518,4.798160132163145,0.5018398678368552,9.468676751638776
500,13.6,2.577049902759371,12.15826269019162,1.4417373098083797,10.601009630943969
437,17.5,2.776852482126795,15.06836580230281,2.431634197697189,13.895052558269652
5437,9.5,2.396429500258643,9.983888312981843,0.4838883129818434,5.093561189282562
4113,8.9,1.894917222784974,5.651997747994336,3.248002252005664,36.49440732590634
3386,3.6,1.4677544241911873,3.3394795613894557,0.2605204386105444,7.2366788502929005
6683,22.99,3.0583620370278353,20.292652007588014,2.6973479924119843,11.732701141417941
80,16.9,2.556811441428024,11.894636393137862,5.0053636068621365,29.617536135278915
1608,19.99,2.6904580388645254,13.738425146139566,6.251574853860433,31.27351102481457
960,5.0,2.167239384191261,7.7341391261110815,2.7341391261110815,54.68278252222163
3114,22.5,3.4160857608511295,29.449992895870384,6.949992895870384,30.888857314979486
5198,3.8,1.8634813151243197,5.446138795032744,1.6461387950327442,43.3194419745459
4628,13.0,2.9000943623860174,17.17586040608015,4.175860406080151,32.122003123693474
1632,12.19,2.663824068762878,13.351063755522288,1.1610637555222887,9.524723179017954
3305,4.8,1.8543579125073877,5.387595538408677,0.5875955384086771,12.241573716847439
5935,21.3,3.087947445786285,20.932015094583196,0.3679849054168045,1.7276286639286598
5419,9.5,2.2975624710418643,8.949899703225563,0.5501002967744366,5.7905294397309115
2477,3.0,1.3391203479069829,2.8156855528850095,0.18431444711499045,6.1438149038330145
5506,16.45,2.8279703600759714,15.911102520008509,0.5388974799914905,3.275972522744623
6399,22.45,2.8076200814065397,15.570434967679809,6.8795650323201905,30.643942237506415
5517,51.999,3.689911353250687,39.0412972691137,12.957702730886304,24.919138312056585
534,6.9,2.2358754086492074,8.354667425587834,1.454667425587834,21.082136602722233
5701,26.69,3.199677295885643,23.524614725925403,3.1653852740745982,11.85981743752191
2794,20.3,2.5716383546370434,12.087248440256273,8.212751559743728,40.45690423519078
585,4.5,1.5832187435016511,3.870607845133528,0.6293921548664718,13.98649233036604
6722,50.9,3.9480731984083306,50.835394032157424,0.06460596784257433,0.12692724527028357
4970,25.0,2.828470089097429,15.919555600671547,9.080444399328453,36.32177759731381
1451,2.75,1.6788095425549252,4.359172305564187,1.6091723055641873,58.51535656597044
6275,25.49,3.2031781090084968,23.61062127758407,1.8793787224159288,7.373004011047191
1410,30.5,3.108646563758264,21.390719472734173,9.109280527265827,29.866493532019106
5684,20.59,3.6062873556608914,35.829065458117235,15.239065458117235,74.01197405593607
4536,10.0,2.4570618793426564,10.670471863165085,0.6704718631650852,6.704718631650852
866,15.0,2.3293251517642592,9.27100782219724,5.728992177802761,38.19328118535174
4638,2.0,0.896646154146894,1.45136779916522,0.5486322008347799,27.431610041738995
6358,54.8,3.7313215190236235,40.734224308851374,14.065775691148623,25.667473888957343
4679,3.95,2.2802492307202216,8.77911736229788,4.82911736229788,122.2561357543767
742,7.1,1.9506968018394197,6.033586889749741,1.0664131102502585,15.019902961271248
1544,6.9,1.9033450244618288,5.708296369346637,1.1917036306533637,17.271067110918313
5509,53.29,3.817702656181604,44.49956002735103,8.790439972648969,16.49547752420523
2706,18.9,2.640807246858587,13.024520289388013,5.875479710611986,31.087194236042254
3734,7.89,2.019422543396486,6.53397313475798,1.3560268652420193,17.186652284436242
2589,8.2,2.2879029280391094,8.854250924636197,0.654250924636198,7.9786698126365625
5283,2.5,1.3893057748478403,3.0120638103570254,0.5120638103570254,20.482552414281017
6816,50.709,3.4702239857914376,31.143941424648375,19.565058575351628,38.58301006793987
5944,15.9,2.873521974415302,16.69924484269825,0.7992448426982488,5.026697123888358
4253,3.7,1.2810917557824681,2.600568522040021,1.0994314779599792,29.714364269188625
748,16.5,2.4949772272113577,11.121457476057188,5.378542523942812,32.59722741783522
4055,5.79,2.2262189323584147,8.264769050712905,2.474769050712905,42.74212522820216
401,5.3,1.8574071283063827,5.407102420874964,0.10710242087496447,2.0208003938672543
3749,20.8,3.078069374639245,20.71643559684033,0.08356440315967006,0.4017519382676445
157,7.5,2.1187628263792924,7.320836797342473,0.17916320265752717,2.388842702100362
5434,98.19,4.439998519769929,83.77481618750298,14.41518381249702,14.680908251855607
6483,29.5,3.249061621661358,24.766150172209944,4.733849827790056,16.04694856877985
5749,14.3,2.6895664709850893,13.725290695682904,0.5747093043170963,4.018946184035639
4528,12.0,2.735621780339784,14.419327890842926,2.4193278908429257,20.161065757024378
1820,8.9,1.8767395337429384,5.532172176871153,3.367827823128847,37.840762057627494
2922,9.0,2.3407321369508205,9.388839832592407,0.3888398325924065,4.320442584360072
2864,15.3,1.9464131445761708,6.00352185431022,9.29647814568978,60.76129506986785
3362,3.3,1.3183394563312916,2.7372104208029326,0.5627895791970672,17.0542296726384
5281,1.6,1.0904963242959533,1.9757506434467933,0.3757506434467932,23.484415215424576
3803,1.4,1.2996741465155863,2.6681012092974608,1.2681012092974608,90.57865780696149
4237,5.4,2.27823765747161,8.759465723398975,3.3594657233989746,62.212328211092114
7295,47.59,3.6544240922253435,37.645258600317476,9.944741399682528,20.89670392872983
2666,4.8,1.5853786192119017,3.8811391217425726,0.9188608782574272,19.1429349636964
1782,13.0,1.9052724955125742,5.7212388855540866,7.2787611144459134,55.99047011112241
5910,45.3565,3.6859139602092306,38.8815559531625,6.4749440468375,14.27566952220189
2415,8.0,2.3617942869731783,9.609971717462406,1.6099717174624057,20.124646468280073
535,11.9,2.4647406100403035,10.760431218526934,1.1395687814730664,9.576208247672827
5978,119.9,4.623224361482794,100.8218137366901,19.078186263309902,15.911748343044122
2406,1.5,1.1265561832851165,2.0850139625187527,0.5850139625187527,39.000930834583514
3098,5.8,1.8912851674377071,5.627881146930481,0.17211885306951924,2.967566432233091
5359,8.0,2.4696424278963836,10.818220230161726,2.8182202301617263,35.22775287702158
5154,8.4,2.1295009563971847,7.410668473653276,0.9893315263467244,11.777756266032432
1966,8.9,1.7107376991361096,4.533041692530099,4.366958307469901,49.06694727494271
5416,10.5,2.4486409224958603,10.572607955409621,0.07260795540962128,0.6915043372344885
1176,7.86,2.4007659001936967,10.031622267507016,2.171622267507016,27.628782029351346
5902,21.5,3.2401206318339955,24.53680211282597,3.0368021128259706,14.124660989888236
1760,2.8,1.2408147804405316,2.4584301783695515,0.34156982163044836,12.198922201087441
997,5.2,2.1459854218524987,7.550462900158086,2.350462900158086,45.201209618424734
473,6.2,1.8941607832848275,5.6469678168020305,0.5530321831979697,8.919873922547897
2266,2.1,0.9869419009399119,1.6830169820926515,0.4169830179073486,19.856334186064217
4205,15.7,2.8180953024173148,15.744926258048228,0.04492625804822836,0.2861545098613272
1882,5.2,2.0742585503218676,6.958643337330529,1.758643337330529,33.82006417943325
4222,18.9,2.574989441126535,12.131178507305709,6.76882149269429,35.81387033171582
2578,10.8,2.3292089443625983,9.269814324413764,1.530185675586237,14.168385885057749
3783,2.6,1.5161552275821153,3.5546797805000807,0.9546797805000806,36.71845309615694
469,14.9,2.622116334716425,12.764823755745631,2.135176244254369,14.330041907747443
5097,14.9,2.5212255832965274,11.44383828207641,3.4561617179235906,23.195716227675103
7040,17.29,3.048978051996489,20.093776660907093,2.8037766609070935,16.216175019705574
4712,10.0,2.6070015551996493,12.558335919757278,2.558335919757278,25.58335919757278
3997,7.0,2.1474066849760716,7.562623997780248,0.5626239977802481,8.037485682574973
247,6.5,1.42380347739173,3.152885846991034,3.347114153008966,51.49406389244563
3780,17.9,2.3798674966639743,9.80347127310373,8.096528726896269,45.23200406087302
2182,9.9,2.802115455369366,15.479471509509061,5.579471509509061,56.35829807584909
3395,6.5,2.385964945835047,9.869546129385787,3.369546129385787,51.8391712213198
7097,83.99,4.4317519565886565,83.07858999190124,0.9114100080987555,1.0851410978673122
811,4.0,1.3533446185629883,2.8703487473002616,1.1296512526997384,28.24128131749346
6502,26.8,3.1499038416951786,22.33382073241547,4.466179267584529,16.664848013375106
1419,7.4,2.2151211341401833,8.162518938241998,0.7625189382419979,10.304309976243214
6733,13.9,2.72497375381622,14.256013509470145,0.3560135094701451,2.561248269569389
3625,3.9,1.4708663079205344,3.353004550412556,0.5469954495874441,14.025524348396
228,9.0,2.019912495152083,6.53766532254506,2.4623346774549404,27.359274193943783
7107,45.5,3.597484824111026,35.506299112057036,9.993700887942964,21.964177775698822
17,18.0,3.237016531748546,24.457656225134244,6.457656225134244,35.875867917412464
1407,10.6,2.4696424278963836,10.818220230161726,0.21822023016172665,2.058681416620063
7070,59.99,4.151479986799322,62.52795128715565,2.53795128715565,4.230623915912068
2392,13.5,2.682497659124056,13.621567418227311,0.12156741822731121,0.9004993942763794
6272,47.9,3.4282408688113497,29.822374430955914,18.077625569044084,37.740345655624395
5439,109.0,4.564177076784679,94.98357439578801,14.016425604211989,12.859106058910081
6745,45.49,3.6986620866269897,39.393225555106824,6.096774444893178,13.402449867868055
5879,10.99,2.864176895594647,16.534614444702743,5.544614444702743,50.4514508162215
2440,3.9,1.805857800949668,5.085189091332375,1.1851890913323753,30.389463880317315
5831,17.9,3.0125099455360855,19.338384151171233,1.4383841511712347,8.035665649001313
5853,13.5,2.566979035637325,12.026412611768649,1.4735873882313513,10.915462135047047
4844,9.0,2.244515176889437,8.435839734147098,0.5641602658529017,6.268447398365574
6915,25.49,3.666325439715269,38.10793703898037,12.617937038980369,49.50151839537219
6092,21.69,3.0679606655088785,20.498016294587405,1.1919837054125964,5.4955449765449345
5461,23.2,3.054682354286346,20.21444577877348,2.9855542212265185,12.86876819494189
2585,5.7,1.766944844018976,4.852944359948464,0.8470556400515363,14.86062526406204
543,9.9,1.9033450244618288,5.708296369346637,4.191703630653364,42.34044071367034
6112,17.0,3.0490132947025135,20.0945200757768,3.094520075776799,18.20305926927529
3794,16.5,2.4997964740492136,11.180014759336636,5.319985240663364,32.242334791899175
4119,7.799999,1.7739041764291816,4.893819010496939,2.9061799895030607,37.25872259090111
3153,12.0,1.977608006805815,6.225439096875321,5.774560903124679,48.121340859372324
1535,10.499,2.4816693988443745,10.961215799641957,0.4622157996419567,4.402474517972728
1832,14.5,3.0072959552083036,19.232615989624932,4.732615989624932,32.638730962930566
6746,33.79,3.627163717383647,36.606003958045406,2.816003958045407,8.333838289569123
3590,8.99,2.1463706329453762,7.553757267789205,1.4362427322107951,15.976003695336988
3289,2.0,1.6359274330803477,4.1342174327457775,2.1342174327457775,106.71087163728888
96,3.8,1.3091519218471814,2.7030319196854307,1.0969680803145692,28.867581060909714
6679,62.99,4.071591882599343,57.650252635410794,5.339747364589208,8.477135044593123
2094,5.7,1.9033450244618288,5.708296369346637,0.008296369346636467,0.14555033941467485
4773,8.0,2.2212488868085485,8.218836963353745,0.2188369633537448,2.73546204192181
2927,9.5,2.3300383219166854,9.278335411009605,0.22166458899039476,2.3333114630567873
7038,44.5,3.4869928792173877,31.68750449100935,12.81249550899065,28.792124739304832
156,12.99,2.264112532669832,8.622581084280798,4.3674189157192025,33.62139273070979
1022,6.4,1.9112278874443032,5.761385924403139,0.6386140755968617,9.978344931200963
5447,24.49,3.4917171184851297,31.842293425384113,7.352293425384115,30.02161464019647
4966,5.8,1.8487436875143497,5.351834618746538,0.44816538125346206,7.726989331956243
6458,49.5,3.8775843247580744,47.30737906962225,2.1926209303777497,4.429537233086363
2716,12.5,2.440179629878051,10.475101828815111,2.024898171184889,16.19918536947911
1287,15.0,2.7614621270992843,14.822961223609372,0.17703877639062782,1.180258509270852
696,18.0,2.9073085008864963,17.307457690197268,0.6925423098027323,3.8474572766818462
425,25.0,3.1733719098267335,22.88789654201026,2.1121034579897398,8.448413831958959
6872,47.39,3.6344579078916346,36.88131216978029,10.508687830219714,22.17490574007114
712,10.9,2.6424807685206666,13.04801027791258,2.1480102779125794,19.70651631112458
4173,2.45,1.1178459723802372,2.058259527794996,0.39174047220500396,15.98940702877567
1811,16.0,2.7809448034454216,15.134257451172989,0.8657425488270114,5.410890930168821
5096,18.7,3.2559584153459773,24.9444681984945,6.244468198494502,33.39287806681552
6480,17.9,3.1298191889247216,21.869844047486755,3.969844047486756,22.177899706629926
447,31.49,3.2441019970256746,24.63867611209277,6.851323887907228,21.75714159386227
6748,15.899,2.6314440704845707,12.893819076481646,3.0051809235183526,18.901697738966934
4080,5.99,2.0983222810449558,7.152480860916867,1.162480860916867,19.407026058712304
1009,5.3,1.2260808032380384,2.4078473054962823,2.8921526945037175,54.56891876422109
592,1.5,1.0231684183428291,1.7819953397131734,0.28199533971317337,18.799689314211555
6096,29.85,3.456003900980278,30.690086427540198,0.8400864275401965,2.8143598912569394
1242,8.5,1.829229859034891,5.22908753527505,3.27091246472495,38.481323114411175
3058,8.4,2.2775963896047786,8.753209297869844,0.353209297869844,4.204872593688619
131,15.8,2.9000943623860174,17.17586040608015,1.3758604060801503,8.707977253671837
2404,4.5,1.8710959807388938,5.495411345378311,0.9954113453783107,22.120252119518014
2306,8.95,2.3189263470694237,9.164755026341286,0.21475502634128674,2.399497501019964
6277,62.5,4.375828683787477,78.50569734325107,16.00569734325107,25.609115749201717
7103,20.89,2.9920490717712855,18.92647145769878,1.9635285423012192,9.399370714701863
624,8.5,1.7215593815386367,4.593243668263297,3.9067563317367027,45.96183919690238
2986,6.0,1.9877769166560995,6.299288784710752,0.29928878471075215,4.98814641184587
2127,8.3,2.124588445705863,7.369452295202256,0.9305477047977444,11.211418130093305
6539,43.9,3.553334026298146,33.92957970658423,9.97042029341577,22.71166353853251
4739,3.9,1.725630024957058,4.616058172140885,0.7160581721408854,18.360465952330397
3686,17.9,3.035600907026264,19.813481109505798,1.913481109505799,10.689838600591058
3844,6.0,1.9753238238741977,6.208953707207346,0.20895370720734618,3.482561786789103
2815,9.9,2.230855274587339,8.307823420977943,1.5921765790220572,16.082591707293506
2579,3.999999,1.616251072927866,4.034182114359095,0.03418311435909516,0.8545780726218971
1945,5.6,2.301674256731137,8.990895784225271,3.390895784225272,60.55171043259414
2436,6.99,1.725630024957058,4.616058172140885,2.373941827859115,33.96197178625343
93,6.5,1.939461604722373,5.955005420360266,0.5449945796397344,8.384531994457452
6701,35.19,3.1196376690141654,21.63817564448492,13.551824355515077,38.51044147631452
1375,4.868,1.9184047464779925,5.810085985758692,0.9420859857586921,19.352629124048725
3903,5.6,2.3404116903739896,9.385511297768087,3.785511297768087,67.598416031573
3477,13.5,2.3211046384499943,9.186920957764766,4.313079042235234,31.948733646186916
6022,42.99,3.8140003499661104,44.33141817183891,1.3414181718389102,3.1203027956243545
2223,8.8,1.8574071283063827,5.407102420874964,3.3928975791250364,38.55565430823905
1087,13.9,2.817730671033625,15.738821645451281,1.8388216454512811,13.228932701088352
2531,2.5,1.737049870901171,4.680560292427526,2.1805602924275256,87.22241169710102
6729,78.99,4.092700159804826,58.901416932295476,20.08858306770452,25.431805377521865
6880,17.375,2.9907742809472984,18.901085559023276,1.5260855590232758,8.783226238982882
764,1.8,1.2057308491902428,2.33919863710394,0.5391986371039399,29.955479839107774
4669,6.5,1.9337976272189243,5.9157237763120465,0.5842762236879535,8.988864979814668
476,12.99,2.663824068762878,13.351063755522288,0.361063755522288,2.7795516206488684
5594,56.5,3.9923362609779307,53.18132332587139,3.3186766741286107,5.873764025006391
2622,1.5,1.354496668239205,2.8748101507071717,1.3748101507071717,91.65401004714478
5111,5.7,1.9795466498661733,6.239460230834198,0.539460230834198,9.464214576038561
6466,21.6,3.1347501472700854,21.98289278610164,0.3828927861016389,1.7726517875075873
4461,10.0,2.1620396920612386,7.68884215883369,2.3111578411663096,23.111578411663096
6338,13.5,2.7465268635195748,14.588397125618602,1.0883971256186022,8.062200930508165
7034,23.29,3.016284257437791,19.415292603478417,3.8747073965215826,16.636785730019675
2181,20.0,2.875805078616168,16.73970022730702,3.2602997726929814,16.301498863464907
6334,34.0,3.510469134229801,32.46396319262878,1.536036807371218,4.5177553157977
2620,10.0,1.8923075312028093,5.634660717457614,4.365339282542386,43.65339282542385
5170,8.9,2.6799376529967747,13.584183987368654,4.6841839873686535,52.631280756951156
752,6.8,1.974739272534356,6.204740935069698,0.5952590649303016,8.753809778386788
2283,11.5,2.4607748100582856,10.713884059978367,0.7861159400216327,6.835790782796805
2799,8.0,1.843310613695878,5.317418210482916,2.6825817895170836,33.53227236896355
3049,14.9,2.9470367173740617,18.049421189809138,3.1494211898091375,21.137054965161997
351,3.5,1.9565662653980307,6.07499166472617,2.57499166472617,73.57119042074771
487,1.8,1.3088495900936525,2.7019125447715955,0.9019125447715954,50.106252487310854
927,5.0,1.8574071283063827,5.407102420874964,0.4071024208749643,8.142048417499286
3318,6.5,1.7836229819440135,4.951379146010439,1.5486208539895614,23.82493621522402
1061,18.0,2.7256251787998167,14.265954895502365,3.7340451044976355,20.744695024986864
6018,39.39,3.66851076819322,38.19349417868319,1.196505821316812,3.0375877667347346
2191,3.5,1.8353989514863338,5.2676341286679715,1.7676341286679715,50.503832247656334
4608,2.1,1.555912071641416,3.739407233396876,1.6394072333968759,78.06701111413695
6128,27.9,2.933038393485731,17.784618939992335,10.115381060007664,36.255846093217436
561,12.99,2.5978255055494484,12.434493019446487,0.5555069805535133,4.276420173622119
3535,9.9,2.190580563977969,7.940402083687111,1.9595979163128892,19.79391834659484
5501,21.99,3.0202109312958405,19.49561439478278,2.494385605217218,11.343272420269296
2966,9.5,2.3333411917852827,9.312339540032106,0.18766045996789416,1.9753732628199385
6026,37.49,3.799653893831973,43.68571581468654,6.195715814686537,16.52631585672589
334,13.5,2.770613447781296,14.968426801796015,1.4684268017960154,10.877235568859373
2225,6.8,1.841093584170937,5.303427822071449,1.4965721779285506,22.008414381302217
4847,13.0,2.4235781628882376,10.286170909043854,2.713829090956146,20.875608391970353
5507,25.5,2.92480482704544,17.63058950783378,7.869410492166221,30.860433302612634
3213,12.5,1.8938329714083149,5.644789218913526,6.855210781086474,54.841686248691786
1103,7.9,2.271693071290748,8.695802610490139,0.7958026104901386,10.073450765697956
2110,26.99,3.108646563758264,21.390719472734173,5.599280527265826,20.74575964159254
23,12.99,2.675015021165727,13.512567833640203,0.5225678336402027,4.022847064204793
4151,21.99,3.154951648733199,22.451903134791664,0.46190313479166534,2.1005144829088924
1005,3.2,1.2007770611270532,2.322697859177298,0.8773021408227022,27.415691900709444
1643,9.7,2.504545506260811,11.237995609256803,1.5379956092568037,15.85562483769901
2550,59.7,3.9135292796858447,49.075370462928554,10.62462953707145,17.79669939207948
3038,8.69,1.9904734189176736,6.318997894313636,2.3710021056863635,27.284258983732606
4030,1.7,1.6583104581315276,4.2504325208375935,2.5504325208375933,150.02544240221138
3817,7.999,2.2160464295848774,8.171000898832057,0.17200089883205738,2.150280020403268
1671,14.9,2.732841273693424,14.376513897040882,0.5234861029591187,3.513329550061199
1372,14.3,2.6424807685206666,13.04801027791258,1.251989722087421,8.755172881730216
3203,30.99,3.350356883167124,27.51290760497152,3.4770923950284782,11.220046450559789
445,6.9,2.10820558482088,7.233453786687752,0.33345378668775183,4.832663575184809
5433,62.99,3.8235838801672086,44.767941563499804,18.2220584365002,28.928494104620096
7125,59.999,4.134875068627231,61.48178464771303,1.482784647713025,2.4713489353372973
3399,22.5,3.182799100901459,23.114157132311632,0.6141571323116324,2.7295872547183664
3939,2.0,1.1846423849157743,2.269517383639584,0.2695173836395841,13.475869181979206
5206,20.49,3.1122663594237374,21.47191617109733,0.9819161710973319,4.792172626146081
6378,83.79,4.384155179817184,79.17046496829386,4.61953503170615,5.513229540167262
2592,16.99,2.663824068762878,13.351063755522288,3.6389362444777102,21.418106206460923
3887,11.0,2.7057634388148517,13.965737755424588,2.9657377554245876,26.961252322041705
3518,1.2,1.4798950499161054,3.3924846650932476,2.1924846650932475,182.7070554244373
4295,10.9,2.4899515927628597,11.060692281522469,0.1606922815224685,1.474241114885032
1128,10.8,2.0995434453971664,7.162442461063863,3.6375575389361376,33.681088323482754
2570,7.5,1.9033450244618288,5.708296369346637,1.7917036306533634,23.889381742044844
5277,9.6,2.2665237680373145,8.645811387727125,0.9541886122728744,9.939464711175775
1783,10.6,2.2800752344657464,8.777415980526088,1.8225840194739114,17.19418886296143
2523,18.0,2.7261009638915024,14.273219937414256,3.7267800625857443,20.704333681031915
4248,5.15,1.3693342350923419,2.9327315490427335,2.217268450957267,43.053756329267316
1844,6.49,1.907744217103252,5.737872465144072,0.7521275348559282,11.589022108720002
5291,7.9,1.861388753031341,5.43266395273327,2.4673360472667305,31.232101864135824
6129,24.49,3.365449572160247,27.946507918321366,3.4565079183213676,14.113956383509056
6060,5.69,2.449744031174773,10.585380843329423,4.895380843329423,86.03481271229214
2515,6.699,2.153480730273449,7.614792038939054,0.9157920389390544,13.670578279430579
5040,17.5,2.6799376529967747,13.584183987368654,3.915816012631346,22.37609150075055
6799,56.99,3.4061691113429657,29.149523277087546,27.840476722912456,48.85151205985691
3554,3.5,1.6388788768252505,4.149393170824895,0.6493931708248946,18.55409059499699
3878,4.2,2.1594023001405165,7.665956469255706,3.4659564692557057,82.5227730775168
5945,29.7,3.3820663541483476,28.43152427517651,1.2684757248234888,4.270962036442723
2264,14.5,2.569845231176513,12.06380241513526,2.4361975848647397,16.801362654239586
2462,4.9,1.710788958899534,4.533325322207608,0.3666746777923926,7.483156689640665
1775,6.6,2.323878958885188,9.215221980650258,2.615221980650258,39.62457546439785
6861,28.05,3.2667703207919963,25.226499234567783,2.823500765432218,10.06595638300256
378,7.8,2.2151211341401833,8.162518938241998,0.36251893824199843,4.647678695410237
6853,9.999,2.5797171332914055,12.19340565654959,2.1944056565495895,21.946251190614955
4913,1.6,0.8873647379430492,1.428720894601598,0.1712791053984022,10.704944087400136
5246,8.2,2.4997964740492136,11.180014759336636,2.980014759336637,36.34164340654436
199,1.5,1.1751703669632068,2.2386946634137916,0.7386946634137916,49.24631089425277
2446,11.0,2.7136263948043546,14.08387654412317,3.0838765441231697,28.035241310210633
2957,3.8,1.9221481278713393,5.835626509059989,2.0356265090599894,53.56911865947341
1328,11.49,2.571353231664944,12.083517496998473,0.5935174969984729,5.165513463868345
1193,10.5,2.2775963896047786,8.753209297869844,1.7467907021301556,16.6361019250491
5686,12.75,2.5428972980494002,11.716461026947947,1.0335389730520532,8.106188023937673
1075,9.3,2.5978255055494484,12.434493019446487,3.134493019446486,33.704226015553616
5427,3.4,1.5912892181021383,3.9100750071848465,0.5100750071848466,15.002206093671958
6969,24.5,3.18414659491897,23.14667271714277,1.3533272828572294,5.523784827988691
2063,10.5,2.70080665588454,13.891739390405002,3.391739390405002,32.30227990861906
965,14.5,2.817730671033625,15.738821645451281,1.2388216454512815,8.543597554836424
5060,9.49,2.2775963896047786,8.753209297869844,0.7367907021301559,7.763864089885731
1467,9.4,2.221867390318587,8.224540610054976,1.1754593899450239,12.50488712707472
5975,18.46,3.0324717702665134,19.74845467203443,1.2884546720344296,6.979711116112837
3296,51.0,3.361786748907402,27.840675916310968,23.159324083689032,45.41043937978242
5414,7.5,2.136087241189856,7.466246356489814,0.03375364351018639,0.45004858013581855
7126,29.95,3.266591981424822,25.221822434332285,4.728177565667714,15.786903391211066
5724,62.05,3.804462943418894,43.90112918951253,18.148870810487466,29.2487845455076
2755,6.0,1.9374857861951078,5.941277158536617,0.05872284146338291,0.9787140243897152
4022,6.5,2.092152452447675,7.102336302098971,0.6023363020989709,9.266712339984167
3091,6.5,2.167000750312614,7.7320551132827,1.2320551132826996,18.954694050503072
2022,5.89,1.8634813151243197,5.446138795032744,0.4438612049672557,7.53584388738974
5090,8.6,2.555626272012953,11.879363116963916,3.279363116963916,38.13212926702228
2907,7.0,1.986231526307289,6.288017245976521,0.7119827540234791,10.171182200335416
5744,42.345,3.3350198715363186,27.078941189956858,15.266058810043141,36.05162075816069
5769,15.1,2.8712210282226946,16.658566649779036,1.5585666497790367,10.321633442245275
6155,18.49,2.9687164913037494,18.46691759629738,0.023082403702616716,0.1248372293272943
6547,13.79,2.4245924475241623,10.297624106214384,3.4923758937856153,25.32542345022201
2850,6.699999,1.974739272534356,6.204740935069698,0.4952580649303018,7.391912520140702
2132,16.5,2.4406325306302823,10.480300088124231,6.019699911875769,36.48302976894405
6114,86.19,4.535305105587302,92.25196265931392,6.06196265931392,7.033255202823901
6570,20.79,3.0269639225223273,19.634489482337738,1.155510517662261,5.558011147966624
6434,31.0,3.5270303002827648,33.02278000055795,2.022780000557951,6.52509677599339
4246,7.5,1.9334533234637044,5.913343076511258,1.586656923488742,21.15542564651656
1701,4.5,2.231548221484733,8.314275483549192,3.814275483549192,84.76167741220428
6332,39.999,3.3527675378968897,27.581725295067447,12.417274704932556,31.043962861402925
3927,19.5,3.1440669103852534,22.19801954027678,2.6980195402767784,13.835997642445017
5780,66.99,4.263734396429636,70.07491036684613,3.084910366846131,4.605031149195598
547,12.4,2.4986497097184563,11.166055158578462,1.233944841421538,9.951168075980146
6811,37.99,3.6377609824696466,37.00664384497459,0.9833561550254117,2.588460529153492
6203,33.3,3.626333947210817,36.57481256027711,3.2748125602771125,9.834271952784123
1263,19.9,2.8552770704014647,16.379251816910667,3.5207481830893315,17.69220192507202
5231,2.299,1.4527458175530636,3.274836335460509,0.9758363354605089,42.44612159462848
3011,13.29,2.512810041526828,11.339556052417885,1.950443947582114,14.676026693620123
5865,13.69,2.680737423948465,13.595852659586427,0.09414734041357242,0.6877088415892799
1789,11.9,2.3363892336887897,9.343819935483015,2.556180064516985,21.48050474384021
6610,21.49,3.311500164362457,26.426238491630716,4.936238491630718,22.969932487811626
3018,6.4,1.828288551634773,5.223226807887889,1.176773192112111,18.387081126751735
5494,26.59,3.277857883509209,25.51890522903705,1.0710947709629508,4.028186427088946
4715,13.8,2.611370455426531,12.617700521217895,1.182299478782106,8.567387527406565
2199,5.9,2.209608842774195,8.112151411984286,2.2121514119842853,37.494091728547204
1244,2.5,1.0537224901849882,1.8683085200328167,0.6316914799671833,25.26765919868733
7130,10.89,3.1892361287814635,23.269881296762765,12.379881296762765,113.681187298097
5008,38.0,1.5981042055994048,3.9436513883264537,34.05634861167355,89.62197003071987
5482,12.726,2.5215595900488323,11.447995302284978,1.2780046977150228,10.042469729019508
4837,8.5,2.3293251517642592,9.27100782219724,0.7710078221972392,9.07068026114399
7202,35.29,3.6006364917030727,35.62153633119085,0.3315363311908541,0.9394625423373594
6764,20.99,3.047318133710631,20.05879175938165,0.93120824061835,4.436437544632444
3915,5.2,1.8703543052375533,5.490595643976942,0.2905956439769417,5.588377768787341
6083,32.299,3.4538707942508498,30.62256013692245,1.676439863077551,5.190376987143723
518,13.29,2.7630216822492066,14.847657256679954,1.5576572566799545,11.72052111873555
611,12.5,2.4891517519623845,11.05104950461101,1.4489504953889902,11.591603963111922
5806,11.22,2.4221361876726584,10.269908258301777,0.9500917416982233,8.467840835100029
5672,16.5,2.924289746038466,17.620995716031643,1.1209957160316435,6.7939134304948094
2288,7.5,1.910649572253558,5.75747684266219,1.7425231573378097,23.23364209783746
957,10.99,2.3219104517878497,9.195133022795615,1.7948669772043857,16.33181962879332
4401,6.15,2.2311966059253723,8.311001015075774,2.161001015075774,35.13822788741096
491,25.8,2.6058294353092357,12.542453234568821,13.25754676543118,51.385840176089836
1330,4.9,1.9753238238741977,6.208953707207346,1.3089537072073458,26.713340963415217
3458,21.5,2.8742375344032047,16.711914246442383,4.788085753557617,22.27016629561682
323,5.89,1.270655787827853,2.5631884919760832,3.3268115080239165,56.482368557282115
5362,7.2,2.1776787239346858,7.825795354681333,0.6257953546813324,8.691602148351839
7010,22.79,3.0862587038685736,20.895008837156848,1.8949911628431515,8.315011684261306
4247,10.5,2.498370428084671,11.162657877238274,0.6626578772382743,6.3110274022692785
2031,4.75,1.3850965702225528,2.99521170467141,1.75478829532859,36.9429114806019
5516,32.0,3.986468227965597,52.86431654471718,20.864316544717177,65.20098920224117
1153,6.3,1.8311019258387895,5.24075972541937,1.0592402745806302,16.813337691756036
6685,15.7,2.8625763515547678,16.50657196965631,0.8065719696563107,5.1374010806134445
7286,6.6,2.1575679407377204,7.650074561538867,1.0500745615388674,15.910220629376779
6854,21.69,3.115517740675362,21.545099847569283,0.14490015243071852,0.6680504953006847
1606,6.4,2.0573663434503047,6.825333407066178,0.4253334070661774,6.645834485409022
324,23.9,2.9341009864989305,17.804589953484175,6.095410046515823,25.503807726007633
2083,7.99,1.9621667979611876,6.11472655032869,1.87527344967131,23.470255940817395
2687,10.8,2.3532368757190616,9.519565200653453,1.2804347993465477,11.855877771727293
6858,35.35,3.3762656903904427,28.26129609450798,7.088703905492022,20.052910623739805
586,7.89,1.9378646903050072,5.943907735316642,1.946092264683358,24.66530120004256
4125,9.8,2.6050518977683566,12.53192756136666,2.7319275613666587,27.876811850680188
3245,8.99,2.5070901310791083,11.269176371456087,2.279176371456087,25.352351184161144
4556,4.4,2.121498881869254,7.343634241857725,2.9436342418577244,66.90077822403919
706,24.9,3.1319887065847416,21.919514438942993,2.980485561057005,11.969821530349419
1978,6.4,2.0051615475678117,6.427293661072082,0.027293661072081754,0.4264634542512774
4160,7.4,1.2544116717405385,2.505775220862591,4.894224779137409,66.13817269104607
4995,4.39,1.4902983757650365,3.438419638306419,0.9515803616935807,21.67609024358954
6812,9.8,2.555589490458177,11.87888940267598,2.07888940267598,21.213157170163058
6202,17.34,2.8231978153862043,15.830585815093357,1.5094141849066425,8.704810754940267
5939,27.79,3.1760311750862567,22.95150533424807,4.838494665751931,17.41091999191051
6218,29.3,3.2345142019062862,24.394032409333768,4.905967590666233,16.743916691693627
4453,9.5,2.3083671311376253,9.057987863902339,0.4420121360976612,4.652759327343802
3801,8.9,2.3293251517642592,9.27100782219724,0.3710078221972388,4.1686272156993125
2572,56.99,3.458553350794696,30.770981788016414,26.219018211983588,46.006348854156144
208,2.25,1.5093734598507844,3.5238955040312723,1.2738955040312723,56.61757795694543
3682,29.8,3.2238178132514483,24.12385550373213,5.67614449626787,19.047464752576744
747,2.5,1.537301510095865,3.6520198893868248,1.1520198893868248,46.08079557547299
5101,9.9,1.9924357075860641,6.333373981348946,3.5666260186510543,36.02652544091974
6260,40.99,3.774978412111614,42.59656714773902,1.606567147739021,3.9194124121469165
798,5.0,1.4732476405137307,3.3633828542189512,1.6366171457810488,32.732342915620976
88,6.99,2.651749683460447,13.178825410865452,6.1888254108654515,88.53827483355438
734,1.7,1.8656528950084237,5.460152310597402,3.7601523105974017,221.18543003514128
1221,4.8,2.0553679534893776,6.809710954419959,2.009710954419959,41.868978217082486
3574,14.5,2.323878958885188,9.215221980650258,5.2847780193497425,36.44674496103271
1480,6.9,1.8723841158737398,5.503783704154637,1.3962162958453632,20.235018780367582
3936,10.49,2.897964360023649,17.137186982340573,6.647186982340573,63.366892110014994
6199,28.99,3.208331773825703,23.73778356504024,5.2522164349597595,18.117338513141632
852,13.5,2.4508382289456034,10.598064479159966,2.901935520840034,21.49581867288914
486,7.89,1.9486906615586999,6.019490671995027,1.8705093280049727,23.707342560265815
2678,3.6,1.5640326254990833,3.7780505352403795,0.1780505352403794,4.94584820112165
3195,4.0,1.6847439092566483,4.391070152391784,0.39107015239178367,9.776753809794592
1430,8.4,2.2732655751876885,8.711061291902828,0.3110612919028277,3.703110617890806
1536,14.9,2.936329868908449,17.846549917791748,2.9465499177917476,19.77550280397146
1891,6.0,2.105305921423024,7.209614122309413,1.2096141223094126,20.160235371823543
6513,39.99,2.9113038934338737,17.380749487467032,22.60925051253297,56.537260596481545
1919,5.6,2.1507513986255735,7.591311472090469,1.9913114720904694,35.559133430186954
4302,14.8,2.8150420249451056,15.693877324868204,0.8938773248682033,6.039711654514886
198,5.0,1.4524369356463533,3.273516119768204,1.7264838802317959,34.529677604635914
4629,6.6,1.934344544412225,5.9195071390481875,0.6804928609518122,10.310497893209277
2882,3.85,1.721664892809775,4.5938338496473685,0.7438338496473684,19.320359731100478
1057,8.9,2.323878958885188,9.215221980650258,0.3152219806502572,3.54182000730626
73,7.0,2.132255001152314,7.433863756813347,0.43386375681334677,6.198053668762097
548,27.8,3.252488089405091,24.854588483638754,2.945411516361247,10.59500545453686
6352,13.69,2.8417813230207623,16.14628141556434,2.456281415564339,17.942157893092325
2963,4.0,1.8210760377766362,5.178503177075279,1.178503177075279,29.462579426881973
6569,27.3,3.620590490390495,36.35962180774953,9.059621807749526,33.18542786721438
1512,34.99,2.826459603733615,15.885573253726275,19.104426746273727,54.59967632544649
3912,10.9,2.306675732988756,9.04099018082512,1.8590098191748812,17.055135955732855
1582,1.9,1.205972560273131,2.340005855975437,0.44000585597543695,23.15820294607563
6697,15.44,3.016284257437791,19.415292603478417,3.975292603478417,25.746713753098554
5822,10.08,2.3853755046517953,9.86314105914541,0.2168589408545909,2.151378381493957
2865,6.9,1.9753238238741977,6.208953707207346,0.6910462927926542,10.015163663661655
3647,10.8,2.4696424278963836,10.818220230161726,0.01822023016172558,0.1687058348307924
5349,20.499,2.6322524803761307,12.9050555184681,7.593944481531899,37.04543871180009
4428,3.0,1.6161474598707204,4.033660534381713,1.0336605343817133,34.45535114605711
6213,25.55,3.089294750445958,20.961584115483085,4.588415884516916,17.958574890477166
4359,28.8,3.493589932803003,31.90385857479498,3.1038585747949803,10.777286718038127
1452,3.6,2.03641532482126,6.66309021575027,3.0630902157502695,85.08583932639637
7037,24.89,3.1777406306584224,22.992484384457107,1.8975156155428934,7.623606330023677
2020,1.9,1.2955704353776816,2.653079225532352,0.753079225532352,39.63574871222905
4903,29.49,3.3873055012580204,28.586124994841107,0.9038750051588913,3.0650220588636534
5220,6.9,1.934344544412225,5.9195071390481875,0.9804928609518129,14.21004146306975
6818,12.35,2.805699694997973,15.538643864954789,3.1886438649547895,25.818978663601534
4814,10.0,2.797292253034808,15.400179059533848,5.400179059533848,54.00179059533847
5267,8.8,2.2823138300462107,8.799328177851766,0.0006718221482344688,0.007634342593573509
2098,9.2,2.5628901992569273,11.973258485293746,2.7732584852937467,30.144113970584208
1880,13.5,2.3930725871035845,9.94707817259992,3.5529218274000804,26.317939462222817
937,9.5,2.2775963896047786,8.753209297869844,0.7467907021301556,7.860954759264796
7120,29.999,3.297067572162242,26.033249522262807,3.965750477737192,13.2196089127544
2855,13.5,2.571250340504384,12.082171387951547,1.417828612048453,10.502434163321874
6139,14.99,3.06240228885887,20.37885370487151,5.38885370487151,35.949657804346295
5985,12.49,2.4910249478514026,11.07364463694897,1.4163553630510304,11.339914836277265
1295,7.0,2.378802560915447,9.791972394207143,2.791972394207143,39.8853199172449
1175,45.9,3.495192136791534,31.95661952385639,13.94338047614361,30.37773524214294
2197,5.5,1.5355765816190698,3.644002404586847,1.855997595413153,33.74541082569369
2614,41.9,3.5333616259747798,33.23887265632957,8.66112734367043,20.670948314249234
6148,27.36,2.9047683057609106,17.261012190700956,10.098987809299043,36.911505150946795
4335,4.0,1.9373712671325416,5.9404822954977625,1.9404822954977625,48.51205738744406
4914,11.5,2.4486409224958603,10.572607955409621,0.9273920445903787,8.064278648611989
1321,7.2,1.8639653615051988,5.449259780477041,1.7507402195229593,24.315836382263324
1181,12.79,2.675015021165727,13.512567833640203,0.7225678336402037,5.649474852542641
6150,22.799,3.149521856273004,22.32490925518761,0.4740907448123899,2.079436575342734
3438,12.6,2.3228313089612884,9.20452560812488,3.395474391875119,26.948209459326343
6343,34.99,3.33619991972924,27.112095251615195,7.8779047483848075,22.514732061688502
4301,12.6,2.4486409224958603,10.572607955409621,2.0273920445903784,16.09041305230459
620,7.9,2.2274997947370623,8.2766435480118,0.3766435480117991,4.767639848250622
6864,24.89,3.0530886983011163,20.180664175561585,4.709335824438416,18.920593910961895
5159,16.0,2.568518040940542,12.046475764549292,3.9535242354507076,24.709526471566924
2492,15.5,2.4506244868394904,10.595585749345258,4.904414250654742,31.64138226228866
478,14.0,2.75518318586997,14.723921039150294,0.7239210391502944,5.1708645653592455
3968,5.3,2.0735217454827763,6.95278153017611,1.6527815301761102,31.184557173134152
2276,3.7,1.8998697491316836,5.685023655434293,1.9850236554342926,53.649287984710604
5227,6.9,2.132444814495438,7.435464768630377,0.5354647686303764,7.760358965657628
1897,12.5,2.0014246350950433,6.399590309489788,6.100409690510212,48.80327752408169
7044,14.766,2.7206522684519268,14.190227120212015,0.5757728797879853,3.8993151820939
2206,1.4,0.9668588739746569,1.6296713436113932,0.2296713436113933,16.40509597224238
1033,4.5,1.7646381645522657,4.839459052493829,0.3394590524938286,7.543534499862857
5948,10.59,2.2414113927963752,8.406598327856118,2.183401672143882,20.617579529215128
286,12.3,2.9000943623860174,17.17586040608015,4.87586040608015,39.64114151284675
550,3.2,1.2734628170406281,2.5732045172247195,0.6267954827752806,19.58735883672752
7008,10.099,2.450743179017981,10.596962136360293,0.4979621363602931,4.930806380436608
5668,25.79,3.2985755146801337,26.074044859395546,0.28404485939554647,1.1013759573305408
5015,2.5,1.1577927403818007,2.1829000301664427,0.31709996983355726,12.68399879334229
2825,12.5,2.539441482884519,11.672591134866822,0.8274088651331777,6.6192709210654215
1055,10.799,2.5509009707567434,11.818647808283634,1.0196478082836347,9.442057674633157
2091,6.5,1.8765074905569512,5.5306566066734835,0.9693433933265165,14.912975281946409
6540,25.79,3.115517740675362,21.545099847569283,4.244900152430716,16.459481009812784
2571,3.5,1.4160627255078966,3.1208634865173055,0.3791365134826945,10.83247181379127
1677,10.3,2.1146845821354856,7.286971494994749,3.013028505005252,29.252703932089823
1174,1.8,1.0537224901849882,1.8683085200328167,0.06830852003281662,3.7949177796009232
6021,78.2,4.248538747075871,69.00304541810088,9.19695458189912,11.760811485804503
5916,12.54,3.04940461348997,20.102776373111602,7.562776373111603,60.30922147616909
5389,3.9,1.7256234297561153,4.616021133230873,0.7160211332308735,18.359516236689064
2087,14.0,2.610704135663275,12.608629800566325,1.3913701994336751,9.938358567383395
1370,46.5,3.458553350794696,30.770981788016414,15.729018211983586,33.825845617169
6314,16.899,2.996444945476198,19.014258518663603,2.1152585186636017,12.517063250272805
2934,5.0,1.8742042014592837,5.515631926244373,0.5156319262443727,10.312638524887454
3107,16.99,2.827900877028853,15.909927525896848,1.0800724741031509,6.357106969412307
1188,7.8,1.9065550031127658,5.729864455504726,2.0701355444952743,26.540199288400952
2029,6.699999,2.1459854218524987,7.550462900158086,0.8504639001580863,12.693492941686802
4209,4.888888,1.9337976272189243,5.9157237763120465,1.0268357763120468,21.003462879739665
5027,4.5,1.8471292408527584,5.341588193930048,0.8415881939300478,18.701959865112173
7009,23.5,3.321415653530533,26.6995357612318,3.1995357612318003,13.615045792475748
7093,40.9,3.9040647287208836,48.60366532692707,7.703665326927073,18.835367547498958
3956,7.2,2.5234628787022553,11.471709991292046,4.271709991292046,59.329305434611754
833,9.0,2.082060627410127,7.020980148252816,1.979019851747184,21.989109463857602
1393,5.4,2.126280545199807,7.383626229667323,1.9836262296673226,36.73381906791338
549,24.9,3.143108138658709,22.175788593934115,2.7242114060658835,10.940608056489493
1020,5.5,1.9033450244618288,5.708296369346637,0.20829636934663665,3.7872067153933937
248,3.6,1.6525999901752844,4.220535538294954,0.6205355382949542,17.23709828597095
2648,6.5,1.8488067337731708,5.3522350907798995,1.1477649092201005,17.657921680309236
296,6.3,1.9855955194102917,6.28338349044908,0.016616509550919645,0.2637541198558674
1559,7.39,1.7075285676958933,4.515313895104792,2.8746861048952077,38.89967665622744
1563,12.8,2.4821025220037276,10.96639760131695,1.83360239868305,14.325018739711329
6766,13.69,2.666703321480041,13.39244363781689,0.2975563621831103,2.1735307683207474
3260,9.7,2.4879894318673363,11.037050464864029,1.3370504648640296,13.784025410969377
100,1.4,1.098031676813776,1.9982586700043359,0.598258670004336,42.73276214316686
4204,43.5,3.485846803743163,31.65006360293856,11.849936397061441,27.24123309669297
3197,7.0,1.7579412074222143,4.800483101363521,2.199516898636479,31.421669980521127
2937,17.5,2.8032149422005794,15.497600435850718,2.0023995641492824,11.442283223710186
7017,15.99,2.6638535926471114,13.351487460921916,2.638512539078084,16.50101650455337
1499,6.0,1.9074908777402224,5.736165713028454,0.2638342869715462,4.397238116192437
4872,7.0,2.2503947383304745,8.491481748641494,1.491481748641494,21.306882123449913
1656,5.0,1.840778216320821,5.301440237017528,0.30144023701752776,6.028804740350555
6788,13.29,2.7443116371443166,14.553903516839572,1.263903516839573,9.510184475843287
346,4.0,1.6525999901752844,4.220535538294954,0.22053553829495431,5.513388457373858
1718,7.5,2.2151211341401833,8.162518938241998,0.6625189382419983,8.833585843226643
1665,1.7,1.2218793131408732,2.393559305253613,0.6935593052536129,40.797606191388994
681,6.0,1.9796790035938352,6.240418463793462,0.24041846379346232,4.006974396557705
6514,69.99,3.46273950470425,30.904258771994964,39.085741228005034,55.8447510044364
3898,3.9,1.8101101566139157,5.111120575504166,1.2111205755041659,31.05437373087605
6186,20.45,3.158264642923572,22.529727999108747,2.079727999108748,10.169819066546443
6408,54.999,3.707674453535077,39.75890948814762,15.24009051185238,27.709759289900504
7289,23.79,3.1860322765455265,23.19224861153642,0.5977513884635783,2.5126161768120148
5761,17.75,2.950197114610427,18.109720162054998,0.3597201620549981,2.0265924622816796
7063,49.59,3.6212879154336743,36.38568643160618,13.204313568393822,26.62696827665622
1793,3.8,1.8944960549076544,5.649196730113661,1.8491967301136611,48.663071845096354
3542,5.9,2.219468152106571,8.202435268329149,2.3024352683291482,39.02432658184997
6741,18.8,3.1460582135711603,22.244259854456853,3.4442598544568526,18.32053114072794
1706,6.2,2.10186450192755,7.181409955239804,0.9814099552398039,15.829192826448448
1414,5.6,1.7544187434333909,4.780087051785356,0.8199129482146432,14.641302646690058
4761,2.9,1.5040178675103277,3.4997321262764833,0.5997321262764834,20.680418147464945
3066,8.8,1.9033450244618288,5.708296369346637,3.091703630653364,35.13299580287914
2991,8.0,1.9630652110167126,6.1211213857196665,1.8788786142803335,23.48598267850417
6041,9.75,2.3125281798339716,9.099926835731257,0.6500731642687434,6.66741706942301
84,37.9,3.5293228464383946,33.100868270332256,4.799131729667742,12.662616700970297
5327,9.5,2.1474066849760716,7.562623997780248,1.937376002219752,20.39343160231318
3207,9.0,2.50373072476502,11.228028377998019,2.228028377998019,24.755870866644653
5025,3.99,1.649560252513596,4.204690574272586,0.21469057427258598,5.380716147182605
1561,1.2,1.2415550422778734,2.4609912700699796,1.2609912700699797,105.08260583916498
6072,8.39,3.4838960910099495,31.58643478907389,23.19643478907389,276.47717269456365
2948,8.9,2.4816693988443745,10.961215799641957,2.061215799641957,23.159728085864685
3528,7.8,2.126280545199807,7.383626229667323,0.41637377033267686,5.338125260675344
1297,5.0,1.8957165623287915,5.6573170785320865,0.6573170785320865,13.14634157064173
4866,8.499,2.143100972428291,7.525835058326511,0.97316494167349,11.450346413383809
6289,13.28,2.791243874826194,15.30128395288558,2.0212839528855806,15.220511693415517
4506,14.2,2.664727591199205,13.364036123140659,0.8359638768593403,5.887069555347467
1912,18.5,2.776852482126795,15.06836580230281,3.431634197697189,18.549374041606427
6456,79.99,3.8509974545091867,46.03996005923803,33.95003994076197,42.442855282862816
5998,9.494,2.5186089262129605,11.411319588178559,1.9173195881785592,20.19506623318474
6127,18.99,2.933961298451608,17.801963360488966,1.1880366395110329,6.2561171116958025
6875,44.199,3.4512508905785193,30.539820507746736,13.659179492253262,30.903820204650025
1817,12.2,2.321654297893441,9.192521834215151,3.007478165784848,24.65146037528564
3722,7.6,2.2383366014438577,8.377719421719034,0.7777194217190342,10.233150285776766
5451,9.79,2.4968223298185124,11.143843454711655,1.3538434547116562,13.8288401911303
6187,36.99,3.500127752083033,32.119682796904065,4.8703172030959365,13.166578002422105
7164,8.99,2.5858454025001674,12.274506648733153,3.284506648733153,36.53511288913407
3089,1.2,0.9751573944736103,1.6515845228906647,0.45158452289066475,37.63204357422206
4845,6.0,1.8585013418745644,5.414116996298537,0.5858830037014631,9.764716728357719
3142,3.2,1.1551816075612549,2.174599896524711,1.025400103475289,32.043753233602786
1623,5.5,1.8627130346685015,5.441188254526294,0.05881174547370627,1.0693044631582957
6834,18.38,2.9611639519328192,18.32044674439305,0.05955325560695002,0.3240111839333516
5459,16.79,3.1563712634622245,22.485219444472246,5.695219444472247,33.920306399477354
5605,47.95,3.7039763226963576,39.608456077684295,8.341543922315708,17.396337689918052
6392,26.4,3.285651585071017,25.7263931613847,0.6736068386152994,2.5515410553609827
1199,2.0,1.3971499741065592,3.0436589957812057,1.0436589957812057,52.18294978906029
373,6.0,1.558919736544949,3.753683240156775,2.246316759843225,37.43861266405375
2457,5.7,1.8639653615051988,5.449259780477041,0.25074021952295933,4.398951219701041
5260,4.99,1.7075285676958933,4.515313895104792,0.47468610489520824,9.512747593090346
3819,21.09,3.155085520471111,22.45504289197934,1.3650428919793391,6.472465111329252
7284,23.3,3.3201841229840907,26.665443933691908,3.365443933691907,14.44396538065196
1317,8.0,2.3611731213130356,9.603383213864372,1.6033832138643724,20.042290173304657
1446,13.0,2.762139425495115,14.833681719941078,1.8336817199410778,14.105243999546751
3799,18.9,2.9244521822354903,17.624020685436175,1.2759793145638234,6.751213304570494
3482,3.7,1.7062702210489533,4.508378083101156,0.8083780831011556,21.848056300031228
1488,6.399,1.9904734189176736,6.318997894313636,0.08000210568636401,1.250228249513424
4486,4.0,1.6874910437089516,4.405900508106019,0.4059005081060194,10.147512702650484
6067,102.0,4.134308273991553,61.44638034178027,40.55361965821973,39.75845064531346
812,5.123,1.5607921032139729,3.762592216042769,1.360407783957231,26.554905015756997
3580,34.5,3.4396032108316206,30.174585975851876,4.325414024148124,12.537431954052533
4317,3.95,1.3364330146146768,2.805445299715123,1.144554700284877,28.976068361642454
3366,3.9,1.4279443397853497,3.1701180292445876,0.7298819707554123,18.714922327061853
3651,4.0,1.5981042055994048,3.9436513883264537,0.05634861167354632,1.408715291838658
6684,40.5,3.5301325775417585,33.128491986404185,7.371508013595815,18.201254354557566
1511,3.5,1.366567904153643,2.9218673460037854,0.5781326539962146,16.518075828463274
7149,18.29,2.975683306028836,18.60301353157427,0.3130135315742706,1.711391643380375
1801,3.4,1.4848782920593362,3.41442810912781,0.014428109127810007,0.4243561508179414
4516,4.6,1.8639653615051988,5.449259780477041,0.8492597804770412,18.462169140805244
921,7.8,2.2665237680373145,8.645811387727125,0.8458113877271254,10.84373574009135
322,15.0,2.757407131821166,14.758929103274511,0.2410708967254891,1.6071393115032604
3838,2.5,1.3313080261071213,2.7859923269972584,0.2859923269972584,11.439693079890336
5634,27.49,3.374871547316861,28.22053008466178,0.7305300846617833,2.657439376725294
7262,9.08,2.6602965533037866,13.300529339139285,4.220529339139285,46.48160065131371
4402,6.85,2.1584572934379427,7.657770950602208,0.8077709506022082,11.792276651127127
6217,10.45,2.4456118159487157,10.53760633147154,0.08760633147154095,0.8383381002061336
1569,5.9,2.1515807629349686,7.5984397547593385,1.6984397547593382,28.78711448744641
4661,17.5,2.8656932262563806,16.561222886726867,0.9387771132731331,5.364440647275046
231,12.9,2.4578080565691067,10.679183353244863,2.2208166467551376,17.21563292058246
1545,1.8,1.2417091044391322,2.4615245189408266,0.6615245189408265,36.751362163379255
1420,1.0,1.0972852730159048,1.9960215933311671,0.9960215933311671,99.60215933311672
1079,5.9,2.2889992155295,8.8650599404639,2.965059940463899,50.25525322820167
3103,7.9,1.9935991738472474,6.341911079906931,1.558088920093069,19.72264455814011
1115,4.75,1.9112278874443032,5.761385924403139,1.0113859244031387,21.29233525059239
6946,14.45,2.9244867510856745,17.624664507545106,3.1746645075451063,21.969996592007657
1941,10.9,2.321654297893441,9.192521834215151,1.707478165784849,15.664937300778432
1867,10.95,2.1724036679724703,7.779361368884599,3.1706386311154002,28.955603937126945
2586,6.65,2.3329811790479926,9.308627634653133,2.658627634653133,39.97936292711478
2751,11.5,2.302606584556568,9.000214917934676,2.4997850820653245,21.737261583176736
1425,9.59,2.2775963896047786,8.753209297869844,0.8367907021301555,8.725659042024562
5395,14.5,2.6180243432345245,12.708613298976555,1.7913867010234448,12.354391041541
4053,32.5,3.101973186660665,21.24179522472087,11.258204775279129,34.640630077781935
7283,16.95,2.994852805629462,18.98241837388077,2.0324183738807697,11.99066887245292
4333,4.49,2.107607368685585,7.228529874711985,2.7385298747119844,60.99175667509987
1618,9.0,2.6533445560382476,13.20145687305073,4.201456873050731,46.682854145008115
2402,16.8,2.7724453931235664,14.997706898478596,1.8022931015214052,10.727935128103603
265,15.3,2.7323009547662442,14.368207919688727,0.9317920803112738,6.090144315759959
0,9.99,2.2775963896047786,8.753209297869844,1.2367907021301559,12.38028730861017
4015,16.5,2.607350201276559,12.563063804516467,3.9369361954835327,23.860219366566866
5187,3.5,1.468050905096485,3.3407663249593256,0.15923367504067443,4.549533572590698
838,1.2,1.3901125168783568,3.0153018168042856,1.8153018168042856,151.27515140035715
14,21.9,2.827540103228322,15.903827967423226,5.996172032576773,27.379780970670197
3263,2.6,1.1525078826348023,2.16612322684121,0.43387677315879003,16.687568198415
4912,21.0,2.6954515218320565,13.812205277682029,7.187794722317971,34.227593915799865
6477,29.155,3.3354840880799683,27.0919789249174,2.0630210750826024,7.076045532782035
8,16.5,2.6903753320112362,13.737206227780437,2.7627937722195632,16.744204680118564
1039,8.5,2.6582334239810006,13.271055911928782,4.771055911928782,56.130069552103315
2759,11.9,2.4696424278963836,10.818220230161726,1.081779769838274,9.090586301161967
3992,15.5,2.658347910495293,13.2726898489055,2.2273101510944997,14.369742910287094
6472,12.99,2.67763738086966,13.550674950173327,0.5606749501733272,4.316204389325075
4141,32.79,3.3183702781430675,26.61530859354778,6.174691406452219,18.831019842794202
6629,18.1,2.9079710567997212,17.319591423740604,0.7804085762593971,4.311649592593354
339,4.1,1.5805664822621264,3.8577068367179077,0.24229316328209194,5.909589348343706
1956,3.3,1.5955003796069493,3.930795724562972,0.6307957245629723,19.115021956453706
4220,6.5,1.842407256333619,5.3117139011348495,1.1882860988651505,18.28132459792539
2770,29.999999,2.5695626170753707,12.060110922016781,17.93988807798322,59.7996289199317
1090,23.5,3.1970490242207132,23.460242007500067,0.039757992499932726,0.16918294680822438
4512,8.999,1.9762336768829551,6.215515780236094,2.7834842197639063,30.931039223957175
1883,6.0,2.3029086335148925,9.003235928657261,3.0032359286572614,50.05393214428769
622,5.3,2.078477513752579,6.992291492787052,1.692291492787052,31.930028165793434
7220,12.5,2.6563516619322516,13.244226431783897,0.7442264317838969,5.953811454271175
5192,3.8,2.0553679534893776,6.809710954419959,3.009710954419959,79.20291985315683
5045,2.8,2.153536318882625,7.615270936557344,4.8152709365573445,171.97396201990517
4331,16.5,3.0912170756402615,21.003842025644683,4.503842025644683,27.296012276634446
4952,4.7,1.481459931979727,3.399363766647876,1.3006362333521242,27.673111347917533
3032,8.4,2.0143236779705385,6.495656189110834,1.9043438108891664,22.670759653442456
4568,5.999,1.8574071283063827,5.407102420874964,0.5918975791250354,9.866604086098272
889,4.5,2.114859782898487,7.288423505916638,2.7884235059166382,61.964966798147515
1507,3.1,1.3360079198949426,2.803827968795749,0.29617203120425106,9.553936490459712
3688,10.0,2.0915395784747415,7.097372112426168,2.902627887573832,29.02627887573832
196,1.9,0.7515405932087984,1.120263966024881,0.7797360339751189,41.038738630269414
5533,12.99,2.610451706680737,12.605195021529157,0.38480497847084294,2.962317001315188
3980,11.2,2.6424807685206666,13.04801027791258,1.8480102779125804,16.500091767076615
2789,3.8,1.6217767833689267,4.0620765443259454,0.2620765443259456,6.896751166472254
6575,38.0,2.782264403218205,15.155562267463374,22.844437732536626,60.11694140141217
4236,21.5,2.5258949348886772,11.502078805093335,9.997921194906665,46.50195904607751
432,4.2,2.0972261380555395,7.143549472108713,2.943549472108713,70.08451124068364
2598,10.9,2.4791220153241773,10.93078477183778,0.030784771837780056,0.2824290994291748
6091,28.99,3.243681483080999,24.627896957815796,4.362103042184202,15.046923222436021
1694,23.5,3.2066034624973314,23.69506589881256,0.19506589881256176,0.8300676545215393
5357,29.9,3.314694307600159,26.513981883725087,3.3860181162749114,11.324475305267264
1108,13.9,2.732841273693424,14.376513897040882,0.4765138970408813,3.4281575326682105
6353,37.5,3.7683011966987836,42.306433199043326,4.806433199043326,12.817155197448871
6690,60.89,3.9441871103091386,50.634348018563536,10.255651981436465,16.842916704609074
6262,110.99,4.379663094859129,78.81114009169548,32.17885990830452,28.992575825123453
4825,1.65,1.3981810701702093,3.0478305469198936,1.3978305469198937,84.71700284362993
1277,4.6,1.8310516172945979,5.240445769780325,0.6404457697803254,13.92273412565925
1195,5.9,1.8634813151243197,5.446138795032744,0.45386120496725635,7.692562796055191
6062,18.19,3.1007453138612444,21.214501889155446,3.024501889155445,16.627278115203108
604,9.0,2.375353851804824,9.754818124648423,0.7548181246484233,8.386868051649149
3742,6.2,1.5543360895668261,3.731943895141251,2.468056104858749,39.80735652997982
1593,17.9,2.887988883625617,16.957159325371894,0.9428406746281048,5.267266338704497
1219,19.4,3.078037209809871,20.715737102628278,1.3157371026282796,6.782150013547833
2229,7.0,2.1507617030223507,7.5914000008288305,0.5914000008288305,8.448571440411865
4519,4.1,1.500553347676778,3.4841696888321225,0.6158303111678771,15.020251491899444
1652,3.3,1.4700307067544904,3.349368694008917,0.0493686940089173,1.4960210305732518
4657,5.9,2.0225670168899916,6.557700799536463,0.657700799536463,11.147471178584118
4865,5.9,1.6278931845709246,4.093133115792046,1.8068668842079543,30.62486244420261
6264,11.09,2.4312656797131806,10.37326788860714,0.7167321113928597,6.46286845259567
4955,38.0,3.6004268784612394,35.61386077671659,2.3861392232834078,6.279313745482653
1158,12.0,2.3951744441788363,9.970111564279218,2.029888435720782,16.915736964339846
4818,10.8,2.468402307597737,10.803573299215739,0.0035732992157377907,0.03308610384942399
3256,8.8,2.170649971019817,7.763978521974053,1.0360214780259476,11.772971341203949
5728,38.699,3.68408787177996,38.808795159335986,0.10979515933598805,0.28371575321323045
4650,17.5,2.9000943623860174,17.17586040608015,0.32413959391984903,1.852226250970566
7219,15.49,2.9474330963422335,18.056973476409524,2.5669734764095242,16.571810693412033
5702,14.19,2.6747989604543223,13.509432576624883,0.6805674233751162,4.796105872974745
2807,4.59,1.3478760166521357,2.8492411179591963,1.7407588820408035,37.92503010982143
2851,8.6,2.60096636058344,12.47675514934458,3.8767551493445804,45.078548248192796
4559,10.49,2.2638577257603014,8.620129496487023,1.8698705035129777,17.82526695436585
2995,6.5,2.063362235866175,6.872394209057053,0.37239420905705334,5.72914167780082
904,5.95,1.642795207285481,4.169599437534028,1.7804005624659718,29.92269852883986
6841,21.169,2.9020661540835424,17.211734773490956,3.957265226509044,18.69368050691598
2357,23.8,3.320672078400767,26.678946731027736,2.8789467310277352,12.096414836250988
3383,12.8,2.484754207324923,10.998170829868217,1.801829170131784,14.076790391654562
3470,9.0,2.6692236490851493,13.4287630600182,4.4287630600182,49.20847844464667
1616,7.8,2.2775963896047786,8.753209297869844,0.9532092978698445,12.220632023972367
3575,5.8,2.0144527336681115,6.496623608673248,0.6966236086732485,12.010751873676698
6977,26.95,3.281478283874389,25.615088288746353,1.3349117112536462,4.953290208733381
5006,10.9,2.3293251517642592,9.27100782219724,1.6289921778027612,14.944882365162945
3820,3.65,1.6064728283290166,3.9851965370765496,0.3351965370765497,9.18346676922054
1860,7.5,1.8513000269345157,5.3680928358797155,2.1319071641202845,28.425428854937124
2088,4.99,1.6359274330803477,4.1342174327457775,0.8557825672542227,17.149951247579615
7077,27.52,3.108885704439416,21.39607464493461,6.1239253550653885,22.252635737882954
6930,27.699,3.2325209009700155,24.34346487565578,3.3555351243442217,12.114282552959391
5213,4.1,2.1698652303578436,7.757103769468914,3.6571037694689146,89.19765291387597
2251,3.2,1.1622278220724394,2.1970478018845334,1.0029521981154668,31.342256191108337
3784,14.0,2.8924427712003897,17.037316868003135,3.037316868003135,21.695120485736677
3127,6.5,1.9033450244618288,5.708296369346637,0.7917036306533634,12.180055856205591
254,11.7,2.2665237680373145,8.645811387727125,3.054188612272874,26.104176173272432
6705,16.78,2.8383338625334487,16.087272062530058,0.6927279374699431,4.128295217341734
4989,2.999999,1.6525999901752844,4.220535538294954,1.2205365382949545,40.6845648380201
221,14.85,2.734627809359117,14.404009140835742,0.44599085916425807,3.003305448917563
267,2.9,1.2690317293581261,2.5574063620558865,0.34259363794411346,11.81357372221081
107,8.1,1.910649572253558,5.75747684266219,2.3425231573378094,28.92003897947913
4800,5.5,1.6248414488155511,4.0776139116550985,1.4223860883449015,25.861565242634573
1226,5.4,2.1693988277848972,7.753020386063561,2.3530203860635606,43.57445159376964
4938,4.9,1.8805284324329934,5.556968861874393,0.6569688618743923,13.407527793354943
3418,9.5,2.2458461151074185,8.448406614883872,1.0515933851161279,11.069404053853978
4154,8.5,1.9687493571678516,6.161714138712146,2.3382858612878543,27.509245426915935
1758,6.99,2.235886761145872,8.354773625021394,1.3647736250213942,19.52465844093554
2284,9.99,2.2835382584053288,8.81133410186999,1.17866589813001,11.798457438738838
2526,3.3,1.4781230282305213,3.3847079792760013,0.08470797927600149,2.566908462909136
4004,15.0,2.1554304883118047,7.631605184422174,7.368394815577826,49.122632103852176
1210,15.5,3.0126841415191965,19.341927324587665,3.8419273245876653,24.786627900565584
6664,11.5,2.719251265902554,14.168960474082297,2.668960474082297,23.208351948541715
2464,13.6,2.4982648014686197,11.161373244691402,2.438626755308597,17.93107908315145
4240,13.5,2.649900096203969,13.152624673817698,0.34737532618230205,2.5731505643133485
4198,14.5,2.6349280776527517,12.942309663464382,1.557690336535618,10.74269197610771
376,4.5,1.7259846353134383,4.618050037677961,0.1180500376779614,2.623334170621365
755,1.8,1.2923623310041086,2.641378544629919,0.8413785446299189,46.74325247943994
291,12.49,2.663824068762878,13.351063755522288,0.861063755522288,6.894025264389815
5091,1.7,1.587669598064491,3.8923345275693597,2.1923345275693595,128.9608545629035
1465,1.35,1.3296220220493877,2.7796145065977336,1.4296145065977335,105.89737085909137
188,4.7,1.9320761751036173,5.903828930129926,1.2038289301299256,25.613381492126074
1870,33.0,2.662213421145309,13.32796785354754,19.67203214645246,59.61221862561351
1201,8.7,2.4607748100582856,10.713884059978367,2.013884059978368,23.148092643429518
1649,4.0,1.5155236330472701,3.5518039779089463,0.4481960220910537,11.204900552276342
6030,128.96,4.789813705975951,119.27895932457635,9.68104067542366,7.507010449304946
3706,30.49,3.1409843428007833,22.126620180431832,8.363379819568166,27.429910854602056
4176,6.5,2.007190197956894,6.442376336812817,0.05762366318718293,0.8865178951874296
501,10.0,2.360363241190987,9.594799221044768,0.40520077895523166,4.0520077895523166
6193,26.99,3.0963690618433315,21.117498041891974,5.872501958108025,21.758065795139032
2605,5.5,1.9112278874443032,5.761385924403139,0.2613859244031387,4.752471352784339
6874,64.89,4.375982589926154,78.51793469980998,13.627934699809984,21.001594544321133
3312,23.5,2.8805481339555343,16.82404046428075,6.675959535719251,28.408338449869152
2812,6.5,2.0054713474803005,6.429594992456035,0.07040500754396462,1.08315396221484
4763,5.5,2.0853267360659418,7.047220369323341,1.547220369323341,28.131279442242562
6753,76.79,3.9001916047725533,48.4119157574535,28.378084242546507,36.95544243071559
672,7.9,1.9033450244618288,5.708296369346637,2.1917036306533637,27.74308393232106
4766,13.8,2.7562406940606596,14.740558009754839,0.940558009754838,6.815637751846652
3753,7.35,2.09612216649562,7.134564185757576,0.21543581424242397,2.9310995135023674
1374,12.8,2.590882160891472,12.341535794588232,0.4584642054117687,3.581751604779443
7043,23.99,3.5522705195289683,33.89245160861297,9.902451608612974,41.277413958370055
6988,15.58,2.8834354758188647,16.875578931268375,1.2955789312683752,8.315654244341305
5718,79.99,4.287063043975637,71.75248357636539,8.237516423634602,10.298182802393553
1192,4.9,1.8980110216269823,5.672609558881802,0.7726095588818014,15.767542017995945
3053,52.9,3.628174707422372,36.64404247848593,16.25595752151407,30.72959833934607
3950,2.8,1.3201360841369822,2.743930832191929,0.05606916780807092,2.002470278859676
216,13.0,2.4753595826002326,10.885980336480673,2.1140196635193274,16.26168971937944
4697,6.49,2.1160956745588653,7.298673431999699,0.8086734319996989,12.46029941447918
421,1.2,0.9479495313262731,1.5804131746537275,0.3804131746537276,31.701097887810636
505,3.9,1.8353989514863338,5.2676341286679715,1.3676341286679716,35.067541760717226
4836,2.9,1.3808279219322968,2.978193898414465,0.07819389841446522,2.696341324636732
6453,19.9,2.9825471583990226,18.738028553982705,1.1619714460172936,5.839052492549214
6845,49.5,3.5987446736677033,35.55232054076038,13.947679459239623,28.17713022068611
6252,20.59,3.1377894525248715,22.052851071356045,1.4628510713560452,7.104667660787009
506,16.3,2.762139425495115,14.833681719941078,1.466318280058923,8.995817669073146
1807,8.9,1.9428785294797961,5.978810797999827,2.921189202000173,32.822350584271604
4436,20.89,3.149576314166382,22.326179515196404,1.4361795151964039,6.874961776909544
1438,5.99,1.330290909205727,2.7821434879043765,3.2078565120956237,53.553531086738296
5520,76.49,4.308696859417715,73.34354569729814,3.146454302701855,4.113549879333057
7069,41.599,3.1634610208802862,22.65231558888955,18.946684411110446,45.54600930577766
4704,3.8,1.3337542526639352,2.7952650589490093,1.0047349410509905,26.44039318555238
1426,27.9,3.4885443008828183,31.738255951944076,3.8382559519440775,13.757189791914257
2859,7.5,1.9855955194102917,6.28338349044908,1.2166165095509198,16.22155346067893
3016,5.0,1.7048185448678095,4.500387503111759,0.4996124968882407,9.992249937764814
2688,20.49,3.108646563758264,21.390719472734173,0.9007194727341741,4.395897865954974
4664,12.0,1.8083942465669165,5.100643433797289,6.899356566202711,57.494638051689265
2280,2.95,1.6590844034595973,4.254497641445078,1.304497641445078,44.22025903203654
347,6.5,2.0163273304674925,6.510689935522654,0.010689935522654181,0.16446054650237202
4320,12.99,2.7804803272995353,15.126765213572849,2.1367652135728488,16.449308803486133
333,11.5,2.0243754990806964,6.571381133426617,4.928618866573383,42.85755536150768
4386,6.5,2.0010422107024617,6.396761066680541,0.10323893331945921,1.588291281837834
3381,7.75,1.9464573413761612,6.003831394405134,1.7461686055948658,22.5312078141273
5781,18.355,3.1145776240608147,21.523914784401203,3.1689147844012027,17.264586131305926
6380,15.89,2.608731667859158,12.58181367209588,3.308186327904121,20.819297217772945
5832,83.49,4.4128248136782195,81.50218795686325,1.987812043136742,2.380898362841948
6831,8.29,2.538997150664791,11.666961545114837,3.3769615451148383,40.73536242599323
3023,9.79,2.3968281802882645,9.988268242937112,0.19826824293711276,2.0252118788264837
6726,5.65,1.7576204559469,4.79862288620055,0.8513771137994501,15.06862148317611
746,14.5,2.702172487521315,13.912092895757672,0.5879071042423281,4.0545317533953655
3410,34.0,2.9134560695772627,17.420350697115282,16.579649302884718,48.76367442024917
5257,5.7,1.8912851674377071,5.627881146930481,0.0721188530695196,1.2652430363073612
3704,5.0,1.5944674422630905,3.9257051510984677,1.0742948489015323,21.485896978030645
3589,2.5,1.3774397020657656,2.964737711947223,0.4647377119472229,18.589508477888916
5019,7.8,2.0200581834122455,6.538763551889207,1.2612364481107932,16.16969805270248
4038,24.2,3.108646563758264,21.390719472734173,2.8092805272658268,11.608597220106724
3608,9.3,2.001796231284505,6.402340479997166,2.8976595200028346,31.157629247342307
6968,28.59,3.3918288351229675,28.720256047028673,0.13025604702867355,0.4556000245843776
259,4.8,1.8756990623847263,5.525379173389819,0.7253791733898192,15.1120661122879
1795,11.49,2.2775963896047786,8.753209297869844,2.736790702130156,23.818892098608842
4210,20.0,2.838029783593074,16.082076972846107,3.9179230271538934,19.589615135769467
3653,8.3,1.6247620206236855,4.0772106219796,4.2227893780204,50.876980458077114
3265,4.59,1.9033450244618288,5.708296369346637,1.1182963693466368,24.36375532345614
3246,5.0,1.9242214153215484,5.849813429415608,0.8498134294156081,16.996268588312162
1730,25.0,2.5153334935430394,11.370733651060169,13.629266348939831,54.517065395759325
599,11.5,2.863739460588328,16.526945867896583,5.026945867896583,43.71257276431811
45,13.0,2.646991890905317,13.111525726805935,0.11152572680593487,0.857890206199499
4651,23.5,2.5978255055494484,12.434493019446487,11.065506980553513,47.08726374703623
5070,6.0,1.9515790660829586,6.039795110209153,0.03979511020915272,0.663251836819212
4575,6.0,1.5976716581032409,3.941513486701856,2.058486513298144,34.30810855496907
3921,14.2,2.1530405488473496,7.611000801971068,6.588999198028931,46.401402803020645
3881,2.686686,1.4481702669184195,3.2553212854492237,0.5686352854492238,21.1649327628619
6979,5.85,2.543145199953241,11.719613852626242,5.869613852626243,100.33527953207253
6997,28.9,3.125923525261171,21.780924140520618,7.119075859479381,24.633480482627615
1421,1.9,1.2170170570197265,2.3770990002873513,0.4770990002873514,25.110473699334285
4251,17.2,2.897795646716262,17.13412725565365,0.06587274434635049,0.38298107178110746
3529,2.3,1.1092860259351076,2.032192714450129,0.26780728554987077,11.643795023907426
6651,12.09,2.8019143821080306,15.47615826154151,3.3861582615415102,28.00792606734086
6497,96.79,4.59320925320873,97.81103148315749,1.0210314831574863,1.0548935666468502
7180,15.99,3.073519905677712,20.617861746494334,4.627861746494334,28.942224806093396
3044,13.2,2.732841273693424,14.376513897040882,1.1765138970408824,8.912984068491534
1298,4.1,1.9033450244618288,5.708296369346637,1.608296369346637,39.22674071577163
426,6.5,1.8322230608039989,5.247760382964699,1.2522396170353014,19.265224877466174
4603,8.2,1.9248199615833075,5.853914586881327,2.346085413118672,28.610797720959418
805,19.9,2.814508729617243,15.684976931566965,4.215023068433034,21.181020444387105
410,7.7,2.36499982684638,9.644036974456315,1.9440369744563144,25.24723343449759
6097,12.38,2.704106973268057,13.940968047198261,1.5609680471982603,12.60878874958207
3858,15.0,2.0915616238689383,7.097550624154019,7.902449375845981,52.6829958389732
438,8.8,2.46984573298408,10.820623178719591,2.0206231787195907,22.961627030904438
2389,2.0,1.236071680689576,2.442065339762753,0.442065339762753,22.103266988137648
4161,9.2,2.4612486653991628,10.71943606182158,1.5194360618215814,16.515609367625885
434,5.8,1.9753238238741977,6.208953707207346,0.40895370720734636,7.050925986333559
751,10.5,2.1459854218524987,7.550462900158086,2.9495370998419137,28.090829522303938
3411,8.5,1.908508260713968,5.743022460710959,2.756977539289041,32.43502987398872
2874,6.99,1.934344544412225,5.9195071390481875,1.0704928609518127,15.314633203888594
4383,14.6,2.8075983423216444,15.570074745502758,0.9700747455027585,6.644347571936702
2142,9.0,2.146946574529195,7.558685151247902,1.4413148487520981,16.01460943057887
6044,24.0,3.4262310908918687,29.76049051069702,5.7604905106970214,24.002043794570923
4937,7.5,1.9924357075860641,6.333373981348946,1.166626018651054,15.555013582014052
4856,5.9,2.194902199884621,7.97912285462475,2.0791228546247496,35.23937041736863
1049,6.0,1.9944748809817083,6.348343259762029,0.3483432597620286,5.805720996033811
626,6.5,2.077488250561629,6.984388922507322,0.48438892250732213,7.452137269343417
1926,10.2,2.4349592425100055,10.415353442731648,0.21535344273164903,2.1113082620749903
1223,7.6,1.934344544412225,5.9195071390481875,1.6804928609518122,22.111748170418583
210,7.89,2.4406325306302823,10.480300088124231,2.5903000881242315,32.8301658824364
2431,3.89,1.294620229744328,2.649609697716653,1.2403903022833473,31.886640161525637
6216,14.59,2.7062342205772527,13.972785010550153,0.6172149894498471,4.230397460245696
4927,16.0,2.830097640116608,15.947115462090089,0.05288453790991099,0.3305283619369437
51,18.8,2.786508939066311,15.224280866763028,3.575719133236973,19.01978262360092
1109,12.5,2.5875249319995643,12.29682030721824,0.2031796927817595,1.625437542254076
1436,7.2,2.1678107368723403,7.739130825792412,0.5391308257924114,7.487928136005714
7277,10.49,2.6810485405641566,13.600394378334462,3.110394378334462,29.651042691462937
3882,2.8,1.6642445260994827,4.2816815695688595,1.4816815695688597,52.91719891317356
1786,10.8,1.8912851674377071,5.627881146930481,5.17211885306952,47.88998938027333
5456,22.0,3.1939132643939856,23.38366069631239,1.3836606963123899,6.289366801419955
4338,6.0,1.8494652503936908,5.356419520771764,0.6435804792282358,10.726341320470596
6336,19.592,3.1524768937799013,22.393937176699477,2.8019371766994787,14.30143516077725
1558,2.8,1.464181599105286,3.324003023896731,0.5240030238967313,18.714393710597545
2249,26.49,2.8656914688517543,16.561192024579643,9.928807975420355,37.481343810571374
5044,36.0,3.111476966691998,21.45418400354651,14.545815996453491,40.40504443459303
3786,8.5,2.585318574990323,12.267515115278774,3.7675151152787745,44.32370723857382
4233,12.8,2.7953613855413844,15.36854303921201,2.5685430392120097,20.066742493843826
4561,13.0,2.3464941854189707,9.448873623943987,3.551126376056013,27.316356738892406
3733,3.5,1.6569882413553922,4.243494898407687,0.743494898407687,21.24271138307677
5661,63.05,4.418637981506129,81.98318372165868,18.93318372165868,30.02884016123502
5664,70.99,4.308696859417715,73.34354569729814,2.353545697298145,3.315320041270806
6291,8.89,2.315916952529115,9.13421125024947,0.2442112502494691,2.7470331861582573
6970,20.49,3.3349997019382203,27.078374854709423,6.588374854709425,32.15409885168094
4693,29.5,2.8046595265221828,15.521449832869472,13.978550167130528,47.38491582078145
3164,1.0,0.986867155498991,1.6828164462999884,0.6828164462999884,68.28164462999884
2112,5.4,1.7342492985364402,4.6646737283759565,0.7353262716240438,13.617153178223033
705,7.2,2.1077906422583195,7.230038084983796,0.03003808498379623,0.41719562477494765
2943,26.5,2.8805481339555343,16.82404046428075,9.675959535719251,36.51305485177076
6952,20.99,2.728106768892894,14.303885782923855,6.686114217076144,31.853807608747708
57,3.8,1.845637621249463,5.332136007949443,1.5321360079494433,40.31936863024851
4881,9.8,2.3645829415271127,9.639600556506934,0.16039944349306623,1.6367290152353695
5640,17.2,3.2431154356371046,24.613394457189372,7.413394457189373,43.1011305650545
527,4.5,2.1594023001405165,7.665956469255706,3.165956469255706,70.35458820568236
1935,3.8,1.6135336311697714,4.020520588271366,0.22052058827136634,5.803173375562272
5058,1.95,1.4781737184183548,3.384930246580403,1.434930246580403,73.58616649130272
565,4.0,1.919542839635752,5.817840910098952,1.817840910098952,45.4460227524738
1871,4.9,1.8524813569198657,5.3756201001123225,0.47562010011232214,9.706532655353513
6095,18.85,3.1132846854090515,21.494811562781788,2.6448115627817863,14.030830571786664
640,5.5,1.5905121726700857,3.906261137796272,1.593738862203728,28.977070221885963
5282,5.0,1.6655280511415018,4.288465092606933,0.7115349073930668,14.230698147861338
1747,41.0,3.2891720666144075,25.82064875041287,15.179351249587128,37.02280792582226
730,6.5,2.18555132576637,7.895551548448152,1.395551548448152,21.47002382227926
