sample_id,y_true_price,raw_prediction,y_pred_price,absolute_error,absolute_percentage_error
3909,5.5,4.516477028707761,4.516477028707761,0.9835229712922393,17.882235841677076
6004,37.499,28.511378646791798,28.511378646791798,8.987621353208205,23.967629412006197
1768,27.49,20.724605571312964,20.724605571312964,6.765394428687035,24.61038351650431
3360,7.8,8.255129079679307,8.255129079679307,0.45512907967930705,5.834988201016757
4700,12.99,12.006754707692371,12.006754707692371,0.9832452923076289,7.569247823769276
865,3.5,3.29744237602992,3.29744237602992,0.20255762397008015,5.787360684859433
7074,52.5,35.373296527427264,35.373296527427264,17.126703472572736,32.622292328709975
2233,26.0,31.901291270403938,31.901291270403938,5.901291270403938,22.697274116938225
1720,22.0,10.455933673998004,10.455933673998004,11.544066326001996,52.47302875455453
1662,4.7,8.081599174560044,8.081599174560044,3.3815991745600433,71.94891860766049
1566,11.49,16.89508755797024,16.89508755797024,5.405087557970239,47.04166717119442
5141,3.2,5.7156951944539065,5.7156951944539065,2.5156951944539063,78.61547482668458
7264,63.86,53.22475578834603,53.22475578834603,10.63524421165397,16.653999705064155
5464,127.0,108.53117704399192,108.53117704399192,18.468822956008083,14.542380280321323
6348,31.79,30.585360332534957,30.585360332534957,1.2046396674650417,3.789366679663547
6283,17.99,34.523743451042414,34.523743451042414,16.533743451042415,91.90518872174773
6419,30.9,29.68111162835056,29.68111162835056,1.218888371649438,3.944622561972292
763,7.9,11.029400318254025,11.029400318254025,3.1294003182540244,39.612662256380055
3297,4.8,5.803135716892636,5.803135716892636,1.0031357168926363,20.89866076859659
2654,3.59,2.4391069264690746,2.4391069264690746,1.1508930735309253,32.058302883869786
2189,3.1399,7.277704758906727,7.277704758906727,4.137804758906727,131.78141848169454
3945,1.9,2.5160129374009816,2.5160129374009816,0.6160129374009817,32.4217335474201
6006,20.04,23.067730559791517,23.067730559791517,3.027730559791518,15.108435927103384
1197,19.8,12.203988004907853,12.203988004907853,7.596011995092148,38.36369694490983
429,7.5,6.255562201450526,6.255562201450526,1.2444377985494741,16.592503980659654
4271,5.7,5.5724282253075454,5.5724282253075454,0.12757177469245473,2.2381013103939424
3905,5.1,7.643134499258433,7.643134499258433,2.543134499258433,49.86538233840065
2316,2.7,6.105426969805647,6.105426969805647,3.4054269698056467,126.12692480761653
4584,13.5,10.595673586865589,10.595673586865589,2.9043264131344113,21.513528986180823
7086,51.49,58.10726599054596,58.10726599054596,6.61726599054596,12.851555623511283
1992,16.5,15.095636461136824,15.095636461136824,1.4043635388631763,8.511294174928342
7240,13.1,15.950513092888556,15.950513092888556,2.8505130928885567,21.759641930447
554,7.2,9.980127827666754,9.980127827666754,2.780127827666754,38.61288649537158
1905,11.999,12.70863858185994,12.70863858185994,0.7096385818599398,5.914147694474037
2034,14.5,13.041297645124178,13.041297645124178,1.4587023548758218,10.06001624052291
1215,6.2,6.813488667333163,6.813488667333163,0.6134886673331632,9.8949785053736
1615,7.0,7.466126071044434,7.466126071044434,0.4661260710444344,6.6589438720633485
1002,3.2,3.3113626367731075,3.3113626367731075,0.11136263677310732,3.4800823991596035
2388,9.95,5.524120817436996,5.524120817436996,4.425879182563003,44.48119781470355
6001,38.9,32.28427266718694,32.28427266718694,6.615727332813059,17.00701113833691
1533,4.95,4.303714664646883,4.303714664646883,0.6462853353531175,13.05626940107308
5326,26.5,28.847646201412292,28.847646201412292,2.3476462014122923,8.859042269480348
2764,22.5,19.037054755591033,19.037054755591033,3.4629452444089672,15.390867752928743
6702,12.99,12.965985714722592,12.965985714722592,0.02401428527740812,0.18486747711630577
496,10.89,13.126077504635731,13.126077504635731,2.2360775046357304,20.533310419060886
2691,29.5,32.11692083500174,32.11692083500174,2.6169208350017428,8.87091808475167
7213,26.25,36.66445993059729,36.66445993059729,10.414459930597289,39.674133068942055
5400,13.99,16.385059057295095,16.385059057295095,2.3950590572950947,17.11979311862112
5931,44.99,38.493634126940655,38.493634126940655,6.4963658730593465,14.43957740177672
828,4.8,3.273904883714273,3.273904883714273,1.526095116285727,31.79364825595265
3552,1.55,6.690126564473197,6.690126564473197,5.1401265644731975,331.62106867569014
61,6.9,9.18758393427705,9.18758393427705,2.28758393427705,33.1533903518413
1429,10.0,14.324283905910999,14.324283905910999,4.324283905910999,43.24283905910999
2970,3.2,3.564316040827449,3.564316040827449,0.3643160408274486,11.384876275857769
3955,29.9,33.24427644981777,33.24427644981777,3.3442764498177695,11.184871069624648
4121,14.5,13.5391652885546,13.5391652885546,0.9608347114454006,6.626446285830348
3550,16.4,16.20356356893272,16.20356356893272,0.19643643106727993,1.197783116263902
5189,4.6,3.0689545361337927,3.0689545361337927,1.531045463866207,33.28359704056972
465,5.95,6.961221025520963,6.961221025520963,1.011221025520963,16.995311353293495
5636,7.5,16.077122150421882,16.077122150421882,8.577122150421882,114.36162867229176
6951,12.9,16.983757362825216,16.983757362825216,4.0837573628252155,31.657033820350506
4230,8.2,5.121782245902974,5.121782245902974,3.0782177540970252,37.539240903622265
6145,42.45,60.7604731646825,60.7604731646825,18.3104731646825,43.13421240207891
1902,8.9,7.284241542638546,7.284241542638546,1.615758457361454,18.154589408555662
185,4.7,4.303714664646883,4.303714664646883,0.3962853353531175,8.431602879853562
2662,4.8,7.598576091448108,7.598576091448108,2.7985760914481084,58.3036685718356
932,2.0,3.4085661390366657,3.4085661390366657,1.4085661390366657,70.42830695183329
6485,20.95,26.404792947533803,26.404792947533803,5.454792947533804,26.03719784025682
5510,12.99,29.255527373080586,29.255527373080586,16.265527373080587,125.21576114765655
1487,18.99,9.18758393427705,9.18758393427705,9.802416065722948,51.618831309757496
1084,17.0,13.505112619164546,13.505112619164546,3.494887380835454,20.558161063737966
7123,11.999,12.504434665052623,12.504434665052623,0.505434665052622,4.212306567652488
5735,99.69,75.9029478987345,75.9029478987345,23.787052101265502,23.861021267193802
2939,12.5,12.280170585056027,12.280170585056027,0.21982941494397323,1.7586353195517859
1940,7.5,7.930383992751331,7.930383992751331,0.4303839927513309,5.738453236684412
5481,17.86,17.38143051254046,17.38143051254046,0.47856948745953787,2.6795604001093944
3268,2.2,2.5586480778042273,2.5586480778042273,0.35864807780422714,16.302185354737595
1703,22.5,27.0525691100523,27.0525691100523,4.5525691100523,20.23364048912133
6381,19.8,21.14792740364438,21.14792740364438,1.3479274036443805,6.807714159820103
3244,1.5,3.366020737688973,3.366020737688973,1.8660207376889728,124.40138251259818
4438,1.5,1.6906936552892002,1.6906936552892002,0.19069365528920024,12.71291035261335
5549,17.5,16.50891457247626,16.50891457247626,0.9910854275237391,5.663345300135652
4063,8.0,7.049104889724235,7.049104889724235,0.9508951102757646,11.886188878447058
5269,5.299999,5.491181239802317,5.491181239802317,0.19118223980231708,3.6072127523480115
7091,24.299,29.75375348173459,29.75375348173459,5.454753481734592,22.448468997631966
2718,22.0,15.305971732097282,15.305971732097282,6.694028267902718,30.42740121773963
1740,7.8,9.714993791076887,9.714993791076887,1.9149937910768875,24.551202449703684
5023,17.5,15.784764300818367,15.784764300818367,1.7152356991816333,9.801346852466477
3994,7.0,8.325496588126942,8.325496588126942,1.325496588126942,18.935665544670602
101,12.6,11.277035181044422,11.277035181044422,1.3229648189555778,10.49972078536173
4505,15.0,18.054422004414604,18.054422004414604,3.0544220044146044,20.36281336276403
736,8.2,10.03963894160281,10.03963894160281,1.8396389416028107,22.434621239058668
7111,48.49,57.67496899605125,57.67496899605125,9.184968996051246,18.941985968346557
538,25.5,21.9980392825264,21.9980392825264,3.501960717473601,13.7331792842102
4520,9.0,7.079160023303001,7.079160023303001,1.9208399766969988,21.34266640774443
5153,8.5,11.876431075652766,11.876431075652766,3.376431075652766,39.72271853709137
733,10.8,13.719544850895483,13.719544850895483,2.919544850895482,27.03282269347669
5218,4.4,7.35049393595205,7.35049393595205,2.95049393595205,67.05668036254659
79,3.7,3.067348279435064,3.067348279435064,0.6326517205649362,17.09869515040368
5808,17.79,17.511980200821725,17.511980200821725,0.27801979917827424,1.5627869543466795
3113,5.5,5.5724282253075454,5.5724282253075454,0.07242822530754545,1.3168768237735535
5278,5.3,4.062369820070853,4.062369820070853,1.2376301799291465,23.35151282885182
3082,5.9,6.340966405866067,6.340966405866067,0.4409664058660665,7.474006879085872
4939,11.5,11.447962116581673,11.447962116581673,0.05203788341832727,0.45250333407241106
132,8.9,5.537577864114449,5.537577864114449,3.3624221358855513,37.78002399871406
737,12.2,9.044177035925513,9.044177035925513,3.1558229640744866,25.867401344872842
1041,9.0,9.031503330029347,9.031503330029347,0.0315033300293468,0.35003700032607554
2095,13.5,15.642392967400804,15.642392967400804,2.142392967400804,15.869577536302252
7199,21.99,23.66926018747269,23.66926018747269,1.6792601874726927,7.636471975773955
6848,42.499,38.6006232264987,38.6006232264987,3.8983767735013046,9.172867063933985
1634,9.3,15.095636461136824,15.095636461136824,5.795636461136823,62.31867162512712
6425,20.34,17.50903516100036,17.50903516100036,2.830964838999641,13.91821454768752
5527,23.9,27.827818253826443,27.827818253826443,3.9278182538264446,16.43438599927383
6243,47.499,32.5970505010453,32.5970505010453,14.9019494989547,31.373185749078296
6607,41.0,46.37106571448568,46.37106571448568,5.371065714485681,13.10016027923337
3308,17.2,18.64732850477089,18.64732850477089,1.4473285047708906,8.414700609133085
4726,5.0,8.431136300035956,8.431136300035956,3.4311363000359556,68.62272600071911
5241,1.8,2.9712497025139846,2.9712497025139846,1.1712497025139845,65.06942791744358
5112,14.499,9.56759986765756,9.56759986765756,4.931400132342441,34.01200174041272
2647,7.5,7.029955982167423,7.029955982167423,0.4700440178325769,6.267253571101025
3139,6.2,5.852566950394802,5.852566950394802,0.34743304960519783,5.603758864599965
5239,6.6,6.270430680621537,6.270430680621537,0.32956931937846257,4.993474536037311
319,9.0,8.058233798446567,8.058233798446567,0.9417662015534329,10.464068906149254
5857,4.845,10.532502599977022,10.532502599977022,5.687502599977022,117.38911455060934
6898,38.8,43.310469050889175,43.310469050889175,4.510469050889178,11.624920234250459
842,7.5,6.588428169914309,6.588428169914309,0.9115718300856912,12.154291067809215
1894,5.5,4.652095057969913,4.652095057969913,0.8479049420300866,15.416453491456119
177,7.5,11.2584539478908,11.2584539478908,3.7584539478908,50.11271930521066
5163,3.8,2.632261650128847,2.632261650128847,1.1677383498711529,30.729956575556656
4671,7.3,5.543266909331388,5.543266909331388,1.7567330906686118,24.064836858474134
3832,22.9,14.656964274592253,14.656964274592253,8.243035725407745,35.99578919392029
3961,3.95,4.053748553678007,4.053748553678007,0.10374855367800695,2.626545662734353
1509,4.0,0.6397690228834682,0.6397690228834682,3.3602309771165317,84.0057744279133
6654,19.49,21.190450893647462,21.190450893647462,1.7004508936474636,8.724735216251737
2177,11.4,8.368610633187739,8.368610633187739,3.0313893668122613,26.59113479659878
3671,1.4,2.2865492395276115,2.2865492395276115,0.8865492395276116,63.324945680543685
1755,6.9,5.161368179795789,5.161368179795789,1.738631820204211,25.197562611655233
2245,4.0,5.546762452610375,5.546762452610375,1.5467624526103751,38.66906131525938
3193,4.799,5.803135716892636,5.803135716892636,1.0041357168926357,20.923853238021163
1038,13.5,11.514277774375483,11.514277774375483,1.9857222256245173,14.709053523144572
6559,8.1,3.264938872444984,3.264938872444984,4.835061127555015,59.69211268586439
3450,7.29,7.1715959771557545,7.1715959771557545,0.11840402284424556,1.6241978442283342
5444,41.29,39.94623874990148,39.94623874990148,1.3437612500985168,3.2544472029511184
3433,17.49,14.429992971821974,14.429992971821974,3.060007028178024,17.495752019314033
3002,15.9,13.84807553793685,13.84807553793685,2.05192446206315,12.905185295994654
2516,1.5,1.44180587757076,1.44180587757076,0.058194122429239936,3.8796081619493292
3698,5.35,4.554647561737732,4.554647561737732,0.7953524382622676,14.866400715182573
2045,4.99,5.14432869793057,5.14432869793057,0.1543286979305698,3.092759477566529
4239,9.49,6.624747668022925,6.624747668022925,2.865252331977075,30.192332265301108
4710,4.99,6.643668464791543,6.643668464791543,1.6536684647915427,33.13964859301689
1728,31.5,29.662441918563093,29.662441918563093,1.8375580814369066,5.833517718847323
3319,9.19,11.525178607338571,11.525178607338571,2.3351786073385714,25.409995727296753
5372,2.899,4.302717167386323,4.302717167386323,1.403717167386323,48.420737060583754
2771,27.5,23.619335128404593,23.619335128404593,3.880664871595407,14.1115086239833
4552,1.5,2.867798698325939,2.867798698325939,1.367798698325939,91.18657988839593
3379,5.0,10.694036390871718,10.694036390871718,5.694036390871718,113.88072781743435
3857,6.7,7.481100636778308,7.481100636778308,0.7811006367783078,11.658218459377727
5435,23.49,32.034026262769856,32.034026262769856,8.544026262769858,36.37303645283039
4104,3.2,3.2971261844498665,3.2971261844498665,0.09712618444986632,3.0351932640583223
6784,28.799,17.621600695904053,17.621600695904053,11.177399304095946,38.811761880954016
2412,21.49,16.992267971321592,16.992267971321592,4.497732028678406,20.929418467558897
6248,27.89,30.372170708118556,30.372170708118556,2.482170708118556,8.89985911838851
3045,11.5,12.671565807581667,12.671565807581667,1.1715658075816666,10.18752876157971
1918,14.9,12.8676761362318,12.8676761362318,2.0323238637682,13.639757474954362
3824,4.0,5.689030511095634,5.689030511095634,1.689030511095634,42.225762777390855
1550,13.5,11.586443131081944,11.586443131081944,1.9135568689180555,14.174495325318931
1934,7.9,7.550118440952429,7.550118440952429,0.3498815590475717,4.428880494273059
7148,19.199,13.334928646936124,13.334928646936124,5.864071353063878,30.5436291112239
3370,8.99,9.061331654951958,9.061331654951958,0.07133165495195826,0.7934555612008706
2481,10.7,11.512275214527419,11.512275214527419,0.8122752145274195,7.591357145116071
6017,21.999,14.740538564818278,14.740538564818278,7.2584614351817205,32.994506273838454
5643,21.1,22.27445339749988,22.27445339749988,1.174453397499878,5.566129845970986
3889,2.9,5.674975169623506,5.674975169623506,2.7749751696235063,95.68879895253471
3664,26.0,23.13859803253036,23.13859803253036,2.8614019674696394,11.005392182575537
1600,14.8,15.095636461136824,15.095636461136824,0.29563646113682296,1.9975436563298847
2275,23.49,18.0836080239542,18.0836080239542,5.4063919760458,23.015717224545764
4024,8.2,6.153902631437483,6.153902631437483,2.046097368562516,24.952406933689222
2312,8.0,7.545268891022036,7.545268891022036,0.4547311089779642,5.684138862224552
3935,6.9,6.356016247162871,6.356016247162871,0.5439837528371294,7.883822504885933
4352,1.0,5.64553760822644,5.64553760822644,4.64553760822644,464.553760822644
1672,1.3,5.651536442769711,5.651536442769711,4.351536442769711,334.733572520747
3792,15.9,15.533723264563987,15.533723264563987,0.36627673543601347,2.3036272668931663
1034,4.6,5.546762452610375,5.546762452610375,0.9467624526103755,20.58179244805164
3439,10.5,10.049910944547168,10.049910944547168,0.45008905545283184,4.2865624328841125
3221,8.9,10.246379677066697,10.246379677066697,1.3463796770666967,15.127861540075244
2955,5.5,4.823270461104081,4.823270461104081,0.6767295388959189,12.304173434471254
4490,2.0,1.6805266273787383,1.6805266273787383,0.31947337262126174,15.973668631063088
7244,46.49,36.49425320995887,36.49425320995887,9.995746790041132,21.500853495463822
6285,16.09,17.569553241891843,17.569553241891843,1.4795532418918427,9.1954831689984
2268,16.49,20.812288461725906,20.812288461725906,4.322288461725908,26.21157344891394
1699,2.6,1.866585028744059,1.866585028744059,0.733414971255941,28.208268125228496
3519,10.5,10.786979792011545,10.786979792011545,0.2869797920115449,2.7331408763004275
87,8.5,11.396346924388455,11.396346924388455,2.896346924388455,34.07466969868771
7113,22.59,23.680102597328396,23.680102597328396,1.0901025973283964,4.825598040409015
676,5.3,5.865878581804259,5.865878581804259,0.5658785818042595,10.676954373665275
4407,24.99,18.906144327584556,18.906144327584556,6.083855672415442,24.345160753963356
3317,4.9,5.803135716892636,5.803135716892636,0.9031357168926357,18.431341161074197
6902,67.0,65.57725949962465,65.57725949962465,1.4227405003753546,2.12349328414232
2569,4.1,5.256635885494941,5.256635885494941,1.156635885494941,28.21063135353515
393,2.999,3.2606988788190048,3.2606988788190048,0.26169887881900467,8.726204695532
1149,5.6,4.92528533029953,4.92528533029953,0.67471466970047,12.04847624465125
1168,5.9,6.788956673765933,6.788956673765933,0.8889566737659322,15.067062267219189
2208,3.4,2.706082975543847,2.706082975543847,0.693917024456153,20.409324248710384
230,18.5,31.112893701184305,31.112893701184305,12.612893701184305,68.17780379018544
2802,4.999999,5.803135716892636,5.803135716892636,0.8031367168926362,16.062737550400236
1543,4.4,4.865625028058275,4.865625028058275,0.465625028058275,10.582387001324431
2345,28.5,24.614783773127332,24.614783773127332,3.885216226872668,13.632337638149714
3599,6.0,5.469636711322624,5.469636711322624,0.5303632886773757,8.839388144622928
2892,2.2,3.2590961854072362,3.2590961854072362,1.059096185407236,48.140735700328904
4691,25.9,28.468234464306406,28.468234464306406,2.568234464306407,9.915963182650222
2942,16.0,18.833880006783883,18.833880006783883,2.8338800067838825,17.711750042399267
5121,24.49,17.590495048939378,17.590495048939378,6.899504951060621,28.17274377729939
7189,54.99,51.636165797926786,51.636165797926786,3.353834202073216,6.098989274546673
970,3.2,1.2941034962536813,1.2941034962536813,1.905896503746319,59.55926574207246
3718,5.6,4.872316717340234,4.872316717340234,0.7276832826597657,12.994344333210103
5329,7.0,6.825959448040641,6.825959448040641,0.17404055195935886,2.486293599419412
169,10.5,11.4923448095843,11.4923448095843,0.9923448095842993,9.450902948421898
1056,9.0,5.529992660625161,5.529992660625161,3.470007339374839,38.55563710416488
5968,24.1145,22.73469200897311,22.73469200897311,1.3798079910268903,5.721901723141223
251,3.7,4.441241764439596,4.441241764439596,0.7412417644395957,20.033561201070153
5889,51.0,29.961212931594027,29.961212931594027,21.038787068405973,41.252523663541126
2705,10.5,6.782138233502311,6.782138233502311,3.7178617664976894,35.408207299977995
1729,4.3,4.543989452028325,4.543989452028325,0.243989452028325,5.674173302984302
2533,8.6,6.1534625575785284,6.1534625575785284,2.446537442421471,28.4481097955985
95,7.5,2.055827174738407,2.055827174738407,5.444172825261592,72.5889710034879
5646,17.5,24.588439023379006,24.588439023379006,7.088439023379006,40.505365847880036
5174,23.49,12.494056181021495,12.494056181021495,10.995943818978503,46.81116994030866
3692,2.8,4.185070013694646,4.185070013694646,1.385070013694646,49.46678620338022
1172,6.69,7.643134499258433,7.643134499258433,0.9531344992584323,14.247152455282993
1383,11.9,16.578383896909145,16.578383896909145,4.6783838969091445,39.31415039419449
5263,7.2,10.05306493453722,10.05306493453722,2.85306493453722,39.6259018685725
711,13.7,15.095636461136824,15.095636461136824,1.3956364611368244,10.187127453553463
2354,7.9,8.647990404900714,8.647990404900714,0.7479904049007136,9.468232973426753
2215,7.0,9.044177035925513,9.044177035925513,2.0441770359255127,29.20252908465018
3779,7.49,8.719255191366639,8.719255191366639,1.2292551913666383,16.411951820649374
5242,5.5,10.827879430208467,10.827879430208467,5.327879430208467,96.8705350946994
69,5.5,5.286919988311197,5.286919988311197,0.21308001168880342,3.874182030705517
263,6.5,9.076395936958619,9.076395936958619,2.576395936958619,39.63686056859414
408,16.0,10.213315558504705,10.213315558504705,5.786684441495295,36.16677775934559
7137,54.99,45.383152727754236,45.383152727754236,9.606847272245766,17.470171435253256
6024,24.39,19.93934078643463,19.93934078643463,4.45065921356537,18.24788525447056
3217,1.79,4.460238033702408,4.460238033702408,2.6702380337024083,149.17530914538594
5196,11.6,12.469834252944693,12.469834252944693,0.8698342529446936,7.498571146074945
37,13.8,16.992267971321592,16.992267971321592,3.1922679713215913,23.132376603779647
3504,6.99,7.582316648243821,7.582316648243821,0.5923166482438207,8.473771791757091
1862,31.0,18.066735741292586,18.066735741292586,12.933264258707414,41.72020728615295
4602,13.3,11.586443131081944,11.586443131081944,1.7135568689180563,12.883886232466587
6222,20.66,27.076921735377002,27.076921735377002,6.416921735377002,31.05964053909488
6474,9.29,11.88841600491371,11.88841600491371,2.5984160049137106,27.97003234568042
2333,28.5,35.4513464015905,35.4513464015905,6.951346401590499,24.390689128387717
1575,6.8,10.595673586865589,10.595673586865589,3.795673586865589,55.81872921861161
6763,35.89,51.794495272218754,51.794495272218754,15.904495272218753,44.31455913128658
5733,20.0,29.664194681361174,29.664194681361174,9.664194681361174,48.32097340680587
3295,11.0,11.329963015998526,11.329963015998526,0.3299630159985263,2.9996637818047844
3985,19.5,14.231846558453768,14.231846558453768,5.268153441546232,27.016171495108882
5958,89.09,104.93320184440235,104.93320184440235,15.843201844402344,17.783367206647597
3641,13.8,11.16372963886339,11.16372963886339,2.63627036113661,19.103408414033403
1163,5.39,5.803135716892636,5.803135716892636,0.4131357168926364,7.664855600976557
3781,8.5,11.354846133899304,11.354846133899304,2.8548461338993043,33.586425104697696
1554,23.99,21.373435391774397,21.373435391774397,2.6165646082256018,10.906897074721142
19,10.0,5.111487201566806,5.111487201566806,4.888512798433194,48.88512798433194
3257,7.1,11.788073238987051,11.788073238987051,4.688073238987052,66.02920054911341
3279,6.699999,8.058233798446567,8.058233798446567,1.358234798446567,20.27216419654043
982,1.7,2.5997018472240003,2.5997018472240003,0.8997018472240004,52.923638072000024
6602,12.15,16.438975062012535,16.438975062012535,4.288975062012534,35.3002062717081
239,4.8,4.5363422405057365,4.5363422405057365,0.2636577594942633,5.492869989463819
7053,20.99,23.062779828956735,23.062779828956735,2.0727798289567367,9.875082558155011
2509,22.05,19.148736093886647,19.148736093886647,2.9012639061133534,13.157659438155797
3800,7.3,4.175238482537468,4.175238482537468,3.124761517462532,42.804952294007286
6775,25.99,47.28534868584428,47.28534868584428,21.295348685844285,81.93670136915847
1322,2.5,3.0636703159611556,3.0636703159611556,0.5636703159611556,22.546812638446223
3842,10.9,17.305142797939794,17.305142797939794,6.405142797939794,58.7627779627504
3166,10.9,8.095075502865383,8.095075502865383,2.8049244971346177,25.73325226729007
4381,12.0,11.590992045335101,11.590992045335101,0.40900795466489903,3.408399622207492
5635,15.999,29.868906700703743,29.868906700703743,13.869906700703742,86.69233515034527
5514,28.49,37.02391703434745,37.02391703434745,8.53391703434745,29.954078744638295
1965,4.5,5.576524431079872,5.576524431079872,1.0765244310798723,23.922765135108275
2486,4.686,9.043763457880729,9.043763457880729,4.357763457880729,92.99537895605484
4706,3.0,5.215659756524117,5.215659756524117,2.2156597565241167,73.85532521747055
2676,6.2,4.201222781259135,4.201222781259135,1.998777218740865,32.23834223775589
1726,6.799999,9.114920281421606,9.114920281421606,2.314921281421606,34.04296502722436
332,4.0,2.4400166186917356,2.4400166186917356,1.5599833813082644,38.99958453270661
4728,4.99,5.803135716892636,5.803135716892636,0.8131357168926359,16.295304947748214
3544,4.75,9.8246953573564,9.8246953573564,5.074695357356401,106.83569173381898
6459,13.19,13.303475097109429,13.303475097109429,0.11347509710942916,0.8603115777818738
1562,25.0,27.29011470822643,27.29011470822643,2.2901147082264295,9.160458832905718
3989,4.5,4.140866918987842,4.140866918987842,0.3591330810121578,7.980735133603506
1320,29.5,31.349718412420717,31.349718412420717,1.8497184124207173,6.270231906510906
6674,35.99,39.72491380554496,39.72491380554496,3.734913805544956,10.377643249638666
2036,10.799,12.102019008486307,12.102019008486307,1.3030190084863076,12.066108051544658
3774,5.5,5.313414735785229,5.313414735785229,0.18658526421477095,3.3924593493594717
3121,8.2,7.800735982980701,7.800735982980701,0.3992640170192985,4.869073378284129
2650,3.6,3.8267118808561733,3.8267118808561733,0.22671188085617322,6.297552246004812
4595,3.95,5.030500362015721,5.030500362015721,1.0805003620157212,27.354439544701805
2471,3.55,2.177743443714049,2.177743443714049,1.3722565562859508,38.65511426157608
4397,10.8,6.379964664710297,6.379964664710297,4.420035335289704,40.9262531045343
6418,5.8,5.243232600166261,5.243232600166261,0.5567673998337392,9.599437928167918
1888,13.8,24.67236049150539,24.67236049150539,10.87236049150539,78.7852209529376
5537,25.99,16.992515530798862,16.992515530798862,8.997484469201137,34.61902450635297
7214,57.99,56.01902240223477,56.01902240223477,1.9709775977652342,3.3988232415334267
2519,29.5,32.70632631153127,32.70632631153127,3.206326311531271,10.86890275095346
1142,13.89,13.242348273987254,13.242348273987254,0.6476517260127466,4.662719409738996
308,11.3,6.483035586416484,6.483035586416484,4.816964413583516,42.62800366003112
5255,1.99,2.8107009602834796,2.8107009602834796,0.8207009602834796,41.24125428560199
381,4.5,6.938025985729348,6.938025985729348,2.4380259857293476,54.178355238429944
4118,7.5,6.581432970433831,6.581432970433831,0.9185670295661694,12.247560394215592
3617,7.2,6.624747668022925,6.624747668022925,0.575252331977075,7.98961572190382
1400,9.8,5.891718071658476,5.891718071658476,3.908281928341525,39.88042784021964
7075,23.5,18.785942418833322,18.785942418833322,4.714057581166678,20.059819494326288
6806,14.4,13.477124508342651,13.477124508342651,0.922875491657349,6.408857580953812
2465,4.3,3.5678980309931583,3.5678980309931583,0.7321019690068415,17.025627186205618
994,10.5,11.624931176334325,11.624931176334325,1.124931176334325,10.713630250803096
683,4.7,6.867276199218936,6.867276199218936,2.1672761992189358,46.1122595578497
3428,7.9,8.190890719856446,8.190890719856446,0.29089071985644566,3.6821610108410843
2906,11.9,9.507315208802815,9.507315208802815,2.392684791197185,20.106594884009958
2984,12.8,12.49036929652865,12.49036929652865,0.3096307034713508,2.418989870869928
457,2.7,4.7005900658166535,4.7005900658166535,2.0005900658166533,74.09592836357974
4028,4.8,4.2188878683765,4.2188878683765,0.5811121316234997,12.106502742156245
3622,3.8,6.610891683713631,6.610891683713631,2.8108916837136313,73.97083378193767
756,2.95,2.245556414952517,2.245556414952517,0.7044435850474833,23.879443560931634
5845,21.99,23.3626754316145,23.3626754316145,1.3726754316145033,6.2422711760550404
4100,1.5,2.397050361891243,2.397050361891243,0.8970503618912429,59.8033574594162
1046,11.89,8.681300145889805,8.681300145889805,3.208699854110195,26.98654208671316
1024,4.49,3.352647388372001,3.352647388372001,1.1373526116279993,25.330793132026706
2344,13.4,12.235681264423805,12.235681264423805,1.1643187355761953,8.688945787882053
2997,3.2,7.808415788729411,7.808415788729411,4.608415788729411,144.01299339779408
4591,3.55,5.814790782660808,5.814790782660808,2.264790782660808,63.79692345523402
4974,26.9,20.93426144662453,20.93426144662453,5.96573855337547,22.17746674117275
1515,28.2,28.864902351257086,28.864902351257086,0.6649023512570871,2.3578097562308056
5186,24.19,16.940576959016486,16.940576959016486,7.249423040983515,29.968677308737146
1737,4.3,6.209326751948475,6.209326751948475,1.9093267519484751,44.40294771973198
6156,22.85,23.913502769456187,23.913502769456187,1.0635027694561856,4.654279078582869
1869,5.6,5.66931126393034,5.66931126393034,0.0693112639303406,1.237701141613225
6526,22.99,25.193694375119595,25.193694375119595,2.2036943751195963,9.585447477684195
1042,3.5,0.8839861025910407,0.8839861025910407,2.6160138974089593,74.74325421168456
3442,6.5,3.6260961003528593,3.6260961003528593,2.8739038996471407,44.21390614841755
50,7.5,7.7368339553011385,7.7368339553011385,0.2368339553011385,3.1577860706818464
786,6.5,6.9780305031614525,6.9780305031614525,0.47803050316145246,7.354315433253114
245,18.5,31.230165658795592,31.230165658795592,12.730165658795592,68.81170626375996
5303,4.25,9.859917133910997,9.859917133910997,5.609917133910997,131.99805020967054
3076,14.0,10.57655624200678,10.57655624200678,3.423443757993221,24.453169699951577
5462,37.19,16.546109465084697,16.546109465084697,20.6438905349153,55.50925123666389
7234,54.95,36.3919682866609,36.3919682866609,18.558031713339105,33.77257818624041
625,7.5,9.068384671941836,9.068384671941836,1.5683846719418355,20.91179562589114
6414,26.59,16.47010821571129,16.47010821571129,10.119891784288711,38.05901385591844
2272,5.7,5.95517028270653,5.95517028270653,0.25517028270652986,4.476671626430348
4812,12.99,14.489182933801318,14.489182933801318,1.4991829338013183,11.541054147816153
7182,57.28,41.03816321621483,41.03816321621483,16.241836783785168,28.35516198286517
4894,6.9,6.825959448040641,6.825959448040641,0.07404055195935921,1.0730514776718725
6403,5.3,6.295543783097724,6.295543783097724,0.9955437830977241,18.783844964108003
1025,12.5,9.043763457880729,9.043763457880729,3.456236542119271,27.649892336954167
5457,53.99,34.38742260697733,34.38742260697733,19.60257739302267,36.307792911692296
2926,7.5,9.697441671427152,9.697441671427152,2.1974416714271516,29.299222285695354
321,31.8,35.5470416798437,35.5470416798437,3.7470416798437007,11.78314993661541
3326,17.0,22.457838477922397,22.457838477922397,5.457838477922397,32.10493222307292
3105,11.9,14.858188385011072,14.858188385011072,2.9581883850110717,24.85872592446279
1893,4.5,2.9499853730317804,2.9499853730317804,1.5500146269682196,34.44476948818266
4920,6.8,6.475363554233548,6.475363554233548,0.3246364457664521,4.774065378918413
2138,11.49,11.66103627070121,11.66103627070121,0.17103627070120986,1.4885663246406429
5476,40.49,29.8155789180846,29.8155789180846,10.674421081915401,26.36310467254977
3475,1.55,2.276267146098615,2.276267146098615,0.7262671460986148,46.85594490958805
4098,11.0,12.189325084440192,12.189325084440192,1.189325084440192,10.812046222183563
7001,45.499,39.28804014100355,39.28804014100355,6.210959858996453,13.6507612452943
5321,14.799,16.925630533200025,16.925630533200025,2.126630533200025,14.37009617676887
5339,2.7,1.8420834025419546,1.8420834025419546,0.8579165974580456,31.774688794742428
4296,24.5,24.241299931634828,24.241299931634828,0.25870006836517234,1.0559186463884584
3767,5.9,6.588428169914309,6.588428169914309,0.6884281699143084,11.66827406634421
2126,16.3,19.68614903431994,19.68614903431994,3.3861490343199385,20.77392045595054
4279,5.9,3.6876414334550534,3.6876414334550534,2.212358566544947,37.49760282279571
233,3.8,5.529992660625161,5.529992660625161,1.729992660625161,45.52612264803055
65,15.0,12.64912521933121,12.64912521933121,2.3508747806687893,15.67249853779193
5856,20.709,31.610159845307233,31.610159845307233,10.901159845307234,52.63972111307758
1595,14.5,16.7258702180652,16.7258702180652,2.2258702180652,15.350829090104828
5133,9.8,14.231846558453768,14.231846558453768,4.431846558453767,45.22292406585476
2656,20.9,22.024051234364748,22.024051234364748,1.1240512343647495,5.378235571123204
3218,32.99,37.97870050332063,37.97870050332063,4.988700503320629,15.12185663328472
509,5.0,6.297640190061632,6.297640190061632,1.2976401900616317,25.952803801232633
6253,15.5,18.837168125375843,18.837168125375843,3.337168125375843,21.530116937908666
6481,18.99,25.800329335136013,25.800329335136013,6.810329335136014,35.86271371846242
576,26.7,15.06005269916911,15.06005269916911,11.639947300830888,43.59530824281232
217,4.999999,3.85613031197495,3.85613031197495,1.1438686880250497,22.877378335976662
5697,15.59,22.62653389450577,22.62653389450577,7.036533894505769,45.134919143718854
7082,11.9,9.080115293498624,9.080115293498624,2.8198847065013766,23.69651013866703
3757,4.0,5.431152042913411,5.431152042913411,1.4311520429134106,35.778801072835265
3954,9.2,14.57949031613927,14.57949031613927,5.37949031613927,58.47272082760077
6731,24.5,28.342039879526,28.342039879526,3.8420398795259985,15.681795426636727
6889,39.9,31.365871943927097,31.365871943927097,8.534128056072902,21.388792120483462
2115,10.5,6.7024603068861195,6.7024603068861195,3.7975396931138805,36.16704469632267
3467,2.0,3.975567670383809,3.975567670383809,1.9755676703838092,98.77838351919046
4871,17.5,15.350039421214982,15.350039421214982,2.1499605787850182,12.285489021628676
6130,20.5,25.71656922304663,25.71656922304663,5.21656922304663,25.44667913681283
3478,9.0,9.043763457880729,9.043763457880729,0.043763457880729106,0.4862606431192123
4487,4.499999,5.285017329624438,5.285017329624438,0.785018329624438,17.444855646066543
3933,29.99,23.31624768031972,23.31624768031972,6.673752319680279,22.253258818540445
3347,7.6,5.689030511095634,5.689030511095634,1.9109694889043656,25.144335380320598
1261,6.5,5.430217025812514,5.430217025812514,1.0697829741874862,16.458199602884406
4382,9.5,17.68832524118638,17.68832524118638,8.18832524118638,86.1928972756461
3163,9.65,10.472225210476914,10.472225210476914,0.8222252104769137,8.520468502351436
1412,4.0,2.7421180889693133,2.7421180889693133,1.2578819110306867,31.447047775767167
1281,14.0,7.489883895914239,7.489883895914239,6.510116104085761,46.5008293148983
4588,6.0,8.097342067710178,8.097342067710178,2.097342067710178,34.955701128502966
2917,6.2,5.394273037850131,5.394273037850131,0.805726962149869,12.995596163707566
1565,13.6,22.61313778010925,22.61313778010925,9.013137780109249,66.273071912568
6580,22.562,14.10164186313941,14.10164186313941,8.460358136860592,37.49826317197319
4002,7.6,5.940817327363074,5.940817327363074,1.6591826726369252,21.831350955749016
6500,7.899,11.667445711816319,11.667445711816319,3.7684457118163186,47.70788342595669
6365,25.4,34.313483180333776,34.313483180333776,8.913483180333778,35.09245346588102
6900,21.699,20.448514585780952,20.448514585780952,1.2504854142190496,5.762871165579287
3007,5.0,8.113882071812537,8.113882071812537,3.1138820718125366,62.27764143625073
1315,9.2,11.132782427530858,11.132782427530858,1.9327824275308583,21.008504647074545
3885,2.3,3.67977441084582,3.67977441084582,1.3797744108458203,59.99019177590523
3745,12.4,11.512275214527419,11.512275214527419,0.8877247854725816,7.159070850585334
6498,18.006229,43.22534639717317,43.22534639717317,25.219117397173168,140.05774000304655
1702,40.99,26.27401963479351,26.27401963479351,14.71598036520649,35.901391474033886
1839,6.2,8.996827367676435,8.996827367676435,2.7968273676764346,45.11011883349088
503,10.5,4.966776726940262,4.966776726940262,5.533223273059738,52.69736450533083
7023,38.9,57.70495627283827,57.70495627283827,18.804956272838268,48.341789904468556
5818,9.79,12.750014917436916,12.750014917436916,2.960014917436917,30.235085979948078
4694,11.0,4.643904888276517,4.643904888276517,6.356095111723483,57.78268283384984
1721,36.0,43.35894044246445,43.35894044246445,7.358940442464451,20.44150122906792
7187,50.999,76.94121130241022,76.94121130241022,25.94221130241022,50.86807839842001
4618,14.99,13.242348273987254,13.242348273987254,1.7476517260127462,11.658784029437934
1803,18.8,20.93426144662453,20.93426144662453,2.134261446624528,11.352454503321956
1385,4.2,4.008427412878236,4.008427412878236,0.1915725871217644,4.561252074327723
1373,1.2,2.2923887994567766,2.2923887994567766,1.0923887994567767,91.03239995473139
5834,26.9,22.56964842149301,22.56964842149301,4.330351578506988,16.097961258390292
5654,44.99,65.89455770885318,65.89455770885318,20.904557708853183,46.46489821927802
5670,16.0,22.064131781321382,22.064131781321382,6.064131781321382,37.90082363325864
856,6.9,7.090752892563871,7.090752892563871,0.19075289256387062,2.7645346748387043
2458,13.899999,9.044177035925513,9.044177035925513,4.855821964074487,34.93397347780016
2726,7.8,11.13739394451384,11.13739394451384,3.337393944513841,42.78710185274155
5886,37.99,33.34275452924049,33.34275452924049,4.647245470759515,12.232812505289587
4252,24.79,22.024051234364748,22.024051234364748,2.765948765635251,11.157518215551638
3269,8.1,5.860504231345326,5.860504231345326,2.239495768654674,27.64809590931696
2505,6.0,7.5520748452830375,7.5520748452830375,1.5520748452830375,25.867914088050625
318,1.7,2.7935722478482754,2.7935722478482754,1.0935722478482754,64.32777928519268
6053,30.49,40.603108888433106,40.603108888433106,10.113108888433107,33.16860901421157
176,4.7,5.430217025812514,5.430217025812514,0.7302170258125136,15.536532464096034
5683,80.49,56.0887310200877,56.0887310200877,24.401268979912295,30.315901329248724
4967,2.0,3.1935436592933977,3.1935436592933977,1.1935436592933977,59.67718296466988
3100,2.6,7.202070400087934,7.202070400087934,4.602070400087934,177.00270769568976
2840,1.85,3.9573083614214095,3.9573083614214095,2.1073083614214094,113.90856007683294
6504,14.2,17.268263786539585,17.268263786539585,3.0682637865395854,21.607491454504125
3043,2.7,4.094790165310269,4.094790165310269,1.394790165310269,51.658895011491445
3169,12.5,9.427834700820467,9.427834700820467,3.0721652991795327,24.577322393436262
468,4.6,5.35901712045392,5.35901712045392,0.7590171204539207,16.500372183780883
472,28.5,23.759918229527617,23.759918229527617,4.740081770472383,16.631865861306604
91,7.9,4.565590332059765,4.565590332059765,3.3344096679402355,42.207717315699185
4304,2.7,5.044661543829591,5.044661543829591,2.3446615438295906,86.83931643813297
4149,5.8,9.85700020292394,9.85700020292394,4.05700020292394,69.9482793607576
1047,5.6,6.4158085689496165,6.4158085689496165,0.8158085689496168,14.568010159814587
6571,129.29,115.96928624733224,115.96928624733224,13.320713752667757,10.302972969810316
6768,9.49,10.044987516711661,10.044987516711661,0.5549875167116607,5.848129786213494
435,5.5,7.6542953222472665,7.6542953222472665,2.1542953222472665,39.169005859041214
6016,151.89,133.8938774209376,133.8938774209376,17.996122579062387,11.848128631945743
1335,20.49,15.942361156152128,15.942361156152128,4.547638843847871,22.194430667876382
1352,8.9,9.004559420120138,9.004559420120138,0.10455942012013786,1.1748249451700883
4074,2.55,4.682051803519504,4.682051803519504,2.132051803519504,83.60987464782369
4868,5.9,6.420033131337145,6.420033131337145,0.5200331313371445,8.814120870121092
6046,25.09,24.748304785339407,24.748304785339407,0.34169521466059294,1.3618780974914027
5546,18.99,17.451381630931625,17.451381630931625,1.5386183690683737,8.102255761286855
4207,8.8,8.599366310118423,8.599366310118423,0.20063368988157748,2.2799282941088346
3758,11.5,15.567350354739258,15.567350354739258,4.067350354739258,35.36826395425442
106,7.7,6.426393792254679,6.426393792254679,1.2736062077453214,16.540340360328848
5694,19.0,23.967157250669285,23.967157250669285,4.967157250669285,26.142932898259392
5676,26.99,24.93391200540953,24.93391200540953,2.05608799459047,7.617962188182551
4791,4.1,4.259184410837845,4.259184410837845,0.1591844108378453,3.882546605801105
5900,27.9,14.892909612755764,14.892909612755764,13.007090387244235,46.620395653205144
5313,12.9,15.313411049695436,15.313411049695436,2.4134110496954353,18.708612788336705
3333,10.99,10.417396187114228,10.417396187114228,0.572603812885772,5.2102257769406
4086,15.0,15.642392967400804,15.642392967400804,0.642392967400804,4.282619782672026
1617,12.99,12.228276914746772,12.228276914746772,0.7617230852532284,5.863919055067194
2252,4.0,1.813651853389521,1.813651853389521,2.186348146610479,54.658703665261974
4860,7.8,9.808892909421722,9.808892909421722,2.0088929094217223,25.755037300278495
5584,9.299,10.094390725881786,10.094390725881786,0.795390725881786,8.553508182404409
3494,15.9,16.373082761802042,16.373082761802042,0.4730827618020417,2.975363281773847
1498,6.666,5.162628382049734,5.162628382049734,1.5033716179502665,22.552829552209218
996,6.5,8.681300145889805,8.681300145889805,2.1813001458898054,33.558463782920086
5912,15.3205,12.532290843224544,12.532290843224544,2.788209156775455,18.199204704647077
6638,87.999,103.94292042604253,103.94292042604253,15.943920426042538,18.11829728297201
41,18.0,9.612086564458297,9.612086564458297,8.387913435541703,46.599519086342795
5253,17.2,15.037102298404578,15.037102298404578,2.162897701595421,12.57498663718268
5689,13.69,9.729903890462511,9.729903890462511,3.9600961095374885,28.926925562728183
3282,3.7,9.132391674462962,9.132391674462962,5.432391674462962,146.82139660710706
1539,7.3,4.03856643085452,4.03856643085452,3.2614335691454794,44.67717218007506
1805,8.9,10.10616325140774,10.10616325140774,1.2061632514077392,13.552396083233024
1144,2.9,10.18259069199267,10.18259069199267,7.28259069199267,251.1238169652645
6198,34.79,36.76459099082498,36.76459099082498,1.9745909908249786,5.6757430032336265
2615,6.5,6.535734977207404,6.535734977207404,0.035734977207403595,0.5497688801139015
2114,14.99,14.469661937626242,14.469661937626242,0.5203380623737583,3.4712345722065265
5792,10.89,11.23943842306768,11.23943842306768,0.3494384230676797,3.2088009464433394
4546,11.0,15.045444974921736,15.045444974921736,4.045444974921736,36.776772499288505
3172,1.0,6.750448737822021,6.750448737822021,5.750448737822021,575.0448737822021
167,9.2,20.724605571312964,20.724605571312964,11.524605571312964,125.26745186209745
2337,11.3,10.704806648568244,10.704806648568244,0.5951933514317567,5.267197800281032
6928,39.18,28.511378646791798,28.511378646791798,10.668621353208202,27.22976353549822
3964,5.4,3.1804978022634827,3.1804978022634827,2.2195021977365177,41.10189255067625
2445,25.0,26.44021773184774,26.44021773184774,1.4402177318477385,5.760870927390954
7257,17.99,19.397717222045387,19.397717222045387,1.4077172220453882,7.824998454949352
3341,1.9,2.5216073609536953,2.5216073609536953,0.6216073609536954,32.71617689229976
4103,1.3,0.18580209206363252,0.18580209206363252,1.1141979079363675,85.70753137972058
3017,18.5,14.858188385011072,14.858188385011072,3.641811614988928,19.68546818912934
6151,13.09,15.043304121661578,15.043304121661578,1.9533041216615779,14.922109409179358
4958,8.99,10.820968782611741,10.820968782611741,1.8309687826117411,20.366727281554407
6935,25.4,38.885795666862165,38.885795666862165,13.485795666862167,53.09368372780381
789,3.6,5.807412721245102,5.807412721245102,2.207412721245102,61.317020034586164
4617,19.2,15.831144186029377,15.831144186029377,3.3688558139706224,17.546124031096994
1097,3.5,3.5395946124498745,3.5395946124498745,0.0395946124498745,1.1312746414249857
3206,15.3,13.971759723248585,13.971759723248585,1.3282402767514156,8.681308998375266
6535,19.99,21.096657112602802,21.096657112602802,1.1066571126028037,5.536053589808923
6251,31.49,28.969848155633187,28.969848155633187,2.5201518443668114,8.003022687732015
544,4.0,3.842579294426643,3.842579294426643,0.1574207055733572,3.9355176393339297
6770,19.299,21.524002942822953,21.524002942822953,2.225002942822954,11.52911002032724
5924,14.25,14.625349721848684,14.625349721848684,0.37534972184868387,2.634033135780238
4838,2.4,4.080885428906282,4.080885428906282,1.6808854289062825,70.0368928710951
6194,19.59,18.458607315398964,18.458607315398964,1.1313926846010354,5.775358267488695
6068,7.39,6.19203087869853,6.19203087869853,1.1979691213014698,16.210678231413667
4229,16.7,19.540514529680383,19.540514529680383,2.8405145296803838,17.0090690400023
877,9.5,5.088312365608354,5.088312365608354,4.411687634391646,46.438817204122586
3908,9.7,7.4542843267828935,7.4542843267828935,2.2457156732171057,23.15170797131037
3914,12.8,9.816427354704356,9.816427354704356,2.983572645295645,23.309161291372227
5397,10.9,9.667863146223139,9.667863146223139,1.2321368537768613,11.304007832815241
1078,8.2,5.5724282253075454,5.5724282253075454,2.627571774692454,32.04355822795676
5983,42.7,72.27932708604015,72.27932708604015,29.579327086040152,69.27242877292775
4990,10.5,7.898546540579502,7.898546540579502,2.6014534594204983,24.775747232576176
511,13.0,8.615638075191072,8.615638075191072,4.384361924808928,33.72586096006868
2375,4.4,3.6677306643750742,3.6677306643750742,0.7322693356249261,16.6424849005665
2877,15.6,20.93426144662453,20.93426144662453,5.334261446624529,34.19398363220852
2069,1.5,2.96722258492203,2.96722258492203,1.46722258492203,97.814838994802
4851,3.5,2.469815344390427,2.469815344390427,1.030184655609573,29.433847303130662
3262,11.0,7.8948219659807215,7.8948219659807215,3.1051780340192785,28.228891218357077
4934,10.89,18.434343010267867,18.434343010267867,7.544343010267866,69.27771359290969
1302,8.9,11.047293222527792,11.047293222527792,2.147293222527791,24.1268901407617
6045,47.89,52.59794114319049,52.59794114319049,4.707941143190489,9.830739492984941
4394,2.5,9.630790856287081,9.630790856287081,7.130790856287081,285.23163425148323
3689,16.3,17.56040408049991,17.56040408049991,1.2604040804999102,7.732540371165092
3159,8.5,7.320710928562863,7.320710928562863,1.179289071437137,13.873989075731021
858,7.99,8.602955450335086,8.602955450335086,0.612955450335086,7.671532544869662
4678,19.9,20.826506042595817,20.826506042595817,0.9265060425958183,4.655809259275469
7140,24.85,33.66556467966532,33.66556467966532,8.815564679665322,35.475109374910744
7028,12.5,17.52613261387731,17.52613261387731,5.026132613877309,40.20906091101847
7112,25.99,27.94771061122644,27.94771061122644,1.9577106112264424,7.532553332922057
4357,9.9,14.858188385011072,14.858188385011072,4.958188385011072,50.08271095970779
2890,7.9,9.087244495289646,9.087244495289646,1.1872444952896455,15.028411332780323
4794,8.8,10.082585897006837,10.082585897006837,1.282585897006836,14.574839738714044
2024,12.0,15.095636461136824,15.095636461136824,3.0956364611368237,25.79697050947353
4194,16.5,14.962402835559946,14.962402835559946,1.5375971644400543,9.318770693576086
4921,4.5,3.3884350150782083,3.3884350150782083,1.1115649849217917,24.70144410937315
5356,9.5,8.224664728114908,8.224664728114908,1.2753352718850923,13.42458180931676
743,5.3,6.046814397393406,6.046814397393406,0.7468143973934058,14.090837686668035
2499,1.15,2.254483223660743,2.254483223660743,1.104483223660743,96.04201944876026
4241,9.3,11.544107322743978,11.544107322743978,2.244107322743977,24.130186266064264
179,25.99,23.50506517597101,23.50506517597101,2.48493482402899,9.561118984336245
3613,8.5,6.426393792254679,6.426393792254679,2.0736062077453212,24.395367149944956
3693,20.0,17.049058380263695,17.049058380263695,2.950941619736305,14.754708098681526
3771,7.0,9.534741053773528,9.534741053773528,2.534741053773528,36.21058648247897
6566,35.55,44.28147548362254,44.28147548362254,8.731475483622546,24.561112471512086
31,11.0,7.545268891022036,7.545268891022036,3.454731108977964,31.40664644525422
5151,6.8,6.594074278769697,6.594074278769697,0.20592572123030273,3.0283194298573934
2484,3.2,6.137906231611124,6.137906231611124,2.937906231611124,91.80956973784762
168,11.5,9.355233119992235,9.355233119992235,2.144766880007765,18.65014678267622
3248,2.8,2.814029270408939,2.814029270408939,0.014029270408939087,0.5010453717478246
642,5.0,7.112912248313896,7.112912248313896,2.1129122483138962,42.25824496627793
1483,14.9,12.043803105212994,12.043803105212994,2.856196894787006,19.16910667642286
1790,6.0,6.046814397393406,6.046814397393406,0.04681439739340565,0.7802399565567608
5035,8.0,6.687738107880143,6.687738107880143,1.3122618921198574,16.403273651498218
3982,3.0,8.342053161552096,8.342053161552096,5.342053161552096,178.0684387184032
7092,62.49,59.63059894182024,59.63059894182024,2.8594010581797633,4.575773816898325
6492,22.89,28.848442057627963,28.848442057627963,5.958442057627963,26.03076477775431
6912,19.899,15.702603006985802,15.702603006985802,4.196396993014199,21.08848179815166
6178,24.5,29.08670160443673,29.08670160443673,4.58670160443673,18.721231038517264
6644,18.15,18.229592575679213,18.229592575679213,0.0795925756792144,0.43852658776426673
2758,9.5,6.825959448040641,6.825959448040641,2.674040551959359,28.147795283782724
3412,12.6,11.921028554176967,11.921028554176967,0.6789714458230325,5.388662268436766
6122,20.7,21.74561398631127,21.74561398631127,1.0456139863112703,5.051275296189712
800,2.5,4.851126970142392,4.851126970142392,2.351126970142392,94.04507880569568
1954,10.5,9.576827451033902,9.576827451033902,0.9231725489660985,8.792119513962843
7248,48.99,33.730555415843696,33.730555415843696,15.259444584156306,31.148080392235773
5306,4.0,3.2606988788190048,3.2606988788190048,0.7393011211809952,18.48252802952488
6637,15.69,15.23438073343305,15.23438073343305,0.4556192665669503,2.9038831521156805
2119,20.5,19.975824603707913,19.975824603707913,0.5241753962920868,2.5569531526443257
5309,3.5,4.128224968897256,4.128224968897256,0.6282249688972561,17.94928482563589
5660,25.49,32.592528415128754,32.592528415128754,7.102528415128756,27.863979659194804
5679,19.5,19.397717222045387,19.397717222045387,0.10228277795461338,0.5245270664339148
1406,8.7,7.435820510262944,7.435820510262944,1.2641794897370549,14.530798732609826
1501,9.8,8.255129079679307,8.255129079679307,1.5448709203206938,15.763988982864221
1074,5.3,4.412818366377938,4.412818366377938,0.8871816336220615,16.73927610607663
500,13.6,14.72044987779125,14.72044987779125,1.1204498777912502,8.238602042582723
437,17.5,14.231846558453768,14.231846558453768,3.2681534415462323,18.675162523121326
5437,9.5,11.688383405715463,11.688383405715463,2.188383405715463,23.035614797004875
4113,8.9,6.588428169914309,6.588428169914309,2.3115718300856916,25.97271719197406
3386,3.6,3.717893530138099,3.717893530138099,0.11789353013809878,3.274820281613855
6683,22.99,19.185970734640048,19.185970734640048,3.804029265359951,16.546451784949763
80,16.9,12.949920913169338,12.949920913169338,3.9500790868306606,23.37324903450095
1608,19.99,15.300037905665054,15.300037905665054,4.689962094334945,23.461541242295876
960,5.0,8.74356912942389,8.74356912942389,3.7435691294238893,74.87138258847779
3114,22.5,27.29972928163387,27.29972928163387,4.799729281633869,21.332130140594973
5198,3.8,5.430217025812514,5.430217025812514,1.630217025812514,42.900448047697736
4628,13.0,20.724605571312964,20.724605571312964,7.7246055713129635,59.420042856253566
1632,12.19,12.469834252944693,12.469834252944693,0.2798342529446938,2.2956050282583575
3305,4.8,2.4808974979123524,2.4808974979123524,2.3191025020876475,48.31463546015932
5935,21.3,18.446898882058964,18.446898882058964,2.853101117941037,13.394840929300644
5419,9.5,9.391275631672743,9.391275631672743,0.10872436832725718,1.1444670350237598
2477,3.0,1.943637905939101,1.943637905939101,1.056362094060899,35.21206980202997
5506,16.45,16.62913284936539,16.62913284936539,0.17913284936539142,1.0889534915829266
6399,22.45,13.552078439525026,13.552078439525026,8.897921560474973,39.63439447873039
5517,51.999,38.61114640482199,38.61114640482199,13.387853595178015,25.74636742086966
534,6.9,9.15331858342308,9.15331858342308,2.253318583423079,32.65679106410259
5701,26.69,24.985666310348027,24.985666310348027,1.7043336896519747,6.385663880299643
2794,20.3,17.06977577743859,17.06977577743859,3.230224222561411,15.912434593898576
585,4.5,3.1820447454812024,3.1820447454812024,1.3179552545187976,29.28789454486217
6722,50.9,54.2141568536495,54.2141568536495,3.3141568536495,6.511113661393909
4970,25.0,21.406078302369735,21.406078302369735,3.5939216976302646,14.375686790521058
1451,2.75,4.617334822377187,4.617334822377187,1.8673348223771873,67.90308445007955
6275,25.49,21.09355458582331,21.09355458582331,4.396445414176689,17.247726222741033
1410,30.5,22.317664992915105,22.317664992915105,8.182335007084895,26.82732789208162
5684,20.59,45.41032180067701,45.41032180067701,24.82032180067701,120.54551627332206
4536,10.0,10.472225210476914,10.472225210476914,0.472225210476914,4.72225210476914
866,15.0,9.697441671427152,9.697441671427152,5.302558328572848,35.35038885715232
4638,2.0,1.8598817516699995,1.8598817516699995,0.14011824833000053,7.005912416500026
6358,54.8,45.377490096458764,45.377490096458764,9.422509903541233,17.194361137848965
4679,3.95,9.541557730363131,9.541557730363131,5.591557730363131,141.55842355349697
742,7.1,6.209326751948475,6.209326751948475,0.8906732480515247,12.544693634528517
1544,6.9,5.913815568613637,5.913815568613637,0.9861844313863637,14.292527991106718
5509,53.29,43.00733514816123,43.00733514816123,10.282664851838767,19.29567433259292
2706,18.9,11.23180040845162,11.23180040845162,7.668199591548378,40.57248461136708
3734,7.89,5.092023845467022,5.092023845467022,2.7979761545329778,35.46230867595663
2589,8.2,9.043763457880729,9.043763457880729,0.8437634578807298,10.28979826683817
5283,2.5,2.226342357631115,2.226342357631115,0.2736576423688848,10.946305694755392
6816,50.709,39.24331827213926,39.24331827213926,11.46568172786074,22.61074311830393
5944,15.9,16.804543505537847,16.804543505537847,0.9045435055378466,5.688952865017903
4253,3.7,2.6037451624367987,2.6037451624367987,1.0962548375632015,29.62850912332977
748,16.5,18.028959687967173,18.028959687967173,1.5289596879671734,9.266422351316203
4055,5.79,9.061331654951958,9.061331654951958,3.2713316549519584,56.49968315979203
401,5.3,5.546762452610375,5.546762452610375,0.24676245261037533,4.655895332271233
3749,20.8,19.037054755591033,19.037054755591033,1.762945244408968,8.47569829042773
157,7.5,9.93697529674565,9.93697529674565,2.4369752967456506,32.493003956608675
5434,98.19,104.48384136261234,104.48384136261234,6.293841362612341,6.40985982545304
6483,29.5,24.67924510546212,24.67924510546212,4.820754894537881,16.34154201538265
5749,14.3,13.980908365569684,13.980908365569684,0.3190916344303165,2.2314100309812344
4528,12.0,17.305142797939794,17.305142797939794,5.305142797939794,44.20952331616495
1820,8.9,6.1534625575785284,6.1534625575785284,2.746537442421472,30.859971263162606
2922,9.0,9.6276891125289,9.6276891125289,0.6276891125289001,6.974323472543335
2864,15.3,7.482876139905853,7.482876139905853,7.8171238600941475,51.09231281107286
3362,3.3,2.6384017378209506,2.6384017378209506,0.6615982621790493,20.048432187243918
5281,1.6,2.780968406893827,2.780968406893827,1.180968406893827,73.81052543086419
3803,1.4,2.711850091956743,2.711850091956743,1.3118500919567433,93.70357799691024
4237,5.4,7.9165025184890485,7.9165025184890485,2.516502518489048,46.60189849053793
7295,47.59,45.8964526118712,45.8964526118712,1.6935473881288061,3.558620273437289
2666,4.8,3.818700767872552,3.818700767872552,0.9812992321274479,20.443734002655166
1782,13.0,5.9653915215069215,5.9653915215069215,7.0346084784930785,54.11237291148522
5910,45.3565,41.67734459433693,41.67734459433693,3.6791554056630673,8.111638697128456
2415,8.0,10.022299924177963,10.022299924177963,2.022299924177963,25.278749052224537
535,11.9,10.324690536111738,10.324690536111738,1.5753094638882619,13.237894654523208
5978,119.9,106.53980698519872,106.53980698519872,13.360193014801283,11.14277982885845
2406,1.5,2.2444226368104543,2.2444226368104543,0.7444226368104543,49.628175787363624
3098,5.8,5.742411877367169,5.742411877367169,0.057588122632830974,0.9928986660832927
5359,8.0,10.885768772349243,10.885768772349243,2.885768772349243,36.07210965436553
5154,8.4,7.617384205096777,7.617384205096777,0.7826157949032231,9.316854701228845
1966,8.9,6.714841405710198,6.714841405710198,2.1851585942898026,24.5523437560652
5416,10.5,11.132782427530858,11.132782427530858,0.6327824275308576,6.026499309817692
1176,7.86,14.40921159792261,14.40921159792261,6.54921159792261,83.32330277255228
5902,21.5,22.867133775334047,22.867133775334047,1.3671337753340467,6.358761745739752
1760,2.8,2.572458768473652,2.572458768473652,0.22754123152634786,8.126472554512425
997,5.2,6.8723619052456515,6.8723619052456515,1.6723619052456513,32.160805870108675
473,6.2,5.937054783621034,5.937054783621034,0.2629452163789665,4.241051877080105
2266,2.1,1.1834885628939626,1.1834885628939626,0.9165114371060374,43.643401766954156
4205,15.7,15.561429199854269,15.561429199854269,0.13857080014573064,0.8826165614377749
1882,5.2,7.018970915305311,7.018970915305311,1.8189709153053109,34.980209909717516
4222,18.9,10.230494295479488,10.230494295479488,8.66950570452051,45.87040055301858
2578,10.8,9.568221793056644,9.568221793056644,1.231778206943357,11.405353767994045
3783,2.6,3.587993427240968,3.587993427240968,0.9879934272409678,37.99974720157569
469,14.9,13.77296492984474,13.77296492984474,1.1270350701552605,7.563993759431279
5097,14.9,12.458033817330914,12.458033817330914,2.441966182669086,16.389034783014
7040,17.29,18.757470530962234,18.757470530962234,1.4674705309622347,8.487394626733574
4712,10.0,14.601603407264566,14.601603407264566,4.601603407264566,46.01603407264566
3997,7.0,8.053978322487538,8.053978322487538,1.0539783224875379,15.056833178393397
247,6.5,3.123185300970388,3.123185300970388,3.376814699029612,51.95099536968634
3780,17.9,10.853988745899997,10.853988745899997,7.0460112541000015,39.363191363687164
2182,9.9,17.52769285232169,17.52769285232169,7.6276928523216885,77.04740254870393
3395,6.5,11.22351857427805,11.22351857427805,4.723518574278049,72.6695165273546
7097,83.99,69.34209031142218,69.34209031142218,14.647909688577812,17.44006392258342
811,4.0,2.1401245100306996,2.1401245100306996,1.8598754899693004,46.49688724923251
6502,26.8,26.37900197359079,26.37900197359079,0.4209980264092117,1.5708881582433272
1419,7.4,8.681300145889805,8.681300145889805,1.281300145889805,17.314866836348717
6733,13.9,16.065103600618468,16.065103600618468,2.165103600618467,15.576284896535736
3625,3.9,3.4331905269831715,3.4331905269831715,0.4668094730168284,11.969473667098164
228,9.0,7.858128049351086,7.858128049351086,1.1418719506489143,12.68746611832127
7107,45.5,49.660422854548294,49.660422854548294,4.160422854548294,9.143786493512735
17,18.0,24.614783773127332,24.614783773127332,6.614783773127332,36.74879873959629
1407,10.6,10.885768772349243,10.885768772349243,0.28576877234924325,2.6959318146155025
7070,59.99,69.78532361396618,69.78532361396618,9.795323613966183,16.3282607333992
2392,13.5,14.64198888436213,14.64198888436213,1.1419888843621298,8.459176921200962
6272,47.9,41.239885816385,41.239885816385,6.660114183615001,13.904204976231735
5439,109.0,129.40597364221105,129.40597364221105,20.405973642211052,18.72107673597344
6745,45.49,41.03075632159134,41.03075632159134,4.4592436784086615,9.802689994303499
5879,10.99,19.721459706332016,19.721459706332016,8.731459706332016,79.44913290565984
2440,3.9,5.369373849056239,5.369373849056239,1.4693738490562391,37.67625253990357
5831,17.9,13.384625710093433,13.384625710093433,4.515374289906566,25.22555469221545
5853,13.5,9.299010019478812,9.299010019478812,4.200989980521188,31.118444300156945
4844,9.0,8.693363992318957,8.693363992318957,0.3066360076810426,3.4070667520115845
6915,25.49,44.6380228635986,44.6380228635986,19.1480228635986,75.11974446292116
6092,21.69,24.550698599567863,24.550698599567863,2.8606985995678613,13.189020744895624
5461,23.2,20.77752685878958,20.77752685878958,2.4224731412104177,10.441694574182835
2585,5.7,6.730400745951855,6.730400745951855,1.0304007459518552,18.077206069330792
543,9.9,5.913815568613637,5.913815568613637,3.9861844313863637,40.264489205922864
6112,17.0,24.899743015407182,24.899743015407182,7.899743015407182,46.46907656121872
3794,16.5,9.586769699257763,9.586769699257763,6.913230300742237,41.89836545904386
4119,7.799999,5.664712062781514,5.664712062781514,2.1352869372184857,27.375477063759696
3153,12.0,6.8891574444890775,6.8891574444890775,5.1108425555109225,42.59035462925769
1535,10.499,12.057987722697662,12.057987722697662,1.5589877226976618,14.8489163034352
1832,14.5,25.2866840397717,25.2866840397717,10.7866840397717,74.39092441221862
6746,33.79,36.159442330286716,36.159442330286716,2.3694423302867165,7.012259041984955
3590,8.99,9.044177035925513,9.044177035925513,0.054177035925512484,0.6026366621302834
3289,2.0,4.799334647789731,4.799334647789731,2.799334647789731,139.96673238948657
96,3.8,1.4588362331452644,1.4588362331452644,2.341163766854735,61.609572811966714
6679,62.99,57.838558006932175,57.838558006932175,5.151441993067827,8.178190177913681
2094,5.7,5.913815568613637,5.913815568613637,0.2138155686136365,3.7511503265550257
4773,8.0,7.9255743595801285,7.9255743595801285,0.07442564041987154,0.9303205052483943
2927,9.5,8.086243758931005,8.086243758931005,1.4137562410689952,14.88164464283153
7038,44.5,28.93246123574022,28.93246123574022,15.56753876425978,34.98323317811187
156,12.99,12.196373695067411,12.196373695067411,0.7936263049325891,6.109517358988368
1022,6.4,6.85664147265306,6.85664147265306,0.4566414726530592,7.13502301020405
5447,24.49,27.901051292793166,27.901051292793166,3.411051292793168,13.92834337604397
4966,5.8,6.127223396832356,6.127223396832356,0.32722339683235635,5.641782704006144
6458,49.5,60.98912962460836,60.98912962460836,11.48912962460836,23.210362877996687
2716,12.5,11.004427606814689,11.004427606814689,1.495572393185311,11.964579145482489
1287,15.0,14.94795502225719,14.94795502225719,0.052044977742809806,0.3469665182853987
696,18.0,19.91680833057091,19.91680833057091,1.916808330570909,10.648935169838383
425,25.0,23.63182041439218,23.63182041439218,1.3681795856078196,5.472718342431278
6872,47.39,42.12914416177875,42.12914416177875,5.260855838221254,11.101194003421087
712,10.9,12.806703193951975,12.806703193951975,1.9067031939519747,17.49268985277041
4173,2.45,1.2900464170843942,1.2900464170843942,1.159953582915606,47.34504420063698
1811,16.0,13.96576526621257,13.96576526621257,2.0342347337874305,12.71396708617144
5096,18.7,23.060193314537436,23.060193314537436,4.360193314537437,23.31654178897025
6480,17.9,23.067730559791517,23.067730559791517,5.167730559791519,28.87000312732692
447,31.49,29.879140282683895,29.879140282683895,1.610859717316103,5.115464329362029
6748,15.899,14.52290465401572,14.52290465401572,1.3760953459842789,8.655232064810862
4080,5.99,7.5349732551701845,7.5349732551701845,1.5449732551701842,25.792541822540638
1009,5.3,2.850802878609578,2.850802878609578,2.449197121390422,46.21126644132872
592,1.5,3.2576757793649906,3.2576757793649906,1.7576757793649906,117.17838529099937
6096,29.85,28.426144923124195,28.426144923124195,1.4238550768758067,4.770033758377911
1242,8.5,6.824926500841099,6.824926500841099,1.6750734991589011,19.70674704892825
3058,8.4,9.087244495289646,9.087244495289646,0.6872444952896455,8.181482086781495
131,15.8,20.724605571312964,20.724605571312964,4.924605571312963,31.16838969185419
2404,4.5,5.446809045514473,5.446809045514473,0.9468090455144731,21.040201011432735
2306,8.95,9.666298188541436,9.666298188541436,0.7162981885414368,8.00333171554678
6277,62.5,76.67296810674068,76.67296810674068,14.172968106740683,22.676748970785095
7103,20.89,19.436004718849386,19.436004718849386,1.4539952811506147,6.96024548181242
624,8.5,5.186829048221,5.186829048221,3.313170951779,38.978481785635296
2986,6.0,7.6236188971262315,7.6236188971262315,1.6236188971262315,27.06031495210386
2127,8.3,7.823766007268675,7.823766007268675,0.4762339927313253,5.737758948570184
6539,43.9,39.48468634112692,39.48468634112692,4.415313658873082,10.05766209310497
4739,3.9,5.044661543829591,5.044661543829591,1.1446615438295908,29.35029599563054
3686,17.9,15.037102298404578,15.037102298404578,2.8628977015954202,15.993841908354304
3844,6.0,6.867276199218936,6.867276199218936,0.867276199218936,14.454603320315599
2815,9.9,8.67536430946826,8.67536430946826,1.2246356905317395,12.37005748011858
2579,3.999999,4.196416897592626,4.196416897592626,0.1964178975926263,4.910448667427824
1945,5.6,6.4996195373634125,6.4996195373634125,0.8996195373634128,16.064634595775228
2436,6.99,5.044661543829591,5.044661543829591,1.9453384561704095,27.830306955227602
93,6.5,6.70609121074045,6.70609121074045,0.20609121074044978,3.170634011391535
6701,35.19,27.834600927677986,27.834600927677986,7.355399072322012,20.901958148115977
1375,4.868,6.046814397393406,6.046814397393406,1.1788143973934053,24.215579239798792
3903,5.6,8.979669660273498,8.979669660273498,3.379669660273498,60.35124393345532
3477,13.5,8.75328496153263,8.75328496153263,4.74671503846737,35.160852136795334
6022,42.99,38.39860352673447,38.39860352673447,4.591396473265533,10.680149972704193
2223,8.8,5.546762452610375,5.546762452610375,3.2532375473896256,36.968608493063925
1087,13.9,14.941784893676115,14.941784893676115,1.0417848936761143,7.494855350187872
2531,2.5,5.498253888215905,5.498253888215905,2.9982538882159053,119.93015552863622
6729,78.99,65.88245163173801,65.88245163173801,13.107548368261988,16.593933875505744
6880,17.375,18.64422059771437,18.64422059771437,1.2692205977143693,7.304866749435219
764,1.8,2.3841429816871815,2.3841429816871815,0.5841429816871815,32.45238787151008
4669,6.5,5.062844973683103,5.062844973683103,1.4371550263168968,22.11007732795226
476,12.99,12.469834252944693,12.469834252944693,0.5201657470553069,4.004355250618221
5594,56.5,58.647623457368375,58.647623457368375,2.1476234573683755,3.801103464368806
2622,1.5,2.4088249361890655,2.4088249361890655,0.9088249361890655,60.588329079271034
5111,5.7,7.582316648243821,7.582316648243821,1.8823166482438207,33.023099091996855
6466,21.6,20.438403073087812,20.438403073087812,1.161596926912189,5.3777635505193935
4461,10.0,5.744601027843317,5.744601027843317,4.255398972156683,42.55398972156683
6338,13.5,14.199204126124569,14.199204126124569,0.6992041261245685,5.179289823144952
7034,23.29,20.04951934025512,20.04951934025512,3.240480659744879,13.913613824580844
2181,20.0,19.039978211796246,19.039978211796246,0.9600217882037541,4.80010894101877
6334,34.0,30.553762249179268,30.553762249179268,3.446237750820732,10.13599338476686
2620,10.0,7.413923731909465,7.413923731909465,2.586076268090535,25.860762680905346
5170,8.9,14.858188385011072,14.858188385011072,5.958188385011072,66.94593691023675
752,6.8,5.940817327363074,5.940817327363074,0.8591826726369254,12.635039303484197
2283,11.5,10.16468252317862,10.16468252317862,1.3353174768213805,11.611456320185917
2799,8.0,5.070335689064825,5.070335689064825,2.929664310935175,36.62080388668969
3049,14.9,21.374536262103845,21.374536262103845,6.474536262103845,43.45326350405265
351,3.5,6.76976238195563,6.76976238195563,3.26976238195563,93.42178234158942
487,1.8,2.861440912084513,2.861440912084513,1.0614409120845127,58.96893956025071
927,5.0,5.546762452610375,5.546762452610375,0.5467624526103751,10.935249052207503
3318,6.5,7.163622366312038,7.163622366312038,0.6636223663120377,10.209574866339043
1061,18.0,13.491524269231578,13.491524269231578,4.5084757307684225,25.047087393157902
6018,39.39,42.10141828709135,42.10141828709135,2.711418287091348,6.883519388401494
2191,3.5,5.5816558496358395,5.5816558496358395,2.0816558496358395,59.47588141816684
4608,2.1,4.863983177169428,4.863983177169428,2.7639831771694277,131.6182465318775
6128,27.9,18.096220911866556,18.096220911866556,9.803779088133442,35.1389931474317
561,12.99,12.26394999106748,12.26394999106748,0.7260500089325195,5.5892995298885255
3535,9.9,8.550577782735832,8.550577782735832,1.3494222172641681,13.630527447112808
5501,21.99,19.720254151875245,19.720254151875245,2.269745848124753,10.32171827250911
2966,9.5,10.187804065987294,10.187804065987294,0.6878040659872937,7.240042799866249
6026,37.49,45.88161948194525,45.88161948194525,8.391619481945249,22.383620917431976
334,13.5,15.082087914862075,15.082087914862075,1.5820879148620755,11.719169739719078
2225,6.8,5.348033573545105,5.348033573545105,1.451966426454895,21.352447447866105
4847,13.0,10.685997719886277,10.685997719886277,2.3140022801137228,17.80001753933633
5507,25.5,18.940461334196055,18.940461334196055,6.559538665803945,25.723681042368412
3213,12.5,5.735044180704278,5.735044180704278,6.764955819295722,54.11964655436577
1103,7.9,9.618587129324334,9.618587129324334,1.7185871293243338,21.754267459801692
2110,26.99,22.317664992915105,22.317664992915105,4.672335007084893,17.311356084049255
23,12.99,16.578383896909145,16.578383896909145,3.5883838969091446,27.624202439639294
4151,21.99,22.1666500286363,22.1666500286363,0.17665002863630264,0.803319820992736
1005,3.2,3.5550525559913475,3.5550525559913475,0.35505255599134733,11.095392374729604
1643,9.7,7.807364736688032,7.807364736688032,1.8926352633119672,19.511703745484198
2550,59.7,54.81991725955899,54.81991725955899,4.880082740441011,8.174342948812415
3038,8.69,6.610891683713631,6.610891683713631,2.0791083162863684,23.925297080395495
4030,1.7,4.760590228040013,4.760590228040013,3.060590228040013,180.03471929647137
3817,7.999,8.095075502865383,8.095075502865383,0.09607550286538302,1.2010939225576076
1671,14.9,16.079836026896686,16.079836026896686,1.1798360268966857,7.918362596622051
1372,14.3,12.806703193951975,12.806703193951975,1.4932968060480256,10.44263500732885
3203,30.99,32.11692083500174,32.11692083500174,1.1269208350017443,3.6364015327581294
445,6.9,7.939979892058367,7.939979892058367,1.0399798920583665,15.072172348671979
5433,62.99,45.47208610180064,45.47208610180064,17.51791389819936,27.8106269220501
7125,59.999,62.55657064182162,62.55657064182162,2.55757064182162,4.262688781182386
3399,22.5,21.65412465815007,21.65412465815007,0.8458753418499292,3.7594459637774627
3939,2.0,3.146326918741279,3.146326918741279,1.1463269187412788,57.31634593706394
5206,20.49,23.618672647008953,23.618672647008953,3.1286726470089548,15.269266212830429
6378,83.79,79.68494881233607,79.68494881233607,4.105051187663932,4.899213733934755
2592,16.99,12.469834252944693,12.469834252944693,4.520165747055305,26.604860194557418
3887,11.0,15.831144186029377,15.831144186029377,4.831144186029377,43.91949260026706
3518,1.2,3.258322216597486,3.258322216597486,2.058322216597486,171.52685138312384
4295,10.9,12.006754707692371,12.006754707692371,1.106754707692371,10.153712914608908
1128,10.8,5.313639433135321,5.313639433135321,5.48636056686468,50.799634878376665
2570,7.5,5.913815568613637,5.913815568613637,1.5861844313863633,21.14912575181818
5277,9.6,9.114920281421606,9.114920281421606,0.48507971857839394,5.052913735191604
1783,10.6,9.990388786065063,9.990388786065063,0.6096112139349366,5.75104918806544
2523,18.0,14.733195929993615,14.733195929993615,3.266804070006385,18.14891150003547
4248,5.15,2.643636756225417,2.643636756225417,2.5063632437745835,48.66724745193366
1844,6.49,5.802751145662866,5.802751145662866,0.6872488543371338,10.589350606119165
5291,7.9,6.511452185816407,6.511452185816407,1.3885478141835934,17.576554609918905
6129,24.49,26.360354317144164,26.360354317144164,1.870354317144166,7.63721648486797
6060,5.69,10.631089291020775,10.631089291020775,4.941089291020774,86.83812462250921
2515,6.699,7.320710928562863,7.320710928562863,0.6217109285628633,9.280652762544607
5040,17.5,14.858188385011072,14.858188385011072,2.641811614988928,15.096066371365302
6799,56.99,31.233055511930036,31.233055511930036,25.756944488069966,45.1955509529215
3554,3.5,4.201233258144041,4.201233258144041,0.7012332581440406,20.035235946972588
3878,4.2,13.20045666317586,13.20045666317586,9.00045666317586,214.29658721847287
5945,29.7,29.720296200602895,29.720296200602895,0.020296200602896164,0.06833737576732715
2264,14.5,14.099850312979507,14.099850312979507,0.4001496870204928,2.7596530139344333
2462,4.9,4.21557411106211,4.21557411106211,0.6844258889378905,13.967875284446743
1775,6.6,9.576827451033902,9.576827451033902,2.976827451033902,45.10344622778639
6861,28.05,22.036754823159747,22.036754823159747,6.013245176840254,21.437594213334236
378,7.8,8.681300145889805,8.681300145889805,0.8813001458898055,11.298719819100072
6853,9.999,13.57520479676798,13.57520479676798,3.57620479676798,35.76562453013281
4913,1.6,1.6394976110628252,1.6394976110628252,0.03949761106282512,2.46860069142657
5246,8.2,9.586769699257763,9.586769699257763,1.3867696992577638,16.91182560070444
199,1.5,1.5832002257114663,1.5832002257114663,0.08320022571146635,5.5466817140977565
2446,11.0,15.552706689503063,15.552706689503063,4.552706689503063,41.388242631846026
2957,3.8,5.762516391562096,5.762516391562096,1.9625163915620965,51.64516819900255
1328,11.49,12.496465289210573,12.496465289210573,1.0064652892105723,8.759489027071995
1193,10.5,9.087244495289646,9.087244495289646,1.4127555047103542,13.454814330574802
5686,12.75,12.669049397519112,12.669049397519112,0.08095060248088792,0.6349066861246111
1075,9.3,12.26394999106748,12.26394999106748,2.96394999106748,31.87043001147828
5427,3.4,4.239131517030688,4.239131517030688,0.8391315170306881,24.68033873619671
6969,24.5,21.506536124479116,21.506536124479116,2.9934638755208844,12.218219900085241
2063,10.5,15.441937032318084,15.441937032318084,4.941937032318084,47.06606697445794
965,14.5,14.941784893676115,14.941784893676115,0.4417848936761146,3.0467923701801007
5060,9.49,9.087244495289646,9.087244495289646,0.4027555047103544,4.243998995894145
1467,9.4,8.11771343890157,8.11771343890157,1.2822865610984309,13.641346394664158
5975,18.46,23.972204040294592,23.972204040294592,5.512204040294591,29.86026023994903
3296,51.0,22.476299363452902,22.476299363452902,28.523700636547098,55.928824777543326
5414,7.5,6.938025985729348,6.938025985729348,0.5619740142706524,7.492986856942033
7126,29.95,24.68178525002154,24.68178525002154,5.268214749978458,17.59003255418517
5724,62.05,44.377031230477684,44.377031230477684,17.672968769522313,28.481819128964247
2755,6.0,6.594074278769697,6.594074278769697,0.5940742787696971,9.901237979494953
4022,6.5,6.921796559315269,6.921796559315269,0.42179655931526927,6.489177835619528
3091,6.5,8.2143762014948,8.2143762014948,1.7143762014947992,26.375018484535374
2022,5.89,5.430217025812514,5.430217025812514,0.4597829741874859,7.806162549872426
5090,8.6,9.82942149357601,9.82942149357601,1.2294214935760106,14.295598762511752
2907,7.0,6.599833939171176,6.599833939171176,0.4001660608288242,5.716658011840346
5744,42.345,31.491925621425032,31.491925621425032,10.853074378574966,25.630120152497266
5769,15.1,20.63685279541314,20.63685279541314,5.536852795413141,36.6678993073718
6155,18.49,12.96189370631817,12.96189370631817,5.528106293681828,29.897816623482036
6547,13.79,12.26144515772352,12.26144515772352,1.5285548422764794,11.084516622744594
2850,6.699999,5.940817327363074,5.940817327363074,0.7591816726369256,11.331071432054326
2132,16.5,11.16372963886339,11.16372963886339,5.336270361136609,32.341032491737025
6114,86.19,86.11374207715227,86.11374207715227,0.0762579228477307,0.08847653190362072
6570,20.79,22.282146089238275,22.282146089238275,1.4921460892382754,7.1772298664659715
6434,31.0,33.111930212843674,33.111930212843674,2.1119302128436743,6.812678105947337
4246,7.5,6.6188116455056045,6.6188116455056045,0.8811883544943955,11.749178059925274
1701,4.5,8.374234492622708,8.374234492622708,3.8742344926227084,86.0940998360602
6332,39.999,37.38626960261324,37.38626960261324,2.6127303973867626,6.531989293199237
3927,19.5,22.457838477922397,22.457838477922397,2.9578384779223974,15.168402450884088
5780,66.99,64.94171438109403,64.94171438109403,2.0482856189059646,3.0575990728555973
547,12.4,11.449475200510667,11.449475200510667,0.9505247994893331,7.66552257652688
6811,37.99,43.37800042843804,43.37800042843804,5.3880004284380405,14.182680780305448
6203,33.3,43.45849522796449,43.45849522796449,10.158495227964494,30.505991675569057
1263,19.9,19.248993810551397,19.248993810551397,0.6510061894486014,3.271387886676389
5231,2.299,3.451889092305461,3.451889092305461,1.152889092305461,50.14741593325189
3011,13.29,10.757839392148096,10.757839392148096,2.5321606078519032,19.05312722236195
5865,13.69,13.648676543383152,13.648676543383152,0.041323456616847665,0.30185139968478936
1789,11.9,11.919292752831394,11.919292752831394,0.019292752831393756,0.16212397337305676
6610,21.49,31.596535609010292,31.596535609010292,10.106535609010294,47.0290163285728
3018,6.4,4.996490418486487,4.996490418486487,1.4035095815135135,21.929837211148648
5494,26.59,28.286195818283417,28.286195818283417,1.6961958182834174,6.379074156763511
4715,13.8,14.135863183835687,14.135863183835687,0.33586318383568603,2.433791187215116
2199,5.9,7.435820510262944,7.435820510262944,1.535820510262944,26.030856106151596
1244,2.5,1.3720712400646686,1.3720712400646686,1.1279287599353314,45.117150397413255
7130,10.89,21.103299213348574,21.103299213348574,10.213299213348574,93.78603501697495
5008,38.0,4.643904888276517,4.643904888276517,33.356095111723484,87.77919766243022
5482,12.726,15.809333478235304,15.809333478235304,3.0833334782353035,24.22861447615357
4837,8.5,9.697441671427152,9.697441671427152,1.1974416714271516,14.087549075613548
7202,35.29,34.803658854794406,34.803658854794406,0.4863411452055928,1.3781273596078005
6764,20.99,15.738907147821495,15.738907147821495,5.251092852178504,25.017116970836135
3915,5.2,5.114705332595973,5.114705332595973,0.08529466740402736,1.6402820654620645
6083,32.299,29.213774721396703,29.213774721396703,3.0852252786032963,9.552076778238634
518,13.29,16.582505055122404,16.582505055122404,3.2925050551224047,24.774304402726898
611,12.5,8.333851447151918,8.333851447151918,4.166148552848082,33.329188422784654
5806,11.22,10.823398082144541,10.823398082144541,0.3966019178554596,3.5347764514746847
5672,16.5,20.17474789452262,20.17474789452262,3.6747478945226213,22.27119936074316
2288,7.5,5.933675585450592,5.933675585450592,1.566324414549408,20.88432552732544
957,10.99,10.693309186868781,10.693309186868781,0.29669081313121914,2.6996434315852516
4401,6.15,8.647990404900714,8.647990404900714,2.4979904049007136,40.61773016098721
491,25.8,17.049058380263695,17.049058380263695,8.750941619736306,33.91837837107095
1330,4.9,6.867276199218936,6.867276199218936,1.9672761992189356,40.14849386161093
3458,21.5,23.143833672814047,23.143833672814047,1.643833672814047,7.64573801308859
323,5.89,3.0628144873453245,3.0628144873453245,2.827185512654675,47.999754034884134
5362,7.2,7.362723309663922,7.362723309663922,0.1627233096639218,2.2600459675544693
7010,22.79,21.136644725275247,21.136644725275247,1.6533552747247526,7.254740126041039
4247,10.5,10.357689817849469,10.357689817849469,0.14231018215053126,1.3553350681002976
2031,4.75,3.4852396813887503,3.4852396813887503,1.2647603186112497,26.62653302339473
5516,32.0,43.103349091388935,43.103349091388935,11.103349091388935,34.697965910590426
1153,6.3,4.997504810933991,4.997504810933991,1.3024951890660086,20.674526810571564
6685,15.7,15.867729186467947,15.867729186467947,0.1677291864679482,1.0683387673117721
7286,6.6,8.336220770616,8.336220770616,1.7362207706160007,26.30637531236365
6854,21.69,22.0801912751851,22.0801912751851,0.39019127518509933,1.7989454826422284
1606,6.4,5.13006619980664,5.13006619980664,1.2699338001933604,19.842715628021256
324,23.9,31.876454837374702,31.876454837374702,7.976454837374703,33.3742880224883
2083,7.99,7.317749656350602,7.317749656350602,0.6722503436493978,8.413646353559422
2687,10.8,9.47132728981706,9.47132728981706,1.328672710182941,12.30252509428649
6858,35.35,31.138339767623446,31.138339767623446,4.2116602323765555,11.914173217472575
586,7.89,6.356016247162871,6.356016247162871,1.5339837528371287,19.44212614495727
4125,9.8,11.586443131081944,11.586443131081944,1.7864431310819437,18.229011541652486
3245,8.99,11.544107322743978,11.544107322743978,2.5541073227439774,28.410537516618213
4556,4.4,8.43147835358936,8.43147835358936,4.03147835358936,91.62450803612182
706,24.9,23.17239481720605,23.17239481720605,1.7276051827939476,6.938173424875292
1978,6.4,7.368431629743202,7.368431629743202,0.9684316297432014,15.131744214737521
4160,7.4,3.1608373256775444,3.1608373256775444,4.239162674322456,57.28598208543859
4995,4.39,3.167301683417287,3.167301683417287,1.2226983165827128,27.851897872043573
6812,9.8,9.875116253738216,9.875116253738216,0.07511625373821573,0.766492385083834
6202,17.34,17.511980200821725,17.511980200821725,0.17198020082172505,0.9918120001252886
5939,27.79,21.718144290501282,21.718144290501282,6.071855709498717,21.849066964730902
6218,29.3,20.14482531520601,20.14482531520601,9.155174684793991,31.24632998223205
4453,9.5,6.880099775994995,6.880099775994995,2.619900224005005,27.577897094789527
3801,8.9,9.697441671427152,9.697441671427152,0.7974416714271513,8.96001878008035
2572,56.99,30.867982923764707,30.867982923764707,26.122017076235295,45.836141562090354
208,2.25,5.2091334399665365,5.2091334399665365,2.9591334399665365,131.5170417762905
3682,29.8,24.68290159213032,24.68290159213032,5.11709840786968,17.171471167347917
747,2.5,5.795615632818049,5.795615632818049,3.2956156328180493,131.82462531272196
5101,9.9,6.825959448040641,6.825959448040641,3.074040551959359,31.05091466625615
6260,40.99,39.90160050599684,39.90160050599684,1.0883994940031627,2.6552805416032266
798,5.0,4.386084340909262,4.386084340909262,0.613915659090738,12.27831318181476
88,6.99,9.955479297759743,9.955479297759743,2.9654792977597424,42.42459653447414
734,1.7,4.219482268988295,4.219482268988295,2.5194822689882947,148.20483935225263
1221,4.8,7.436719841668713,7.436719841668713,2.6367198416687128,54.931663368098185
3574,14.5,9.576827451033902,9.576827451033902,4.9231725489660985,33.95291413080068
1480,6.9,3.9304933480767716,3.9304933480767716,2.9695066519232287,43.03632828874244
3936,10.49,18.320200444239166,18.320200444239166,7.830200444239166,74.64442749513027
6199,28.99,27.76554950510229,27.76554950510229,1.2244504948977095,4.223699533969333
852,13.5,11.590062711803613,11.590062711803613,1.909937288196387,14.147683616269532
486,7.89,6.904756920170641,6.904756920170641,0.9852430798293588,12.487238020650935
2678,3.6,3.839873073942521,3.839873073942521,0.23987307394252078,6.663140942847799
3195,4.0,4.671351531855083,4.671351531855083,0.6713515318550831,16.78378829637708
1430,8.4,9.714993791076887,9.714993791076887,1.314993791076887,15.654687989010558
1536,14.9,17.532889138765203,17.532889138765203,2.6328891387652025,17.670396904464443
1891,6.0,13.121994275739942,13.121994275739942,7.121994275739942,118.6999045956657
6513,39.99,22.62809236669489,22.62809236669489,17.361907633305112,43.415622989010025
1919,5.6,8.058233798446567,8.058233798446567,2.4582337984465674,43.89703211511728
4302,14.8,15.898917523346114,15.898917523346114,1.0989175233461133,7.425118400987252
198,5.0,2.952432131113627,2.952432131113627,2.047567868886373,40.95135737772746
4629,6.6,6.277557918782791,6.277557918782791,0.32244208121720863,4.885486079048616
2882,3.85,8.528439154301996,8.528439154301996,4.678439154301996,121.51790011174015
1057,8.9,9.576827451033902,9.576827451033902,0.6768274510339012,7.604802820605632
73,7.0,4.88178733302375,4.88178733302375,2.11821266697625,30.260180956803573
548,27.8,24.02853880257887,24.02853880257887,3.7714611974211323,13.566407184968101
6352,13.69,15.366665362227707,15.366665362227707,1.6766653622277072,12.247372989245488
2963,4.0,6.615844243907858,6.615844243907858,2.6158442439078584,65.39610609769646
6569,27.3,34.9206938750649,34.9206938750649,7.620693875064898,27.9146295789923
1512,34.99,19.867005117400193,19.867005117400193,15.122994882599809,43.220905637610194
3912,10.9,10.786979792011545,10.786979792011545,0.11302020798845547,1.0368826420959216
1582,1.9,3.347624899108463,3.347624899108463,1.447624899108463,76.19078416360333
6697,15.44,20.04951934025512,20.04951934025512,4.609519340255121,29.85439987211866
5822,10.08,11.94785024605148,11.94785024605148,1.8678502460514803,18.530260377494844
2865,6.9,6.867276199218936,6.867276199218936,0.032723800781064405,0.4742579823342667
3647,10.8,10.885768772349243,10.885768772349243,0.08576877234924218,0.7941552995300201
5349,20.499,12.130932574442252,12.130932574442252,8.368067425557747,40.821832409179706
4428,3.0,3.011106555750264,3.011106555750264,0.011106555750263869,0.3702185250087956
6213,25.55,21.4382508696859,21.4382508696859,4.111749130314102,16.092951586356563
4359,28.8,30.620858733940956,30.620858733940956,1.8208587339409554,6.322426159517207
1452,3.6,6.032618789667499,6.032618789667499,2.4326187896674987,67.57274415743052
7037,24.89,21.07322479287269,21.07322479287269,3.8167752071273107,15.334572949486985
2020,1.9,2.6237011905480374,2.6237011905480374,0.7237011905480375,38.08953634463356
4903,29.49,27.332656074387238,27.332656074387238,2.1573439256127607,7.31551009024334
5220,6.9,6.277557918782791,6.277557918782791,0.6224420812172093,9.020899727785642
6818,12.35,13.820652662650653,13.820652662650653,1.4706526626506538,11.908118725916225
4814,10.0,12.206282241382556,12.206282241382556,2.2062822413825565,22.062822413825565
5267,8.8,9.658664432178345,9.658664432178345,0.8586644321783439,9.757550365662999
2098,9.2,14.243984115032005,14.243984115032005,5.043984115032005,54.82591429382615
1880,13.5,8.435943414556775,8.435943414556775,5.064056585443225,37.51153026254241
937,9.5,9.087244495289646,9.087244495289646,0.41275550471035416,4.344794786424781
7120,29.999,28.844128605608066,28.844128605608066,1.1548713943919324,3.8496996379610406
2855,13.5,10.632064452724244,10.632064452724244,2.8679355472757564,21.243967016857454
6139,14.99,15.692075771045594,15.692075771045594,0.7020757710455943,4.683627558676413
5985,12.49,13.355106655775538,13.355106655775538,0.8651066557755378,6.9263943616936565
1295,7.0,11.462628357774642,11.462628357774642,4.462628357774642,63.7518336824949
1175,45.9,31.457775223910136,31.457775223910136,14.442224776089862,31.46454199583848
2197,5.5,4.6279649922911155,4.6279649922911155,0.8720350077088845,15.855181958343357
2614,41.9,37.287334442616135,37.287334442616135,4.612665557383863,11.008748346978194
6148,27.36,16.298768764149134,16.298768764149134,11.061231235850865,40.428476739221
4335,4.0,6.202851025996997,6.202851025996997,2.2028510259969973,55.071275649924935
4914,11.5,11.132782427530858,11.132782427530858,0.36721757246914244,3.1931962823403692
1321,7.2,5.803135716892636,5.803135716892636,1.396864283107364,19.40089282093561
1181,12.79,16.578383896909145,16.578383896909145,3.7883838969091457,29.619889733456965
6150,22.799,23.377663498762868,23.377663498762868,0.578663498762868,2.5381091221670604
3438,12.6,9.201556660631661,9.201556660631661,3.398443339368338,26.971772534669352
6343,34.99,28.321430637327126,28.321430637327126,6.668569362672876,19.05850060781045
4301,12.6,11.132782427530858,11.132782427530858,1.467217572469142,11.644583908485256
620,7.9,8.250599223150523,8.250599223150523,0.35059922315052283,4.437964850006618
6864,24.89,23.91760814589604,23.91760814589604,0.9723918541039609,3.9067571478664562
5159,16.0,12.867666365174514,12.867666365174514,3.1323336348254855,19.577085217659285
2492,15.5,9.562410917331047,9.562410917331047,5.9375890826689535,38.3070263397997
478,14.0,15.105195952289431,15.105195952289431,1.1051959522894315,7.894256802067368
3968,5.3,6.798268965927808,6.798268965927808,1.4982689659278083,28.2692257722228
2276,3.7,6.000730680862214,6.000730680862214,2.3007306808622134,62.18191029357333
5227,6.9,7.9560353781278925,7.9560353781278925,1.0560353781278922,15.304860552578148
1897,12.5,5.448433696235924,5.448433696235924,7.051566303764076,56.412530430112604
7044,14.766,14.656651276121554,14.656651276121554,0.10934872387844585,0.7405439785889602
2206,1.4,2.570338897313272,2.570338897313272,1.1703388973132722,83.59563552237658
1033,4.5,6.543898691372362,6.543898691372362,2.0438986913723616,45.41997091938581
5948,10.59,8.076058381899704,8.076058381899704,2.5139416181002954,23.738825477812043
286,12.3,20.724605571312964,20.724605571312964,8.424605571312963,68.49272822205661
550,3.2,2.637520250080348,2.637520250080348,0.5624797499196523,17.577492184989136
7008,10.099,10.839733081739777,10.839733081739777,0.7407330817397764,7.3347171179302535
5668,25.79,35.62627737555522,35.62627737555522,9.83627737555522,38.13988900952005
5015,2.5,0.5208597305583439,0.5208597305583439,1.9791402694416562,79.16561077766625
2825,12.5,11.150585903215688,11.150585903215688,1.3494140967843116,10.795312774274493
1055,10.799,8.763582114580514,8.763582114580514,2.035417885419486,18.848207106393982
2091,6.5,5.2962145503621665,5.2962145503621665,1.2037854496378335,18.51977614827436
6540,25.79,22.0801912751851,22.0801912751851,3.7098087248148985,14.384679041546718
2571,3.5,3.0444691719026657,3.0444691719026657,0.45553082809733425,13.015166517066692
1677,10.3,6.848174199661104,6.848174199661104,3.451825800338897,33.51287184795046
1174,1.8,1.3720712400646686,1.3720712400646686,0.4279287599353314,23.7738199964073
6021,78.2,71.44276373878085,71.44276373878085,6.757236261219148,8.64096708595799
5916,12.54,16.67095025946005,16.67095025946005,4.13095025946005,32.9421870770339
5389,3.9,4.175220716327889,4.175220716327889,0.275220716327889,7.056941444304847
2087,14.0,13.637238123989388,13.637238123989388,0.3627618760106124,2.59115625721866
1370,46.5,30.867982923764707,30.867982923764707,15.632017076235293,33.61724102416192
6314,16.899,15.53837176088163,15.53837176088163,1.3606282391183715,8.05153109129754
2934,5.0,5.760745361577647,5.760745361577647,0.7607453615776469,15.214907231552937
3107,16.99,16.29663852744073,16.29663852744073,0.6933614725592676,4.080997484162847
1188,7.8,6.378929189591331,6.378929189591331,1.4210708104086685,18.21885654370088
2029,6.699999,6.8723619052456515,6.8723619052456515,0.17236290524565145,2.572581059275553
4209,4.888888,5.062844973683103,5.062844973683103,0.17395697368310348,3.558211472283748
5027,4.5,5.202786100263075,5.202786100263075,0.7027861002630749,15.617468894734998
7009,23.5,25.641000792118707,25.641000792118707,2.1410007921187066,9.110641668590242
7093,40.9,37.89275613381374,37.89275613381374,3.0072438661862577,7.352674489452952
3956,7.2,10.768974061057063,10.768974061057063,3.5689740610570633,49.5690841813481
833,9.0,7.139681100433305,7.139681100433305,1.8603188995666953,20.670209995185505
1393,5.4,8.780804204723374,8.780804204723374,3.3808042047233737,62.60748527265506
549,24.9,21.373435391774397,21.373435391774397,3.526564608225602,14.162910073195189
1020,5.5,5.913815568613637,5.913815568613637,0.41381556861363666,7.523919429338849
248,3.6,2.978767755854376,2.978767755854376,0.6212322441456242,17.256451226267338
2648,6.5,6.176334952113424,6.176334952113424,0.3236650478865757,4.979462275178088
296,6.3,6.647337301737531,6.647337301737531,0.3473373017375314,5.51329050377034
1559,7.39,4.851126970142392,4.851126970142392,2.5388730298576077,34.35552137831675
1563,12.8,10.302236143223645,10.302236143223645,2.4977638567763556,19.51378013106528
6766,13.69,14.447997701480604,14.447997701480604,0.7579977014806047,5.536871449821803
3260,9.7,7.727704114448707,7.727704114448707,1.9722958855512926,20.33294727372467
100,1.4,1.7217702482156867,1.7217702482156867,0.3217702482156868,22.983589158263342
4204,43.5,34.9608295332239,34.9608295332239,8.539170466776099,19.630276935117468
3197,7.0,6.163039312013155,6.163039312013155,0.8369606879868448,11.956581256954925
2937,17.5,18.274254212816906,18.274254212816906,0.7742542128169063,4.424309787525179
7017,15.99,10.676657305314272,10.676657305314272,5.313342694685728,33.22916006682757
1499,6.0,6.105426969805647,6.105426969805647,0.10542696980564692,1.7571161634274486
4872,7.0,7.243023882684249,7.243023882684249,0.24302388268424924,3.471769752632132
1656,5.0,5.602967234685038,5.602967234685038,0.6029672346850381,12.059344693700762
6788,13.29,14.268915813303842,14.268915813303842,0.9789158133038427,7.3658074740695465
346,4.0,2.978767755854376,2.978767755854376,1.021232244145624,25.5308061036406
1718,7.5,8.681300145889805,8.681300145889805,1.1813001458898054,15.750668611864072
1665,1.7,1.4938972509995545,1.4938972509995545,0.20610274900044545,12.123691117673262
681,6.0,6.239193693280779,6.239193693280779,0.23919369328077877,3.9865615546796462
6514,69.99,48.290527009284666,48.290527009284666,21.69947299071533,31.00367622619707
3898,3.9,4.807633857530485,4.807633857530485,0.907633857530485,23.27266301360218
6186,20.45,22.485984419090613,22.485984419090613,2.035984419090614,9.955914029782953
6408,54.999,45.27051645722852,45.27051645722852,9.728483542771485,17.68847350455733
7289,23.79,26.896618801781,26.896618801781,3.106618801781,13.058506943173603
5761,17.75,14.225259491186675,14.225259491186675,3.5247405088133252,19.857693007399018
7063,49.59,43.18699305818876,43.18699305818876,6.403006941811242,12.911891393045455
1793,3.8,5.917689823457235,5.917689823457235,2.117689823457235,55.728679564664084
3542,5.9,8.421233356390177,8.421233356390177,2.5212333563901765,42.73276875237587
6741,18.8,22.269466148820268,22.269466148820268,3.469466148820267,18.454607174575887
1706,6.2,8.904575360023436,8.904575360023436,2.704575360023436,43.622183226184454
1414,5.6,4.946461021145456,4.946461021145456,0.6535389788545434,11.670338908116847
4761,2.9,3.383694116084456,3.383694116084456,0.4836941160844561,16.679107451188145
3066,8.8,5.913815568613637,5.913815568613637,2.886184431386364,32.79755035666322
2991,8.0,7.632156118186325,7.632156118186325,0.3678438818136751,4.598048522670939
6041,9.75,15.09054452814686,15.09054452814686,5.340544528146861,54.774815673301134
84,37.9,29.160681471671275,29.160681471671275,8.739318528328724,23.058887937542806
5327,9.5,8.053978322487538,8.053978322487538,1.4460216775124621,15.221280815920654
3207,9.0,11.32453590793438,11.32453590793438,2.3245359079343793,25.828176754826437
5025,3.99,3.841045414607978,3.841045414607978,0.14895458539202222,3.733197628872737
1561,1.2,3.216318305855809,3.216318305855809,2.016318305855809,168.02652548798412
6072,8.39,41.621038749642935,41.621038749642935,33.231038749642934,396.0791269325737
2948,8.9,12.057987722697662,12.057987722697662,3.157987722697662,35.48300812019845
3528,7.8,8.780804204723374,8.780804204723374,0.9808042047233743,12.5744128810689
1297,5.0,5.770747335344739,5.770747335344739,0.7707473353447387,15.414946706894774
4866,8.499,7.876099234255595,7.876099234255595,0.6229007657444052,7.32910655070485
6289,13.28,14.08607429955922,14.08607429955922,0.8060742995592207,6.069836593066421
4506,14.2,13.080204869895434,13.080204869895434,1.1197951301045652,7.885881197919474
1912,18.5,14.231846558453768,14.231846558453768,4.268153441546232,23.071099684033687
6456,79.99,45.24163727980016,45.24163727980016,34.748362720199836,43.440883510688636
5998,9.494,9.621410892594097,9.621410892594097,0.12741089259409755,1.3420148788086954
6127,18.99,17.215024035619304,17.215024035619304,1.774975964380694,9.346898179993122
6875,44.199,23.60121814557837,23.60121814557837,20.59778185442163,46.602370764998376
1817,12.2,12.554284645793185,12.554284645793185,0.35428464579318586,2.9039725065015234
3722,7.6,8.70447974474304,8.70447974474304,1.1044797447430401,14.53262822030316
5451,9.79,11.41229011797649,11.41229011797649,1.6222901179764904,16.570889866971303
6187,36.99,34.0212681808636,34.0212681808636,2.9687318191364014,8.025768637838338
7164,8.99,10.875325991809307,10.875325991809307,1.8853259918093066,20.971368095765367
3089,1.2,0.9340553230093178,0.9340553230093178,0.26594467699068214,22.16205641589018
4845,6.0,5.629089687725156,5.629089687725156,0.3709103122748436,6.181838537914061
3142,3.2,3.1806954070895794,3.1806954070895794,0.019304592910420748,0.6032685284506484
1623,5.5,5.443375715879092,5.443375715879092,0.056624284120908364,1.0295324385619702
6834,18.38,18.10714967258044,18.10714967258044,0.27285032741955817,1.4844957966243644
5459,16.79,23.157296966120537,23.157296966120537,6.367296966120538,37.923150483147936
5605,47.95,46.43162170637327,46.43162170637327,1.518378293626732,3.1665866394718076
6392,26.4,28.206677106732627,28.206677106732627,1.8066771067326286,6.843473889138744
1199,2.0,4.334805254634429,4.334805254634429,2.3348052546344293,116.74026273172147
373,6.0,4.464583079844152,4.464583079844152,1.535416920155848,25.59028200259747
2457,5.7,5.803135716892636,5.803135716892636,0.1031357168926359,1.8093985419760685
5260,4.99,4.851126970142392,4.851126970142392,0.1388730298576082,2.7830266504530696
3819,21.09,21.770672784602272,21.770672784602272,0.6806727846022724,3.227466972983748
7284,23.3,36.35482587243368,36.35482587243368,13.054825872433678,56.02929558984411
1317,8.0,10.259185623141537,10.259185623141537,2.259185623141537,28.23982028926921
1446,13.0,15.095636461136824,15.095636461136824,2.0956364611368237,16.12028047028326
3799,18.9,19.435417596993158,19.435417596993158,0.5354175969931596,2.8328973385881464
3482,3.7,5.026966779922203,5.026966779922203,1.326966779922203,35.863967024924406
1488,6.399,6.610891683713631,6.610891683713631,0.2118916837136311,3.3113249525493216
4486,4.0,3.6254975080152487,3.6254975080152487,0.3745024919847513,9.362562299618782
6067,102.0,73.48534671341928,73.48534671341928,28.514653286580725,27.95554243782424
812,5.123,3.2371493412620804,3.2371493412620804,1.8858506587379198,36.811451468630096
3580,34.5,23.175022616729077,23.175022616729077,11.324977383270923,32.82602140078528
4317,3.95,3.7767575117492393,3.7767575117492393,0.17324248825076083,4.385885778500274
3366,3.9,3.6576668692519227,3.6576668692519227,0.24233313074807716,6.213670019181466
3651,4.0,4.643904888276517,4.643904888276517,0.6439048882765173,16.09762220691293
6684,40.5,33.03994117447571,33.03994117447571,7.460058825524293,18.41989833462788
1511,3.5,2.3140702334098324,2.3140702334098324,1.1859297665901676,33.88370761686193
7149,18.29,21.925898007841916,21.925898007841916,3.6358980078419165,19.87915805271688
1801,3.4,3.1269606760494666,3.1269606760494666,0.2730393239505333,8.030568351486274
4516,4.6,5.803135716892636,5.803135716892636,1.2031357168926364,26.155124280274705
921,7.8,9.114920281421606,9.114920281421606,1.3149202814216059,16.857952325918024
322,15.0,17.525533439373493,17.525533439373493,2.5255334393734934,16.83688959582329
3838,2.5,3.3478178751378564,3.3478178751378564,0.8478178751378564,33.91271500551426
5634,27.49,29.137685008754495,29.137685008754495,1.6476850087544967,5.993761399616212
7262,9.08,14.999660603318038,14.999660603318038,5.919660603318038,65.19450003654227
4402,6.85,4.672775975879394,4.672775975879394,2.177224024120606,31.784292322928554
6217,10.45,11.619950168674608,11.619950168674608,1.1699501686746085,11.195695394015393
1569,5.9,7.312225877556689,7.312225877556689,1.412225877556689,23.936031822994728
4661,17.5,16.773460941808302,16.773460941808302,0.7265390581916975,4.1516517610954145
231,12.9,12.650071496449634,12.650071496449634,0.24992850355036644,1.9374302600803601
1545,1.8,2.226408507239332,2.226408507239332,0.426408507239332,23.68936151329622
1420,1.0,2.7666730072817316,2.7666730072817316,1.7666730072817316,176.66730072817316
1079,5.9,9.522806930761543,9.522806930761543,3.622806930761543,61.403507301043106
3103,7.9,6.2319545676019406,6.2319545676019406,1.6680454323980598,21.114499144279236
1115,4.75,6.85664147265306,6.85664147265306,2.1066414726530596,44.35034679269599
6946,14.45,9.312946304568285,9.312946304568285,5.137053695431714,35.55054460506376
1941,10.9,12.554284645793185,12.554284645793185,1.6542846457931848,15.17692335590078
1867,10.95,11.876431075652766,11.876431075652766,0.9264310756527667,8.460557768518417
2586,6.65,8.72707017074275,8.72707017074275,2.077070170742749,31.234137905905996
2751,11.5,10.595673586865589,10.595673586865589,0.9043264131344113,7.863707940299229
1425,9.59,9.087244495289646,9.087244495289646,0.502755504710354,5.242497442235183
5395,14.5,15.332152734726856,15.332152734726856,0.832152734726856,5.738984377426593
4053,32.5,23.97766971118813,23.97766971118813,8.522330288811869,26.222554734805748
7283,16.95,16.350157859715207,16.350157859715207,0.5998421402847924,3.538891683096121
4333,4.49,4.971727801460559,4.971727801460559,0.4817278014605586,10.72890426415498
1618,9.0,14.551948471875837,14.551948471875837,5.551948471875837,61.688316354175974
2402,16.8,14.469661937626242,14.469661937626242,2.330338062373759,13.871059895081897
265,15.3,13.9401746645526,13.9401746645526,1.3598253354474004,8.887747290505885
0,9.99,9.087244495289646,9.087244495289646,0.9027555047103544,9.036591638742287
4015,16.5,13.5391652885546,13.5391652885546,2.9608347114454006,17.944452796638792
5187,3.5,3.899882567984,3.899882567984,0.3998825679840001,11.425216228114289
838,1.2,3.509472540193421,3.509472540193421,2.309472540193421,192.45604501611842
14,21.9,15.473403254414874,15.473403254414874,6.426596745585124,29.345190619110156
3263,2.6,1.4760703522472638,1.4760703522472638,1.1239296477527363,43.22806337510524
4912,21.0,15.118548690957015,15.118548690957015,5.881451309042985,28.006910995442784
6477,29.155,40.590427577221526,40.590427577221526,11.435427577221525,39.22286941252452
8,16.5,15.257470931287031,15.257470931287031,1.2425290687129689,7.530479204321024
1039,8.5,17.620905050724367,17.620905050724367,9.120905050724367,107.30476530263961
2759,11.9,10.885768772349243,10.885768772349243,1.0142312276507575,8.522951492863507
3992,15.5,15.849376713719714,15.849376713719714,0.3493767137197139,2.2540433143207346
6472,12.99,20.48574756964114,20.48574756964114,7.495747569641141,57.70398436983173
4141,32.79,28.04989557130505,28.04989557130505,4.7401044286949485,14.455945192726286
6629,18.1,19.305813709503255,19.305813709503255,1.2058137095032535,6.661954196150571
339,4.1,3.3503490885674534,3.3503490885674534,0.7496509114325463,18.28416857152552
1956,3.3,3.5366511495571786,3.5366511495571786,0.2366511495571788,7.1712469562781465
4220,6.5,5.55316011352392,5.55316011352392,0.9468398864760799,14.566767484247384
2770,29.999999,15.534766581892834,15.534766581892834,14.465232418107165,48.21744300093865
1090,23.5,24.511544546006387,24.511544546006387,1.0115445460063874,4.3044448766229255
4512,8.999,7.230301979411884,7.230301979411884,1.7686980205881166,19.65438404920676
1883,6.0,6.677272840991484,6.677272840991484,0.6772728409914839,11.287880683191398
622,5.3,7.207399185169787,7.207399185169787,1.907399185169787,35.988663871128054
7220,12.5,13.985672254903632,13.985672254903632,1.4856722549036316,11.885378039229053
5192,3.8,7.436719841668713,7.436719841668713,3.6367198416687128,95.70315372812402
5045,2.8,6.646495674531128,6.646495674531128,3.846495674531128,137.37484551896887
4331,16.5,16.970894036563333,16.970894036563333,0.4708940365633332,2.8539032518989886
4952,4.7,2.4400166186917356,2.4400166186917356,2.2599833813082646,48.08475279379286
3032,8.4,7.673998132894565,7.673998132894565,0.7260018671054356,8.642879370302804
4568,5.999,5.546762452610375,5.546762452610375,0.4522375473896245,7.5385488813072925
889,4.5,7.307735372837561,7.307735372837561,2.807735372837561,62.394119396390245
1507,3.1,3.1818700841661927,3.1818700841661927,0.08187008416619257,2.640970456973954
3688,10.0,5.435825499262195,5.435825499262195,4.564174500737805,45.641745007378056
196,1.9,1.6761104289796183,1.6761104289796183,0.22388957102038165,11.783661632651667
5533,12.99,13.758760562008936,13.758760562008936,0.7687605620089357,5.918095165580722
3980,11.2,12.806703193951975,12.806703193951975,1.6067031939519758,14.34556423171407
2789,3.8,5.190828204889789,5.190828204889789,1.3908282048897895,36.60074223394183
6575,38.0,15.008098181720483,15.008098181720483,22.991901818279516,60.505004784946095
4236,21.5,14.093748145242806,14.093748145242806,7.406251854757194,34.4476830453823
432,4.2,5.681392601199349,5.681392601199349,1.4813926011993486,35.2712524095083
2598,10.9,11.329963015998526,11.329963015998526,0.42996301599852593,3.94461482567455
6091,28.99,19.917019247476613,19.917019247476613,9.072980752523385,31.29693257165707
1694,23.5,27.935710078559953,27.935710078559953,4.4357100785599535,18.875362036425333
5357,29.9,30.273519618740078,30.273519618740078,0.37351961874007955,1.2492294941139785
1108,13.9,16.079836026896686,16.079836026896686,2.1798360268966857,15.682273574796298
6353,37.5,42.65734385951618,42.65734385951618,5.157343859516182,13.752916958709818
6690,60.89,45.204695047913994,45.204695047913994,15.685304952086007,25.760067255848263
6262,110.99,101.30264471226022,101.30264471226022,9.687355287739777,8.728133424398395
4825,1.65,2.8717551470916587,2.8717551470916587,1.2217551470916588,74.04576649040357
1277,4.6,4.288692478339637,4.288692478339637,0.31130752166036224,6.767554818703528
1195,5.9,5.430217025812514,5.430217025812514,0.4697829741874866,7.962423291313332
6062,18.19,27.68569097140812,27.68569097140812,9.49569097140812,52.202809078659264
604,9.0,11.484100021349203,11.484100021349203,2.484100021349203,27.60111134832448
3742,6.2,2.115497368297204,2.115497368297204,4.084502631702796,65.8790747048838
1593,17.9,18.774701438018734,18.774701438018734,0.8747014380187359,4.886600212395173
1219,19.4,23.221695252868386,23.221695252868386,3.8216952528683876,19.6994600663319
2229,7.0,7.586724061018478,7.586724061018478,0.5867240610184776,8.381772300263966
4519,4.1,3.4379247081142283,3.4379247081142283,0.6620752918857713,16.14817785087247
1652,3.3,3.202438126800168,3.202438126800168,0.09756187319983178,2.9564203999949026
4657,5.9,6.606452453052361,6.606452453052361,0.7064524530523606,11.973770390717975
4865,5.9,3.9884761855951534,3.9884761855951534,1.911523814404847,32.39870871872622
6264,11.09,10.877593018258962,10.877593018258962,0.21240698174103834,1.9153019092970094
4955,38.0,35.72477388254809,35.72477388254809,2.2752261174519077,5.987437151189231
1158,12.0,8.79837727996183,8.79837727996183,3.20162272003817,26.680189333651416
4818,10.8,10.752524721997048,10.752524721997048,0.04747527800295259,0.4395859074347462
3256,8.8,8.097342067710178,8.097342067710178,0.7026579322898225,7.984749230566164
5728,38.699,36.63738050727164,36.63738050727164,2.0616194927283615,5.327319808595472
4650,17.5,20.724605571312964,20.724605571312964,3.2246055713129635,18.42631755035979
7219,15.49,17.714493613261478,17.714493613261478,2.224493613261478,14.36083675443175
5702,14.19,13.576801574634972,13.576801574634972,0.6131984253650273,4.321341968745789
2807,4.59,2.8842514249431943,2.8842514249431943,1.7057485750568055,37.16227832367768
2851,8.6,13.969580186626164,13.969580186626164,5.369580186626164,62.43697891425772
4559,10.49,9.787673184590458,9.787673184590458,0.7023268154095419,6.695203197421754
2995,6.5,8.6141111008075,8.6141111008075,2.1141111008075004,32.52478616626924
904,5.95,5.028184555171292,5.028184555171292,0.9218154448287086,15.492696551743002
6841,21.169,20.93273278139185,20.93273278139185,0.2362672186081518,1.1161000453878398
2357,23.8,23.31624768031972,23.31624768031972,0.4837523196802813,2.0325727717658877
3383,12.8,12.679525622030974,12.679525622030974,0.12047437796902649,0.9412060778830195
3470,9.0,10.0091155957779,10.0091155957779,1.0091155957778994,11.212395508643327
1616,7.8,9.087244495289646,9.087244495289646,1.287244495289646,16.503134554995462
3575,5.8,6.4158085689496165,6.4158085689496165,0.6158085689496167,10.617389119820977
6977,26.95,19.46953361851293,19.46953361851293,7.480466381487069,27.7568325843676
5006,10.9,9.697441671427152,9.697441671427152,1.2025583285728487,11.032645216264667
3820,3.65,3.5626215985362144,3.5626215985362144,0.0873784014637855,2.393928807227
1860,7.5,6.211708978164944,6.211708978164944,1.2882910218350556,17.17721362446741
2088,4.99,4.799334647789731,4.799334647789731,0.19066535221026903,3.8209489420895597
7077,27.52,24.586367889040687,24.586367889040687,2.933632110959312,10.660000403195175
6930,27.699,27.527403118037398,27.527403118037398,0.17159688196260348,0.6195056932113198
5213,4.1,7.818635623466362,7.818635623466362,3.718635623466362,90.69842984064297
2251,3.2,2.9407320136138915,2.9407320136138915,0.2592679863861087,8.102124574565897
3784,14.0,18.27508130644782,18.27508130644782,4.27508130644782,30.536295046055855
3127,6.5,5.913815568613637,5.913815568613637,0.5861844313863633,9.018222021328667
254,11.7,9.114920281421606,9.114920281421606,2.5850797185783936,22.09469844938798
6705,16.78,13.744363186732327,13.744363186732327,3.035636813267674,18.090803416374694
4989,2.999999,2.978767755854376,2.978767755854376,0.02123124414562394,0.707708374090256
221,14.85,15.994788075355505,15.994788075355505,1.144788075355505,7.709010608454579
267,2.9,2.3730405401981165,2.3730405401981165,0.5269594598018834,18.17101585523736
107,8.1,5.933675585450592,5.933675585450592,2.1663244145494076,26.744745858634662
4800,5.5,3.9952128522731782,3.9952128522731782,1.5047871477268218,27.359766322305852
1226,5.4,7.545268891022036,7.545268891022036,2.1452688910220354,39.72720168559324
4938,4.9,5.550179289393081,5.550179289393081,0.6501792893930807,13.268965089654708
3418,9.5,8.18927275855681,8.18927275855681,1.3107272414431907,13.797128857296745
4154,8.5,6.088287518028884,6.088287518028884,2.411712481971116,28.373088023189602
1758,6.99,9.549237437630095,9.549237437630095,2.5592374376300953,36.612838878828256
2284,9.99,9.682755313335973,9.682755313335973,0.3072446866640277,3.0755223890293064
2526,3.3,3.2983877622148836,3.2983877622148836,0.0016122377851162106,0.048855690458066994
4004,15.0,6.85123191614017,6.85123191614017,8.14876808385983,54.32512055906553
1210,15.5,24.981883680304104,24.981883680304104,9.481883680304104,61.17344309873616
6664,11.5,12.798954784538346,12.798954784538346,1.2989547845383456,11.295258995985613
2464,13.6,14.046420497672893,14.046420497672893,0.44642049767289294,3.282503659359507
4240,13.5,13.27495754910657,13.27495754910657,0.22504245089342945,1.666981117729107
4198,14.5,12.941930717031683,12.941930717031683,1.558069282968317,10.745305399781497
376,4.5,4.163543162289775,4.163543162289775,0.33645683771022483,7.476818615782774
755,1.8,2.9607122195700244,2.9607122195700244,1.1607122195700244,64.48401219833468
291,12.49,12.469834252944693,12.469834252944693,0.020165747055306937,0.16145514055489943
5091,1.7,6.0488911786306945,6.0488911786306945,4.348891178630694,255.81712815474674
1465,1.35,5.605399652743681,5.605399652743681,4.25539965274368,315.2147890921244
188,4.7,5.035627201337744,5.035627201337744,0.3356272013377435,7.141004283781776
1870,33.0,16.707604522721926,16.707604522721926,16.292395477278074,49.370895385691135
1201,8.7,10.16468252317862,10.16468252317862,1.4646825231786202,16.835431300903682
1649,4.0,3.5320915051922572,3.5320915051922572,0.46790849480774277,11.69771237019357
6030,128.96,134.42087394088333,134.42087394088333,5.460873940883317,4.234548651429371
3706,30.49,27.580474887343705,27.580474887343705,2.9095251126562935,9.542555305530644
4176,6.5,6.601351688821786,6.601351688821786,0.10135168882178558,1.5592567511043935
501,10.0,10.303235018077658,10.303235018077658,0.3032350180776575,3.032350180776575
6193,26.99,25.43695289022874,25.43695289022874,1.55304710977126,5.754157501931307
2605,5.5,6.85664147265306,6.85664147265306,1.3566414726530596,24.666208593691994
6874,64.89,75.93281238605078,75.93281238605078,11.042812386050784,17.017741387040815
3312,23.5,23.50506517597101,23.50506517597101,0.005065175971008529,0.02155394030216395
2812,6.5,7.156866028787665,7.156866028787665,0.6568660287876646,10.105631212117917
4763,5.5,7.830933589170115,7.830933589170115,2.3309335891701153,42.380610712183916
6753,76.79,53.01454784456645,53.01454784456645,23.775452155433555,30.96165145908784
672,7.9,5.913815568613637,5.913815568613637,1.9861844313863637,25.141575080840045
4766,13.8,21.490477990370703,21.490477990370703,7.690477990370702,55.72810137949784
3753,7.35,7.90035573716044,7.90035573716044,0.55035573716044,7.487833158645442
1374,12.8,11.484233025576001,11.484233025576001,1.3157669744239993,10.279429487687494
7043,23.99,24.637395789163982,24.637395789163982,0.6473957891639834,2.698606874380923
6988,15.58,14.875024941232546,14.875024941232546,0.7049750587674541,4.524872007493287
5718,79.99,79.9466952109982,79.9466952109982,0.043304789001794575,0.054137753471427144
1192,4.9,6.9780305031614525,6.9780305031614525,2.078030503161452,42.40878577880514
3053,52.9,43.22955609870444,43.22955609870444,9.670443901295556,18.28061228978366
3950,2.8,2.198984950843985,2.198984950843985,0.6010150491560147,21.464823184143384
216,13.0,11.258140527162011,11.258140527162011,1.741859472837989,13.398919021830686
4697,6.49,8.487479480514898,8.487479480514898,1.9974794805148974,30.777804014097033
421,1.2,1.4735745285499011,1.4735745285499011,0.27357452854990116,22.797877379158432
505,3.9,5.5816558496358395,5.5816558496358395,1.6816558496358396,43.119380759893325
4836,2.9,3.353832402167973,3.353832402167973,0.45383240216797294,15.649393178205964
6453,19.9,16.794249445684326,16.794249445684326,3.105750554315673,15.606786705103884
6845,49.5,29.572356152945698,29.572356152945698,19.927643847054302,40.25786635768546
6252,20.59,26.709973109022037,26.709973109022037,6.1199731090220375,29.72303598359416
506,16.3,15.095636461136824,15.095636461136824,1.204363538863177,7.388733367258754
1807,8.9,6.624747668022925,6.624747668022925,2.275252331977075,25.564632943562643
4436,20.89,21.615520082564675,21.615520082564675,0.7255200825646746,3.4730497011233825
1438,5.99,2.820088432876073,2.820088432876073,3.1699115671239273,52.92005955131764
5520,76.49,66.88405131720853,66.88405131720853,9.605948682791464,12.55843728956918
7069,41.599,33.64533145350926,33.64533145350926,7.953668546490739,19.119855156351694
4704,3.8,3.1626671662494625,3.1626671662494625,0.6373328337505373,16.771916677645716
1426,27.9,36.80539844782146,36.80539844782146,8.905398447821462,31.918990852406676
2859,7.5,6.647337301737531,6.647337301737531,0.8526626982624688,11.368835976832917
3016,5.0,4.197529144189387,4.197529144189387,0.8024708558106131,16.04941711621226
2688,20.49,22.317664992915105,22.317664992915105,1.827664992915107,8.919790106955135
4664,12.0,7.602094225141083,7.602094225141083,4.397905774858917,36.64921479049097
2280,2.95,3.856695069686793,3.856695069686793,0.9066950696867928,30.735426091077723
347,6.5,6.31605164475597,6.31605164475597,0.18394835524402975,2.8299746960619965
4320,12.99,15.772486906133327,15.772486906133327,2.782486906133327,21.420222526045627
333,11.5,6.460658403222273,6.460658403222273,5.039341596777727,43.82036171111067
4386,6.5,7.643134499258433,7.643134499258433,1.1431344992584327,17.58668460397589
3381,7.75,6.879666024483237,6.879666024483237,0.870333975516763,11.230115813119522
5781,18.355,17.04624199275662,17.04624199275662,1.3087580072433802,7.130253376428112
6380,15.89,19.174630990895604,19.174630990895604,3.2846309908956037,20.671057211426078
5832,83.49,96.45639342840316,96.45639342840316,12.966393428403165,15.530474821419531
6831,8.29,8.923740616963306,8.923740616963306,0.6337406169633066,7.644639529111058
3023,9.79,10.32751391293537,10.32751391293537,0.5375139129353705,5.490438334375593
6726,5.65,4.758048986462401,4.758048986462401,0.8919510135375992,15.786743602435383
746,14.5,15.642392967400804,15.642392967400804,1.142392967400804,7.878572188971061
3410,34.0,30.45764319249259,30.45764319249259,3.54235680750741,10.418696492668854
5257,5.7,5.742411877367169,5.742411877367169,0.04241187736716867,0.7440680239854153
3704,5.0,4.339003667146139,4.339003667146139,0.6609963328538608,13.219926657077217
3589,2.5,4.0211232752367465,4.0211232752367465,1.5211232752367465,60.84493100946986
5019,7.8,5.602735783040373,5.602735783040373,2.197264216959627,28.17005406358496
4038,24.2,22.317664992915105,22.317664992915105,1.8823350070848939,7.7782438309293145
3608,9.3,6.554683970929167,6.554683970929167,2.7453160290708336,29.519527194310037
6968,28.59,26.979903431970634,26.979903431970634,1.6100965680293662,5.631677397794215
259,4.8,5.7590057279941735,5.7590057279941735,0.9590057279941737,19.97928599987862
1795,11.49,9.087244495289646,9.087244495289646,2.4027555047103544,20.911710223762874
4210,20.0,13.049632025309835,13.049632025309835,6.950367974690165,34.75183987345083
3653,8.3,5.615734686059205,5.615734686059205,2.684265313940796,32.34054595109392
3265,4.59,5.913815568613637,5.913815568613637,1.3238155686136368,28.841297791146776
3246,5.0,6.4909372490039035,6.4909372490039035,1.4909372490039035,29.818744980078073
1730,25.0,16.914412628736944,16.914412628736944,8.085587371263056,32.342349485052225
599,11.5,14.834680343556476,14.834680343556476,3.3346803435564762,28.99722037875197
45,13.0,11.017421752843278,11.017421752843278,1.982578247156722,15.250601901205554
4651,23.5,12.26394999106748,12.26394999106748,11.23605000893252,47.812978761414975
5070,6.0,5.324668568994646,5.324668568994646,0.675331431005354,11.255523850089233
4575,6.0,4.827835771035122,4.827835771035122,1.1721642289648777,19.53607048274796
3921,14.2,11.566019721539702,11.566019721539702,2.6339802784602977,18.549156890565477
3881,2.686686,3.3164692285533373,3.3164692285533373,0.6297832285533373,23.440894416144552
6979,5.85,12.019275108822036,12.019275108822036,6.169275108822037,105.45769416789807
6997,28.9,23.254808796797764,23.254808796797764,5.645191203202234,19.533533575094236
1421,1.9,6.14952894960291,6.14952894960291,4.24952894960291,223.65941840015316
4251,17.2,18.442466381100427,18.442466381100427,1.242466381100428,7.223641750583884
3529,2.3,3.395363512015172,3.395363512015172,1.0953635120151723,47.6245005223988
6651,12.09,12.83316551093671,12.83316551093671,0.743165510936711,6.146943845630364
6497,96.79,96.63707028734743,96.63707028734743,0.15292971265257904,0.15800156281907124
7180,15.99,17.35646892417421,17.35646892417421,1.3664689241742085,8.545771883516002
3044,13.2,16.079836026896686,16.079836026896686,2.8798360268966867,21.816939597702174
1298,4.1,5.913815568613637,5.913815568613637,1.813815568613637,44.23940411252774
426,6.5,5.2371042072327985,5.2371042072327985,1.2628957927672015,19.429166042572334
4603,8.2,4.932866175671859,4.932866175671859,3.2671338243281403,39.84309541863586
805,19.9,18.860551244584677,18.860551244584677,1.0394487554153216,5.223360579976491
410,7.7,12.988950090583707,12.988950090583707,5.288950090583707,68.6876635140741
6097,12.38,15.374724319549413,15.374724319549413,2.9947243195494124,24.190018736263426
3858,15.0,4.7794909733735365,4.7794909733735365,10.220509026626463,68.13672684417642
438,8.8,12.225243508806013,12.225243508806013,3.4252435088060125,38.923221690977414
2389,2.0,2.4542364847848783,2.4542364847848783,0.4542364847848783,22.711824239243917
4161,9.2,11.429722718784115,11.429722718784115,2.2297227187841155,24.236116508522997
434,5.8,6.867276199218936,6.867276199218936,1.0672761992189361,18.40131377963683
751,10.5,6.8723619052456515,6.8723619052456515,3.6276380947543485,34.5489342357557
3411,8.5,6.803438632128195,6.803438632128195,1.696561367871805,19.959545504374177
2874,6.99,6.277557918782791,6.277557918782791,0.7124420812172092,10.192304452320588
4383,14.6,15.784764300818367,15.784764300818367,1.184764300818367,8.114823978207994
2142,9.0,7.752771059408717,7.752771059408717,1.2472289405912829,13.858099339903143
6044,24.0,35.29457405643356,35.29457405643356,11.29457405643356,47.06072523513984
4937,7.5,6.825959448040641,6.825959448040641,0.6740405519593589,8.987207359458118
4856,5.9,8.179093667268827,8.179093667268827,2.2790936672688265,38.62870622489536
1049,6.0,8.18292126876865,8.18292126876865,2.1829212687686503,36.38202114614417
626,6.5,6.396308386731545,6.396308386731545,0.10369161326845511,1.5952555887454631
1926,10.2,10.373663340301427,10.373663340301427,0.17366334030142738,1.702581767661053
1223,7.6,6.277557918782791,6.277557918782791,1.3224420812172086,17.400553700226432
210,7.89,11.16372963886339,11.16372963886339,3.273729638863391,41.49213737469444
2431,3.89,3.1174053056279267,3.1174053056279267,0.7725946943720734,19.861046127816795
6216,14.59,18.591688422380138,18.591688422380138,4.001688422380138,27.427610845648648
4927,16.0,20.468551131683594,20.468551131683594,4.4685511316835935,27.92844457302246
51,18.8,15.859646680031311,15.859646680031311,2.9403533199686898,15.64017723387601
1109,12.5,11.763660262855746,11.763660262855746,0.7363397371442542,5.890717897154033
1436,7.2,7.308681214305128,7.308681214305128,0.10868121430512812,1.5094613097934462
7277,10.49,13.071435285026133,13.071435285026133,2.5814352850261333,24.608534652298697
3882,2.8,3.751572926555543,3.751572926555543,0.951572926555543,33.984747376983684
1786,10.8,5.742411877367169,5.742411877367169,5.057588122632832,46.8295196540077
5456,22.0,25.894837820065913,25.894837820065913,3.894837820065913,17.703808273026876
4338,6.0,6.023817689738431,6.023817689738431,0.023817689738431014,0.3969614956405169
6336,19.592,27.317141102302944,27.317141102302944,7.7251411023029455,39.430079125678574
1558,2.8,3.975567670383809,3.975567670383809,1.1755676703838094,41.98455965656463
2249,26.49,26.03319213123049,26.03319213123049,0.4568078687695092,1.7244540157399366
5044,36.0,25.738285334378617,25.738285334378617,10.261714665621383,28.5047629600594
3786,8.5,10.112898214325082,10.112898214325082,1.6128982143250816,18.97527310970684
4233,12.8,20.02111320783111,20.02111320783111,7.2211132078311095,56.41494693618054
4561,13.0,10.108519970471075,10.108519970471075,2.8914800295289247,22.24215407329942
3733,3.5,3.502674810204971,3.502674810204971,0.0026748102049709566,0.0764231487134559
5661,63.05,78.84199451470107,78.84199451470107,15.791994514701074,25.04677956336411
5664,70.99,66.88405131720853,66.88405131720853,4.105948682791464,5.7838409392751995
6291,8.89,9.37396492447186,9.37396492447186,0.48396492447185935,5.443924909694705
6970,20.49,25.95810371329319,25.95810371329319,5.468103713293193,26.68669454999118
4693,29.5,14.269294836299244,14.269294836299244,15.230705163700756,51.629509029494095
3164,1.0,1.454974462576768,1.454974462576768,0.454974462576768,45.4974462576768
2112,5.4,4.587650260715634,4.587650260715634,0.8123497392843664,15.04351369045123
705,7.2,7.875111645357443,7.875111645357443,0.6751116453574424,9.376550629964479
2943,26.5,23.50506517597101,23.50506517597101,2.9949348240289915,11.30164084539242
6952,20.99,14.294751362553695,14.294751362553695,6.695248637446303,31.89732557144499
57,3.8,5.912855391588471,5.912855391588471,2.1128553915884716,55.601457673380835
4881,9.8,8.917041451727082,8.917041451727082,0.882958548272919,9.009781104825704
5640,17.2,20.613601942145237,20.613601942145237,3.413601942145238,19.84652291944906
527,4.5,13.20045666317586,13.20045666317586,8.70045666317586,193.34348140390802
1935,3.8,3.7875795331298527,3.7875795331298527,0.012420466870147084,0.32685439131966015
5058,1.95,4.144439609948218,4.144439609948218,2.194439609948218,112.53536461272915
565,4.0,5.624566235011109,5.624566235011109,1.624566235011109,40.614155875277724
1871,4.9,5.539221793840614,5.539221793840614,0.6392217938406137,13.045342731441096
6095,18.85,18.128090112378572,18.128090112378572,0.7219098876214289,3.829760677036758
640,5.5,5.481273603844159,5.481273603844159,0.018726396155840597,0.34047993010619265
5282,5.0,4.453402097553006,4.453402097553006,0.5465979024469938,10.931958048939876
1747,41.0,31.49993946569605,31.49993946569605,9.500060534303952,23.170879351960856
730,6.5,8.032967094689049,8.032967094689049,1.5329670946890488,23.58410914906229
