sample_id,y_true_price,raw_prediction,y_pred_price,absolute_error,absolute_percentage_error
3909,5.5,3.7324157836821352,3.7324157836821352,1.7675842163178648,32.13789484214299
6004,37.499,28.80059101394266,28.80059101394266,8.698408986057341,23.196375866176005
1768,27.49,19.723677377377953,19.723677377377953,7.766322622622045,28.251446426417044
3360,7.8,7.669650306177158,7.669650306177158,0.13034969382284167,1.6711499208056626
4700,12.99,11.154203558587175,11.154203558587175,1.8357964414128247,14.132382150984025
865,3.5,3.01600773527017,3.01600773527017,0.4839922647298298,13.828350420852281
7074,52.5,34.7384847101203,34.7384847101203,17.761515289879704,33.83145769500896
2233,26.0,28.299353632329304,28.299353632329304,2.2993536323293036,8.843667816651166
1720,22.0,12.22948399602974,12.22948399602974,9.77051600397026,44.411436381683
1662,4.7,9.3427313949547,9.3427313949547,4.6427313949547,98.78151904158938
1566,11.49,16.374519059804722,16.374519059804722,4.884519059804722,42.51104490691664
5141,3.2,5.478069683053043,5.478069683053043,2.278069683053043,71.18967759540759
7264,63.86,54.56634401914685,54.56634401914685,9.293655980853153,14.55317253500337
5464,127.0,107.52403130411189,107.52403130411189,19.475968695888113,15.335408421959142
6348,31.79,28.195481314197263,28.195481314197263,3.5945186858027363,11.30707356339332
6283,17.99,33.017168910890014,33.017168910890014,15.027168910890015,83.53067765919965
6419,30.9,31.610701852390683,31.610701852390683,0.7107018523906845,2.300005994791859
763,7.9,12.749235895294634,12.749235895294634,4.849235895294633,61.3827328518308
3297,4.8,5.7188463889780605,5.7188463889780605,0.9188463889780607,19.1426331037096
2654,3.59,2.6987591252729395,2.6987591252729395,0.8912408747270604,24.825651106603356
2189,3.1399,5.0529074479832685,5.0529074479832685,1.9130074479832686,60.92574438623105
3945,1.9,1.990696701167471,1.990696701167471,0.09069670116747108,4.773510587761636
6006,20.04,23.974152769560096,23.974152769560096,3.9341527695600966,19.631500846108267
1197,19.8,12.171667503700466,12.171667503700466,7.628332496299535,38.5269317994926
429,7.5,7.242251248904311,7.242251248904311,0.25774875109568907,3.4366500146091874
4271,5.7,5.898853732480133,5.898853732480133,0.19885373248013316,3.4886619733356694
3905,5.1,6.508161137629265,6.508161137629265,1.408161137629265,27.611002698613042
2316,2.7,6.0921252003149915,6.0921252003149915,3.3921252003149913,125.63426667833299
4584,13.5,9.537160072979638,9.537160072979638,3.9628399270203616,29.35436982978046
7086,51.49,55.84186131472432,55.84186131472432,4.351861314724317,8.451857282432156
1992,16.5,15.108647878431745,15.108647878431745,1.3913521215682554,8.432437100413669
7240,13.1,14.072436319799342,14.072436319799342,0.9724363197993426,7.42317801373544
554,7.2,10.172824586426715,10.172824586426715,2.9728245864267153,41.28923036703771
1905,11.999,10.955533050092411,10.955533050092411,1.0434669499075895,8.696282606113755
2034,14.5,12.60494776024274,12.60494776024274,1.8950522397572591,13.069325791429373
1215,6.2,5.9572489284673145,5.9572489284673145,0.2427510715326857,3.915339863430414
1615,7.0,7.87028131843789,7.87028131843789,0.8702813184378897,12.432590263398424
1002,3.2,2.510552062363617,2.510552062363617,0.6894479376363831,21.545248051136973
2388,9.95,8.22608434415712,8.22608434415712,1.7239156558428785,17.325785485858077
6001,38.9,33.73978711027769,33.73978711027769,5.16021288972231,13.265328765352983
1533,4.95,4.594753600106253,4.594753600106253,0.35524639989374673,7.17669494734842
5326,26.5,29.57648403381091,29.57648403381091,3.0764840338109103,11.609373712494001
2764,22.5,20.100201794918913,20.100201794918913,2.399798205081087,10.665769800360387
6702,12.99,12.754630376737236,12.754630376737236,0.23536962326276445,1.811929355371551
496,10.89,13.704392985080176,13.704392985080176,2.8143929850801754,25.84382906409711
2691,29.5,30.24016152791977,30.24016152791977,0.7401615279197706,2.5090221285415955
7213,26.25,31.333401072754032,31.333401072754032,5.083401072754032,19.36533742001536
5400,13.99,13.437170588683326,13.437170588683326,0.5528294113166741,3.9516040837503508
5931,44.99,36.2008381387284,36.2008381387284,8.789161861271602,19.535812094402313
828,4.8,3.858421143399899,3.858421143399899,0.9415788566001009,19.61622617916877
3552,1.55,3.637422220360878,3.637422220360878,2.087422220360878,134.67240131360504
61,6.9,9.31819088838756,9.31819088838756,2.41819088838756,35.04624475924
1429,10.0,14.239601589464261,14.239601589464261,4.239601589464261,42.39601589464261
2970,3.2,3.410368793598456,3.410368793598456,0.21036879359845573,6.574024799951742
3955,29.9,33.459613735557966,33.459613735557966,3.559613735557967,11.905062660728987
4121,14.5,13.164331419334495,13.164331419334495,1.335668580665505,9.211507452865552
3550,16.4,15.665633127899746,15.665633127899746,0.734366872100253,4.477846781099104
5189,4.6,2.972788366548151,2.972788366548151,1.6272116334518487,35.37416594460541
465,5.95,6.680617186289158,6.680617186289158,0.730617186289158,12.279280441834587
5636,7.5,14.681279017650583,14.681279017650583,7.181279017650583,95.75038690200778
6951,12.9,17.96451442237195,17.96451442237195,5.064514422371948,39.259801723813545
4230,8.2,7.399878325330041,7.399878325330041,0.800121674669958,9.757581398414123
6145,42.45,58.76516106728231,58.76516106728231,16.315161067282304,38.433830547190354
1902,8.9,8.423948635360864,8.423948635360864,0.47605136463913666,5.3488917375183895
185,4.7,4.594753600106253,4.594753600106253,0.10524639989374673,2.2392851041222706
2662,4.8,4.546632623077285,4.546632623077285,0.25336737692271516,5.278487019223233
932,2.0,4.263177563260994,4.263177563260994,2.263177563260994,113.1588781630497
6485,20.95,26.649159925607147,26.649159925607147,5.699159925607148,27.203627329867057
5510,12.99,26.700210202369288,26.700210202369288,13.710210202369288,105.54434335927087
1487,18.99,9.31819088838756,9.31819088838756,9.671809111612438,50.93106430548941
1084,17.0,11.95282180480208,11.95282180480208,5.047178195197921,29.689283501164237
7123,11.999,14.270998638178325,14.270998638178325,2.2719986381783244,18.934899893143797
5735,99.69,78.84597984878809,78.84597984878809,20.844020151211907,20.908837547609497
2939,12.5,11.323429125149,11.323429125149,1.1765708748510004,9.412566998808003
1940,7.5,8.008709217164162,8.008709217164162,0.5087092171641618,6.782789562188825
5481,17.86,18.480896444736675,18.480896444736675,0.620896444736676,3.476463856308377
3268,2.2,2.5818747446451082,2.5818747446451082,0.38187474464510807,17.357942938414002
1703,22.5,24.700439322232793,24.700439322232793,2.2004393222327927,9.779730321034634
6381,19.8,20.66983144927601,20.66983144927601,0.8698314492760097,4.393088127656615
3244,1.5,2.4043990507695927,2.4043990507695927,0.9043990507695927,60.29327005130618
4438,1.5,2.4855760563235743,2.4855760563235743,0.9855760563235743,65.70507042157162
5549,17.5,15.525682128285167,15.525682128285167,1.9743178717148329,11.281816409799045
4063,8.0,8.826812384442169,8.826812384442169,0.8268123844421691,10.335154805527115
5269,5.299999,5.687370183877291,5.687370183877291,0.3873711838772911,7.30889164087184
7091,24.299,33.38222041493851,33.38222041493851,9.08322041493851,37.381046195063625
2718,22.0,17.911345828724397,17.911345828724397,4.0886541712756035,18.584791687616377
1740,7.8,8.932486060519878,8.932486060519878,1.132486060519878,14.519052057947155
5023,17.5,14.624065637830919,14.624065637830919,2.8759343621690814,16.43391064096618
3994,7.0,8.009074308204488,8.009074308204488,1.0090743082044877,14.41534726006411
101,12.6,13.238866252370121,13.238866252370121,0.6388662523701214,5.070367082302551
4505,15.0,16.52200255172536,16.52200255172536,1.522002551725361,10.146683678169072
736,8.2,10.840804320168843,10.840804320168843,2.6408043201688436,32.20493073376639
7111,48.49,57.39438309980094,57.39438309980094,8.904383099800938,18.363339038566586
538,25.5,19.466037329660224,19.466037329660224,6.0339626703397755,23.662598707214805
4520,9.0,6.254726181190812,6.254726181190812,2.7452738188091876,30.503042431213196
5153,8.5,8.762482352446089,8.762482352446089,0.26248235244608864,3.088027675836337
733,10.8,14.723172063546722,14.723172063546722,3.923172063546721,36.32566725506223
5218,4.4,7.70978311508102,7.70978311508102,3.3097831150810197,75.22234352456863
79,3.7,3.296831594248855,3.296831594248855,0.4031684057511451,10.896443398679596
5808,17.79,16.892595181185566,16.892595181185566,0.897404818814433,5.044434057416712
3113,5.5,5.898853732480133,5.898853732480133,0.39885373248013334,7.251886045093333
5278,5.3,3.8734221584180926,3.8734221584180926,1.4265778415819073,26.91656304871523
3082,5.9,5.812924740416303,5.812924740416303,0.08707525958369722,1.4758518573508002
4939,11.5,9.68634419648358,9.68634419648358,1.8136558035164203,15.770920030577567
132,8.9,7.222224753581248,7.222224753581248,1.6777752464187525,18.85140726313205
737,12.2,8.424411330405313,8.424411330405313,3.7755886695946863,30.947448111431857
1041,9.0,9.412091700801763,9.412091700801763,0.4120917008017635,4.57879667557515
2095,13.5,16.282172849662604,16.282172849662604,2.7821728496626044,20.60868777527855
7199,21.99,22.648891293492223,22.648891293492223,0.6588912934922249,2.996322389687244
6848,42.499,33.754654651283836,33.754654651283836,8.744345348716166,20.57541435967003
1634,9.3,15.108647878431745,15.108647878431745,5.808647878431744,62.45857933797574
6425,20.34,18.424355448086082,18.424355448086082,1.9156445519139176,9.41811480783637
5527,23.9,27.624107473616146,27.624107473616146,3.7241074736161472,15.582039638561287
6243,47.499,31.542000222472844,31.542000222472844,15.956999777527159,33.59439099249912
6607,41.0,46.52687783058458,46.52687783058458,5.526877830584581,13.480189830694101
3308,17.2,15.695520664943256,15.695520664943256,1.5044793350567431,8.746972878236878
4726,5.0,8.313493706688993,8.313493706688993,3.313493706688993,66.26987413377987
5241,1.8,4.269933544992215,4.269933544992215,2.469933544992215,137.21853027734528
5112,14.499,9.176748633110344,9.176748633110344,5.322251366889656,36.70771340706018
2647,7.5,8.279602880209188,8.279602880209188,0.7796028802091879,10.394705069455838
3139,6.2,6.25704026827671,6.25704026827671,0.05704026827670994,0.9200043270437086
5239,6.6,7.161402965384885,7.161402965384885,0.5614029653848851,8.506105536134623
319,9.0,8.152731691696301,8.152731691696301,0.8472683083036987,9.41409231448554
5857,4.845,11.755042958517816,11.755042958517816,6.910042958517816,142.62214568664226
6898,38.8,42.42494107692761,42.42494107692761,3.6249410769276125,9.342631641566012
842,7.5,5.794615743556516,5.794615743556516,1.7053842564434838,22.738456752579783
1894,5.5,4.2453952890749,4.2453952890749,1.2546047109250997,22.81099474409272
177,7.5,11.658515609301757,11.658515609301757,4.158515609301757,55.446874790690096
5163,3.8,2.061546903825748,2.061546903825748,1.738453096174252,45.748765688796105
4671,7.3,6.42647459890259,6.42647459890259,0.8735254010974094,11.96610138489602
3832,22.9,14.584495798057443,14.584495798057443,8.315504201942556,36.31224542332994
3961,3.95,4.597857488875307,4.597857488875307,0.6478574888753066,16.401455414564722
1509,4.0,2.0953379397873295,2.0953379397873295,1.9046620602126705,47.616551505316764
6654,19.49,17.699114048024192,17.699114048024192,1.790885951975806,9.188742698695773
2177,11.4,8.23006125824596,8.23006125824596,3.1699387417540397,27.806480190824907
3671,1.4,2.110565017867329,2.110565017867329,0.7105650178673293,50.754644133380665
1755,6.9,4.950673718394017,4.950673718394017,1.949326281605983,28.251105530521492
2245,4.0,5.702451337094687,5.702451337094687,1.7024513370946872,42.56128342736718
3193,4.799,5.7188463889780605,5.7188463889780605,0.9198463889780601,19.16745965780496
1038,13.5,11.7975388982898,11.7975388982898,1.7024611017102007,12.610822975631116
6559,8.1,6.109446169911977,6.109446169911977,1.9905538300880226,24.57473864306201
3450,7.29,6.445324392478715,6.445324392478715,0.8446756075212853,11.586771022239855
5444,41.29,36.22643105912147,36.22643105912147,5.0635689408785325,12.263426836712359
3433,17.49,14.885821502833151,14.885821502833151,2.6041784971668474,14.889528285688094
3002,15.9,16.048312256108254,16.048312256108254,0.1483122561082535,0.9327814849575691
2516,1.5,1.4356248183684264,1.4356248183684264,0.06437518163157363,4.291678775438243
3698,5.35,4.411714164385325,4.411714164385325,0.9382858356146748,17.538053002143457
2045,4.99,5.881028346041085,5.881028346041085,0.891028346041085,17.85627947978126
4239,9.49,6.023040279638918,6.023040279638918,3.466959720361082,36.53276839158148
4710,4.99,5.857195010919604,5.857195010919604,0.8671950109196036,17.378657533458988
1728,31.5,29.822679249410893,29.822679249410893,1.6773207505891072,5.3248277796479595
3319,9.19,10.737985430920263,10.737985430920263,1.5479854309202636,16.844237550818974
5372,2.899,5.897931009234772,5.897931009234772,2.998931009234772,103.44708552034399
2771,27.5,20.068988244628624,20.068988244628624,7.431011755371376,27.021860928623187
4552,1.5,2.3667265418995815,2.3667265418995815,0.8667265418995815,57.7817694599721
3379,5.0,10.35982722406567,10.35982722406567,5.35982722406567,107.1965444813134
3857,6.7,7.210451799676803,7.210451799676803,0.5104517996768028,7.618683577265712
5435,23.49,30.43939262627699,30.43939262627699,6.9493926262769925,29.58447265337162
4104,3.2,3.5975271920704217,3.5975271920704217,0.39752719207042153,12.422724752200672
6784,28.799,17.429906237347318,17.429906237347318,11.369093762652682,39.477390751945144
2412,21.49,14.091000425171089,14.091000425171089,7.39899957482891,34.42996544824993
6248,27.89,32.70062053058133,32.70062053058133,4.810620530581332,17.24854976902593
3045,11.5,11.654000274830695,11.654000274830695,0.154000274830695,1.3391328246147391
1918,14.9,12.751891180719765,12.751891180719765,2.1481088192802353,14.416837713290171
3824,4.0,6.5847630503384735,6.5847630503384735,2.5847630503384735,64.61907625846183
1550,13.5,13.012216163542085,13.012216163542085,0.4877838364579148,3.6132136033919613
1934,7.9,8.050652383682442,8.050652383682442,0.15065238368244138,1.906992198511916
7148,19.199,14.71739843376795,14.71739843376795,4.481601566232051,23.34289059967733
3370,8.99,8.546638293591462,8.546638293591462,0.4433617064085382,4.931720872175063
2481,10.7,11.31540661123868,11.31540661123868,0.6154066112386811,5.751463656436273
6017,21.999,14.489046900378924,14.489046900378924,7.509953099621075,34.137702166557915
5643,21.1,18.64808096626015,18.64808096626015,2.451919033739852,11.620469354217306
3889,2.9,6.015401554558264,6.015401554558264,3.115401554558264,107.42763981235393
3664,26.0,25.051107829600422,25.051107829600422,0.9488921703995779,3.649585270767607
1600,14.8,15.108647878431745,15.108647878431745,0.3086478784317439,2.0854586380523235
2275,23.49,16.73782237447132,16.73782237447132,6.752177625528677,28.744902620386025
4024,8.2,7.1454846308520255,7.1454846308520255,1.0545153691479738,12.859943526194803
2312,8.0,8.205100818394888,8.205100818394888,0.2051008183948877,2.563760229936096
3935,6.9,5.771932318765173,5.771932318765173,1.1280676812348274,16.348806974417787
4352,1.0,4.5832949260470235,4.5832949260470235,3.5832949260470235,358.32949260470235
1672,1.3,5.490059685519096,5.490059685519096,4.190059685519096,322.3122835014689
3792,15.9,15.968192785376369,15.968192785376369,0.06819278537636819,0.4288854426186679
1034,4.6,5.702451337094687,5.702451337094687,1.1024513370946876,23.966333415101907
3439,10.5,9.189201816331963,9.189201816331963,1.3107981836680374,12.48379222540988
3221,8.9,11.109071365425658,11.109071365425658,2.2090713654256575,24.821026577816376
2955,5.5,5.481153677155026,5.481153677155026,0.018846322844973784,0.3426604153631597
4490,2.0,1.9525886326568413,1.9525886326568413,0.04741136734315865,2.3705683671579325
7244,46.49,36.052882387313126,36.052882387313126,10.437117612686876,22.45024222991369
6285,16.09,16.685564030738053,16.685564030738053,0.5955640307380534,3.70145451049132
2268,16.49,19.38504968944887,19.38504968944887,2.8950496894488715,17.55639593358928
1699,2.6,2.817326553941971,2.817326553941971,0.21732655394197087,8.358713613152725
3519,10.5,10.076581721284862,10.076581721284862,0.42341827871513793,4.032555035382266
87,8.5,9.675885916248452,9.675885916248452,1.1758859162484523,13.833951955864144
7113,22.59,21.475646291684765,21.475646291684765,1.1143537083152353,4.932951342696925
676,5.3,5.76336095693793,5.76336095693793,0.46336095693793045,8.742659564866614
4407,24.99,14.981708994243755,14.981708994243755,10.008291005756243,40.049183696503576
3317,4.9,5.7188463889780605,5.7188463889780605,0.8188463889780602,16.711150795470616
6902,67.0,69.15553657774682,69.15553657774682,2.1555365777468154,3.217218772756441
2569,4.1,4.297545728920477,4.297545728920477,0.19754572892047761,4.818188510255552
393,2.999,3.7125120223241037,3.7125120223241037,0.7135120223241036,23.79166463234757
1149,5.6,4.820993487747649,4.820993487747649,0.7790065122523506,13.910830575934833
1168,5.9,6.296444512823358,6.296444512823358,0.3964445128233578,6.719398522429793
2208,3.4,2.586004242334439,2.586004242334439,0.8139957576655608,23.941051696045907
230,18.5,30.294812306236945,30.294812306236945,11.794812306236945,63.75574219587538
2802,4.999999,5.7188463889780605,5.7188463889780605,0.7188473889780607,14.376950654951345
1543,4.4,5.056558885909536,5.056558885909536,0.6565588859095355,14.921792861580352
2345,28.5,25.957250589411267,25.957250589411267,2.5427494105887334,8.921927756451696
3599,6.0,6.5404579979801944,6.5404579979801944,0.5404579979801944,9.007633299669909
2892,2.2,3.0716310103106887,3.0716310103106887,0.8716310103106886,39.61959137775857
4691,25.9,26.269143148659175,26.269143148659175,0.36914314865917675,1.4252631222362038
2942,16.0,21.23072014311806,21.23072014311806,5.230720143118059,32.69200089448787
5121,24.49,17.415457923483448,17.415457923483448,7.0745420765165505,28.887472750169664
7189,54.99,53.56578100732549,53.56578100732549,1.4242189926745112,2.5899599794044574
970,3.2,2.605563203900039,2.605563203900039,0.594436796099961,18.576149878123783
3718,5.6,5.594353617697951,5.594353617697951,0.005646382302048281,0.10082825539371931
5329,7.0,6.743067558096398,6.743067558096398,0.25693244190360165,3.670463455765738
169,10.5,13.373798330700994,13.373798330700994,2.8737983307009944,27.369507911438042
1056,9.0,5.666353377473075,5.666353377473075,3.333646622526925,37.040518028076946
5968,24.1145,21.49124883188714,21.49124883188714,2.6232511681128585,10.878314574686843
251,3.7,5.121576589249041,5.121576589249041,1.4215765892490406,38.42098889862272
5889,51.0,29.265864571181517,29.265864571181517,21.734135428818483,42.61595182121271
2705,10.5,6.438520090845803,6.438520090845803,4.061479909154197,38.68076103956378
1729,4.3,5.162179273880037,5.162179273880037,0.8621792738800371,20.05068078790784
2533,8.6,5.771781420984895,5.771781420984895,2.828218579015105,32.88626254668727
95,7.5,2.0461341460628715,2.0461341460628715,5.4538658539371285,72.71821138582838
5646,17.5,23.439381113311338,23.439381113311338,5.939381113311338,33.93932064749336
5174,23.49,11.908581937039317,11.908581937039317,11.581418062960681,49.30361031486029
3692,2.8,4.509847504816632,4.509847504816632,1.709847504816632,61.06598231487972
1172,6.69,6.508161137629265,6.508161137629265,0.18183886237073565,2.7180696916402938
1383,11.9,14.469423122350962,14.469423122350962,2.569423122350962,21.59179094412573
5263,7.2,9.285889910865384,9.285889910865384,2.085889910865384,28.970693206463665
711,13.7,15.108647878431745,15.108647878431745,1.4086478784317453,10.2821013024215
2354,7.9,8.23121058739312,8.23121058739312,0.3312105873931195,4.192539080925563
2215,7.0,8.424411330405313,8.424411330405313,1.424411330405313,20.34873329150447
3779,7.49,9.003320934521197,9.003320934521197,1.5133209345211966,20.20455186276631
5242,5.5,12.318508049394776,12.318508049394776,6.818508049394776,123.97287362535955
69,5.5,6.02724685331998,6.02724685331998,0.5272468533199799,9.586306423999634
263,6.5,9.277886838608335,9.277886838608335,2.7778868386083353,42.73672059397439
408,16.0,9.579284780517952,9.579284780517952,6.420715219482048,40.1294701217628
7137,54.99,46.14379698924299,46.14379698924299,8.846203010757009,16.08693037053466
6024,24.39,21.75561637173917,21.75561637173917,2.6343836282608315,10.801080886678276
3217,1.79,5.343550975606015,5.343550975606015,3.553550975606015,198.5224008718444
5196,11.6,13.655665421476783,13.655665421476783,2.0556654214767835,17.72125363342055
37,13.8,14.091000425171089,14.091000425171089,0.29100042517108804,2.1086987331238265
3504,6.99,6.252468267826932,6.252468267826932,0.7375317321730686,10.551240803620438
1862,31.0,24.445884299675562,24.445884299675562,6.554115700324438,21.14230871072399
4602,13.3,13.012216163542085,13.012216163542085,0.2877838364579155,2.1637882440444773
6222,20.66,22.143136823313384,22.143136823313384,1.4831368233133837,7.178784236754035
6474,9.29,10.842781469482901,10.842781469482901,1.5527814694829019,16.714547572474725
2333,28.5,33.78565819734605,33.78565819734605,5.285658197346052,18.54616911349492
1575,6.8,9.537160072979638,9.537160072979638,2.7371600729796386,40.25235401440645
6763,35.89,47.38722290426745,47.38722290426745,11.497222904267453,32.03461383189594
5733,20.0,30.500587196118985,30.500587196118985,10.500587196118985,52.50293598059492
3295,11.0,11.044054661708936,11.044054661708936,0.04405466170893568,0.400496924626688
3985,19.5,15.507152604161515,15.507152604161515,3.992847395838485,20.476140491479413
5958,89.09,110.38440770860329,110.38440770860329,21.294407708603288,23.902130102821065
3641,13.8,10.619719033560584,10.619719033560584,3.180280966439417,23.04551424956099
1163,5.39,5.7188463889780605,5.7188463889780605,0.32884638897806084,6.101046177700573
3781,8.5,10.279220194257684,10.279220194257684,1.7792201942576842,20.93200228538452
1554,23.99,22.16503985163341,22.16503985163341,1.8249601483665892,7.60717027247432
19,10.0,5.491963918233232,5.491963918233232,4.508036081766768,45.08036081766768
3257,7.1,13.178331474256098,13.178331474256098,6.078331474256098,85.61030245431124
3279,6.699999,8.152731691696301,8.152731691696301,1.4527326916963013,21.682580724210574
982,1.7,2.6863179481254806,2.6863179481254806,0.9863179481254807,58.01870283091063
6602,12.15,16.45561942161934,16.45561942161934,4.305619421619339,35.437196885755874
239,4.8,5.475931020140922,5.475931020140922,0.6759310201409221,14.081896252935877
7053,20.99,23.282553673090984,23.282553673090984,2.2925536730909855,10.922123263892262
2509,22.05,19.204018398379517,19.204018398379517,2.8459816016204833,12.906946039095162
3800,7.3,4.702376273553473,4.702376273553473,2.5976237264465265,35.58388666365105
6775,25.99,39.81713817914577,39.81713817914577,13.827138179145773,53.20176290552433
1322,2.5,2.791661587912923,2.791661587912923,0.2916615879129232,11.666463516516927
3842,10.9,14.075220512333372,14.075220512333372,3.1752205123333717,29.13046341590249
3166,10.9,8.119039550817526,8.119039550817526,2.7809604491824746,25.51339861635298
4381,12.0,11.770713345205074,11.770713345205074,0.22928665479492594,1.9107221232910494
5635,15.999,27.75759460007978,27.75759460007978,11.75859460007978,73.49580973860729
5514,28.49,33.29950722151348,33.29950722151348,4.809507221513481,16.88138722889955
1965,4.5,5.078843987668196,5.078843987668196,0.5788439876681961,12.863199725959914
2486,4.686,9.148580256612203,9.148580256612203,4.462580256612203,95.23218644072135
4706,3.0,4.705423863840219,4.705423863840219,1.7054238638402186,56.84746212800729
2676,6.2,5.641429830381025,5.641429830381025,0.5585701696189753,9.00919628417702
1726,6.799999,8.981919200866155,8.981919200866155,2.1819202008661556,32.087066496129715
332,4.0,3.491808877277731,3.491808877277731,0.5081911227222689,12.704778068056722
4728,4.99,5.7188463889780605,5.7188463889780605,0.7288463889780603,14.606140059680566
3544,4.75,8.906153888266031,8.906153888266031,4.156153888266031,87.49797659507435
6459,13.19,11.308525398852218,11.308525398852218,1.8814746011477812,14.264401828262177
1562,25.0,27.34808731425502,27.34808731425502,2.3480873142550216,9.392349257020086
3989,4.5,5.428841654776193,5.428841654776193,0.9288416547761926,20.640925661693167
1320,29.5,34.60102643237576,34.60102643237576,5.101026432375761,17.291615025002578
6674,35.99,38.052072261660605,38.052072261660605,2.062072261660603,5.729570051849411
2036,10.799,13.059348474734385,13.059348474734385,2.2603484747343856,20.931090607782068
3774,5.5,4.805839125235577,4.805839125235577,0.6941608747644228,12.621106813898598
3121,8.2,8.642003012264988,8.642003012264988,0.4420030122649887,5.390280637377912
2650,3.6,5.823707521630145,5.823707521630145,2.223707521630145,61.76965337861514
4595,3.95,4.167234316286973,4.167234316286973,0.21723431628697298,5.499602943974
2471,3.55,2.923784246289509,2.923784246289509,0.6262157537104907,17.639880386211004
4397,10.8,6.904951678854223,6.904951678854223,3.8950483211457776,36.065262232831266
6418,5.8,6.834788168048267,6.834788168048267,1.0347881680482676,17.841175311177025
1888,13.8,22.63899109340657,22.63899109340657,8.83899109340657,64.05066009714905
5537,25.99,15.348778865932132,15.348778865932132,10.641221134067866,40.943521100684364
7214,57.99,57.0991590877218,57.0991590877218,0.8908409122782004,1.5361974690087952
2519,29.5,34.84770211616976,34.84770211616976,5.3477021161697635,18.127803783626316
1142,13.89,14.00932031240758,14.00932031240758,0.11932031240757901,0.8590375263324621
308,11.3,7.144613211811239,7.144613211811239,4.155386788188761,36.773334408750095
5255,1.99,1.8540257443743118,1.8540257443743118,0.1359742556256882,6.83287716712001
381,4.5,7.446055238469662,7.446055238469662,2.946055238469662,65.46789418821471
4118,7.5,7.727439262850619,7.727439262850619,0.227439262850619,3.03252350467492
3617,7.2,6.023040279638918,6.023040279638918,1.176959720361082,16.346662782792805
1400,9.8,6.7427276686513125,6.7427276686513125,3.0572723313486883,31.196656442333552
7075,23.5,18.99837362624896,18.99837362624896,4.501626373751041,19.155856909578898
6806,14.4,14.950600070729731,14.950600070729731,0.5506000707297307,3.823611602289797
2465,4.3,3.1281874914681094,3.1281874914681094,1.1718125085318905,27.251453686788153
994,10.5,11.881389961211774,11.881389961211774,1.3813899612117737,13.15609486868356
683,4.7,6.351094315675615,6.351094315675615,1.651094315675615,35.129666290970526
3428,7.9,8.248180716446472,8.248180716446472,0.3481807164464712,4.407350841094572
2906,11.9,10.60115612047282,10.60115612047282,1.2988438795271797,10.914654449808232
2984,12.8,10.231330371171628,10.231330371171628,2.5686696288283724,20.06773147522166
457,2.7,4.771303322402483,4.771303322402483,2.071303322402483,76.71493786675862
4028,4.8,4.043998992263074,4.043998992263074,0.7560010077369261,15.750020994519295
3622,3.8,6.680961315561291,6.680961315561291,2.880961315561291,75.81477146213925
756,2.95,3.3446557862093043,3.3446557862093043,0.3946557862093041,13.378162244383187
5845,21.99,24.19347298993492,24.19347298993492,2.203472989934923,10.020341018348901
4100,1.5,3.173898848158759,3.173898848158759,1.6738988481587591,111.59325654391728
1046,11.89,8.214764831192188,8.214764831192188,3.675235168807813,30.91030419518766
1024,4.49,2.5097021565190394,2.5097021565190394,1.9802978434809608,44.104629030756364
2344,13.4,12.936846190999375,12.936846190999375,0.46315380900062486,3.456371708959887
2997,3.2,8.419255299317218,8.419255299317218,5.219255299317218,163.10172810366305
4591,3.55,6.802717828399436,6.802717828399436,3.252717828399436,91.62585432111086
4974,26.9,18.501453831581934,18.501453831581934,8.398546168418065,31.221361220885
1515,28.2,30.04791373181762,30.04791373181762,1.84791373181762,6.552885573821348
5186,24.19,20.10865075547673,20.10865075547673,4.08134924452327,16.872051444908102
1737,4.3,5.731692299980303,5.731692299980303,1.4316922999803028,33.29516976698379
6156,22.85,23.345291794669542,23.345291794669542,0.49529179466954076,2.167578970107399
1869,5.6,6.2334395773878,6.2334395773878,0.6334395773878008,11.311421024782158
6526,22.99,24.289753971029278,24.289753971029278,1.2997539710292791,5.653562292428357
1042,3.5,1.5278085289183816,1.5278085289183816,1.9721914710816184,56.348327745189096
3442,6.5,5.543530964078897,5.543530964078897,0.9564690359211028,14.714908244940043
50,7.5,12.215269281815376,12.215269281815376,4.715269281815376,62.870257090871675
786,6.5,5.857195010919604,5.857195010919604,0.6428049890803962,9.889307524313788
245,18.5,30.863775702444183,30.863775702444183,12.363775702444183,66.8312200132118
5303,4.25,9.154002723785444,9.154002723785444,4.904002723785444,115.38829938318693
3076,14.0,11.429491248913033,11.429491248913033,2.570508751086967,18.360776793478337
5462,37.19,22.894840556451253,22.894840556451253,14.295159443548744,38.438180810832876
7234,54.95,38.38620715404992,38.38620715404992,16.563792845950083,30.14339007452244
625,7.5,9.219870541040283,9.219870541040283,1.719870541040283,22.93160721387044
6414,26.59,17.3444751961603,17.3444751961603,9.2455248038397,34.77068373012298
2272,5.7,4.745158160842081,4.745158160842081,0.9548418391579192,16.751611213296826
4812,12.99,13.516797499140186,13.516797499140186,0.5267974991401854,4.055407999539533
7182,57.28,36.7674843983083,36.7674843983083,20.512515601691703,35.81095600853998
4894,6.9,6.743067558096398,6.743067558096398,0.156932441903602,2.2743832159942317
6403,5.3,6.772585521980301,6.772585521980301,1.4725855219803012,27.784632490194365
1025,12.5,9.148580256612203,9.148580256612203,3.3514197433877975,26.811357947102383
5457,53.99,39.61041757246707,39.61041757246707,14.379582427532931,26.633788530344376
2926,7.5,9.572672222791365,9.572672222791365,2.0726722227913648,27.635629637218194
321,31.8,35.9156618591182,35.9156618591182,4.115661859118202,12.94233289030881
3326,17.0,23.147214971940787,23.147214971940787,6.147214971940787,36.16008807023993
3105,11.9,14.347868703560414,14.347868703560414,2.447868703560413,20.57032524000347
1893,4.5,3.2388573838744863,3.2388573838744863,1.2611426161255137,28.02539146945586
4920,6.8,5.83086930310757,5.83086930310757,0.9691306968924298,14.251922013123968
2138,11.49,10.446325470324046,10.446325470324046,1.043674529675954,9.0833292399996
5476,40.49,29.579119215869685,29.579119215869685,10.910880784130317,26.947099985503375
3475,1.55,1.8566595486989306,1.8566595486989306,0.30665954869893053,19.784487012834227
4098,11.0,11.723900259545951,11.723900259545951,0.7239002595459514,6.58091145041774
7001,45.499,42.15968313800621,42.15968313800621,3.339316861993794,7.339319242167506
5321,14.799,18.716826298888115,18.716826298888115,3.917826298888116,26.473588072762453
5339,2.7,2.8068887661928112,2.8068887661928112,0.10688876619281107,3.9588431923263356
4296,24.5,22.629891488300185,22.629891488300185,1.870108511699815,7.633095966121695
3767,5.9,5.794615743556516,5.794615743556516,0.10538425644348415,1.786173838025155
2126,16.3,22.22212190571834,22.22212190571834,5.922121905718338,36.33203623140085
4279,5.9,3.979545975707392,3.979545975707392,1.9204540242926083,32.550068208349295
233,3.8,5.666353377473075,5.666353377473075,1.8663533774730752,49.114562565080924
65,15.0,13.602109672933823,13.602109672933823,1.397890327066177,9.319268847107848
5856,20.709,31.095132833627485,31.095132833627485,10.386132833627485,50.152749208689386
1595,14.5,17.796924734083042,17.796924734083042,3.296924734083042,22.737411959193395
5133,9.8,15.507152604161515,15.507152604161515,5.707152604161514,58.23625106287259
2656,20.9,22.349646211147693,22.349646211147693,1.4496462111476944,6.936106273433945
3218,32.99,39.49366765599413,39.49366765599413,6.503667655994128,19.714057762940673
509,5.0,4.832985194469096,4.832985194469096,0.1670148055309042,3.3402961106180835
6253,15.5,18.86540710585271,18.86540710585271,3.365407105852711,21.71230390872717
6481,18.99,27.531390676839735,27.531390676839735,8.541390676839736,44.97836059420609
576,26.7,14.137488088936363,14.137488088936363,12.562511911063636,47.05060640847804
217,4.999999,4.150915339348727,4.150915339348727,0.8490836606512726,16.981676609360775
5697,15.59,25.316904036183782,25.316904036183782,9.726904036183782,62.39194378565608
7082,11.9,11.520346586296851,11.520346586296851,0.3796534137031493,3.1903648210348683
3757,4.0,4.700180494906503,4.700180494906503,0.7001804949065029,17.504512372662575
3954,9.2,13.314121954455631,13.314121954455631,4.114121954455632,44.71871689625687
6731,24.5,26.096958646156494,26.096958646156494,1.5969586461564944,6.518198555740794
6889,39.9,27.451714409863108,27.451714409863108,12.44828559013689,31.198710752222787
2115,10.5,6.48153113609532,6.48153113609532,4.01846886390468,38.27113203718743
3467,2.0,3.3889775252428773,3.3889775252428773,1.3889775252428773,69.44887626214387
4871,17.5,16.875448147757975,16.875448147757975,0.6245518522420248,3.568867727097284
6130,20.5,31.435660034819215,31.435660034819215,10.935660034819215,53.34468309667909
3478,9.0,9.148580256612203,9.148580256612203,0.14858025661220253,1.6508917401355836
4487,4.499999,6.414934759061375,6.414934759061375,1.9149357590613754,42.55413743561666
3933,29.99,23.280750971885237,23.280750971885237,6.709249028114762,22.371620633927183
3347,7.6,6.5847630503384735,6.5847630503384735,1.0152369496615261,13.358380916599028
1261,6.5,5.808611391071161,5.808611391071161,0.6913886089288388,10.636747829674444
4382,9.5,10.924106495072367,10.924106495072367,1.4241064950723672,14.990594684972287
3163,9.65,10.021894164414972,10.021894164414972,0.3718941644149716,3.8538255379789796
1412,4.0,3.4789510462617423,3.4789510462617423,0.5210489537382577,13.026223843456442
1281,14.0,10.432306070329984,10.432306070329984,3.567693929670016,25.483528069071543
4588,6.0,8.333990898622586,8.333990898622586,2.333990898622586,38.899848310376434
2917,6.2,5.490059685519096,5.490059685519096,0.709940314480904,11.450650233562968
1565,13.6,19.316721971789462,19.316721971789462,5.716721971789463,42.03472038080488
6580,22.562,15.882587771570924,15.882587771570924,6.679412228429078,29.60469917750677
4002,7.6,6.253894667069835,6.253894667069835,1.3461053329301649,17.71191227539691
6500,7.899,10.675433550255333,10.675433550255333,2.776433550255333,35.1491777472507
6365,25.4,33.45779916068247,33.45779916068247,8.057799160682471,31.72361874284438
6900,21.699,19.454854185428253,19.454854185428253,2.2441458145717483,10.342162378781271
3007,5.0,8.962515758583596,8.962515758583596,3.9625157585835957,79.25031517167191
1315,9.2,10.285380908442354,10.285380908442354,1.085380908442355,11.797618570025598
3885,2.3,3.6153058207048745,3.6153058207048745,1.3153058207048747,57.18720959586412
3745,12.4,11.31540661123868,11.31540661123868,1.08459338876132,8.746720877107418
6498,18.006229,40.15981081963831,40.15981081963831,22.15358181963831,123.03287834247973
1702,40.99,26.85181851505196,26.85181851505196,14.138181484948042,34.491782105264804
1839,6.2,7.183320100754581,7.183320100754581,0.9833201007545807,15.86000162507388
503,10.5,5.714659298422594,5.714659298422594,4.785340701577406,45.57467334835624
7023,38.9,50.22462326453342,50.22462326453342,11.324623264533422,29.112142068209312
5818,9.79,9.34306454279774,9.34306454279774,0.4469354572022599,4.5652242819434115
4694,11.0,4.049471452390158,4.049471452390158,6.950528547609842,63.186623160089475
1721,36.0,41.246540562677495,41.246540562677495,5.246540562677495,14.573723785215265
7187,50.999,81.83188607456225,81.83188607456225,30.832886074562246,60.45782480943204
4618,14.99,14.00932031240758,14.00932031240758,0.9806796875924206,6.542226067994801
1803,18.8,18.501453831581934,18.501453831581934,0.298546168418067,1.5880115341386545
1385,4.2,5.409582838024309,5.409582838024309,1.2095828380243088,28.799591381531158
1373,1.2,2.095681384562254,2.095681384562254,0.895681384562254,74.64011538018784
5834,26.9,27.555449732369937,27.555449732369937,0.655449732369938,2.4366161054644535
5654,44.99,69.04149789707026,69.04149789707026,24.051497897070256,53.45965302749557
5670,16.0,20.29626947581278,20.29626947581278,4.296269475812782,26.851684223829885
856,6.9,7.271339664012697,7.271339664012697,0.37133966401269625,5.381734261053568
2458,13.899999,8.424411330405313,8.424411330405313,5.475587669594686,39.392719881452415
2726,7.8,11.949072472698832,11.949072472698832,4.149072472698832,53.19323682947221
5886,37.99,33.67657091052047,33.67657091052047,4.313429089479534,11.35411710839572
4252,24.79,22.349646211147693,22.349646211147693,2.440353788852306,9.844105642808819
3269,8.1,5.885281617718587,5.885281617718587,2.2147183822814123,27.34220225038781
2505,6.0,7.776220510814683,7.776220510814683,1.7762205108146834,29.60367518024472
318,1.7,2.019264845625771,2.019264845625771,0.31926484562577095,18.780285036810056
6053,30.49,36.644046903304115,36.644046903304115,6.154046903304117,20.18382060775375
176,4.7,5.808611391071161,5.808611391071161,1.108611391071161,23.587476405769383
5683,80.49,55.511098309697104,55.511098309697104,24.97890169030289,31.03354663971039
4967,2.0,3.01600773527017,3.01600773527017,1.0160077352701702,50.80038676350851
3100,2.6,6.45484687516481,6.45484687516481,3.8548468751648097,148.2633413524927
2840,1.85,3.2711314849272215,3.2711314849272215,1.4211314849272214,76.81791810417413
6504,14.2,18.393346034664614,18.393346034664614,4.193346034664614,29.530605877919818
3043,2.7,3.1162865506251376,3.1162865506251376,0.4162865506251374,15.418020393523607
3169,12.5,8.966742398120765,8.966742398120765,3.533257601879235,28.26606081503388
468,4.6,5.94549353287282,5.94549353287282,1.34549353287282,29.249859410278695
472,28.5,23.442154768150225,23.442154768150225,5.057845231849775,17.74682537491149
91,7.9,4.491785019439232,4.491785019439232,3.4082149805607687,43.14196177925023
4304,2.7,4.915983064669621,4.915983064669621,2.2159830646696212,82.0734468396156
4149,5.8,6.435670392184491,6.435670392184491,0.6356703921844913,10.95983434800847
1047,5.6,6.6141009680549905,6.6141009680549905,1.0141009680549908,18.108945858124837
6571,129.29,117.26123696940512,117.26123696940512,12.028763030594874,9.303707193591828
6768,9.49,9.349056032054255,9.349056032054255,0.14094396794574493,1.485184066867702
435,5.5,7.7007871212756,7.7007871212756,2.2007871212756003,40.01431129592001
6016,151.89,131.44805930963864,131.44805930963864,20.44194069036135,13.458384811614557
1335,20.49,17.650511166222703,17.650511166222703,2.8394888337772954,13.857925006233751
1352,8.9,8.193322901985097,8.193322901985097,0.7066770980149037,7.940192112527009
4074,2.55,4.775469363741801,4.775469363741801,2.2254693637418015,87.27330838203143
4868,5.9,6.322083641861285,6.322083641861285,0.4220836418612848,7.153960031547199
6046,25.09,24.95785241089538,24.95785241089538,0.1321475891046191,0.5266942570929418
5546,18.99,19.953287074404415,19.953287074404415,0.9632870744044162,5.072601760950059
4207,8.8,8.21724076941831,8.21724076941831,0.58275923058169,6.622263983882841
3758,11.5,17.002863546720743,17.002863546720743,5.502863546720743,47.85098736278907
106,7.7,5.788327370648546,5.788327370648546,1.9116726293514539,24.826917264304598
5694,19.0,24.925186883715806,24.925186883715806,5.925186883715806,31.185194124820033
5676,26.99,27.505246878753255,27.505246878753255,0.5152468787532563,1.9090288208716424
4791,4.1,4.871071146731199,4.871071146731199,0.7710711467311997,18.80661333490731
5900,27.9,15.61169989602572,15.61169989602572,12.28830010397428,44.04408639417305
5313,12.9,13.221912951426724,13.221912951426724,0.3219129514267234,2.4954492358660727
3333,10.99,9.184833514986847,9.184833514986847,1.805166485013153,16.425536715315314
4086,15.0,16.282172849662604,16.282172849662604,1.2821728496626044,8.547818997750696
1617,12.99,12.025796249723156,12.025796249723156,0.9642037502768446,7.422661664948765
2252,4.0,1.4825849862301705,1.4825849862301705,2.5174150137698295,62.935375344245735
4860,7.8,10.323050307139145,10.323050307139145,2.523050307139145,32.34679880947622
5584,9.299,11.415828346218003,11.415828346218003,2.1168283462180035,22.764042867168552
3494,15.9,17.243624334726967,17.243624334726967,1.3436243347269663,8.450467514006077
1498,6.666,5.773530402948699,5.773530402948699,0.892469597051301,13.388382794048919
996,6.5,8.214764831192188,8.214764831192188,1.7147648311921877,26.380997402956734
5912,15.3205,11.842944423414293,11.842944423414293,3.477555576585706,22.698708113871653
6638,87.999,100.29245750653122,100.29245750653122,12.293457506531226,13.969996825567593
41,18.0,14.49518099255815,14.49518099255815,3.5048190074418493,19.471216708010274
5253,17.2,18.02205311256575,18.02205311256575,0.8220531125657509,4.779378561428784
5689,13.69,13.184261318932823,13.184261318932823,0.5057386810671769,3.6942197302204307
3282,3.7,8.309646939674499,8.309646939674499,4.609646939674499,124.58505242363509
1539,7.3,4.608605554525532,4.608605554525532,2.691394445474468,36.86841706129408
1805,8.9,8.822767132686803,8.822767132686803,0.07723286731319767,0.867785025990985
1144,2.9,9.619127017056057,9.619127017056057,6.719127017056056,231.6940350708985
6198,34.79,34.34758600646093,34.34758600646093,0.44241399353906985,1.2716700015494966
2615,6.5,6.595482001772879,6.595482001772879,0.09548200177287924,1.4689538734289114
2114,14.99,16.07748800014747,16.07748800014747,1.0874880001474683,7.254756505320002
5792,10.89,8.699375376868979,8.699375376868979,2.190624623131022,20.115928587061727
4546,11.0,13.330756301856297,13.330756301856297,2.3307563018562973,21.188693653239067
3172,1.0,5.3191042649597,5.3191042649597,4.3191042649597,431.91042649597
167,9.2,19.723677377377953,19.723677377377953,10.523677377377954,114.38779758019515
2337,11.3,11.265401706694716,11.265401706694716,0.034598293305284855,0.30617958677243234
6928,39.18,28.80059101394266,28.80059101394266,10.379408986057339,26.491600270692544
3964,5.4,2.972788366548151,2.972788366548151,2.4272116334518494,44.94836358244165
2445,25.0,25.94244834523789,25.94244834523789,0.9424483452378887,3.7697933809515547
7257,17.99,21.969051353655665,21.969051353655665,3.9790513536556666,22.118128702921997
3341,1.9,3.7912342358495357,3.7912342358495357,1.8912342358495358,99.53864399208084
4103,1.3,0.727962163544729,0.727962163544729,0.5720378364552711,44.00291049655931
3017,18.5,14.347868703560414,14.347868703560414,4.1521312964395864,22.443952953727493
6151,13.09,15.179572655118648,15.179572655118648,2.0895726551186478,15.963121887842993
4958,8.99,10.703976496884815,10.703976496884815,1.7139764968848148,19.065367039875582
6935,25.4,40.712569161412205,40.712569161412205,15.312569161412206,60.28570535989057
789,3.6,6.345887166269915,6.345887166269915,2.7458871662699145,76.27464350749761
4617,19.2,15.566447575675173,15.566447575675173,3.633552424324826,18.924752210025137
1097,3.5,3.6093431563732983,3.6093431563732983,0.10934315637329828,3.1240901820942364
3206,15.3,12.500935331741076,12.500935331741076,2.799064668258925,18.29454031541781
6535,19.99,23.09207805100595,23.09207805100595,3.1020780510059502,15.5181493296946
6251,31.49,26.19340720068139,26.19340720068139,5.29659279931861,16.81991997243128
544,4.0,6.046448585944113,6.046448585944113,2.0464485859441126,51.161214648602815
6770,19.299,19.142973254449636,19.142973254449636,0.15602674555036344,0.8084706230911626
5924,14.25,15.694782187366963,15.694782187366963,1.4447821873669628,10.138822367487458
4838,2.4,4.209256203140323,4.209256203140323,1.8092562031403232,75.3856751308468
6194,19.59,17.133349519193125,17.133349519193125,2.456650480806875,12.540329151643057
6068,7.39,7.166296382282675,7.166296382282675,0.22370361771732483,3.027112553685045
4229,16.7,16.14174666845128,16.14174666845128,0.5582533315487197,3.3428343206510163
877,9.5,4.5599700811722395,4.5599700811722395,4.9400299188277605,52.00031493502906
3908,9.7,7.728213571374256,7.728213571374256,1.9717864286257436,20.327695140471587
3914,12.8,9.150223353521564,9.150223353521564,3.6497766464784362,28.513880050612784
5397,10.9,8.668549200096303,8.668549200096303,2.2314507999036977,20.472025687189884
1078,8.2,5.898853732480133,5.898853732480133,2.301146267519866,28.062759359998367
5983,42.7,69.81608065989597,69.81608065989597,27.11608065989597,63.50370177961585
4990,10.5,9.430697111319944,9.430697111319944,1.0693028886800562,10.183837035048155
511,13.0,10.707090432364202,10.707090432364202,2.292909567635798,17.637765904890752
2375,4.4,3.899566558603996,3.899566558603996,0.5004334413960043,11.373487304454642
2877,15.6,18.501453831581934,18.501453831581934,2.901453831581934,18.599063022961115
2069,1.5,2.8718806792033518,2.8718806792033518,1.3718806792033518,91.45871194689012
4851,3.5,2.5657354378134527,2.5657354378134527,0.9342645621865473,26.69327320532992
3262,11.0,8.699854526926158,8.699854526926158,2.300145473073842,20.91041339158038
4934,10.89,19.166212161033958,19.166212161033958,8.276212161033957,75.99827512427876
1302,8.9,11.045919917413709,11.045919917413709,2.1459199174137087,24.111459746221445
6045,47.89,50.52131233036065,50.52131233036065,2.6313123303606503,5.494492232951869
4394,2.5,12.563096632110113,12.563096632110113,10.063096632110113,402.52386528440456
3689,16.3,15.975406175210098,15.975406175210098,0.3245938247899023,1.9913731582202592
3159,8.5,8.155207629922424,8.155207629922424,0.3447923700775757,4.056380824442067
858,7.99,10.825757881446146,10.825757881446146,2.8357578814461455,35.49133769018955
4678,19.9,19.27995788077118,19.27995788077118,0.6200421192288204,3.115789543863419
7140,24.85,32.82081179922306,32.82081179922306,7.970811799223057,32.07570140532417
7028,12.5,17.51398028459536,17.51398028459536,5.013980284595359,40.11184227676287
7112,25.99,34.32974254385321,34.32974254385321,8.339742543853209,32.088274505014276
4357,9.9,14.347868703560414,14.347868703560414,4.447868703560413,44.927966702630435
2890,7.9,8.895644059898174,8.895644059898174,0.995644059898174,12.603089365799669
4794,8.8,10.88137707592637,10.88137707592637,2.081377075926369,23.65201222643601
2024,12.0,15.108647878431745,15.108647878431745,3.1086478784317446,25.905398986931203
4194,16.5,14.818071120993183,14.818071120993183,1.6819288790068168,10.193508357617072
4921,4.5,4.156497961266228,4.156497961266228,0.3435020387337717,7.63337863852826
5356,9.5,8.154505896142721,8.154505896142721,1.3454941038572787,14.16309583007662
743,5.3,6.235039348368547,6.235039348368547,0.9350393483685471,17.642251856010322
2499,1.15,2.436904822392428,2.436904822392428,1.2869048223924282,111.90476716455899
4241,9.3,11.389057764346088,11.389057764346088,2.0890577643460873,22.462986713398784
179,25.99,18.242726483949305,18.242726483949305,7.747273516050694,29.808670704312018
3613,8.5,5.788327370648546,5.788327370648546,2.7116726293514537,31.902030933546516
3693,20.0,13.927114779666525,13.927114779666525,6.072885220333475,30.364426101667373
3771,7.0,8.3021536507341,8.3021536507341,1.3021536507341,18.602195010487144
6566,35.55,40.92013676638615,40.92013676638615,5.370136766386153,15.105869947640377
31,11.0,8.205100818394888,8.205100818394888,2.7948991816051123,25.408174378228292
5151,6.8,6.373977627431062,6.373977627431062,0.42602237256893805,6.265034890719677
2484,3.2,4.407998089617928,4.407998089617928,1.207998089617928,37.749940300560255
168,11.5,9.072473977261788,9.072473977261788,2.4275260227382116,21.108921936854014
3248,2.8,3.4143834211236466,3.4143834211236466,0.6143834211236467,21.942265040130245
642,5.0,6.688173129531672,6.688173129531672,1.6881731295316724,33.763462590633445
1483,14.9,12.851658969291448,12.851658969291448,2.048341030708553,13.747255239654715
1790,6.0,6.235039348368547,6.235039348368547,0.2350393483685469,3.917322472809115
5035,8.0,6.204657615144643,6.204657615144643,1.7953423848553571,22.441779810691965
3982,3.0,8.915161605404537,8.915161605404537,5.915161605404537,197.17205351348454
7092,62.49,62.189182456109805,62.189182456109805,0.3008175438901972,0.4813850918390098
6492,22.89,27.452755557414957,27.452755557414957,4.562755557414956,19.933401299322657
6912,19.899,19.198640922584882,19.198640922584882,0.7003590774151185,3.5195692115941424
6178,24.5,26.265306167060604,26.265306167060604,1.7653061670606043,7.205331294124916
6644,18.15,15.524964449649127,15.524964449649127,2.625035550350871,14.463005787057142
2758,9.5,6.743067558096398,6.743067558096398,2.7569324419036016,29.020341493722125
3412,12.6,8.27375842637209,8.27375842637209,4.326241573627909,34.335250584348486
6122,20.7,22.73735782412112,22.73735782412112,2.03735782412112,9.842308329087537
800,2.5,4.915983064669621,4.915983064669621,2.4159830646696214,96.63932258678486
1954,10.5,9.592089840293827,9.592089840293827,0.907910159706173,8.646763425773075
7248,48.99,31.623930599664185,31.623930599664185,17.366069400335817,35.448192284825105
5306,4.0,3.7125120223241037,3.7125120223241037,0.2874879776758963,7.187199441897407
6637,15.69,13.750105081361538,13.750105081361538,1.939894918638462,12.363893681570822
2119,20.5,22.562217456952585,22.562217456952585,2.0622174569525846,10.059597350988218
5309,3.5,4.237105079152658,4.237105079152658,0.7371050791526583,21.06014511864738
5660,25.49,32.379507776416865,32.379507776416865,6.889507776416867,27.02827687884216
5679,19.5,21.969051353655665,21.969051353655665,2.469051353655665,12.661801813618794
1406,8.7,8.197850760473886,8.197850760473886,0.5021492395261138,5.771830339380619
1501,9.8,7.669650306177158,7.669650306177158,2.1303496938228426,21.73826218186574
1074,5.3,4.799411325695255,4.799411325695255,0.500588674304745,9.445069326504623
500,13.6,12.235026344324007,12.235026344324007,1.3649736556759926,10.036570997617593
437,17.5,15.507152604161515,15.507152604161515,1.992847395838485,11.387699404791341
5437,9.5,9.745454538198885,9.745454538198885,0.24545453819888507,2.5837319810408954
4113,8.9,5.794615743556516,5.794615743556516,3.105384256443484,34.891957937567234
3386,3.6,4.369846548659013,4.369846548659013,0.7698465486590131,21.384626351639252
6683,22.99,17.75833707034005,17.75833707034005,5.231662929659947,22.756254587472586
80,16.9,11.37710797933628,11.37710797933628,5.522892020663718,32.67983444179715
1608,19.99,14.377149819277365,14.377149819277365,5.612850180722633,28.078290048637488
960,5.0,8.727584472789136,8.727584472789136,3.727584472789136,74.55168945578272
3114,22.5,26.716740972206495,26.716740972206495,4.216740972206495,18.741070987584422
5198,3.8,5.808611391071161,5.808611391071161,2.0086113910711614,52.85819450187267
4628,13.0,19.723677377377953,19.723677377377953,6.723677377377953,51.72059521059964
1632,12.19,13.655665421476783,13.655665421476783,1.4656654214767837,12.02350632876771
3305,4.8,3.3853695535052433,3.3853695535052433,1.4146304464947566,29.47146763530743
5935,21.3,21.801753821010912,21.801753821010912,0.5017538210109116,2.3556517418352656
5419,9.5,10.335159827562316,10.335159827562316,0.8351598275623164,8.791156079603331
2477,3.0,4.023143855092212,4.023143855092212,1.0231438550922123,34.10479516974041
5506,16.45,14.737173186546283,14.737173186546283,1.7128268134537166,10.412321054429889
6399,22.45,15.628476355640847,15.628476355640847,6.821523644359152,30.38540598823676
5517,51.999,37.59788262454838,37.59788262454838,14.40111737545162,27.694989087197097
534,6.9,8.814620568443045,8.814620568443045,1.9146205684430448,27.74812418033398
5701,26.69,24.664863167198558,24.664863167198558,2.0251368328014436,7.587623952047371
2794,20.3,13.661171765741642,13.661171765741642,6.638828234258359,32.70358736087861
585,4.5,3.9151984488793774,3.9151984488793774,0.5848015511206226,12.995590024902725
6722,50.9,54.10980336425883,54.10980336425883,3.209803364258832,6.306096982826783
4970,25.0,21.684842255050576,21.684842255050576,3.315157744949424,13.260630979797696
1451,2.75,4.57835854822288,4.57835854822288,1.8283585482228801,66.48576538992292
6275,25.49,23.31965695059735,23.31965695059735,2.17034304940265,8.51448822833523
1410,30.5,20.074366217268437,20.074366217268437,10.425633782731563,34.18240584502152
5684,20.59,42.87552305006456,42.87552305006456,22.28552305006456,108.2346918410129
4536,10.0,10.021894164414972,10.021894164414972,0.02189416441497194,0.2189416441497194
866,15.0,9.572672222791365,9.572672222791365,5.427327777208635,36.1821851813909
4638,2.0,1.0191849224209732,1.0191849224209732,0.9808150775790268,49.040753878951335
6358,54.8,47.250529854798074,47.250529854798074,7.549470145201923,13.776405374456063
4679,3.95,9.370060629582046,9.370060629582046,5.4200606295820455,137.21672479954546
742,7.1,5.731692299980303,5.731692299980303,1.368307700019697,19.271939436897142
1544,6.9,5.746965905054557,5.746965905054557,1.1530340949454434,16.710639057180337
5509,53.29,42.708290381681685,42.708290381681685,10.581709618318314,19.85683921621001
2706,18.9,13.194594431671995,13.194594431671995,5.705405568328004,30.187331049354523
3734,7.89,7.468213679367097,7.468213679367097,0.42178632063290245,5.345834228553897
2589,8.2,9.148580256612203,9.148580256612203,0.9485802566122032,11.568051909904918
5283,2.5,2.7126532281998186,2.7126532281998186,0.21265322819981858,8.506129127992743
6816,50.709,35.65479111616742,35.65479111616742,15.054208883832587,29.68744973048687
5944,15.9,16.37755096833623,16.37755096833623,0.4775509683362298,3.0034652096618224
4253,3.7,2.917657272230256,2.917657272230256,0.7823427277697443,21.144398047830926
748,16.5,12.027677050666245,12.027677050666245,4.472322949333755,27.104987571719725
4055,5.79,8.546638293591462,8.546638293591462,2.756638293591462,47.61033322265046
401,5.3,5.702451337094687,5.702451337094687,0.4024513370946874,7.593421454616743
3749,20.8,20.100201794918913,20.100201794918913,0.6997982050810876,3.364414447505229
157,7.5,7.897973757024151,7.897973757024151,0.3979737570241513,5.306316760322017
5434,98.19,105.18283013644412,105.18283013644412,6.992830136444127,7.1217335130299695
6483,29.5,24.98277292882427,24.98277292882427,4.5172270711757285,15.31263413957874
5749,14.3,13.573580661828572,13.573580661828572,0.7264193381714286,5.0798555116883115
4528,12.0,14.075220512333372,14.075220512333372,2.075220512333372,17.293504269444767
1820,8.9,5.771781420984895,5.771781420984895,3.1282185790151056,35.148523359720286
2922,9.0,9.53444323189668,9.53444323189668,0.5344432318966792,5.938258132185324
2864,15.3,8.397028576349548,8.397028576349548,6.9029714236504525,45.11746028529707
3362,3.3,3.1139839714614674,3.1139839714614674,0.18601602853853239,5.636849349652497
5281,1.6,2.300253787800202,2.300253787800202,0.700253787800202,43.76586173751262
3803,1.4,2.5580588967467244,2.5580588967467244,1.1580588967467245,82.71849262476604
4237,5.4,9.049563270023485,9.049563270023485,3.649563270023485,67.5845050004349
7295,47.59,42.76489674102186,42.76489674102186,4.825103258978146,10.138901573814133
2666,4.8,3.6638824659175127,3.6638824659175127,1.1361175340824872,23.66911529338515
1782,13.0,6.282145922024125,6.282145922024125,6.717854077975875,51.67580059981442
5910,45.3565,41.85787376545699,41.85787376545699,3.4986262345430035,7.713615985675711
2415,8.0,10.442012618592383,10.442012618592383,2.4420126185923827,30.525157732404786
535,11.9,10.307566746675283,10.307566746675283,1.5924332533247174,13.381792044745525
5978,119.9,102.33150104088284,102.33150104088284,17.568498959117164,14.652626321198635
2406,1.5,1.9923328206878472,1.9923328206878472,0.49233282068784723,32.82218804585648
3098,5.8,5.714659298422594,5.714659298422594,0.08534070157740548,1.4713914065069909
5359,8.0,10.595905235735113,10.595905235735113,2.5959052357351133,32.44881544668892
5154,8.4,7.634030475401055,7.634030475401055,0.7659695245989457,9.118684816654115
1966,8.9,3.69999002272808,3.69999002272808,5.20000997727192,58.4270783963137
5416,10.5,10.285380908442354,10.285380908442354,0.2146190915576458,2.0439913481680554
1176,7.86,11.687728452563587,11.687728452563587,3.827728452563586,48.69883527434588
5902,21.5,25.043983324090597,25.043983324090597,3.543983324090597,16.48364336786324
1760,2.8,2.0508938354185458,2.0508938354185458,0.7491061645814541,26.75379159219479
997,5.2,8.162653013860583,8.162653013860583,2.9626530138605824,56.97409642039582
473,6.2,5.5758495455416135,5.5758495455416135,0.6241504544583867,10.066942813844946
2266,2.1,1.7274304016954813,1.7274304016954813,0.37256959830451875,17.74140944307232
4205,15.7,15.662858714153618,15.662858714153618,0.03714128584638132,0.2365686996584798
1882,5.2,7.740601499534226,7.740601499534226,2.540601499534226,48.85772114488896
4222,18.9,12.423295277945666,12.423295277945666,6.476704722054333,34.26827895266843
2578,10.8,9.659350414074247,9.659350414074247,1.140649585925754,10.561570240053276
3783,2.6,4.265132080741079,4.265132080741079,1.665132080741079,64.04354156696458
469,14.9,13.19863020097582,13.19863020097582,1.7013697990241798,11.418589255195839
5097,14.9,12.926880468747681,12.926880468747681,1.973119531252319,13.242412961424959
7040,17.29,20.286134371206998,20.286134371206998,2.996134371206999,17.328712384077498
4712,10.0,13.15936228919952,13.15936228919952,3.1593622891995192,31.593622891995192
3997,7.0,7.716007102344884,7.716007102344884,0.716007102344884,10.2286728906412
247,6.5,2.6683854458782683,2.6683854458782683,3.8316145541217317,58.947916217257415
3780,17.9,11.887980449906996,11.887980449906996,6.012019550093003,33.586701397167616
2182,9.9,15.782947146189834,15.782947146189834,5.882947146189833,59.42370854737206
3395,6.5,10.182445262047398,10.182445262047398,3.6824452620473984,56.65300403149843
7097,83.99,69.71255936004398,69.71255936004398,14.277440639956012,16.998976830522697
811,4.0,2.6698512763336684,2.6698512763336684,1.3301487236663316,33.25371809165829
6502,26.8,24.020885689696616,24.020885689696616,2.7791143103033846,10.369829516057404
1419,7.4,8.214764831192188,8.214764831192188,0.8147648311921873,11.01033555665118
6733,13.9,15.656052594585288,15.656052594585288,1.756052594585288,12.63347190349128
3625,3.9,3.8269563514216767,3.8269563514216767,0.07304364857832324,1.8729140661108523
228,9.0,6.817729488880522,6.817729488880522,2.1822705111194782,24.247450123549758
7107,45.5,46.35629911639329,46.35629911639329,0.8562991163932878,1.881976079985248
17,18.0,25.957250589411267,25.957250589411267,7.957250589411267,44.20694771895148
1407,10.6,10.595905235735113,10.595905235735113,0.004094764264886308,0.038629851555531204
7070,59.99,71.26728911668837,71.26728911668837,11.277289116688372,18.798614963641228
2392,13.5,14.3909068854767,14.3909068854767,0.8909068854766993,6.599310262790365
6272,47.9,38.418626688504915,38.418626688504915,9.481373311495084,19.794098771388484
5439,109.0,125.42017643944777,125.42017643944777,16.420176439447772,15.06438205453924
6745,45.49,39.70146880428109,39.70146880428109,5.78853119571891,12.724843252844384
5879,10.99,20.10749737066597,20.10749737066597,9.117497370665971,82.96175951470401
2440,3.9,6.103553396760716,6.103553396760716,2.2035533967607157,56.501369147710655
5831,17.9,17.68621675544697,17.68621675544697,0.21378324455302788,1.194319801972223
5853,13.5,9.579816276772704,9.579816276772704,3.9201837232272965,29.038397949831822
4844,9.0,8.277665647153638,8.277665647153638,0.7223343528463619,8.025937253848465
6915,25.49,41.84838875812951,41.84838875812951,16.35838875812951,64.17571109505496
6092,21.69,22.371440878565757,22.371440878565757,0.6814408785657555,3.1417283474677524
5461,23.2,19.148478883997562,19.148478883997562,4.051521116002437,17.463453086217402
2585,5.7,5.936704807348098,5.936704807348098,0.23670480734809818,4.152715918387687
543,9.9,5.746965905054557,5.746965905054557,4.153034094945443,41.949839342883266
6112,17.0,23.416874595387757,23.416874595387757,6.416874595387757,37.74632114933974
3794,16.5,11.717529400039371,11.717529400039371,4.782470599960629,28.984670302791688
4119,7.799999,5.0844193602441505,5.0844193602441505,2.715579639755849,34.81512805009141
3153,12.0,6.340788268971964,6.340788268971964,5.659211731028036,47.16009775856697
1535,10.499,11.180764148337373,11.180764148337373,0.681764148337372,6.493610328006209
1832,14.5,23.130276333544476,23.130276333544476,8.630276333544476,59.519147127892936
6746,33.79,37.95251583243314,37.95251583243314,4.162515832433144,12.318780208443753
3590,8.99,8.424411330405313,8.424411330405313,0.5655886695946872,6.291308894267933
3289,2.0,4.110244771635741,4.110244771635741,2.110244771635741,105.51223858178705
96,3.8,2.3297444934353884,2.3297444934353884,1.4702555065646115,38.69093438327925
6679,62.99,57.90608944346689,57.90608944346689,5.083910556533112,8.070980404084954
2094,5.7,5.746965905054557,5.746965905054557,0.04696590505455678,0.8239632465711716
4773,8.0,8.532327684535675,8.532327684535675,0.5323276845356748,6.654096056695935
2927,9.5,9.534473892104213,9.534473892104213,0.03447389210421292,0.36288307478118864
7038,44.5,32.634433886586,32.634433886586,11.865566113413998,26.66419351328988
156,12.99,11.052402495159143,11.052402495159143,1.9375975048408574,14.916070091153635
1022,6.4,6.173350274448456,6.173350274448456,0.22664972555154428,3.5414019617428796
5447,24.49,28.37342744510884,28.37342744510884,3.8834274451088433,15.857196590889519
4966,5.8,5.7188463889780605,5.7188463889780605,0.0811536110219393,1.399200190033436
6458,49.5,55.51249645199478,55.51249645199478,6.012496451994778,12.14645747877733
2716,12.5,14.432772334915137,14.432772334915137,1.9327723349151373,15.462178679321099
1287,15.0,13.974308250526368,13.974308250526368,1.0256917494736317,6.8379449964908785
696,18.0,18.565586082109327,18.565586082109327,0.565586082109327,3.1421449006073723
425,25.0,23.269053908486974,23.269053908486974,1.730946091513026,6.923784366052104
6872,47.39,41.47249200677934,41.47249200677934,5.91750799322066,12.486828430514159
712,10.9,13.114111672166437,13.114111672166437,2.214111672166437,20.312951120793
4173,2.45,2.227979578659605,2.227979578659605,0.22202042134039512,9.062058013893678
1811,16.0,14.891664061987703,14.891664061987703,1.1083359380122975,6.927099612576859
5096,18.7,25.27210020284245,25.27210020284245,6.572100202842449,35.14492087081524
6480,17.9,23.974152769560096,23.974152769560096,6.074152769560097,33.933814355084344
447,31.49,28.59045647003591,28.59045647003591,2.899543529964088,9.207823213604598
6748,15.899,12.282523624103456,12.282523624103456,3.616476375896543,22.746565041175817
4080,5.99,7.060442442390587,7.060442442390587,1.0704424423905872,17.870491525719316
1009,5.3,1.2843166445222698,1.2843166445222698,4.01568335547773,75.7676104807119
592,1.5,1.9940763097471137,1.9940763097471137,0.4940763097471137,32.93842064980758
6096,29.85,31.43036453005827,31.43036453005827,1.5803645300582687,5.294353534533563
1242,8.5,5.704301881954977,5.704301881954977,2.7956981180450233,32.89056609464733
3058,8.4,8.895644059898174,8.895644059898174,0.49564405989817395,5.900524522597308
131,15.8,19.723677377377953,19.723677377377953,3.9236773773779525,24.833401122645267
2404,4.5,5.724430240323238,5.724430240323238,1.2244302403232377,27.20956089607195
2306,8.95,9.164062495768052,9.164062495768052,0.21406249576805259,2.3917597292519845
6277,62.5,75.61575573665492,75.61575573665492,13.115755736654918,20.98520917864787
7103,20.89,19.19537480283992,19.19537480283992,1.6946251971600823,8.112135936620787
624,8.5,4.705423863840219,4.705423863840219,3.7945761361597814,44.64207219011507
2986,6.0,5.9608323421386435,5.9608323421386435,0.03916765786135645,0.6527942976892742
2127,8.3,7.452783134893413,7.452783134893413,0.8472168651065877,10.207432109717923
6539,43.9,41.34485223145322,41.34485223145322,2.5551477685467816,5.820382160698819
4739,3.9,4.915983064669621,4.915983064669621,1.0159830646696215,26.050847812041578
3686,17.9,18.02205311256575,18.02205311256575,0.12205311256575158,0.6818609640544782
3844,6.0,6.351094315675615,6.351094315675615,0.3510943156756152,5.851571927926921
2815,9.9,8.228111362884388,8.228111362884388,1.6718886371156128,16.887764011268818
2579,3.999999,5.958463250307835,5.958463250307835,1.958464250307835,48.961618498100506
1945,5.6,9.675299646736484,9.675299646736484,4.075299646736484,72.77320797743722
2436,6.99,4.915983064669621,4.915983064669621,2.074016935330379,29.67120079156479
93,6.5,6.30474989781582,6.30474989781582,0.19525010218417993,3.00384772591046
6701,35.19,24.16102298797487,24.16102298797487,11.028977012025127,31.341224813938982
1375,4.868,6.235039348368547,6.235039348368547,1.3670393483685466,28.08215588267351
3903,5.6,9.296367458937123,9.296367458937123,3.6963674589371234,66.00656176673435
3477,13.5,10.466149687653134,10.466149687653134,3.033850312346866,22.47296527664345
6022,42.99,39.89211859605912,39.89211859605912,3.0978814039408817,7.206051183858761
2223,8.8,5.702451337094687,5.702451337094687,3.0975486629053135,35.199416623924016
1087,13.9,15.70640502384875,15.70640502384875,1.8064050238487503,12.995719596034174
2531,2.5,4.714835364701476,4.714835364701476,2.214835364701476,88.59341458805903
6729,78.99,67.45233983902214,67.45233983902214,11.53766016097785,14.606482036938665
6880,17.375,18.715234297523153,18.715234297523153,1.3402342975231534,7.713578690780738
764,1.8,4.261422992612463,4.261422992612463,2.461422992612463,136.74572181180352
4669,6.5,6.338958745686268,6.338958745686268,0.16104125431373184,2.4775577586727975
476,12.99,13.655665421476783,13.655665421476783,0.665665421476783,5.124445122992941
5594,56.5,58.56208791554405,58.56208791554405,2.0620879155440477,3.6497131248567216
2622,1.5,3.311592564706884,3.311592564706884,1.811592564706884,120.77283764712561
5111,5.7,6.252468267826932,6.252468267826932,0.5524682678269315,9.692425751349674
6466,21.6,21.88225085547466,21.88225085547466,0.28225085547465767,1.3067169234937854
4461,10.0,9.067799540733903,9.067799540733903,0.9322004592660971,9.32200459266097
6338,13.5,15.327286946964245,15.327286946964245,1.8272869469642448,13.535458866401815
7034,23.29,19.056386062701147,19.056386062701147,4.233613937298852,18.177818537135476
2181,20.0,16.76255693404513,16.76255693404513,3.2374430659548707,16.187215329774354
6334,34.0,29.40676219789103,29.40676219789103,4.59323780210897,13.509522947379324
2620,10.0,6.941256772314571,6.941256772314571,3.0587432276854294,30.587432276854294
5170,8.9,14.347868703560414,14.347868703560414,5.447868703560413,61.21200790517318
752,6.8,6.253894667069835,6.253894667069835,0.546105332930165,8.030960778384781
2283,11.5,10.559066397096938,10.559066397096938,0.9409336029030619,8.182031329591844
2799,8.0,5.83063181486633,5.83063181486633,2.1693681851336697,27.11710231417087
3049,14.9,20.05098284296371,20.05098284296371,5.150982842963709,34.57035465076315
351,3.5,6.357645050523541,6.357645050523541,2.8576450505235407,81.64700144352973
487,1.8,2.741096279809651,2.741096279809651,0.9410962798096512,52.283126656091724
927,5.0,5.702451337094687,5.702451337094687,0.7024513370946872,14.049026741893744
3318,6.5,6.189010806667549,6.189010806667549,0.3109891933324507,4.784449128191548
1061,18.0,13.153002860026538,13.153002860026538,4.846997139973462,26.927761888741458
6018,39.39,41.91173465286228,41.91173465286228,2.5217346528622784,6.401966623158868
2191,3.5,5.228189839032482,5.228189839032482,1.7281898390324821,49.376852543785205
4608,2.1,4.107399675283464,4.107399675283464,2.0073996752834637,95.59046072778399
6128,27.9,22.69949801162375,22.69949801162375,5.200501988376249,18.639792073033153
561,12.99,12.488271124824351,12.488271124824351,0.5017288751756492,3.862423981336792
3535,9.9,9.945440328630722,9.945440328630722,0.04544032863072189,0.45899321849214036
5501,21.99,20.546331627509012,20.546331627509012,1.4436683724909862,6.565113108190024
2966,9.5,9.817468346339023,9.817468346339023,0.3174683463390231,3.3417720667265587
6026,37.49,45.75944787354897,45.75944787354897,8.26944787354897,22.057743060946837
334,13.5,15.745108031979244,15.745108031979244,2.2451080319792442,16.63042986651292
2225,6.8,5.7632359436352365,5.7632359436352365,1.0367640563647633,15.246530240658284
4847,13.0,10.480548808375392,10.480548808375392,2.519451191624608,19.380393781727754
5507,25.5,19.583670677157894,19.583670677157894,5.916329322842106,23.201291462125905
3213,12.5,6.931127785981515,6.931127785981515,5.568872214018485,44.55097771214788
1103,7.9,9.263644003146688,9.263644003146688,1.3636440031466872,17.261316495527684
2110,26.99,20.074366217268437,20.074366217268437,6.915633782731561,25.62294843546336
23,12.99,14.469423122350962,14.469423122350962,1.479423122350962,11.388938586227574
4151,21.99,23.481398165375825,23.481398165375825,1.491398165375827,6.782165372332092
1005,3.2,2.580458060997682,2.580458060997682,0.619541939002318,19.36068559382244
1643,9.7,10.436931633943956,10.436931633943956,0.7369316339439571,7.597233339628424
2550,59.7,54.54337993201706,54.54337993201706,5.156620067982942,8.637554552735246
3038,8.69,6.680961315561291,6.680961315561291,2.0090386844387087,23.118972202977087
4030,1.7,4.7069610117057685,4.7069610117057685,3.0069610117057683,176.88005951210403
3817,7.999,8.119039550817526,8.119039550817526,0.12003955081752604,1.5006819704653838
1671,14.9,16.761190603172313,16.761190603172313,1.8611906031723127,12.491212101827601
1372,14.3,13.114111672166437,13.114111672166437,1.1858883278335632,8.292925369465477
3203,30.99,30.24016152791977,30.24016152791977,0.7498384720802278,2.4196143016464275
445,6.9,7.728576145717198,7.728576145717198,0.8285761457171974,12.008349937930396
5433,62.99,44.835103971780846,44.835103971780846,18.154896028219156,28.82187018291658
7125,59.999,65.78868350101925,65.78868350101925,5.789683501019248,9.649633328920894
3399,22.5,23.597417789805956,23.597417789805956,1.0974177898059558,4.877412399137581
3939,2.0,2.668645728082096,2.668645728082096,0.6686457280820961,33.43228640410481
5206,20.49,24.328401915678846,24.328401915678846,3.8384019156788476,18.733049856900188
6378,83.79,77.82860583639754,77.82860583639754,5.961394163602463,7.114684525125268
2592,16.99,13.655665421476783,13.655665421476783,3.3343345785232152,19.625277095486847
3887,11.0,15.566447575675173,15.566447575675173,4.5664475756751735,41.51315977886521
3518,1.2,3.569903607693949,3.569903607693949,2.3699036076939493,197.49196730782913
4295,10.9,11.154203558587175,11.154203558587175,0.25420355858717514,2.332142739331882
1128,10.8,8.071119879734875,8.071119879734875,2.728880120265126,25.26740852097339
2570,7.5,5.746965905054557,5.746965905054557,1.753034094945443,23.373787932605907
5277,9.6,8.981919200866155,8.981919200866155,0.6180807991338444,6.438341657644213
1783,10.6,8.895644059898174,8.895644059898174,1.7043559401018253,16.078829623602125
2523,18.0,15.826780912927155,15.826780912927155,2.1732190870728445,12.073439372626913
4248,5.15,2.937277587902208,2.937277587902208,2.212722412097792,42.96548373005422
1844,6.49,6.416813447352282,6.416813447352282,0.07318655264771845,1.1276818589787125
5291,7.9,5.808611391071161,5.808611391071161,2.091388608928839,26.4732735307448
6129,24.49,29.07524730477983,29.07524730477983,4.585247304779831,18.722937136708172
6060,5.69,11.591911530297093,11.591911530297093,5.901911530297093,103.72427997007192
2515,6.699,8.155207629922424,8.155207629922424,1.4562076299224245,21.73768666849417
5040,17.5,14.347868703560414,14.347868703560414,3.1521312964395864,18.012178836797638
6799,56.99,31.787334460565116,31.787334460565116,25.202665539434886,44.22296111499366
3554,3.5,4.761802597766056,4.761802597766056,1.2618025977660556,36.051502793315876
3878,4.2,11.90731261486756,11.90731261486756,7.70731261486756,183.5074432111324
5945,29.7,27.55139788262015,27.55139788262015,2.1486021173798484,7.234350563568513
2264,14.5,11.984532948056755,11.984532948056755,2.5154670519432454,17.34804863409135
2462,4.9,4.700997339429398,4.700997339429398,0.19900266057060279,4.0612787871551586
1775,6.6,9.592089840293827,9.592089840293827,2.9920898402938274,45.33469454990648
6861,28.05,23.142615653913506,23.142615653913506,4.907384346086495,17.49513135859713
378,7.8,8.214764831192188,8.214764831192188,0.4147648311921879,5.317497835797281
6853,9.999,13.33983139624957,13.33983139624957,3.3408313962495697,33.41165512800849
4913,1.6,1.0423538642971077,1.0423538642971077,0.5576461357028923,34.852883481430766
5246,8.2,11.717529400039371,11.717529400039371,3.517529400039372,42.896700000480145
199,1.5,2.742646874818885,2.742646874818885,1.242646874818885,82.84312498792566
2446,11.0,14.65898372343347,14.65898372343347,3.6589837234334706,33.26348839484973
2957,3.8,6.374689693512798,6.374689693512798,2.5746896935127985,67.75499193454733
1328,11.49,11.508434356591692,11.508434356591692,0.018434356591692236,0.1604382645055895
1193,10.5,8.895644059898174,8.895644059898174,1.6043559401018257,15.27958038192215
5686,12.75,11.357266399943454,11.357266399943454,1.3927336000565465,10.923400784757227
1075,9.3,12.488271124824351,12.488271124824351,3.1882711248243503,34.28248521316505
5427,3.4,4.9030611560925985,4.9030611560925985,1.5030611560925986,44.20768106154702
6969,24.5,21.870389434918014,21.870389434918014,2.629610565081986,10.733104347273413
2063,10.5,15.303324604696156,15.303324604696156,4.803324604696156,45.74594861615387
965,14.5,15.70640502384875,15.70640502384875,1.2064050238487507,8.320034647232763
5060,9.49,8.895644059898174,8.895644059898174,0.5943559401018259,6.2629709178274595
1467,9.4,8.939693186091393,8.939693186091393,0.4603068139086073,4.896880999027737
5975,18.46,23.766823760188558,23.766823760188558,5.306823760188557,28.747691008605397
3296,51.0,24.52424490693067,24.52424490693067,26.47575509306933,51.913245280528095
5414,7.5,7.446055238469662,7.446055238469662,0.05394476153033789,0.7192634870711718
7126,29.95,25.30011420604388,25.30011420604388,4.64988579395612,15.525495138417764
5724,62.05,42.47335802557525,42.47335802557525,19.576641974424746,31.54978561551128
2755,6.0,6.373977627431062,6.373977627431062,0.3739776274310618,6.2329604571843635
4022,6.5,7.171464800705922,7.171464800705922,0.6714648007059223,10.330227703168035
3091,6.5,8.224944893553596,8.224944893553596,1.7249448935535963,26.537613746978405
2022,5.89,5.808611391071161,5.808611391071161,0.08138860892883848,1.3818099987918249
5090,8.6,11.713052177242421,11.713052177242421,3.1130521772424213,36.19828113072583
2907,7.0,6.323332590123831,6.323332590123831,0.6766674098761687,9.666677283945267
5744,42.345,30.635712814360666,30.635712814360666,11.709287185639333,27.652112848363046
5769,15.1,17.209462762906483,17.209462762906483,2.1094627629064835,13.969952072228367
6155,18.49,16.367141832068125,16.367141832068125,2.1228581679318737,11.48111502396903
6547,13.79,10.910624538703589,10.910624538703589,2.8793754612964104,20.88017013267883
2850,6.699999,6.253894667069835,6.253894667069835,0.44610433293016527,6.658274619595693
2132,16.5,10.619719033560584,10.619719033560584,5.8802809664394164,35.63806646326919
6114,86.19,86.8488681658685,86.8488681658685,0.6588681658684976,0.7644369020402572
6570,20.79,22.163261745030283,22.163261745030283,1.373261745030284,6.605395598991265
6434,31.0,32.29359412078949,32.29359412078949,1.2935941207894928,4.172884260611267
4246,7.5,5.7643359134878,5.7643359134878,1.7356640865122,23.142187820162665
1701,4.5,8.847379135175096,8.847379135175096,4.347379135175096,96.60842522611325
6332,39.999,38.37124153750624,38.37124153750624,1.6277584624937589,4.0694978936817385
3927,19.5,23.147214971940787,23.147214971940787,3.6472149719407874,18.70366652277327
5780,66.99,67.93077850592195,67.93077850592195,0.9407785059219549,1.4043566292311613
547,12.4,11.475408000127178,11.475408000127178,0.9245919998728223,7.456387095748567
6811,37.99,43.494165900535336,43.494165900535336,5.504165900535334,14.488459859266476
6203,33.3,39.97978058323757,39.97978058323757,6.679780583237573,20.059401150863586
1263,19.9,16.995229780218224,16.995229780218224,2.904770219781774,14.596835275285299
5231,2.299,2.8583278893366626,2.8583278893366626,0.5593278893366627,24.32918178932852
3011,13.29,12.656143191652374,12.656143191652374,0.633856808347625,4.7694266993801735
5865,13.69,13.108938726181343,13.108938726181343,0.5810612738186567,4.244421284285293
1789,11.9,10.074434557929667,10.074434557929667,1.8255654420703333,15.340886067817927
6610,21.49,27.15100407823571,27.15100407823571,5.661004078235713,26.342503854051714
3018,6.4,5.475931020140922,5.475931020140922,0.9240689798590784,14.438577810298101
5494,26.59,27.132885102819735,27.132885102819735,0.542885102819735,2.0416889914243517
4715,13.8,14.646730266773666,14.646730266773666,0.8467302667736654,6.135726570823661
2199,5.9,8.197850760473886,8.197850760473886,2.297850760473885,38.94662305887941
1244,2.5,2.265960017796756,2.265960017796756,0.23403998220324418,9.361599288129767
7130,10.89,24.190403382159417,24.190403382159417,13.300403382159416,122.13409900972833
5008,38.0,4.049471452390158,4.049471452390158,33.95052854760984,89.34349617792063
5482,12.726,11.91758126317853,11.91758126317853,0.808418736821471,6.352496753272599
4837,8.5,9.572672222791365,9.572672222791365,1.0726722227913648,12.619673209310173
7202,35.29,34.597404702355085,34.597404702355085,0.6925952976449139,1.9625823112635703
6764,20.99,19.438902303975162,19.438902303975162,1.5510976960248364,7.389698408884405
3915,5.2,6.173907759736419,6.173907759736419,0.9739077597364192,18.72899537954652
6083,32.299,30.13699682862173,30.13699682862173,2.16200317137827,6.693715506295149
518,13.29,16.36558411106795,16.36558411106795,3.0755841110679505,23.14209263407036
611,12.5,10.997739866000169,10.997739866000169,1.5022601339998314,12.018081071998651
5806,11.22,9.860229887079887,9.860229887079887,1.3597701129201134,12.119163216756803
5672,16.5,20.340377429621917,20.340377429621917,3.840377429621917,23.275014724981315
2288,7.5,5.76336095693793,5.76336095693793,1.7366390430620697,23.155187240827598
957,10.99,9.827876852650531,9.827876852650531,1.1621231473494689,10.574368947674875
4401,6.15,8.23121058739312,8.23121058739312,2.0812105873931195,33.840822559237715
491,25.8,13.927114779666525,13.927114779666525,11.872885220333476,46.01893496253285
1330,4.9,6.351094315675615,6.351094315675615,1.4510943156756149,29.614169707665607
3458,21.5,18.591283009426608,18.591283009426608,2.9087169905733923,13.528916235225081
323,5.89,3.508156520971985,3.508156520971985,2.3818434790280145,40.438768744108906
5362,7.2,8.719651240405824,8.719651240405824,1.5196512404058238,21.106267227858662
7010,22.79,21.34466542205662,21.34466542205662,1.4453345779433775,6.341968310414119
4247,10.5,11.509912735199903,11.509912735199903,1.0099127351999027,9.61821652571336
2031,4.75,3.296831594248855,3.296831594248855,1.453168405751145,30.593019068445155
5516,32.0,41.9744453521507,41.9744453521507,9.974445352150703,31.170141725470945
1153,6.3,5.490059685519096,5.490059685519096,0.8099403144809036,12.856195467950851
6685,15.7,16.078496719559105,16.078496719559105,0.3784967195591058,2.4108071309497188
7286,6.6,7.261531989701759,7.261531989701759,0.6615319897017597,10.023211965178179
6854,21.69,22.125772667741998,22.125772667741998,0.43577266774199686,2.009094825919764
1606,6.4,7.268189716986806,7.268189716986806,0.868189716986806,13.565464327918844
324,23.9,30.82471158985886,30.82471158985886,6.9247115898588625,28.97368866049733
2083,7.99,6.334699263792242,6.334699263792242,1.6553007362077583,20.717155647155924
2687,10.8,9.803075038159426,9.803075038159426,0.9969249618405751,9.230786683709029
6858,35.35,33.178281677792356,33.178281677792356,2.1717183222076457,6.143474744576084
586,7.89,5.771932318765173,5.771932318765173,2.1180676812348267,26.844964274205662
4125,9.8,13.012216163542085,13.012216163542085,3.2122161635420845,32.777715954511066
3245,8.99,11.389057764346088,11.389057764346088,2.3990577643460878,26.685848324205647
4556,4.4,6.363931543294082,6.363931543294082,1.9639315432940814,44.63480780213821
706,24.9,23.192893290117286,23.192893290117286,1.7071067098827122,6.8558502404928205
1978,6.4,6.447915666289165,6.447915666289165,0.04791566628916488,0.7486822857682013
4160,7.4,2.8435133796172694,2.8435133796172694,4.5564866203827314,61.57414351868555
4995,4.39,3.545782066735511,3.545782066735511,0.8442179332644888,19.230476839737786
6812,9.8,10.569228782785551,10.569228782785551,0.7692287827855502,7.8492732937301035
6202,17.34,16.892595181185566,16.892595181185566,0.4474048188144337,2.5801892665192256
5939,27.79,23.49518556520253,23.49518556520253,4.29481443479747,15.454531971203561
6218,29.3,23.457121760055806,23.457121760055806,5.842878239944195,19.94156395885391
4453,9.5,8.623183850695938,8.623183850695938,0.8768161493040623,9.229643676884866
3801,8.9,9.572672222791365,9.572672222791365,0.6726722227913644,7.558114862824319
2572,56.99,31.625406930940283,31.625406930940283,25.36459306905972,44.50709434823604
208,2.25,4.367608721275981,4.367608721275981,2.117608721275981,94.11594316782137
3682,29.8,22.05860272849009,22.05860272849009,7.741397271509911,25.977843192986278
747,2.5,4.121780935292938,4.121780935292938,1.6217809352929384,64.87123741171754
5101,9.9,6.743067558096398,6.743067558096398,3.156932441903602,31.888206483874765
6260,40.99,39.482712476653575,39.482712476653575,1.5072875233464273,3.6772079125309274
798,5.0,3.722289447110015,3.722289447110015,1.2777105528899848,25.554211057799698
88,6.99,10.294478418796027,10.294478418796027,3.3044784187960268,47.27436936761125
734,1.7,5.761552103872302,5.761552103872302,4.061552103872302,238.91482963954718
1221,4.8,8.362870021388844,8.362870021388844,3.562870021388844,74.22645877893424
3574,14.5,9.592089840293827,9.592089840293827,4.907910159706173,33.847656273835675
1480,6.9,5.877769381898308,5.877769381898308,1.022230618101692,14.814936494227421
3936,10.49,18.47748747707819,18.47748747707819,7.987487477078188,76.14382723620771
6199,28.99,24.519060304757144,24.519060304757144,4.470939695242855,15.422351484107812
852,13.5,11.637673047619865,11.637673047619865,1.8623269523801351,13.795014462075075
486,7.89,6.2051259035863495,6.2051259035863495,1.6848740964136502,21.354551285344108
2678,3.6,4.249303284903146,4.249303284903146,0.6493032849031457,18.036202358420713
3195,4.0,4.396298811365873,4.396298811365873,0.39629881136587297,9.907470284146825
1430,8.4,8.932486060519878,8.932486060519878,0.5324860605198776,6.33911976809378
1536,14.9,17.812619975385385,17.812619975385385,2.9126199753853843,19.547785069700566
1891,6.0,8.996906037856817,8.996906037856817,2.9969060378568173,49.948433964280284
6513,39.99,20.66861844205884,20.66861844205884,19.321381557941162,48.31553277804741
1919,5.6,8.152731691696301,8.152731691696301,2.5527316916963017,45.584494494576816
4302,14.8,15.697556070171327,15.697556070171327,0.8975560701713263,6.06456804169815
198,5.0,4.250340247474743,4.250340247474743,0.7496597525252566,14.99319505050513
4629,6.6,5.597388656122771,5.597388656122771,1.0026113438772288,15.1910809678368
2882,3.85,8.772124890865623,8.772124890865623,4.922124890865623,127.84739976274346
1057,8.9,9.592089840293827,9.592089840293827,0.6920898402938267,7.776290340380075
73,7.0,8.416376619478468,8.416376619478468,1.4163766194784682,20.23395170683526
548,27.8,23.206110915996767,23.206110915996767,4.593889084003234,16.52478087770947
6352,13.69,15.974528462358128,15.974528462358128,2.2845284623581286,16.687570944909634
2963,4.0,5.192542725916741,5.192542725916741,1.1925427259167414,29.813568147918534
6569,27.3,36.66738624266555,36.66738624266555,9.36738624266555,34.312770119654026
1512,34.99,19.343897381168155,19.343897381168155,15.646102618831847,44.715926318467695
3912,10.9,10.076581721284862,10.076581721284862,0.8234182787151383,7.554296135001269
1582,1.9,2.721198486642645,2.721198486642645,0.8211984866426452,43.22097298119185
6697,15.44,19.056386062701147,19.056386062701147,3.6163860627011477,23.4221895252665
5822,10.08,9.61815101294197,9.61815101294197,0.4618489870580298,4.581835189067756
2865,6.9,6.351094315675615,6.351094315675615,0.5489056843243851,7.955154845280944
3647,10.8,10.595905235735113,10.595905235735113,0.20409476426488737,1.8897663357859942
5349,20.499,13.788490021542033,13.788490021542033,6.710509978457965,32.73579188476494
4428,3.0,2.7791796374945816,2.7791796374945816,0.22082036250541837,7.360678750180612
6213,25.55,20.169509716187317,20.169509716187317,5.380490283812684,21.0586703867424
4359,28.8,30.766384608651084,30.766384608651084,1.966384608651083,6.827724335594038
1452,3.6,7.157461283190001,7.157461283190001,3.5574612831900008,98.81836897750001
7037,24.89,22.198047218762138,22.198047218762138,2.6919527812378625,10.815398880023555
2020,1.9,2.650756641980463,2.650756641980463,0.750756641980463,39.51350747265595
4903,29.49,29.792741025309354,29.792741025309354,0.30274102530935565,1.0265887599503414
5220,6.9,5.597388656122771,5.597388656122771,1.3026113438772295,18.878425273583037
6818,12.35,14.479121530815558,14.479121530815558,2.129121530815558,17.23985045194784
4814,10.0,15.061725394098193,15.061725394098193,5.061725394098193,50.61725394098193
5267,8.8,9.079754707847746,9.079754707847746,0.27975470784774537,3.1790307709971066
2098,9.2,12.90505365580016,12.90505365580016,3.7050536558001603,40.27232234565392
1880,13.5,10.261279890595087,10.261279890595087,3.2387201094049125,23.990519328925277
937,9.5,8.895644059898174,8.895644059898174,0.6043559401018257,6.361641474756059
7120,29.999,25.9718207567935,25.9718207567935,4.027179243206497,13.424378289964656
2855,13.5,12.80485539848282,12.80485539848282,0.69514460151718,5.14921927049763
6139,14.99,19.304236570844264,19.304236570844264,4.314236570844264,28.78076431517187
5985,12.49,12.510198473287248,12.510198473287248,0.02019847328724822,0.16171716002600656
1295,7.0,9.159007125637856,9.159007125637856,2.1590071256378565,30.84295893768366
1175,45.9,33.7432325079822,33.7432325079822,12.1567674920178,26.4853322266183
2197,5.5,4.878936067876707,4.878936067876707,0.6210639321232927,11.292071493150777
2614,41.9,38.080280090054,38.080280090054,3.819719909945995,9.116276634715978
6148,27.36,18.094740410802366,18.094740410802366,9.265259589197633,33.86425288449427
4335,4.0,7.511528022400674,7.511528022400674,3.5115280224006744,87.78820056001686
4914,11.5,10.285380908442354,10.285380908442354,1.2146190915576458,10.561905143979528
1321,7.2,5.7188463889780605,5.7188463889780605,1.4811536110219397,20.571577930860272
1181,12.79,14.469423122350962,14.469423122350962,1.679423122350963,13.130751543009875
6150,22.799,22.17372797823515,22.17372797823515,0.6252720217648502,2.742541434996492
3438,12.6,9.566031326855242,9.566031326855242,3.0339686731447575,24.07911645352982
6343,34.99,29.139386316263316,29.139386316263316,5.850613683736686,16.720816472525538
4301,12.6,10.285380908442354,10.285380908442354,2.3146190915576454,18.369992790140046
620,7.9,7.663014662089289,7.663014662089289,0.23698533791071164,2.9998144039330583
6864,24.89,23.559483032101642,23.559483032101642,1.3305169678983582,5.345588460821045
5159,16.0,11.795942351527087,11.795942351527087,4.204057648472913,26.275360302955708
2492,15.5,11.03300142755798,11.03300142755798,4.466998572442019,28.819345628658187
478,14.0,15.437150364326897,15.437150364326897,1.4371503643268966,10.265359745192118
3968,5.3,7.747860325530713,7.747860325530713,2.447860325530713,46.18604387793798
2276,3.7,6.071730190678577,6.071730190678577,2.3717301906785773,64.10081596428587
5227,6.9,8.45271488409111,8.45271488409111,1.5527148840911096,22.503114262189992
1897,12.5,5.2730795828890615,5.2730795828890615,7.2269204171109385,57.8153633368875
7044,14.766,15.102139109082103,15.102139109082103,0.33613910908210265,2.276439855628489
2206,1.4,0.9259208311932936,0.9259208311932936,0.4740791688067063,33.862797771907594
1033,4.5,5.265556166417384,5.265556166417384,0.765556166417384,17.012359253719644
5948,10.59,7.593559133598535,7.593559133598535,2.996440866401465,28.295003459881634
286,12.3,19.723677377377953,19.723677377377953,7.4236773773779525,60.355100629089044
550,3.2,3.17279573988324,3.17279573988324,0.02720426011676036,0.8501331286487612
7008,10.099,9.834363432723213,9.834363432723213,0.26463656727678675,2.620423480312771
5668,25.79,32.64147629707362,32.64147629707362,6.851476297073624,26.566406735454144
5015,2.5,2.6419167620285484,2.6419167620285484,0.14191676202854842,5.676670481141937
2825,12.5,11.953123970165803,11.953123970165803,0.5468760298341966,4.375008238673573
1055,10.799,10.072871842168258,10.072871842168258,0.7261281578317416,6.724031464318378
2091,6.5,5.755899361002234,5.755899361002234,0.7441006389977662,11.447702138427172
6540,25.79,22.125772667741998,22.125772667741998,3.664227332258001,14.207938473276469
2571,3.5,3.7305127783234338,3.7305127783234338,0.23051277832343375,6.586079380669537
1677,10.3,7.985883453993953,7.985883453993953,2.3141165460060478,22.46715093209755
1174,1.8,2.265960017796756,2.265960017796756,0.4659600177967558,25.886667655375323
6021,78.2,69.0916900819355,69.0916900819355,9.108309918064506,11.647455138189905
5916,12.54,19.936264465201116,19.936264465201116,7.396264465201117,58.981375320583076
5389,3.9,4.8187757821390775,4.8187757821390775,0.9187757821390776,23.558353388181477
2087,14.0,13.657808939129206,13.657808939129206,0.3421910608707943,2.4442218633628165
1370,46.5,31.625406930940283,31.625406930940283,14.874593069059717,31.98837219152627
6314,16.899,16.969228145352805,16.969228145352805,0.07022814535280375,0.41557574621459104
2934,5.0,5.906381995677895,5.906381995677895,0.9063819956778953,18.127639913557907
3107,16.99,14.88451386571029,14.88451386571029,2.105486134289709,12.392502261858207
1188,7.8,5.83086930310757,5.83086930310757,1.9691306968924298,25.245265344774744
2029,6.699999,8.162653013860583,8.162653013860583,1.4626540138605826,21.830660181599768
4209,4.888888,6.338958745686268,6.338958745686268,1.4500707456862685,29.66054337277247
5027,4.5,5.481153677155026,5.481153677155026,0.9811536771550262,21.80341504788947
7009,23.5,28.576053784884657,28.576053784884657,5.076053784884657,21.600228871849602
7093,40.9,43.358795877619464,43.358795877619464,2.4587958776194654,6.011725862150282
3956,7.2,12.04841853877549,12.04841853877549,4.84841853877549,67.3391463718818
833,9.0,7.919082040298646,7.919082040298646,1.0809179597013543,12.010199552237271
1393,5.4,8.056031148641697,8.056031148641697,2.6560311486416968,49.18576201188327
549,24.9,22.16503985163341,22.16503985163341,2.7349601483665893,10.983775696251364
1020,5.5,5.746965905054557,5.746965905054557,0.24696590505455696,4.490289182810126
248,3.6,4.629357011021873,4.629357011021873,1.0293570110218728,28.59325030616313
2648,6.5,4.195522592157632,4.195522592157632,2.304477407842368,35.45349858219028
296,6.3,6.931572727727962,6.931572727727962,0.6315727277279626,10.024963932189882
1559,7.39,4.915983064669621,4.915983064669621,2.4740169353303783,33.477901695945576
1563,12.8,10.982233463005562,10.982233463005562,1.817766536994439,14.201301070269054
6766,13.69,14.414656938706962,14.414656938706962,0.7246569387069624,5.2933304507447945
3260,9.7,12.237418177781063,12.237418177781063,2.5374181777810634,26.158950286402714
100,1.4,1.0242089547624682,1.0242089547624682,0.3757910452375317,26.842217516966553
4204,43.5,35.98564406005393,35.98564406005393,7.514355939946071,17.274381471140394
3197,7.0,5.5548890780752425,5.5548890780752425,1.4451109219247575,20.644441741782252
2937,17.5,19.63475869546749,19.63475869546749,2.1347586954674895,12.198621116957083
7017,15.99,13.710019591094264,13.710019591094264,2.279980408905736,14.258789298972708
1499,6.0,6.0921252003149915,6.0921252003149915,0.0921252003149915,1.535420005249858
4872,7.0,8.63889869583842,8.63889869583842,1.6388986958384208,23.41283851197744
1656,5.0,5.7188463889780605,5.7188463889780605,0.7188463889780605,14.37692777956121
6788,13.29,15.467465807137113,15.467465807137113,2.1774658071371142,16.384242341137053
346,4.0,4.629357011021873,4.629357011021873,0.6293570110218729,15.733925275546824
1718,7.5,8.214764831192188,8.214764831192188,0.7147648311921877,9.530197749229169
1665,1.7,2.3589031833734695,2.3589031833734695,0.6589031833734695,38.75901078667468
681,6.0,6.204223074104171,6.204223074104171,0.20422307410417062,3.403717901736177
6514,69.99,47.61199475743497,47.61199475743497,22.378005242565024,31.973146510308652
3898,3.9,5.402313264796556,5.402313264796556,1.5023132647965558,38.52085294350143
6186,20.45,21.809233645199303,21.809233645199303,1.3592336451993035,6.6466192919281335
6408,54.999,48.04785276602945,48.04785276602945,6.951147233970552,12.638679310479375
7289,23.79,25.959067450341003,25.959067450341003,2.1690674503410037,9.117559690378325
5761,17.75,19.95500061952546,19.95500061952546,2.2050006195254603,12.42253870155189
7063,49.59,45.8695362400171,45.8695362400171,3.7204637599829056,7.502447590205495
1793,3.8,6.605432729722463,6.605432729722463,2.8054327297224635,73.82717709795958
3542,5.9,8.528674898423288,8.528674898423288,2.628674898423288,44.553811837682844
6741,18.8,20.45645144528673,20.45645144528673,1.6564514452867307,8.810911943014526
1706,6.2,8.221945213456138,8.221945213456138,2.0219452134561378,32.61201957187319
1414,5.6,5.210311631166406,5.210311631166406,0.3896883688335935,6.958720872028455
4761,2.9,3.5898841543436997,3.5898841543436997,0.6898841543436998,23.789108770472406
3066,8.8,5.746965905054557,5.746965905054557,3.0530340949454438,34.69356926074368
2991,8.0,7.812967412207623,7.812967412207623,0.18703258779237686,2.3379073474047107
6041,9.75,13.405030621445949,13.405030621445949,3.655030621445949,37.487493553291785
84,37.9,33.272800382940325,33.272800382940325,4.627199617059674,12.208969965856658
5327,9.5,7.716007102344884,7.716007102344884,1.783992897655116,18.77887260689596
3207,9.0,12.57325594872658,12.57325594872658,3.5732559487265796,39.70284387473978
5025,3.99,4.4880318755980735,4.4880318755980735,0.49803187559807327,12.482001894688551
1561,1.2,2.3663673511661822,2.3663673511661822,1.1663673511661823,97.19727926384853
6072,8.39,38.83767992308255,38.83767992308255,30.447679923082546,362.9044090951436
2948,8.9,11.180764148337373,11.180764148337373,2.280764148337372,25.62656346446486
3528,7.8,8.056031148641697,8.056031148641697,0.2560311486416973,3.282450623611504
1297,5.0,5.771932318765173,5.771932318765173,0.771932318765173,15.438646375303462
4866,8.499,8.747040604115103,8.747040604115103,0.24804060411510243,2.918468103483968
6289,13.28,14.325539967479356,14.325539967479356,1.0455399674793568,7.873041923790339
4506,14.2,13.630327273015777,13.630327273015777,0.5696727269842228,4.011779767494527
1912,18.5,15.507152604161515,15.507152604161515,2.992847395838485,16.177553491018838
6456,79.99,46.524328117394276,46.524328117394276,33.46567188260572,41.83731951819693
5998,9.494,8.69599576856818,8.69599576856818,0.7980042314318201,8.40535318550474
6127,18.99,18.26319978407105,18.26319978407105,0.7268002159289502,3.827278651547921
6875,44.199,28.08878474396383,28.08878474396383,16.110215256036167,36.44927544975263
1817,12.2,9.87320899929066,9.87320899929066,2.3267910007093384,19.07205738286343
3722,7.6,8.994365959887551,8.994365959887551,1.3943659598875513,18.346920524836204
5451,9.79,11.270614173020327,11.270614173020327,1.480614173020328,15.123740275999264
6187,36.99,35.02530761856143,35.02530761856143,1.9646923814385744,5.3114149268412385
7164,8.99,11.66844560468546,11.66844560468546,2.678445604685459,29.793610730650265
3089,1.2,2.1289451471216174,2.1289451471216174,0.9289451471216175,77.41209559346812
4845,6.0,5.817296306001546,5.817296306001546,0.18270369399845432,3.0450615666409053
3142,3.2,1.969653620623022,1.969653620623022,1.2303463793769782,38.448324355530566
1623,5.5,5.533325383827221,5.533325383827221,0.03332538382722117,0.6059160695858393
6834,18.38,18.956985858786442,18.956985858786442,0.5769858587864434,3.1392048900241756
5459,16.79,25.019338834335116,25.019338834335116,8.229338834335117,49.01333433195425
5605,47.95,46.22599155446194,46.22599155446194,1.724008445538061,3.595429500600753
6392,26.4,27.49561113537572,27.49561113537572,1.095611135375723,4.1500421794534965
1199,2.0,3.3268491666638687,3.3268491666638687,1.3268491666638687,66.34245833319343
373,6.0,4.123211522306398,4.123211522306398,1.8767884776936024,31.279807961560042
2457,5.7,5.7188463889780605,5.7188463889780605,0.018846388978060347,0.3306384031238657
5260,4.99,4.915983064669621,4.915983064669621,0.07401693533037879,1.4833053172420598
3819,21.09,21.757870380110337,21.757870380110337,0.6678703801103367,3.1667633006654183
7284,23.3,31.498899073444743,31.498899073444743,8.198899073444743,35.18840804053537
1317,8.0,9.553591871485914,9.553591871485914,1.5535918714859136,19.41989839357392
1446,13.0,15.108647878431745,15.108647878431745,2.1086478784317446,16.220368295628802
3799,18.9,19.888449006806958,19.888449006806958,0.9884490068069596,5.229888924904548
3482,3.7,4.57487414246652,4.57487414246652,0.8748741424665196,23.64524709368972
1488,6.399,6.680961315561291,6.680961315561291,0.2819613155612908,4.406334045339753
4486,4.0,4.833239218230013,4.833239218230013,0.8332392182300126,20.830980455750314
6067,102.0,71.67545420625149,71.67545420625149,30.324545793748513,29.72994685661619
812,5.123,4.262383427927124,4.262383427927124,0.8606165720728765,16.799074215750075
3580,34.5,25.003876583635673,25.003876583635673,9.496123416364327,27.524995409751675
4317,3.95,2.637068429940759,2.637068429940759,1.312931570059241,33.238773925550404
3366,3.9,2.8441947187604066,2.8441947187604066,1.0558052812395933,27.0719302881947
3651,4.0,4.049471452390158,4.049471452390158,0.04947145239015782,1.2367863097539455
6684,40.5,33.70328170984041,33.70328170984041,6.796718290159589,16.782020469529847
1511,3.5,2.8400083500000752,2.8400083500000752,0.6599916499999248,18.856904285712137
7149,18.29,20.214870281294765,20.214870281294765,1.9248702812947656,10.524167749014575
1801,3.4,3.027152628547356,3.027152628547356,0.3728473714526439,10.96609916037188
4516,4.6,5.7188463889780605,5.7188463889780605,1.1188463889780609,24.322747586479586
921,7.8,8.981919200866155,8.981919200866155,1.1819192008661554,15.152810267514813
322,15.0,15.375217305825107,15.375217305825107,0.3752173058251067,2.5014487055007115
3838,2.5,2.9700429669397215,2.9700429669397215,0.4700429669397215,18.80171867758886
5634,27.49,27.260547029162083,27.260547029162083,0.22945297083791516,0.8346779586682982
7262,9.08,12.711797660858693,12.711797660858693,3.631797660858693,39.99777159536006
4402,6.85,7.077080934980973,7.077080934980973,0.22708093498097348,3.3150501457076422
6217,10.45,9.941417622009821,9.941417622009821,0.5085823779901784,4.86681701426008
1569,5.9,8.004359766403633,8.004359766403633,2.1043597664036326,35.66711468480733
4661,17.5,16.51075097227193,16.51075097227193,0.9892490277280714,5.652851587017551
231,12.9,10.724904564274373,10.724904564274373,2.175095435725627,16.861204928105636
1545,1.8,3.281256694290582,3.281256694290582,1.4812566942905818,82.292038571699
1420,1.0,2.6104136369464426,2.6104136369464426,1.6104136369464426,161.04136369464425
1079,5.9,8.99200982086722,8.99200982086722,3.0920098208672204,52.40694611639356
3103,7.9,7.068949221558527,7.068949221558527,0.8310507784414733,10.519630106854093
1115,4.75,6.173350274448456,6.173350274448456,1.423350274448456,29.965268935756974
6946,14.45,13.018418666346525,13.018418666346525,1.4315813336534742,9.907137257117467
1941,10.9,9.87320899929066,9.87320899929066,1.0267910007093395,9.420100923938895
1867,10.95,8.762482352446089,8.762482352446089,2.1875176475539106,19.977330114647586
2586,6.65,9.071397932542546,9.071397932542546,2.421397932542545,36.41199898560218
2751,11.5,9.537160072979638,9.537160072979638,1.9628399270203616,17.068173278437925
1425,9.59,8.895644059898174,8.895644059898174,0.6943559401018256,7.240416476557096
5395,14.5,12.994799785364906,12.994799785364906,1.505200214635094,10.380691135414441
4053,32.5,25.85266534018169,25.85266534018169,6.647334659818309,20.45333741482557
7283,16.95,18.206931691134407,18.206931691134407,1.2569316911344082,7.4155262013829395
4333,4.49,8.411974634744464,8.411974634744464,3.9219746347444637,87.34910099653594
1618,9.0,14.126045344752889,14.126045344752889,5.126045344752889,56.95605938614321
2402,16.8,16.07748800014747,16.07748800014747,0.7225119998525322,4.3006666657888815
265,15.3,15.116893856353412,15.116893856353412,0.1831061436465884,1.1967721806966563
0,9.99,8.895644059898174,8.895644059898174,1.094355940101826,10.954513914933193
4015,16.5,13.164331419334495,13.164331419334495,3.335668580665505,20.216173216154576
5187,3.5,3.6268290023158873,3.6268290023158873,0.12682900231588734,3.6236857804539238
838,1.2,2.774365169243855,2.774365169243855,1.574365169243855,131.19709743698792
14,21.9,15.859884382754947,15.859884382754947,6.040115617245052,27.580436608424897
3263,2.6,2.4430397180695005,2.4430397180695005,0.1569602819304996,6.036933920403831
4912,21.0,14.077137883865035,14.077137883865035,6.922862116134965,32.96601007683317
6477,29.155,37.28907003912119,37.28907003912119,8.134070039121191,27.899399894087434
8,16.5,14.421676246340484,14.421676246340484,2.0783237536595163,12.5959015373304
1039,8.5,15.692890337873294,15.692890337873294,7.192890337873294,84.62223926909758
2759,11.9,10.595905235735113,10.595905235735113,1.304094764264887,10.958779531637704
3992,15.5,14.818941333528072,14.818941333528072,0.6810586664719285,4.393926880464054
6472,12.99,21.259794379604447,21.259794379604447,8.269794379604447,63.66277428486872
4141,32.79,28.368584044645534,28.368584044645534,4.421415955354465,13.484037680251495
6629,18.1,19.826404872471954,19.826404872471954,1.726404872471953,9.538148466695871
339,4.1,3.5350094366656006,3.5350094366656006,0.564990563334399,13.780257642302415
1956,3.3,4.6797486016326975,4.6797486016326975,1.3797486016326976,41.81056368583933
4220,6.5,5.607267026543696,5.607267026543696,0.8927329734563036,13.734353437789288
2770,29.999999,11.864468669095798,11.864468669095798,18.135530330904203,60.451769784739675
1090,23.5,25.743865738630948,25.743865738630948,2.243865738630948,9.548364845238076
4512,8.999,6.279545491380569,6.279545491380569,2.7194545086194317,30.21951893120826
1883,6.0,8.467855454460436,8.467855454460436,2.4678554544604356,41.130924241007264
622,5.3,7.3295404689063455,7.3295404689063455,2.0295404689063457,38.29321639445935
7220,12.5,15.905313828033293,15.905313828033293,3.405313828033293,27.242510624266348
5192,3.8,8.362870021388844,8.362870021388844,4.562870021388844,120.07552687865379
5045,2.8,8.542987156230406,8.542987156230406,5.742987156230407,205.10668415108597
4331,16.5,19.463431662010347,19.463431662010347,2.963431662010347,17.9601918909718
4952,4.7,3.491808877277731,3.491808877277731,1.208191122722269,25.706194100473805
3032,8.4,6.295940543263942,6.295940543263942,2.104059456736058,25.04832686590545
4568,5.999,5.702451337094687,5.702451337094687,0.29654866290531245,4.943301598688323
889,4.5,7.8993351085515044,7.8993351085515044,3.3993351085515044,75.54078019003343
1507,3.1,2.2563159407072395,2.2563159407072395,0.8436840592927606,27.2156148158955
3688,10.0,7.728655481216721,7.728655481216721,2.2713445187832786,22.713445187832786
196,1.9,0.19660416527006533,0.19660416527006533,1.7033958347299345,89.65241235420707
5533,12.99,13.217282749682067,13.217282749682067,0.2272827496820664,1.7496747473600187
3980,11.2,13.114111672166437,13.114111672166437,1.9141116721664382,17.09028278720034
2789,3.8,4.169672302053904,4.169672302053904,0.3696723020539041,9.72821847510274
6575,38.0,17.931833219328606,17.931833219328606,20.068166780671394,52.81096521229314
4236,21.5,13.24943924725389,13.24943924725389,8.25056075274611,38.374701175563295
432,4.2,7.219285169685447,7.219285169685447,3.019285169685447,71.88774213536779
2598,10.9,11.044054661708936,11.044054661708936,0.14405466170893533,1.3216024009994065
6091,28.99,24.242357063053355,24.242357063053355,4.747642936946644,16.376829723858723
1694,23.5,25.843652499715784,25.843652499715784,2.343652499715784,9.972989360492697
5357,29.9,31.18525936681598,31.18525936681598,1.285259366815982,4.2985263104213445
1108,13.9,16.761190603172313,16.761190603172313,2.8611906031723127,20.584105058793618
6353,37.5,42.49003049477454,42.49003049477454,4.990030494774537,13.306747986065432
6690,60.89,44.757368051100144,44.757368051100144,16.132631948899856,26.4947149760221
6262,110.99,96.75353153355458,96.75353153355458,14.236468466445416,12.826802834890906
4825,1.65,3.579886132874876,3.579886132874876,1.9298861328748762,116.96279593181069
1277,4.6,5.0767325195351205,5.0767325195351205,0.47673251953512086,10.36375042467654
1195,5.9,5.808611391071161,5.808611391071161,0.09138860892883915,1.548959473370155
6062,18.19,27.000550983100176,27.000550983100176,8.810550983100175,48.43623410170519
604,9.0,8.750554604476061,8.750554604476061,0.24944539552393863,2.7716155058215404
3742,6.2,4.702084482283531,4.702084482283531,1.4979155177164696,24.159927705104348
1593,17.9,18.260059021700116,18.260059021700116,0.36005902170011694,2.011502914525793
1219,19.4,22.32307736406876,22.32307736406876,2.92307736406876,15.06740909313794
2229,7.0,8.19383839275183,8.19383839275183,1.1938383927518306,17.054834182169007
4519,4.1,3.260048100706786,3.260048100706786,0.8399518992932138,20.486631690078386
1652,3.3,3.6247294683381006,3.6247294683381006,0.3247294683381008,9.840286919336389
4657,5.9,7.4066203183885335,7.4066203183885335,1.5066203183885332,25.535937599805646
4865,5.9,3.714482823832141,3.714482823832141,2.1855171761678593,37.04266400284507
6264,11.09,10.450210872310882,10.450210872310882,0.6397891276891183,5.769063369604313
4955,38.0,34.42342466124118,34.42342466124118,3.576575338758822,9.412040365154795
1158,12.0,10.274122352847844,10.274122352847844,1.7258776471521564,14.38231372626797
4818,10.8,10.966860728690246,10.966860728690246,0.1668607286902457,1.5450067471319047
3256,8.8,8.333990898622586,8.333990898622586,0.4660091013774146,5.295557970197892
5728,38.699,41.03415642087116,41.03415642087116,2.335156420871165,6.034151840799931
4650,17.5,19.723677377377953,19.723677377377953,2.2236773773779532,12.70672787073116
7219,15.49,18.40787332234881,18.40787332234881,2.917873322348809,18.837142171393214
5702,14.19,12.953237528589073,12.953237528589073,1.2367624714109269,8.71573270902697
2807,4.59,3.3948366914797035,3.3948366914797035,1.1951633085202964,26.038416307631728
2851,8.6,13.183206771802954,13.183206771802954,4.5832067718029545,53.29310199770878
4559,10.49,8.992553723199821,8.992553723199821,1.4974462768001793,14.274988339372538
2995,6.5,8.611186690815135,8.611186690815135,2.111186690815135,32.479795243309766
904,5.95,4.462910076019292,4.462910076019292,1.487089923980708,24.99310796606232
6841,21.169,19.91645204473463,19.91645204473463,1.2525479552653707,5.916897138577026
2357,23.8,23.280750971885237,23.280750971885237,0.5192490281147641,2.1817186055242193
3383,12.8,11.00090032260578,11.00090032260578,1.7990996773942207,14.055466229642349
3470,9.0,14.30316311468523,14.30316311468523,5.30316311468523,58.92403460761366
1616,7.8,8.895644059898174,8.895644059898174,1.0956440598981745,14.046718716643264
3575,5.8,6.6141009680549905,6.6141009680549905,0.8141009680549907,14.03622358715501
6977,26.95,21.566323987735952,21.566323987735952,5.383676012264047,19.976534368326707
5006,10.9,9.572672222791365,9.572672222791365,1.3273277772086356,12.17731905695996
3820,3.65,3.956798602003837,3.956798602003837,0.30679860200383713,8.40544115079006
1860,7.5,5.606964004343342,5.606964004343342,1.8930359956566578,25.240479942088772
2088,4.99,4.110244771635741,4.110244771635741,0.8797552283642593,17.63036529788095
7077,27.52,23.115964999979557,23.115964999979557,4.404035000020443,16.003034157051026
6930,27.699,26.07014415953581,26.07014415953581,1.6288558404641904,5.880558288978629
5213,4.1,8.163285596793097,8.163285596793097,4.063285596793097,99.10452675105115
2251,3.2,2.037109298677046,2.037109298677046,1.1628907013229544,36.34033441634232
3784,14.0,18.0668201580037,18.0668201580037,4.066820158003701,29.04871541431215
3127,6.5,5.746965905054557,5.746965905054557,0.753034094945443,11.585139922237584
254,11.7,8.981919200866155,8.981919200866155,2.718080799133844,23.231459821656788
6705,16.78,16.242635137460756,16.242635137460756,0.5373648625392455,3.2024127684102828
4989,2.999999,4.629357011021873,4.629357011021873,1.629358011021873,54.31195180471305
221,14.85,14.75303179525557,14.75303179525557,0.0969682047444298,0.652984543733534
267,2.9,3.344286136774834,3.344286136774834,0.4442861367748341,15.320211612925313
107,8.1,5.76336095693793,5.76336095693793,2.3366390430620694,28.847395593358883
4800,5.5,4.276954790393578,4.276954790393578,1.223045209606422,22.23718562920767
1226,5.4,8.205100818394888,8.205100818394888,2.8051008183948873,51.94631145175717
4938,4.9,5.941113921883952,5.941113921883952,1.0411139218839516,21.24722289559085
3418,9.5,8.8744101423002,8.8744101423002,0.6255898576998007,6.585156396840007
4154,8.5,6.447267876990627,6.447267876990627,2.052732123009373,24.14978968246321
1758,6.99,8.722657424496564,8.722657424496564,1.7326574244965638,24.7876598640424
2284,9.99,8.906153888266031,8.906153888266031,1.083846111733969,10.849310427767458
2526,3.3,4.081762668875812,4.081762668875812,0.7817626688758121,23.689777844721583
4004,15.0,7.667569454716994,7.667569454716994,7.332430545283006,48.882870301886705
1210,15.5,24.384019310205673,24.384019310205673,8.884019310205673,57.31625361423015
6664,11.5,14.85935711359755,14.85935711359755,3.35935711359755,29.211800987804786
2464,13.6,11.625165621298724,11.625165621298724,1.974834378701276,14.520841019862324
4240,13.5,12.989501685878936,12.989501685878936,0.5104983141210635,3.781468993489359
4198,14.5,13.334981815331956,13.334981815331956,1.1650181846680443,8.034608170124443
376,4.5,4.257073615331694,4.257073615331694,0.24292638466830585,5.39836410374013
755,1.8,2.68021049432612,2.68021049432612,0.8802104943261198,48.90058301811776
291,12.49,13.655665421476783,13.655665421476783,1.165665421476783,9.332789603497062
5091,1.7,4.177044102240243,4.177044102240243,2.477044102240243,145.70847660236726
1465,1.35,3.0131515792973813,3.0131515792973813,1.6631515792973812,123.1964132812875
188,4.7,5.880885345626528,5.880885345626528,1.1808853456265282,25.125220119713365
1870,33.0,17.4556540003502,17.4556540003502,15.5443459996498,47.104078786817574
1201,8.7,10.559066397096938,10.559066397096938,1.8590663970969388,21.36857927697631
1649,4.0,3.708520159500565,3.708520159500565,0.2914798404994352,7.28699601248588
6030,128.96,134.45988634753078,134.45988634753078,5.499886347530776,4.264800207452525
3706,30.49,26.087288687113094,26.087288687113094,4.402711312886904,14.439853436821595
4176,6.5,6.680521028960846,6.680521028960846,0.18052102896084588,2.777246599397629
501,10.0,10.371075483033096,10.371075483033096,0.37107548303309557,3.7107548303309557
6193,26.99,22.29752816847432,22.29752816847432,4.69247183152568,17.38596454807588
2605,5.5,6.173350274448456,6.173350274448456,0.6733502744484561,12.242732262699201
6874,64.89,70.3518925120068,70.3518925120068,5.4618925120067985,8.417155974736938
3312,23.5,18.242726483949305,18.242726483949305,5.257273516050695,22.37137666404551
2812,6.5,6.373815297627373,6.373815297627373,0.12618470237262702,1.941303113425031
4763,5.5,8.137768025364768,8.137768025364768,2.6377680253647675,47.95941864299577
6753,76.79,48.56735142027454,48.56735142027454,28.222648579725465,36.75302588843009
672,7.9,5.746965905054557,5.746965905054557,2.1530340949454434,27.253596138549913
4766,13.8,17.223325264130114,17.223325264130114,3.4233252641301135,24.806704812537053
3753,7.35,6.9628329407019045,6.9628329407019045,0.38716705929809514,5.267579038069322
1374,12.8,12.864230086582095,12.864230086582095,0.06423008658209461,0.5017975514226142
7043,23.99,26.205696557276298,26.205696557276298,2.215696557276299,9.235917287521048
6988,15.58,16.870408394581794,16.870408394581794,1.2904083945817941,8.282467230948615
5718,79.99,81.41260824467697,81.41260824467697,1.4226082446769794,1.778482616173246
1192,4.9,5.857195010919604,5.857195010919604,0.9571950109196035,19.53459205958374
3053,52.9,43.36650535849524,43.36650535849524,9.53349464150476,18.021729000954178
3950,2.8,2.6987591252729395,2.6987591252729395,0.10124087472706034,3.6157455259664406
216,13.0,11.594079261538424,11.594079261538424,1.4059207384615764,10.814774911242896
4697,6.49,7.9140808842713986,7.9140808842713986,1.4240808842713983,21.942694672902903
421,1.2,1.3562026367020494,1.3562026367020494,0.15620263670204948,13.016886391837456
505,3.9,5.228189839032482,5.228189839032482,1.3281898390324822,34.0561497187816
4836,2.9,3.222633373118718,3.222633373118718,0.32263337311871787,11.12528872823165
6453,19.9,18.754588055693144,18.754588055693144,1.1454119443068542,5.755838916114846
6845,49.5,30.271607734461693,30.271607734461693,19.228392265538307,38.84523690007739
6252,20.59,24.418009815190675,24.418009815190675,3.8280098151906756,18.591596965471954
506,16.3,15.108647878431745,15.108647878431745,1.191352121568256,7.3089087212776445
1807,8.9,6.023040279638918,6.023040279638918,2.876959720361082,32.32539011641665
4436,20.89,21.859502030491015,21.859502030491015,0.9695020304910145,4.640986263719552
1438,5.99,1.6118987042515018,1.6118987042515018,4.378101295748499,73.09017188227878
5520,76.49,67.4790941305567,67.4790941305567,9.010905869443292,11.780501855724006
7069,41.599,28.430365417903424,28.430365417903424,13.168634582096573,31.656132556303213
4704,3.8,2.9206548994742874,2.9206548994742874,0.8793451005257125,23.14066054015033
1426,27.9,36.85100481745147,36.85100481745147,8.95100481745147,32.08245454283681
2859,7.5,6.931572727727962,6.931572727727962,0.5684272722720376,7.579030296960501
3016,5.0,4.5599700811722395,4.5599700811722395,0.44002991882776055,8.800598376555211
2688,20.49,20.074366217268437,20.074366217268437,0.41563378273156104,2.0284713652101565
4664,12.0,4.838526724484486,4.838526724484486,7.161473275515514,59.67894396262928
2280,2.95,4.673430959228093,4.673430959228093,1.723430959228093,58.42138844840993
347,6.5,7.082422381032604,7.082422381032604,0.5824223810326039,8.960344323578521
4320,12.99,15.527731654476854,15.527731654476854,2.537731654476854,19.536040450168237
333,11.5,7.012413610441423,7.012413610441423,4.487586389558577,39.02249034398763
4386,6.5,6.508161137629265,6.508161137629265,0.008161137629264736,0.1255559635271498
3381,7.75,6.623942963586252,6.623942963586252,1.1260570364137479,14.529768211790294
5781,18.355,22.752543747998672,22.752543747998672,4.397543747998672,23.958287921540027
6380,15.89,15.75466132065589,15.75466132065589,0.1353386793441107,0.8517223369673423
5832,83.49,95.72305362721315,95.72305362721315,12.233053627213152,14.652118370119958
6831,8.29,9.611435945235844,9.611435945235844,1.3214359452358444,15.940119966656749
3023,9.79,9.932573037804037,9.932573037804037,0.14257303780403774,1.456312949990171
6726,5.65,5.191688228116267,5.191688228116267,0.45831177188373307,8.11171277670324
746,14.5,16.282172849662604,16.282172849662604,1.7821728496626044,12.290847239052443
3410,34.0,24.540126277611606,24.540126277611606,9.459873722388394,27.82315800702469
5257,5.7,5.714659298422594,5.714659298422594,0.01465929842259417,0.25718067408059947
3704,5.0,4.4732156253938316,4.4732156253938316,0.5267843746061684,10.535687492123369
3589,2.5,2.92020893814379,2.92020893814379,0.4202089381437899,16.808357525751596
5019,7.8,5.787543353279474,5.787543353279474,2.0124566467205263,25.80072624000675
4038,24.2,20.074366217268437,20.074366217268437,4.125633782731562,17.048073482361826
3608,9.3,8.736536726555302,8.736536726555302,0.5634632734446985,6.058744875749446
6968,28.59,28.754986897859318,28.754986897859318,0.1649868978593183,0.5770790411308789
259,4.8,5.773530402948699,5.773530402948699,0.9735304029486995,20.281883394764574
1795,11.49,8.895644059898174,8.895644059898174,2.594355940101826,22.579251001756536
4210,20.0,16.533092277838417,16.533092277838417,3.466907722161583,17.334538610807915
3653,8.3,4.661418105603949,4.661418105603949,3.6385818943960517,43.838336077060866
3265,4.59,5.746965905054557,5.746965905054557,1.156965905054557,25.206228868291003
3246,5.0,5.9028403677423125,5.9028403677423125,0.9028403677423125,18.05680735484625
1730,25.0,17.189180218683262,17.189180218683262,7.810819781316738,31.243279125266955
599,11.5,15.56241649902432,15.56241649902432,4.0624164990243194,35.32536086108104
45,13.0,13.15822531077723,13.15822531077723,0.15822531077722957,1.2171177752094582
4651,23.5,12.488271124824351,12.488271124824351,11.011728875175649,46.85842074542829
5070,6.0,6.332565955519711,6.332565955519711,0.33256595551971113,5.542765925328519
4575,6.0,4.792365931972901,4.792365931972901,1.2076340680270992,20.127234467118317
3921,14.2,7.1949311093635755,7.1949311093635755,7.005068890636424,49.33147106081989
3881,2.686686,3.5811321401870475,3.5811321401870475,0.8944461401870476,33.291800388547365
6979,5.85,12.99854149750239,12.99854149750239,7.148541497502391,122.19729055559642
6997,28.9,22.48113343563394,22.48113343563394,6.418866564366059,22.210610949363527
1421,1.9,5.345901057543258,5.345901057543258,3.445901057543258,181.36321355490833
4251,17.2,17.36987772584324,17.36987772584324,0.16987772584323935,0.9876611967630196
3529,2.3,2.21998519915021,2.21998519915021,0.08001480084978985,3.478904384773472
6651,12.09,14.01705508366845,14.01705508366845,1.927055083668451,15.939248003874699
6497,96.79,94.78738104401812,94.78738104401812,2.0026189559818874,2.0690349788014126
7180,15.99,17.430230512712516,17.430230512712516,1.4402305127125157,9.007070123280272
3044,13.2,16.761190603172313,16.761190603172313,3.5611906031723137,26.97871669069935
1298,4.1,5.746965905054557,5.746965905054557,1.6469659050545573,40.169900123281884
426,6.5,5.40753592181066,5.40753592181066,1.09246407818934,16.807139664451384
4603,8.2,5.9269829354505905,5.9269829354505905,2.2730170645494088,27.719720299383038
805,19.9,18.079964450453385,18.079964450453385,1.8200355495466134,9.145907284153838
410,7.7,12.430392704609698,12.430392704609698,4.730392704609698,61.43367148843764
6097,12.38,15.48812112549444,15.48812112549444,3.1081211254944385,25.105986474106935
3858,15.0,7.649136829118801,7.649136829118801,7.350863170881199,49.00575447254133
438,8.8,10.838364498199317,10.838364498199317,2.038364498199316,23.163232934083137
2389,2.0,2.058974640159622,2.058974640159622,0.05897464015962184,2.948732007981092
4161,9.2,10.98633248118409,10.98633248118409,1.7863324811840915,19.41665740417491
434,5.8,6.351094315675615,6.351094315675615,0.5510943156756154,9.501626132338197
751,10.5,8.162653013860583,8.162653013860583,2.3373469861394174,22.26044748704207
3411,8.5,6.023040279638918,6.023040279638918,2.476959720361082,29.140702592483315
2874,6.99,5.597388656122771,5.597388656122771,1.3926113438772294,19.922909068343767
4383,14.6,14.624065637830919,14.624065637830919,0.024065637830918973,0.16483313582821216
2142,9.0,8.226828856797654,8.226828856797654,0.7731711432023456,8.590790480026062
6044,24.0,35.78880709664551,35.78880709664551,11.788807096645513,49.120029569356305
4937,7.5,6.743067558096398,6.743067558096398,0.7569324419036016,10.092432558714687
4856,5.9,8.801729953993899,8.801729953993899,2.9017299539938985,49.181863627015225
1049,6.0,7.143573627209122,7.143573627209122,1.143573627209122,19.059560453485368
626,6.5,6.41837342736698,6.41837342736698,0.08162657263302009,1.255793425123386
1926,10.2,10.19685342065588,10.19685342065588,0.0031465793441185497,0.03084881709920147
1223,7.6,5.597388656122771,5.597388656122771,2.002611343877229,26.350149261542487
210,7.89,10.619719033560584,10.619719033560584,2.729719033560584,34.597199411414245
2431,3.89,2.6306983104071873,2.6306983104071873,1.2593016895928129,32.37279407693606
6216,14.59,17.139877100098015,17.139877100098015,2.5498771000980156,17.476882111706757
4927,16.0,17.7089243304263,17.7089243304263,1.7089243304262993,10.68077706516437
51,18.8,14.573003816113971,14.573003816113971,4.22699618388603,22.484022254712922
1109,12.5,12.772678274454588,12.772678274454588,0.2726782744545879,2.1814261956367034
1436,7.2,10.013016328648721,10.013016328648721,2.813016328648721,39.069671231232235
7277,10.49,12.404582722767309,12.404582722767309,1.9145827227673085,18.251503553549174
3882,2.8,4.755310535728304,4.755310535728304,1.9553105357283043,69.83251913315372
1786,10.8,5.714659298422594,5.714659298422594,5.085340701577406,47.086487977568574
5456,22.0,25.6426755428263,25.6426755428263,3.6426755428263,16.557616103755908
4338,6.0,5.025047756534592,5.025047756534592,0.9749522434654079,16.249204057756796
6336,19.592,24.55071282510133,24.55071282510133,4.95871282510133,25.30988579573974
1558,2.8,3.3889775252428773,3.3889775252428773,0.5889775252428775,21.03491161581705
2249,26.49,17.702011690983042,17.702011690983042,8.787988309016956,33.17473880338602
5044,36.0,23.18566527863283,23.18566527863283,12.814334721367171,35.59537422601992
3786,8.5,12.663571671670516,12.663571671670516,4.163571671670516,48.98319613730018
4233,12.8,16.21025372166393,16.21025372166393,3.4102537216639277,26.642607200499434
4561,13.0,8.549356941174057,8.549356941174057,4.450643058825943,34.23571583712264
3733,3.5,3.9457448739708947,3.9457448739708947,0.4457448739708947,12.73556782773985
5661,63.05,83.89583987455696,83.89583987455696,20.845839874556958,33.06239472570493
5664,70.99,67.4790941305567,67.4790941305567,3.5109058694432917,4.945634412513441
6291,8.89,8.63729860045545,8.63729860045545,0.2527013995445504,2.8425354279476984
6970,20.49,27.375322054728887,27.375322054728887,6.8853220547288885,33.60332872000434
4693,29.5,14.157983776320625,14.157983776320625,15.342016223679375,52.006834656540256
3164,1.0,1.5957133824076366,1.5957133824076366,0.5957133824076366,59.57133824076366
2112,5.4,4.900937956520277,4.900937956520277,0.49906204347972327,9.241889694068949
705,7.2,7.136469927178088,7.136469927178088,0.06353007282191214,0.8823621225265575
2943,26.5,18.242726483949305,18.242726483949305,8.257273516050695,31.159522702078096
6952,20.99,13.569317590838441,13.569317590838441,7.420682409161557,35.35341786165583
57,3.8,5.7632359436352365,5.7632359436352365,1.9632359436352367,51.66410377987465
4881,9.8,10.12035149960591,10.12035149960591,0.32035149960590914,3.2688928531215216
5640,17.2,22.996444903768232,22.996444903768232,5.796444903768233,33.70026106841996
527,4.5,11.90731261486756,11.90731261486756,7.4073126148675605,164.6069469970569
1935,3.8,3.6741769252309764,3.6741769252309764,0.12582307476902344,3.3111335465532488
5058,1.95,3.796217756767208,3.796217756767208,1.846217756767208,94.67783368036964
565,4.0,6.999306070471537,6.999306070471537,2.999306070471537,74.98265176178842
1871,4.9,5.890993161839542,5.890993161839542,0.9909931618395413,20.22435024162329
6095,18.85,20.25198482505512,20.25198482505512,1.40198482505512,7.437585278807002
640,5.5,4.144307006857034,4.144307006857034,1.3556929931429664,24.6489635116903
5282,5.0,4.408364531120858,4.408364531120858,0.5916354688791419,11.832709377582837
1747,41.0,29.850324302493025,29.850324302493025,11.149675697506975,27.194330969529208
730,6.5,8.027253419795874,8.027253419795874,1.5272534197958745,23.49620645839807
