sample_id,y_true_price,raw_prediction,y_pred_price,absolute_error,absolute_percentage_error
3909,5.5,1.5372077526864194,3.6515837484993465,1.8484162515006535,33.60756820910279
6004,37.499,3.4007710622690848,28.98721314404388,8.511786855956121,22.698703581311822
1768,27.49,2.9537830343867393,18.178369096728126,9.311630903271872,33.87279339131275
3360,7.8,2.1632115087210635,7.699029856721282,0.100970143278718,1.2944890163938205
4700,12.99,2.5007304565890527,11.19139599456699,1.7986040054330097,13.846066246597458
865,3.5,1.4335835297988742,3.1937005478474685,0.3062994521525315,8.751412918643757
7074,52.5,3.5935166163930643,35.36172158072206,17.13827841927794,32.64433984624369
2233,26.0,2.9733401884261372,18.557135135731063,7.4428648642689375,28.626403324111298
1720,22.0,2.4706798636427747,10.830487236302334,11.169512763697666,50.77051256226211
1662,4.7,2.139569601756836,7.495780272979006,2.795780272979006,59.484686659127796
1566,11.49,2.803298570872716,15.498980165960301,4.008980165960301,34.89103712759182
5141,3.2,1.8109777050933968,5.116424569270567,1.9164245692705668,59.88826778970521
7264,63.86,3.9861384518993477,52.84655631090683,11.013443689093172,17.246231896481635
5464,127.0,4.727937763486729,112.06216085045665,14.93783914954335,11.762078070506576
6348,31.79,3.318091300968019,26.607605627294095,5.182394372705904,16.301964053809073
6283,17.99,3.624327258901395,36.49948722569449,18.50948722569449,102.8876443896303
6419,30.9,3.466656637988044,31.02947709424268,0.12947709424268083,0.41901972246822283
763,7.9,2.524245846532905,11.481478762826297,3.581478762826297,45.3351742129911
3297,4.8,1.8898259238974546,5.6182165074276265,0.8182165074276266,17.046177238075554
2654,3.59,1.2612477569158766,2.5298231019090447,1.0601768980909552,29.53138991896811
2189,3.1399,1.516425162066246,3.55590941158946,0.41600941158946014,13.249129322254216
3945,1.9,1.079916411901918,1.9444334211892969,0.04443342118929694,2.338601115226155
6006,20.04,3.1948164885671515,23.40569455734357,3.36569455734357,16.794883020676497
1197,19.8,2.4856349895398138,11.008743260667405,8.791256739332596,44.400286562285835
429,7.5,2.0839784287028955,7.0363775542136775,0.4636224457863225,6.1816326104843
4271,5.7,1.887444405373017,5.602473855365744,0.0975261446342559,1.710984993583437
3905,5.1,2.07238634513306,6.943757063406374,1.8437570634063745,36.152099282477934
2316,2.7,1.9319214012522905,5.902760480623663,3.202760480623663,118.62075854161715
4584,13.5,2.3228396087652845,9.20461030403878,4.2953896959612194,31.817701451564588
7086,51.49,4.105434805718622,59.669118092996925,8.179118092996923,15.88486714507074
1992,16.5,2.736440187882993,14.431952350371814,2.068047649628186,12.533622118958702
7240,13.1,2.7281137540045846,14.303992682648698,1.203992682648698,9.190783837012962
554,7.2,2.2707235267324735,8.686406653466566,1.4864066534665659,20.644536853702302
1905,11.999,2.5820153653094584,12.22376203349382,0.2247620334938194,1.8731730435354563
2034,14.5,2.5691530763246715,12.054763369480646,2.4452366305193536,16.863700900133473
1215,6.2,2.0069743697606715,6.440770235479645,0.24077023547964505,3.8833908948329845
1615,7.0,2.0802391595521796,7.006383488432553,0.006383488432552653,0.09119269189360933
1002,3.2,1.3505685947754194,2.8596194663713708,0.3403805336286294,10.636891675894669
2388,9.95,2.030927480285065,6.621151549672691,3.3288484503273086,33.45576331987245
6001,38.9,3.693715186479232,39.19389773554262,0.2938977355426218,0.7555211710607244
1533,4.95,1.6697485068365832,4.31083199127732,0.6391680087226801,12.912485024700606
5326,26.5,3.3494612184516575,27.487381033025773,0.9873810330257733,3.7259661623614084
2764,22.5,3.0722455816807948,20.590331131695862,1.9096688683041378,8.487417192462834
6702,12.99,2.7833357037066464,15.172879003269134,2.182879003269134,16.804303335405187
496,10.89,2.6770992975222923,13.542847580367209,2.652847580367208,24.360400187026702
2691,29.5,3.4986854610778333,32.07194900759317,2.571949007593169,8.718471212180233
7213,26.25,3.4671202919138437,31.044331130338705,4.794331130338705,18.264118591766497
5400,13.99,2.619061263992349,12.722835416997647,1.2671645830023532,9.057645339545054
5931,44.99,3.59131624066183,35.281800091908146,9.708199908091856,21.578572811940113
828,4.8,1.4988845729226463,3.4766928599689093,1.3233071400310905,27.56889875064772
3552,1.55,1.804105709187928,5.074536616438676,3.5245366164386764,227.3894591250759
61,6.9,2.287480995493448,8.850093972496351,1.9500939724963509,28.262231485454357
1429,10.0,2.4933383652195613,11.101608349546684,1.1016083495466837,11.016083495466837
2970,3.2,1.530732721753215,3.621561900926597,0.42156190092659696,13.173809403956154
3955,29.9,3.5444493317171624,33.620615617243644,3.720615617243645,12.443530492453663
4121,14.5,2.5757401488160725,12.141039885026753,2.3589601149732466,16.268690448091355
3550,16.4,2.752034473905725,14.674488805622897,1.725511194377102,10.5214097218116
5189,4.6,1.4365473553716632,3.2061483822687054,1.3938516177312943,30.301122124593356
465,5.95,2.0035974627068605,6.415685823686735,0.4656858236867345,7.826652498936713
5636,7.5,2.7749575350609854,15.03794593079921,7.537945930799211,100.50594574398947
6951,12.9,2.968549592441261,18.463668861007054,5.563668861007054,43.12921597679887
4230,8.2,2.00116311656484,6.397655432522062,1.8023445674779373,21.97981179851143
6145,42.45,4.002543124322642,53.737176622485904,11.287176622485902,26.58934422258163
1902,8.9,2.2544717536623,8.530257656526667,0.3697423434733338,4.154408353632964
185,4.7,1.6697485068365832,4.31083199127732,0.3891680087226801,8.280170398354896
2662,4.8,1.6740467930660534,4.333708597171569,0.46629140282843107,9.714404225592315
932,2.0,1.5603043270937853,3.760269703768654,1.760269703768654,88.01348518843271
6485,20.95,3.3182182609733863,26.61111091156347,5.661110911563469,27.02200912440797
5510,12.99,3.2211372740354207,24.056600204301102,11.066600204301102,85.19322713087838
1487,18.99,2.287480995493448,8.850093972496351,10.139906027503647,53.39602963403711
1084,17.0,2.492259595751331,11.088560542995738,5.911439457004262,34.773173276495655
7123,11.999,2.8098217565006753,15.60695787267895,3.6079578726789503,30.068821340769645
5735,99.69,4.256403725732696,69.55578868392982,30.13421131607018,30.227917861440645
2939,12.5,2.5201398334108838,11.430334718157727,1.0696652818422727,8.557322254738182
1940,7.5,2.1624777544207725,7.6926492473416115,0.19264924734161148,2.5686566312214865
5481,17.86,2.942797953072719,17.968846073413893,0.10884607341389341,0.609440500637701
3268,2.2,1.2761414910291993,2.582788798071921,0.3827887980719207,17.39949082145094
1703,22.5,3.2121521295219897,23.832471452937355,1.3324714529373551,5.922095346388245
6381,19.8,3.1127079538209097,21.48184183476965,1.6818418347696493,8.494150680654794
3244,1.5,1.2694221751112553,2.5587956074569407,1.0587956074569407,70.58637383046272
4438,1.5,1.1011606568337122,2.0076548540473245,0.5076548540473245,33.8436569364883
5549,17.5,2.803339298581809,15.499652145308826,2.0003478546911744,11.430559169663853
4063,8.0,2.1401526362025383,7.500735049783687,0.4992649502163129,6.240811877703911
5269,5.299999,1.727424169101513,4.626143234347725,0.6738557656522746,12.714262128205583
7091,24.299,3.4403740527092173,30.19862591654494,5.899625916544942,24.27929510080638
2718,22.0,2.834080129511764,16.01474174078459,5.98525825921541,27.205719360070045
1740,7.8,2.2829711181624157,8.805771277064167,1.0057712770641674,12.89450355210471
5023,17.5,2.737215009906656,14.443914000397506,3.0560859996024945,17.463348569157112
3994,7.0,2.1793596953915797,7.840643741117448,0.8406437411174483,12.009196301677834
101,12.6,2.601575362396193,12.484965017319055,0.11503498268094425,0.9129760530233672
4505,15.0,2.8983930233297817,17.144963395488773,2.144963395488773,14.299755969925155
736,8.2,2.432174674421393,10.38361082905986,2.1836108290598606,26.629400354388544
7111,48.49,3.8983754055513957,48.322255319793435,0.1677446802065674,0.34593664715728484
538,25.5,2.996536149367809,19.016083980171544,6.483916019828456,25.4271216463861
4520,9.0,2.0543226157315413,6.801551434151841,2.1984485658481594,24.427206287201773
5153,8.5,2.276066766409961,8.73830196691013,0.2383019669101305,2.803552551883888
733,10.8,2.7200786644307087,14.181516443331121,3.3815164433311207,31.310337438251118
5218,4.4,2.1224774724976885,7.351803240534753,2.951803240534753,67.08643728488074
79,3.7,1.331152741197478,2.785404465165067,0.914595534834933,24.71879823878197
5808,17.79,2.923583352245234,17.607846605006024,0.18215339499397487,1.0239089094658511
3113,5.5,1.887444405373017,5.602473855365744,0.10247385536574427,1.8631610066498958
5278,5.3,1.567919991051022,3.7966607131429333,1.5033392868570665,28.36489220485031
3082,5.9,1.675925582274084,4.343738930813551,1.5562610691864496,26.37730625739745
4939,11.5,2.369722285417725,9.694421874763524,1.805578125236476,15.7006793498824
132,8.9,2.126902279516653,7.388840238490065,1.5111597615099353,16.97932316303298
737,12.2,2.18315208905336,7.874234597022504,4.3257654029774955,35.457093467028656
1041,9.0,2.269815535670633,8.67761547456379,0.32238452543620966,3.582050282624552
2095,13.5,2.7569572004961,14.751840262286848,1.2518402622868479,9.272890831754427
7199,21.99,3.195612283377768,23.42512421240575,1.43512421240575,6.526258355642338
6848,42.499,3.4528252620737256,30.589515010657895,11.909484989342108,28.02297698614581
1634,9.3,2.736440187882993,14.431952350371814,5.131952350371813,55.18228333733133
6425,20.34,3.060048685263254,20.32859552503818,0.01140447496182162,0.05606919843570118
5527,23.9,3.4829863770167586,31.556803933203668,7.656803933203669,32.03683654060113
6243,47.499,3.3932609612719267,28.762849695326228,18.736150304673775,39.44535738578448
6607,41.0,3.8986793388543997,48.33724827407803,7.3372482740780285,17.89572749775129
3308,17.2,2.8228502651165917,15.824737356831076,1.3752626431689237,7.995713041679789
4726,5.0,2.1985526298841993,8.011960413202528,3.0119604132025284,60.23920826405057
5241,1.8,1.5365658832603477,3.6485989971211756,1.8485989971211756,102.69994428450974
5112,14.499,2.1660043077022113,7.723358455071418,6.7756415449285825,46.73178526055992
2647,7.5,2.0223934918395647,6.55638946290228,0.9436105370977197,12.581473827969598
3139,6.2,1.9530028089927658,6.0498251069579165,0.15017489304208365,2.4221756942271555
5239,6.6,1.9894631880331612,6.311607750101592,0.2883922498984077,4.369579543915269
319,9.0,2.176304172749012,7.813672181082149,1.1863278189178512,13.181420210198347
5857,4.845,2.540264113759354,11.68302028868235,6.83802028868235,141.13560967352632
6898,38.8,3.7500854643970563,41.52471619399298,2.7247161939929825,7.022464417507687
842,7.5,1.9287245901429748,5.8807288934084765,1.6192711065915235,21.590281421220315
1894,5.5,1.4925240581157728,3.4483091519360887,2.0516908480639113,37.30346996479839
177,7.5,2.481962457019356,10.964721645398047,3.464721645398047,46.196288605307295
5163,3.8,1.2238344331432245,2.4002006110898915,1.3997993889101084,36.83682602395022
4671,7.3,1.8730103841479095,5.507858093247756,1.792141906752244,24.549889133592384
3832,22.9,2.717486466325571,14.142213907161247,8.757786092838751,38.24360739230896
3961,3.95,1.6679449266407211,4.301262112490386,0.3512621124903861,8.89271170861737
1509,4.0,0.9734872897396903,1.6471597949346215,2.3528402050653785,58.82100512663446
6654,19.49,2.8502419247409034,16.291964688657032,3.1980353113429665,16.408595748296392
2177,11.4,2.2050136538499747,8.070375412556027,3.3296245874439734,29.20723322319275
3671,1.4,1.004097035081508,1.729441569787197,0.3294415697871971,23.531540699085507
1755,6.9,1.7111424936634665,4.535281890906304,2.3647181090936966,34.27127694338691
2245,4.0,1.8809590079576517,5.559792740085056,1.5597927400850562,38.99481850212641
3193,4.799,1.8898259238974546,5.6182165074276265,0.8192165074276261,17.070566939521274
1038,13.5,2.51312600437049,11.343455509647086,2.156544490352914,15.974403632243808
6559,8.1,1.8541935056125312,5.386545459983039,2.7134545400169605,33.499438765641486
3450,7.29,2.0336656328115588,6.642048020849988,0.6479519791500117,8.888230166666828
5444,41.29,3.5288593588131763,33.08506660210148,8.204933397898522,19.871478318959852
3433,17.49,2.8361931148016715,16.050731649477903,1.4392683505220951,8.229092913219526
3002,15.9,2.800645739540424,15.45526915902429,0.44473084097571025,2.797049314312643
2516,1.5,0.9530848968379548,1.5936986230966528,0.09369862309665278,6.246574873110186
3698,5.35,1.6879276967229362,4.408261526291525,0.9417384737084751,17.602588293616357
2045,4.99,1.8074863236598633,5.095107033568591,0.10510703356859086,2.106353378128073
4239,9.49,1.9589068961242073,6.091571003089238,3.398428996910762,35.8106322119153
4710,4.99,1.9504508961288247,6.031857503209313,1.0418575032093127,20.878907879946144
1728,31.5,3.3980158016174484,28.904704274533554,2.595295725466446,8.239034049099828
3319,9.19,2.463406028519832,10.744746432990398,1.5547464329903988,16.917806670189325
5372,2.899,1.6837952260869518,4.385958160085488,1.4869581600854875,51.29210624648112
2771,27.5,2.927775994744939,17.686026429014525,9.813973570985475,35.68717662176537
4552,1.5,1.3124324867174693,2.7151999041331067,1.2151999041331067,81.01332694220712
3379,5.0,2.4488641119599657,10.575191127835202,5.575191127835202,111.50382255670404
3857,6.7,2.038897857148302,6.682137718173742,0.017862281826258375,0.2666012212874384
5435,23.49,3.3943894489071185,28.796455661587782,5.306455661587783,22.59027527283007
4104,3.2,1.456778517843355,3.292110276094143,0.09211027609414302,2.8784461279419693
6784,28.799,2.8721136832440206,16.674336695526467,12.124663304473533,42.10098720258875
2412,21.49,2.687129199930859,13.689444871644412,7.800555128355587,36.298534799234936
6248,27.89,3.517262493772332,32.6920698543434,4.802069854343401,17.217891195207606
3045,11.5,2.4283062560263433,10.339659325738541,1.1603406742614588,10.089918906621381
1918,14.9,2.597472579515092,12.429752473681763,2.4702475263182375,16.578842458511662
3824,4.0,1.9408484628971023,5.964657718119723,1.9646577181197227,49.11644295299307
1550,13.5,2.613112340719102,12.641441664645843,0.8585583353541573,6.359691372993757
1934,7.9,2.1180399577565168,7.314824098963758,0.5851759010362425,7.407289886534715
7148,19.199,2.858913544176436,16.442566060893427,2.756433939106575,14.357174535687145
3370,8.99,2.2653762621125595,8.634749110238992,0.3552508897610078,3.951622800456149
2481,10.7,2.499617286158081,11.177832443706055,0.47783244370605615,4.465723772953796
6017,21.999,2.751650029634606,14.668463996374761,7.330536003625237,33.32213284069839
5643,21.1,2.9322797241889558,17.770373031001125,3.329626968998877,15.780222601890411
3889,2.9,1.9641804800047469,6.129067781922153,3.229067781922153,111.34716489386736
3664,26.0,3.1137839588194365,21.5060454282185,4.493954571781501,17.28444066069808
1600,14.8,2.736440187882993,14.431952350371814,0.3680476496281866,2.486808443433693
2275,23.49,2.844926941519238,16.200301995088253,7.289698004911745,31.033197126061076
4024,8.2,2.025615492503316,6.580775419454948,1.6192245805450511,19.746641226159163
2312,8.0,2.1165525865244987,7.3024660615725985,0.6975339384274015,8.719174230342519
3935,6.9,1.9437009927936137,5.984552974896487,0.9154470251035134,13.26734818990599
4352,1.0,1.7838855373190157,4.952941917741981,3.952941917741981,395.2941917741981
1672,1.3,1.84704568453239,5.341058336292056,4.041058336292056,310.8506412532351
3792,15.9,2.736949155548722,14.439808714285224,1.4601912857147763,9.183592991916832
1034,4.6,1.8809590079576517,5.559792740085056,0.9597927400850566,20.86505956706645
3439,10.5,2.325424640274004,9.23102366818952,1.2689763318104799,12.085488874385522
3221,8.9,2.444228226772184,10.521654062466412,1.621654062466412,18.220832162543953
2955,5.5,1.7993069326789364,5.0454561040666235,0.4545438959333765,8.264434471515937
4490,2.0,0.8748518688468994,1.398519972121425,0.601480027878575,30.07400139392875
7244,46.49,3.5869704550417767,35.12446927740518,11.36553072259482,24.447259029027357
6285,16.09,2.94243805144655,17.962020383227692,1.8720203832276923,11.634682307195105
2268,16.49,2.9796524100598396,18.680974546944032,2.190974546944034,13.28668615490621
1699,2.6,1.2008272599984584,2.3228646590463966,0.2771353409536035,10.659051575138594
3519,10.5,2.382283653709696,9.829605716083758,0.6703942839162416,6.384707465868968
87,8.5,2.4092817133970525,10.125966641453209,1.6259666414532088,19.129019311214222
7113,22.59,3.0364459927231326,19.831077718967723,2.7589222810322767,12.213024705764838
676,5.3,1.8978687820424252,5.671660517167483,0.3716605171674834,7.012462588065725
4407,24.99,2.7139022393618575,14.088037923294424,10.901962076705574,43.62529842619278
3317,4.9,1.8898259238974546,5.6182165074276265,0.7182165074276261,14.65747974342094
6902,67.0,4.178579749918189,64.27308324950384,2.7269167504961587,4.070025000740536
2569,4.1,1.8788173790457734,5.545759131052231,1.445759131052231,35.262417830542226
393,2.999,1.4227106434587,3.148349911381052,0.14934991138105191,4.97999037616045
1149,5.6,1.809394717553853,5.10675000476863,0.4932499952313698,8.808035629131604
1168,5.9,2.046355894514917,6.739645569624089,0.8396455696240883,14.23128084108624
2208,3.4,1.4027467460388021,3.066353882764676,0.333646117235324,9.813121095156589
230,18.5,2.9340106479369363,17.80289125059923,0.6971087494007691,3.768155402166319
2802,4.999999,1.8898259238974546,5.6182165074276265,0.6182175074276266,12.364352621423057
1543,4.4,1.7838179944493076,4.952539852540123,0.5525398525401224,12.557723921366417
2345,28.5,3.315391513176862,26.533171474099106,1.966828525900894,6.901152722459276
3599,6.0,1.9053932788077699,5.722050747963203,0.2779492520367972,4.63248753394662
2892,2.2,1.4586259148658067,3.3000468365701225,1.1000468365701224,50.002128935005565
4691,25.9,3.2820919236308814,25.631425377073693,0.2685746229263053,1.036967656086121
2942,16.0,2.9630017659112493,18.355986779472826,2.3559867794728255,14.72491737170516
5121,24.49,2.891331810160711,17.01728923872027,7.472710761279728,30.513314664270023
7189,54.99,3.9531353497449166,51.098457914171746,3.891542085828256,7.076817759280334
970,3.2,1.02121489767571,1.7765659592513385,1.4234340407486616,44.482313773395674
3718,5.6,1.7720123149318425,4.882679261991897,0.7173207380081026,12.809298893001833
5329,7.0,1.9917319525354624,6.328214897950048,0.6717851020499523,9.596930029285033
169,10.5,2.591625353086859,12.351454805274361,1.8514548052743613,17.63290290737487
1056,9.0,1.8469803997017054,5.340644374885057,3.6593556251149426,40.65950694572159
5968,24.1145,2.9796372920720136,18.680677012459494,5.4338229875405055,22.53342589537625
251,3.7,1.6801576156469662,4.366401733348626,0.6664017333486258,18.010857658070968
5889,51.0,3.3161721094665033,26.554672156178423,24.445327843821577,47.93201538004231
2705,10.5,2.0031842716332537,6.412622361440927,4.087377638559073,38.92740608151498
1729,4.3,1.8207371985252099,5.176410012327039,0.8764100123270389,20.38162819365207
2533,8.6,1.9302953068305242,5.891545061447914,2.7084549385520855,31.49366207618704
95,7.5,1.2614491372006555,2.5305340102695877,4.969465989730413,66.25954652973883
5646,17.5,3.084624095900824,20.85924831643624,3.35924831643624,19.19570466534994
5174,23.49,2.383818691981306,9.846242340985562,13.643757659014437,58.08325951049144
3692,2.8,1.6822524421120393,4.377655196632919,1.5776551966329189,56.34482845117568
1172,6.69,2.07238634513306,6.943757063406374,0.2537570634063737,3.7930801704988597
1383,11.9,2.7695909077160423,14.952106790966578,3.0521067909665778,25.647956226609896
5263,7.2,2.2474836923511665,8.463891786167643,1.263891786167643,17.554052585661708
711,13.7,2.736440187882993,14.431952350371814,0.7319523503718148,5.342717885925656
2354,7.9,2.2179795264481332,8.188746478338478,0.2887464783384779,3.6550187131452896
2215,7.0,2.18315208905336,7.874234597022504,0.8742345970225038,12.489065671750055
3779,7.49,2.215130185501816,8.162601871889704,0.6726018718897038,8.97999828958216
5242,5.5,2.5113837611626426,11.321968930981958,5.821968930981958,105.85398056330833
69,5.5,1.8758956693232325,5.5266622343369,0.02666223433690007,0.48476789703454676
263,6.5,2.2733822655212776,8.71219454500304,2.2121945450030402,34.03376223081601
408,16.0,2.273929537160759,8.717511208331475,7.282488791668525,45.51555494792828
7137,54.99,3.8380509943417764,45.43488433584358,9.555115664156425,17.37609686153196
6024,24.39,3.063919945203552,20.411324091050176,3.9786759089498247,16.312734354037822
3217,1.79,1.6363095511424652,4.136179684843777,2.3461796848437766,131.07149077339534
5196,11.6,2.6842294126968094,13.646910307328907,2.0469103073289077,17.6457785114561
37,13.8,2.687129199930859,13.689444871644412,0.110555128355589,0.8011241185187609
3504,6.99,2.0495008824859458,6.764024978219348,0.22597502178065199,3.2328329296230613
1862,31.0,3.054045936351101,20.200948820302358,10.799051179697642,34.835648966766584
4602,13.3,2.613112340719102,12.641441664645843,0.658558335354158,4.95156643123427
6222,20.66,3.117075120984405,21.580238497155566,0.9202384971555659,4.4542037616435906
6474,9.29,2.5068324689653774,11.26601547677737,1.9760154767773717,21.27034958856159
2333,28.5,3.5441884825917485,33.61158603766876,5.111586037668758,17.93538960585529
1575,6.8,2.3228396087652845,9.20461030403878,2.4046103040387807,35.36191623586442
6763,35.89,3.6644370207838213,38.03415455834917,2.1441545583491717,5.974239505013017
5733,20.0,3.521512114496682,32.835553031250285,12.835553031250285,64.17776515625143
3295,11.0,2.5061044355451294,11.257088657482681,0.25708865748268117,2.33716961347892
3985,19.5,2.7480451153623298,14.612082213694793,4.8879177863052075,25.066245057975422
5958,89.09,4.639057778859619,102.44683185792445,13.356831857924448,14.992515274356771
3641,13.8,2.4255568274084465,10.308524562888383,3.4914754371116175,25.300546645736354
1163,5.39,1.8898259238974546,5.6182165074276265,0.22821650742762678,4.23407249401905
3781,8.5,2.458742187893473,10.690098341480654,2.1900983414806543,25.765862840948873
1554,23.99,3.1432516950019216,22.179115864215387,1.8108841357846117,7.548495772341026
19,10.0,1.8078051584939347,5.097050675842253,4.902949324157747,49.02949324157747
3257,7.1,2.630862209679548,12.885737159232422,5.785737159232422,81.48925576383694
3279,6.699999,2.176304172749012,7.813672181082149,1.1136731810821487,16.62199025823957
982,1.7,1.24233892369492,2.4637053404268308,0.7637053404268308,44.92384355451946
6602,12.15,2.636145063025974,12.959287579235903,0.8092875792359031,6.660803121283153
239,4.8,1.7530133312098952,4.771969352482984,0.028030647517016227,0.5839718232711715
7053,20.99,3.146137336920156,22.246099090903783,1.2560990909037848,5.984273896635469
2509,22.05,2.978465706947509,18.657632925722012,3.3923670742779883,15.384884690603121
3800,7.3,1.6474033963635093,4.193476902883412,3.106523097116588,42.555110919405315
6775,25.99,3.5025807742260526,32.201025839528114,6.211025839528116,23.897752364479093
1322,2.5,1.440917217325704,3.22456888827894,0.7245688882789398,28.982755531157594
3842,10.9,2.7108761878391743,14.042449754024375,3.1424497540243745,28.829814257104353
3166,10.9,2.182900666141382,7.8720036915806695,3.027996308419331,27.779782646048908
4381,12.0,2.450545166521389,10.594666020272133,1.4053339797278674,11.711116497732228
5635,15.999,3.2373324459485837,24.46569993072895,8.466699930728948,52.92018207843583
5514,28.49,3.446109989475587,30.378093477235264,1.888093477235266,6.627214732310516
1965,4.5,1.8172337857436285,5.154809358642355,0.6548093586423551,14.551319080941225
2486,4.686,2.289818327318641,8.8731438377175,4.1871438377175,89.35432858978872
4706,3.0,1.7139716696187823,4.550964351097089,1.5509643510970887,51.69881170323629
2676,6.2,1.7623762596819443,4.826265678326602,1.373734321673398,22.157005188280614
1726,6.799999,2.263370158029764,8.615440175054744,1.815441175054744,26.69766826516804
332,4.0,1.4108183007765944,3.099308499292328,0.9006915007076719,22.5172875176918
4728,4.99,1.8898259238974546,5.6182165074276265,0.6282165074276262,12.589509166886298
3544,4.75,2.3268480808674346,9.245597292474635,4.495597292474635,94.64415352578179
6459,13.19,2.5299948958464196,11.553442061808461,1.6365579381915385,12.40756586953403
1562,25.0,3.3615610585561533,27.834167588494193,2.834167588494193,11.336670353976771
3989,4.5,1.7217198185992746,4.594141103825901,0.09414110382590124,2.0920245294644717
1320,29.5,3.661422205340467,37.91665100113808,8.416651001138078,28.53102034284094
6674,35.99,3.6267937333191407,36.592092909443004,0.6020929094430016,1.6729450109558255
2036,10.799,2.59020093053211,12.332450230396889,1.5334502303968893,14.199928052568659
3774,5.5,1.7622970407342886,4.825804145972098,0.6741958540279018,12.258106436870943
3121,8.2,2.2316151452906454,8.314898851172703,0.11489885117270404,1.401205502106147
2650,3.6,1.767547518947017,4.85647284592764,1.25647284592764,34.90202349799
4595,3.95,1.5429017864297865,3.6781455735217508,0.2718544264782494,6.88239054375315
2471,3.55,1.294110938657281,2.647751457259222,0.9022485427407778,25.415451908190928
4397,10.8,1.9919922549797795,6.330122698492265,4.4698773015077355,41.38775279173829
6418,5.8,1.9588553150181307,6.091205221446869,0.29120522144686944,5.020779680118439
1888,13.8,2.9864204389924622,18.8146277262136,5.0146277262136,36.337882074011596
5537,25.99,2.783453105710484,15.174777843133562,10.815222156866437,41.61301330075582
7214,57.99,3.90288508668979,48.54518525796631,9.444814742033692,16.286971446859273
2519,29.5,3.536193564293186,33.33597245721346,3.835972457213458,13.003296465130369
1142,13.89,2.6896352645011947,13.726303735050406,0.16369626494959455,1.1785188261309902
308,11.3,2.006290411318504,6.435682797857141,4.86431720214286,43.047054886219996
5255,1.99,0.831368242545366,1.2964587041609374,0.6935412958390625,34.85132139894787
381,4.5,2.061665339797273,6.859046901970069,2.3590469019700686,52.423264488223744
4118,7.5,1.964802262116251,6.133501887121443,1.3664981128785572,18.21997483838076
3617,7.2,1.9589068961242073,6.091571003089238,1.108428996910762,15.394847179316137
1400,9.8,1.947614964912432,6.011943889172852,3.7880561108271484,38.65363378395049
7075,23.5,3.008595293146789,19.2589220817258,4.2410779182742,18.047140077762556
6806,14.4,2.779827937495107,15.116247707499003,0.7162477074990026,4.973942413187517
2465,4.3,1.4265138015928809,3.1641567810498703,1.1358432189501295,26.41495858023557
994,10.5,2.5001410874365724,11.18421287880347,0.6842128788034696,6.516313131461615
683,4.7,2.0277894529043285,6.597273651779996,1.8972736517799955,40.36752450595735
3428,7.9,2.217808033818924,8.187170811157285,0.28717081115728504,3.6350735589529752
2906,11.9,2.4163221502180248,10.204574699495955,1.695425300504045,14.247271432807098
2984,12.8,2.462364424744546,10.73251942971787,2.0674805702821306,16.152191955329144
457,2.7,1.622162767462836,4.064030802486227,1.3640308024862264,50.519659351341716
4028,4.8,1.608203335102351,3.993830922226608,0.8061690777733919,16.795189120278998
3622,3.8,1.9823868485269998,6.260050963130414,2.4600509631304144,64.73818324027405
756,2.95,1.581341481292622,3.8614730140101674,0.9114730140101672,30.897390305429397
5845,21.99,3.254221338080954,24.89943977288352,2.9094397728835233,13.230740213203838
4100,1.5,1.2170637227770047,2.3772565988468024,0.8772565988468024,58.483773256453496
1046,11.89,2.2076792386107154,8.094585519741228,3.7954144802587724,31.921063753227692
1024,4.49,1.3126946402148578,2.7161739844551755,1.7738260155448247,39.50614733952838
2344,13.4,2.578239014112885,12.173918636235868,1.2260813637641323,9.149860923612927
2997,3.2,2.2260823674408,8.263503894680706,5.063503894680706,158.23449670877204
4591,3.55,1.814840339841047,5.140095770514352,1.5900957705143526,44.79143015533388
4974,26.9,2.9115220705030205,17.38476018302392,9.515239816976077,35.37263872481813
1515,28.2,3.3686929002494774,28.04054335198842,0.15945664801158088,0.5654491064240457
5186,24.19,2.9325426151953393,17.7753082419403,6.4146917580597,26.51794856576974
1737,4.3,1.9652003892559975,6.136342493247813,1.8363424932478134,42.70563937785612
6156,22.85,3.152508737288937,22.394682133610306,0.45531786638969507,1.992638364943961
1869,5.6,1.962619421388145,6.117947571141513,0.5179475711415131,9.249063770384163
6526,22.99,3.205443147232636,23.666428454332454,0.6764284543324557,2.9422725286318214
1042,3.5,0.8087309944720061,1.245057188237018,2.254942811762982,64.42693747894234
3442,6.5,1.7645580899394724,4.838991478791919,1.661008521208081,25.553977249355093
50,7.5,2.176163716676288,7.812434334234904,0.3124343342349043,4.165791123132057
786,6.5,1.9344083408582933,5.919948593093654,0.580051406906346,8.923867798559169
245,18.5,2.9725193818842564,18.541089097518658,0.041089097518657525,0.22210322983058123
5303,4.25,2.268051532262558,8.660559175991875,4.4105591759918745,103.7778629645147
3076,14.0,2.4661459490456594,10.776970229975069,3.2230297700249313,23.021641214463795
5462,37.19,3.1445154297029454,22.208426633889584,14.981573366110414,40.28387568193174
7234,54.95,3.641827395737219,37.16150922568031,17.78849077431969,32.37213971668733
625,7.5,2.3027297498352035,9.001446673044631,1.5014466730446312,20.019288973928415
6414,26.59,2.9519526553018043,18.14329751798407,8.44670248201593,31.766462888363783
2272,5.7,1.8825390301671978,5.5701655507820975,0.12983444921790266,2.2777973547000467
4812,12.99,2.616563225046302,12.688598020654537,0.30140197934546364,2.320261580796487
7182,57.28,3.489410320452956,31.766620202515938,25.513379797484063,44.541515009574134
4894,6.9,1.9917319525354624,6.328214897950048,0.5717851020499527,8.286740609419605
6403,5.3,1.9669502455843686,6.1488409994269135,0.8488409994269137,16.015867913715354
1025,12.5,2.289818327318641,8.8731438377175,3.6268561622825004,29.014849298260003
5457,53.99,3.785595086922919,43.061883409130076,10.928116590869926,20.24100127962572
2926,7.5,2.324732887441515,9.223948775908301,1.7239487759083012,22.985983678777348
321,31.8,3.6006897652908303,35.623487343788675,3.823487343788674,12.02354510625369
3326,17.0,3.178890120528132,23.020079359239688,6.020079359239688,35.412231524939344
3105,11.9,2.6849882801734175,13.658029589691195,1.7580295896911942,14.773357896564656
1893,4.5,1.3809653327122375,2.978740582700099,1.521259417299901,33.80576482888669
4920,6.8,1.9567548921518645,6.076326323309489,0.7236736766905105,10.642259951331038
2138,11.49,2.3760672120861432,9.762492921853642,1.727507078146358,15.034874483432183
5476,40.49,3.0088068980122484,19.263209421802266,21.226790578197736,52.42477297653182
3475,1.55,1.1604958820960063,2.191515499180888,0.641515499180888,41.38809672134761
4098,11.0,2.591600924007795,12.35112864551321,1.35112864551321,12.282987686483727
7001,45.499,3.6572449911104443,37.75442687115236,7.744573128847641,17.02141394063087
5321,14.799,2.9916096135429786,18.91771652970904,4.11871652970904,27.831046217373068
5339,2.7,1.3036940654032363,2.682876356179655,0.017123643820345258,0.6342090303831577
4296,24.5,3.1695621004236223,22.797061351395673,1.7029386486043272,6.950769994303377
3767,5.9,1.9287245901429748,5.8807288934084765,0.019271106591523868,0.32662892528006554
2126,16.3,3.1161044971649354,21.558332212921407,5.258332212921406,32.25970682773869
4279,5.9,1.4889315590755146,3.4323572762822785,2.467642723717722,41.82445294436816
233,3.8,1.8469803997017054,5.340644374885057,1.5406443748850576,40.543273023290986
65,15.0,2.5983751028542628,12.44187860996594,2.55812139003406,17.054142600227067
5856,20.709,3.350560743338855,27.51872084373622,6.809720843736219,32.88290522833657
1595,14.5,2.843815983308982,16.181203788986654,1.6812037889866538,11.59450888956313
5133,9.8,2.7480451153623298,14.612082213694793,4.812082213694792,49.102879731579506
2656,20.9,3.121489821850367,21.680143859487945,0.7801438594879464,3.732745739176777
3218,32.99,3.554353154509837,33.9651955721698,0.9751955721697954,2.9560338653222042
509,5.0,1.7896570215145255,4.98739856528945,0.012601434710550308,0.25202869421100615
6253,15.5,3.0767305279656543,20.687380074064453,5.187380074064453,33.46696821977066
6481,18.99,3.3799539526656304,28.369418698709072,9.379418698709074,49.39135702321787
576,26.7,2.617810146448143,12.705677272517109,13.99432272748289,52.41319373589097
217,4.999999,1.6110754424688456,4.008194357595965,0.991804642404035,19.836096815300063
5697,15.59,3.1944734817887372,23.397324674223878,7.807324674223878,50.079054998228855
7082,11.9,2.443398117324209,10.512093797155126,1.3879062028448743,11.663077334830877
3757,4.0,1.6605861939062796,4.262394724202596,0.26239472420259613,6.559868105064903
3954,9.2,2.644769356504614,13.080197202689009,3.8801972026890095,42.1760565509675
6731,24.5,3.324333018910136,26.780463418267068,2.280463418267068,9.308013952110484
6889,39.9,3.3264900551252836,26.84045155897042,13.05954844102958,32.730697847191934
2115,10.5,2.0269123318330293,6.590612844569808,3.909387155430192,37.23225862314469
3467,2.0,1.3939094587932375,3.030576665078076,1.030576665078076,51.528833253903805
4871,17.5,2.886360055624548,16.927934009410983,0.5720659905890173,3.2689485176515274
6130,20.5,3.518344384365174,32.728540712954214,12.228540712954214,59.65141811197178
3478,9.0,2.289818327318641,8.8731438377175,0.1268561622825004,1.4095129142500045
4487,4.499999,2.0058431257634295,6.432357668046246,1.9323586680462466,42.9413132768751
3933,29.99,3.1960563523134047,23.435973059957355,6.554026940042643,21.854041147191207
3347,7.6,1.9408484628971023,5.964657718119723,1.635342281880277,21.517661603687856
1261,6.5,1.8580433732741803,5.411180204645553,1.0888197953544472,16.751073774683803
4382,9.5,2.33773118730792,9.357710180028532,0.1422898199714684,1.4977875786470358
3163,9.65,2.4072025968685002,10.102858490905897,0.45285849090589636,4.6928341026517755
1412,4.0,1.4032720491640969,3.068490512307803,0.931509487692197,23.287737192304924
1281,14.0,2.0402436725440456,6.692483417526288,7.307516582473712,52.19654701766937
4588,6.0,2.212458808015381,8.138157767783282,2.138157767783282,35.63596279638803
2917,6.2,1.8539037090654784,5.384694929312791,0.8153050706872094,13.150081785277571
1565,13.6,2.8641268773426174,16.533737415872114,2.9337374158721143,21.57159864611849
6580,22.562,2.792253972489753,15.317758160598046,7.244241839401955,32.10815459357306
4002,7.6,1.950300612316998,6.030800808263568,1.5691991917364314,20.647357786005678
6500,7.899,2.5371222220705665,11.643234147251174,3.7442341472511744,47.401369125853584
6365,25.4,3.4590372158776534,30.786358376552045,5.386358376552046,21.206135340756088
6900,21.699,3.0984925024592878,21.16451313477043,0.5344868652295709,2.463186622561274
3007,5.0,2.2522790818826066,8.509383822606399,3.5093838226063987,70.18767645212797
1315,9.2,2.500881965621386,11.193243241110656,1.9932432411106564,21.6656874033767
3885,2.3,1.5197336794694907,3.5710076798344383,1.2710076798344385,55.26120347106255
3745,12.4,2.499617286158081,11.177832443706055,1.222167556293945,9.856189970112458
6498,18.006229,3.7135262992568547,39.998123577594285,21.991894577594284,122.13492662785907
1702,40.99,3.455068045116728,30.660442947516422,10.32955705248358,25.20018797873525
1839,6.2,2.0971152239852033,7.142646287978618,0.9426462879786177,15.203972386751898
503,10.5,1.8165669246140446,5.150706323750372,5.349293676249628,50.94565405952027
7023,38.9,3.830100587549238,45.06717178508199,6.16717178508199,15.85391204391257
5818,9.79,2.428970573359952,10.347194960735187,0.5571949607351883,5.6914704875913005
4694,11.0,1.5679416717318386,3.796764709140189,7.203235290859811,65.48395718963465
1721,36.0,3.6806325226196517,38.67147924624466,2.671479246244658,7.4207756840129395
7187,50.999,4.37310069725432,78.2891024399025,27.290102439902505,53.5110540204759
4618,14.99,2.6896352645011947,13.726303735050406,1.2636962649495942,8.430261940957934
1803,18.8,2.9115220705030205,17.38476018302392,1.4152398169760794,7.527871366894039
1385,4.2,1.7981200580247327,5.038285161790215,0.838285161790215,19.959170518814638
1373,1.2,1.277990119170715,2.5894181680011013,1.3894181680011013,115.7848473334251
5834,26.9,3.286743695461124,25.75559727720284,1.1444027227971603,4.2542852148593315
5654,44.99,4.055747534599911,56.728300772885746,11.738300772885744,26.090910808814723
5670,16.0,3.02937511782223,19.684303297677932,3.684303297677932,23.026895610487074
856,6.9,2.098879315869669,7.1570233417067435,0.2570233417067431,3.7249759667643927
2458,13.899999,2.18315208905336,7.874234597022504,6.0257644029774955,43.35082616176804
2726,7.8,2.502915877330036,11.218068458897656,3.4180684588976566,43.821390498687904
5886,37.99,3.503166769381104,32.22048718138193,5.769512818618075,15.186925029265794
4252,24.79,3.121489821850367,21.680143859487945,3.109856140512054,12.544800889520186
3269,8.1,1.9675941611073902,6.153445731488181,1.946554268511819,24.03153417915826
2505,6.0,2.121515991904601,7.3437770029558465,1.3437770029558465,22.39628338259744
318,1.7,1.082091260183878,1.9508440857412577,0.2508440857412577,14.755534455368103
6053,30.49,3.4981770504314142,32.05513915013721,1.5651391501372096,5.13328681579931
176,4.7,1.8580433732741803,5.411180204645553,0.7111802046455526,15.13149371586282
5683,80.49,4.127505628677852,61.0230213782368,19.466978621763197,24.185586559526897
4967,2.0,1.4182417521309791,3.129852748127832,1.1298527481278322,56.49263740639161
3100,2.6,1.668558015760684,4.30451325513188,1.70451325513188,65.55820212045693
2840,1.85,1.42102521609175,3.1413640576409696,1.2913640576409695,69.80346257518754
6504,14.2,2.923433984439132,17.605067399349448,3.4050673993494485,23.979347882742598
3043,2.7,1.3480926234227548,2.850074979953908,0.15007497995390784,5.558332590885475
3169,12.5,2.167090932061922,7.732842620796735,4.767157379203265,38.13725903362612
468,4.6,1.8930938197695661,5.639879526800244,1.0398795268002443,22.60607666957053
472,28.5,3.145706920641145,22.23609574438758,6.26390425561242,21.978611423201475
91,7.9,1.5919401824246049,3.9132723313942455,3.986727668605755,50.464907197541194
4304,2.7,1.7590069496266538,4.806668216294369,2.106668216294369,78.02474875164329
4149,5.8,2.0672471319958166,6.903037126587053,1.1030371265870533,19.01788149288023
1047,5.6,1.98744803874931,6.296888604598925,0.6968886045989251,12.44443936783795
6571,129.29,4.726281463277627,111.87505096764292,17.41494903235707,13.469679814646973
6768,9.49,2.359191848160986,9.582395813134053,0.09239581313405232,0.9736123617919106
435,5.5,2.0721364101379747,6.941771888616431,1.4417718886164312,26.21403433848057
6016,151.89,4.852263320838838,127.0298347621241,24.86016523787589,16.36721656322068
1335,20.49,2.8618968395422133,16.49468008450126,3.9953199154987367,19.49887708881765
1352,8.9,2.2198556725393432,8.206002091090603,0.693997908909397,7.7977293135887304
4074,2.55,1.6912212687022923,4.426103390515109,1.8761033905151088,73.57268198098467
4868,5.9,2.0550177353047108,6.806976330512191,0.9069763305121903,15.372480178172715
6046,25.09,3.245899284414907,24.684797615728773,0.40520238427122734,1.6149955530937719
5546,18.99,3.022650182938829,19.545669379402337,0.5556693794023388,2.926115741981774
4207,8.8,2.2078026823873027,8.095708259020444,0.7042917409795564,8.00331523840405
3758,11.5,2.8294231811134614,15.935689181201472,4.435689181201472,38.57121027131715
106,7.7,1.9524684482963117,6.04605896383293,1.65394103616707,21.479753716455452
5694,19.0,3.2346039818192676,24.39631238570023,5.396312385700231,28.401644135264377
5676,26.99,3.2353943580626594,24.41639296223962,2.573607037760379,9.535409550797995
4791,4.1,1.6721558709589999,4.3236324992330974,0.2236324992330978,5.454451200807265
5900,27.9,2.8100387457495843,15.610561794986463,12.289438205013536,44.048165609367516
5313,12.9,2.6470219374607966,13.111949735916564,0.21194973591656385,1.6430212086555336
3333,10.99,2.3994611954558547,10.017238642900484,0.9727613570995164,8.851331729749921
4086,15.0,2.7569572004961,14.751840262286848,0.24815973771315214,1.6543982514210143
1617,12.99,2.5570824908839365,11.898131951029542,1.0918680489704577,8.40545072340614
2252,4.0,1.178699789054192,2.2501455795762015,1.7498544204237985,43.74636051059496
4860,7.8,2.4026285106624274,10.052189030617644,2.252189030617644,28.874218341251844
5584,9.299,2.5499528843906125,11.80650038237872,2.507500382378721,26.965269194308217
3494,15.9,2.8958199148145862,17.09833445206071,1.198334452060708,7.5366946670484785
1498,6.666,1.848628736649844,5.35110451182993,1.3148954881700705,19.72540486303736
996,6.5,2.2076792386107154,8.094585519741228,1.5945855197412282,24.532084919095816
5912,15.3205,2.577440289353165,12.163400502344734,3.157099497655265,20.607026517772038
6638,87.999,4.732291804498806,112.55551139055817,24.55651139055817,27.905443687494376
41,18.0,2.692079263631715,13.76233882550265,4.237661174497349,23.54256208054083
5253,17.2,3.0193174754751815,19.47731064681646,2.27731064681646,13.240178179165465
5689,13.69,2.5633255822987646,11.978908051809098,1.7110919481909015,12.498845494455088
3282,3.7,2.1829042656090283,7.872035626128387,4.172035626128387,112.75771962509154
1539,7.3,1.5725611136328135,3.8189743435899812,3.4810256564100186,47.6852829645208
1805,8.9,2.362540579553189,9.61789281599016,0.7178928159901599,8.066211415619772
1144,2.9,2.3105734248642738,9.080203237237047,6.180203237237047,213.11045645644987
6198,34.79,3.591484100965728,35.28789087708377,0.4978908770837691,1.4311321560326793
2615,6.5,1.9957892335136636,6.358007923327359,0.1419920766726408,2.1844934872713972
2114,14.99,2.8171449274277442,15.729019858649696,0.7390198586496961,4.9300857815189865
5792,10.89,2.299703050086657,8.97122106191354,1.9187789380864597,17.619641304742512
4546,11.0,2.6433492383268744,13.060215849994494,2.060215849994494,18.72923499994994
3172,1.0,1.736829209833536,4.6793069522154145,3.6793069522154145,367.93069522154144
167,9.2,2.9537830343867393,18.178369096728126,8.978369096728127,97.59096844269703
2337,11.3,2.5064138973319405,11.260882345010113,0.039117654989887285,0.3461739379636043
6928,39.18,3.4007710622690848,28.98721314404388,10.192786855956118,26.015280387841038
3964,5.4,1.4646812613197526,3.3261641046832553,2.073835895316745,38.404368431791575
2445,25.0,3.36035455891715,27.799400153374084,2.7994001533740835,11.197600613496334
7257,17.99,3.0989664790300067,21.175021084762033,3.1850210847620346,17.704397358321483
3341,1.9,1.3877559059360058,3.0058504535730712,1.1058504535730713,58.202655451214284
4103,1.3,1.2687130991768232,2.556273045585781,1.256273045585781,96.63638812198315
3017,18.5,2.6849882801734175,13.658029589691195,4.8419704103088055,26.172813028696247
6151,13.09,2.6906416804675715,13.741131982696071,0.6511319826960715,4.974270303254939
4958,8.99,2.4003920595784907,10.027498969827903,1.0374989698279027,11.540589208319272
6935,25.4,3.742307300329404,41.195235014967686,15.795235014967687,62.18596462585704
789,3.6,1.9331250803811935,5.9110741918625855,2.3110741918625854,64.19650532951626
4617,19.2,2.8093457579155428,15.599054865287584,3.600945134712415,18.754922576627163
1097,3.5,1.5299311954485142,3.6178590816459675,0.11785908164596748,3.3674023327419276
3206,15.3,2.4985999587126946,11.165449900154403,4.1345500998455975,27.02320326696469
6535,19.99,3.162302634453253,22.624932930455376,2.6349329304553777,13.181255279916847
6251,31.49,3.224465394955251,24.140130522018605,7.349869477981393,23.34032860584755
544,4.0,1.7961290814232873,5.026275037226061,1.0262750372260614,25.656875930651534
6770,19.299,3.02203954686614,19.53312728225992,0.2341272822599194,1.2131575846412737
5924,14.25,2.8179697784885085,15.742824501029904,1.4928245010299044,10.475961410736172
4838,2.4,1.5124212601898455,3.5377044670740707,1.1377044670740708,47.40435279475295
6194,19.59,2.852892731977908,16.33786316092044,3.2521368390795615,16.601004793668
6068,7.39,2.058135663976037,6.8313559129986094,0.5586440870013902,7.559459905296214
4229,16.7,2.8791627012646948,16.799363553984925,0.0993635539849258,0.5949913412271006
877,9.5,1.7081475514404598,4.518728841541176,4.981271158458824,52.434433246935
3908,9.7,2.156159708626433,7.637901821809425,2.062098178190574,21.258744105057467
3914,12.8,2.288825625049899,8.863347608604096,3.9366523913959046,30.755096807780504
5397,10.9,2.257930535025522,8.563277805915632,2.336722194084368,21.437818294352002
1078,8.2,1.887444405373017,5.602473855365744,2.597526144634255,31.677148105295792
5983,42.7,4.135527248701899,61.522547313544344,18.82254731354434,44.080907057480886
4990,10.5,2.2306291101403852,8.305718560272894,2.1942814397271064,20.89791847359149
511,13.0,2.241845456714727,8.41068227906848,4.58931772093152,35.30244400716554
2375,4.4,1.4966701287019626,3.4667904415605753,0.9332095584394251,21.20930814635057
2877,15.6,2.9115220705030205,17.38476018302392,1.7847601830239217,11.440770403999498
2069,1.5,1.2239940062880634,2.4007432350874436,0.9007432350874436,60.049549005829576
4851,3.5,1.2472591413168417,2.480789518952823,1.019210481047177,29.120299458490766
3262,11.0,2.2130155169510863,8.143246478202345,2.856753521797655,25.970486561796864
4934,10.89,2.9510588583717636,18.126194941685302,7.2361949416853015,66.44807108985584
1302,8.9,2.550142271946975,11.808926003875706,2.908926003875706,32.68456184130007
6045,47.89,3.8049080287535397,43.92111847176201,3.9688815282379935,8.287495360697418
4394,2.5,1.5573515834650549,3.7462345789897773,1.2462345789897773,49.84938315959109
3689,16.3,2.812812070337678,15.65669221217766,0.6433077878223408,3.9466735449223354
3159,8.5,2.156848963766738,7.643857592328498,0.8561424076715021,10.07226361966473
858,7.99,2.4401996234514174,10.47533125939897,2.4853312593989703,31.10552264579437
4678,19.9,2.952823819482368,18.159981739372466,1.740018260627533,8.743810354912226
7140,24.85,3.4908344523320105,31.81331743453118,6.963317434531177,28.02139812688602
7028,12.5,2.9178614579667186,17.501678504965902,5.001678504965902,40.013428039727216
7112,25.99,3.4941743218818644,31.92309285000129,5.933092850001291,22.828368026168878
4357,9.9,2.6849882801734175,13.658029589691195,3.758029589691194,37.959894845365596
2890,7.9,2.294515732990421,8.91963109886035,1.0196310988603496,12.906722770384171
4794,8.8,2.4821346219698817,10.96678172844014,2.1667817284401387,24.622519641365212
2024,12.0,2.736440187882993,14.431952350371814,2.431952350371814,20.266269586431783
4194,16.5,2.75791265469386,14.76689761634849,1.7331023836515094,10.503650810009148
4921,4.5,1.5787948349965546,3.849108312708502,0.650891687291498,14.464259717588845
5356,9.5,2.161679766394014,7.685715384259229,1.814284615740771,19.097732797271274
743,5.3,1.958221715578952,6.086713660870852,0.786713660870852,14.843653978695324
2499,1.15,1.127256079181119,2.0871739069101665,0.9371739069101666,81.4933832095797
4241,9.3,2.4943465503507016,11.113815163477776,1.8138151634777753,19.50338885459973
179,25.99,2.883003287410637,16.86785498248471,9.122145017515287,35.09867263376409
3613,8.5,1.9524684482963117,6.04605896383293,2.4539410361670697,28.869894543141996
3693,20.0,2.6493915620627346,13.145429410656535,6.854570589343465,34.27285294671732
3771,7.0,2.119806951693111,7.329529330932198,0.32952933093219805,4.707561870459972
6566,35.55,3.653847894948003,37.62299772147464,2.0729977214746427,5.831217219337955
31,11.0,2.1165525865244987,7.3024660615725985,3.6975339384274015,33.613944894794564
5151,6.8,1.9616594675417616,6.111117948577929,0.6888820514220706,10.130618403265744
2484,3.2,1.7650735336127878,4.842001925799486,1.6420019257994856,51.31256018123393
168,11.5,2.2370485916577874,8.36564860266813,3.1343513973318693,27.255229542016256
3248,2.8,1.285640039061213,2.616982226435728,0.18301777356427174,6.5363490558668484
642,5.0,1.999466317880363,6.385113743885426,1.3851137438854257,27.702274877708515
1483,14.9,2.5662671406996758,12.01714247464795,2.882857525352051,19.348037082899673
1790,6.0,1.958221715578952,6.086713660870852,0.08671366087085186,1.4452276811808642
5035,8.0,1.9413000124804831,5.967803316554113,2.0321966834458873,25.402458543073593
3982,3.0,2.2312771044821655,8.311750567388323,5.311750567388323,177.05835224627745
7092,62.49,4.06642898322445,57.34822761602013,5.14177238397987,8.22815231873879
6492,22.89,3.219933984694813,24.02646799688111,1.1364679968811089,4.9649104276151546
6912,19.899,3.0191379155235993,19.47363407200086,0.42536592799914175,2.137624644450182
6178,24.5,3.202280479543939,23.588539970682724,0.9114600293172757,3.7202450176215334
6644,18.15,2.856022023658913,16.392203370715823,1.7577966292841758,9.684829913411438
2758,9.5,1.9917319525354624,6.328214897950048,3.1717851020499523,33.38721160052581
3412,12.6,2.2828305549483563,8.804393043203891,3.7956069567961084,30.123864736477053
6122,20.7,3.153393106097977,22.41538081207043,1.715380812070432,8.286863826427208
800,2.5,1.731368784230959,4.648380033042958,2.148380033042958,85.93520132171832
1954,10.5,2.358214310020196,9.572056172125865,0.9279438278741345,8.837560265467948
7248,48.99,3.458952853502896,30.783676916983243,18.20632308301676,37.1633457501873
5306,4.0,1.4227106434587,3.148349911381052,0.851650088618948,21.291252215473698
6637,15.69,2.6947661211305918,13.802056460195084,1.8879435398049154,12.032782280464724
2119,20.5,3.0060652847708114,19.207731622621502,1.2922683773784982,6.303748182334138
5309,3.5,1.5547644628159667,3.733971367548831,0.23397136754883086,6.684896215680881
5660,25.49,3.4720432454476913,31.202472826240516,5.712472826240518,22.41064270788748
5679,19.5,3.0989664790300067,21.175021084762033,1.675021084762033,8.589851716728376
1406,8.7,2.18939294068248,7.9297905563972435,0.7702094436027558,8.852982110376503
1501,9.8,2.1632115087210635,7.699029856721282,2.100970143278719,21.438470849782846
1074,5.3,1.7154257932834476,4.559042011256794,0.7409579887432054,13.98033941024916
500,13.6,2.547131049029655,11.77041348633519,1.8295865136648093,13.452842012241245
437,17.5,2.7480451153623298,14.612082213694793,2.8879177863052075,16.50238735031547
5437,9.5,2.417323995524547,10.21580557493078,0.7158055749307799,7.534795525587157
4113,8.9,1.9287245901429748,5.8807288934084765,3.019271106591524,33.92439445608454
3386,3.6,1.5208467534143368,3.57609838202295,0.023901617977049927,0.6639338326958313
6683,22.99,2.983719989872798,18.761191515571166,4.228808484428832,18.39412128938161
80,16.9,2.5804358984197355,12.202892025286545,4.697107974713454,27.793538311913927
1608,19.99,2.681218555325102,13.602876871918696,6.387123128081303,31.951591436124577
960,5.0,2.2077105363991567,8.09487016460914,3.0948701646091408,61.897403292182815
3114,22.5,3.328599025211385,26.899228195790915,4.399228195790915,19.552125314626288
5198,3.8,1.8580433732741803,5.411180204645553,1.611180204645553,42.399479069619815
4628,13.0,2.9537830343867393,18.178369096728126,5.178369096728126,39.8336084363702
1632,12.19,2.6842294126968094,13.646910307328907,1.4569103073289078,11.951684227472583
3305,4.8,1.8395167395385539,5.293496128171589,0.4934961281715893,10.28116933690811
5935,21.3,3.041997954880914,19.947052720675895,1.3529472793241055,6.351865161146035
5419,9.5,2.237023775258156,8.365416183873512,1.1345838161264883,11.942987538173561
2477,3.0,1.4805533301445175,3.395377102814715,0.39537710281471483,13.179236760490495
5506,16.45,2.742286815067217,14.522441492863237,1.9275585071367622,11.717680894448403
6399,22.45,2.823424755014081,15.834405775408978,6.615594224591021,29.468125722009002
5517,51.999,3.5155162712074715,32.63328734032018,19.365712659679822,37.24247131614035
534,6.9,2.2482656110139336,8.471294673628412,1.5712946736284117,22.772386574324806
5701,26.69,3.171415537410998,22.841208604533133,3.8487913954668684,14.420349926814794
2794,20.3,2.694059398912173,13.79159921363586,6.50840078636414,32.06108761755734
585,4.5,1.4954502420016231,3.461344785524716,1.038655214475284,23.081226988339644
6722,50.9,3.96063703685523,51.490753845325926,0.5907538453259278,1.1606165919959288
4970,25.0,2.762567234734923,14.840456964433809,10.159543035566191,40.638172142264764
1451,2.75,1.6880787854897235,4.409078715588502,1.6590787155885023,60.33013511230917
6275,25.49,3.160879243202428,22.59132932883064,2.8986706711693593,11.371795493014357
1410,30.5,3.021471557750983,19.52146800094936,10.978531999050642,35.995186882133254
5684,20.59,3.7326147965416974,40.788233159572684,20.198233159572684,98.09729557830347
4536,10.0,2.4072025968685002,10.102858490905897,0.10285849090589672,1.0285849090589672
866,15.0,2.324732887441515,9.223948775908301,5.776051224091699,38.50700816061133
4638,2.0,0.9495184489119862,1.584464807769979,0.415535192230021,20.77675961150105
6358,54.8,3.841013489054114,45.57265140150035,9.227348598499646,16.8382273695249
4679,3.95,2.338843108214225,9.369233539864249,5.419233539864249,137.19578581934806
742,7.1,1.9652003892559975,6.136342493247813,0.9636575067521864,13.57264094017164
1544,6.9,1.9186001601176943,5.811416899482964,1.0885831005170363,15.776566674159945
5509,53.29,3.827507209715775,44.94785698397648,8.34214301602352,15.654237222787614
2706,18.9,2.6573385002527776,13.258290118424156,5.641709881575842,29.85031683373462
3734,7.89,1.9651539620349867,6.136011180388698,1.753988819611302,22.23053003309635
2589,8.2,2.289818327318641,8.8731438377175,0.6731438377175003,8.209071191676834
5283,2.5,1.2688885385162643,2.5568970105121673,0.056897010512167334,2.2758804204866934
6816,50.709,3.6740662756080344,38.41183987519462,12.29716012480538,24.25044888442955
5944,15.9,2.853387715896227,16.346447248680544,0.44644724868054375,2.807844331324174
4253,3.7,1.2986055324296977,2.664183518299445,1.035816481700555,27.995040045960945
748,16.5,2.6048618281285596,12.5293557971842,3.9706442028157998,24.064510320095756
4055,5.79,2.2653762621125595,8.634749110238992,2.8447491102389924,49.1321089851294
401,5.3,1.8809590079576517,5.559792740085056,0.2597927400850564,4.901749812925591
3749,20.8,3.0722455816807948,20.590331131695862,0.20966886830413856,1.0080234053083585
157,7.5,2.2317692818256636,8.316334728063369,0.816334728063369,10.88446304084492
5434,98.19,4.675640542278402,106.30127608804773,8.111276088047731,8.260796504784327
6483,29.5,3.214789869154353,23.89805951114023,5.601940488859771,18.989628775795836
5749,14.3,2.7264851583519385,14.279088951256346,0.020911048743654348,0.14623111009548495
4528,12.0,2.7108761878391743,14.042449754024375,2.042449754024375,17.020414616869793
1820,8.9,1.9302953068305242,5.891545061447914,3.0084549385520862,33.80286447811333
2922,9.0,2.348345184865446,9.46823239424751,0.46823239424750973,5.202582158305664
2864,15.3,1.9987956930247242,6.38016276335791,8.919837236642092,58.29958978197446
3362,3.3,1.3692651799074036,2.9324599829149345,0.36754001708506534,11.137576275305012
5281,1.6,1.0853920461697706,1.960600283248064,0.3606002832480639,22.537517703003996
3803,1.4,1.2950810036369762,2.651291730072254,1.251291730072254,89.37798071944671
4237,5.4,2.2466031903353163,8.455562477896628,3.0555624778966273,56.584490331419026
7295,47.59,3.5799111456581043,34.87035346880762,12.719646531192382,26.727561528036105
2666,4.8,1.563249510461362,3.774310236748388,1.025689763251612,21.368536734408583
1782,13.0,1.8669787944849683,5.468723504179277,7.531276495820723,57.93289612169787
5910,45.3565,3.7147642643963286,40.04890925432988,5.307590745670119,11.701940726621585
2415,8.0,2.2621359411875686,8.603579957391313,0.6035799573913128,7.5447494673914095
535,11.9,2.4396469583424314,10.4689909963803,1.4310090036196996,12.025285744703359
5978,119.9,4.570277528951733,95.5709072767955,24.32909272320451,20.291153230362394
2406,1.5,1.1118300068016385,2.0399163749560745,0.5399163749560745,35.99442499707163
3098,5.8,1.8750369748414457,5.5210602310406705,0.27893976895932937,4.8093063613677485
5359,8.0,2.4390476890074573,10.462120040755208,2.4621200407552077,30.776500509440098
5154,8.4,2.1160820766290125,7.298560587987723,1.1014394120122777,13.112373952527115
1966,8.9,1.506171101899118,3.5094315430424468,5.390568456957554,60.568184909635434
5416,10.5,2.500881965621386,11.193243241110656,0.6932432411106557,6.602316582006244
1176,7.86,2.679695317527134,13.580650150497053,5.720650150497053,72.78180853049685
5902,21.5,3.31917624400516,26.637574561144923,5.137574561144923,23.8956956332322
1760,2.8,1.2427309478223756,2.4650634626816275,0.33493653731837236,11.96201918994187
997,5.2,2.1680707162507997,7.7414031149541405,2.5414031149541403,48.87313682604116
473,6.2,1.8977564252539623,5.670910952928164,0.5290890470718361,8.53369430761026
2266,2.1,0.9471114540825268,1.5782514950463562,0.5217485049536439,24.845166902554467
4205,15.7,2.8199077493407265,15.775303067989686,0.07530306798968667,0.4796373757304883
1882,5.2,2.07976835566987,7.002614939196354,1.8026149391963537,34.66567190762218
4222,18.9,2.5363450496356785,11.633411991432853,7.266588008567146,38.44755560088437
2578,10.8,2.3073896074651756,9.048160746570604,1.751839253429397,16.220733828049973
3783,2.6,1.46318717474328,3.3197052671995255,0.7197052671995254,27.680971815366362
469,14.9,2.6411762939740226,13.02969695330387,1.8703030466961312,12.552369440913633
5097,14.9,2.550402200670209,11.812255844399745,3.087744155600255,20.723115138256745
7040,17.29,3.0197981907461675,19.487156769154183,2.1971567691541836,12.707673621481689
4712,10.0,2.57843051835659,12.176441739145679,2.1764417391456785,21.764417391456785
3997,7.0,2.1474070829309584,7.56262740531899,0.5626274053189899,8.037534361699857
247,6.5,1.3953086149068727,3.036220018105804,3.463779981894196,53.28892279837224
3780,17.9,2.3013143843221138,8.987300983364722,8.912699016635276,49.79161461807417
2182,9.9,2.7731374901806274,15.008782696664312,5.108782696664312,51.60386562287184
3395,6.5,2.4108588719192183,10.143527899362697,3.643527899362697,56.05427537481072
7097,83.99,4.3256683548732235,74.6160343197454,9.3739656802546,11.160811620734135
811,4.0,1.22276290984108,2.396559168197013,1.603440831802987,40.086020795074674
6502,26.8,3.242924238797536,24.608497725253283,2.1915022747467177,8.177247293831035
1419,7.4,2.2076792386107154,8.094585519741228,0.6945855197412278,9.38629080731389
6733,13.9,2.783441300322707,15.174586894736027,1.2745868947360268,9.169689890187243
3625,3.9,1.4440368070726912,3.237768387875443,0.6622316121245571,16.980297746783517
228,9.0,2.1039156766780245,7.198208679432927,1.801791320567073,20.019903561856367
7107,45.5,3.7291551574051462,40.643910748368334,4.856089251631666,10.672723629959705
17,18.0,3.315391513176862,26.533171474099106,8.533171474099106,47.40650818943948
1407,10.6,2.4390476890074573,10.462120040755208,0.1378799592447919,1.3007543324980368
7070,59.99,4.257585353662923,69.6392086504529,9.649208650452898,16.084695199954822
2392,13.5,2.6743968518654246,13.503599382033212,0.00359938203321164,0.026662089134901035
6272,47.9,3.5637627085946746,34.29575524156901,13.604244758430987,28.40134605100415
5439,109.0,4.632138019647942,101.73347566327769,7.266524336722313,6.666536088736066
6745,45.49,3.685097279678352,38.84899875909721,6.6410012409027885,14.59881565377619
5879,10.99,2.9734312425007534,18.558915973648034,7.568915973648034,68.87093697586928
2440,3.9,1.8847837211216734,5.584930106696462,1.6849301066964624,43.203336069140065
5831,17.9,2.969196810226044,18.476270171107156,0.5762701711071578,3.2193864307662454
5853,13.5,2.4147234718414867,10.1866764987508,3.313323501249201,24.543137046290376
4844,9.0,2.2480666300390313,8.469410253668745,0.5305897463312554,5.895441625902839
6915,25.49,3.766852265644895,42.24373059998938,16.753730599989378,65.7266794821082
6092,21.69,3.095638870446296,21.10135392996097,0.588646070039033,2.713905348266634
5461,23.2,2.9972433144755772,19.03024366238299,4.1697563376170095,17.973087662142284
2585,5.7,1.7979553592370192,5.037290745436032,0.6627092545639686,11.626478150245061
543,9.9,1.9186001601176943,5.811416899482964,4.088583100517036,41.29881919714178
6112,17.0,3.0510305159018407,20.137115336450716,3.137115336450716,18.453619626180682
3794,16.5,2.428901625997753,10.346412628544465,6.153587371455535,37.29446891791233
4119,7.799999,1.784539234800502,4.95683461306499,2.84316438693501,36.45083014670912
3153,12.0,1.985745781623298,6.284477989999432,5.715522010000568,47.62935008333807
1535,10.499,2.5190569974029238,11.416881988998163,0.9178819889981629,8.742565853873348
1832,14.5,2.9649797420112978,18.39431034777183,3.8943103477718317,26.857312743254013
6746,33.79,3.638709694633331,37.04271831973188,3.2527183197318834,9.626274991807882
3590,8.99,2.18315208905336,7.874234597022504,1.1157654029774964,12.411183570383718
3289,2.0,1.58183118694134,3.8638542878202475,1.8638542878202475,93.19271439101237
96,3.8,1.2524246850649983,2.4988162082335648,1.301183791766435,34.24167873069566
6679,62.99,4.053658733977787,56.607843711506625,6.382156288493377,10.132015063491629
2094,5.7,1.9186001601176943,5.811416899482964,0.11141689948296385,1.954682447069541
4773,8.0,2.2961585895385848,8.935941023531413,0.935941023531413,11.699262794142662
2927,9.5,2.330747355856307,9.285625683878855,0.21437431612114466,2.256571748643628
7038,44.5,3.47205029877289,31.202699961554586,13.297300038445414,29.881573120102058
156,12.99,2.477139757496277,10.907158304941667,2.082841695058333,16.03419318751603
1022,6.4,1.9539495870014525,6.056502887023104,0.34349711297689645,5.367142390264007
5447,24.49,3.463099673919242,30.915751773420183,6.425751773420185,26.238267755901123
4966,5.8,1.9006187443272908,5.690032581631398,0.10996741836860213,1.8959899718724507
6458,49.5,3.9223153832615343,49.51727632699042,0.017276326990419477,0.034901670687716116
2716,12.5,2.385121316161804,9.860380124636777,2.6396198753632234,21.116959002905787
1287,15.0,2.6898990144319535,13.73018830889638,1.2698116911036195,8.465411274024131
696,18.0,2.922350802962774,17.58492564553272,0.41507435446727925,2.305968635929329
425,25.0,3.2262024875099264,24.183839207597238,0.8161607924027621,3.2646431696110487
6872,47.39,3.6358010693497085,36.93222707408199,10.457772925918007,22.067467663891133
712,10.9,2.613412990676847,12.645543580095357,1.7455435800953563,16.014161285278497
4173,2.45,1.0278942969115181,1.7951738273060842,0.654826172693916,26.72759888546596
1811,16.0,2.726133957388492,14.273723862663365,1.7262761373366349,10.789225858353968
5096,18.7,3.2225316258612877,24.09156228960524,5.39156228960524,28.8318839016323
6480,17.9,3.1948164885671515,23.40569455734357,5.5056945573435705,30.758070152757377
447,31.49,3.373564676483053,28.18236756831703,3.3076324316829684,10.503754943420034
6748,15.899,2.6596377877432436,13.291111745246967,2.607888254753032,16.40284454841834
4080,5.99,2.121314331032579,7.342094559256706,1.352094559256706,22.572530204619465
1009,5.3,1.2431902402689885,2.466655305689823,2.8333446943101768,53.459333854909
592,1.5,1.146392013348171,2.1468187231230447,0.6468187231230447,43.12124820820298
6096,29.85,3.4334421072713868,29.98310659106682,0.1331065910668201,0.44591822802954806
1242,8.5,1.9101877183273497,5.7543565960556835,2.7456434039443165,32.30168710522725
3058,8.4,2.294515732990421,8.91963109886035,0.5196310988603496,6.1860845102422575
131,15.8,2.9537830343867393,18.178369096728126,2.3783690967281252,15.052968966633703
2404,4.5,1.91260917153702,5.770731772374856,1.2707317723748561,28.238483830552358
2306,8.95,2.245133844946492,8.441679192939162,0.5083208070608372,5.67956209006522
6277,62.5,4.33908790292844,75.63760651390892,13.13760651390892,21.02017042225427
7103,20.89,2.951457973954384,18.133830027662302,2.7561699723376982,13.193728924546186
624,8.5,1.7265433030891026,4.62118953808328,3.8788104619167196,45.633064257843756
2986,6.0,1.9192743048387955,5.816010328372924,0.18398967162707613,3.0664945271179356
2127,8.3,2.0628716191433436,6.868532828115853,1.4314671718841474,17.246592432339124
6539,43.9,3.6367586099018854,36.96856611501592,6.931433884984081,15.789143245977405
4739,3.9,1.7590069496266538,4.806668216294369,0.9066682162943693,23.247902981906908
3686,17.9,3.0193174754751815,19.47731064681646,1.5773106468164606,8.811791322996987
3844,6.0,2.0277894529043285,6.597273651779996,0.5972736517799957,9.954560862999928
2815,9.9,2.1667046705933335,7.729470111558193,2.1705298884418074,21.924544327695024
2579,3.999999,1.6280590347353578,4.093977882807218,0.09397888280721833,2.3494726575486227
1945,5.6,2.2794128721061164,8.770941932525691,3.1709419325256913,56.62396308081592
2436,6.99,1.7590069496266538,4.806668216294369,2.183331783705631,31.235075589494006
93,6.5,1.9553391416044124,6.06631509881376,0.4336849011862398,6.672075402865228
6701,35.19,3.216801147105518,23.94818682234158,11.241813177658418,31.946044835630634
1375,4.868,1.958221715578952,6.086713660870852,1.2187136608708515,25.03520256513664
3903,5.6,2.340640252997213,9.387885308768576,3.787885308768576,67.64080908515315
3477,13.5,2.2671883368479047,8.652223823644695,4.847776176355305,35.909453158187446
6022,42.99,3.7574362408840085,41.83845758661032,1.1515424133896843,2.6786285494061044
2223,8.8,1.8809590079576517,5.559792740085056,3.2402072599149445,36.820537044488006
1087,13.9,2.786306513318013,15.220996986950109,1.3209969869501084,9.503575445684232
2531,2.5,1.816985715904859,5.153282725440755,2.6532827254407554,106.13130901763022
6729,78.99,4.16143206859661,63.16334314635721,15.826656853642788,20.036279090571956
6880,17.375,2.934145747250502,17.8054316799015,0.4304316799014991,2.4773046325266135
764,1.8,1.183748658680538,2.266596635546274,0.46659663554627406,25.922035308126333
4669,6.5,1.8707552084846064,5.4931982665109755,1.0068017334890245,15.489257438292684
476,12.99,2.6842294126968094,13.646910307328907,0.6569103073289071,5.057046245796052
5594,56.5,3.9545312935999517,51.17123522105282,5.328764778947182,9.431442086632181
2622,1.5,1.2404201393544365,2.4570656090030543,0.9570656090030543,63.80437393353695
5111,5.7,2.0495008824859458,6.764024978219348,1.064024978219348,18.667104881041194
6466,21.6,3.1289923004108013,21.85094105254051,0.250941052540508,1.1617641321319816
4461,10.0,2.1191894281047374,7.324387237935563,2.6756127620644374,26.756127620644378
6338,13.5,2.796191344273466,15.38213389358284,1.8821338935828393,13.94173254505807
7034,23.29,2.9478076361613463,18.064112408631956,5.225887591368043,22.4383322944098
2181,20.0,2.8660828255107207,16.568066059029693,3.431933940970307,17.159669704851535
6334,34.0,3.4547254204233893,30.649597156084646,3.3504028439153544,9.85412601151575
2620,10.0,1.9508716037659666,6.034816481752999,3.9651835182470014,39.651835182470016
5170,8.9,2.6849882801734175,13.658029589691195,4.758029589691194,53.46100662574376
752,6.8,1.950300612316998,6.030800808263568,0.7691991917364316,11.311752819653407
2283,11.5,2.4360026924482563,10.42727100918726,1.07272899081274,9.328078180980349
2799,8.0,1.8695946106399433,5.485666646034554,2.514333353965446,31.429166924568076
3049,14.9,2.980675392520825,18.701118140235295,3.8011181402352943,25.510860001579154
351,3.5,2.0039502385240486,6.4183023598113955,2.9183023598113955,83.38006742318272
487,1.8,1.3522822336608247,2.866239130608916,1.0662391306089158,59.23550725605088
927,5.0,1.8809590079576517,5.559792740085056,0.5597927400850562,11.195854801701124
3318,6.5,1.6952547836620584,4.448033858416499,2.0519661415835007,31.568709870515395
1061,18.0,2.6672328707664397,13.400067164413214,4.599932835586786,25.55518241992659
6018,39.39,3.7710143749120886,42.424090810953125,3.034090810953124,7.702693097113795
2191,3.5,1.8534140287833254,5.381569235456127,1.8815692354561273,53.75912101303221
4608,2.1,1.5202648113845787,3.5734361327546464,1.4734361327546464,70.16362536926887
6128,27.9,2.9248059818510894,17.630611022556216,10.269388977443782,36.807845797289545
561,12.99,2.557971952308271,11.90960944548355,1.08039055451645,8.317094338078908
3535,9.9,2.310572147773812,9.080190363913859,0.8198096360861413,8.280905415011528
5501,21.99,3.075134548756085,20.652795072169308,1.3372049278306903,6.080968293909461
2966,9.5,2.3427448113421594,9.409770240461638,0.09022975953836188,0.9497869425090724
6026,37.49,3.812655814324948,44.27050942061166,6.780509420611658,18.086181436680867
334,13.5,2.802449708737343,15.484980749053236,1.9849807490532356,14.703561104098043
2225,6.8,1.859665135671123,5.421586051246119,1.378413948753881,20.27079336402766
4847,13.0,2.5016132682999035,11.202163453842878,1.7978365461571215,13.829511893516319
5507,25.5,2.987535730461573,18.83673913952358,6.66326086047642,26.13043474696635
3213,12.5,1.9023839018728685,5.70185197159683,6.79814802840317,54.38518422722536
1103,7.9,2.36291316746193,9.621849651558476,1.7218496515584754,21.79556520960095
2110,26.99,3.021471557750983,19.52146800094936,7.46853199905064,27.671478321788218
23,12.99,2.7695909077160423,14.952106790966578,1.962106790966578,15.104748198357026
4151,21.99,3.1552373973793424,22.4586054419039,0.4686054419039003,2.130993369276491
1005,3.2,1.221042132504025,2.3907194720058254,0.8092805279941748,25.290016499817963
1643,9.7,2.375503578379732,9.75642852728701,0.056428527287010866,0.5817373947114522
2550,59.7,3.844003800652104,45.712126574317054,13.987873425682949,23.43027374486256
3038,8.69,1.9823868485269998,6.260050963130414,2.4299490368695853,27.962589607244944
4030,1.7,1.6331415293341993,4.119933902674498,2.419933902674498,142.3490530984999
3817,7.999,2.182900666141382,7.8720036915806695,0.12699630841933018,1.5876523117806
1671,14.9,2.8109846457224257,15.62628115823781,0.7262811582378088,4.874370189515495
1372,14.3,2.613412990676847,12.645543580095357,1.654456419904644,11.56962531401849
3203,30.99,3.4986854610778333,32.07194900759317,1.0819490075931704,3.4912843097553097
445,6.9,2.1668434422406397,7.730681598563763,0.8306815985637623,12.038863747300903
5433,62.99,3.8402904963607387,45.53899188408474,17.451008115915265,27.704410407866746
7125,59.999,4.2235723286534395,67.27695687786856,7.277956877868554,12.130130298619234
3399,22.5,3.169888787134452,22.80483680509552,0.304836805095519,1.3548302448689735
3939,2.0,1.170243852499736,2.2227784252916756,0.22277842529167557,11.138921264583779
5206,20.49,3.1644230003876643,22.675079579278737,2.1850795792787387,10.664126790037768
6378,83.79,4.413191819929239,81.53247233250383,2.257527667496177,2.6942686090179935
2592,16.99,2.6842294126968094,13.646910307328907,3.343089692671091,19.676808079288357
3887,11.0,2.8093457579155428,15.599054865287584,4.5990548652875844,41.80958968443259
3518,1.2,1.4371044391954335,3.2084922122871227,2.0084922122871225,167.3743510239269
4295,10.9,2.5007304565890527,11.19139599456699,0.29139599456699017,2.6733577483210107
1128,10.8,1.915236046958098,5.7885410223499125,5.011458977650088,46.40239794120451
2570,7.5,1.9186001601176943,5.811416899482964,1.688583100517036,22.514441340227144
5277,9.6,2.263370158029764,8.615440175054744,0.9845598249452561,10.255831509846418
1783,10.6,2.3038835870484924,9.012993374628655,1.5870066253713446,14.9717606167108
2523,18.0,2.735991909981348,14.42503609747139,3.5749639025286104,19.86091056960339
4248,5.15,1.3384317191054778,2.8130588664255805,2.33694113357442,45.37749773930912
1844,6.49,1.9145020512377113,5.783560090506789,0.706439909493211,10.885052534564114
5291,7.9,1.8602661671227034,5.425446786527393,2.474553213472607,31.323458398387427
6129,24.49,3.2319683853753416,24.329466083720458,0.16053391627954028,0.655508028907882
6060,5.69,2.4124487267400556,10.161258581785367,4.471258581785366,78.58099440747569
2515,6.699,2.156848963766738,7.643857592328498,0.9448575923284981,14.104457267181642
5040,17.5,2.6849882801734175,13.658029589691195,3.8419704103088055,21.95411663033603
6799,56.99,3.4200833375678834,29.571962707907222,27.41803729209278,48.11026020721667
3554,3.5,1.5502129014301387,3.712473368116698,0.21247336811669815,6.07066766047709
3878,4.2,2.27321162366844,8.710537379525675,4.510537379525675,107.39374713156369
5945,29.7,3.3297898558938326,26.932471242234474,2.7675287577655254,9.31827864567517
2264,14.5,2.616103486911474,12.682306296515693,1.8176937034843075,12.535818644719363
2462,4.9,1.6848810604504711,4.3918095948057125,0.5081904051942878,10.371232759067098
1775,6.6,2.358214310020196,9.572056172125865,2.972056172125866,45.03115412311918
6861,28.05,3.2283376511186703,24.237668271080263,3.8123317289197374,13.591200459606906
378,7.8,2.2076792386107154,8.094585519741228,0.2945855197412284,3.7767374325798513
6853,9.999,2.7230510523462286,14.226708930875168,4.227708930875167,42.28131744049572
4913,1.6,0.9314041470565588,1.5380705009451279,0.06192949905487222,3.8705936909295136
5246,8.2,2.428901625997753,10.346412628544465,2.146412628544466,26.175763762737393
199,1.5,1.182844303055593,2.2636438059097874,0.7636438059097874,50.9095870606525
2446,11.0,2.7231582758121493,14.22834167891419,3.228341678914189,29.34856071740172
2957,3.8,1.8535967199422645,5.382735198237906,1.5827351982379065,41.6509262694186
1328,11.49,2.635168035706483,12.945655634386023,1.455655634386023,12.668891509016737
1193,10.5,2.294515732990421,8.91963109886035,1.58036890113965,15.05113239180619
5686,12.75,2.6303174206036952,12.878174421553394,0.12817442155339442,1.0052895808109368
1075,9.3,2.557971952308271,11.90960944548355,2.6096094454835495,28.060316618102682
5427,3.4,1.583762972096237,3.873259290626648,0.4732592906266482,13.919390900783771
6969,24.5,3.135128260755013,21.99158457092368,2.5084154290763188,10.238430322760484
2063,10.5,2.7609494801466448,14.814851709592782,4.314851709592782,41.09382580564554
965,14.5,2.786306513318013,15.220996986950109,0.7209969869501087,4.972393013449026
5060,9.49,2.294515732990421,8.91963109886035,0.5703689011396502,6.010209706424133
1467,9.4,2.2367943219775395,8.363267504925926,1.0367324950740748,11.02906909653271
5975,18.46,3.0907821576565224,20.994274239788258,2.5342742397882567,13.728462837422843
3296,51.0,3.2853892771666406,25.719383536583184,25.280616463416816,49.56983620277807
5414,7.5,2.061665339797273,6.859046901970069,0.6409530980299314,8.546041307065751
7126,29.95,3.3742954306831976,28.203700499602988,1.7462995003970114,5.830716194981674
5724,62.05,3.7271894426345793,40.5621311019688,21.487868898031195,34.629925701903616
2755,6.0,1.9616594675417616,6.111117948577929,0.11111794857792923,1.8519658096321538
4022,6.5,2.0723653752225766,6.943590485278421,0.4435904852784214,6.824469004283405
3091,6.5,2.1967801973517624,7.99600146863934,1.4960014686393404,23.015407209836006
2022,5.89,1.8580433732741803,5.411180204645553,0.47881979535444685,8.129368342180761
5090,8.6,2.4627365047754175,10.736885678156032,2.136885678156032,24.847507885535258
2907,7.0,1.985502417793797,6.282705427237449,0.717294572762551,10.247065325179301
5744,42.345,3.4967272098775997,32.00724919367473,10.337750806325268,24.41315575941733
5769,15.1,2.885546213697902,16.91334944062776,1.8133494406277588,12.008936692899065
6155,18.49,2.9029967213926104,17.22868990623518,1.2613100937648198,6.821579739128285
6547,13.79,2.453634097352073,10.630536513828863,3.159463486171136,22.91126530943536
2850,6.699999,1.950300612316998,6.030800808263568,0.6691981917364318,9.98803420323543
2132,16.5,2.4255568274084465,10.308524562888383,6.191475437111617,37.524093558252225
6114,86.19,4.544664838131179,93.12887351274765,6.938873512747648,8.050671206343715
6570,20.79,3.1311235431701796,21.899693888814628,1.109693888814629,5.337632942831308
6434,31.0,3.5221790439165974,32.858126483618975,1.8581264836189746,5.993956398770886
4246,7.5,1.9535434651885022,6.053637669130661,1.4463623308693387,19.28483107825785
1701,4.5,2.2136602270258043,8.149143121931036,3.6491431219310364,81.09206937624526
6332,39.999,3.5754628236071713,34.71114495240371,5.287855047596295,13.219968118193693
3927,19.5,3.178890120528132,23.020079359239688,3.5200793592396877,18.051689021741986
5780,66.99,4.321316523118546,74.28768104773594,7.297681047735949,10.893687188738543
547,12.4,2.499936569046647,11.181721238004858,1.2182787619951423,9.824828725767276
6811,37.99,3.725705111424483,40.50048489662777,2.5104848966277657,6.608278222236814
6203,33.3,3.7227569697918304,40.37831576376862,7.078315763768622,21.25620349480067
1263,19.9,2.850100385759161,16.289517374781916,3.610482625218083,18.143128769940116
5231,2.299,1.4086582052901602,3.0904631583354165,0.7914631583354166,34.42640967096201
3011,13.29,2.4913152287122453,11.077149893637543,2.212850106362456,16.650489889860467
5865,13.69,2.6508105858650004,13.165516360242679,0.5244836397573209,3.8311441910688164
1789,11.9,2.4019337910629774,10.044513524752134,1.8554864752478668,15.592323321410644
6610,21.49,3.3609238572330087,27.815800271215934,6.325800271215936,29.436018014034136
3018,6.4,1.809007512334851,5.10438589702261,1.2956141029773907,20.24397035902173
5494,26.59,3.268773659044979,25.279092447133863,1.3109075528661371,4.930077295472498
4715,13.8,2.6492076021049713,13.142827457394551,0.6571725426054496,4.762119873952533
2199,5.9,2.18939294068248,7.9297905563972435,2.029790556397243,34.4032297694448
1244,2.5,0.9765149240711474,1.6551865717516496,0.8448134282483504,33.79253712993401
7130,10.89,3.1378860646336237,22.055078363500762,11.165078363500761,102.52597211662773
5008,38.0,1.5679416717318386,3.796764709140189,34.20323529085981,90.00851392331528
5482,12.726,2.565879719121702,12.012100329550684,0.713899670449317,5.609772673654856
4837,8.5,2.324732887441515,9.223948775908301,0.7239487759083012,8.517044422450603
7202,35.29,3.6115384079650634,36.02296545111169,0.7329654511116885,2.0769777588883214
6764,20.99,2.9636948768095355,18.369407275265438,2.6205927247345606,12.484958193113677
3915,5.2,1.8769003294071902,5.5332226062853245,0.3332226062853243,6.408127043948545
6083,32.299,3.3745775273130945,28.21193992719718,4.087060072802821,12.653828517300292
518,13.29,2.8415287475145847,16.141951231728946,2.851951231728947,21.45937721391232
611,12.5,2.416051242231085,10.201539701840712,2.298460298159288,18.387682385274303
5806,11.22,2.443740195542973,10.51603250733057,0.703967492669431,6.274220077267656
5672,16.5,2.8225096592312204,15.819007728095542,0.6809922719044579,4.127225890330047
2288,7.5,1.9158678331396504,5.792831283882004,1.7071687161179963,22.76224954823995
957,10.99,2.4107505390788493,10.142320754721512,0.8476792452784885,7.713186945209176
4401,6.15,2.2179795264481332,8.188746478338478,2.038746478338478,33.15034924127606
491,25.8,2.6493915620627346,13.145429410656535,12.654570589343466,49.04872321450956
1330,4.9,2.0277894529043285,6.597273651779996,1.6972736517799953,34.63823779142847
3458,21.5,3.004927376288026,19.184750151275633,2.315249848724367,10.768603947555194
323,5.89,1.3342553525157133,2.7971673422846504,3.0928326577153493,52.50989232114346
5362,7.2,2.0894074197179138,7.080125622230604,0.11987437776939647,1.6649219134638398
7010,22.79,3.088903070090467,20.952983878791418,1.8370161212085812,8.060623612148229
4247,10.5,2.4694099656676194,10.815473259642811,0.31547325964281114,3.004507234693439
2031,4.75,1.4264891286639632,3.1640540403730713,1.5859459596269287,33.38833599214587
5516,32.0,3.759609014766146,41.93163706071145,9.931637060711452,31.03636581472329
1153,6.3,1.7667903880345037,4.852040407477519,1.4479595925224809,22.983485595594935
6685,15.7,2.84802122326308,16.253607003366128,0.5536070033661282,3.5261592571090974
7286,6.6,2.0982332289676755,7.151754897885953,0.551754897885953,8.359922695241712
6854,21.69,3.1321837425871384,21.92398500536257,0.2339850053625696,1.078769042704332
1606,6.4,2.0402040430379107,6.692178574247936,0.29217857424793525,4.565290222623989
324,23.9,2.9810624466316105,18.708745014909926,5.191254985090072,21.72073215518859
2083,7.99,2.0266073911628424,6.588298510887021,1.4017014891129795,17.5431976109259
2687,10.8,2.3026122809002976,9.000271882758463,1.7997281172415374,16.664149233717936
6858,35.35,3.476871650768133,31.358335398394082,3.991664601605919,11.291837628305286
586,7.89,1.9437009927936137,5.984552974896487,1.9054470251035127,24.150152409423484
4125,9.8,2.613112340719102,12.641441664645843,2.841441664645842,28.994302700467774
3245,8.99,2.4943465503507016,11.113815163477776,2.1238151634777758,23.624195366827315
4556,4.4,2.061856597063036,6.8605501455405875,2.460550145540587,55.92159421683153
706,24.9,3.1804545359217347,23.057686149795977,1.8423138502040217,7.398850804032215
1978,6.4,2.076728884630802,6.9783281510440185,0.5783281510440181,9.036377360062783
4160,7.4,1.2979305102306575,2.6617109476971454,4.738289052302855,64.03093313922777
4995,4.39,1.3856573761783255,2.9974528715610944,1.3925471284389053,31.72089130840331
6812,9.8,2.507318479139039,11.271978333976632,1.4719783339766312,15.020187081394196
6202,17.34,2.923583352245234,17.607846605006024,0.2678466050060244,1.5446747693542353
5939,27.79,3.1499218835865217,22.33424172247146,5.455758277528538,19.632091678764084
6218,29.3,3.285211716844188,25.71463965540169,3.5853603445983104,12.236724725591502
4453,9.5,2.128912959274043,7.405724478456991,2.0942755215430093,22.045005489926414
3801,8.9,2.324732887441515,9.223948775908301,0.32394877590830085,3.639873886610122
2572,56.99,3.5110491672827138,32.48337902773066,24.50662097226934,43.00161602433644
208,2.25,1.5159032327345938,3.5535321692654165,1.3035321692654165,57.93476307846296
3682,29.8,3.1793710395752552,23.031633851081867,6.768366148918133,22.712638083617897
747,2.5,1.6537871136561029,4.226736638622566,1.7267366386225662,69.06946554490266
5101,9.9,1.9917319525354624,6.328214897950048,3.5717851020499527,36.078637394443966
6260,40.99,3.787860041353758,43.16179467170491,2.171794671704909,5.298352455976845
798,5.0,1.448682556144147,3.257501799174924,1.742498200825076,34.849964016501524
88,6.99,2.5186447585533416,11.411764322774514,4.421764322774514,63.25843094098017
734,1.7,1.9049680414400127,5.719192888474597,4.019192888474596,236.42311108674096
1221,4.8,2.0880163708398105,7.068893586515388,2.2688935865153885,47.26861638573726
3574,14.5,2.358214310020196,9.572056172125865,4.9279438278741345,33.98581950258024
1480,6.9,1.7323578429754427,4.653969376345599,2.246030623654401,32.55116845875944
3936,10.49,3.0050043393966845,19.186303692176672,8.696303692176672,82.90089315707027
6199,28.99,3.186708458973866,23.208612516818672,5.781387483181327,19.94269569914221
852,13.5,2.4181504028146614,10.225078229389302,3.274921770610698,24.258679782301463
486,7.89,2.00276718445845,6.409531296388911,1.4804687036110886,18.763861896211516
2678,3.6,1.5804029849959242,3.8569126798531004,0.2569126798531003,7.136463329252786
3195,4.0,1.5705839360176939,3.8094557884279485,0.19054421157205148,4.763605289301287
1430,8.4,2.2829711181624157,8.805771277064167,0.4057712770641668,4.830610441240081
1536,14.9,2.9244465598377967,17.62391597407959,2.72391597407959,18.281315262279126
1891,6.0,2.496156928631252,11.13576561465921,5.13576561465921,85.5960935776535
6513,39.99,2.950214855058185,18.11005918005436,21.87994081994564,54.713530432472226
1919,5.6,2.176304172749012,7.813672181082149,2.213672181082149,39.52986037646695
4302,14.8,2.7954079573826878,15.36930537015224,0.5693053701522395,3.8466579064340505
198,5.0,1.4866656352289431,3.422325262415524,1.5776747375844762,31.553494751689527
4629,6.6,1.9232277442714478,5.843010348684165,0.756989651315835,11.469540171452046
2882,3.85,2.1543812054850373,7.622552939347912,3.772552939347912,97.9883880350107
1057,8.9,2.358214310020196,9.572056172125865,0.6720561721258651,7.551192945234439
73,7.0,2.087029404117545,7.060933785735379,0.06093378573537933,0.8704826533625618
548,27.8,3.199645490802662,23.523834730922935,4.276165269077065,15.381889457111745
6352,13.69,2.7801005567998938,15.120641906689343,1.4306419066893437,10.450269588673073
2963,4.0,1.8562428074550046,5.399646839116334,1.3996468391163344,34.99117097790836
6569,27.3,3.6509279509135344,37.51038522079616,10.210385220796159,37.40067846445479
1512,34.99,2.957964144323937,18.258723835274328,16.731276164725674,47.81730827300849
3912,10.9,2.382283653709696,9.829605716083758,1.070394283916242,9.820131045103137
1582,1.9,1.2744959943188894,2.5768981787174923,0.6768981787174924,35.626219932499595
6697,15.44,2.9478076361613463,18.064112408631956,2.624112408631957,16.99554668803081
5822,10.08,2.445439022760206,10.535612883917796,0.4556128839177962,4.519969086486073
2865,6.9,2.0277894529043285,6.597273651779996,0.30272634822000466,4.387338380000068
3647,10.8,2.4390476890074573,10.462120040755208,0.33787995924479297,3.1285181411554905
5349,20.499,2.6953836338872508,13.811199741639962,6.687800258360037,32.62500735821278
4428,3.0,1.4735338147620307,3.3646317207154945,0.36463172071549455,12.154390690516486
6213,25.55,3.0865191770455516,20.90071264248052,4.64928735751948,18.196819403207357
4359,28.8,3.5163401426160577,32.661008261805954,3.861008261805953,13.406278686826226
1452,3.6,1.892469775081279,5.635737237871807,2.0357372378718073,56.548256607550194
7037,24.89,3.0237133274838865,19.5675240109853,5.322475989014702,21.383993527580163
2020,1.9,1.2428486405740555,2.465471299534546,0.5654712995345461,29.76164734392348
4903,29.49,3.374359767062676,28.20557942040134,1.2844205795986596,4.355444488296574
5220,6.9,1.9232277442714478,5.843010348684165,1.0569896513158357,15.318690598780227
6818,12.35,2.7973071690692546,15.400423686994063,3.0504236869940637,24.699786939223188
4814,10.0,2.7196093832480255,14.174393714751634,4.174393714751634,41.74393714751634
5267,8.8,2.29282253298005,8.902849390784356,0.10284939078435507,1.1687430770949438
2098,9.2,2.5580811237524155,11.911018883123825,2.7110188831238258,29.46759655569376
1880,13.5,2.2650523854270124,8.631629144900378,4.868370855099622,36.06200633407127
937,9.5,2.294515732990421,8.91963109886035,0.58036890113965,6.10914632778579
7120,29.999,3.3453070615311877,27.369285445593718,2.6297145544062808,8.766007381600323
2855,13.5,2.5076215089354603,11.275697672579614,2.2243023274203857,16.4763135364473
6139,14.99,3.0369114303306897,19.840775542634926,4.850775542634926,32.36007700223433
5985,12.49,2.5214328331250893,11.446417532692415,1.0435824673075853,8.35534401367162
1295,7.0,2.540652208543207,11.687943457966254,4.687943457966254,66.97062082808934
1175,45.9,3.488616342555549,31.740614555622997,14.159385444377001,30.84833430147495
2197,5.5,1.6013447138469974,3.95969731586243,1.5403026841375702,28.005503347955823
2614,41.9,3.6132783384109066,36.087438909296544,5.812561090703454,13.872460837001086
6148,27.36,2.9631048650103513,18.35798246714705,9.00201753285295,32.9021108656906
4335,4.0,1.9932581756374088,6.339407928181274,2.3394079281812736,58.48519820453184
4914,11.5,2.500881965621386,11.193243241110656,0.3067567588893443,2.667450077298646
1321,7.2,1.8898259238974546,5.6182165074276265,1.5817834925723737,21.969215174616302
1181,12.79,2.7695909077160423,14.952106790966578,2.162106790966579,16.904666074797333
6150,22.799,3.141069689069356,22.12859403539831,0.670405964601688,2.940506007288425
3438,12.6,2.332825303821413,9.307020900213159,3.292979099786841,26.134754760213024
6343,34.99,3.33941616087693,27.202656083783626,7.787343916216376,22.255912878583526
4301,12.6,2.500881965621386,11.193243241110656,1.406756758889344,11.164736181661459
620,7.9,2.128921499672194,7.405796266997335,0.4942037330026654,6.255743455729941
6864,24.89,3.128389069553868,21.83716081653731,3.052839183462691,12.265324160155448
5159,16.0,2.5461248315839864,11.757570136181961,4.242429863818039,26.515186648862745
2492,15.5,2.43085804238371,10.368632664866974,5.131367335133026,33.10559571053565
478,14.0,2.735117438097135,14.411553233143263,0.41155323314326253,2.939665951023304
3968,5.3,2.0693718557715566,6.919846749048871,1.6198467490488708,30.56314620846926
2276,3.7,1.9451283475636574,5.994529528248532,2.294529528248532,62.01431157428464
5227,6.9,2.1550477339770677,7.6283020323103194,0.7283020323103191,10.555101917540856
1897,12.5,1.847471691591493,5.343760247381238,7.156239752618762,57.2499180209501
7044,14.766,2.824103469996196,15.845835417119527,1.0798354171195275,7.312985352292614
2206,1.4,1.0771739288516624,1.9363694251795183,0.5363694251795184,38.31210179853703
1033,4.5,1.7876407094438547,4.975338264041773,0.47533826404177315,10.563072534261625
5948,10.59,2.1713717770515615,7.770306698116398,2.8196933018836017,26.625999073499546
286,12.3,2.9537830343867393,18.178369096728126,5.878369096728125,47.79161867258638
550,3.2,1.2688982111744282,2.5569314153274676,0.6430685846725326,20.095893271016642
7008,10.099,2.4735581661084347,10.864588009511673,0.7655880095116725,7.5808298793115405
5668,25.79,3.424418343023606,29.70478000690119,3.9147800069011893,15.179449425751027
5015,2.5,1.00662165355782,1.7363410740476497,0.7636589259523503,30.546357038094012
2825,12.5,2.5299949339552597,11.553442540205586,0.9465574597944144,7.572459678355316
1055,10.799,2.381225133338529,9.818148422780547,0.9808515772194522,9.082800048332738
2091,6.5,1.8555169359253592,5.39500320322147,1.1049967967785301,16.999950719669695
6540,25.79,3.1321837425871384,21.92398500536257,3.8660149946374283,14.990364461564281
2571,3.5,1.3980657600943327,3.0473638181821725,0.4526361818178275,12.932462337652215
1677,10.3,2.0859599635444033,7.052317704102331,3.24768229589767,31.530896076676406
1174,1.8,0.9765149240711474,1.6551865717516496,0.14481342824835042,8.04519045824169
6021,78.2,4.201304990092497,65.77341285032944,12.426587149670567,15.890776406228346
5916,12.54,3.003133124721444,19.148566103045642,6.608566103045643,52.69988917899238
5389,3.9,1.6239173965593143,4.072924098213788,0.17292409821378785,4.43395123625097
2087,14.0,2.5928769253672157,12.368175577455899,1.631824422544101,11.655888732457864
1370,46.5,3.5110491672827138,32.48337902773066,14.016620972269337,30.1432709081061
6314,16.899,2.9672157968345743,18.437725610333235,1.538725610333234,9.105424050732196
2934,5.0,1.8377712183928308,5.282520279673969,0.2825202796739692,5.650405593479384
3107,16.99,2.7425619648592776,14.526713077048075,2.463286922951923,14.498451577115498
1188,7.8,1.8873900270457389,5.6021148336431805,2.1978851663568193,28.178014953292557
2029,6.699999,2.1680707162507997,7.7414031149541405,1.0414041149541404,15.543347319218114
4209,4.888888,1.8707552084846064,5.4931982665109755,0.6043102665109759,12.36089406243252
5027,4.5,1.8847495085155377,5.584704822930085,1.0847048229300853,24.104551620668563
7009,23.5,3.412915316712724,29.3536057701161,5.853605770116101,24.908960723898304
7093,40.9,3.8497043379841416,45.979171221543915,5.079171221543916,12.418511544117155
3956,7.2,2.449886850387585,10.587035576462625,3.387035576462625,47.042160784203126
833,9.0,2.09878634572907,7.156265017351103,1.843734982648897,20.48594425165441
1393,5.4,2.1765733769455338,7.816045178016099,2.4160451780160983,44.74157737066848
549,24.9,3.1432516950019216,22.179115864215387,2.720884135784612,10.927245525239405
1020,5.5,1.9186001601176943,5.811416899482964,0.311416899482964,5.662125445144801
248,3.6,1.5469202450930326,3.696982330145513,0.09698233014551283,2.693953615153134
2648,6.5,1.6324162509760893,4.116221871710516,2.3837781282894843,36.673509665992064
296,6.3,2.0651035212720665,6.8861142359773515,0.5861142359773517,9.303400571069075
1559,7.39,1.731368784230959,4.648380033042958,2.7416199669570416,37.09905232688825
1563,12.8,2.489128538660161,11.050769763203622,1.7492302367963788,13.66586122497171
6766,13.69,2.741453276319408,14.509508327314467,0.8195083273144679,5.986182084108604
3260,9.7,2.308370722349608,9.058023984333738,0.6419760156662608,6.6183094398583595
100,1.4,1.0348525142932192,1.8146910783068777,0.4146910783068778,29.620791307634132
4204,43.5,3.568579353096576,34.466172437043554,9.033827562956446,20.767419684957346
3197,7.0,1.5841173869771366,3.8749867523387147,3.1250132476612853,44.64304639516122
2937,17.5,2.75899594349831,14.783986974701257,2.716013025298743,15.52007443027853
7017,15.99,2.666410143437682,13.38822470784543,2.6017752921545707,16.271265116663983
1499,6.0,1.9319214012522905,5.902760480623663,0.09723951937633668,1.620658656272278
4872,7.0,2.231753456703409,8.316187297093895,1.3161872970938955,18.802675672769936
1656,5.0,1.868191167590952,5.476570766529512,0.4765707665295116,9.531415330590232
6788,13.29,2.7867519655931328,15.228224276549444,1.9382242765494446,14.58408033521027
346,4.0,1.5469202450930326,3.696982330145513,0.3030176698544871,7.575441746362177
1718,7.5,2.2076792386107154,8.094585519741228,0.5945855197412282,7.927806929883043
1665,1.7,1.1197778591191834,2.0641734494951316,0.36417344949513164,21.421967617360686
681,6.0,1.9599144034747784,6.098719413435252,0.09871941343525226,1.6453235572542042
6514,69.99,3.854679245339222,46.21347057153291,23.776529428467086,33.97132365833274
3898,3.9,1.784473228169034,4.956441435454277,1.056441435454277,27.088241934725055
6186,20.45,3.1037156030909006,21.280583476988912,0.8305834769889131,4.061532894811312
6408,54.999,3.8971691843689578,48.26279763742814,6.736202362571859,12.247863347646064
7289,23.79,3.268041347074969,25.25985499794071,1.4698549979407112,6.178457326358601
5761,17.75,2.6908608124023963,13.744362589420572,4.005637410579428,22.566971327208048
7063,49.59,3.66960866867474,38.236548365095665,11.353451634904339,22.894639312168458
1793,3.8,1.9283546100660602,5.878183631680364,2.078183631680364,54.68904293895696
3542,5.9,2.2067835090315175,8.086442877827684,2.186442877827684,37.05835386148617
6741,18.8,3.044417094650052,19.99778791197533,1.197787911975329,6.371212297741111
1706,6.2,2.1309989239198504,7.4232768229619435,1.2232768229619433,19.730271338095857
1414,5.6,1.7520726579750587,4.766542368310365,0.8334576316896349,14.883171994457767
4761,2.9,1.4776986261784235,3.3828474950363363,0.4828474950363364,16.649913621942638
3066,8.8,1.9186001601176943,5.811416899482964,2.9885831005170367,33.9611715967845
2991,8.0,2.094343114795641,7.120105240933073,0.8798947590669268,10.998684488336586
6041,9.75,2.381595006681951,9.822150507593937,0.07215050759393726,0.7400052060916642
84,37.9,3.424867913801334,29.71858708212508,8.181412917874919,21.58684147196549
5327,9.5,2.1474070829309584,7.56262740531899,1.93737259468101,20.39339573348432
3207,9.0,2.4843637702711825,10.993487213787255,1.9934872137872546,22.149857930969496
5025,3.99,1.57392560040013,3.825554258396302,0.16444574160369818,4.121447157987423
1561,1.2,0.9554080328791222,1.5997311423161982,0.3997311423161982,33.310928526349855
6072,8.39,3.581099882050902,34.913019217538405,26.523019217538405,316.1265699349035
2948,8.9,2.5190569974029238,11.416881988998163,2.516881988998163,28.279572910091723
3528,7.8,2.1765733769455338,7.816045178016099,0.016045178016098838,0.2057074104628056
1297,5.0,1.8747879123413755,5.519436281717254,0.5194362817172538,10.388725634345075
4866,8.499,2.197954027303268,8.006567444723395,0.492432555276606,5.794005827469184
6289,13.28,2.6804588650103516,13.59178742059933,0.3117874205993303,2.347796841862427
4506,14.2,2.622306229728215,12.767437875311296,1.4325621246887028,10.08846566682185
1912,18.5,2.7480451153623298,14.612082213694793,3.8879177863052075,21.015771817865986
6456,79.99,3.9046376162027205,48.632090787363886,31.35790921263611,39.20228680164534
5998,9.494,2.345089179480078,9.434203202875308,0.05979679712469199,0.6298377620043395
6127,18.99,2.939617990239141,17.908621654361628,1.0813783456383703,5.6944620623400235
6875,44.199,3.3556234335082555,27.663468388214383,16.535531611785615,37.411551419230335
1817,12.2,2.3249473886414624,9.226142060411604,2.9738579395883953,24.375884750724552
3722,7.6,2.22186662943487,8.2245335912549,0.6245335912549006,8.217547253353956
5451,9.79,2.5282427625733703,11.531466016383023,1.7414660163830238,17.788212629040082
6187,36.99,3.5928058961509493,35.33588775055694,1.6541122494430596,4.471782236937171
7164,8.99,2.5758438110104853,12.142402184666366,3.152402184666366,35.065652777156465
3089,1.2,1.112478446706778,2.041888217283417,0.8418882172834172,70.15735144028477
4845,6.0,1.8958797968702232,5.658403871331216,0.3415961286687841,5.693268811146401
3142,3.2,1.267456123989178,2.551805706862148,0.6481942931378524,20.256071660557886
1623,5.5,1.8802395239353697,5.555074771474125,0.05507477147412487,1.001359481347725
6834,18.38,2.9287603952104915,17.70443001889564,0.6755699811043598,3.675571170317518
5459,16.79,3.2095020202652806,23.766749813699235,6.976749813699236,41.5530066331104
5605,47.95,3.8289662174656534,45.01494419188379,2.9350558081162106,6.121075720784589
6392,26.4,3.3550524534644643,27.64710679129605,1.2471067912960514,4.723889360969892
1199,2.0,1.4946901675946749,3.4579551198949003,1.4579551198949003,72.89775599474501
373,6.0,1.601053581152519,3.9582535959862915,2.0417464040137085,34.02910673356181
2457,5.7,1.8898259238974546,5.6182165074276265,0.08178349257237372,1.434798115304802
5260,4.99,1.731368784230959,4.648380033042958,0.3416199669570421,6.846091522185212
3819,21.09,3.127214420846727,21.81035092429472,0.7203509242947206,3.4156041929574235
7284,23.3,3.387401038324378,28.58895170145348,5.288951701453481,22.69936352555142
1317,8.0,2.34982133673701,9.483696505968918,1.4836965059689184,18.546206324611482
1446,13.0,2.736440187882993,14.431952350371814,1.4319523503718141,11.015018079783186
3799,18.9,2.88914869079258,16.97799824968668,1.922001750313317,10.169321430229191
3482,3.7,1.7263393287124358,4.620043076379504,0.9200430763795042,24.866029091337953
1488,6.399,1.9823868485269998,6.260050963130414,0.13894903686958582,2.1714179851474578
4486,4.0,1.5534207248274967,3.72761442237681,0.27238557762319004,6.809639440579751
6067,102.0,4.2972304360316915,72.49595980229442,29.504040197705578,28.925529605593702
812,5.123,1.5062334726933893,3.509712808640786,1.6132871913592144,31.491063661120716
3580,34.5,3.3445017764229275,27.3464492785391,7.153550721460899,20.734929627422897
4317,3.95,1.40925308086269,3.092897198852487,0.857102801147513,21.698805092342102
3366,3.9,1.4045610913226068,3.073738349714831,0.826261650285169,21.18619616115818
3651,4.0,1.5679416717318386,3.796764709140189,0.20323529085981118,5.0808822714952795
6684,40.5,3.4546313435519025,30.646619801052704,9.853380198947296,24.32933382456122
1511,3.5,1.2678987017797234,2.5533780050908113,0.9466219949091887,27.046342711691107
7149,18.29,2.9954691090888232,18.994737403191255,0.7047374031912561,3.8531295964530137
1801,3.4,1.3940065639459875,3.030968073844406,0.3690319261555941,10.853880181046886
4516,4.6,1.8898259238974546,5.6182165074276265,1.0182165074276268,22.135141465817977
921,7.8,2.263370158029764,8.615440175054744,0.8154401750547438,10.454361218650561
322,15.0,2.712890155400941,14.072775286948088,0.9272247130519116,6.181498087012744
3838,2.5,1.3520538102604502,2.8653560919772243,0.3653560919772243,14.614243679088974
5634,27.49,3.296603786836203,26.020714804752927,1.4692851952470711,5.344798818650678
7262,9.08,2.5332826814464253,11.594783010698313,2.514783010698313,27.695848135443974
4402,6.85,1.9536977252520058,6.0547258476545185,0.7952741523454812,11.609841640080019
6217,10.45,2.4720653556071577,10.84688964137936,0.3968896413793601,3.797986998845552
1569,5.9,2.156106308760984,7.637440571329849,1.7374405713298486,29.448145276777094
4661,17.5,2.8830868788826742,16.86934864521271,0.6306513547872896,3.6037220273559405
231,12.9,2.467161889474509,10.788941009931099,2.1110589900689014,16.364798372627142
1545,1.8,1.254837611795107,2.507268789014139,0.7072687890141391,39.2927105007855
1420,1.0,1.0920765496868854,1.9804567175202221,0.9804567175202221,98.04567175202222
1079,5.9,2.2850070308583543,8.825755307268299,2.9257553072682985,49.58907300454743
3103,7.9,1.931720148980944,5.901371424178447,1.9986285758215532,25.299095896475354
1115,4.75,1.9539495870014525,6.056502887023104,1.306502887023104,27.5053239373285
6946,14.45,2.715489650896481,14.112007868779232,0.33799213122076743,2.339045890801159
1941,10.9,2.3249473886414624,9.226142060411604,1.6738579395883963,15.35649485860914
1867,10.95,2.276066766409961,8.73830196691013,2.211698033089869,20.198155553332136
2586,6.65,2.2808235827203935,8.784735631192374,2.134735631192374,32.101287687103365
2751,11.5,2.3228396087652845,9.20461030403878,2.2953896959612194,19.95991039966278
1425,9.59,2.294515732990421,8.91963109886035,0.6703689011396499,6.990290939933784
5395,14.5,2.567147693252594,12.028609800736374,2.4713901992636256,17.044070339749144
4053,32.5,3.201891573714279,23.578979203384876,8.921020796615124,27.449294758815768
7283,16.95,2.920897818294963,17.557941641936413,0.6079416419364136,3.58667635360716
4333,4.49,1.9551870659984931,6.065240566370649,1.575240566370649,35.0833088278541
1618,9.0,2.648328125355607,13.130394637464908,4.130394637464908,45.89327374961009
2402,16.8,2.8171449274277442,15.729019858649696,1.0709801413503044,6.374881793751812
265,15.3,2.742520762287746,14.526073349721164,0.7739266502788364,5.058344119469519
0,9.99,2.294515732990421,8.91963109886035,1.0703689011396502,10.714403414811313
4015,16.5,2.5757401488160725,12.141039885026753,4.358960114973247,26.41794009074695
5187,3.5,1.4677902676115988,3.33963510596735,0.16036489403265008,4.581854115218574
838,1.2,1.463757617008219,3.3221701126151766,2.1221701126151764,176.84750938459803
14,21.9,2.809315866676669,15.598558706388964,6.301441293611035,28.773704537036686
3263,2.6,1.0954406530098184,1.9905001659947161,0.609499834005284,23.442301307895537
4912,21.0,2.7085382515992937,14.007322544196574,6.992677455803426,33.29846407525441
6477,29.155,3.5737838945762794,34.65123877759671,5.496238777596709,18.851787952655492
8,16.5,2.7078079273929654,13.996366334549906,2.503633665450094,15.173537366364206
1039,8.5,2.6906991867913046,13.741979715378823,5.2419797153788235,61.67034959269204
2759,11.9,2.4390476890074573,10.462120040755208,1.4378799592447926,12.0830248676033
3992,15.5,2.6694548611256903,13.432099549471193,2.067900450528807,13.34129322921811
6472,12.99,2.993505034662765,18.955504791298676,5.965504791298676,45.92382441338472
4141,32.79,3.4731659757593993,31.238647822176766,1.551352177823233,4.7311746807661885
6629,18.1,2.963212395475305,18.36006415192257,0.2600641519225668,1.4368185189092089
339,4.1,1.485533568517973,3.4173217279026575,0.6826782720973421,16.65068956334981
1956,3.3,1.5125501882198895,3.5382895420874068,0.23828954208740694,7.220895214769908
4220,6.5,1.763819897087346,4.8346827675442325,1.6653172324557675,25.620265114704114
2770,29.999999,2.5856466747362528,12.271868897815633,17.728130102184366,59.09376897707352
1090,23.5,3.3115205607536677,26.4267978936253,2.9267978936252987,12.454459121809782
4512,8.999,1.9811688577623159,6.251213671068757,2.7477863289312436,30.53435191611561
1883,6.0,2.1334523786331054,7.443968323634946,1.4439683236349463,24.066138727249108
622,5.3,2.0963437422566615,7.136366807709065,1.836366807709065,34.6484303341333
7220,12.5,2.690783144645998,13.743217472328642,1.2432174723286415,9.945739778629132
5192,3.8,2.0880163708398105,7.068893586515388,3.2688935865153885,86.02351543461549
5045,2.8,1.943131425798057,5.980575936745618,3.180575936745618,113.59199774091493
4331,16.5,3.0587599727399977,20.30112680032799,3.8011268003279888,23.03713212319993
4952,4.7,1.4108183007765944,3.099308499292328,1.600691500707672,34.05726597250366
3032,8.4,2.1089388504157154,7.23949330909258,1.16050669090742,13.815555844135952
4568,5.999,1.8809590079576517,5.559792740085056,0.43920725991494347,7.321341222119411
889,4.5,2.1530637483793105,7.6112005754767065,3.1112005754767065,69.13779056614904
1507,3.1,1.3696345346210417,2.9339127238176514,0.16608727618234864,5.357654070398343
3688,10.0,2.0328950884939347,6.636161752279154,3.363838247720846,33.63838247720846
196,1.9,0.924519387846634,1.5206565110370822,0.3793434889629177,19.965446787521984
5533,12.99,2.643910944454175,13.068115777899846,0.07811577789984625,0.6013531785977386
3980,11.2,2.613412990676847,12.645543580095357,1.4455435800953573,12.906639107994264
2789,3.8,1.7002052359048343,4.4750709575672385,0.6750709575672387,17.76502519913786
6575,38.0,2.821677077179699,15.805010351927383,22.194989648072617,58.40786749492794
4236,21.5,2.622101026530392,12.764613042875688,8.735386957124312,40.62970677732238
432,4.2,1.950803965548972,6.034340675400816,1.8343406754008162,43.67477798573372
2598,10.9,2.5061044355451294,11.257088657482681,0.3570886574826808,3.2760427291989065
6091,28.99,3.201597116882898,23.57174282050354,5.418257179496457,18.690090305265464
1694,23.5,3.285032328589679,25.709847792638875,2.2098477926388753,9.403607628250533
5357,29.9,3.4145116683792223,29.402099495492916,0.4979005045070828,1.6652190786190062
1108,13.9,2.8109846457224257,15.62628115823781,1.7262811582378088,12.419288908185674
6353,37.5,3.786823939707746,43.11606225935974,5.616062259359737,14.976166024959298
6690,60.89,3.847402607057231,45.87116216180493,15.018837838195068,24.665524450969073
6262,110.99,4.478409740249915,87.09446813749759,23.89553186250241,21.529445772143806
4825,1.65,1.3740890533108436,2.9514754993848333,1.3014754993848334,78.87730299302021
1277,4.6,1.7880489324578186,4.977778032588327,0.37777803258832776,8.212565925833212
1195,5.9,1.8580433732741803,5.411180204645553,0.48881979535444753,8.285081277194026
6062,18.19,3.195348797962421,23.418689396185083,5.228689396185082,28.744856493595833
604,9.0,2.248453078117958,8.473070396251826,0.5269296037481741,5.854773374979713
3742,6.2,1.5528221166032363,3.7247852803607637,2.4752147196392364,39.92281805869736
1593,17.9,2.9900992742590016,18.887656725952525,0.987656725952526,5.517635340516906
1219,19.4,3.1786733746780036,23.014873670894872,3.614873670894873,18.63336943760244
2229,7.0,2.085363115789493,7.047513130300985,0.047513130300984585,0.6787590042997798
4519,4.1,1.4929071055570848,3.450013391756416,0.6499866082435837,15.853331908380092
1652,3.3,1.4498486461363933,3.262469325143182,0.037530674856817825,1.137293177479328
4657,5.9,1.9413231737526973,5.967964701612397,0.06796470161239654,1.151944095125365
4865,5.9,1.608147635785353,3.9935527770013577,1.9064472229986427,32.31266479658716
6264,11.09,2.4172174359609815,10.214610487258822,0.8753895127411777,7.893503270885281
4955,38.0,3.6017747699932667,35.66324556480429,2.336754435195708,6.149353776830811
1158,12.0,2.3688778653186837,9.68539510171552,2.3146048982844807,19.28837415237067
4818,10.8,2.459271033619224,10.696282235040867,0.10371776495913387,0.9603496755475357
3256,8.8,2.212458808015381,8.138157767783282,0.6618422322167188,7.520934457008168
5728,38.699,3.705117724663693,39.65483311172577,0.9558331117257737,2.46991682401554
4650,17.5,2.9537830343867393,18.178369096728126,0.678369096728126,3.8763948384464344
7219,15.49,2.914609074142963,17.44160169446505,1.9516016944650492,12.599107130181078
5702,14.19,2.6441871832018946,13.072002473388341,1.1179975266116582,7.878770448285118
2807,4.59,1.3250967289245148,2.7625492847441078,1.827450715255892,39.81374107311312
2851,8.6,2.570808211393662,12.076388657600397,3.4763886576003973,40.42312392558602
4559,10.49,2.2714890837061317,8.693824988846698,1.7961750111533021,17.1227360453127
2995,6.5,2.057289347550369,6.824730911673338,0.32473091167333834,4.995860179589821
904,5.95,1.7373362487278108,4.682187311898198,1.2678126881018024,21.307776270618525
6841,21.169,3.0234064023307763,19.561212289191765,1.6077877108082355,7.595010207417617
2357,23.8,3.1960563523134047,23.435973059957355,0.36402694004264546,1.5295249581623758
3383,12.8,2.469412355619222,10.815501498085805,1.9844985019141959,15.503894546204656
3470,9.0,2.6445695217108547,13.077383770505103,4.077383770505103,45.30426411672337
1616,7.8,2.294515732990421,8.91963109886035,1.1196310988603502,14.354244857183977
3575,5.8,1.98744803874931,6.296888604598925,0.4968886045989249,8.567044906878015
6977,26.95,3.199683966550625,23.524778321959705,3.4252216780402946,12.709542404602207
5006,10.9,2.324732887441515,9.223948775908301,1.6760512240916992,15.37661673478623
3820,3.65,1.628906012015057,4.098294193987964,0.44829419398796366,12.282032711999005
1860,7.5,1.8745069788523239,5.517605010980663,1.9823949890193369,26.43193318692449
2088,4.99,1.58183118694134,3.8638542878202475,1.1261457121797527,22.56805034428362
7077,27.52,3.193406799381017,23.371314352041225,4.148685647958775,15.075165871943225
6930,27.699,3.1960679371118825,23.436256147420618,4.2627438525793835,15.389522555252475
5213,4.1,2.1664786712093624,7.727497479605786,3.627497479605786,88.47554828306797
2251,3.2,1.2405338545872773,2.4574587523764992,0.7425412476235009,23.204413988234403
3784,14.0,2.8982611070274578,17.142569936883415,3.1425699368834152,22.446928120595825
3127,6.5,1.9186001601176943,5.811416899482964,0.688583100517036,10.593586161800554
254,11.7,2.263370158029764,8.615440175054744,3.0845598249452557,26.363759187566288
6705,16.78,2.819837299792691,15.774121297098485,1.0058787029015157,5.994509552452417
4989,2.999999,1.5469202450930326,3.696982330145513,0.6969833301455131,23.23278541577891
221,14.85,2.82924438614972,15.932661435949246,1.0826614359492464,7.290649400331625
267,2.9,1.2354647662990754,2.439976934580691,0.4600230654193087,15.862864324803748
107,8.1,1.9158678331396504,5.792831283882004,2.307168716117996,28.483564396518467
4800,5.5,1.6102304861438683,4.00396443939653,1.4960355606034703,27.200646556426733
1226,5.4,2.1165525865244987,7.3024660615725985,1.9024660615725981,35.23085299208515
4938,4.9,1.8489726792175638,5.3532893027233435,0.4532893027233431,9.250802096394757
3418,9.5,2.271578785484247,8.694694581186342,0.8053054188136581,8.476899145406929
4154,8.5,1.8489856268970144,5.353371563609234,3.146628436390766,37.01915807518548
1758,6.99,2.233560974792573,8.333041701887423,1.3430417018874223,19.213758253038947
2284,9.99,2.324632603580334,9.22292353025719,0.7670764697428094,7.678443140568662
2526,3.3,1.4587892330823804,3.3007491699010068,0.0007491699010069297,0.022702118212331205
4004,15.0,1.8925548902112448,5.636302063546492,9.363697936453509,62.42465290969006
1210,15.5,3.0495353662558635,20.105535799887832,4.605535799887832,29.713134192824725
6664,11.5,2.7135117478597777,14.08214732289187,2.5821473228918705,22.45345498166844
2464,13.6,2.558733664354915,11.919446596578256,1.6805534034217438,12.357010319277528
4240,13.5,2.5569004115410228,11.895783681431265,1.604216318568735,11.883083841249888
4198,14.5,2.574906199445276,12.130085491422726,2.369914508577274,16.3442379901881
376,4.5,1.5788753623058582,3.849498814076247,0.6505011859237531,14.455581909416734
755,1.8,1.267353794509343,2.5514422710271067,0.7514422710271067,41.746792834839255
291,12.49,2.6842294126968094,13.646910307328907,1.156910307328907,9.262692612721434
5091,1.7,1.6735217933832507,4.330909136772102,2.630909136772102,154.75936098659423
1465,1.35,1.3705066629163916,2.9373450969328294,1.5873450969328293,117.58111829132068
188,4.7,1.88170131169581,5.564663906476401,0.8646639064764008,18.397104393114912
1870,33.0,2.8165351519800517,15.718822022586942,17.28117797741306,52.367205992160784
1201,8.7,2.4360026924482563,10.42727100918726,1.7272710091872607,19.853689760773115
1649,4.0,1.5097071475117358,3.525405324030544,0.47459467596945615,11.864866899236404
6030,128.96,4.90836725597311,134.41813066379433,5.458130663794321,4.232421420436043
3706,30.49,3.3051679824442677,26.253119249892496,4.2368807501075025,13.895968350631364
4176,6.5,1.9696526342245007,6.1681860733149,0.3318139266850997,5.104829641309226
501,10.0,2.3203968682234573,9.179713509320358,0.8202864906796421,8.202864906796421
6193,26.99,3.128130295151629,21.831251908468225,5.158748091531773,19.113553506972114
2605,5.5,1.9539495870014525,6.056502887023104,0.5565028870231039,10.11823430951098
6874,64.89,4.334238344978665,75.26684773471194,10.376847734711944,15.991443573296262
3312,23.5,2.883003287410637,16.86785498248471,6.632145017515288,28.221893691554417
2812,6.5,2.0713244660277725,6.935326230817953,0.4353262308179531,6.697326627968509
4763,5.5,2.137650828572564,7.4794944270306125,1.9794944270306125,35.99080776419296
6753,76.79,3.785363704676434,43.05168945095846,33.73831054904154,43.935812669672536
672,7.9,1.9186001601176943,5.811416899482964,2.0885831005170363,26.43776076603843
4766,13.8,2.765051671430993,14.879860504531308,1.0798605045313074,7.825076119792082
3753,7.35,2.057809975632201,6.828805746963535,0.521194253036465,7.0910782726049675
1374,12.8,2.583955193547576,12.249438756665226,0.5505612433347746,4.301259713552927
7043,23.99,3.468374265607407,31.08453908319281,7.09453908319281,29.57290155561822
6988,15.58,2.8281905982620272,15.914827400717147,0.3348274007171472,2.1490847286081336
5718,79.99,4.4820174738238245,87.41286350535626,7.422863505356261,9.279739349113965
1192,4.9,1.9344083408582933,5.919948593093654,1.0199485930936536,20.81527741007456
3053,52.9,3.7337751446238765,40.836750198660035,12.063249801339964,22.803874860756075
3950,2.8,1.220509754052751,2.388914806449765,0.4110851935502349,14.681614055365532
216,13.0,2.464870527388159,10.761959201814099,2.238040798185901,17.215698447583854
4697,6.49,2.1638989540252256,7.705012019916461,1.2150120199164611,18.721294605800633
421,1.2,0.8401197826672028,1.3166444540139408,0.11664445401394086,9.720371167828405
505,3.9,1.8534140287833254,5.381569235456127,1.4815692354561274,37.98895475528532
4836,2.9,1.3640621653733063,2.91205247279319,0.012052472793190105,0.4156025101100036
6453,19.9,2.907430879164651,17.309698262442673,2.5903017375573256,13.016591646016712
6845,49.5,3.4950950252758495,31.953419211978677,17.546580788021323,35.44763795559863
6252,20.59,3.0877893175690954,20.928547298322357,0.3385472983223572,1.6442316577093596
506,16.3,2.736440187882993,14.431952350371814,1.8680476496281866,11.460415028393783
1807,8.9,1.9589068961242073,6.091571003089238,2.808428996910762,31.555381987761372
4436,20.89,3.13925990239322,22.086774068099604,1.1967740680996037,5.728932829581636
1438,5.99,1.344516790633019,2.8363323409307095,3.1536676590692907,52.6488757774506
5520,76.49,4.255925999965127,69.52209041553083,6.967909584469169,9.10956933516691
7069,41.599,3.3851777935577356,28.523241291661343,13.075758708338654,31.43286787744574
4704,3.8,1.4489969508531708,3.258840545650621,0.541159454349379,14.241038272352077
1426,27.9,3.5626875546296617,34.257827263234645,6.357827263234647,22.787911337758594
2859,7.5,2.0651035212720665,6.8861142359773515,0.6138857640226485,8.18514352030198
3016,5.0,1.69742019482903,4.459843873926518,0.540156126073482,10.80312252146964
2688,20.49,3.021471557750983,19.52146800094936,0.96853199905064,4.726852118353539
4664,12.0,1.9012987423283612,5.694583337491092,6.305416662508908,52.5451388542409
2280,2.95,1.5642150729444133,3.7789223578826796,0.8289223578826794,28.09906297907388
347,6.5,2.0387472435805054,6.68098077113185,0.18098077113184985,2.784319555874613
4320,12.99,2.8215286274670217,15.802515838128613,2.812515838128613,21.65139213339964
333,11.5,2.0627261102204297,6.867387969674701,4.632612030325299,40.2835828723939
4386,6.5,2.07238634513306,6.943757063406374,0.4437570634063741,6.827031744713448
3381,7.75,1.8988252250345306,5.678044632649418,2.071955367350582,26.73490796581396
5781,18.355,3.1021419256887306,21.245548600291094,2.890548600291094,15.748017435527617
6380,15.89,2.8477851125213434,16.249533722310556,0.35953372231055525,2.262641424232569
5832,83.49,4.5019453055861955,89.19241256142686,5.702412561426868,6.83005457111854
6831,8.29,2.4301485812007737,10.36056992172802,2.070569921728021,24.97671799430665
3023,9.79,2.422546898079626,10.274537877560357,0.48453787756035815,4.949314377531748
6726,5.65,1.7300980301344073,4.641206889593075,1.0087931104069252,17.85474531693673
746,14.5,2.7569572004961,14.751840262286848,0.25184026228684786,1.7368293950817095
3410,34.0,3.1378371485245307,22.053950626354865,11.946049373645135,35.13543933425039
5257,5.7,1.8750369748414457,5.5210602310406705,0.17893976895932973,3.1392941922689426
3704,5.0,1.6749668216503524,4.338618019599472,0.6613819804005283,13.227639608010566
3589,2.5,1.3049699185791013,2.6875781644457084,0.1875781644457084,7.503126577828337
5019,7.8,2.0522880789557085,6.785695026542303,1.0143049734576968,13.003909916124318
4038,24.2,3.021471557750983,19.52146800094936,4.678531999050641,19.33277685558116
3608,9.3,2.017144086930786,6.516826845910743,2.7831731540892575,29.926593054723195
6968,28.59,3.3779155480414818,28.309612914726593,0.28038708527340717,0.980717332191001
259,4.8,1.884798417901962,5.585026884678616,0.7850268846786159,16.354726764137833
1795,11.49,2.294515732990421,8.91963109886035,2.57036890113965,22.37048651992733
4210,20.0,2.8858994882657614,16.919678889361112,3.080321110638888,15.40160555319444
3653,8.3,1.6815077887553764,4.373652198247838,3.926347801752163,47.30539520183329
3265,4.59,1.9186001601176943,5.811416899482964,1.2214168994829642,26.61038996694911
3246,5.0,1.9898527687984644,6.314456766769487,1.3144567667694869,26.289135335389734
1730,25.0,2.6485714038722286,13.13383267709522,11.86616732290478,47.46466929161912
599,11.5,2.7947656291206897,15.358794278830622,3.858794278830622,33.554732859396715
45,13.0,2.5948642116935616,12.394768384998644,0.6052316150013564,4.655627807702741
4651,23.5,2.557971952308271,11.90960944548355,11.59039055451645,49.32081087028276
5070,6.0,1.8775747426680585,5.537630184344694,0.46236981565530577,7.706163594255096
4575,6.0,1.5367331264382906,3.6493765086053696,2.3506234913946304,39.17705818991051
3921,14.2,2.204983920695685,8.070105725693761,6.129894274306238,43.16826953736788
3881,2.686686,1.4924137663109376,3.4478185669455055,0.7611325669455056,28.32979242626439
6979,5.85,2.550685905317976,11.815891256598462,5.9658912565984625,101.98104712134123
6997,28.9,3.1308629606905414,21.89372740721217,7.006272592787827,24.243157760511515
1421,1.9,1.2253633770878127,2.405403303523634,0.505403303523634,26.60017386966495
4251,17.2,2.903328904427647,17.234746173611924,0.034746173611925,0.20201263727863375
3529,2.3,1.143711861075804,2.138396061820769,0.1616039381792307,7.026258181705683
6651,12.09,2.8107136600657143,15.621776284925073,3.5317762849250727,29.212376219396795
6497,96.79,4.609857347647358,99.46981635840271,2.6798163584027037,2.768691350762169
7180,15.99,2.953763842299922,18.17800102733543,2.18800102733543,13.683558644999561
3044,13.2,2.8109846457224257,15.62628115823781,2.42628115823781,18.380917865437954
1298,4.1,1.9186001601176943,5.811416899482964,1.7114168994829644,41.74187559714548
426,6.5,1.869967771502679,5.488087294613171,1.0119127053868286,15.56788777518198
4603,8.2,1.8949336697872483,5.652107154316127,2.5478928456838723,31.071863971754542
805,19.9,2.9099884433112435,17.356586424436152,2.5434135755638465,12.780972741526867
410,7.7,2.471296005307159,10.837778738467051,3.137778738467051,40.750373226844815
6097,12.38,2.755544259245939,14.729599553521856,2.3495995535218555,18.978994778044065
3858,15.0,1.778201525609002,4.919201308023764,10.080798691976236,67.20532461317491
438,8.8,2.4940496960749985,11.110219659348212,2.3102196593482116,26.25249612895695
2389,2.0,1.231558602422429,2.4265660305887886,0.4265660305887886,21.32830152943943
4161,9.2,2.4716599570737383,10.84208790306776,1.642087903067761,17.84878155508436
434,5.8,2.0277894529043285,6.597273651779996,0.7972736517799959,13.746097444482688
751,10.5,2.1680707162507997,7.7414031149541405,2.7585968850458595,26.272351286151043
3411,8.5,1.9436288941425246,5.984049416201706,2.5159505837982943,29.59941863292111
2874,6.99,1.9232277442714478,5.843010348684165,1.1469896513158355,16.409007887207945
4383,14.6,2.737215009906656,14.443914000397506,0.15608599960249414,1.069082189058179
2142,9.0,2.156566069718416,7.641412642308296,1.3585873576917038,15.095415085463376
6044,24.0,3.5080423452053995,32.3828516741189,8.382851674118903,34.9285486421621
4937,7.5,1.9917319525354624,6.328214897950048,1.1717851020499523,15.62380136066603
4856,5.9,2.1713321959053413,7.769959566194569,1.8699595661945683,31.694229935501156
1049,6.0,2.0716774142809617,6.938127484669353,0.9381274846693533,15.635458077822554
626,6.5,1.9830555929338747,6.264907705384242,0.2350922946157583,3.616804532550128
1926,10.2,2.389803781775696,9.911352726719219,0.2886472732807803,2.8298752282429445
1223,7.6,1.9232277442714478,5.843010348684165,1.756989651315835,23.11828488573467
210,7.89,2.4255568274084465,10.308524562888383,2.4185245628883836,30.653036285023877
2431,3.89,1.3831372173457652,2.987391339054328,0.9026086609456723,23.203307479323193
6216,14.59,2.854085763356745,16.358560119318934,1.7685601193189342,12.121728028231214
4927,16.0,2.860608190164219,16.472150095638035,0.47215009563803534,2.950938097737721
51,18.8,2.7844319400952426,15.190618023043903,3.6093819769560973,19.198840302957965
1109,12.5,2.588128200266946,12.304844277026493,0.19515572297350658,1.5612457837880527
1436,7.2,2.1942533313629875,7.973298474285386,0.7732984742853857,10.740256587297022
7277,10.49,2.554234986575171,11.86145670596423,1.3714567059642295,13.07394381281439
3882,2.8,1.5845079634782608,3.876891179495508,1.076891179495508,38.46039926769672
1786,10.8,1.8750369748414457,5.5210602310406705,5.27893976895933,48.87907193480861
5456,22.0,3.2322193957213843,24.335824839790604,2.335824839790604,10.617385635411836
4338,6.0,1.7466120445560842,4.735139327637596,1.2648606723624036,21.08101120604006
6336,19.592,3.226150094245145,24.182519778606324,4.590519778606325,23.430582781779936
1558,2.8,1.3939094587932375,3.030576665078076,0.23057666507807628,8.234880895645583
2249,26.49,2.8742836441971824,16.712730957988292,9.777269042011707,36.90928290680146
5044,36.0,3.1785636272563345,23.012238245046024,12.987761754953976,36.07711598598327
3786,8.5,2.5707234817407216,12.075280746664841,3.5752807466648413,42.062126431351075
4233,12.8,2.841241743462738,16.13703212820397,3.337032128203969,26.070563501593508
4561,13.0,2.1502913907376415,7.587360309898189,5.412639690101811,41.63568992386008
3733,3.5,1.5958571764902654,3.9325553310021446,0.4325553310021446,12.358723742918418
5661,63.05,4.41750873898954,81.88952847213547,18.83952847213547,29.88029892487783
5664,70.99,4.255925999965127,69.52209041553083,1.4679095844691687,2.0677695231288475
6291,8.89,2.325342710027563,9.230185472236311,0.34018547223631046,3.8266082366289136
6970,20.49,3.37219566141699,28.142443801806973,7.6524438018069745,37.347212307501096
4693,29.5,2.6601941144109227,13.299064483776778,16.200935516223222,54.91842547872279
3164,1.0,0.8652258771782616,1.3755426062417273,0.3755426062417273,37.55426062417273
2112,5.4,1.7435387239732925,4.717540463225116,0.6824595367748847,12.63813956990527
705,7.2,2.130517853994925,7.41922561234902,0.21922561234902016,3.0448001715141686
2943,26.5,2.883003287410637,16.86785498248471,9.632145017515288,36.347717047227505
6952,20.99,2.719934969304668,14.179335090140972,6.810664909859026,32.447188708237384
57,3.8,1.8424367524139773,5.311900074700959,1.511900074700959,39.78684407107787
4881,9.8,2.377744180826843,9.780556427789778,0.01944357221022308,0.19840379806350084
5640,17.2,3.192915742552683,23.35934958964275,6.159349589642751,35.8101720328067
527,4.5,2.27321162366844,8.710537379525675,4.210537379525675,93.56749732279278
1935,3.8,1.587569904002625,3.8918468151797176,0.09184681517971782,2.4170214520978375
5058,1.95,1.5394718924934483,3.66212751620791,1.7121275162079101,87.80141108758514
565,4.0,2.0071195494574616,6.4418505626652065,2.4418505626652065,61.046264066630165
1871,4.9,1.8908438889279546,5.624957050633024,0.7249570506330238,14.795041849653549
6095,18.85,3.1330226550853935,21.943224291803965,3.0932242918039634,16.409677940604578
640,5.5,1.630733391628786,4.107619230458686,1.3923807695413144,25.316013991660263
5282,5.0,1.6611158950298432,4.265182959001,0.7348170409990002,14.696340819980005
1747,41.0,3.4517720550474573,30.556262225599486,10.443737774400514,25.472531157074425
730,6.5,2.1476883822216517,7.565036405143664,1.0650364051436636,16.385175463748674
