sample_id,y_true_price,raw_prediction,y_pred_price,absolute_error,absolute_percentage_error
3909,5.5,3.643612312328147,3.643612312328147,1.856387687671853,33.75250341221551
6004,37.499,29.186013852017282,29.186013852017282,8.31298614798272,22.168554222733192
1768,27.49,19.528355674291948,19.528355674291948,7.9616443257080505,28.96196553549673
3360,7.8,7.489427655986541,7.489427655986541,0.3105723440134591,3.981696718121271
4700,12.99,11.349986923973091,11.349986923973091,1.640013076026909,12.62519689012247
865,3.5,2.937618157402497,2.937618157402497,0.5623818425975031,16.068052645642947
7074,52.5,37.27150533559669,37.27150533559669,15.228494664403307,29.006656503625344
2233,26.0,28.935560889808894,28.935560889808894,2.935560889808894,11.290618806957283
1720,22.0,11.73967746159548,11.73967746159548,10.26032253840452,46.63782972002055
1662,4.7,8.789301457984177,8.789301457984177,4.089301457984177,87.00641399966334
1566,11.49,15.97216073612739,15.97216073612739,4.4821607361273905,39.00923182008172
5141,3.2,5.495258082114865,5.495258082114865,2.2952580821148647,71.72681506608953
7264,63.86,56.39144000613367,56.39144000613367,7.468559993866329,11.695208258481566
5464,127.0,107.61660083817813,107.61660083817813,19.38339916182187,15.262519025056589
6348,31.79,29.166564687654486,29.166564687654486,2.6234353123455136,8.252391671423446
6283,17.99,32.11206031781224,32.11206031781224,14.122060317812238,78.49950148867282
6419,30.9,31.11852518239766,31.11852518239766,0.21852518239766283,0.7072012375328894
763,7.9,12.312964201722744,12.312964201722744,4.412964201722744,55.86030635092081
3297,4.8,5.748721873793693,5.748721873793693,0.9487218737936933,19.765039037368613
2654,3.59,2.3976214505103077,2.3976214505103077,1.1923785494896921,33.21388717241482
2189,3.1399,4.95147624550283,4.95147624550283,1.8115762455028301,57.695348434753654
3945,1.9,2.0587068686557033,2.0587068686557033,0.15870686865570338,8.352993087142284
6006,20.04,24.279518890131346,24.279518890131346,4.239518890131347,21.155283882890952
1197,19.8,12.548353326601324,12.548353326601324,7.251646673398676,36.62447814847816
429,7.5,6.8114879462758,6.8114879462758,0.6885120537242004,9.180160716322673
4271,5.7,5.89316352685121,5.89316352685121,0.19316352685120997,3.3888338044071924
3905,5.1,6.315530057913542,6.315530057913542,1.2155300579135426,23.833922704187113
2316,2.7,6.251101767028951,6.251101767028951,3.5511017670289506,131.5222876677389
4584,13.5,9.219322017275886,9.219322017275886,4.280677982724114,31.708725797956404
7086,51.49,56.417236325462376,56.417236325462376,4.927236325462374,9.569307293576177
1992,16.5,15.196322844679292,15.196322844679292,1.3036771553207078,7.90107366861035
7240,13.1,14.743377759921819,14.743377759921819,1.643377759921819,12.544868396349763
554,7.2,9.228485438497234,9.228485438497234,2.028485438497234,28.173408868017134
1905,11.999,11.010876221769271,11.010876221769271,0.9881237782307295,8.235051072845483
2034,14.5,12.021788725543056,12.021788725543056,2.4782112744569442,17.0911122376341
1215,6.2,6.037078589236704,6.037078589236704,0.16292141076329614,2.627764689730583
1615,7.0,7.820147398815328,7.820147398815328,0.8201473988153278,11.71639141164754
1002,3.2,2.4617987018663587,2.4617987018663587,0.7382012981336414,23.068790566676295
2388,9.95,7.777366949176195,7.777366949176195,2.172633050823804,21.835508048480445
6001,38.9,35.06832201746867,35.06832201746867,3.831677982531332,9.850071934527845
1533,4.95,4.639999248261834,4.639999248261834,0.31000075173816644,6.262641449255887
5326,26.5,29.638859937060964,29.638859937060964,3.138859937060964,11.844754479475336
2764,22.5,19.994535903850725,19.994535903850725,2.505464096149275,11.135395982885667
6702,12.99,11.97676454514278,11.97676454514278,1.0132354548572202,7.800118975036336
496,10.89,13.710273647314224,13.710273647314224,2.820273647314224,25.897829635575974
2691,29.5,31.205027408432606,31.205027408432606,1.7050274084326063,5.779753926890191
7213,26.25,32.532494095767454,32.532494095767454,6.282494095767454,23.933310841018873
5400,13.99,13.339964554083512,13.339964554083512,0.6500354459164885,4.646429205979189
5931,44.99,36.05889438538521,36.05889438538521,8.931105614614793,19.85131276864813
828,4.8,3.418182505201193,3.418182505201193,1.3818174947988067,28.787864474975137
3552,1.55,2.949936557434312,2.949936557434312,1.3999365574343121,90.31848757640724
61,6.9,9.466827906126902,9.466827906126902,2.5668279061269015,37.20040443662176
1429,10.0,14.973721436922775,14.973721436922775,4.973721436922775,49.73721436922774
2970,3.2,3.3670372669786803,3.3670372669786803,0.16703726697868015,5.219914593083755
3955,29.9,33.19137172154375,33.19137172154375,3.2913717215437543,11.007932179076102
4121,14.5,12.97889002706371,12.97889002706371,1.5211099729362907,10.490413606457178
3550,16.4,15.873325831471254,15.873325831471254,0.5266741685287446,3.2114278568825894
5189,4.6,3.0393803057422897,3.0393803057422897,1.56061969425771,33.926515092558915
465,5.95,7.271085086699631,7.271085086699631,1.3210850866996307,22.203110700834127
5636,7.5,14.386326380966665,14.386326380966665,6.886326380966665,91.81768507955553
6951,12.9,18.078653424387344,18.078653424387344,5.178653424387344,40.14460018904917
4230,8.2,7.638734016870803,7.638734016870803,0.5612659831291964,6.844707111331664
6145,42.45,60.631978617125334,60.631978617125334,18.18197861712533,42.831516176973686
1902,8.9,7.903349009908991,7.903349009908991,0.996650990091009,11.19832573135965
185,4.7,4.639999248261834,4.639999248261834,0.060000751738166436,1.276611739109924
2662,4.8,4.86378931833754,4.86378931833754,0.0637893183375402,1.3289441320320876
932,2.0,3.7622726684687255,3.7622726684687255,1.7622726684687255,88.11363342343628
6485,20.95,26.616500475732575,26.616500475732575,5.666500475732576,27.047734967697263
5510,12.99,25.94994288541635,25.94994288541635,12.959942885416348,99.76861343661547
1487,18.99,9.466827906126902,9.466827906126902,9.523172093873097,50.148352258415464
1084,17.0,10.73740478069646,10.73740478069646,6.26259521930354,36.83879540766788
7123,11.999,15.011120682255017,15.011120682255017,3.0121206822550164,25.103097610259322
5735,99.69,77.30215598626744,77.30215598626744,22.38784401373256,22.45746214638636
2939,12.5,11.455050974771394,11.455050974771394,1.0449490252286058,8.359592201828846
1940,7.5,7.992783499378037,7.992783499378037,0.4927834993780369,6.570446658373825
5481,17.86,19.22613894463987,19.22613894463987,1.3661389446398715,7.649154225307231
3268,2.2,2.652356018276922,2.652356018276922,0.45235601827692173,20.56163719440553
1703,22.5,25.99077965989765,25.99077965989765,3.490779659897651,15.514576266211783
6381,19.8,21.787697232193466,21.787697232193466,1.9876972321934652,10.038874910068007
3244,1.5,2.4617624512150615,2.4617624512150615,0.9617624512150615,64.11749674767077
4438,1.5,2.4593369527622073,2.4593369527622073,0.9593369527622073,63.95579685081382
5549,17.5,15.259603211039915,15.259603211039915,2.2403967889600853,12.802267365486204
4063,8.0,8.736388451458623,8.736388451458623,0.7363884514586232,9.20485564323279
5269,5.299999,5.535492998849288,5.535492998849288,0.23549399884928857,4.443283835511829
7091,24.299,32.2268773032226,32.2268773032226,7.927877303222601,32.62635212651797
2718,22.0,17.992539008628164,17.992539008628164,4.007460991371836,18.215731778962894
1740,7.8,8.796331985711998,8.796331985711998,0.9963319857119979,12.773486996307664
5023,17.5,14.486979721585772,14.486979721585772,3.0130202784142277,17.21725873379559
3994,7.0,8.038717787082113,8.038717787082113,1.0387177870821134,14.838825529744476
101,12.6,11.719405878148587,11.719405878148587,0.8805941218514128,6.988842236915975
4505,15.0,16.54073409546122,16.54073409546122,1.5407340954612216,10.271560636408145
736,8.2,10.50124673924479,10.50124673924479,2.3012467392447906,28.063984624936474
7111,48.49,55.41706356077682,55.41706356077682,6.927063560776816,14.285550754334533
538,25.5,19.40941139018008,19.40941139018008,6.090588609819921,23.88466121498008
4520,9.0,6.259621550330331,6.259621550330331,2.7403784496696693,30.4486494407741
5153,8.5,8.66528947885741,8.66528947885741,0.1652894788574102,1.9445821042048257
733,10.8,14.606646384793006,14.606646384793006,3.806646384793005,35.24672578512041
5218,4.4,7.582213659765756,7.582213659765756,3.1822136597657558,72.32303772194899
79,3.7,3.346098537751999,3.346098537751999,0.35390146224800123,9.564904385081114
5808,17.79,16.586828759092096,16.586828759092096,1.2031712409079027,6.763188537987087
3113,5.5,5.89316352685121,5.89316352685121,0.39316352685121014,7.148427760931093
5278,5.3,3.8960010402206096,3.8960010402206096,1.4039989597793903,26.49054641093189
3082,5.9,5.7555668580553405,5.7555668580553405,0.14443314194465984,2.4480193549942344
4939,11.5,9.666463183522923,9.666463183522923,1.8335368164770767,15.943798404148493
132,8.9,6.649909209083808,6.649909209083808,2.2500907909161922,25.28191899905834
737,12.2,7.9904589792706835,7.9904589792706835,4.209541020729316,34.504434596141934
1041,9.0,8.45161427210254,8.45161427210254,0.5483857278974593,6.093174754416215
2095,13.5,16.000472107914028,16.000472107914028,2.500472107914028,18.522015614177985
7199,21.99,23.596199519495915,23.596199519495915,1.6061995194959167,7.304227009985979
6848,42.499,34.66933795709999,34.66933795709999,7.829662042900011,18.4231677048872
1634,9.3,15.196322844679292,15.196322844679292,5.8963228446792915,63.40132091053001
6425,20.34,19.384685456777333,19.384685456777333,0.9553145432226664,4.696728334428055
5527,23.9,28.461764069606563,28.461764069606563,4.561764069606564,19.086878952328725
6243,47.499,32.254546347562105,32.254546347562105,15.244453652437898,32.094262305391474
6607,41.0,48.303498545864365,48.303498545864365,7.303498545864365,17.81341108747406
3308,17.2,16.16551354313528,16.16551354313528,1.0344864568647196,6.014456144562324
4726,5.0,8.340227802842476,8.340227802842476,3.3402278028424757,66.80455605684952
5241,1.8,3.912997444701091,3.912997444701091,2.112997444701091,117.38874692783838
5112,14.499,8.927849887502633,8.927849887502633,5.571150112497367,38.424374870662575
2647,7.5,7.683710032571135,7.683710032571135,0.18371003257113472,2.4494671009484628
3139,6.2,6.280930354388142,6.280930354388142,0.08093035438814145,1.3053282965829265
5239,6.6,7.441600123987159,7.441600123987159,0.8416001239871598,12.751517030108484
319,9.0,8.133304155208357,8.133304155208357,0.8666958447916429,9.629953831018254
5857,4.845,11.621672437208836,11.621672437208836,6.776672437208837,139.86940014878923
6898,38.8,41.92782198561779,41.92782198561779,3.1278219856177927,8.06139687014895
842,7.5,5.793524521709835,5.793524521709835,1.706475478290165,22.7530063772022
1894,5.5,4.127542088079345,4.127542088079345,1.3724579119206552,24.953780216739187
177,7.5,11.626274064086683,11.626274064086683,4.126274064086683,55.01698752115577
5163,3.8,2.123769940328526,2.123769940328526,1.6762300596714739,44.11131735977563
4671,7.3,6.455269164948614,6.455269164948614,0.8447308350513856,11.571655274676514
3832,22.9,14.762291552385125,14.762291552385125,8.137708447614873,35.535844749409925
3961,3.95,4.339868920789151,4.339868920789151,0.3898689207891506,9.870099260484825
1509,4.0,2.0122450114156023,2.0122450114156023,1.9877549885843977,49.69387471460994
6654,19.49,16.46561785255238,16.46561785255238,3.024382147447618,15.517609786801529
2177,11.4,8.176615088088436,8.176615088088436,3.2233849119115643,28.275306244838283
3671,1.4,2.3489959978849706,2.3489959978849706,0.9489959978849707,67.78542842035506
1755,6.9,4.616940818914219,4.616940818914219,2.2830591810857817,33.08781421863451
2245,4.0,5.757850347352098,5.757850347352098,1.7578503473520977,43.94625868380244
3193,4.799,5.748721873793693,5.748721873793693,0.9497218737936928,19.789995286386596
1038,13.5,11.545510575585114,11.545510575585114,1.954489424414886,14.477699440110268
6559,8.1,5.615100137152675,5.615100137152675,2.4848998628473247,30.677776084534873
3450,7.29,6.50166363564148,6.50166363564148,0.7883363643585204,10.81394189792209
5444,41.29,37.646335060294426,37.646335060294426,3.643664939705573,8.82456996780231
3433,17.49,15.271369585892263,15.271369585892263,2.2186304141077358,12.685136730175733
3002,15.9,15.39018379384284,15.39018379384284,0.5098162061571596,3.2063912336928277
2516,1.5,1.6336351208731994,1.6336351208731994,0.1336351208731994,8.909008058213292
3698,5.35,4.273739398228845,4.273739398228845,1.0762606017711542,20.11702059385335
2045,4.99,5.789651581528669,5.789651581528669,0.7996515815286687,16.025081794161697
4239,9.49,5.988201601977534,5.988201601977534,3.5017983980224665,36.89987774523147
4710,4.99,5.954598210442963,5.954598210442963,0.9645982104429631,19.33062545977882
1728,31.5,31.17085895895843,31.17085895895843,0.32914104104157005,1.0448921937827622
3319,9.19,11.080655630869806,11.080655630869806,1.8906556308698068,20.572966603588757
5372,2.899,5.793792085839436,5.793792085839436,2.894792085839436,99.85484945979427
2771,27.5,20.10729243408249,20.10729243408249,7.392707565917512,26.882572966972766
4552,1.5,2.22652816995196,2.22652816995196,0.7265281699519601,48.43521133013067
3379,5.0,10.806230868593131,10.806230868593131,5.806230868593131,116.12461737186261
3857,6.7,6.912720113865853,6.912720113865853,0.21272011386585277,3.1749270726246683
5435,23.49,30.00830895283589,30.00830895283589,6.518308952835891,27.74929311552104
4104,3.2,3.5875578997041613,3.5875578997041613,0.3875578997041611,12.111184365755035
6784,28.799,17.50475509983388,17.50475509983388,11.29424490016612,39.21748984397417
2412,21.49,14.510556504676302,14.510556504676302,6.979443495323697,32.477633761394586
6248,27.89,32.866175038635866,32.866175038635866,4.976175038635866,17.842147861727735
3045,11.5,11.531180335735492,11.531180335735492,0.031180335735491838,0.2711333542216682
1918,14.9,12.98542038099463,12.98542038099463,1.9145796190053712,12.84952764433135
3824,4.0,6.703564314479951,6.703564314479951,2.7035643144799506,67.58910786199877
1550,13.5,13.034745911391651,13.034745911391651,0.46525408860834894,3.4463265822840663
1934,7.9,8.094714392375295,8.094714392375295,0.1947143923752943,2.4647391439910673
7148,19.199,15.196697788665059,15.196697788665059,4.002302211334943,20.846409767878235
3370,8.99,8.673983414463658,8.673983414463658,0.3160165855363424,3.5152011739303934
2481,10.7,11.536573522190807,11.536573522190807,0.8365735221908075,7.81844413262437
6017,21.999,14.306335790555975,14.306335790555975,7.692664209444024,34.968244963152976
5643,21.1,20.221419043750398,20.221419043750398,0.8785809562496034,4.163890787912812
3889,2.9,6.525826234998085,6.525826234998085,3.6258262349980854,125.02849086200294
3664,26.0,23.029566359187626,23.029566359187626,2.9704336408123737,11.424744772355282
1600,14.8,15.196322844679292,15.196322844679292,0.39632284467929146,2.6778570586438613
2275,23.49,17.44037603690579,17.44037603690579,6.049623963094209,25.75403985991575
4024,8.2,7.36970107375549,7.36970107375549,0.8302989262445095,10.12559666151841
2312,8.0,7.925092044696247,7.925092044696247,0.07490795530375305,0.9363494412969131
3935,6.9,5.834317373312728,5.834317373312728,1.0656826266872725,15.444675749090905
4352,1.0,4.440357847996182,4.440357847996182,3.4403578479961823,344.0357847996182
1672,1.3,5.466349471928124,5.466349471928124,4.166349471928124,320.488420917548
3792,15.9,15.008146476786305,15.008146476786305,0.8918535232136957,5.609141655432048
1034,4.6,5.757850347352098,5.757850347352098,1.157850347352098,25.170659725045613
3439,10.5,8.952763960220251,8.952763960220251,1.547236039779749,14.735581331235705
3221,8.9,11.276674864730401,11.276674864730401,2.3766748647304006,26.704211963262924
2955,5.5,5.486891462028573,5.486891462028573,0.013108537971427303,0.23833705402595096
4490,2.0,1.9044369336143707,1.9044369336143707,0.09556306638562928,4.778153319281464
7244,46.49,35.77543947402321,35.77543947402321,10.714560525976793,23.047021996078282
6285,16.09,16.863681872516228,16.863681872516228,0.773681872516228,4.808464092704959
2268,16.49,19.89110275498749,19.89110275498749,3.401102754987491,20.625244117571203
1699,2.6,3.1404454107297055,3.1404454107297055,0.5404454107297054,20.786361951142514
3519,10.5,10.015867262795709,10.015867262795709,0.4841327372042912,4.610787973374202
87,8.5,9.848689370811693,9.848689370811693,1.3486893708116927,15.866933774255209
7113,22.59,21.87727065089231,21.87727065089231,0.7127293491076898,3.1550657331017704
676,5.3,5.800014033892995,5.800014033892995,0.5000140338929953,9.434227054584817
4407,24.99,15.669251184034161,15.669251184034161,9.320748815965837,37.297914429635206
3317,4.9,5.748721873793693,5.748721873793693,0.8487218737936928,17.32085456721822
6902,67.0,69.43794942222011,69.43794942222011,2.4379494222201146,3.638730480925544
2569,4.1,4.091303703476606,4.091303703476606,0.008696296523393876,0.21210479325350917
393,2.999,3.7121508693585823,3.7121508693585823,0.7131508693585822,23.77962218601474
1149,5.6,4.904731889183208,4.904731889183208,0.6952681108167917,12.415501978871282
1168,5.9,6.2122178330199915,6.2122178330199915,0.3122178330199912,5.2918276783049345
2208,3.4,2.8485659527798126,2.8485659527798126,0.5514340472201873,16.218648447652566
230,18.5,28.953309786460824,28.953309786460824,10.453309786460824,56.50437722411257
2802,4.999999,5.748721873793693,5.748721873793693,0.7487228737936933,14.97446047076596
1543,4.4,4.991862982528031,4.991862982528031,0.5918629825280304,13.451431421091598
2345,28.5,26.18423523413983,26.18423523413983,2.3157647658601697,8.125490406526911
3599,6.0,6.5765067893107725,6.5765067893107725,0.5765067893107725,9.608446488512874
2892,2.2,2.9568279006108646,2.9568279006108646,0.7568279006108645,34.40126820958474
4691,25.9,26.952621946819267,26.952621946819267,1.0526219468192686,4.064177400846597
2942,16.0,20.193223095697515,20.193223095697515,4.193223095697515,26.207644348109472
5121,24.49,16.71450893061057,16.71450893061057,7.775491069389428,31.749657286196115
7189,54.99,52.964809233527035,52.964809233527035,2.025190766472967,3.6828346362483493
970,3.2,2.2838008590583914,2.2838008590583914,0.9161991409416088,28.63122315442527
3718,5.6,5.551052156236574,5.551052156236574,0.048947843763425425,0.8740686386325969
5329,7.0,6.661744558183856,6.661744558183856,0.33825544181614386,4.8322205973734835
169,10.5,13.676648386609735,13.676648386609735,3.1766483866097346,30.253794158187947
1056,9.0,5.564528200146169,5.564528200146169,3.435471799853831,38.17190888726479
5968,24.1145,20.2496421775781,20.2496421775781,3.8648578224219,16.02711158191918
251,3.7,4.972877932010868,4.972877932010868,1.2728779320108679,34.40210627056399
5889,51.0,29.20110078994267,29.20110078994267,21.79889921005733,42.74293962756339
2705,10.5,6.398587474900354,6.398587474900354,4.101412525099646,39.06107166761568
1729,4.3,5.169947312468944,5.169947312468944,0.8699473124689439,20.231332848114974
2533,8.6,5.792032806673771,5.792032806673771,2.8079671933262285,32.65078131774685
95,7.5,2.491789153108558,2.491789153108558,5.008210846891442,66.77614462521923
5646,17.5,23.22726944825117,23.22726944825117,5.727269448251171,32.727253990006695
5174,23.49,11.426123945325175,11.426123945325175,12.063876054674823,51.35749703990985
3692,2.8,4.463137062056787,4.463137062056787,1.6631370620567871,59.397752216313826
1172,6.69,6.315530057913542,6.315530057913542,0.3744699420864581,5.5974580281981785
1383,11.9,15.10600513536588,15.10600513536588,3.2060051353658796,26.941219624923356
5263,7.2,9.180250718885619,9.180250718885619,1.9802507188856184,27.5034822067447
711,13.7,15.196322844679292,15.196322844679292,1.4963228446792929,10.922064559702868
2354,7.9,8.346776025887602,8.346776025887602,0.44677602588760124,5.655392732754446
2215,7.0,7.9904589792706835,7.9904589792706835,0.9904589792706835,14.149413989581191
3779,7.49,8.77889742413311,8.77889742413311,1.2888974241331095,17.208243312858603
5242,5.5,12.697058489116863,12.697058489116863,7.197058489116863,130.85560889303386
69,5.5,6.1483908339190485,6.1483908339190485,0.6483908339190485,11.788924253073608
263,6.5,9.917547202012434,9.917547202012434,3.4175472020124342,52.57764926172975
408,16.0,9.637283476391701,9.637283476391701,6.362716523608299,39.76697827255187
7137,54.99,47.11506707277447,47.11506707277447,7.8749329272255295,14.320663624705453
6024,24.39,20.65932418648251,20.65932418648251,3.7306758135174896,15.295923794659652
3217,1.79,5.314179409391163,5.314179409391163,3.524179409391163,196.88153125090295
5196,11.6,13.4394263344907,13.4394263344907,1.8394263344906996,15.857123573195686
37,13.8,14.510556504676302,14.510556504676302,0.7105565046763012,5.148960178813776
3504,6.99,6.281926666378972,6.281926666378972,0.7080733336210283,10.12980448670999
1862,31.0,24.379835488657438,24.379835488657438,6.620164511342562,21.35536939142762
4602,13.3,13.034745911391651,13.034745911391651,0.26525408860834965,1.9943916436718019
6222,20.66,22.292983386755562,22.292983386755562,1.632983386755562,7.904082220501269
6474,9.29,10.484211199127826,10.484211199127826,1.1942111991278264,12.854803004605236
2333,28.5,33.55195918165078,33.55195918165078,5.05195918165078,17.726172567195718
1575,6.8,9.219322017275886,9.219322017275886,2.419322017275886,35.578264959939496
6763,35.89,47.77443611935924,47.77443611935924,11.884436119359236,33.113502700917344
5733,20.0,31.10508959575811,31.10508959575811,11.105089595758109,55.525447978790545
3295,11.0,11.354500766142333,11.354500766142333,0.3545007661423334,3.2227342376575763
3985,19.5,15.666248468829428,15.666248468829428,3.833751531170572,19.66026426241319
5958,89.09,110.17537048902031,110.17537048902031,21.085370489020306,23.667494094758453
3641,13.8,10.407606994620354,10.407606994620354,3.392393005379647,24.58255800999744
1163,5.39,5.748721873793693,5.748721873793693,0.35872187379369347,6.655322333834758
3781,8.5,10.315633609944944,10.315633609944944,1.8156336099449444,21.360395411116993
1554,23.99,22.006019979027723,22.006019979027723,1.9839800209722753,8.270029266245418
19,10.0,5.4570231993523635,5.4570231993523635,4.5429768006476365,45.429768006476365
3257,7.1,13.241183731143968,13.241183731143968,6.141183731143968,86.49554550906998
3279,6.699999,8.133304155208357,8.133304155208357,1.433305155208357,21.392617449769126
982,1.7,2.7297859611023334,2.7297859611023334,1.0297859611023334,60.5756447707255
6602,12.15,16.01076663578602,16.01076663578602,3.8607666357860193,31.775857084658593
239,4.8,5.493564388010194,5.493564388010194,0.693564388010194,14.44925808354571
7053,20.99,23.04326979366837,23.04326979366837,2.0532697936683704,9.782133366690665
2509,22.05,19.198186235188633,19.198186235188633,2.851813764811368,12.933395758781712
3800,7.3,4.706382629257869,4.706382629257869,2.5936173707421304,35.52900507865932
6775,25.99,40.7562289416877,40.7562289416877,14.766228941687704,56.815040175789555
1322,2.5,2.5143112990199876,2.5143112990199876,0.014311299019987622,0.5724519607995049
3842,10.9,14.341356751896042,14.341356751896042,3.4413567518960413,31.572080292624232
3166,10.9,8.313638671962366,8.313638671962366,2.5863613280376345,23.728085578326922
4381,12.0,11.206622558364106,11.206622558364106,0.7933774416358936,6.611478680299114
5635,15.999,25.802181067351327,25.802181067351327,9.803181067351327,61.27371127790065
5514,28.49,33.38017651309282,33.38017651309282,4.890176513092822,17.164536725492532
1965,4.5,5.186208483570041,5.186208483570041,0.6862084835700406,15.24907741266757
2486,4.686,9.329395419523973,9.329395419523973,4.643395419523973,99.09081134280778
4706,3.0,4.559790441321385,4.559790441321385,1.5597904413213852,51.993014710712835
2676,6.2,5.751515143582596,5.751515143582596,0.4484848564174042,7.233626716409745
1726,6.799999,8.984093531633501,8.984093531633501,2.1840945316335016,32.11904195329296
332,4.0,3.209036191422566,3.209036191422566,0.790963808577434,19.77409521443585
4728,4.99,5.748721873793693,5.748721873793693,0.7587218737936929,15.204847170214286
3544,4.75,8.770672111668759,8.770672111668759,4.020672111668759,84.64572866671072
6459,13.19,10.972481633530359,10.972481633530359,2.2175183664696405,16.812118017207283
1562,25.0,26.772704969054438,26.772704969054438,1.7727049690544376,7.090819876217751
3989,4.5,5.4805900807801295,5.4805900807801295,0.9805900807801295,21.79089068400288
1320,29.5,35.329881581497105,35.329881581497105,5.829881581497105,19.7623104457529
6674,35.99,38.6946191792496,38.6946191792496,2.7046191792495975,7.514918530840782
2036,10.799,12.458260794439077,12.458260794439077,1.6592607944390778,15.364948554857651
3774,5.5,4.88310044903708,4.88310044903708,0.6168995509629198,11.216355472053086
3121,8.2,8.725633042740306,8.725633042740306,0.5256330427403064,6.410159057808615
2650,3.6,6.05777008225329,6.05777008225329,2.45777008225329,68.2713911737025
4595,3.95,3.841949310583385,3.841949310583385,0.10805068941661533,2.7354604915598815
2471,3.55,2.9934538169545495,2.9934538169545495,0.5565461830454503,15.677357268885924
4397,10.8,6.861348208480704,6.861348208480704,3.9386517915192965,36.46899806962311
6418,5.8,6.333386958530716,6.333386958530716,0.5333869585307163,9.196326871219245
1888,13.8,22.35015581154359,22.35015581154359,8.55015581154359,61.95765080828688
5537,25.99,14.751057496611635,14.751057496611635,11.238942503388364,43.2433339876428
7214,57.99,57.948464125587776,57.948464125587776,0.04153587441222584,0.07162592587036702
2519,29.5,33.40087193545025,33.40087193545025,3.9008719354502475,13.223294696441517
1142,13.89,14.023784032602137,14.023784032602137,0.13378403260213645,0.9631679812968786
308,11.3,7.4100674537434665,7.4100674537434665,3.889932546256534,34.42418182527906
5255,1.99,2.3080360641296127,2.3080360641296127,0.3180360641296127,15.981711765307171
381,4.5,7.538697849164958,7.538697849164958,3.038697849164958,67.5266188703324
4118,7.5,7.453821834070237,7.453821834070237,0.04617816592976265,0.615708879063502
3617,7.2,5.988201601977534,5.988201601977534,1.2117983980224665,16.83053330586759
1400,9.8,6.47043838524006,6.47043838524006,3.3295616147599407,33.97511851795858
7075,23.5,19.180514229911317,19.180514229911317,4.319485770088683,18.38079051101567
6806,14.4,15.506528452528162,15.506528452528162,1.1065284525281616,7.6842253647789
2465,4.3,3.1778070989574334,3.1778070989574334,1.1221929010425664,26.097509326571313
994,10.5,11.557817664172525,11.557817664172525,1.057817664172525,10.074453944500238
683,4.7,6.232718460631931,6.232718460631931,1.5327184606319308,32.61103107727512
3428,7.9,8.155054153811683,8.155054153811683,0.25505415381168284,3.2285335925529473
2906,11.9,10.361229815322869,10.361229815322869,1.5387701846771318,12.930841888043124
2984,12.8,10.526050598985215,10.526050598985215,2.273949401014786,17.765229695428015
457,2.7,4.56115030121633,4.56115030121633,1.8611503012163295,68.93149263764184
4028,4.8,4.105718404967181,4.105718404967181,0.6942815950328187,14.464199896517057
3622,3.8,6.638800348577292,6.638800348577292,2.8388003485772924,74.70527233098137
756,2.95,2.7953221513365656,2.7953221513365656,0.1546778486634346,5.2433169038452405
5845,21.99,23.827618657242265,23.827618657242265,1.8376186572422668,8.356610537709264
4100,1.5,3.1510613253140276,3.1510613253140276,1.6510613253140276,110.07075502093517
1046,11.89,8.155054153811683,8.155054153811683,3.7349458461883174,31.41249660377054
1024,4.49,2.5215839602775945,2.5215839602775945,1.9684160397224058,43.84000088468609
2344,13.4,12.459607690928966,12.459607690928966,0.9403923090710347,7.017853052768914
2997,3.2,7.978814731394064,7.978814731394064,4.778814731394064,149.3379603560645
4591,3.55,6.426774810784191,6.426774810784191,2.876774810784191,81.03591016293497
4974,26.9,19.08237867683797,19.08237867683797,7.8176213231620295,29.061789305435052
1515,28.2,29.175950888470027,29.175950888470027,0.9759508884700274,3.4608187534398134
5186,24.19,20.033105173660786,20.033105173660786,4.156894826339215,17.184352320542434
1737,4.3,5.782648053298608,5.782648053298608,1.4826480532986084,34.48018728601415
6156,22.85,23.61035822222038,23.61035822222038,0.7603582222203791,3.3276070994327314
1869,5.6,6.170572101906384,6.170572101906384,0.5705721019063841,10.188787534042573
6526,22.99,24.029677393428514,24.029677393428514,1.0396773934285157,4.5223027117377805
1042,3.5,1.9042325319855014,1.9042325319855014,1.5957674680144986,45.59335622898568
3442,6.5,5.608607972613992,5.608607972613992,0.8913920273860079,13.713723498246274
50,7.5,11.783683183645135,11.783683183645135,4.283683183645135,57.11577578193513
786,6.5,5.959566706293397,5.959566706293397,0.5404332937066032,8.314358364716973
245,18.5,29.36320597184729,29.36320597184729,10.86320597184729,58.720032280255616
5303,4.25,8.960257543777399,8.960257543777399,4.710257543777399,110.82958926535056
3076,14.0,11.410365714860703,11.410365714860703,2.5896342851392973,18.49738775099498
5462,37.19,22.488007512993843,22.488007512993843,14.701992487006155,39.53211209197676
7234,54.95,36.09820094799875,36.09820094799875,18.851799052001255,34.30718662784577
625,7.5,9.194401231075638,9.194401231075638,1.6944012310756378,22.59201641434184
6414,26.59,18.41379854597734,18.41379854597734,8.17620145402266,30.749159285530876
2272,5.7,5.085009566124516,5.085009566124516,0.6149904338754846,10.789305857464642
4812,12.99,13.380809575157212,13.380809575157212,0.3908095751572116,3.008541764104785
7182,57.28,37.67308335018139,37.67308335018139,19.606916649818608,34.22995225177829
4894,6.9,6.661744558183856,6.661744558183856,0.23825544181614422,3.452977417625278
6403,5.3,6.346710436250523,6.346710436250523,1.0467104362505228,19.74925351416081
1025,12.5,9.329395419523973,9.329395419523973,3.1706045804760272,25.364836643808218
5457,53.99,40.201066237261614,40.201066237261614,13.788933762738388,25.539792114721966
2926,7.5,9.482668281929076,9.482668281929076,1.982668281929076,26.43557709238768
321,31.8,35.09875129815326,35.09875129815326,3.2987512981532596,10.37343175519893
3326,17.0,23.616456416515316,23.616456416515316,6.616456416515316,38.9203318618548
3105,11.9,14.336943531120552,14.336943531120552,2.4369435311205514,20.478517068239928
1893,4.5,2.8586602688605542,2.8586602688605542,1.6413397311394458,36.47421624754324
4920,6.8,5.961869063022928,5.961869063022928,0.8381309369770715,12.32545495554517
2138,11.49,10.930392230708556,10.930392230708556,0.5596077692914445,4.870389637001258
5476,40.49,29.019715334285966,29.019715334285966,11.470284665714036,28.328685269730887
3475,1.55,1.6837663466260298,1.6837663466260298,0.1337663466260297,8.630086879098691
4098,11.0,11.617220959552732,11.617220959552732,0.617220959552732,5.611099632297564
7001,45.499,41.15373846709614,41.15373846709614,4.345261532903862,9.550235242321506
5321,14.799,19.99108761253486,19.99108761253486,5.192087612534859,35.084043601154534
5339,2.7,3.3978320858604425,3.3978320858604425,0.6978320858604423,25.84563280964601
4296,24.5,22.660614318667015,22.660614318667015,1.8393856813329847,7.507696658501979
3767,5.9,5.793524521709835,5.793524521709835,0.10647547829016535,1.8046691235621244
2126,16.3,22.8121373256733,22.8121373256733,6.512137325673301,39.95176273419202
4279,5.9,3.9784952816818797,3.9784952816818797,1.9215047183181206,32.56787658166306
233,3.8,5.564528200146169,5.564528200146169,1.7645282001461693,46.43495263542551
65,15.0,13.769218308593418,13.769218308593418,1.2307816914065821,8.205211276043881
5856,20.709,30.2188560076141,30.2188560076141,9.5098560076141,45.92136755813463
1595,14.5,17.576433360425995,17.576433360425995,3.0764333604259946,21.216781796041342
5133,9.8,15.666248468829428,15.666248468829428,5.866248468829427,59.8596782533615
2656,20.9,21.973103833692882,21.973103833692882,1.0731038336928833,5.134468103793701
3218,32.99,36.83759243493808,36.83759243493808,3.847592434938079,11.662905228669533
509,5.0,5.035622077959853,5.035622077959853,0.03562207795985284,0.7124415591970568
6253,15.5,19.5451273425271,19.5451273425271,4.045127342527099,26.09759575823935
6481,18.99,28.355212305023244,28.355212305023244,9.365212305023245,49.31654715652052
576,26.7,13.723380060612428,13.723380060612428,12.976619939387572,48.601572806695025
217,4.999999,4.185864132798104,4.185864132798104,0.8141348672018962,16.282700600578046
5697,15.59,24.800237257901706,24.800237257901706,9.210237257901706,59.07785284093462
7082,11.9,11.227465476664312,11.227465476664312,0.6725345233356883,5.651550616266288
3757,4.0,5.0120570602418955,5.0120570602418955,1.0120570602418955,25.301426506047385
3954,9.2,13.701777785802372,13.701777785802372,4.501777785802373,48.93236723698232
6731,24.5,26.917039990689762,26.917039990689762,2.417039990689762,9.865469349754132
6889,39.9,28.887010630498278,28.887010630498278,11.012989369501721,27.60147711654567
2115,10.5,6.275966362629946,6.275966362629946,4.224033637370054,40.22889178447671
3467,2.0,3.468593582832419,3.468593582832419,1.468593582832419,73.42967914162095
4871,17.5,16.576643708704832,16.576643708704832,0.9233562912951676,5.276321664543815
6130,20.5,28.702961378251292,28.702961378251292,8.202961378251292,40.01444574756728
3478,9.0,9.329395419523973,9.329395419523973,0.3293954195239728,3.65994910582192
4487,4.499999,6.356312609022231,6.356312609022231,1.856313609022231,41.25142270081018
3933,29.99,23.516914046062794,23.516914046062794,6.473085953937204,21.584147895755933
3347,7.6,6.703564314479951,6.703564314479951,0.896435685520049,11.795206388421699
1261,6.5,5.909794897114114,5.909794897114114,0.5902051028858857,9.080078505936703
4382,9.5,11.14459276281172,11.14459276281172,1.6445927628117207,17.311502766439165
3163,9.65,10.13986075720434,10.13986075720434,0.4898607572043403,5.076277276728915
1412,4.0,3.0668388440297853,3.0668388440297853,0.9331611559702147,23.329028899255366
1281,14.0,9.556511314731521,9.556511314731521,4.443488685268479,31.739204894774847
4588,6.0,8.426897060890632,8.426897060890632,2.4268970608906315,40.4482843481772
2917,6.2,5.481678499903029,5.481678499903029,0.7183215000969714,11.585830646725343
1565,13.6,19.772032087554916,19.772032087554916,6.172032087554916,45.38258887908027
6580,22.562,15.215434196629555,15.215434196629555,7.346565803370446,32.5616780576653
4002,7.6,6.26736977284451,6.26736977284451,1.33263022715549,17.53460825204592
6500,7.899,11.107442441364627,11.107442441364627,3.2084424413646273,40.61833702196009
6365,25.4,34.21713422192677,34.21713422192677,8.817134221926771,34.71312685797942
6900,21.699,19.497913609768606,19.497913609768606,2.2010863902313957,10.143722707181878
3007,5.0,9.054061677304988,9.054061677304988,4.054061677304988,81.08123354609977
1315,9.2,10.307724701783792,10.307724701783792,1.107724701783793,12.040485888954272
3885,2.3,3.5122411869633736,3.5122411869633736,1.2122411869633738,52.70613856362495
3745,12.4,11.536573522190807,11.536573522190807,0.8634264778091936,6.963116756525754
6498,18.006229,41.49693004896102,41.49693004896102,23.490701048961018,130.4587487416772
1702,40.99,26.865410416368025,26.865410416368025,14.124589583631977,34.458623038867955
1839,6.2,7.416144730664421,7.416144730664421,1.2161447306644204,19.61523759136162
503,10.5,5.672520612501985,5.672520612501985,4.827479387498015,45.975994166647766
7023,38.9,53.329830135427514,53.329830135427514,14.429830135427515,37.094679011381785
5818,9.79,10.291130673956713,10.291130673956713,0.5011306739567143,5.1188015725915665
4694,11.0,4.181652038257122,4.181652038257122,6.818347961742878,61.9849814703898
1721,36.0,43.090066372435686,43.090066372435686,7.090066372435686,19.694628812321348
7187,50.999,81.38542601299446,81.38542601299446,30.386426012994455,59.58239575872949
4618,14.99,14.023784032602137,14.023784032602137,0.9662159673978632,6.4457369406128295
1803,18.8,19.08237867683797,19.08237867683797,0.28237867683796836,1.5020142384998316
1385,4.2,5.331660108678141,5.331660108678141,1.1316601086781413,26.944288301860503
1373,1.2,1.9535207356111357,1.9535207356111357,0.7535207356111358,62.79339463426131
5834,26.9,26.271497561863228,26.271497561863228,0.6285024381367705,2.3364402904712662
5654,44.99,68.17605938302084,68.17605938302084,23.18605938302084,51.536028857570216
5670,16.0,19.344889908555643,19.344889908555643,3.3448899085556434,20.90556192847277
856,6.9,7.291873679475593,7.291873679475593,0.3918736794755926,5.679328688052066
2458,13.899999,7.9904589792706835,7.9904589792706835,5.909540020729316,42.51467946673461
2726,7.8,11.72406868398413,11.72406868398413,3.924068683984131,50.308572871591416
5886,37.99,33.26928367353134,33.26928367353134,4.720716326468661,12.426207755905926
4252,24.79,21.973103833692882,21.973103833692882,2.8168961663071173,11.363034152106161
3269,8.1,6.043545419710235,6.043545419710235,2.0564545802897642,25.388328151725485
2505,6.0,7.584325638398522,7.584325638398522,1.5843256383985223,26.40542730664204
318,1.7,2.1521786673271874,2.1521786673271874,0.4521786673271875,26.59874513689338
6053,30.49,37.86058805454357,37.86058805454357,7.370588054543571,24.17378830614487
176,4.7,5.909794897114114,5.909794897114114,1.2097948971141141,25.74031695987477
5683,80.49,56.45898706460493,56.45898706460493,24.03101293539506,29.855898789160225
4967,2.0,2.937618157402497,2.937618157402497,0.9376181574024969,46.880907870124844
3100,2.6,5.461044839784258,5.461044839784258,2.8610448397842583,110.0401861455484
2840,1.85,3.137360623167826,3.137360623167826,1.2873606231678258,69.58706071177436
6504,14.2,18.865322205496867,18.865322205496867,4.665322205496867,32.85438172885118
3043,2.7,2.579439541932062,2.579439541932062,0.12056045806793803,4.465202150664371
3169,12.5,8.866552684090806,8.866552684090806,3.6334473159091942,29.067578527273554
468,4.6,5.9906999258467515,5.9906999258467515,1.3906999258467518,30.23260708362504
472,28.5,23.783578669934244,23.783578669934244,4.7164213300657565,16.548846772160548
91,7.9,4.942831727577999,4.942831727577999,2.9571682724220016,37.43250977749369
4304,2.7,4.954149191165568,4.954149191165568,2.254149191165568,83.48700708020621
4149,5.8,6.913113905873723,6.913113905873723,1.113113905873723,19.191619066788327
1047,5.6,6.33696743383361,6.33696743383361,0.7369674338336107,13.160132747028763
6571,129.29,119.4609712055883,119.4609712055883,9.829028794411698,7.6023116980522065
6768,9.49,9.27121793341942,9.27121793341942,0.2187820665805802,2.305395854379138
435,5.5,7.626246996927874,7.626246996927874,2.1262469969278737,38.65903630777952
6016,151.89,132.30874025659844,132.30874025659844,19.581259743401546,12.891737272632527
1335,20.49,17.5531857091576,17.5531857091576,2.936814290842399,14.332915035834063
1352,8.9,8.231490844305808,8.231490844305808,0.668509155694192,7.511338828024629
4074,2.55,4.8317982672749435,4.8317982672749435,2.2817982672749437,89.48228499117427
4868,5.9,6.336445244893741,6.336445244893741,0.4364452448937408,7.397377032097302
6046,25.09,25.11106481505719,25.11106481505719,0.0210648150571906,0.08395701497485293
5546,18.99,19.658575592727402,19.658575592727402,0.6685755927274037,3.5206718942991246
4207,8.8,8.196466230231465,8.196466230231465,0.6035337697685357,6.858338292824269
3758,11.5,15.899290592149754,15.899290592149754,4.399290592149754,38.25470080130221
106,7.7,5.832825658276664,5.832825658276664,1.8671743417233362,24.24901742497839
5694,19.0,24.89140645715317,24.89140645715317,5.89140645715317,31.007402406069318
5676,26.99,26.859275354152512,26.859275354152512,0.13072464584748644,0.4843447419321469
4791,4.1,4.819179056342032,4.819179056342032,0.7191790563420319,17.5409525937081
5900,27.9,15.822158720005575,15.822158720005575,12.077841279994423,43.28975369173629
5313,12.9,13.269122624459863,13.269122624459863,0.36912262445986244,2.8614156934873054
3333,10.99,9.261303317502657,9.261303317502657,1.7286966824973433,15.729724135553624
4086,15.0,16.000472107914028,16.000472107914028,1.0004721079140282,6.669814052760188
1617,12.99,11.962397190432851,11.962397190432851,1.0276028095671492,7.910722167568508
2252,4.0,1.4340047055514298,1.4340047055514298,2.5659952944485704,64.14988236121427
4860,7.8,10.653413718131183,10.653413718131183,2.8534137181311836,36.582227155527995
5584,9.299,11.581535474399551,11.581535474399551,2.282535474399552,24.546031556076482
3494,15.9,15.977255644216598,15.977255644216598,0.07725564421659747,0.4858845548213677
1498,6.666,5.908274546194095,5.908274546194095,0.7577254538059055,11.367018508939477
996,6.5,8.155054153811683,8.155054153811683,1.6550541538116832,25.462371597102816
5912,15.3205,12.498122621795497,12.498122621795497,2.822377378204502,18.422227591818167
6638,87.999,106.83865521506601,106.83865521506601,18.839655215066017,21.408942391465832
41,18.0,14.566214150399254,14.566214150399254,3.4337858496007456,19.076588053337478
5253,17.2,17.32142245322175,17.32142245322175,0.12142245322175071,0.7059444954752949
5689,13.69,12.182938407909885,12.182938407909885,1.507061592090114,11.00848496778754
3282,3.7,8.138834458297287,8.138834458297287,4.438834458297287,119.96849887289964
1539,7.3,4.8081168140306945,4.8081168140306945,2.4918831859693054,34.13538610916857
1805,8.9,9.032486431632814,9.032486431632814,0.13248643163281315,1.488611591379923
1144,2.9,9.59083222447683,9.59083222447683,6.69083222447683,230.71835256816655
6198,34.79,35.12043233862257,35.12043233862257,0.3304323386225718,0.949791142922023
2615,6.5,6.417465331614793,6.417465331614793,0.08253466838520662,1.2697641290031787
2114,14.99,15.668366262971247,15.668366262971247,0.678366262971247,4.525458725625397
5792,10.89,7.984635055438911,7.984635055438911,2.9053649445610894,26.67920059284747
4546,11.0,13.015107039204757,13.015107039204757,2.015107039204757,18.319154901861427
3172,1.0,5.538798912527648,5.538798912527648,4.538798912527648,453.8798912527648
167,9.2,19.528355674291948,19.528355674291948,10.328355674291949,112.26473559012989
2337,11.3,11.473752242488281,11.473752242488281,0.17375224248828047,1.5376304644980572
6928,39.18,29.186013852017282,29.186013852017282,9.993986147982717,25.50787684528514
3964,5.4,3.0462347952547426,3.0462347952547426,2.3537652047452577,43.588244532319585
2445,25.0,25.517803897903256,25.517803897903256,0.5178038979032564,2.0712155916130257
7257,17.99,22.53384748522726,22.53384748522726,4.543847485227261,25.25762915634942
3341,1.9,3.644021060015342,3.644021060015342,1.744021060015342,91.79058210607064
4103,1.3,0.7517023324328108,0.7517023324328108,0.5482976675671892,42.176743659014555
3017,18.5,14.336943531120552,14.336943531120552,4.163056468879448,22.50300793988891
6151,13.09,14.788297586362502,14.788297586362502,1.6982975863625018,12.974007535236836
4958,8.99,10.708750891172118,10.708750891172118,1.7187508911721174,19.118474873994632
6935,25.4,43.500220226029505,43.500220226029505,18.100220226029506,71.26070955129727
789,3.6,6.347109957326062,6.347109957326062,2.7471099573260616,76.30860992572393
4617,19.2,16.248938751740358,16.248938751740358,2.9510612482596414,15.370110668018967
1097,3.5,3.6273371236104306,3.6273371236104306,0.1273371236104306,3.638203531726588
3206,15.3,11.939713497015862,11.939713497015862,3.3602865029841382,21.962656882249266
6535,19.99,23.308118165871896,23.308118165871896,3.3181181658718977,16.59889027449674
6251,31.49,26.80624934334104,26.80624934334104,4.683750656658958,14.873771535912855
544,4.0,6.07587060848838,6.07587060848838,2.07587060848838,51.896765212209495
6770,19.299,20.73010312438833,20.73010312438833,1.4311031243883292,7.41542631425633
5924,14.25,15.84289816022587,15.84289816022587,1.5928981602258698,11.178232703339438
4838,2.4,3.8739508108773566,3.8739508108773566,1.4739508108773567,61.41461711988987
6194,19.59,17.294135049710253,17.294135049710253,2.2958649502897472,11.719576060692942
6068,7.39,7.7402405538420815,7.7402405538420815,0.35024055384208186,4.739385031692582
4229,16.7,16.190601232882784,16.190601232882784,0.5093987671172151,3.050292018665959
877,9.5,4.518085843572808,4.518085843572808,4.981914156427192,52.44120164660202
3908,9.7,7.792264161006334,7.792264161006334,1.9077358389936654,19.667379783439852
3914,12.8,9.127789483708362,9.127789483708362,3.6722105162916385,28.689144658528427
5397,10.9,8.79106903463284,8.79106903463284,2.1089309653671595,19.347990507955593
1078,8.2,5.89316352685121,5.89316352685121,2.306836473148789,28.1321521115706
5983,42.7,73.9034657308408,73.9034657308408,31.20346573084079,73.0760321565358
4990,10.5,9.862283133278842,9.862283133278842,0.6377168667211581,6.073493968772935
511,13.0,10.136138547738899,10.136138547738899,2.8638614522611014,22.029703478931552
2375,4.4,3.8328906722893556,3.8328906722893556,0.5671093277106447,12.888848357060107
2877,15.6,19.08237867683797,19.08237867683797,3.4823786768379694,22.32294023614083
2069,1.5,3.112768087991521,3.112768087991521,1.6127680879915212,107.51787253276808
4851,3.5,2.583239994009108,2.583239994009108,0.9167600059908918,26.193143028311194
3262,11.0,8.453877456607863,8.453877456607863,2.546122543392137,23.146568576292157
4934,10.89,20.883741686028912,20.883741686028912,9.993741686028912,91.76989610678523
1302,8.9,11.517334492595213,11.517334492595213,2.6173344925952122,29.408252725788902
6045,47.89,50.71224193988699,50.71224193988699,2.822241939886986,5.89317590287531
4394,2.5,11.405601493073249,11.405601493073249,8.905601493073249,356.22405972292995
3689,16.3,15.996821077400549,15.996821077400549,0.3031789225994519,1.8599933901806864
3159,8.5,8.100762674592804,8.100762674592804,0.3992373254071957,4.69690971067289
858,7.99,10.119764507170707,10.119764507170707,2.129764507170707,26.65537555908269
4678,19.9,20.13187272022392,20.13187272022392,0.23187272022392236,1.1651895488639314
7140,24.85,31.567770258920486,31.567770258920486,6.717770258920485,27.03328072000195
7028,12.5,18.302603564228097,18.302603564228097,5.802603564228097,46.42082851382477
7112,25.99,33.033846438186714,33.033846438186714,7.043846438186716,27.102140970322107
4357,9.9,14.336943531120552,14.336943531120552,4.436943531120551,44.817611425460115
2890,7.9,8.737860487285088,8.737860487285088,0.8378604872850879,10.605828952975797
4794,8.8,10.85245436530901,10.85245436530901,2.052454365309009,23.323345060329643
2024,12.0,15.196322844679292,15.196322844679292,3.196322844679292,26.636023705660765
4194,16.5,15.30376516756475,15.30376516756475,1.19623483243525,7.249908075365152
4921,4.5,4.140030748957016,4.140030748957016,0.35996925104298416,7.999316689844092
5356,9.5,8.05393642030905,8.05393642030905,1.44606357969095,15.221721891483684
743,5.3,6.291090120833331,6.291090120833331,0.9910901208333316,18.699813600628897
2499,1.15,2.461158802755417,2.461158802755417,1.311158802755417,114.01380893525366
4241,9.3,11.408205881931817,11.408205881931817,2.1082058819318164,22.668880450879744
179,25.99,18.78397324405652,18.78397324405652,7.20602675594348,27.726151427254635
3613,8.5,5.832825658276664,5.832825658276664,2.667174341723336,31.378521667333363
3693,20.0,14.425050929143412,14.425050929143412,5.574949070856588,27.874745354282943
3771,7.0,8.818567987839597,8.818567987839597,1.8185679878395966,25.979542683422807
6566,35.55,42.87987294166867,42.87987294166867,7.329872941668675,20.618489287394308
31,11.0,7.925092044696247,7.925092044696247,3.074907955303753,27.953708684579574
5151,6.8,6.470096449591601,6.470096449591601,0.3299035504083987,4.851522800123511
2484,3.2,4.510031247745216,4.510031247745216,1.3100312477452158,40.93847649203799
168,11.5,9.027967736853116,9.027967736853116,2.4720322631468843,21.495932723016384
3248,2.8,3.3203913709744346,3.3203913709744346,0.5203913709744348,18.585406106229815
642,5.0,6.669455614302394,6.669455614302394,1.669455614302394,33.389112286047876
1483,14.9,12.429645444206397,12.429645444206397,2.4703545557936035,16.579560777138276
1790,6.0,6.291090120833331,6.291090120833331,0.2910901208333314,4.851502013888856
5035,8.0,6.177258378566881,6.177258378566881,1.822741621433119,22.784270267913985
3982,3.0,8.918155567239921,8.918155567239921,5.918155567239921,197.2718522413307
7092,62.49,57.93451174320236,57.93451174320236,4.555488256797645,7.28994760249263
6492,22.89,27.289230412584832,27.289230412584832,4.399230412584831,19.21900573431556
6912,19.899,18.712881649762053,18.712881649762053,1.1861183502379475,5.9606932521129075
6178,24.5,26.444721619282166,26.444721619282166,1.9447216192821664,7.937639262376189
6644,18.15,15.510327801522273,15.510327801522273,2.639672198477726,14.543648476461302
2758,9.5,6.661744558183856,6.661744558183856,2.838255441816144,29.876373071748887
3412,12.6,8.772844984564859,8.772844984564859,3.8271550154351406,30.374246154247146
6122,20.7,23.30055176842479,23.30055176842479,2.60055176842479,12.563052021375798
800,2.5,4.956150216903271,4.956150216903271,2.4561502169032714,98.24600867613086
1954,10.5,9.415085104139202,9.415085104139202,1.0849148958607984,10.33252281772189
7248,48.99,31.94741414152612,31.94741414152612,17.04258585847388,34.787887035055896
5306,4.0,3.7121508693585823,3.7121508693585823,0.2878491306414177,7.196228266035442
6637,15.69,13.17839014984282,13.17839014984282,2.51160985015718,16.007710963398218
2119,20.5,23.16021446176049,23.16021446176049,2.6602144617604893,12.976655911026777
5309,3.5,4.104055459432289,4.104055459432289,0.6040554594322893,17.258727412351124
5660,25.49,32.11991046444609,32.11991046444609,6.629910464446095,26.00984882089484
5679,19.5,22.53384748522726,22.53384748522726,3.033847485227259,15.558192231934662
1406,8.7,8.213525652238593,8.213525652238593,0.48647434776140663,5.591659169671341
1501,9.8,7.489427655986541,7.489427655986541,2.31057234401346,23.577268816463874
1074,5.3,4.737597586149258,4.737597586149258,0.5624024138507417,10.611366299070598
500,13.6,13.21983530723116,13.21983530723116,0.38016469276884024,2.795328623300296
437,17.5,15.666248468829428,15.666248468829428,1.8337515311705719,10.478580178117554
5437,9.5,10.729745567450061,10.729745567450061,1.2297455674500615,12.944690183684857
4113,8.9,5.793524521709835,5.793524521709835,3.1064754782901653,34.90421885719287
3386,3.6,4.335373192650208,4.335373192650208,0.7353731926502083,20.42703312917245
6683,22.99,18.849513443949235,18.849513443949235,4.140486556050764,18.009945872339124
80,16.9,11.731460147979835,11.731460147979835,5.168539852020164,30.583076047456593
1608,19.99,14.13810627650024,14.13810627650024,5.851893723499758,29.27410567033396
960,5.0,8.972197263949113,8.972197263949113,3.9721972639491128,79.44394527898226
3114,22.5,26.979362447083716,26.979362447083716,4.479362447083716,19.908277542594295
5198,3.8,5.909794897114114,5.909794897114114,2.1097948971141145,55.520918345108285
4628,13.0,19.528355674291948,19.528355674291948,6.528355674291948,50.21812057147652
1632,12.19,13.4394263344907,13.4394263344907,1.2494263344906997,10.2496007751493
3305,4.8,3.387418326581326,3.387418326581326,1.412581673418674,29.428784862889046
5935,21.3,22.353655944972534,22.353655944972534,1.0536559449725331,4.946741525692644
5419,9.5,9.27243117943999,9.27243117943999,0.22756882056001082,2.3954612690527455
2477,3.0,4.0344779874298,4.0344779874298,1.0344779874298,34.48259958099334
5506,16.45,14.535507841738854,14.535507841738854,1.9144921582611456,11.638250202195415
6399,22.45,15.325553922254,15.325553922254,7.124446077745999,31.734726404213802
5517,51.999,35.605094192012565,35.605094192012565,16.393905807987437,31.527348233595713
534,6.9,8.727420645833945,8.727420645833945,1.8274206458339446,26.484357185999198
5701,26.69,24.49145324768162,24.49145324768162,2.198546752318382,8.237342646378352
2794,20.3,14.321788118328653,14.321788118328653,5.978211881671347,29.44931961414457
585,4.5,3.9494966644962313,3.9494966644962313,0.5505033355037687,12.233407455639306
6722,50.9,52.09386612761389,52.09386612761389,1.1938661276138944,2.345513020852445
4970,25.0,20.311435138814122,20.311435138814122,4.688564861185878,18.75425944474351
1451,2.75,4.649127721820238,4.649127721820238,1.8991277218202383,69.0591898843723
6275,25.49,22.301191423976466,22.301191423976466,3.1888085760235327,12.51003756776592
1410,30.5,19.961293540484423,19.961293540484423,10.538706459515577,34.55313593283796
5684,20.59,44.08567604014154,44.08567604014154,23.495676040141543,114.11207401720031
4536,10.0,10.13986075720434,10.13986075720434,0.13986075720434066,1.3986075720434066
866,15.0,9.482668281929076,9.482668281929076,5.517331718070924,36.78221145380616
4638,2.0,1.5061628123089674,1.5061628123089674,0.4938371876910326,24.691859384551627
6358,54.8,48.441806989362036,48.441806989362036,6.358193010637962,11.60254199021526
4679,3.95,9.236705858191508,9.236705858191508,5.286705858191508,133.84065463775968
742,7.1,5.782648053298608,5.782648053298608,1.3173519467013914,18.554252770442133
1544,6.9,5.8091425074514,5.8091425074514,1.0908574925486008,15.809528877515952
5509,53.29,42.949833901962336,42.949833901962336,10.340166098037663,19.403576840003122
2706,18.9,12.753275699352514,12.753275699352514,6.1467243006474845,32.52235079707664
3734,7.89,7.4096798094487495,7.4096798094487495,0.4803201905512502,6.087708372005706
2589,8.2,9.329395419523973,9.329395419523973,1.1293954195239735,13.77311487224358
5283,2.5,2.8578170686359856,2.8578170686359856,0.3578170686359856,14.312682745439426
6816,50.709,36.77082976285253,36.77082976285253,13.938170237147474,27.486580759130476
5944,15.9,16.351164473853817,16.351164473853817,0.45116447385381697,2.8375124141749497
4253,3.7,3.069165646465155,3.069165646465155,0.6308343535348451,17.04957712256338
748,16.5,13.688205432552845,13.688205432552845,2.811794567447155,17.041179196649423
4055,5.79,8.673983414463658,8.673983414463658,2.883983414463658,49.809730819752296
401,5.3,5.757850347352098,5.757850347352098,0.45785034735209784,8.638685799096187
3749,20.8,19.994535903850725,19.994535903850725,0.8054640961492758,3.872423539179211
157,7.5,8.160689735835097,8.160689735835097,0.6606897358350974,8.809196477801299
5434,98.19,102.59650061037807,102.59650061037807,4.406500610378075,4.487728496158545
6483,29.5,24.389194938877772,24.389194938877772,5.110805061122228,17.3247629190584
5749,14.3,13.056488873674477,13.056488873674477,1.243511126325524,8.695882002276392
4528,12.0,14.341356751896042,14.341356751896042,2.3413567518960416,19.511306265800346
1820,8.9,5.792032806673771,5.792032806673771,3.107967193326229,34.92097970029471
2922,9.0,9.60923803754498,9.60923803754498,0.60923803754498,6.769311528277555
2864,15.3,8.677067800420227,8.677067800420227,6.622932199579774,43.287138559344925
3362,3.3,3.198250233069361,3.198250233069361,0.10174976693063886,3.0833262706254203
5281,1.6,2.5956951806018234,2.5956951806018234,0.9956951806018233,62.23094878761395
3803,1.4,2.472141466568775,2.472141466568775,1.072141466568775,76.58153332634107
4237,5.4,9.687105859558063,9.687105859558063,4.2871058595580624,79.39084925107522
7295,47.59,42.04998301714051,42.04998301714051,5.540016982859491,11.64113675742696
2666,4.8,3.703191807326637,3.703191807326637,1.0968081926733628,22.850170680695058
1782,13.0,6.866685070813297,6.866685070813297,6.133314929186703,47.17934560912849
5910,45.3565,43.791987733782385,43.791987733782385,1.564512266217612,3.4493672708820395
2415,8.0,10.184138660319638,10.184138660319638,2.184138660319638,27.301733253995476
535,11.9,10.206309477348452,10.206309477348452,1.6936905226515488,14.232693467660074
5978,119.9,101.15028436248545,101.15028436248545,18.749715637514555,15.637794526701047
2406,1.5,1.9879408519225812,1.9879408519225812,0.4879408519225812,32.52939012817208
3098,5.8,5.667552116651551,5.667552116651551,0.1324478833484486,2.2835841956629066
5359,8.0,10.340767199080242,10.340767199080242,2.3407671990802417,29.25958998850302
5154,8.4,7.3976696597442695,7.3976696597442695,1.0023303402557309,11.93250405066346
1966,8.9,2.800549492520142,2.800549492520142,6.099450507479858,68.5331517694366
5416,10.5,10.307724701783792,10.307724701783792,0.1922752982162077,1.831193316344835
1176,7.86,11.755906314894284,11.755906314894284,3.895906314894284,49.566238102980705
5902,21.5,25.892869860696663,25.892869860696663,4.392869860696663,20.431952840449597
1760,2.8,2.037388477158283,2.037388477158283,0.7626115228417167,27.236125815775598
997,5.2,8.217246693368383,8.217246693368383,3.0172466933683824,58.023974872468884
473,6.2,5.663213753427446,5.663213753427446,0.5367862465725546,8.657842686654107
2266,2.1,1.8702597081925039,1.8702597081925039,0.22974029180749622,10.940013895595058
4205,15.7,15.474516879594505,15.474516879594505,0.22548312040549412,1.4361982191432747
1882,5.2,7.845847432109038,7.845847432109038,2.645847432109038,50.88168138671227
4222,18.9,11.753468698790417,11.753468698790417,7.146531301209581,37.812334927034826
2578,10.8,9.603885531479126,9.603885531479126,1.196114468520875,11.07513396778588
3783,2.6,4.351242323345384,4.351242323345384,1.7512423233453842,67.35547397482247
469,14.9,13.188728874567486,13.188728874567486,1.7112711254325141,11.48504111028533
5097,14.9,12.522323066946374,12.522323066946374,2.3776769330536265,15.95756330908474
7040,17.29,20.738828840242846,20.738828840242846,3.4488288402428466,19.946956855077193
4712,10.0,13.308669543406529,13.308669543406529,3.3086695434065287,33.08669543406529
3997,7.0,7.867717389893616,7.867717389893616,0.8677173898936159,12.395962712765941
247,6.5,2.647952836891357,2.647952836891357,3.852047163108643,59.262264047825276
3780,17.9,10.665329471355026,10.665329471355026,7.234670528644973,40.4171537913127
2182,9.9,15.96665664347512,15.96665664347512,6.06665664347512,61.27936003510223
3395,6.5,9.858048884733948,9.858048884733948,3.3580488847339485,51.66229053436844
7097,83.99,71.59397512597448,71.59397512597448,12.396024874025514,14.758929484492814
811,4.0,2.595090863698392,2.595090863698392,1.4049091363016082,35.12272840754021
6502,26.8,24.399934566518443,24.399934566518443,2.400065433481558,8.955468035378948
1419,7.4,8.155054153811683,8.155054153811683,0.7550541538116828,10.203434510968687
6733,13.9,15.693556515001296,15.693556515001296,1.7935565150012955,12.90328428058486
3625,3.9,4.04888592632791,4.04888592632791,0.14888592632790987,3.8175878545617916
228,9.0,6.714809953361472,6.714809953361472,2.2851900466385278,25.391000518205864
7107,45.5,45.928346375711925,45.928346375711925,0.428346375711925,0.9414206059602748
17,18.0,26.18423523413983,26.18423523413983,8.18423523413983,45.46797352299905
1407,10.6,10.340767199080242,10.340767199080242,0.259232800919758,2.4455924615071507
7070,59.99,70.23335374706468,70.23335374706468,10.243353747064681,17.075102095457044
2392,13.5,14.40896340870957,14.40896340870957,0.9089634087095693,6.73306228673755
6272,47.9,39.31309338368598,39.31309338368598,8.586906616314018,17.926736150968722
5439,109.0,123.75101148567794,123.75101148567794,14.751011485677935,13.533038060254988
6745,45.49,39.35106097393515,39.35106097393515,6.138939026064854,13.495139648416913
5879,10.99,20.8888429792663,20.8888429792663,9.8988429792663,90.07136468850136
2440,3.9,6.229581602433096,6.229581602433096,2.329581602433096,59.73286160084862
5831,17.9,18.918359140292427,18.918359140292427,1.0183591402924286,5.6891572083375905
5853,13.5,9.104061218589786,9.104061218589786,4.395938781410214,32.56250949192751
4844,9.0,8.407147413999496,8.407147413999496,0.5928525860005038,6.587250955561154
6915,25.49,42.69531493107198,42.69531493107198,17.205314931071978,67.49829317799913
6092,21.69,23.610680551965334,23.610680551965334,1.920680551965333,8.855143162587979
5461,23.2,18.860804565658388,18.860804565658388,4.339195434341612,18.70342859630005
2585,5.7,5.815472709604902,5.815472709604902,0.11547270960490152,2.025837010612307
543,9.9,5.8091425074514,5.8091425074514,4.090857492548601,41.32179285402627
6112,17.0,23.31742610088935,23.31742610088935,6.3174261008893495,37.16133000523147
3794,16.5,10.892637950108568,10.892637950108568,5.607362049891432,33.98401242358444
4119,7.799999,5.146293109207258,5.146293109207258,2.6537058907927413,34.02187475655755
3153,12.0,6.408055602378005,6.408055602378005,5.591944397621995,46.599536646849955
1535,10.499,11.367672056515088,11.367672056515088,0.8686720565150878,8.273855191114276
1832,14.5,22.674574179456613,22.674574179456613,8.174574179456613,56.37637365142491
6746,33.79,38.44651981650577,38.44651981650577,4.656519816505771,13.78076299646573
3590,8.99,7.9904589792706835,7.9904589792706835,0.9995410207293167,11.11836508041509
3289,2.0,3.9306242563083305,3.9306242563083305,1.9306242563083305,96.53121281541652
96,3.8,1.6018662225873963,1.6018662225873963,2.1981337774126035,57.84562572138431
6679,62.99,58.11417501371649,58.11417501371649,4.8758249862835115,7.740633412102732
2094,5.7,5.8091425074514,5.8091425074514,0.10914250745139942,1.9147808324806916
4773,8.0,8.544280275704622,8.544280275704622,0.5442802757046223,6.803503446307779
2927,9.5,9.218371611696545,9.218371611696545,0.2816283883034547,2.964509350562681
7038,44.5,32.21982989369374,32.21982989369374,12.280170106306258,27.5958878793399
156,12.99,10.56353829237018,10.56353829237018,2.4264617076298194,18.67945887320877
1022,6.4,6.234434230558426,6.234434230558426,0.16556576944157442,2.5869651475246003
5447,24.49,27.7725251399304,27.7725251399304,3.282525139930403,13.40353262527727
4966,5.8,5.748721873793693,5.748721873793693,0.05127812620630667,0.8841056242466668
6458,49.5,58.24156217264392,58.24156217264392,8.741562172643917,17.659721560896802
2716,12.5,12.654590488013532,12.654590488013532,0.15459048801353248,1.2367239041082598
1287,15.0,13.880820908906152,13.880820908906152,1.119179091093848,7.461193940625653
696,18.0,18.497109986826526,18.497109986826526,0.4971099868265263,2.761722149036257
425,25.0,23.95153207962389,23.95153207962389,1.0484679203761083,4.193871681504433
6872,47.39,40.394590537507156,40.394590537507156,6.9954094624928445,14.761362022563503
712,10.9,13.318001230443736,13.318001230443736,2.4180012304437355,22.183497527006747
4173,2.45,1.6174564002743717,1.6174564002743717,0.8325435997256285,33.98137141737259
1811,16.0,13.795664751555377,13.795664751555377,2.2043352484446235,13.777095302778896
5096,18.7,24.90410062525663,24.90410062525663,6.204100625256629,33.177008691211924
6480,17.9,24.279518890131346,24.279518890131346,6.379518890131347,35.63977033592931
447,31.49,27.724121221738002,27.724121221738002,3.765878778261996,11.958967222172106
6748,15.899,13.63528402154021,13.63528402154021,2.263715978459789,14.238102889865962
4080,5.99,7.483787191311655,7.483787191311655,1.4937871913116547,24.93801654944332
1009,5.3,1.4720348580586664,1.4720348580586664,3.827965141941333,72.2257573951195
592,1.5,2.0291885349603023,2.0291885349603023,0.5291885349603023,35.279235664020156
6096,29.85,29.443855016959958,29.443855016959958,0.40614498304004343,1.3606197086768623
1242,8.5,5.721080377924861,5.721080377924861,2.778919622075139,32.6931720244134
3058,8.4,8.737860487285088,8.737860487285088,0.3378604872850879,4.022148658155808
131,15.8,19.528355674291948,19.528355674291948,3.7283556742919473,23.597187811974347
2404,4.5,6.203215399532825,6.203215399532825,1.7032153995328247,37.84923110072944
2306,8.95,9.364843432942653,9.364843432942653,0.4148434329426536,4.635122155783839
6277,62.5,74.8223528486867,74.8223528486867,12.322352848686705,19.71576455789873
7103,20.89,19.003375961771578,19.003375961771578,1.8866240382284225,9.03123043670858
624,8.5,4.559790441321385,4.559790441321385,3.9402095586786148,46.35540657268958
2986,6.0,5.883203090171161,5.883203090171161,0.11679690982883884,1.9466151638139806
2127,8.3,7.576563881712338,7.576563881712338,0.7234361182876627,8.71609781069473
6539,43.9,42.73590438266581,42.73590438266581,1.1640956173341905,2.6516984449525984
4739,3.9,4.954149191165568,4.954149191165568,1.054149191165568,27.02946644014277
3686,17.9,17.32142245322175,17.32142245322175,0.5785775467782486,3.2322767976438467
3844,6.0,6.232718460631931,6.232718460631931,0.23271846063193102,3.8786410105321836
2815,9.9,8.42130825947917,8.42130825947917,1.47869174052083,14.936280207281111
2579,3.999999,5.1649035873725095,5.1649035873725095,1.1649045873725097,29.122621964968232
1945,5.6,9.72684495144743,9.72684495144743,4.126844951447431,73.69365984727555
2436,6.99,4.954149191165568,4.954149191165568,2.0358508088344323,29.12519039820361
93,6.5,6.319360032411345,6.319360032411345,0.18063996758865475,2.7790764244408424
6701,35.19,25.16596071064953,25.16596071064953,10.024039289350469,28.485476809748423
1375,4.868,6.291090120833331,6.291090120833331,1.423090120833331,29.233568628457906
3903,5.6,9.242131221762227,9.242131221762227,3.6421312217622273,65.03805753146835
3477,13.5,10.32427517128291,10.32427517128291,3.1757248287170903,23.523887620126594
6022,42.99,41.12096561869958,41.12096561869958,1.8690343813004233,4.347602654804427
2223,8.8,5.757850347352098,5.757850347352098,3.042149652647903,34.56988241645344
1087,13.9,15.800466416272004,15.800466416272004,1.9004664162720033,13.672420260949664
2531,2.5,4.601875417829822,4.601875417829822,2.101875417829822,84.07501671319288
6729,78.99,66.98936502438879,66.98936502438879,12.000634975611206,15.19260029827979
6880,17.375,18.472322079565203,18.472322079565203,1.0973220795652026,6.315522760087497
764,1.8,4.740331453749222,4.740331453749222,2.940331453749222,163.35174743051232
4669,6.5,6.285198055536259,6.285198055536259,0.21480194446374057,3.3046452994421625
476,12.99,13.4394263344907,13.4394263344907,0.449426334490699,3.4597870245627327
5594,56.5,56.10659547046387,56.10659547046387,0.39340452953612726,0.6962912027188093
2622,1.5,2.9902710131283903,2.9902710131283903,1.4902710131283903,99.35140087522602
5111,5.7,6.281926666378972,6.281926666378972,0.5819266663789717,10.209239761034592
6466,21.6,21.991676615945952,21.991676615945952,0.3916766159459506,1.8133176664164377
4461,10.0,8.637930750407321,8.637930750407321,1.362069249592679,13.62069249592679
6338,13.5,14.858277191862317,14.858277191862317,1.3582771918623173,10.061312532313462
7034,23.29,18.54518383621267,18.54518383621267,4.7448161637873305,20.372761544814644
2181,20.0,17.682410794753675,17.682410794753675,2.3175892052463247,11.587946026231624
6334,34.0,30.73691825848512,30.73691825848512,3.263081741514881,9.59729923974965
2620,10.0,7.054224644072447,7.054224644072447,2.9457753559275526,29.457753559275524
5170,8.9,14.336943531120552,14.336943531120552,5.436943531120551,61.089253158657876
752,6.8,6.26736977284451,6.26736977284451,0.5326302271554901,7.832797458168973
2283,11.5,10.270509328277956,10.270509328277956,1.2294906717220435,10.691223232365596
2799,8.0,6.023044792098296,6.023044792098296,1.976955207901704,24.7119400987713
3049,14.9,19.743232848669187,19.743232848669187,4.843232848669187,32.50491844744421
351,3.5,6.447802009865206,6.447802009865206,2.947802009865206,84.2229145675773
487,1.8,2.786336496496246,2.786336496496246,0.9863364964962458,54.79647202756921
927,5.0,5.757850347352098,5.757850347352098,0.7578503473520977,15.157006947041953
3318,6.5,6.722885446897883,6.722885446897883,0.22288544689788292,3.429006875352045
1061,18.0,14.15646096119474,14.15646096119474,3.8435390388052593,21.352994660029218
6018,39.39,42.895315961067986,42.895315961067986,3.5053159610679856,8.898999647291154
2191,3.5,5.44585711659889,5.44585711659889,1.9458571165988898,55.595917617111134
4608,2.1,3.915394527922269,3.915394527922269,1.815394527922269,86.447358472489
6128,27.9,22.71776912326758,22.71776912326758,5.182230876732419,18.57430421767892
561,12.99,12.41670839150355,12.41670839150355,0.5732916084964508,4.413330319449198
3535,9.9,10.044391471848954,10.044391471848954,0.1443914718489534,1.458499715645994
5501,21.99,20.64222860633957,20.64222860633957,1.3477713936604268,6.129019525513537
2966,9.5,9.756078459044566,9.756078459044566,0.2560784590445664,2.6955627267849094
6026,37.49,48.003788431355524,48.003788431355524,10.513788431355522,28.044247616312408
334,13.5,15.441714261561833,15.441714261561833,1.9417142615618328,14.383068604161725
2225,6.8,5.858502737014812,5.858502737014812,0.9414972629851874,13.845547985076287
4847,13.0,10.658304687696361,10.658304687696361,2.3416953123036386,18.013040863874146
5507,25.5,19.383948813149193,19.383948813149193,6.116051186850807,23.984514458238458
3213,12.5,6.600325977687197,6.600325977687197,5.899674022312803,47.197392178502426
1103,7.9,8.723218344257345,8.723218344257345,0.8232183442573451,10.42048537034614
2110,26.99,19.961293540484423,19.961293540484423,7.0287064595155755,26.04189129127668
23,12.99,15.10600513536588,15.10600513536588,2.1160051353658798,16.28949295893672
4151,21.99,22.95504330568025,22.95504330568025,0.9650433056802505,4.388555278218511
1005,3.2,2.390753145114579,2.390753145114579,0.809246854885421,25.288964215169408
1643,9.7,9.94645609881164,9.94645609881164,0.24645609881164,2.54078452383134
2550,59.7,53.62857263005294,53.62857263005294,6.07142736994706,10.169895092038624
3038,8.69,6.638800348577292,6.638800348577292,2.0511996514227073,23.604138681504114
4030,1.7,4.780506107175642,4.780506107175642,3.0805061071756414,181.20624159856715
3817,7.999,8.313638671962366,8.313638671962366,0.31463867196236617,3.9334750839150665
1671,14.9,16.664949650451586,16.664949650451586,1.7649496504515856,11.845299667460306
1372,14.3,13.318001230443736,13.318001230443736,0.9819987695562649,6.867124262631222
3203,30.99,31.205027408432606,31.205027408432606,0.21502740843260781,0.6938606274043492
445,6.9,7.886910744168414,7.886910744168414,0.986910744168414,14.303054263310347
5433,62.99,46.764925167439635,46.764925167439635,16.225074832560367,25.758175635117265
7125,59.999,66.48913330699509,66.48913330699509,6.490133306995084,10.817069129477296
3399,22.5,22.406185633933553,22.406185633933553,0.09381436606644655,0.4169527380730958
3939,2.0,2.762727000635418,2.762727000635418,0.7627270006354179,38.136350031770895
5206,20.49,22.75947606685013,22.75947606685013,2.2694760668501317,11.076017895803474
6378,83.79,79.60260398630346,79.60260398630346,4.187396013696542,4.997488976842752
2592,16.99,13.4394263344907,13.4394263344907,3.550573665509299,20.89802039734726
3887,11.0,16.248938751740358,16.248938751740358,5.248938751740358,47.71762501582143
3518,1.2,3.5786779165934712,3.5786779165934712,2.378677916593471,198.22315971612258
4295,10.9,11.349986923973091,11.349986923973091,0.4499869239730909,4.128320403422853
1128,10.8,7.431105827818238,7.431105827818238,3.368894172181763,31.193464557238542
2570,7.5,5.8091425074514,5.8091425074514,1.6908574925486004,22.54476656731467
5277,9.6,8.984093531633501,8.984093531633501,0.6159064683664983,6.415692378817692
1783,10.6,8.737860487285088,8.737860487285088,1.8621395127149114,17.5673538935369
2523,18.0,15.738537130501326,15.738537130501326,2.261462869498674,12.563682608325966
4248,5.15,2.9078653335897564,2.9078653335897564,2.242134666410244,43.53659546427658
1844,6.49,6.213584285301076,6.213584285301076,0.2764157146989241,4.259101921400988
5291,7.9,5.909794897114114,5.909794897114114,1.990205102885886,25.192469656783366
6129,24.49,28.5750080958774,28.5750080958774,4.085008095877402,16.680310722243373
6060,5.69,12.244133815465045,12.244133815465045,6.554133815465044,115.1868860362925
2515,6.699,8.100762674592804,8.100762674592804,1.4017626745928045,20.92495409154806
5040,17.5,14.336943531120552,14.336943531120552,3.1630564688794482,18.074608393596847
6799,56.99,31.597935488748963,31.597935488748963,25.39206451125104,44.555298317689136
3554,3.5,4.519630112108902,4.519630112108902,1.019630112108902,29.132288917397197
3878,4.2,11.683109706510594,11.683109706510594,7.483109706510594,178.1692787264427
5945,29.7,29.066205089084757,29.066205089084757,0.6337949109152419,2.1339895990412185
2264,14.5,12.00087014691299,12.00087014691299,2.4991298530870107,17.235378297151797
2462,4.9,4.614903913358234,4.614903913358234,0.285096086641766,5.81828748248502
1775,6.6,9.415085104139202,9.415085104139202,2.815085104139202,42.65280460816973
6861,28.05,23.747567163460328,23.747567163460328,4.302432836539673,15.33844148498992
378,7.8,8.155054153811683,8.155054153811683,0.35505415381168337,4.551976330919018
6853,9.999,13.95978301712809,13.95978301712809,3.9607830171280902,39.61179135041594
4913,1.6,0.9458156686207261,0.9458156686207261,0.654184331379274,40.886520711204625
5246,8.2,10.892637950108568,10.892637950108568,2.692637950108569,32.837048172055724
199,1.5,2.866097304382315,2.866097304382315,1.3660973043823148,91.07315362548766
2446,11.0,14.957180351985308,14.957180351985308,3.9571803519853077,35.97436683623007
2957,3.8,6.201854446286603,6.201854446286603,2.4018544462866034,63.20669595491062
1328,11.49,11.741685871543638,11.741685871543638,0.2516858715436374,2.1904775591265224
1193,10.5,8.737860487285088,8.737860487285088,1.7621395127149118,16.78228107347535
5686,12.75,11.433202341933569,11.433202341933569,1.316797658066431,10.327824769148478
1075,9.3,12.41670839150355,12.41670839150355,3.1167083915035487,33.5129934570274
5427,3.4,4.616101961031866,4.616101961031866,1.2161019610318662,35.76770473623136
6969,24.5,22.311504800236087,22.311504800236087,2.1884951997639135,8.932633468424136
2063,10.5,15.315341567205047,15.315341567205047,4.8153415672050475,45.860395878143315
965,14.5,15.800466416272004,15.800466416272004,1.3004664162720037,8.968733905324164
5060,9.49,8.737860487285088,8.737860487285088,0.752139512714912,7.92560076622668
1467,9.4,8.898226067173773,8.898226067173773,0.501773932826227,5.338020561981137
5975,18.46,23.329883222539333,23.329883222539333,4.8698832225393325,26.380732516464423
3296,51.0,25.584487950407034,25.584487950407034,25.415512049592966,49.83433735214307
5414,7.5,7.538697849164958,7.538697849164958,0.03869784916495789,0.5159713221994385
7126,29.95,25.216322554335573,25.216322554335573,4.733677445664426,15.805266930432142
5724,62.05,41.413485745388314,41.413485745388314,20.636514254611683,33.25787954006717
2755,6.0,6.470096449591601,6.470096449591601,0.47009644959160113,7.834940826526686
4022,6.5,6.790844410751173,6.790844410751173,0.2908444107511734,4.474529396171898
3091,6.5,8.245711193932006,8.245711193932006,1.7457111939320065,26.85709529126164
2022,5.89,5.909794897114114,5.909794897114114,0.01979489711411464,0.3360763516827613
5090,8.6,11.068036609177435,11.068036609177435,2.4680366091774353,28.698100106714364
2907,7.0,6.258241299286105,6.258241299286105,0.7417587007138948,10.596552867341355
5744,42.345,30.658217902339622,30.658217902339622,11.686782097660377,27.598965870020965
5769,15.1,16.790025334707547,16.790025334707547,1.6900253347075473,11.192220759652631
6155,18.49,16.92213462929345,16.92213462929345,1.5678653707065493,8.479531480295021
6547,13.79,11.177131792616988,11.177131792616988,2.612868207383011,18.947557704010233
2850,6.699999,6.26736977284451,6.26736977284451,0.43262922715549035,6.457153607866066
2132,16.5,10.407606994620354,10.407606994620354,6.0923930053796465,36.92359397199786
6114,86.19,88.3592743738494,88.3592743738494,2.1692743738494045,2.516851576574318
6570,20.79,22.765687561711417,22.765687561711417,1.9756875617114176,9.503066674898594
6434,31.0,33.298782255611314,33.298782255611314,2.2987822556113144,7.415426631004241
4246,7.5,5.832825658276664,5.832825658276664,1.667174341723336,22.228991222977815
1701,4.5,8.827359938204166,8.827359938204166,4.327359938204166,96.1635541823148
6332,39.999,38.73229907322631,38.73229907322631,1.2667009267736944,3.166831487721429
3927,19.5,23.616456416515316,23.616456416515316,4.116456416515316,21.11003290520675
5780,66.99,69.87107801318041,69.87107801318041,2.8810780131804137,4.300758341812829
547,12.4,11.441958263752772,11.441958263752772,0.9580417362472282,7.726143034251841
6811,37.99,43.692586875751864,43.692586875751864,5.702586875751862,15.010757767180474
6203,33.3,40.804224475244304,40.804224475244304,7.504224475244307,22.53520863436729
1263,19.9,17.003898587530127,17.003898587530127,2.8961014124698714,14.553273429496844
5231,2.299,2.877091650671197,2.877091650671197,0.578091650671197,25.145352356293916
3011,13.29,11.890641427669006,11.890641427669006,1.3993585723309927,10.529409874574815
5865,13.69,13.555869195761797,13.555869195761797,0.13413080423820212,0.9797721273791243
1789,11.9,9.81032944733528,9.81032944733528,2.089670552664721,17.56025674508169
6610,21.49,27.746391405382433,27.746391405382433,6.256391405382434,29.11303585566512
3018,6.4,5.500418877522646,5.500418877522646,0.899581122477354,14.055955038708657
5494,26.59,26.39979770588427,26.39979770588427,0.19020229411572842,0.7153151339440709
4715,13.8,14.907739220710987,14.907739220710987,1.107739220710986,8.027095802253521
2199,5.9,8.213525652238593,8.213525652238593,2.3135256522385923,39.212299190484615
1244,2.5,2.131581631851485,2.131581631851485,0.3684183681485149,14.736734725940599
7130,10.89,23.225517441931746,23.225517441931746,12.335517441931746,113.27380571103531
5008,38.0,4.181652038257122,4.181652038257122,33.81834796174288,88.99565253090232
5482,12.726,11.995715321524816,11.995715321524816,0.7302846784751846,5.73852489765193
4837,8.5,9.482668281929076,9.482668281929076,0.982668281929076,11.560803316812658
7202,35.29,34.380289821224856,34.380289821224856,0.9097101787751427,2.5778129180366753
6764,20.99,19.14998763704233,19.14998763704233,1.840012362957669,8.766137984552975
3915,5.2,6.10795396415309,6.10795396415309,0.9079539641530898,17.460653156790187
6083,32.299,29.332304775323987,29.332304775323987,2.9666952246760125,9.185099305476989
518,13.29,15.739331320751809,15.739331320751809,2.44933132075181,18.429882022210762
611,12.5,11.091849821112586,11.091849821112586,1.4081501788874142,11.265201431099314
5806,11.22,10.202548391107612,10.202548391107612,1.0174516088923884,9.06819615768617
5672,16.5,19.110680508478584,19.110680508478584,2.610680508478584,15.822306111991418
2288,7.5,5.800014033892995,5.800014033892995,1.699985966107005,22.6664795480934
957,10.99,9.915365133041005,9.915365133041005,1.074634866958995,9.778297242575022
4401,6.15,8.346776025887602,8.346776025887602,2.1967760258876012,35.7199353802862
491,25.8,14.425050929143412,14.425050929143412,11.374949070856589,44.08894988704104
1330,4.9,6.232718460631931,6.232718460631931,1.3327184606319307,27.19833593126389
3458,21.5,19.193389639056203,19.193389639056203,2.3066103609437967,10.728420283459519
323,5.89,4.38494145080221,4.38494145080221,1.5050585491977895,25.55277672661782
5362,7.2,8.274930813861653,8.274930813861653,1.074930813861653,14.9295946369674
7010,22.79,21.406025705995958,21.406025705995958,1.383974294004041,6.072726169390263
4247,10.5,10.85175586657992,10.85175586657992,0.35175586657991964,3.350055872189711
2031,4.75,3.3927444337562447,3.3927444337562447,1.3572555662437553,28.573801394605375
5516,32.0,43.39224703652752,43.39224703652752,11.392247036527522,35.600771989148505
1153,6.3,5.430121498491769,5.430121498491769,0.8698785015082304,13.807595262035404
6685,15.7,16.980765603445906,16.980765603445906,1.2807656034459072,8.15774269710769
7286,6.6,7.1621053922197,7.1621053922197,0.5621053922197001,8.516748366965155
6854,21.69,22.054464841342163,22.054464841342163,0.36446484134216206,1.6803358291478192
1606,6.4,7.210347708487017,7.210347708487017,0.8103477084870168,12.661682945109638
324,23.9,29.365581332034537,29.365581332034537,5.465581332034539,22.86854113821983
2083,7.99,6.2418469341903355,6.2418469341903355,1.7481530658096647,21.879262400621585
2687,10.8,9.530061151016014,9.530061151016014,1.269938848983987,11.758693046148027
6858,35.35,31.99310720892869,31.99310720892869,3.35689279107131,9.49616065366707
586,7.89,5.834317373312728,5.834317373312728,2.055682626687272,26.054279172208773
4125,9.8,13.034745911391651,13.034745911391651,3.2347459113916504,33.007611340731124
3245,8.99,11.408205881931817,11.408205881931817,2.418205881931817,26.898841845737675
4556,4.4,6.263767620496045,6.263767620496045,1.863767620496045,42.358355011273744
706,24.9,23.256783323965408,23.256783323965408,1.6432166760345908,6.599263759175064
1978,6.4,6.341899103764802,6.341899103764802,0.05810089623519854,0.9078265036749772
4160,7.4,2.993204767814604,2.993204767814604,4.406795232185397,59.551286921424285
4995,4.39,3.342077645833985,3.342077645833985,1.0479223541660145,23.8706686598181
6812,9.8,10.674956751679986,10.674956751679986,0.874956751679985,8.92813011918352
6202,17.34,16.586828759092096,16.586828759092096,0.7531712409079034,4.343548102121704
5939,27.79,24.424744111979262,24.424744111979262,3.3652558880207373,12.10959297596523
6218,29.3,24.042580528312435,24.042580528312435,5.257419471687566,17.943411166169167
4453,9.5,8.397540045964512,8.397540045964512,1.1024599540354885,11.604841621426194
3801,8.9,9.482668281929076,9.482668281929076,0.5826682819290756,6.54683462841658
2572,56.99,30.098498296671472,30.098498296671472,26.89150170332853,47.18635147100987
208,2.25,4.41336947582269,4.41336947582269,2.16336947582269,96.14975448100844
3682,29.8,22.34999844060939,22.34999844060939,7.450001559390611,25.0000052328544
747,2.5,4.248198526162981,4.248198526162981,1.748198526162981,69.92794104651925
5101,9.9,6.661744558183856,6.661744558183856,3.238255441816144,32.7096509274358
6260,40.99,40.507491404719325,40.507491404719325,0.48250859528067735,1.1771373390599593
798,5.0,3.6996473478763012,3.6996473478763012,1.3003526521236988,26.007053042473977
88,6.99,10.615552465633261,10.615552465633261,3.6255524656332607,51.867703371005156
734,1.7,4.9763920898045715,4.9763920898045715,3.2763920898045713,192.72894645909244
1221,4.8,8.35801414298797,8.35801414298797,3.558014142987971,74.12529464558273
3574,14.5,9.415085104139202,9.415085104139202,5.084914895860798,35.06837859214343
1480,6.9,6.021120170574811,6.021120170574811,0.8788798294251894,12.737388832249122
3936,10.49,20.33674870527083,20.33674870527083,9.846748705270828,93.86795715224812
6199,28.99,23.818590034106915,23.818590034106915,5.171409965893083,17.83859939942423
852,13.5,11.038665787992212,11.038665787992212,2.461334212007788,18.23210527413176
486,7.89,6.371776477951881,6.371776477951881,1.5182235220481184,19.242376705299346
2678,3.6,4.273367632333255,4.273367632333255,0.6733676323332545,18.704656453701514
3195,4.0,4.370708799613814,4.370708799613814,0.37070879961381387,9.267719990345347
1430,8.4,8.796331985711998,8.796331985711998,0.39633198571199735,4.718237925142826
1536,14.9,18.49363548405117,18.49363548405117,3.593635484051168,24.118358953363543
1891,6.0,8.988385834471647,8.988385834471647,2.9883858344716465,49.80643057452745
6513,39.99,20.920142801818983,20.920142801818983,19.06985719818102,47.6865646366117
1919,5.6,8.133304155208357,8.133304155208357,2.5333041552083575,45.23757420014925
4302,14.8,15.819441466963033,15.819441466963033,1.0194414669630323,6.888118020020488
198,5.0,4.478393872028523,4.478393872028523,0.5216061279714772,10.432122559429544
4629,6.6,5.6960253778111145,5.6960253778111145,0.9039746221888851,13.69658518468008
2882,3.85,8.57380643312255,8.57380643312255,4.723806433122551,122.69627099019613
1057,8.9,9.415085104139202,9.415085104139202,0.5150851041392013,5.787473080215745
73,7.0,8.60374725488909,8.60374725488909,1.6037472548890896,22.91067506984414
548,27.8,23.552282799603468,23.552282799603468,4.247717200396533,15.279558274807673
6352,13.69,15.997062370150566,15.997062370150566,2.3070623701505664,16.852172170566593
2963,4.0,5.560732467477639,5.560732467477639,1.5607324674776386,39.01831168694096
6569,27.3,36.352710049504815,36.352710049504815,9.052710049504814,33.160110071446205
1512,34.99,19.085866738700574,19.085866738700574,15.904133261299428,45.453367422976356
3912,10.9,10.015867262795709,10.015867262795709,0.8841327372042915,8.111309515635702
1582,1.9,2.9157342426630337,2.9157342426630337,1.0157342426630338,53.45969698226494
6697,15.44,18.54518383621267,18.54518383621267,3.105183836212669,20.11129427598879
5822,10.08,10.182161840016425,10.182161840016425,0.10216184001642503,1.0135103176232643
2865,6.9,6.232718460631931,6.232718460631931,0.6672815393680693,9.670746947363323
3647,10.8,10.340767199080242,10.340767199080242,0.45923280091975904,4.252155564071843
5349,20.499,13.76877902401133,13.76877902401133,6.730220975988669,32.8319477827634
4428,3.0,3.467475452726532,3.467475452726532,0.4674754527265321,15.582515090884405
6213,25.55,21.415620203946332,21.415620203946332,4.134379796053668,16.1815256205623
4359,28.8,30.680762499870987,30.680762499870987,1.8807624998709862,6.5304253467742575
1452,3.6,6.862558022404717,6.862558022404717,3.262558022404717,90.62661173346436
7037,24.89,21.577720731722703,21.577720731722703,3.3122792682772975,13.307670824738038
2020,1.9,2.6364736552555406,2.6364736552555406,0.7364736552555406,38.76177132923898
4903,29.49,28.843226813108313,28.843226813108313,0.6467731868916857,2.193194936899579
5220,6.9,5.6960253778111145,5.6960253778111145,1.2039746221888858,17.448907567954866
6818,12.35,15.562088632814156,15.562088632814156,3.2120886328141562,26.008814840600458
4814,10.0,14.331974076162895,14.331974076162895,4.331974076162895,43.31974076162896
5267,8.8,9.217262987518275,9.217262987518275,0.4172629875182743,4.741624858162207
2098,9.2,13.464977805534417,13.464977805534417,4.264977805534418,46.358454407982805
1880,13.5,9.951510697973388,9.951510697973388,3.5484893020266117,26.285105940937864
937,9.5,8.737860487285088,8.737860487285088,0.7621395127149118,8.022521186472757
7120,29.999,27.990695078404645,27.990695078404645,2.0083049215953537,6.694572891080881
2855,13.5,12.605587657477143,12.605587657477143,0.8944123425228572,6.625276611280423
6139,14.99,19.329297680706595,19.329297680706595,4.339297680706595,28.947949837935926
5985,12.49,13.312987226199056,13.312987226199056,0.8229872261990554,6.589169144908371
1295,7.0,10.83827372882117,10.83827372882117,3.8382737288211697,54.83248184030243
1175,45.9,34.593234791543935,34.593234791543935,11.306765208456063,24.633475399686414
2197,5.5,4.5356516061702585,4.5356516061702585,0.9643483938297415,17.533607160540754
2614,41.9,35.792821838597774,35.792821838597774,6.107178161402224,14.575604203823925
6148,27.36,19.219985924093503,19.219985924093503,8.140014075906496,29.75151343533076
4335,4.0,8.141592804433238,8.141592804433238,4.1415928044332375,103.53982011083093
4914,11.5,10.307724701783792,10.307724701783792,1.1922752982162077,10.367611288836589
1321,7.2,5.748721873793693,5.748721873793693,1.451278126206307,20.156640641754265
1181,12.79,15.10600513536588,15.10600513536588,2.316005135365881,18.10793694578484
6150,22.799,23.640694063807608,23.640694063807608,0.8416940638076085,3.691802551899682
3438,12.6,9.027524801597343,9.027524801597343,3.572475198402657,28.35297776510045
6343,34.99,27.65278920738026,27.65278920738026,7.337210792619743,20.96945067910758
4301,12.6,10.307724701783792,10.307724701783792,2.2922752982162073,18.192661096954026
620,7.9,7.632049348905437,7.632049348905437,0.26795065109456306,3.391780393602064
6864,24.89,23.74687371822359,23.74687371822359,1.1431262817764107,4.592713064589838
5159,16.0,11.969662797785464,11.969662797785464,4.030337202214536,25.18960751384085
2492,15.5,10.93736322199014,10.93736322199014,4.5626367780098604,29.436366309741036
478,14.0,15.833467225388613,15.833467225388613,1.8334672253886133,13.096194467061522
3968,5.3,7.713356475975668,7.713356475975668,2.413356475975668,45.535027848597515
2276,3.7,6.14277519478884,6.14277519478884,2.4427751947888394,66.02095121050917
5227,6.9,8.452700921566342,8.452700921566342,1.5527009215663412,22.502911906758566
1897,12.5,5.097228299989228,5.097228299989228,7.402771700010772,59.22217360008617
7044,14.766,14.359827707139804,14.359827707139804,0.4061722928601963,2.7507266210225945
2206,1.4,0.8005133578884728,0.8005133578884728,0.5994866421115271,42.82047443653765
1033,4.5,5.6698902476371185,5.6698902476371185,1.1698902476371185,25.99756105860263
5948,10.59,7.615589768012467,7.615589768012467,2.974410231987533,28.086971029155173
286,12.3,19.528355674291948,19.528355674291948,7.228355674291947,58.767119303186554
550,3.2,3.17868546776636,3.17868546776636,0.021314532233640104,0.6660791323012533
7008,10.099,10.42592693516648,10.42592693516648,0.32692693516647964,3.2372208651003036
5668,25.79,30.446960961595423,30.446960961595423,4.6569609615954235,18.057235213630957
5015,2.5,3.0468965152414,3.0468965152414,0.5468965152414,21.875860609656
2825,12.5,11.921851584722543,11.921851584722543,0.5781484152774574,4.625187322219659
1055,10.799,10.707034401179213,10.707034401179213,0.09196559882078681,0.8516121753938958
2091,6.5,5.774734603754369,5.774734603754369,0.7252653962456312,11.157929173009713
6540,25.79,22.054464841342163,22.054464841342163,3.735535158657836,14.484432565559658
2571,3.5,3.9331658775237366,3.9331658775237366,0.4331658775237366,12.376167929249617
1677,10.3,7.958143509987924,7.958143509987924,2.341856490012077,22.73647077681628
1174,1.8,2.131581631851485,2.131581631851485,0.33158163185148504,18.421201769526945
6021,78.2,69.0713705748518,69.0713705748518,9.128629425148205,11.673439162593612
5916,12.54,21.762506939741492,21.762506939741492,9.222506939741493,73.54471243812993
5389,3.9,4.562715379439758,4.562715379439758,0.6627153794397578,16.992702036916864
2087,14.0,14.117713381110706,14.117713381110706,0.11771338111070584,0.8408098650764704
1370,46.5,30.098498296671472,30.098498296671472,16.401501703328528,35.27204667382479
6314,16.899,16.81510292334632,16.81510292334632,0.08389707665368107,0.4964617826716437
2934,5.0,6.056042255490452,6.056042255490452,1.0560422554904516,21.120845109809032
3107,16.99,15.083794732483627,15.083794732483627,1.9062052675163716,11.21957191004339
1188,7.8,5.966837558873362,5.966837558873362,1.833162441126638,23.50208257854664
2029,6.699999,8.217246693368383,8.217246693368383,1.5172476933683825,22.645491340646206
4209,4.888888,6.285198055536259,6.285198055536259,1.3963100555362598,28.560892692494892
5027,4.5,5.55824325218773,5.55824325218773,1.0582432521877303,23.516516715282894
7009,23.5,28.183425294254178,28.183425294254178,4.683425294254178,19.92946933725182
7093,40.9,43.3731553870111,43.3731553870111,2.4731553870111043,6.046834687068714
3956,7.2,12.366486550775678,12.366486550775678,5.166486550775677,71.75675764966218
833,9.0,7.614110006993941,7.614110006993941,1.3858899930060593,15.398777700067326
1393,5.4,7.894879334537939,7.894879334537939,2.4948793345379388,46.20146915810997
549,24.9,22.006019979027723,22.006019979027723,2.8939800209722755,11.622409722780223
1020,5.5,5.8091425074514,5.8091425074514,0.3091425074513996,5.6207728627527205
248,3.6,4.41413693777029,4.41413693777029,0.8141369377702898,22.614914938063606
2648,6.5,4.826355432309797,4.826355432309797,1.6736445676902028,25.74837796446466
296,6.3,6.894705434011134,6.894705434011134,0.594705434011134,9.439768793827524
1559,7.39,4.956150216903271,4.956150216903271,2.4338497830967283,32.93436783622095
1563,12.8,11.054126258174168,11.054126258174168,1.7458737418258323,13.639638608014316
6766,13.69,14.729204822466313,14.729204822466313,1.0392048224663135,7.590977519841589
3260,9.7,11.61488942033937,11.61488942033937,1.914889420339371,19.741128044735785
100,1.4,0.9665239319964415,0.9665239319964415,0.4334760680035584,30.962576285968463
4204,43.5,36.52304389826527,36.52304389826527,6.976956101734729,16.038979544217767
3197,7.0,6.110611363324366,6.110611363324366,0.8893886366756343,12.705551952509062
2937,17.5,18.36650178775432,18.36650178775432,0.86650178775432,4.951438787167542
7017,15.99,13.37913115322527,13.37913115322527,2.6108688467747303,16.32813537695266
1499,6.0,6.251101767028951,6.251101767028951,0.2511017670289508,4.185029450482514
4872,7.0,8.504258217804521,8.504258217804521,1.5042582178045212,21.48940311149316
1656,5.0,5.748721873793693,5.748721873793693,0.7487218737936931,14.974437475873865
6788,13.29,15.305490889235344,15.305490889235344,2.0154908892353447,15.16546944496121
346,4.0,4.41413693777029,4.41413693777029,0.4141369377702899,10.353423444257249
1718,7.5,8.155054153811683,8.155054153811683,0.6550541538116832,8.734055384155775
1665,1.7,2.287562302526016,2.287562302526016,0.5875623025260162,34.562488383883306
681,6.0,6.131961029446321,6.131961029446321,0.13196102944632138,2.199350490772023
6514,69.99,45.56816652855718,45.56816652855718,24.421833471442817,34.89331829038837
3898,3.9,5.493148024942681,5.493148024942681,1.5931480249426815,40.849949357504656
6186,20.45,21.87300312142798,21.87300312142798,1.423003121427982,6.958450471530473
6408,54.999,48.15717110446379,48.15717110446379,6.84182889553621,12.439915081249131
7289,23.79,25.37835953941423,25.37835953941423,1.5883595394142311,6.676584865129177
5761,17.75,17.27937296125291,17.27937296125291,0.47062703874708944,2.651419936603321
7063,49.59,46.3279581127134,46.3279581127134,3.262041887286607,6.5780235678294146
1793,3.8,6.524156543874831,6.524156543874831,2.724156543874831,71.68833010196924
3542,5.9,8.062555135423022,8.062555135423022,2.1625551354230215,36.653476871576636
6741,18.8,19.257603409514044,19.257603409514044,0.4576034095140429,2.4340606889044833
1706,6.2,7.85180553465161,7.85180553465161,1.6518055346516096,26.642024752445316
1414,5.6,5.330930500877002,5.330930500877002,0.26906949912299805,4.8048124843392515
4761,2.9,3.5786779165934712,3.5786779165934712,0.6786779165934713,23.40268677908522
3066,8.8,5.8091425074514,5.8091425074514,2.990857492548601,33.987016960779556
2991,8.0,7.578694130706381,7.578694130706381,0.4213058692936187,5.2663233661702336
6041,9.75,15.243425912371562,15.243425912371562,5.493425912371562,56.34282987047755
84,37.9,35.43871935134188,35.43871935134188,2.461280648658118,6.494144191710073
5327,9.5,7.867717389893616,7.867717389893616,1.632282610106384,17.181922211646146
3207,9.0,11.626801264669554,11.626801264669554,2.626801264669554,29.1866807185506
5025,3.99,4.34831604035742,4.34831604035742,0.35831604035741993,8.980351888657141
1561,1.2,3.3632195758179817,3.3632195758179817,2.1632195758179815,180.2682979848318
6072,8.39,38.65067580000181,38.65067580000181,30.260675800001806,360.6755160906055
2948,8.9,11.367672056515088,11.367672056515088,2.467672056515088,27.726652320394248
3528,7.8,7.894879334537939,7.894879334537939,0.09487933453793929,1.2164017248453756
1297,5.0,5.834317373312728,5.834317373312728,0.8343173733127278,16.686347466254556
4866,8.499,8.543957234401168,8.543957234401168,0.04495723440116706,0.5289708718810101
6289,13.28,15.145565324530992,15.145565324530992,1.8655653245309924,14.047931660624943
4506,14.2,13.176093021045384,13.176093021045384,1.0239069789546154,7.210612527849404
1912,18.5,15.666248468829428,15.666248468829428,2.833751531170572,15.317575844165255
6456,79.99,46.86436376752907,46.86436376752907,33.125636232470924,41.41222181831595
5998,9.494,8.77802902424782,8.77802902424782,0.7159709757521799,7.541299512873183
6127,18.99,18.149515720547036,18.149515720547036,0.8404842794529621,4.42593090812513
6875,44.199,26.916404288633903,26.916404288633903,17.282595711366096,39.10177993023846
1817,12.2,9.796195511418501,9.796195511418501,2.403804488581498,19.703315480176215
3722,7.6,8.92662153138857,8.92662153138857,1.3266215313885699,17.455546465639078
5451,9.79,10.632876583099865,10.632876583099865,0.8428765830998657,8.609566732378608
6187,36.99,35.58723192226232,35.58723192226232,1.402768077737683,3.792290018214876
7164,8.99,11.432752668191906,11.432752668191906,2.442752668191906,27.17188729913132
3089,1.2,2.189039314002437,2.189039314002437,0.9890393140024372,82.41994283353642
4845,6.0,5.737846587712775,5.737846587712775,0.26215341228722533,4.369223538120423
3142,3.2,1.9022150932150286,1.9022150932150286,1.2977849067849716,40.55577833703036
1623,5.5,5.5465636484083625,5.5465636484083625,0.04656364840836247,0.846611789242954
6834,18.38,18.97326928933454,18.97326928933454,0.5932692893345397,3.2277980921356897
5459,16.79,24.350205199822177,24.350205199822177,7.560205199822178,45.028023822645494
5605,47.95,43.774763785117784,43.774763785117784,4.175236214882219,8.707479071704313
6392,26.4,28.085505216862746,28.085505216862746,1.6855052168627473,6.384489457813437
1199,2.0,2.9868489907529203,2.9868489907529203,0.9868489907529203,49.34244953764602
373,6.0,4.083445681217372,4.083445681217372,1.9165543187826284,31.942571979710472
2457,5.7,5.748721873793693,5.748721873793693,0.04872187379369297,0.854769715678824
5260,4.99,4.956150216903271,4.956150216903271,0.033849783096728814,0.678352366667912
3819,21.09,21.68262684407402,21.68262684407402,0.5926268440740188,2.8099897774965332
7284,23.3,32.3110803105519,32.3110803105519,9.0110803105519,38.674164422969525
1317,8.0,9.660249413419011,9.660249413419011,1.6602494134190113,20.75311766773764
1446,13.0,15.196322844679292,15.196322844679292,2.196322844679292,16.89479111291763
3799,18.9,19.17397704626283,19.17397704626283,0.27397704626283215,1.4496140013906464
3482,3.7,4.304951282831441,4.304951282831441,0.6049512828314407,16.35003467112002
1488,6.399,6.638800348577292,6.638800348577292,0.23980034857729216,3.7474659880808274
4486,4.0,4.804714853338785,4.804714853338785,0.8047148533387851,20.11787133346963
6067,102.0,73.94756828860437,73.94756828860437,28.052431711395627,27.502384030780025
812,5.123,4.172512644350372,4.172512644350372,0.9504873556496278,18.55333507026406
3580,34.5,24.210656850076298,24.210656850076298,10.289343149923702,29.824183043257108
4317,3.95,2.71577712463087,2.71577712463087,1.23422287536913,31.24614874352228
3366,3.9,2.99819053683067,2.99819053683067,0.9018094631693301,23.123319568444362
3651,4.0,4.181652038257122,4.181652038257122,0.18165203825712162,4.54130095642804
6684,40.5,32.65134134409752,32.65134134409752,7.848658655902483,19.379404088648105
1511,3.5,2.762832092836074,2.762832092836074,0.7371679071639261,21.0619402046836
7149,18.29,21.118055975450158,21.118055975450158,2.828055975450159,15.462307137507702
1801,3.4,2.990982179519075,2.990982179519075,0.40901782048092494,12.029935896497793
4516,4.6,5.748721873793693,5.748721873793693,1.1487218737936935,24.972214647688993
921,7.8,8.984093531633501,8.984093531633501,1.1840935316335015,15.18068630299361
322,15.0,15.4548272003277,15.4548272003277,0.4548272003276992,3.0321813355179947
3838,2.5,2.8819155424453684,2.8819155424453684,0.3819155424453684,15.276621697814734
5634,27.49,27.956922221197367,27.956922221197367,0.46692222119736826,1.698516628582642
7262,9.08,14.450317613314287,14.450317613314287,5.3703176133142865,59.14446710698553
4402,6.85,6.730639969285945,6.730639969285945,0.11936003071405477,1.7424822002051792
6217,10.45,10.56402277330932,10.56402277330932,0.11402277330932087,1.0911270173140755
1569,5.9,7.827879100596335,7.827879100596335,1.9278791005963347,32.67591695925991
4661,17.5,15.95184229319446,15.95184229319446,1.54815770680554,8.84661546746023
231,12.9,10.775317058448957,10.775317058448957,2.1246829415510433,16.47041039962049
1545,1.8,3.2354385916051234,3.2354385916051234,1.4354385916051233,79.74658842250685
1420,1.0,2.6243521937077925,2.6243521937077925,1.6243521937077925,162.43521937077924
1079,5.9,8.9871787958112,8.9871787958112,3.0871787958112,52.32506433578305
3103,7.9,6.869921175898683,6.869921175898683,1.0300788241013175,13.038972456978701
1115,4.75,6.234434230558426,6.234434230558426,1.484434230558426,31.251246959124757
6946,14.45,12.71276336971506,12.71276336971506,1.73723663028494,12.022398825501316
1941,10.9,9.796195511418501,9.796195511418501,1.103804488581499,10.126646684233936
1867,10.95,8.66528947885741,8.66528947885741,2.284710521142589,20.86493626614237
2586,6.65,8.719776507532679,8.719776507532679,2.069776507532678,31.124458759889894
2751,11.5,9.219322017275886,9.219322017275886,2.2806779827241144,19.83198245847056
1425,9.59,8.737860487285088,8.737860487285088,0.8521395127149116,8.885709204535054
5395,14.5,13.448817185404144,13.448817185404144,1.0511828145958564,7.249536652385216
4053,32.5,25.37019633075832,25.37019633075832,7.1298036692416815,21.93785744382056
7283,16.95,18.12061278293348,18.12061278293348,1.1706127829334818,6.906270105802253
4333,4.49,7.828442878940198,7.828442878940198,3.3384428789401976,74.35284808330061
1618,9.0,13.676329572432666,13.676329572432666,4.676329572432666,51.95921747147406
2402,16.8,15.668366262971247,15.668366262971247,1.1316337370287535,6.735915101361628
265,15.3,14.901795209062625,14.901795209062625,0.3982047909373758,2.6026456924011487
0,9.99,8.737860487285088,8.737860487285088,1.252139512714912,12.533929056205325
4015,16.5,12.97889002706371,12.97889002706371,3.5211099729362907,21.340060442038126
5187,3.5,3.677514728588483,3.677514728588483,0.17751472858848283,5.0718493882423665
838,1.2,2.540353497659152,2.540353497659152,1.3403534976591522,111.69612480492937
14,21.9,15.828652127740009,15.828652127740009,6.07134787225999,27.723049645022783
3263,2.6,2.4335085461862196,2.4335085461862196,0.1664914538137805,6.403517454376173
4912,21.0,13.636029915987246,13.636029915987246,7.363970084012754,35.06652420958454
6477,29.155,38.01101467589699,38.01101467589699,8.856014675896986,30.37562914044584
8,16.5,14.598693874156204,14.598693874156204,1.9013061258437958,11.523067429356338
1039,8.5,13.57262738486886,13.57262738486886,5.072627384868859,59.677969233751284
2759,11.9,10.340767199080242,10.340767199080242,1.5592328009197587,13.102796646384526
3992,15.5,14.485470818201975,14.485470818201975,1.014529181798025,6.545349559987258
6472,12.99,21.31807726126964,21.31807726126964,8.32807726126964,64.11144927844218
4141,32.79,29.156808205316192,29.156808205316192,3.633191794683807,11.080182356461748
6629,18.1,19.71203297325411,19.71203297325411,1.6120329732541094,8.906259520740935
339,4.1,3.398543677402932,3.398543677402932,0.7014563225970676,17.10869079505043
1956,3.3,4.034947625033155,4.034947625033155,0.734947625033155,22.27114015251985
4220,6.5,5.762114670126587,5.762114670126587,0.7378853298734134,11.352081998052514
2770,29.999999,12.500775632300064,12.500775632300064,17.499223367699933,58.330746503358
1090,23.5,25.404544996520727,25.404544996520727,1.9045449965207268,8.10444679370522
4512,8.999,6.235685398880874,6.235685398880874,2.7633146011191263,30.706907446595466
1883,6.0,7.722524195261811,7.722524195261811,1.722524195261811,28.708736587696855
622,5.3,7.354015153212859,7.354015153212859,2.054015153212859,38.75500289080866
7220,12.5,15.40504800467318,15.40504800467318,2.90504800467318,23.24038403738544
5192,3.8,8.35801414298797,8.35801414298797,4.558014142987971,119.9477406049466
5045,2.8,7.609079564317796,7.609079564317796,4.809079564317797,171.75284158277847
4331,16.5,19.39994823132343,19.39994823132343,2.8999482313234317,17.575443826202616
4952,4.7,3.209036191422566,3.209036191422566,1.4909638085774342,31.722634225051788
3032,8.4,6.2655300850156,6.2655300850156,2.1344699149844004,25.41035613076667
4568,5.999,5.757850347352098,5.757850347352098,0.241149652647902,4.019830849273246
889,4.5,7.836995194128278,7.836995194128278,3.336995194128278,74.15544875840617
1507,3.1,2.0142436276746123,2.0142436276746123,1.0857563723253878,35.02439910727057
3688,10.0,7.963529165166643,7.963529165166643,2.0364708348333567,20.364708348333565
196,1.9,0.5637917788990271,0.5637917788990271,1.3362082211009727,70.32674847899857
5533,12.99,15.258698084709046,15.258698084709046,2.2686980847090457,17.464958311847926
3980,11.2,13.318001230443736,13.318001230443736,2.1180012304437366,18.91072527181908
2789,3.8,3.774297130169516,3.774297130169516,0.025702869830483976,0.6763913113285257
6575,38.0,17.231327970907124,17.231327970907124,20.768672029092876,54.65440007656021
4236,21.5,12.98092684518324,12.98092684518324,8.51907315481676,39.62359606891517
432,4.2,7.438031231153747,7.438031231153747,3.238031231153747,77.09598169413682
2598,10.9,11.354500766142333,11.354500766142333,0.45450076614233303,4.169731799470945
6091,28.99,22.617472986934054,22.617472986934054,6.372527013065945,21.981811014370283
1694,23.5,25.91335457552007,25.91335457552007,2.4133545755200707,10.269593938383279
5357,29.9,31.28800422699206,31.28800422699206,1.388004226992063,4.642154605324626
1108,13.9,16.664949650451586,16.664949650451586,2.7649496504515856,19.89172410396824
6353,37.5,43.51086801864135,43.51086801864135,6.010868018641347,16.028981383043593
6690,60.89,44.9459757219422,44.9459757219422,15.944024278057803,26.1849635047755
6262,110.99,94.43447021051512,94.43447021051512,16.55552978948488,14.916235507239284
4825,1.65,3.525254384613862,3.525254384613862,1.875254384613862,113.65178088568861
1277,4.6,4.92802715502101,4.92802715502101,0.32802715502101076,7.131025109152408
1195,5.9,5.909794897114114,5.909794897114114,0.009794897114113965,0.16601520532396552
6062,18.19,27.388975060058787,27.388975060058787,9.198975060058785,50.57160560779981
604,9.0,8.723016588732733,8.723016588732733,0.2769834112672669,3.0775934585251874
3742,6.2,4.677457037596611,4.677457037596611,1.5225429624033895,24.55714455489338
1593,17.9,19.043718016567286,19.043718016567286,1.1437180165672878,6.389486126074234
1219,19.4,22.12245304614271,22.12245304614271,2.7224530461427108,14.033263124446963
2229,7.0,7.992151321030146,7.992151321030146,0.9921513210301462,14.17359030043066
4519,4.1,3.5574959776393253,3.5574959776393253,0.5425040223606743,13.231805423431082
1652,3.3,3.6447031042048157,3.6447031042048157,0.34470310420481587,10.445548612267148
4657,5.9,7.707303954002738,7.707303954002738,1.8073039540027374,30.632270406826056
4865,5.9,3.7657652817318565,3.7657652817318565,2.134234718268144,36.17346980115498
6264,11.09,9.946192999768659,9.946192999768659,1.143807000231341,10.313859334818224
4955,38.0,34.818925279894046,34.818925279894046,3.181074720105954,8.371249263436722
1158,12.0,10.266996161951676,10.266996161951676,1.7330038380483241,14.441698650402701
4818,10.8,10.93535897036219,10.93535897036219,0.1353589703621889,1.2533237996498974
3256,8.8,8.426897060890632,8.426897060890632,0.3731029391093692,4.239806126242832
5728,38.699,41.80451839131471,41.80451839131471,3.1055183913147104,8.024802685637123
4650,17.5,19.528355674291948,19.528355674291948,2.028355674291948,11.590603853096844
7219,15.49,19.032484084121126,19.032484084121126,3.542484084121126,22.86949053661153
5702,14.19,13.291730210166083,13.291730210166083,0.8982697898339165,6.330301549217171
2807,4.59,3.347208470236166,3.347208470236166,1.2427915297638337,27.076068186575895
2851,8.6,13.067656529666552,13.067656529666552,4.467656529666552,51.94949453100642
4559,10.49,9.068036069793527,9.068036069793527,1.4219639302064735,13.555423548202796
2995,6.5,8.100512012486703,8.100512012486703,1.6005120124867034,24.623261730564668
904,5.95,4.506730806616353,4.506730806616353,1.4432691933836468,24.256625098884818
6841,21.169,20.515293689950987,20.515293689950987,0.6537063100490137,3.088035854546807
2357,23.8,23.516914046062794,23.516914046062794,0.28308595393720637,1.189436781248766
3383,12.8,11.245268359589849,11.245268359589849,1.5547316404101519,12.146340940704311
3470,9.0,14.556094715823088,14.556094715823088,5.556094715823088,61.734385731367645
1616,7.8,8.737860487285088,8.737860487285088,0.9378604872850884,12.023852401090878
3575,5.8,6.33696743383361,6.33696743383361,0.5369674338336106,9.258059204027768
6977,26.95,20.777473587111274,20.777473587111274,6.172526412888725,22.903623053390447
5006,10.9,9.482668281929076,9.482668281929076,1.4173317180709244,13.003043285054353
3820,3.65,3.9378957393213243,3.9378957393213243,0.2878957393213244,7.887554501954093
1860,7.5,5.794240192298211,5.794240192298211,1.7057598077017886,22.743464102690513
2088,4.99,3.9306242563083305,3.9306242563083305,1.0593757436916698,21.229974823480354
7077,27.52,23.056635474192845,23.056635474192845,4.463364525807155,16.218621096682977
6930,27.699,25.915112443910726,25.915112443910726,1.783887556089276,6.440259778653655
5213,4.1,8.02289951449271,8.02289951449271,3.922899514492711,95.68047596323686
2251,3.2,2.221090987555093,2.221090987555093,0.9789090124449071,30.59090663890335
3784,14.0,18.03372471348319,18.03372471348319,4.033724713483188,28.81231938202277
3127,6.5,5.8091425074514,5.8091425074514,0.6908574925486004,10.628576808440005
254,11.7,8.984093531633501,8.984093531633501,2.715906468366498,23.212875798004255
6705,16.78,16.382296281026367,16.382296281026367,0.3977037189736343,2.370105595790431
4989,2.999999,4.41413693777029,4.41413693777029,1.41413793777029,47.137946971658664
221,14.85,14.556370002286716,14.556370002286716,0.2936299977132837,1.9773063819076342
267,2.9,3.2936004011707025,3.2936004011707025,0.3936004011707026,13.572427626575953
107,8.1,5.800014033892995,5.800014033892995,2.2999859661070046,28.39488847045685
4800,5.5,4.263670557978541,4.263670557978541,1.236329442021459,22.478717127662893
1226,5.4,7.925092044696247,7.925092044696247,2.5250920446962466,46.76096379067123
4938,4.9,5.998212034332694,5.998212034332694,1.0982120343326933,22.412490496585576
3418,9.5,8.71735985967315,8.71735985967315,0.7826401403268495,8.238317266598417
4154,8.5,6.3787297794758535,6.3787297794758535,2.1212702205241465,24.956120241460546
1758,6.99,8.277143570601465,8.277143570601465,1.2871435706014651,18.414071110178327
2284,9.99,8.770672111668759,8.770672111668759,1.2193278883312413,12.205484367680093
2526,3.3,4.04534502069608,4.04534502069608,0.7453450206960799,22.58621274836606
4004,15.0,7.75618747582994,7.75618747582994,7.24381252417006,48.29208349446707
1210,15.5,24.78451339762034,24.78451339762034,9.28451339762034,59.90008643626026
6664,11.5,14.88599332440133,14.88599332440133,3.38599332440133,29.44342021218548
2464,13.6,12.06491019053898,12.06491019053898,1.5350898094610201,11.287425069566325
4240,13.5,13.19058673414108,13.19058673414108,0.30941326585891993,2.2919501174734807
4198,14.5,12.97313019217785,12.97313019217785,1.52686980782215,10.530136605670002
376,4.5,3.9798609206951427,3.9798609206951427,0.5201390793048573,11.558646206774606
755,1.8,2.726956005084756,2.726956005084756,0.9269560050847561,51.497555838042
291,12.49,13.4394263344907,13.4394263344907,0.949426334490699,7.601491869421128
5091,1.7,4.153632342727556,4.153632342727556,2.4536323427275555,144.3313142780915
1465,1.35,2.97100916684051,2.97100916684051,1.6210091668405098,120.074753099297
188,4.7,6.089816553432178,6.089816553432178,1.389816553432178,29.57056496664208
1870,33.0,17.905555554111974,17.905555554111974,15.094444445888026,45.74074074511523
1201,8.7,10.270509328277956,10.270509328277956,1.5705093282779572,18.05183135951675
1649,4.0,3.8065581333347493,3.8065581333347493,0.19344186666525065,4.836046666631266
6030,128.96,134.35183473402972,134.35183473402972,5.391834734029715,4.181013286313364
3706,30.49,26.51886648229195,26.51886648229195,3.971133517708047,13.024380182709242
4176,6.5,6.486524207737729,6.486524207737729,0.01347579226227058,0.20731988095800893
501,10.0,10.64011753788376,10.64011753788376,0.6401175378837607,6.401175378837606
6193,26.99,22.25391108202162,22.25391108202162,4.736088917978378,17.547569166277803
2605,5.5,6.234434230558426,6.234434230558426,0.7344342305584259,13.353349646516834
6874,64.89,72.50191898019335,72.50191898019335,7.611918980193352,11.730496193856297
3312,23.5,18.78397324405652,18.78397324405652,4.716026755943481,20.068198961461622
2812,6.5,6.221567242274593,6.221567242274593,0.2784327577254073,4.28358088808319
4763,5.5,7.926334016975437,7.926334016975437,2.426334016975437,44.11516394500794
6753,76.79,48.96698193197241,48.96698193197241,27.823018068027594,36.23260589663705
672,7.9,5.8091425074514,5.8091425074514,2.0908574925486008,26.466550538589885
4766,13.8,17.100015302463785,17.100015302463785,3.300015302463784,23.913154365679592
3753,7.35,6.770116128967594,6.770116128967594,0.5798838710324059,7.8895764766313725
1374,12.8,12.593465411209,12.593465411209,0.20653458879100128,1.6135514749296975
7043,23.99,26.313610427810136,26.313610427810136,2.323610427810138,9.685745843310288
6988,15.58,16.6109335101605,16.6109335101605,1.0309335101604997,6.617031515792682
5718,79.99,81.51809087728171,81.51809087728171,1.5280908772817128,1.9103523906509725
1192,4.9,5.959566706293397,5.959566706293397,1.0595667062933964,21.623810332518293
3053,52.9,43.084021344292594,43.084021344292594,9.815978655707404,18.55572524708394
3950,2.8,2.3976214505103077,2.3976214505103077,0.4023785494896921,14.370662481774717
216,13.0,11.410979870683793,11.410979870683793,1.5890201293162072,12.223231763970825
4697,6.49,7.912513170324082,7.912513170324082,1.4225131703240814,21.918538833961193
421,1.2,1.7538218813280033,1.7538218813280033,0.5538218813280034,46.151823444000286
505,3.9,5.44585711659889,5.44585711659889,1.54585711659889,39.6373619640741
4836,2.9,3.596738422256938,3.596738422256938,0.6967384222569382,24.025462836446142
6453,19.9,18.735809632004646,18.735809632004646,1.164190367995353,5.850202854248005
6845,49.5,33.036636049505276,33.036636049505276,16.463363950494724,33.25932111211055
6252,20.59,25.845863472316843,25.845863472316843,5.255863472316843,25.52629175481711
506,16.3,15.196322844679292,15.196322844679292,1.1036771553207085,6.771025492765083
1807,8.9,5.988201601977534,5.988201601977534,2.9117983980224666,32.7168359328367
4436,20.89,21.583082084918043,21.583082084918043,0.6930820849180428,3.3177696740930718
1438,5.99,1.954590621505005,1.954590621505005,4.035409378494995,67.36910481627703
5520,76.49,69.43258344552586,69.43258344552586,7.0574165544741305,9.226587206790601
7069,41.599,28.79628159520667,28.79628159520667,12.802718404793328,30.77650521597473
4704,3.8,2.71718568544567,2.71718568544567,1.0828143145543296,28.49511354090341
1426,27.9,35.69155947224236,35.69155947224236,7.791559472242362,27.92673645965004
2859,7.5,6.894705434011134,6.894705434011134,0.6052945659888662,8.070594213184883
3016,5.0,4.518085843572808,4.518085843572808,0.4819141564271918,9.638283128543836
2688,20.49,19.961293540484423,19.961293540484423,0.5287064595155755,2.580314590119939
4664,12.0,4.701063330902943,4.701063330902943,7.298936669097057,60.82447224247548
2280,2.95,4.37875424421764,4.37875424421764,1.4287542442176395,48.43234726161489
347,6.5,7.200375290258164,7.200375290258164,0.7003752902581644,10.775004465510222
4320,12.99,15.230739420625255,15.230739420625255,2.240739420625255,17.249726101811046
333,11.5,6.928717885928639,6.928717885928639,4.571282114071361,39.75027925279445
4386,6.5,6.315530057913542,6.315530057913542,0.18446994208645773,2.8379991090224266
3381,7.75,6.882089346014551,6.882089346014551,0.8679106539854491,11.198847148199343
5781,18.355,23.260032802287466,23.260032802287466,4.905032802287465,26.723142480454726
6380,15.89,16.651993435698174,16.651993435698174,0.761993435698173,4.795427537433436
5832,83.49,96.58853529825889,96.58853529825889,13.098535298258895,15.688747512587012
6831,8.29,9.567338258556521,9.567338258556521,1.2773382585565223,15.408181647243937
3023,9.79,9.889235059419043,9.889235059419043,0.09923505941904409,1.0136369705724628
6726,5.65,4.88130699095849,4.88130699095849,0.7686930090415105,13.605186000734697
746,14.5,16.000472107914028,16.000472107914028,1.5004721079140282,10.348083502855367
3410,34.0,25.676484297846102,25.676484297846102,8.323515702153898,24.48092853574676
5257,5.7,5.667552116651551,5.667552116651551,0.03244788334844895,0.5692611113762973
3704,5.0,4.50468121438275,4.50468121438275,0.4953187856172496,9.906375712344992
3589,2.5,2.3709160260393927,2.3709160260393927,0.12908397396060733,5.163358958424293
5019,7.8,6.319054851086106,6.319054851086106,1.4809451489138938,18.986476268126847
4038,24.2,19.961293540484423,19.961293540484423,4.238706459515576,17.515315948411473
3608,9.3,8.990698626122642,8.990698626122642,0.3093013738773589,3.32582122448773
6968,28.59,29.74040914312126,29.74040914312126,1.1504091431212586,4.023816520186283
259,4.8,5.903306050343661,5.903306050343661,1.1033060503436616,22.98554271549295
1795,11.49,8.737860487285088,8.737860487285088,2.752139512714912,23.952476176805153
4210,20.0,16.838798310785954,16.838798310785954,3.161201689214046,15.80600844607023
3653,8.3,4.470286145477702,4.470286145477702,3.829713854522299,46.14113077737709
3265,4.59,5.8091425074514,5.8091425074514,1.2191425074513997,26.56083894229629
3246,5.0,5.916626223397675,5.916626223397675,0.9166262233976754,18.332524467953508
1730,25.0,16.37723912955877,16.37723912955877,8.62276087044123,34.49104348176492
599,11.5,15.278892789273092,15.278892789273092,3.778892789273092,32.859937298026885
45,13.0,12.765290980161186,12.765290980161186,0.23470901983881376,1.8054539987601057
4651,23.5,12.41670839150355,12.41670839150355,11.08329160849645,47.16294301487851
5070,6.0,6.152953448056376,6.152953448056376,0.15295344805637612,2.5492241342729356
4575,6.0,4.5332390684033586,4.5332390684033586,1.4667609315966414,24.44601552661069
3921,14.2,7.778954649592455,7.778954649592455,6.421045350407544,45.21862922822215
3881,2.686686,3.5966863732625662,3.5966863732625662,0.9100003732625663,33.87073790024463
6979,5.85,13.447447000559887,13.447447000559887,7.597447000559887,129.8708888984596
6997,28.9,23.316061150719786,23.316061150719786,5.583938849280212,19.321587713772363
1421,1.9,3.814506738243911,3.814506738243911,1.9145067382439112,100.76351253915323
4251,17.2,17.375384595384624,17.375384595384624,0.17538459538462448,1.0196778801431656
3529,2.3,2.16776646399482,2.16776646399482,0.13223353600517962,5.7492841741382446
6651,12.09,14.5796726909719,14.5796726909719,2.4896726909719007,20.592826228055426
6497,96.79,95.47188041488565,95.47188041488565,1.31811958511436,1.3618344716544681
7180,15.99,17.526918748396934,17.526918748396934,1.5369187483969338,9.611749520931417
3044,13.2,16.664949650451586,16.664949650451586,3.4649496504515866,26.249618564027173
1298,4.1,5.8091425074514,5.8091425074514,1.7091425074514,41.686402620765854
426,6.5,5.525431627804061,5.525431627804061,0.9745683721959386,14.99335957224521
4603,8.2,6.0187280124467595,6.0187280124467595,2.18127198755324,26.60087789699073
805,19.9,18.503029739022434,18.503029739022434,1.3969702609775645,7.019951060188767
410,7.7,11.34792377933595,11.34792377933595,3.64792377933595,47.37563349786948
6097,12.38,15.021730832317095,15.021730832317095,2.6417308323170943,21.33869816088121
3858,15.0,6.731566521441741,6.731566521441741,8.268433478558258,55.12288985705506
438,8.8,10.471216899604986,10.471216899604986,1.6712168996049854,18.99110113187483
2389,2.0,2.3032243142547975,2.3032243142547975,0.30322431425479746,15.161215712739873
4161,9.2,10.892347838650899,10.892347838650899,1.6923478386508997,18.39508520272717
434,5.8,6.232718460631931,6.232718460631931,0.4327184606319312,7.460663114343642
751,10.5,8.217246693368383,8.217246693368383,2.2827533066316175,21.74050768220588
3411,8.5,5.993170097827967,5.993170097827967,2.506829902172033,29.492116496141563
2874,6.99,5.6960253778111145,5.6960253778111145,1.2939746221888857,18.5117971700842
4383,14.6,14.486979721585772,14.486979721585772,0.11302027841422735,0.7741114959878586
2142,9.0,8.176615088088436,8.176615088088436,0.8233849119115639,9.148721243461821
6044,24.0,37.807052114350164,37.807052114350164,13.807052114350164,57.52938380979234
4937,7.5,6.661744558183856,6.661744558183856,0.8382554418161439,11.176739224215252
4856,5.9,8.775987984777734,8.775987984777734,2.8759879847777334,48.74555906402938
1049,6.0,7.514108897812505,7.514108897812505,1.5141088978125046,25.235148296875074
626,6.5,6.496276453879642,6.496276453879642,0.003723546120357746,0.057285324928580704
1926,10.2,9.890100832246405,9.890100832246405,0.30989916775359383,3.0382271348391554
1223,7.6,5.6960253778111145,5.6960253778111145,1.9039746221888851,25.05229766038007
210,7.89,10.407606994620354,10.407606994620354,2.517606994620354,31.908833898863804
2431,3.89,2.5314026137949863,2.5314026137949863,1.3585973862050138,34.925382678792126
6216,14.59,18.12043822859091,18.12043822859091,3.53043822859091,24.19765749548259
4927,16.0,17.54485688651248,17.54485688651248,1.5448568865124805,9.655355540703003
51,18.8,14.724418522045521,14.724418522045521,4.075581477954479,21.678624882736592
1109,12.5,12.79556090755085,12.79556090755085,0.2955609075508505,2.364487260406804
1436,7.2,9.744097404588993,9.744097404588993,2.5440974045889932,35.33468617484713
7277,10.49,12.985120430784038,12.985120430784038,2.495120430784038,23.785704773918376
3882,2.8,4.685762477113894,4.685762477113894,1.8857624771138939,67.34865989692479
1786,10.8,5.667552116651551,5.667552116651551,5.1324478833484495,47.52266558655972
5456,22.0,25.371389881452835,25.371389881452835,3.371389881452835,15.32449946114925
4338,6.0,5.354131726827345,5.354131726827345,0.6458682731726553,10.764471219544253
6336,19.592,24.55046183990261,24.55046183990261,4.958461839902611,25.308604736130114
1558,2.8,3.468593582832419,3.468593582832419,0.6685935828324192,23.878342244014974
2249,26.49,18.093037374164666,18.093037374164666,8.396962625835332,31.698613159061278
5044,36.0,23.955899373940234,23.955899373940234,12.044100626059766,33.45583507238824
3786,8.5,12.626363107532685,12.626363107532685,4.1263631075326845,48.54544832391394
4233,12.8,16.27307867445691,16.27307867445691,3.473078674456911,27.133427144194616
4561,13.0,8.527487795974187,8.527487795974187,4.472512204025813,34.403940030967796
3733,3.5,3.8571161660135704,3.8571161660135704,0.35711616601357044,10.203319028959156
5661,63.05,84.02112856162502,84.02112856162502,20.971128561625022,33.261107948651905
5664,70.99,69.43258344552586,69.43258344552586,1.5574165544741305,2.193853436363052
6291,8.89,8.82010521352397,8.82010521352397,0.06989478647603065,0.7862180705965202
6970,20.49,27.925796170300686,27.925796170300686,7.435796170300687,36.28987882040355
4693,29.5,13.08302181261151,13.08302181261151,16.41697818738849,55.65077351657115
3164,1.0,1.627447158403045,1.627447158403045,0.627447158403045,62.7447158403045
2112,5.4,4.972925272353005,4.972925272353005,0.4270747276469953,7.908791252722135
705,7.2,7.419145931642237,7.419145931642237,0.2191459316422364,3.0436934950310612
2943,26.5,18.78397324405652,18.78397324405652,7.716026755943481,29.11708209789993
6952,20.99,14.115313291313916,14.115313291313916,6.874686708686083,32.75219966024813
57,3.8,5.858502737014812,5.858502737014812,2.0585027370148126,54.17112465828454
4881,9.8,10.030551394749775,10.030551394749775,0.23055139474977437,2.3525652525487177
5640,17.2,24.35249534299486,24.35249534299486,7.152495342994861,41.584275249970126
527,4.5,11.683109706510594,11.683109706510594,7.183109706510594,159.62466014467986
1935,3.8,3.747995120655485,3.747995120655485,0.0520048793445147,1.3685494564345975
5058,1.95,3.4346380214873293,3.4346380214873293,1.4846380214873294,76.13528315319638
565,4.0,6.8867936854710985,6.8867936854710985,2.8867936854710985,72.16984213677746
1871,4.9,5.8013741816265325,5.8013741816265325,0.9013741816265322,18.39539146176596
6095,18.85,19.9967982591484,19.9967982591484,1.1467982591483974,6.0838103933601975
640,5.5,4.017128559536762,4.017128559536762,1.4828714404632377,26.961298917513414
5282,5.0,3.894498531985938,3.894498531985938,1.105501468014062,22.110029360281242
1747,41.0,30.218627353803072,30.218627353803072,10.781372646196928,26.296030844382752
730,6.5,8.018253873346131,8.018253873346131,1.518253873346131,23.357751897632788
