sample_id,y_true_price,raw_prediction,y_pred_price,absolute_error,absolute_percentage_error
3909,5.5,1.531902126187418,3.626969537147124,1.873030462852876,34.05509932459774
6004,37.499,3.4280940143181864,29.817848359125893,7.681151640874109,20.483617272124878
1768,27.49,2.9444026577831983,17.999309906251057,9.490690093748942,34.524154578933945
3360,7.8,2.134598570947331,7.453652284009342,0.3463477159906576,4.440355333213559
4700,12.99,2.466199327523444,10.777598883496994,2.212401116503006,17.031571335665944
865,3.5,1.4328379633279584,3.1905750306151406,0.3094249693848594,8.840713410995983
7074,52.5,3.639206030553631,37.061604974014564,15.438395025985436,29.406466716162733
2233,26.0,2.9054160375514706,17.272844260414843,8.727155739585157,33.56598361378907
1720,22.0,2.5033663968765567,11.223574177682961,10.776425822317039,48.983753737804726
1662,4.7,2.2268093681014105,8.270240916744727,3.5702409167447273,75.96257269669631
1566,11.49,2.8291880812053645,15.931708070229163,4.441708070229163,38.657163361437455
5141,3.2,1.8209832814988567,5.1779301086965805,1.9779301086965804,61.81031589676813
7264,63.86,3.999501788333341,53.57095537273077,10.289044627269227,16.11187696096027
5464,127.0,4.718492447954029,110.99928058811116,16.000719411888838,12.598991662904597
6348,31.79,3.312450552580326,26.452316455685633,5.337683544314366,16.790448393565168
6283,17.99,3.6176021453821905,36.24814501692311,18.258145016923113,101.49052260657652
6419,30.9,3.454846138885362,30.653418077398623,0.24658192260137568,0.7979997495190152
763,7.9,2.5191079301132073,11.41751443055698,3.5175144305569788,44.525499120974416
3297,4.8,1.8926829758611945,5.637152133049255,0.8371521330492548,17.440669438526143
2654,3.59,1.256861124512931,2.5143729772971377,1.0756270227028621,29.961755507043513
2189,3.1399,1.529752303639112,3.61703305836589,0.47713305836589015,15.195804272935131
3945,1.9,1.0797406135321284,1.9439158400901873,0.04391584009018734,2.3113600047467022
6006,20.04,3.2005829005213577,23.54683439030729,3.50683439030729,17.499173604327794
1197,19.8,2.4881782993827595,11.03932408737831,8.760675912621691,44.2458379425338
429,7.5,2.04791341670697,6.7517096319409715,0.7482903680590285,9.977204907453713
4271,5.7,1.8962519794985273,5.660882474802324,0.03911752519767653,0.6862723718890619
3905,5.1,2.0714508905964633,6.936329514432617,1.8363295144326175,36.006461067306226
2316,2.7,1.9304940215561444,5.8929146490079996,3.1929146490079994,118.25609811140738
4584,13.5,2.3193568929336945,9.169132361833432,4.330867638166568,32.08050102345606
7086,51.49,4.102365562166646,59.48319526066645,7.993195260666447,15.523781823007276
1992,16.5,2.737018028019407,14.440872128677853,2.059127871322147,12.47956285649786
7240,13.1,2.6740136423764755,13.498042529913333,0.398042529913333,3.0384925947582673
554,7.2,2.2880491534950496,8.855691972326962,1.655691972326962,22.995721837874473
1905,11.999,2.559614983018006,11.930837764867919,0.06816223513208186,0.5680659649310931
2034,14.5,2.5913395133384753,12.347638974176348,2.1523610258236516,14.843869143611391
1215,6.2,2.0172114582657894,6.5173332816297735,0.31733328162977337,5.118278735964086
1615,7.0,2.1016985095778087,7.180052016483977,0.18005201648397673,2.5721716640568104
1002,3.2,1.354782189246487,2.875916648361074,0.3240833516389263,10.127604738716448
2388,9.95,2.092753502708512,7.10720767727074,2.8427923227292595,28.57077711285688
6001,38.9,3.6983964368549818,39.3824965290922,0.4824965290922023,1.2403509745300831
1533,4.95,1.6577951479071824,4.247727616269718,0.702272383730282,14.18732088344004
5326,26.5,3.372200681396887,28.142590096656193,1.6425900966561926,6.198453194929029
2764,22.5,3.0684995351061026,20.509604043831665,1.990395956168335,8.846204249637045
6702,12.99,2.7176702546628677,14.14499712523191,1.15499712523191,8.891432834733719
496,10.89,2.6553186244822458,13.229519210296713,2.3395192102967126,21.483188340649335
2691,29.5,3.494612789425058,31.93753172289479,2.4375317228947893,8.262819399643353
7213,26.25,3.4645137267975836,30.96091425762485,4.71091425762485,17.946340029047047
5400,13.99,2.6302709450261013,12.877529440369255,1.1124705596307454,7.951898210369873
5931,44.99,3.594749810413994,35.40659029859717,9.583409701402829,21.30119960302918
828,4.8,1.4939997829015095,3.454878478072719,1.3451215219272807,28.02336504015168
3552,1.55,1.7782090610891732,4.9192459122159065,3.3692459122159066,217.37070401392944
61,6.9,2.2757951994507337,8.73565772491757,1.835657724917569,26.60373514373288
1429,10.0,2.5666262023495907,12.021817270521808,2.021817270521808,20.21817270521808
2970,3.2,1.5181024836202288,3.563557549043302,0.3635575490433016,11.361173407603175
3955,29.9,3.5514878505134893,33.8651530521255,3.965153052125501,13.26138144523579
4121,14.5,2.551132835757014,11.821620348661895,2.678379651338105,18.471583802331757
3550,16.4,2.755595301884104,14.730402454271259,1.66959754572874,10.180472839809392
5189,4.6,1.4402041604472633,3.2215576041107408,1.3784423958892589,29.96613904107085
465,5.95,2.031935505153141,6.6288377332393855,0.6788377332393853,11.409037533435047
5636,7.5,2.8052680305589077,15.53150626116362,8.03150626116362,107.08675014884828
6951,12.9,2.9540056458885546,18.182638897510866,5.282638897510866,40.95068912799121
4230,8.2,2.042954802268719,6.713367034281569,1.4866329657184307,18.1296703136394
6145,42.45,3.994536968043997,53.30069184636046,10.850691846360455,25.56111153441803
1902,8.9,2.239112767670026,8.38500091627218,0.5149990837278207,5.786506558739558
185,4.7,1.6577951479071824,4.247727616269718,0.452272383730282,9.622816675112382
2662,4.8,1.680114215075221,4.366168833499215,0.43383116650078524,9.038149302099693
932,2.0,1.5826187788602228,3.8676865290749847,1.8676865290749847,93.38432645374924
6485,20.95,3.30906384069344,26.359500628170803,5.409500628170804,25.821005385063504
5510,12.99,3.2584239455303217,25.008513988925728,12.018513988925728,92.52127782082931
1487,18.99,2.2757951994507337,8.73565772491757,10.25434227508243,53.99864283877004
1084,17.0,2.432961676534726,10.392573281111456,6.607426718888544,38.867215993462025
7123,11.999,2.7637823321147397,14.859716360837801,2.8607163608378006,23.841289781130097
5735,99.69,4.288828804673401,71.88106053719369,27.808939462806308,27.895415250081562
2939,12.5,2.5352177535515437,11.619178419797763,0.8808215802022374,7.0465726416179
1940,7.5,2.172309311696986,7.7785330201252645,0.2785330201252645,3.713773601670193
5481,17.86,2.955613669833606,18.213509854154054,0.3535098541540549,1.9793384891044505
3268,2.2,1.3030654623410702,2.6805620163013564,0.4805620163013562,21.84372801369801
1703,22.5,3.3486618388026947,27.46461789978061,4.96461789978061,22.064968443469375
6381,19.8,3.122625347698073,21.705912376709907,1.9059123767099067,9.625820084393467
3244,1.5,1.283649239746062,2.6097887035025202,1.1097887035025202,73.98591356683468
4438,1.5,1.0784901327501284,1.9402368306530344,0.4402368306530344,29.34912204353563
5549,17.5,2.7803970253648993,15.125421878783108,2.374578121216892,13.569017835525099
4063,8.0,2.1890973213313987,7.927151127659995,0.07284887234000514,0.9106109042500643
5269,5.299999,1.6988400274616609,4.467601444350385,0.8323975556496146,15.705617220863902
7091,24.299,3.4528225103320094,30.589428084591244,6.290428084591245,25.887600660896513
2718,22.0,2.8823225854936965,16.855696437988268,5.144303562011732,23.383198009144238
1740,7.8,2.2818827621274496,8.795104912171453,0.9951049121714535,12.757755284249402
5023,17.5,2.730266509207045,14.336973920042647,3.163026079957353,18.074434742613445
3994,7.0,2.2006423520187686,8.03081259740664,1.0308125974066407,14.725894248666297
101,12.6,2.5774638947947897,12.163711233894336,0.4362887661056636,3.462609254806854
4505,15.0,2.9272275005558113,17.675780062393482,2.675780062393482,17.83853374928988
736,8.2,2.4470086766356274,10.55373402162282,2.35373402162282,28.704073434424636
7111,48.49,3.965316914136901,51.73697983606661,3.2469798360666076,6.6961844422903845
538,25.5,2.971773045836053,18.526510319314603,6.973489680685397,27.347018355629004
4520,9.0,2.0338403965364242,6.6433836903376005,2.3566163096623995,26.18462566291555
5153,8.5,2.273642224713883,8.714719647452965,0.21471964745296468,2.526113499446643
733,10.8,2.7225291173742288,14.218763652615342,3.4187636526153415,31.655219005697603
5218,4.4,2.1110321996349124,7.256759511768493,2.8567595117684927,64.92635254019301
79,3.7,1.315733256943667,2.7274831863548803,0.9725168136451199,26.28423820662486
5808,17.79,2.8283528337939448,15.917571809352076,1.8724281906479234,10.52517251628962
3113,5.5,1.8962519794985273,5.660882474802324,0.16088247480232365,2.9251359054967936
5278,5.3,1.5353131869845817,3.6427793603496452,1.6572206396503546,31.26831395566707
3082,5.9,1.7139856807151914,4.5510421267386345,1.3489578732613658,22.863692767141792
4939,11.5,2.3539429638052116,9.526995563249658,1.973004436750342,17.156560319568193
132,8.9,2.0568796197526855,6.8215255586154,2.0784744413846,23.35364540881573
737,12.2,2.1900967724072284,7.9360778386209905,4.263922161379009,34.950181650647615
1041,9.0,2.2255328034518733,8.258414405157085,0.7415855948429151,8.239839942699057
2095,13.5,2.749556383233124,14.635694089381104,1.1356940893811043,8.412548810230403
7199,21.99,3.180982590743902,23.070393281713436,1.0803932817134374,4.9131117858728395
6848,42.499,3.4230446552300298,29.662630182379107,12.836369817620895,30.203933781079307
1634,9.3,2.737018028019407,14.440872128677853,5.140872128677852,55.27819493201991
6425,20.34,3.0622549281664457,20.375703534297685,0.035703534297685025,0.17553360028360387
5527,23.9,3.4811087508524183,31.495731779590542,7.595731779590544,31.78130451711525
6243,47.499,3.3751240447950885,28.22790912637614,19.271090873623862,40.571571767034804
6607,41.0,3.8520880197624483,46.09128818844337,5.091288188443372,12.417776069374078
3308,17.2,2.807405050778164,15.566872199702097,1.6331278002979026,9.494929071499435
4726,5.0,2.2023767073485776,8.046488825512851,3.046488825512851,60.929776510257014
5241,1.8,1.4713608546540016,3.355157847002741,1.555157847002741,86.39765816681894
5112,14.499,2.226965347337174,8.271686994614393,6.227313005385607,42.949948309439314
2647,7.5,2.0614623028149817,6.857451386783182,0.6425486132168183,8.56731484289091
3139,6.2,1.9603386871027562,6.101731922896011,0.098268077103989,1.5849689855482094
5239,6.6,1.9943278749504398,6.347263088380812,0.25273691161918777,3.8293471457452695
319,9.0,2.190595202077348,7.940532955139151,1.059467044860849,11.771856054009433
5857,4.845,2.5246866367657246,11.486981689485155,6.6419816894851555,137.08940535573078
6898,38.8,3.7514050752605437,41.58086931343389,2.7808693134338895,7.167188952149201
842,7.5,1.910070834727167,5.753567168676275,1.746432831323725,23.285771084316334
1894,5.5,1.4727715390539586,3.361305935723708,2.138694064276292,38.88534662320531
177,7.5,2.477704612986705,10.913886028602553,3.413886028602553,45.51848038136737
5163,3.8,1.1782054672384594,2.248539358739618,1.5514606412603817,40.82791161211531
4671,7.3,1.864526263321321,5.452878196693803,1.8471218033061971,25.303038401454756
3832,22.9,2.7180632765624155,14.15095061061915,8.749049389380849,38.20545584882467
3961,3.95,1.6311647099050424,4.10982271514839,0.15982271514838953,4.046144687301
1509,4.0,0.9646369887751066,1.6238350020149062,2.376164997985094,59.404124949627345
6654,19.49,2.8634453040055097,16.52179095960511,2.968209040394889,15.22939476857306
2177,11.4,2.2235020073574363,8.239631531890502,3.160368468109498,27.722530422013136
3671,1.4,0.9975634710994239,1.7116667184500978,0.31166671845009786,22.261908460721276
1755,6.9,1.7235878142129966,4.604600701069793,2.2953992989302074,33.26665650623489
2245,4.0,1.8790446325706163,5.5472468469254705,1.5472468469254705,38.68117117313676
3193,4.799,1.8926829758611945,5.637152133049255,0.8381521330492543,17.465141342972583
1038,13.5,2.51850726569045,11.410057911076645,2.0899420889233546,15.481052510543366
6559,8.1,1.859560537702558,5.420914401517404,2.6790855984825956,33.075130845464145
3450,7.29,2.0406352991111993,6.695496588380349,0.5945034116196508,8.15505365733403
5444,41.29,3.5171758263622257,32.689149976438955,8.600850023561044,20.83034638789306
3433,17.49,2.806623344811155,15.553926837241654,1.936073162758344,11.069600701877325
3002,15.9,2.8542385685529736,16.361212800170765,0.46121280017076494,2.9007094350362572
2516,1.5,0.9003351005310006,1.460427463578302,0.03957253642169789,2.638169094779859
3698,5.35,1.7120510163287004,4.540313105102647,0.8096868948973528,15.13433448406267
2045,4.99,1.788317332881671,4.979382686081176,0.010617313918824145,0.21277182202052392
4239,9.49,1.9568295687294746,6.076854778872748,3.4131452211272526,35.96570306772658
4710,4.99,1.9405338545852389,5.962466923551479,0.9724669235514787,19.488315101232036
1728,31.5,3.359210420495424,27.766468495915678,3.733531504084322,11.852480965347054
3319,9.19,2.4838881985846224,10.987784806904362,1.797784806904362,19.56240268666335
5372,2.899,1.7388809998411368,4.690971660143436,1.7919716601434361,61.813441191563854
2771,27.5,2.9621992552767193,18.34045962542692,9.15954037457308,33.307419543902114
4552,1.5,1.2978510277818502,2.661419917510247,1.1614199175102469,77.42799450068313
3379,5.0,2.398651382303209,10.008320349704576,5.008320349704576,100.16640699409152
3857,6.7,2.0491357295743584,6.761190439444453,0.061190439444453126,0.913290140961987
5435,23.49,3.4693286170422284,31.115173624836693,7.625173624836695,32.46136068470283
4104,3.2,1.4393990511530543,3.2181601566894003,0.018160156689400075,0.5675048965437524
6784,28.799,2.8846803734976993,16.897846055257475,11.901153944742525,41.32488608890074
2412,21.49,2.67668099007203,13.536765471060816,7.953234528939182,37.00900199599433
6248,27.89,3.504435500736584,32.26266180358877,4.37266180358877,15.678242393649228
3045,11.5,2.403308780749507,10.059710062088246,1.4402899379117535,12.524260329667422
1918,14.9,2.579278406613154,12.187618627066007,2.7123813729339936,18.20390183177177
3824,4.0,1.9516032313544096,6.039965230824448,2.039965230824448,50.9991307706112
1550,13.5,2.6017484142266816,12.487298817127716,1.0127011828722843,7.501490243498401
1934,7.9,2.143742660248714,7.531307738530703,0.3686922614692971,4.66699065151009
7148,19.199,2.8914202908174746,17.01888349083441,2.180116509165593,11.355364910493218
3370,8.99,2.3052097487346512,9.026281031649248,0.03628103164924745,0.40357098608729086
2481,10.7,2.4867269055944576,11.021862961732406,0.3218629617324069,3.008065062919691
6017,21.999,2.7488800957080675,14.625123439325126,7.373876560674873,33.519144327809784
5643,21.1,2.923375822599895,17.603985325878366,3.4960146741216356,16.568789924747087
3889,2.9,1.9484977187034689,6.0181364420712,3.1181364420712003,107.52194627831726
3664,26.0,3.127879328350954,21.825522741166818,4.174477258833182,16.055681764743007
1600,14.8,2.737018028019407,14.440872128677853,0.35912787132214774,2.426539671095593
2275,23.49,2.835204173765486,16.033877816349943,7.456122183650056,31.74168660557708
4024,8.2,2.0162507304531374,6.5101146385999344,1.6898853614000648,20.60835806585445
2312,8.0,2.125283010296246,7.375267439670344,0.6247325603296563,7.809157004120704
3935,6.9,1.9378748575833211,5.943978336318082,0.9560216636819181,13.855386430172725
4352,1.0,1.8305785850478467,5.237494535766576,4.237494535766576,423.7494535766576
1672,1.3,1.8429761185354425,5.315305418044186,4.0153054180441865,308.8696475418605
3792,15.9,2.7305018168288475,14.340583251536373,1.5594167484636277,9.80765250606055
1034,4.6,1.8790446325706163,5.5472468469254705,0.9472468469254709,20.592322759249367
3439,10.5,2.27789990046657,8.756169952101702,1.7438300478982978,16.60790521807903
3221,8.9,2.4677415233083573,10.795776259785361,1.895776259785361,21.30085685152091
2955,5.5,1.7749406012127988,4.8999306771838995,0.6000693228161005,10.9103513239291
4490,2.0,0.8921263696434314,1.4403131461181466,0.5596868538818534,27.984342694092668
7244,46.49,3.615082400347676,36.15440733559632,10.335592664403684,22.23186204431853
6285,16.09,2.9497542297469983,18.10125863013138,2.0112586301313797,12.500053636615164
2268,16.49,2.9866012837649674,18.81821142209359,2.3282114220935917,14.11892918188958
1699,2.6,1.228649960650603,2.4166138581669547,0.18338614183304536,7.053313147424821
3519,10.5,2.3725859187742686,9.725090669106272,0.7749093308937276,7.380088865654548
87,8.5,2.4172089781642665,10.214515636764197,1.7145156367641974,20.17077219722585
7113,22.59,3.031386185553876,19.725942688375135,2.8640573116248653,12.678429887670939
676,5.3,1.9063612043177929,5.728560342254787,0.42856034225478723,8.086044193486552
4407,24.99,2.727172381720512,14.289592707033988,10.70040729296601,42.81875667453386
3317,4.9,1.8926829758611945,5.637152133049255,0.7371521330492543,15.043921082637842
6902,67.0,4.1818870922535565,64.48932107023442,2.510678929765575,3.7472819847247387
2569,4.1,1.8319070133453832,5.245786106172638,1.145786106172638,27.94600258957654
393,2.999,1.4437946801911736,3.236742434441558,0.23774243444155774,7.927390278144639
1149,5.6,1.8389760986271617,5.290094526294435,0.3099054737055642,5.53402631617079
1168,5.9,2.030961655704928,6.621412010177388,0.7214120101773878,12.227322206396401
2208,3.4,1.4063844862160015,3.081173159656049,0.3188268403439509,9.377260010116203
230,18.5,2.983598173841196,18.75878443225465,0.2587844322546502,1.3988347689440552
2802,4.999999,1.8926829758611945,5.637152133049255,0.6371531330492548,12.74306520959814
1543,4.4,1.770180167029742,4.8719111908849095,0.4719111908849092,10.72525433829339
2345,28.5,3.340520090412276,27.233807019865388,1.266192980134612,4.442782386437235
3599,6.0,1.9019584125550897,5.699001011743074,0.30099898825692595,5.0166498042821
2892,2.2,1.463076399214327,3.3192267760666736,1.1192267760666734,50.87394436666697
4691,25.9,3.2690008840762212,25.285064393198304,0.6149356068016942,2.374268752130094
2942,16.0,2.9448436074689934,18.007689493336912,2.007689493336912,12.548059333355699
5121,24.49,2.9194667446733757,17.531402855189736,6.958597144810263,28.414034891017813
7189,54.99,3.937147070115361,50.272116690766445,4.717883309233557,8.57952956761876
970,3.2,1.0204632956782491,1.7744798707826166,1.4255201292173836,44.547504038043236
3718,5.6,1.7732677583675804,4.890069270954398,0.7099307290456016,12.677334447242886
5329,7.0,1.9879626115904263,6.300644351519312,0.6993556484806884,9.990794978295549
169,10.5,2.688443016916649,13.70875679721864,3.2087567972186406,30.559588544939437
1056,9.0,1.8274593737498515,5.218068784600884,3.7819312153991156,42.02145794887906
5968,24.1145,2.990916061117035,18.903907338343224,5.210592661656776,21.607715945413656
251,3.7,1.6714005078423266,4.31961274197577,0.6196127419757698,16.746290323669452
5889,51.0,3.3749666587952185,28.223309424647997,22.776690575352003,44.66017759872942
2705,10.5,2.0034476048468544,6.414574608142991,4.085425391857009,38.90881325578104
1729,4.3,1.8284699293256517,5.22435566476775,0.9243556647677504,21.496643366691874
2533,8.6,1.90562891661668,5.723634903909023,2.876365096090977,33.446105768499734
95,7.5,1.2672845590754238,2.5511963938922366,4.948803606107763,65.98404808143684
5646,17.5,3.1298531279358888,21.870620240550814,4.370620240550814,24.97497280314751
5174,23.49,2.3849726018839403,9.858765151137002,13.631234848862997,58.0299482710217
3692,2.8,1.6689842918890538,4.306774924518751,1.5067749245187514,53.81339016138398
1172,6.69,2.0714508905964633,6.936329514432617,0.24632951443261675,3.6820555221616846
1383,11.9,2.7512643831161685,14.662422672767876,2.762422672767876,23.213635905612403
5263,7.2,2.237345717163096,8.368431789199116,1.1684317891991158,16.228219294432165
711,13.7,2.737018028019407,14.440872128677853,0.7408721286778537,5.407825756772655
2354,7.9,2.237156738404142,8.36666152186298,0.4666615218629797,5.907107871683287
2215,7.0,2.1900967724072284,7.9360778386209905,0.9360778386209905,13.372540551728434
3779,7.49,2.2234768860013707,8.239399422732337,0.7493994227323366,10.005332746760168
5242,5.5,2.4673923755617153,10.79165850997773,5.291658509977729,96.21197290868598
69,5.5,1.8546682416816962,5.389578103265874,0.11042189673412572,2.007670849711377
263,6.5,2.3227710382106275,9.20391059224026,2.703910592240261,41.598624496004014
408,16.0,2.2865744785914233,8.841168741871167,7.158831258128833,44.74269536330521
7137,54.99,3.822960929191856,44.739439258354075,10.250560741645927,18.640772397974043
6024,24.39,3.1105787551424617,21.43402445126582,2.9559755487341803,12.1196209460196
3217,1.79,1.6224884641608546,4.065680409218411,2.2756804092184106,127.13298375521846
5196,11.6,2.6843846380529213,13.649184055664433,2.0491840556644334,17.665379790210633
37,13.8,2.67668099007203,13.536765471060816,0.26323452893918464,1.9074965865158306
3504,6.99,2.037178185103078,6.668938313268904,0.32106168673109625,4.593157177841148
1862,31.0,3.0568093256884596,20.259616319451418,10.740383680548582,34.64639896951155
4602,13.3,2.6017484142266816,12.487298817127716,0.812701182872285,6.110535209566052
6222,20.66,3.104212690495033,21.29166162756849,0.6316616275684908,3.05741349258708
6474,9.29,2.5281549408866155,11.530365530223936,2.2403655302239365,24.11588299487553
2333,28.5,3.5186004402862796,32.73717821130813,4.237178211308127,14.8672919695022
1575,6.8,2.3193568929336945,9.169132361833432,2.369132361833432,34.840181791668115
6763,35.89,3.700921224289484,39.48458256744673,3.5945825674467287,10.015554659924014
5733,20.0,3.504084718910216,32.25099591254235,12.25099591254235,61.25497956271175
3295,11.0,2.5131166312916324,11.343339814007434,0.3433398140074342,3.12127103643122
3985,19.5,2.7428938189649865,14.53186653558175,4.9681334644182495,25.477607509837174
5958,89.09,4.616528791027245,100.14233589324286,11.052335893242855,12.405809735371932
3641,13.8,2.4318090102365906,10.379449011246178,3.4205509887538224,24.78660136778132
1163,5.39,1.8926829758611945,5.637152133049255,0.24715213304925499,4.585382802398052
3781,8.5,2.4661251789852185,10.77672562413183,2.2767256241318297,26.785007342727408
1554,23.99,3.144362223104543,22.204871222153958,1.7851287778460403,7.441137048128556
19,10.0,1.7981201062265593,5.038285452846596,4.961714547153404,49.617145471534045
3257,7.1,2.626280597279247,12.822263610307761,5.7222636103077615,80.59526211701073
3279,6.699999,2.190595202077348,7.940532955139151,1.240533955139151,18.515434929753734
982,1.7,1.2652708923043143,2.5440526626771556,0.8440526626771556,49.650156628067975
6602,12.15,2.6241633224415204,12.79302903909743,0.6430290390974296,5.292420074875963
239,4.8,1.7490403352356028,4.7490828356062575,0.050917164393742276,1.0607742582029642
7053,20.99,3.150935597373036,22.35790795837154,1.3679079583715428,6.5169507306886265
2509,22.05,2.9500985909826642,18.107837495844176,3.9421625041558244,17.878288000706686
3800,7.3,1.661621666001737,4.267846609245078,3.032153390754922,41.53634781856058
6775,25.99,3.5868716622325496,35.120900615885375,9.130900615885377,35.13236096916267
1322,2.5,1.4516835836240605,3.270297870146713,0.7702978701467131,30.811914805868522
3842,10.9,2.7163652073395776,14.125245078753473,3.2252450787534723,29.589404392233693
3166,10.9,2.204343591314091,8.06429972957677,2.8357002704232297,26.01559881122229
4381,12.0,2.4131453276591883,10.169036233417243,1.830963766582757,15.258031388189641
5635,15.999,3.219631102382823,24.018889070212623,8.019889070212622,50.12743965380725
5514,28.49,3.3964612210268,28.8582511186419,0.36825111864190063,1.2925627189957902
1965,4.5,1.8120621115369393,5.123060857051219,0.623060857051219,13.845796823360423
2486,4.686,2.2969612634123466,8.943919545449416,4.2579195454494165,90.86469367156246
4706,3.0,1.6999359752375445,4.473596934764832,1.4735969347648323,49.11989782549441
2676,6.2,1.7287715793577367,4.633729066911285,1.566270933088715,25.26243440465669
1726,6.799999,2.262160520968262,8.603816014181637,1.8038170141816376,26.526724697777716
332,4.0,1.40854067068737,3.0899824156253786,0.9100175843746214,22.750439609365536
4728,4.99,1.8926829758611945,5.637152133049255,0.6471521330492545,12.968980622229548
3544,4.75,2.313048583799894,9.105184245581913,4.355184245581913,91.68808938067187
6459,13.19,2.549692221443384,11.803162637277502,1.3868373627224972,10.51430904262697
1562,25.0,3.3609366757022845,27.816169648033785,2.8161696480337852,11.264678592135141
3989,4.5,1.724960411635093,4.612298843560606,0.11229884356060627,2.4955298569023614
1320,29.5,3.581320855189351,34.92095590697138,5.420955906971379,18.376121718547047
6674,35.99,3.664392438784776,38.0324143764986,2.0424143764985985,5.674949642952482
2036,10.799,2.5785796477450353,12.178406880370636,1.3794068803706363,12.773468657937181
3774,5.5,1.7348895464710543,4.668301685302847,0.831698314697153,15.121787539948237
3121,8.2,2.2429589008730257,8.421166383927222,0.22116638392722265,2.6971510235027156
2650,3.6,1.7519995484881679,4.766120794767383,1.1661207947673833,32.39224429909398
4595,3.95,1.554205397079194,3.7313255060325448,0.21867449396745542,5.536063138416593
2471,3.55,1.2870253512171725,2.621996348141895,0.9280036518581047,26.140947939664922
4397,10.8,2.0520848856813867,6.784113186392071,4.0158868136079295,37.18413716303638
6418,5.8,2.0184192346197616,6.526418024076465,0.726418024076465,12.524448690973536
1888,13.8,2.9978005823578133,19.041408984598185,5.241408984598184,37.981224526073795
5537,25.99,2.8183961253559917,15.749964273710447,10.240035726289552,39.39990660365353
7214,57.99,3.9091888778550565,48.858494238753174,9.131505761246828,15.746690397045745
2519,29.5,3.3924542727685245,28.738850028077824,0.7611499719221761,2.58016939634636
1142,13.89,2.648391583410607,13.131291353276604,0.758708646723397,5.462265275186443
308,11.3,2.030005423064386,6.6141276505725015,4.685872349427499,41.46789689758849
5255,1.99,0.7884727570181604,1.2000338728993225,0.7899661271006775,39.69679030656671
381,4.5,2.0712232654867586,6.93452321214392,2.4345232121439198,54.10051582542044
4118,7.5,1.9704672460781785,6.174027741682699,1.325972258317301,17.679630110897346
3617,7.2,1.9568295687294746,6.076854778872748,1.1231452211272526,15.599239182322952
1400,9.8,1.9860176135850833,6.286458413100989,3.513541586899012,35.8524651724389
7075,23.5,3.020950999053406,19.510788152279634,3.989211847720366,16.975369564767515
6806,14.4,2.7908837736518395,15.29541489818083,0.8954148981808299,6.218159015144652
2465,4.3,1.462001988940598,3.314588646517093,0.985411353482907,22.916543104253652
994,10.5,2.491819990801372,11.08324751984436,0.5832475198443596,5.554738284231997
683,4.7,2.016987110588003,6.515646974531508,1.815646974531508,38.630786692159745
3428,7.9,2.2069821706666097,8.08824818474364,0.1882481847436388,2.38288841447644
2906,11.9,2.406773578592756,10.098096183331835,1.8019038166681653,15.142048879564415
2984,12.8,2.465680510405055,10.771490048403853,2.0285099515961473,15.847733996844902
457,2.7,1.6230423783345456,4.068487138668314,1.3684871386683142,50.684708839567186
4028,4.8,1.6079159525789313,3.992395988691932,0.8076040113080678,16.82508356891808
3622,3.8,1.9903857114737895,6.318355991866755,2.5183559918667555,66.27252610175672
756,2.95,1.6748490315968056,4.337989220530942,1.387989220530942,47.05048205189634
5845,21.99,3.2299893838759153,24.2793886004122,2.2893886004122024,10.411044112834027
4100,1.5,1.2040854862362504,2.3337089608638646,0.8337089608638646,55.580597390924304
1046,11.89,2.2135198280041144,8.147858681356626,3.742141318643375,31.47301361348507
1024,4.49,1.325225907829548,2.763035358135383,1.7269646418646172,38.462464184067194
2344,13.4,2.5663232863066265,12.017873350530495,1.3821266494695053,10.31437798111571
2997,3.2,2.2133627692822393,8.146422043185469,4.946422043185469,154.57568884954588
4591,3.55,1.7604579002760887,4.815099520537865,1.2650995205378655,35.636606212334236
4974,26.9,2.924375252698478,17.622588003256034,9.277411996743965,34.488520433992434
1515,28.2,3.3382176478833707,27.16887508154307,1.0311249184569284,3.6564713420458457
5186,24.19,2.9872571651939994,18.83121408255761,5.35878591744239,22.152897550402603
1737,4.3,1.9597635659804105,6.097648741136502,1.797648741136502,41.805784677593074
6156,22.85,3.1385285090611843,22.069894728958474,0.7801052710415277,3.4140274443830534
1869,5.6,1.9873991473048331,6.296531857895861,0.6965318578958613,12.438068890997524
6526,22.99,3.2312412990360926,24.31105606859681,1.3210560685968105,5.746220394070511
1042,3.5,0.8250733130592073,1.282048063121438,2.217951936878562,63.37005533938749
3442,6.5,1.763412782942958,4.83230786912172,1.6676921308782804,25.656802013512003
50,7.5,2.2456735004138326,8.44677582182464,0.9467758218246392,12.623677624328522
786,6.5,1.945142570638098,5.994629012670175,0.5053709873298251,7.774938266612693
245,18.5,3.0772946245226804,20.699617301659632,2.1996173016596323,11.88982325221423
5303,4.25,2.2758628019731297,8.736315902183929,4.486315902183929,105.56037416903361
3076,14.0,2.466388082239993,10.779822170657242,3.2201778293427576,23.001270209591127
5462,37.19,3.16759828680963,22.7503742157614,14.439625784238597,38.826635612365145
7234,54.95,3.7131180870683065,39.98139105928362,14.968608940716386,27.240416634606706
625,7.5,2.2922612330376477,8.897292481683964,1.397292481683964,18.630566422452855
6414,26.59,2.93287685830043,17.78158480815718,8.808415191842819,33.126796509375026
2272,5.7,1.8655379187637828,5.459409589243396,0.24059041075660392,4.220884399238665
4812,12.99,2.602877537725713,12.5025362440101,0.4874637559899,3.7526078213233256
7182,57.28,3.5172003032999735,32.68997459375772,24.590025406242283,42.92951362821628
4894,6.9,1.9879626115904263,6.300644351519312,0.5993556484806888,8.686313746096937
6403,5.3,1.998818445481028,6.380330682098974,1.0803306820989738,20.383597775452337
1025,12.5,2.2969612634123466,8.943919545449416,3.5560804545505835,28.448643636404668
5457,53.99,3.7888621857301854,43.20607334899609,10.78392665100391,19.973933415454546
2926,7.5,2.3225140712234023,9.20128886094108,1.7012888609410801,22.6838514792144
321,31.8,3.5941665707886523,35.38536272349468,3.585362723494679,11.274725545580752
3326,17.0,3.184962477230803,23.166381599273176,6.166381599273176,36.27283293690104
3105,11.9,2.688246972144047,13.705873504973495,1.8058735049734942,15.17540760481928
1893,4.5,1.4234701416128244,3.151501772246154,1.3484982277538462,29.966627283418806
4920,6.8,1.9542654100024617,6.05873184490107,0.74126815509893,10.901002280866617
2138,11.49,2.3832824559680503,9.840427754368532,1.649572245631468,14.356590475469696
5476,40.49,2.801606703821314,15.471089685181362,25.01891031481864,61.790344072162604
3475,1.55,1.1447754401030321,2.1417357697580934,0.5917357697580934,38.176501274715704
4098,11.0,2.595451093080974,12.402631832482285,1.4026318324822853,12.751198477111684
7001,45.499,3.668245319167649,38.18309168457178,7.315908315428224,16.07927276517775
5321,14.799,2.995460415046769,18.994563568859068,4.195563568859068,28.3503180543217
5339,2.7,1.298033865721754,2.662089425188925,0.03791057481107529,1.4040953633731588
4296,24.5,3.222491004376398,24.090543053788412,0.4094569462115878,1.6712528416799501
3767,5.9,1.910070834727167,5.753567168676275,0.1464328313237253,2.4819123953173783
2126,16.3,3.1185906176013756,21.61448471566802,5.314484715668019,32.60420070961975
4279,5.9,1.5188774419351037,3.5670954866113487,2.3329045133886517,39.54075446421443
233,3.8,1.8274593737498515,5.218068784600884,1.4180687846008846,37.31759959476012
65,15.0,2.56602504117896,12.0139914121445,2.9860085878554994,19.90672391903666
5856,20.709,3.3426576329016884,27.294222529363857,6.5852225293638575,31.798843639788778
1595,14.5,2.932857563156386,17.78122241826912,3.2812224182691203,22.629120125993936
5133,9.8,2.7428938189649865,14.53186653558175,4.73186653558175,48.284352403895404
2656,20.9,3.1325927131397493,21.933362157537115,1.0333621575371161,4.944316543239791
3218,32.99,3.5965546584188006,35.472357992952325,2.4823579929523234,7.524577123226199
509,5.0,1.8178683318345932,5.158716108236769,0.15871610823676896,3.174322164735379
6253,15.5,3.051016539830255,20.136819924678008,4.636819924678008,29.914967255987147
6481,18.99,3.3527998715274134,27.582649460953608,8.59264946095361,45.24828573435287
576,26.7,2.569221239856586,12.055653258588865,14.644346741411134,54.847740604536085
217,4.999999,1.5922079068369026,3.9145879104400825,1.0854110895599174,21.708226132843574
5697,15.59,3.1695402838724864,22.79654218725302,7.206542187253021,46.225414927857734
7082,11.9,2.4488306066534657,10.574803304005783,1.325196695994217,11.136106689027033
3757,4.0,1.723911341596766,4.606414236220005,0.6064142362200053,15.160355905500133
3954,9.2,2.596541357457968,12.417252213119054,3.217252213119055,34.97013275129408
6731,24.5,3.254518071523488,24.907126143152183,0.4071261431521833,1.66173935980483
6889,39.9,3.240723817416662,24.55221019018573,15.34778980981427,38.465638621088395
2115,10.5,2.007208560584095,6.44251299964972,4.05748700035028,38.64273333666933
3467,2.0,1.3992284916986795,3.0520725529747468,1.0520725529747468,52.60362764873734
4871,17.5,2.924561422907924,17.62605529710842,0.12605529710841878,0.7203159834766788
6130,20.5,3.51886853069723,32.746224037774596,12.246224037774596,59.73767823304681
3478,9.0,2.2969612634123466,8.943919545449416,0.056080454550583525,0.6231161616731502
4487,4.499999,2.012134603695533,6.479265587640359,1.9792665876403595,43.983711721721704
3933,29.99,3.221237812956353,24.059119494489106,5.930880505510892,19.776193749619512
3347,7.6,1.9516032313544096,6.039965230824448,1.5600347691755516,20.52677327862568
1261,6.5,1.8668337809726332,5.467785519875454,1.032214480124546,15.880222771146862
4382,9.5,2.318495634985137,9.160377886228865,0.33962211377113505,3.574969618643527
3163,9.65,2.4114605610287048,10.150234856290128,0.5002348562901275,5.183780894198212
1412,4.0,1.4463323534556987,3.247507555849423,0.7524924441505769,18.812311103764422
1281,14.0,2.075406514585843,6.967784821516188,7.032215178483812,50.23010841774151
4588,6.0,2.2249063462889604,8.25261622148223,2.2526162214822296,37.54360369137049
2917,6.2,1.8512674254047476,5.367885229695719,0.8321147703042815,13.421205972649702
1565,13.6,2.9353517771966318,17.82812527548462,4.22812527548462,31.089156437386915
6580,22.562,2.822941449037478,15.826271572297983,6.735728427702018,29.85430559215503
4002,7.6,1.963343419386155,6.123102816901578,1.4768971830984219,19.432857672347655
6500,7.899,2.4924442257412225,11.090792659858108,3.191792659858108,40.40755361258524
6365,25.4,3.461924127434461,30.878255367316047,5.478255367316049,21.567934516992317
6900,21.699,3.084622215012783,20.859207201676167,0.8397927983238347,3.870191245328516
3007,5.0,2.2607618902900333,8.590393211436096,3.590393211436096,71.80786422872191
1315,9.2,2.4983085860158023,11.161905736569413,1.9619057365694132,21.325062354015365
3885,2.3,1.4974212021057853,3.4701465892605494,1.1701465892605496,50.87593866350216
3745,12.4,2.4867269055944576,11.021862961732406,1.3781370382675941,11.114008373125758
6498,18.006229,3.732474957791001,40.78238995381666,22.77616095381666,126.49045479659655
1702,40.99,3.4976817683087305,32.03877158426929,8.95122841573071,21.837590670238377
1839,6.2,2.106273115636563,7.217558254724061,1.0175582547240607,16.412229914904206
503,10.5,1.8213046977842355,5.179916115193765,5.320083884806235,50.66746556958319
7023,38.9,3.763325980054834,42.091509401359026,3.1915094013590277,8.204394347966652
5818,9.79,2.4550910644778106,10.647494173560835,0.8574941735608359,8.75887817733234
4694,11.0,1.5821486196029284,3.8653984791078173,7.134601520892183,64.86001382629257
1721,36.0,3.6258879437515596,36.558057800512415,0.5580578005124153,1.5501605569789312
7187,50.999,4.351866591510607,76.62321862426208,25.624218624262078,50.24455111720245
4618,14.99,2.648391583410607,13.131291353276604,1.8587086467233966,12.3996574164336
1803,18.8,2.924375252698478,17.622588003256034,1.1774119967439667,6.262829769914716
1385,4.2,1.7518106146805412,4.765031482517589,0.5650314825175888,13.453130536133068
1373,1.2,1.2812253694474136,2.601049639337345,1.401049639337345,116.75413661144543
5834,26.9,3.3376407051400125,27.15262794076187,0.25262794076187234,0.9391373262523135
5654,44.99,4.034832473697238,55.53344860534404,10.54344860534404,23.435093588228582
5670,16.0,3.0119261742400845,19.32651465117052,3.3265146511705197,20.79071656981575
856,6.9,2.127680382912173,7.395370163713144,0.4953701637131438,7.179277734973098
2458,13.899999,2.1900967724072284,7.9360778386209905,5.963921161379009,42.90591072257638
2726,7.8,2.4936635571102874,11.10554433438719,3.30554433438719,42.37877351778449
5886,37.99,3.5428332649296506,33.56471157468155,4.425288425318449,11.648561266960908
4252,24.79,3.1325927131397493,21.933362157537115,2.8566378424628844,11.523347488757098
3269,8.1,1.9490594066998723,6.022079552363024,2.0779204476369753,25.653338859715745
2505,6.0,2.0953463699379946,7.128255866167185,1.1282558661671853,18.804264436119755
318,1.7,1.0464533828357636,1.8475340748028422,0.1475340748028422,8.678474988402481
6053,30.49,3.553408821903667,33.93219238335613,3.442192383356133,11.289578167780038
176,4.7,1.8668337809726332,5.467785519875454,0.7677855198754537,16.335862125009655
5683,80.49,4.14646106458412,62.20990822546209,18.280091774537908,22.71100978324998
4967,2.0,1.4266163840767239,3.164583972506388,1.1645839725063878,58.22919862531939
3100,2.6,1.7069018711551316,4.511858549805078,1.911858549805078,73.53302114634916
2840,1.85,1.4579081745883191,3.2969616270824353,1.4469616270824353,78.21414200445595
6504,14.2,2.9279549981921944,17.689371591549705,3.4893715915497054,24.573039377110604
3043,2.7,1.3942573953830706,3.0319792941768267,0.3319792941768265,12.295529413956535
3169,12.5,2.174825225311879,7.800646857456879,4.699353142543121,37.594825140344966
468,4.6,1.8849766384349695,5.586200576264736,0.9862005762647366,21.439142962276883
472,28.5,3.146654905760559,22.258133661544882,6.241866338455118,21.901285398088135
91,7.9,1.5336540367499683,3.6350826786259116,4.264917321374089,53.98629520726694
4304,2.7,1.748884760969227,4.748188495831706,2.048188495831706,75.85883317895207
4149,5.8,2.07563343237817,6.969593058810473,1.1695930588104728,20.165397565697806
1047,5.6,2.005074515189745,6.426647274170862,0.8266472741708624,14.76155846733683
6571,129.29,4.714546206791926,110.55817534320315,18.731824656796846,14.488223881813633
6768,9.49,2.356894240741323,9.558109532848812,0.06810953284881194,0.7176979225375335
435,5.5,2.089110831069905,7.077729504044859,1.577729504044859,28.685990982633797
6016,151.89,4.862569972069936,128.35621715509984,23.533782844900145,15.493964609190957
1335,20.49,2.8445551979661525,16.193909082046176,4.296090917953823,20.966768755265118
1352,8.9,2.214091020674963,8.153085363768612,0.7469146362313879,8.39229928349874
4074,2.55,1.6958883813215844,4.451486813694887,1.9014868136948868,74.56811034097596
4868,5.9,2.031993143199577,6.629277457215201,0.7292774572152005,12.360634868054246
6046,25.09,3.2181592218370683,23.982091341687475,1.1079086583125246,4.415737976534574
5546,18.99,3.03658931357496,19.834063460725304,0.8440634607253052,4.4447786241458935
4207,8.8,2.2185986400917663,8.194437118045675,0.6055628819543255,6.8813963858446066
3758,11.5,2.8566034751516933,16.402319033927206,4.902319033927206,42.6288611645844
106,7.7,1.9511550247271185,6.036810578772883,1.6631894212271172,21.599862613339184
5694,19.0,3.2089815244121134,23.753862177396353,4.753862177396353,25.020327249454493
5676,26.99,3.245717273329518,24.680123123254376,2.309876876745623,8.558269272862628
4791,4.1,1.6707048672620743,4.31591349030519,0.2159134903051907,5.266182690370505
5900,27.9,2.8174877444144957,15.734755833967654,12.165244166032345,43.603025684703745
5313,12.9,2.632668537098812,12.91084201396752,0.010842013967518938,0.08404661990324758
3333,10.99,2.3621723740105973,9.613983968678452,1.376016031321548,12.520619029313448
4086,15.0,2.749556383233124,14.635694089381104,0.3643059106188957,2.428706070792638
1617,12.99,2.5463177184695907,11.760031141493602,1.229968858506398,9.46858243653886
2252,4.0,1.1537514056095812,2.170062822796143,1.829937177203857,45.74842943009643
4860,7.8,2.3689318518462468,9.685971984664514,1.885971984664514,24.17912800851941
5584,9.299,2.5247902092598364,11.488275064300536,2.1892750643005368,23.543123607920602
3494,15.9,2.915699307061148,17.461718299596413,1.5617182995964125,9.822127670417688
1498,6.666,1.8685746925958724,5.479055169749539,1.1869448302504617,17.80595304906183
996,6.5,2.2135198280041144,8.147858681356626,1.6478586813566256,25.351672020871163
5912,15.3205,2.564376552360167,11.992555665961996,3.327944334038003,21.722165295114408
6638,87.999,4.7483592196131825,114.39479160076179,26.395791600761797,29.995558586758715
41,18.0,2.6842236154822636,13.646825396293547,4.353174603706453,24.184303353924737
5253,17.2,3.0181169505748575,19.452741876154594,2.2527418761545945,13.0973364892709
5689,13.69,2.5627299877897602,11.971180187005935,1.7188198129940648,12.555294470373008
3282,3.7,2.1948748159710556,7.9788769744672,4.2788769744672,115.64532363424864
1539,7.3,1.513366753691374,3.54199686605745,3.75800313394255,51.479494985514386
1805,8.9,2.3051099365589764,9.025280336667155,0.12528033666715466,1.4076442322152207
1144,2.9,2.300430836094176,8.978480618461687,6.078480618461686,209.60277994695468
6198,34.79,3.6099129314798426,35.96283437542227,1.1728343754222692,3.371182453067747
2615,6.5,2.0155377578139904,6.504762040700421,0.004762040700421188,0.07326216462186444
2114,14.99,2.8203191956732616,15.782206625038398,0.7922066250383981,5.2849007674342765
5792,10.89,2.326688485590119,9.243962274007563,1.6460377259924375,15.11513063353937
4546,11.0,2.6565942959157907,13.247682984507094,2.247682984507094,20.433481677337216
3172,1.0,1.7468265175231152,4.736369491899305,3.736369491899305,373.63694918993053
167,9.2,2.9444026577831983,17.999309906251057,8.799309906251057,95.64467289403325
2337,11.3,2.494415992140605,11.114656397693352,0.1853436023066486,1.6402088699703414
6928,39.18,3.4280940143181864,29.817848359125893,9.362151640874107,23.895231344752695
3964,5.4,1.4538694941469896,3.2796425688137765,2.120357431186224,39.26587835530044
2445,25.0,3.336907782551312,27.132001803417108,2.1320018034171078,8.528007213668431
7257,17.99,3.1043535524058954,21.294801894788474,3.3048018947884756,18.370216202270573
3341,1.9,1.4188554863318346,3.1323881579581343,1.2323881579581344,64.8625346293755
4103,1.3,1.3465474967786148,2.844130720020265,1.544130720020265,118.77928615540499
3017,18.5,2.688246972144047,13.705873504973495,4.7941264950265055,25.914197270413542
6151,13.09,2.6993193693415436,13.869607569067536,0.7796075690675366,5.9557491907374835
4958,8.99,2.4082517273147297,10.114512950243967,1.1245129502439664,12.508486654549126
6935,25.4,3.8353104692854543,45.30780258672964,19.907802586729645,78.37717553830569
789,3.6,1.9581148810106614,6.085956595317399,2.485956595317399,69.05434986992776
4617,19.2,2.806713112988601,15.555412919783873,3.6445870802161267,18.98222437612566
1097,3.5,1.5128746374688304,3.539762225613427,0.03976222561342713,1.1360635889550608
3206,15.3,2.531845056895945,11.576689450423649,3.723310549576352,24.335363069126483
6535,19.99,3.1924516986346876,23.34804840394539,3.358048403945393,16.798641340397165
6251,31.49,3.2239732588206302,24.127761199304622,7.362238800695376,23.379608766895448
544,4.0,1.7653441425904113,4.843583037889815,0.8435830378898146,21.089575947245365
6770,19.299,3.00482910705839,19.18276670888515,0.11623329111484892,0.6022762377058342
5924,14.25,2.8106270235938755,15.620336295250766,1.370336295250766,9.616395054391342
4838,2.4,1.4892278957102776,3.433670940755441,1.033670940755441,43.06962253147671
6194,19.59,2.865437611653397,16.556734555376725,3.033265444623275,15.483743974595585
6068,7.39,2.0113932563733887,6.473722908904227,0.9162770910957727,12.398878093312216
4229,16.7,2.88268659407522,16.862197247824284,0.16219724782428457,0.9712410049358359
877,9.5,1.708985143227711,4.523353219895226,4.976646780104774,52.38575558005025
3908,9.7,2.120365626361029,7.334184128102631,2.365815871897368,24.389854349457405
3914,12.8,2.2786024236084446,8.76302629535703,4.036973704642971,31.538857067523214
5397,10.9,2.283826147265115,8.814159082278245,2.0858409177217556,19.136155208456472
1078,8.2,1.8962519794985273,5.660882474802324,2.5391175251976756,30.96484786826434
5983,42.7,4.163489397806003,63.295484148547914,20.59548414854791,48.232983954444755
4990,10.5,2.16523824368342,7.7166783630517255,2.7833216369482745,26.507825113793093
511,13.0,2.1735979501484453,7.789852667222217,5.210147332777783,40.07805640598295
2375,4.4,1.5152749553008096,3.550672186284917,0.8493278137150835,19.30290485716099
2877,15.6,2.924375252698478,17.622588003256034,2.0225880032560344,12.965307713179708
2069,1.5,1.3286693132572267,2.7760153493729174,1.2760153493729174,85.06768995819449
4851,3.5,1.2906179421945767,2.6350321015868046,0.8649678984131954,24.713368526091298
3262,11.0,2.2239138377843495,8.243437476936997,2.7565625230630033,25.059659300572758
4934,10.89,2.984733132793413,18.781222572306323,7.891222572306322,72.46301719289552
1302,8.9,2.555068407973176,11.872180187161138,2.972180187161138,33.39528300181054
6045,47.89,3.849842251977506,45.98565075345083,1.9043492465491738,3.9765070923975228
4394,2.5,1.7461290796281979,4.732370125253448,2.232370125253448,89.29480501013792
3689,16.3,2.82133451201493,15.799254526716123,0.5007454732838781,3.0720581183060003
3159,8.5,2.1185278485911923,7.318881815214375,1.1811181847856247,13.895508056301468
858,7.99,2.400885893641176,10.032946069316365,2.042946069316365,25.568786850017084
4678,19.9,2.968132942935876,18.455561022183947,1.444438977816052,7.258487325708804
7140,24.85,3.5160322385024907,32.65064549434657,7.800645494346568,31.39092754264212
7028,12.5,2.923962100549974,17.614895630181433,5.114895630181433,40.919165041451464
7112,25.99,3.4931359374800954,31.888923767319305,5.898923767319307,22.69689791196347
4357,9.9,2.688246972144047,13.705873504973495,3.805873504973494,38.44316671690398
2890,7.9,2.289539747465147,8.87039376182932,0.9703937618293192,12.283465339611634
4794,8.8,2.4815071329293783,10.959275059478008,2.1592750594780075,24.537216584977354
2024,12.0,2.737018028019407,14.440872128677853,2.440872128677853,20.340601072315444
4194,16.5,2.7536009999228077,14.699062542815364,1.8009374571846362,10.914772467785673
4921,4.5,1.551765172460253,3.7197940844041506,0.7802059155958494,17.337909235463318
5356,9.5,2.1513030834100917,7.596052475558171,1.9039475244418291,20.041552888861357
743,5.3,1.9631612251741024,6.121805147014044,0.821805147014044,15.505757490831018
2499,1.15,1.1069614633995646,2.0251523788859744,0.8751523788859745,76.10020685964997
4241,9.3,2.4948276934763736,11.119645044760528,1.8196450447605272,19.566075750113196
179,25.99,2.9042601887780473,17.251735817223622,8.738264182776376,33.62163979521499
3613,8.5,1.9511550247271185,6.036810578772883,2.463189421227117,28.9786990732602
3693,20.0,2.640964109865375,13.02672039036208,6.97327960963792,34.8663980481896
3771,7.0,2.1372272647993733,7.4759035809062,0.4759035809062002,6.798622584374289
6566,35.55,3.6583207130855193,37.796138290692106,2.246138290692109,6.318251169316762
31,11.0,2.125283010296246,7.375267439670344,3.6247325603296563,32.95211418481506
5151,6.8,1.958561903617921,6.089124886205632,0.7108751137943674,10.45404579109364
2484,3.2,1.7668186732465478,4.852205936022329,1.6522059360223285,51.63143550069776
168,11.5,2.283811054738509,8.814010962938926,2.6859890370610735,23.356426409226728
3248,2.8,1.275871468480003,2.5818214949101437,0.21817850508985615,7.792089467494863
642,5.0,2.0030306211576905,6.411483495985771,1.4114834959857712,28.229669919715423
1483,14.9,2.560049014956817,11.936451379609373,2.963548620390627,19.889588056312935
1790,6.0,1.9631612251741024,6.121805147014044,0.12180514701404377,2.0300857835673964
5035,8.0,1.9252899988321928,5.857136939291343,2.142863060708657,26.78578825885821
3982,3.0,2.2053916080523184,8.073804246990413,5.073804246990413,169.12680823301375
7092,62.49,4.081498614812002,58.234172576070726,4.255827423929276,6.810413544453954
6492,22.89,3.2257976618685538,24.17364620707099,1.2836462070709906,5.607890812892052
6912,19.899,3.0273334324479824,19.642115539877494,0.25688446012250665,1.2909415554676447
6178,24.5,3.1943859609719514,23.395189493878725,1.1048105061212752,4.509430637229695
6644,18.15,2.834859001920602,16.027999215940586,2.122000784059413,11.691464374982992
2758,9.5,1.9879626115904263,6.300644351519312,3.1993556484806884,33.67742787874409
3412,12.6,2.234651029862748,8.34322077818367,4.2567792218163305,33.78396207790739
6122,20.7,3.176946043225981,22.973427829944175,2.2734278299441755,10.982743139826935
800,2.5,1.72998928106818,4.640593446967698,2.1405934469676984,85.62373787870794
1954,10.5,2.343885561640773,9.421651964723711,1.0783480352762886,10.269981288345607
7248,48.99,3.440533027715289,30.203586112552603,18.7864138874474,38.34744618789018
5306,4.0,1.4437946801911736,3.236742434441558,0.7632575655584422,19.081439138961052
6637,15.69,2.558913477053512,11.921769886007377,3.7682301139926224,24.01676299549154
2119,20.5,2.9540688622560967,18.18385159259252,2.3161484074074785,11.298284914182823
5309,3.5,1.5802496710725427,3.8561681045929657,0.35616810459296566,10.17623155979902
5660,25.49,3.4464967432309033,30.390231419768376,4.900231419768378,19.224132678573476
5679,19.5,3.1043535524058954,21.294801894788474,1.794801894788474,9.204112280966534
1406,8.7,2.195185862335897,7.981670255907963,0.7183297440920366,8.256663725195825
1501,9.8,2.134598570947331,7.453652284009342,2.3463477159906585,23.942323632557738
1074,5.3,1.7515501510840572,4.7635300972204035,0.5364699027795963,10.122073637350873
500,13.6,2.5329086605154068,11.590073179073386,2.009926820926614,14.778873683283928
437,17.5,2.7428938189649865,14.53186653558175,2.9681334644182495,16.96076265381857
5437,9.5,2.4564365706232048,10.663176496514836,1.1631764965148363,12.243963121208804
4113,8.9,1.910070834727167,5.753567168676275,3.1464328313237253,35.353177880041855
3386,3.6,1.5334688624174997,3.6342244597474664,0.03422445974746635,0.9506794374296209
6683,22.99,3.0483486012374574,20.08050334506466,2.9094966549353387,12.655487842258978
80,16.9,2.6151053330080756,12.668656062728724,4.231343937271275,25.037538090362577
1608,19.99,2.6688989051572167,13.424078167563241,6.565921832436757,32.84603217827293
960,5.0,2.2566996058644984,8.551513330492739,3.551513330492739,71.03026660985478
3114,22.5,3.3308928181593984,26.963296700532325,4.463296700532325,19.83687422458811
5198,3.8,1.8668337809726332,5.467785519875454,1.667785519875454,43.88909262830143
4628,13.0,2.9444026577831983,17.999309906251057,4.999309906251057,38.45623004808505
1632,12.19,2.6843846380529213,13.649184055664433,1.4591840556644335,11.970336797903474
3305,4.8,1.844892435094559,5.3274191455538995,0.5274191455538997,10.987898865706244
5935,21.3,3.0464925269437533,20.04141265354369,1.2585873464563093,5.9088607814850205
5419,9.5,2.236355190856892,8.359156705429621,1.140843294570379,12.008876784951358
2477,3.0,1.4688904503177305,3.3444121247767544,0.3444121247767544,11.480404159225149
5506,16.45,2.753264417559864,14.693779404404186,1.7562205955958134,10.676113043135645
6399,22.45,2.7932232594273865,15.333582418318802,7.116417581681198,31.698964729092193
5517,51.999,3.600312876846412,35.60968697537755,16.389313024622453,31.518515788039103
534,6.9,2.239740491448502,8.390893953914764,1.4908939539147639,21.607158752387882
5701,26.69,3.1949024981698795,23.40779377171175,3.2822062282882527,12.297513032177791
2794,20.3,2.6457284779144823,13.093708299636699,7.206291700363302,35.49897389341528
585,4.5,1.5082130252803556,3.5186488640753426,0.9813511359246574,21.80780302054794
6722,50.9,3.9849970289262404,52.78512967806491,1.8851296780649136,3.7035946523868635
4970,25.0,2.8241919645511104,15.847326247791148,9.152673752208852,36.61069500883541
1451,2.75,1.7019517521835203,4.484641613341848,1.7346416133418483,63.07787684879448
6275,25.49,3.174531096272342,22.91560312334015,2.574396876659847,10.099634667162995
1410,30.5,3.0451040553048037,20.01221752182733,10.487782478172669,34.38617205958252
5684,20.59,3.7207875159347963,40.296903275574415,19.706903275574415,95.71104067787476
4536,10.0,2.4114605610287048,10.150234856290128,0.1502348562901279,1.502348562901279
866,15.0,2.3225140712234023,9.20128886094108,5.79871113905892,38.6580742603928
4638,2.0,0.9818846018973901,1.6694824158993384,0.33051758410066157,16.52587920503308
6358,54.8,3.8168422207291894,44.46042743078527,10.339572569214724,18.86783315550132
4679,3.95,2.2996182137179724,8.970375175608764,5.020375175608764,127.09810571161427
742,7.1,1.9597635659804105,6.097648741136502,1.0023512588634977,14.117623364274618
1544,6.9,1.914541960081622,5.783830819949814,1.1161691800501865,16.176364928263574
5509,53.29,3.8166045222344653,44.44962283978384,8.840377160216157,16.589185888940058
2706,18.9,2.651580734972364,13.176430122095397,5.723569877904602,30.28343850743176
3734,7.89,2.0010476261572894,6.396801123614432,1.4931988763855673,18.925207558752437
2589,8.2,2.2969612634123466,8.943919545449416,0.7439195454494172,9.072189578651429
5283,2.5,1.2387599618723937,2.451331028053256,0.04866897194674413,1.9467588778697653
6816,50.709,3.664370750361019,38.03156783413546,12.677432165864545,25.000359237737964
5944,15.9,2.8657410301268706,16.562062401217254,0.6620624012172538,4.163914473064489
4253,3.7,1.294808609614805,2.6502972754796716,1.0497027245203285,28.370343905954826
748,16.5,2.5983420373063644,12.441434154233043,4.058565845766957,24.59736876222398
4055,5.79,2.3052097487346512,9.026281031649248,3.2362810316492476,55.89431833591101
401,5.3,1.8790446325706163,5.5472468469254705,0.24724684692547072,4.665034847650391
3749,20.8,3.0684995351061026,20.509604043831665,0.2903959561683358,1.3961344046554605
157,7.5,2.237867772148839,8.373323902588247,0.8733239025882469,11.644318701176624
5434,98.19,4.762521821986773,116.04070988192763,17.850709881927628,18.179763603144544
6483,29.5,3.235632477559988,24.422445821579,5.077554178421,17.21204806244407
5749,14.3,2.6997700471345984,13.87631048130375,0.42368951869624993,2.9628637671066427
4528,12.0,2.7163652073395776,14.125245078753473,2.1252450787534727,17.71037565627894
1820,8.9,1.90562891661668,5.723634903909023,3.1763650960909775,35.689495461696374
2922,9.0,2.3535538181678786,9.522899825822858,0.5228998258228579,5.809998064698421
2864,15.3,2.0664419544696604,6.896676339829268,8.403323660170733,54.92368405340348
3362,3.3,1.330777770790092,2.78398531659663,0.5160146834033696,15.6368085879809
5281,1.6,1.0912997753181837,1.9781424740738873,0.37814247407388724,23.633904629617952
3803,1.4,1.2944887421052171,2.6491298507014904,1.2491298507014905,89.22356076439219
4237,5.4,2.1876231950464677,7.914001074334097,2.5140010743340966,46.555575450631416
7295,47.59,3.57995764348964,34.87202140123766,12.717978598762343,26.724056732007444
2666,4.8,1.57291840521895,3.820696430201962,0.9793035697980379,20.40215770412579
1782,13.0,1.859063719829804,5.417725168782818,7.582274831217182,58.32519100936294
5910,45.3565,3.7257778722301285,40.50350461520077,4.852995384799229,10.699669032661756
2415,8.0,2.2662661965416215,8.643327221599742,0.6433272215997423,8.041590269996778
535,11.9,2.4291855893182634,10.349635051053594,1.550364948946406,13.02827688190257
5978,119.9,4.621173006976104,100.61315518969786,19.286844810302142,16.085775488158582
2406,1.5,1.1507731285967342,2.160635543055436,0.6606355430554358,44.04236953702905
3098,5.8,1.8700440216262857,5.48858203093297,0.3114179690670298,5.369275328741893
5359,8.0,2.4498640567523022,10.586771468809685,2.586771468809685,32.33464336012106
5154,8.4,2.1114279927531836,7.260028127167542,1.139971872832458,13.571093724195926
1966,8.9,1.659634089518692,4.257386759527347,4.642613240472653,52.16419371317588
5416,10.5,2.4983085860158023,11.161905736569413,0.6619057365694125,6.303864157803929
1176,7.86,2.6787733979362454,13.56721415787947,5.707214157879469,72.61086714859375
5902,21.5,3.285442090101857,25.720794702918507,4.220794702918507,19.631603269388407
1760,2.8,1.2268872730365898,2.4105967399451456,0.38940326005485426,13.907259287673368
997,5.2,2.1826636434964173,7.869901074993269,2.669901074993269,51.34425144217825
473,6.2,1.900705544580693,5.690613303357785,0.5093866966422151,8.215914461971211
2266,2.1,0.9178926553087935,1.5040080179984745,0.5959919820015256,28.380570571501217
4205,15.7,2.8068541682135084,15.557748311982472,0.1422516880175273,0.9060617071180083
1882,5.2,2.102160579339134,7.183832644556551,1.9838326445565508,38.15062777993367
4222,18.9,2.5319253710364724,11.577699576990721,7.322300423009278,38.74233028047237
2578,10.8,2.303468459731616,9.008837570208794,1.791162429791207,16.584837312881547
3783,2.6,1.5136564084261546,3.543312667509923,0.943312667509923,36.28125644268935
469,14.9,2.6334989235504267,12.922398186086813,1.9776018139131875,13.272495395390518
5097,14.9,2.555416649316362,11.87666359308759,3.02333640691241,20.290848368539663
7040,17.29,3.0623513898951664,20.377765571065442,3.087765571065443,17.858678837856814
4712,10.0,2.584076374257762,12.251044430349697,2.2510444303496975,22.510444303496975
3997,7.0,2.1372014388795164,7.475684685726202,0.47568468572620226,6.795495510374318
247,6.5,1.386444225523662,3.0005995025360086,3.4994004974639914,53.83693073021525
3780,17.9,2.320724239191577,9.183046597535476,8.716953402464522,48.69806370091913
2182,9.9,2.788989978442617,15.264583922505885,5.364583922505885,54.187716388948324
3395,6.5,2.381370105245911,9.81971686407896,3.319716864078959,51.072567139676295
7097,83.99,4.353847455818027,76.77713207796795,7.212867922032046,8.587769879785744
811,4.0,1.2147355591761178,2.369402938812687,1.6305970611873128,40.764926529682825
6502,26.8,3.2366111082362337,24.447337184664367,2.352662815335634,8.778592594535949
1419,7.4,2.2135198280041144,8.147858681356626,0.7478586813566253,10.10619839671115
6733,13.9,2.775391495092702,15.044907268685964,1.144907268685964,8.236742940186792
3625,3.9,1.4820661498414285,3.4020315480900205,0.4979684519099794,12.768421843845626
228,9.0,2.0822870697494444,7.022796643419149,1.9772033565808513,21.968926184231684
7107,45.5,3.7278133379458405,40.58806961130515,4.911930388694849,10.795451403724943
17,18.0,3.340520090412276,27.233807019865388,9.233807019865388,51.298927888141044
1407,10.6,2.4498640567523022,10.586771468809685,0.01322853119031464,0.12479746405957208
7070,59.99,4.294352666115026,72.28475937904686,12.294759379046859,20.494681411980096
2392,13.5,2.680605459063991,13.593926646662242,0.09392664666224171,0.6957529382388274
6272,47.9,3.558819215247275,34.12170148160527,13.778298518394728,28.764715069717596
5439,109.0,4.5724986958616345,95.78564577723778,13.214354222762225,12.12326075482773
6745,45.49,3.7176313720875274,40.166769776435544,5.323230223564458,11.701978948262164
5879,10.99,2.968595701155686,18.464566326446562,7.474566326446562,68.01243245174305
2440,3.9,1.911994268503616,5.76656970863361,1.8665697086336102,47.86076175983616
5831,17.9,2.9429068013802557,17.970910912579992,0.07091091257999338,0.3961503496089016
5853,13.5,2.4168052093882064,10.209988479535305,3.290011520464695,24.37045570714589
4844,9.0,2.243913911951869,8.430167999836804,0.5698320001631956,6.331466668479951
6915,25.49,3.7099259978165415,39.850783367966244,14.360783367966246,56.338891204261465
6092,21.69,3.119303478931049,21.630611454693693,0.05938854530630877,0.27380611021811324
5461,23.2,2.99445804314864,18.974531621630035,4.225468378369964,18.213225768836054
2585,5.7,1.7528529735269416,4.771043847059476,0.9289561529405246,16.297476367377623
543,9.9,1.914541960081622,5.783830819949814,4.1161691800501865,41.57746646515339
6112,17.0,3.1232744502329237,21.720655626412444,4.720655626412444,27.7685625083085
3794,16.5,2.389354101714517,9.906447211996264,6.593552788003736,39.96092598790143
4119,7.799999,1.7879743314866687,4.977332101175444,2.822666898824556,36.188041803909925
3153,12.0,1.9848493851670246,6.277951135505056,5.722048864494944,47.68374053745787
1535,10.499,2.488095888275668,11.038331954233595,0.5393319542335941,5.13698403879983
1832,14.5,2.923857587101025,17.612950224899578,3.1129502248995777,21.468622240686745
6746,33.79,3.651411567512735,37.529013986557636,3.7390139865576373,11.065445358264686
3590,8.99,2.1900967724072284,7.9360778386209905,1.0539221613790097,11.723272095428362
3289,2.0,1.5801223451853894,3.8555498280430234,1.8555498280430234,92.77749140215117
96,3.8,1.209603483299497,2.352155203471207,1.4478447965287926,38.10117885602086
6679,62.99,4.032784525037182,55.4177894774262,7.572210522573805,12.02128992312082
2094,5.7,1.914541960081622,5.783830819949814,0.08383081994981367,1.4707161394704154
4773,8.0,2.2813215163866056,8.789608993683066,0.7896089936830659,9.870112421038325
2927,9.5,2.297474859588895,8.949028016241105,0.5509719837588953,5.799705092198898
7038,44.5,3.5084049531614543,32.3949587566613,12.105041243338697,27.202339872671228
156,12.99,2.5290659406170684,11.54178589102742,1.4482141089725804,11.148684441667285
1022,6.4,1.9638393336900204,6.126636141517079,0.273363858482921,4.2713102887956405
5447,24.49,3.4332656230252745,29.977639043340094,5.487639043340096,22.40767269636626
4966,5.8,1.8879059940319654,5.605522185901662,0.1944778140983381,3.353065760316174
6458,49.5,3.9764708240839126,52.32849608701552,2.828496087015523,5.714133509122269
2716,12.5,2.445801232055349,10.539791946931567,1.960208053068433,15.681664424547465
1287,15.0,2.6886725928794775,13.712133961865455,1.2878660381345455,8.585773587563637
696,18.0,2.903288092231113,17.23400198875335,0.7659980112466513,4.255544506925841
425,25.0,3.2290842071499486,24.256516639349524,0.743483360650476,2.973933442601904
6872,47.39,3.6150298076413065,36.1524533361445,11.237546663855504,23.71290707713759
712,10.9,2.6219133731639492,12.762030309237321,1.862030309237321,17.08284687373689
4173,2.45,1.0307895477909745,1.8032782833432757,0.6467217166567245,26.39680476149896
1811,16.0,2.7323475169857585,14.36892351421913,1.63107648578087,10.194228036130436
5096,18.7,3.2234085183951926,24.11357454302083,5.413574543020832,28.94959648674242
6480,17.9,3.2005829005213577,23.54683439030729,5.646834390307291,31.546560839705535
447,31.49,3.3582249017577817,27.7381325672849,3.7518674327150983,11.914472634852647
6748,15.899,2.655297905466042,13.229224391711812,2.6697756082881874,16.79209766833252
4080,5.99,2.1532160158419793,7.612511880970912,1.6225118809709116,27.08700969901355
1009,5.3,1.2052976149706387,2.337752295313292,2.9622477046867077,55.8914661261643
592,1.5,1.1156482098779905,2.051545580216238,0.5515455802162381,36.76970534774921
6096,29.85,3.520100023754938,32.78780787825098,2.937807878250979,9.841902439701771
1242,8.5,1.9030939198499937,5.706612096663906,2.793387903336094,32.8633870980717
3058,8.4,2.289539747465147,8.87039376182932,0.47039376182931925,5.599925736063324
131,15.8,2.9444026577831983,17.999309906251057,2.199309906251056,13.91968295095605
2404,4.5,1.8865888670126167,5.596827601346788,1.0968276013467877,24.373946696595283
2306,8.95,2.3025817001371243,8.999966071488343,0.049966071488343644,0.5582801283613815
6277,62.5,4.305173363095316,73.08205743443781,10.582057434437814,16.931291895100504
7103,20.89,2.9218600653271385,17.575807560539698,3.314192439460303,15.86497098832122
624,8.5,1.700732491903084,4.477958482736047,4.022041517263953,47.31813549722298
2986,6.0,1.8774635387784848,5.536903214861267,0.46309678513873287,7.718279752312214
2127,8.3,2.060921793517747,6.853205508827681,1.4467944911723194,17.43125892978698
6539,43.9,3.646947317502183,37.3573941973096,6.542605802690396,14.903430074465597
4739,3.9,1.748884760969227,4.748188495831706,0.8481884958317063,21.74842297004375
3686,17.9,3.0181169505748575,19.452741876154594,1.5527418761545952,8.674535620975393
3844,6.0,2.016987110588003,6.515646974531508,0.5156469745315082,8.594116242191802
2815,9.9,2.1622298580025743,7.690494637799571,2.2095053622004297,22.31823598182252
2579,3.999999,1.6619835008357229,4.269753044534945,0.26975404453494534,6.743852799336833
1945,5.6,2.256436885156006,8.549004279747605,2.949004279747605,52.66079070977866
2436,6.99,1.748884760969227,4.748188495831706,2.241811504168294,32.071695338602204
93,6.5,1.9345962462594075,5.921249010983675,0.5787509890163252,8.903861369481927
6701,35.19,3.2098999492774554,23.776607183123943,11.413392816876055,32.43362550973588
1375,4.868,1.9631612251741024,6.121805147014044,1.2538051470140434,25.756063003575253
3903,5.6,2.3721800846247056,9.720738944154615,4.120738944154615,73.58462400276099
3477,13.5,2.2533586681190236,8.519655566116901,4.980344433883099,36.891440250985916
6022,42.99,3.7825764556710477,42.92907737791862,0.060922622081385214,0.14171347308998655
2223,8.8,1.8790446325706163,5.5472468469254705,3.25275315307453,36.963104012210565
1087,13.9,2.7938169950959217,15.343283128339316,1.4432831283393153,10.383331858556225
2531,2.5,1.7965202288526438,5.028632660274506,2.528632660274506,101.14530641098025
6729,78.99,4.187353061735833,64.84826379192879,14.141736208071208,17.90319813656312
6880,17.375,2.9450557531801924,18.011722320901136,0.6367223209011357,3.6645888972727234
764,1.8,1.1986517083176413,2.3156434531537684,0.5156434531537684,28.64685850854269
4669,6.5,1.8954198622944205,5.6553421453219315,0.8446578546780685,12.994736225816439
476,12.99,2.6843846380529213,13.649184055664433,0.6591840556644328,5.07455008209725
5594,56.5,3.9861240675612692,52.84578176940714,3.6542182305928606,6.467642886005064
2622,1.5,1.251456882170094,2.495431681819903,0.9954316818199032,66.36211212132687
5111,5.7,2.037178185103078,6.668938313268904,0.9689383132689038,16.998917776647435
6466,21.6,3.1659865867255697,22.712126565790992,1.112126565790991,5.148734100884217
4461,10.0,2.138802365574733,7.4892645028453035,2.5107354971546965,25.107354971546965
6338,13.5,2.787559599555634,15.241336035664553,1.7413360356645526,12.898785449367056
7034,23.29,2.948522942305533,18.077753963733745,5.212246036266254,22.37975970917241
2181,20.0,2.88273523515255,16.86306610547281,3.136933894527189,15.684669472635946
6334,34.0,3.465319609467654,30.98668138579117,3.0133186142088313,8.862701806496563
2620,10.0,1.9702672016353973,6.172592760835374,3.827407239164626,38.27407239164626
5170,8.9,2.688246972144047,13.705873504973495,4.805873504973494,53.99857870756735
752,6.8,1.963343419386155,6.123102816901578,0.6768971830984221,9.954370339682677
2283,11.5,2.4390477567595776,10.46212081733817,1.0378791826618308,9.025036370972442
2799,8.0,1.8587660434993252,5.415815048217499,2.5841849517825013,32.302311897281264
3049,14.9,2.9982579257921214,19.050576887691918,4.150576887691917,27.856220722764547
351,3.5,2.0044241911723524,6.42181911718315,2.9218191171831496,83.48054620523284
487,1.8,1.3301674216886736,2.7816764692319977,0.9816764692319977,54.53758162399988
927,5.0,1.8790446325706163,5.5472468469254705,0.5472468469254705,10.94493693850941
3318,6.5,1.7646948619631466,4.83979014408898,1.6602098559110203,25.541690090938772
1061,18.0,2.7129016694815067,14.072948837096227,3.9270511629037728,21.81695090502096
6018,39.39,3.7658743257121294,42.20146150068268,2.8114615006826824,7.137500636411989
2191,3.5,1.8559780269040476,5.397952561416132,1.8979525614161323,54.227216040460924
4608,2.1,1.5381941718871548,3.656174423815597,1.5561744238155968,74.10354399121888
6128,27.9,2.9927784873322523,18.94101143825456,8.95898856174544,32.11107011378294
561,12.99,2.5684117991304167,12.04508975697559,0.9449102430244096,7.274135820049342
3535,9.9,2.291749841042512,8.892232379493468,1.0077676205065327,10.1794709142074
5501,21.99,3.132061770849964,21.921189097602838,0.06881090239716059,0.3129190650166466
2966,9.5,2.34347810875383,9.417406497516637,0.08259350248336261,0.8694052892985539
6026,37.49,3.8164995551024705,44.44485237359956,6.954852373599557,18.551219988262353
334,13.5,2.791171648772211,15.300106617988448,1.8001066179884475,13.334123096210723
2225,6.8,1.8705039770544198,5.491567175923184,1.3084328240768155,19.24165917760023
4847,13.0,2.4928283223390664,11.095437584176706,1.9045624158232943,14.65048012171765
5507,25.5,2.977507134781844,18.638798694383688,6.861201305616312,26.906671786730634
3213,12.5,1.8921172840065412,5.633398611917755,6.866601388082245,54.93281110465795
1103,7.9,2.3875653453865926,9.88695567353419,1.9869556735341902,25.151337639673294
2110,26.99,3.0451040553048037,20.01221752182733,6.977782478172667,25.85321407251822
23,12.99,2.7512643831161685,14.662422672767876,1.6724226727678762,12.874693400830456
4151,21.99,3.1662334579738354,22.717981130707464,0.727981130707466,3.310509916814307
1005,3.2,1.2349928382749253,2.4383538960716344,0.7616461039283657,23.80144074776143
1643,9.7,2.3653765085337985,9.648047143496003,0.051952856503996614,0.5355964588040888
2550,59.7,3.8715644995431884,47.01745062585423,12.682549374145772,21.243801296726588
3038,8.69,1.9903857114737895,6.318355991866755,2.371644008133244,27.291645663213398
4030,1.7,1.6441738979731326,4.1767316315524505,2.4767316315524504,145.69009597367355
3817,7.999,2.204343591314091,8.06429972957677,0.06529972957677099,0.8163486632925491
1671,14.9,2.798237500969218,15.415688623950881,0.5156886239508811,3.46099747618041
1372,14.3,2.6219133731639492,12.762030309237321,1.5379696907626794,10.755032802536219
3203,30.99,3.494612789425058,31.93753172289479,0.9475317228947908,3.057540248127754
445,6.9,2.1516544019981154,7.599072959121404,0.6990729591214038,10.131492161179764
5433,62.99,3.86864055374566,46.8772552645903,16.1127447354097,25.579845587251466
7125,59.999,4.22650253810761,67.47731606624899,7.478316066248986,12.464067844879057
3399,22.5,3.1766802481829948,22.967056658414002,0.4670566584140019,2.075807370728897
3939,2.0,1.1742515216495997,2.2357201707587024,0.23572017075870244,11.786008537935121
5206,20.49,3.184499290214328,23.155190637035496,2.665190637035497,13.007274948928732
6378,83.79,4.4344266414203775,83.3037747360884,0.4862252639116065,0.5802903257090422
2592,16.99,2.6843846380529213,13.649184055664433,3.3408159443355654,19.663425216807333
3887,11.0,2.806713112988601,15.555412919783873,4.555412919783873,41.412844725307934
3518,1.2,1.4164320659481984,3.1223857691548043,1.9223857691548043,160.1988140962337
4295,10.9,2.466199327523444,10.777598883496994,0.12240111650300634,1.122946022963361
1128,10.8,1.9436683005022954,5.984324637588359,4.815675362411642,44.58958668899668
2570,7.5,1.914541960081622,5.783830819949814,1.7161691800501861,22.88225573400248
5277,9.6,2.262160520968262,8.603816014181637,0.9961839858183623,10.376916518941275
1783,10.6,2.3023135829943095,8.997285268557683,1.6027147314423171,15.119950296625634
2523,18.0,2.7704807852068836,14.966308529697994,3.0336914703020064,16.853841501677813
4248,5.15,1.3335485433112495,2.7944844177258155,2.355515582274185,45.73816664610067
1844,6.49,1.9245917433290387,5.8523505769340005,0.6376494230659997,9.825106672819718
5291,7.9,1.8715832454369594,5.49857710124423,2.4014228987557704,30.39775821209836
6129,24.49,3.1372309641846994,22.039979917354238,2.4500200826457608,10.004165302759334
6060,5.69,2.402625572643362,10.052156559123258,4.362156559123258,76.66355991429275
2515,6.699,2.1185278485911923,7.318881815214375,0.6198818152143755,9.253348488048596
5040,17.5,2.688246972144047,13.705873504973495,3.7941264950265055,21.680722828722885
6799,56.99,3.4614178981477526,30.862121744840586,26.127878255159416,45.84642613644397
3554,3.5,1.5823882054244252,3.866564299250755,0.3665642992507552,10.47326569287872
3878,4.2,2.260636676264178,8.589192434871158,4.389192434871158,104.50458178264661
5945,29.7,3.271089591967536,25.340023591494802,4.359976408505197,14.680055247492247
2264,14.5,2.5992338203639096,12.453426343901924,2.046573656098076,14.114301076538455
2462,4.9,1.7072328599723912,4.513683215302659,0.38631678469734165,7.884016014231461
1775,6.6,2.343885561640773,9.421651964723711,2.8216519647237117,42.752302495813815
6861,28.05,3.2149076864406374,23.90099310575626,4.14900689424374,14.791468428676435
378,7.8,2.2135198280041144,8.147858681356626,0.3478586813566258,4.459726684059305
6853,9.999,2.6495719755173437,13.14798166666718,3.1489816666671793,31.492965963268116
4913,1.6,0.9492327744304911,1.5837265975750046,0.01627340242499553,1.0170876515622207
5246,8.2,2.389354101714517,9.906447211996264,1.7064472119962648,20.810331853612986
199,1.5,1.136663333511059,2.1163527683132486,0.6163527683132486,41.09018455421658
2446,11.0,2.6980098018075003,13.850147558631168,2.8501475586311678,25.910432351192437
2957,3.8,1.858883428982073,5.41656821596877,1.61656821596877,42.541268841283426
1328,11.49,2.6139021081332006,12.652219486179822,1.162219486179822,10.115052099041097
1193,10.5,2.289539747465147,8.87039376182932,1.6296062381706804,15.520059411149337
5686,12.75,2.607951443013873,12.57122093651998,0.17877906348001993,1.402188733176627
1075,9.3,2.5684117991304167,12.04508975697559,2.74508975697559,29.517094161027845
5427,3.4,1.5168881360361564,3.558019167399623,0.15801916739962296,4.647622570577146
6969,24.5,3.1343127113184104,21.97284144109362,2.527158558906379,10.314932893495424
2063,10.5,2.7572130067833345,14.755870197480858,4.255870197480858,40.532097118865316
965,14.5,2.7938169950959217,15.343283128339316,0.8432831283393156,5.815745712684936
5060,9.49,2.289539747465147,8.87039376182932,0.6196062381706806,6.5290436055919985
1467,9.4,2.2602262039340055,8.58525714442712,0.8147428555728808,8.667477186945542
5975,18.46,3.121373181922662,21.677498603422077,3.217498603422076,17.42956989936119
3296,51.0,3.299323575571901,26.094305470677476,24.905694529322524,48.83469515553436
5414,7.5,2.0712232654867586,6.93452321214392,0.5654767878560802,7.539690504747737
7126,29.95,3.410189413637676,29.270977452365734,0.6790225476342648,2.267187137343121
5724,62.05,3.741303941259247,41.15291927568846,20.897080724311536,33.67780938648112
2755,6.0,1.958561903617921,6.089124886205632,0.08912488620563241,1.4854147700938736
4022,6.5,2.1273449552722936,7.392554596749106,0.8925545967491058,13.731609180755472
3091,6.5,2.2072201283349973,8.09041106041763,1.5904110604176296,24.467862467963535
2022,5.89,1.8668337809726332,5.467785519875454,0.42221448012454577,7.168327336579725
5090,8.6,2.4268926909663318,10.323641303448785,1.723641303448785,20.04234073777657
2907,7.0,1.9856625170467215,6.283871476274919,0.7161285237250814,10.230407481786877
5744,42.345,3.5097742846611926,32.44071884883681,9.90428115116319,23.38949380366794
5769,15.1,2.8344083991742135,16.02032808117537,0.9203280811753718,6.094887954803787
6155,18.49,2.901557367442336,17.20247124290515,1.2875287570948473,6.963378891805556
6547,13.79,2.445168142506544,10.532488537354654,3.257511462645345,23.62227311562977
2850,6.699999,1.963343419386155,6.123102816901578,0.5768961830984223,8.61039207764691
2132,16.5,2.4318090102365906,10.379449011246178,6.120550988753822,37.09424841668983
6114,86.19,4.535438320974361,92.26438608309084,6.074386083090843,7.04766919954849
6570,20.79,3.1248946199864536,21.757496781842736,0.9674967818427369,4.653664174327739
6434,31.0,3.556605093092488,34.044023769945724,3.044023769945724,9.81943151595395
4246,7.5,1.9481908401667853,6.015983057060332,1.4840169429396681,19.78689257252891
1701,4.5,2.248266044914115,8.471298783225782,3.971298783225782,88.25108407168405
6332,39.999,3.589662567833037,35.22185144630111,4.777148553698893,11.94316996349632
3927,19.5,3.184962477230803,23.166381599273176,3.6663815992731763,18.80195691934962
5780,66.99,4.31027094609772,73.4606610329877,6.470661032987707,9.659144697697727
547,12.4,2.5064179420919546,11.260931937437054,1.1390680625629468,9.186032762604409
6811,37.99,3.7405271074073587,41.12018617677498,3.130186176774977,8.239500333706177
6203,33.3,3.73910213827023,41.06020895441718,7.76020895441718,23.303930794045588
1263,19.9,2.820811983372275,15.790478728053426,4.109521271946573,20.650860663048107
5231,2.299,1.405345071382499,3.0769333315876226,0.7779333315876227,33.83790046053165
3011,13.29,2.4679844856728748,10.798642537661484,2.491357462338515,18.746105811426
5865,13.69,2.6666097084591898,13.39109638075191,0.2989036192480903,2.183371944836306
1789,11.9,2.3972780306294594,9.993212431144338,1.9067875688556626,16.023424948366912
6610,21.49,3.370180056191472,28.083763298027304,6.593763298027305,30.68293763623688
3018,6.4,1.7967077992606637,5.0297635594206875,1.3702364405793128,21.409944384051762
5494,26.59,3.268850962994246,25.28112400328583,1.3088759967141712,4.922436994035995
4715,13.8,2.629530653754141,12.867259828169322,0.9327401718306785,6.75898675239622
2199,5.9,2.195185862335897,7.981670255907963,2.0816702559079623,35.282546710304445
1244,2.5,0.9449471658395125,1.5726774497442522,0.9273225502557478,37.09290201022991
7130,10.89,3.152872070212349,22.403183736224747,11.513183736224747,105.72253201308305
5008,38.0,1.5821486196029284,3.8653984791078173,34.13460152089218,89.82789873918996
5482,12.726,2.5603073068868185,11.939793192166613,0.7862068078333877,6.177957000105199
4837,8.5,2.3225140712234023,9.20128886094108,0.7012888609410801,8.25045718754212
7202,35.29,3.5974583147269836,35.50533136538114,0.2153313653811395,0.6101767225308572
6764,20.99,3.009399000694615,19.275210875150005,1.7147891248499931,8.169552762505923
3915,5.2,1.89682119220268,5.664675013005914,0.4646750130059134,8.936057942421412
6083,32.299,3.383450562086913,28.47229183360196,3.8267081663980385,11.847760507749586
518,13.29,2.8423307444202024,16.155704537890358,2.865704537890359,21.562863340032802
611,12.5,2.398916560332782,10.011239901487206,2.4887600985127936,19.91008078810235
5806,11.22,2.4212595599178277,10.260033072991321,0.9599669270086792,8.55585496442673
5672,16.5,2.9057910777993636,17.279698597701817,0.7796985977018167,4.725446046677677
2288,7.5,1.9116620367418664,5.764322012656981,1.7356779873430188,23.142373164573584
957,10.99,2.423431080631761,10.28451103563153,0.7054889643684703,6.419371832288173
4401,6.15,2.237156738404142,8.36666152186298,2.2166615218629797,36.04327677825983
491,25.8,2.640964109865375,13.02672039036208,12.773279609637921,49.50883569627101
1330,4.9,2.016987110588003,6.515646974531508,1.6156469745315079,32.97238723533689
3458,21.5,2.9882397005738635,18.850708527442,2.6492914725580015,12.322285918874426
323,5.89,1.3229861848533075,2.7546166327090242,3.1353833672909754,53.232315234142206
5362,7.2,2.1265257947914544,7.385682562723787,0.18568256272378658,2.5789244822748136
7010,22.79,3.1134902255908,21.49943562563788,1.2905643743621198,5.662853770785958
4247,10.5,2.4436858931313283,10.515407175971498,0.015407175971498432,0.14673500925236602
2031,4.75,1.4346633732407243,3.1982315338186043,1.5517684661813957,32.668809814345174
5516,32.0,3.8020409044291523,43.792508498805965,11.792508498805965,36.85158905876864
1153,6.3,1.7671540229867384,4.854168800867228,1.4458311991327717,22.94970157353606
6685,15.7,2.8699563132402637,16.63624771249093,0.9362477124909319,5.963361226056891
7286,6.6,2.0978775700039103,7.1488561686961685,0.5488561686961688,8.316002556002559
6854,21.69,3.135901540648341,22.009370376804892,0.31937037680489055,1.4724314283305233
1606,6.4,2.0288811000762883,6.605571722535239,0.2055717225352387,3.212058164613105
324,23.9,3.026304569818041,19.6208885602911,4.279111439708899,17.904231965309204
2083,7.99,2.0204762956368447,6.541916260135615,1.4480837398643853,18.123701375023597
2687,10.8,2.3407602084441095,9.389131466933335,1.4108685330666653,13.063597528395048
6858,35.35,3.5131234350902956,32.55290460534235,2.797095394657653,7.912575373854747
586,7.89,1.9378748575833211,5.943978336318082,1.9460216636819174,24.664406383801236
4125,9.8,2.6017484142266816,12.487298817127716,2.687298817127715,27.421416501303213
3245,8.99,2.4948276934763736,11.119645044760528,2.1296450447605277,23.689043879427448
4556,4.4,2.079946074111449,7.0040372778360656,2.604037277836065,59.18266540536511
706,24.9,3.176117018752607,22.953561507534037,1.946438492465962,7.817022058096233
1978,6.4,2.085200886784087,7.046207696142368,0.6462076961423673,10.096995252224488
4160,7.4,1.2669522396682156,2.5500164584803158,4.849983541519684,65.54031812864439
4995,4.39,1.3911987154933125,3.0196656016157943,1.3703343983842053,31.214906569116295
6812,9.8,2.488120066465561,11.038623022828318,1.2386230228283175,12.639010437023646
6202,17.34,2.8283528337939448,15.917571809352076,1.4224281906479241,8.203161422421708
5939,27.79,3.099694965637511,21.191181176133806,6.598818823866193,23.745299833991336
6218,29.3,3.2490011767820377,24.764592787440673,4.535407212559328,15.479205503615454
4453,9.5,2.1503952590041706,7.588252310452113,1.9117476895478873,20.12365988997776
3801,8.9,2.3225140712234023,9.20128886094108,0.30128886094107976,3.38526810046157
2572,56.99,3.5482671377152744,33.75304304146153,23.23695695853847,40.77374444382957
208,2.25,1.4870639314361218,3.42408700861958,1.1740870086195798,52.18164482753688
3682,29.8,3.1497646907728476,22.330574035634715,7.469425964365286,25.06518779988351
747,2.5,1.618659708834702,4.046322240864326,1.5463222408643258,61.852889634573025
5101,9.9,1.9879626115904263,6.300644351519312,3.599355648480689,36.3571277624312
6260,40.99,3.7868894811618565,43.11895378498621,2.1289537849862086,5.193836996794849
798,5.0,1.3985813532746711,3.0494511494258125,1.9505488505741875,39.010977011483746
88,6.99,2.530893952042116,11.564733386678672,4.5747333866786715,65.44682956621848
734,1.7,1.874371215541822,5.516720219410304,3.8167202194103043,224.51295408295908
1221,4.8,2.0805652150070983,7.008994439077346,2.2089944390773466,46.02071748077805
3574,14.5,2.343885561640773,9.421651964723711,5.078348035276289,35.02308989845716
1480,6.9,1.7255476679977864,4.615595669712143,2.284404330287857,33.10730913460662
3936,10.49,3.012456179906153,19.337290674531527,8.847290674531527,84.34023521955697
6199,28.99,3.194734824709975,23.40370157556734,5.586298424432659,19.26974275416578
852,13.5,2.4366906441322413,10.435135124276833,3.064864875723167,22.70270278313457
486,7.89,2.0268145690491584,6.58987080139953,1.3001291986004695,16.47819009633041
2678,3.6,1.6025785648664383,3.965820620297598,0.365820620297598,10.161683897155498
3195,4.0,1.6159600833467782,4.032717432928371,0.03271743292837126,0.8179358232092815
1430,8.4,2.2818827621274496,8.795104912171453,0.39510491217145294,4.703629906803012
1536,14.9,2.956965115969862,18.239493431558298,3.3394934315582976,22.41270759435099
1891,6.0,2.5165119619688707,11.385320763609895,5.385320763609895,89.75534606016492
6513,39.99,2.959337899456984,18.28519878688568,21.704801213114322,54.27557192576724
1919,5.6,2.190595202077348,7.940532955139151,2.3405329551391514,41.79523134177056
4302,14.8,2.7969795827709487,15.395052012799262,0.5950520127992611,4.020621708103116
198,5.0,1.490638084344896,3.4399276636686436,1.5600723363313564,31.20144672662713
4629,6.6,1.9163451961175495,5.796074704134828,0.8039252958651719,12.180686300987453
2882,3.85,2.0946104405514943,7.122276244373854,3.272276244373854,84.99418816555465
1057,8.9,2.343885561640773,9.421651964723711,0.521651964723711,5.861258030603494
73,7.0,2.103369275517897,7.193730392281585,0.1937303922815854,2.767577032594077
548,27.8,3.212306079655288,23.83629470951554,3.9637052904844623,14.257932699584398
6352,13.69,2.80934264234897,15.59900314990767,1.9090031499076705,13.94450803438766
2963,4.0,1.847807558465748,5.345891264155488,1.3458912641554877,33.647281603887194
6569,27.3,3.6644768125688985,38.03570782794151,10.735707827941507,39.32493709868684
1512,34.99,2.8823591215311053,16.856348826299058,18.133651173700944,51.82523913604157
3912,10.9,2.3725859187742686,9.725090669106272,1.174909330893728,10.77898468709842
1582,1.9,1.2058841937605576,2.339710724346038,0.4397107243460381,23.142669702423056
6697,15.44,2.948522942305533,18.077753963733745,2.6377539637337453,17.0838987288455
5822,10.08,2.4449379446322084,10.529834088543511,0.44983408854351126,4.462639767296739
2865,6.9,2.016987110588003,6.515646974531508,0.38435302546849215,5.570333702441914
3647,10.8,2.4498640567523022,10.586771468809685,0.2132285311903157,1.9743382517621824
5349,20.499,2.688614908796155,13.711285330380647,6.787714669619351,33.112418506363
4428,3.0,1.3930643498203295,3.027171827504464,0.02717182750446412,0.9057275834821373
6213,25.55,3.0709720582692426,20.56285284037397,4.98714715962603,19.519166965268216
4359,28.8,3.5199357661161454,32.78225842849116,3.9822584284911606,13.827286210038753
1452,3.6,1.9126981158684708,5.771334017368526,2.1713340173685256,60.314833815792376
7037,24.89,3.0510538782012,20.137609153835136,4.7523908461648645,19.09357511516619
2020,1.9,1.2702998917814219,2.5619205929126148,0.6619205929126148,34.8379259427692
4903,29.49,3.3655265958497322,27.948737571025884,1.5412624289741146,5.226390060949863
5220,6.9,1.9163451961175495,5.796074704134828,1.1039252958651726,15.998917331379312
6818,12.35,2.7976323709593487,15.405758003093244,3.055758003093244,24.74297978213153
4814,10.0,2.7774402683572204,15.077813342761939,5.077813342761939,50.77813342761939
5267,8.8,2.3102766253666394,9.077211881918519,0.2772118819185181,3.1501350218013418
2098,9.2,2.5592791332049463,11.926495674607798,2.726495674607799,29.63582255008477
1880,13.5,2.2629854335765587,8.611741591604435,4.888258408395565,36.20932154367085
937,9.5,2.289539747465147,8.87039376182932,0.6296062381706804,6.627434086007162
7120,29.999,3.3241303632598513,26.774834120811565,3.2241658791884333,10.747577849889774
2855,13.5,2.510681653245568,11.313320615422247,2.1866793845777526,16.197625070946316
6139,14.99,3.0233054798694927,19.559137305748546,4.569137305748546,30.4812361957875
5985,12.49,2.470249765111199,10.825400055187162,1.6645999448128386,13.327461527724887
1295,7.0,2.405922837375152,10.088658590515552,3.0886585905155517,44.123694150222164
1175,45.9,3.4813034283814597,31.50205858418115,14.397941415818849,31.368064086751307
2197,5.5,1.574964365875252,3.830569481927813,1.6694305180721871,30.35328214676704
2614,41.9,3.5737470116374848,34.64992387938773,7.25007612061227,17.303284297403987
6148,27.36,2.9450550440732743,18.011708839562093,9.348291160437906,34.16773084955375
4335,4.0,1.9907136135364607,6.320756089368807,2.320756089368807,58.01890223422017
4914,11.5,2.4983085860158023,11.161905736569413,0.33809426343058746,2.9399501167877173
1321,7.2,1.8926829758611945,5.637152133049255,1.5628478669507455,21.70622037431591
1181,12.79,2.7512643831161685,14.662422672767876,1.8724226727678772,14.639739427426719
6150,22.799,3.1616736582555327,22.61007808213212,0.18892191786788004,0.8286412468436336
3438,12.6,2.299773085951661,8.97191942946086,3.62808057053914,28.794290242374128
6343,34.99,3.2953204625922097,25.986060707331692,9.00393929266831,25.73289309136413
4301,12.6,2.4983085860158023,11.161905736569413,1.438094263430587,11.413446535163391
620,7.9,2.1359480622638656,7.465068115409814,0.4349318845901866,5.505466893546665
6864,24.89,3.177185724106128,22.979174490881462,1.9108255091185384,7.677081193726551
5159,16.0,2.5156594733868745,11.374766918230053,4.625233081769947,28.90770676106217
2492,15.5,2.433401522331846,10.397585358777377,5.102414641222623,32.91880413692015
478,14.0,2.717147241674389,14.137078166064708,0.13707816606470757,0.9791297576050542
3968,5.3,2.0878857814813836,7.067839943677479,1.7678399436774788,33.355470635424126
2276,3.7,1.9482212374414731,6.01619632706592,2.31619632706592,62.59990073151135
5227,6.9,2.173051447261467,7.78505029973684,0.8850502997368395,12.826815938215063
1897,12.5,1.7448007883076737,4.724760922507803,7.775239077492197,62.20191261993757
7044,14.766,2.8159450089346567,15.70895843679266,0.9429584367926598,6.3860113557677085
2206,1.4,1.0434960033349092,1.839125276035264,0.4391252760352642,31.366091145376018
1033,4.5,1.8005925903273106,5.053233489400917,0.5532334894009168,12.294077542242594
5948,10.59,2.1939214106495246,7.9703205448992485,2.6196794551007514,24.737294193585942
286,12.3,2.9444026577831983,17.999309906251057,5.699309906251056,46.33585289635004
550,3.2,1.23753087252325,2.4470916396735483,0.7529083603264519,23.52838626020162
7008,10.099,2.4784510258987296,10.922782026597554,0.823782026597554,8.157065319314327
5668,25.79,3.412459361028785,29.33976902574802,3.54976902574802,13.764129607398296
5015,2.5,1.028684113264525,1.7973823733624736,0.7026176266375264,28.104705065501058
2825,12.5,2.534359217818793,11.608349053570524,0.8916509464294755,7.133207571435804
1055,10.799,2.3491778188153503,9.476952229646168,1.3220477703538318,12.242316606665728
2091,6.5,1.8455679378053964,5.331694778277491,1.168305221722509,17.9739264880386
6540,25.79,3.135901540648341,22.009370376804892,3.7806296231951073,14.65928508412217
2571,3.5,1.4290012015415483,3.1745275972499822,0.32547240275001776,9.299211507143365
1677,10.3,2.097555343652118,7.1462308155033565,3.1537691844966442,30.619118296083926
1174,1.8,0.9449471658395125,1.5726774497442522,0.22732255025574788,12.629030569763772
6021,78.2,4.280861399334752,71.3026946835087,6.897305316491298,8.820083524924934
5916,12.54,3.0299104858869037,19.69537997788939,7.1553799778893925,57.06044639465225
5389,3.9,1.7066773008999223,4.51062088929994,0.6106208892999399,15.656945879485637
2087,14.0,2.6248822365054267,12.802948606888668,1.197051393111332,8.55036709365237
1370,46.5,3.5482671377152744,33.75304304146153,12.746956958538469,27.41281066352359
6314,16.899,2.928469228049116,17.69898469588998,0.7999846958899788,4.733917367240539
2934,5.0,1.8119426012444677,5.122329131982581,0.122329131982581,2.44658263965162
3107,16.99,2.7482431131613625,14.615173677652853,2.374826322347145,13.977788830766011
1188,7.8,1.9091005737623947,5.7470176239771344,2.0529823760228654,26.320286872088015
2029,6.699999,2.1826636434964173,7.869901074993269,1.169902074993269,17.46122760605291
4209,4.888888,1.8954198622944205,5.6553421453219315,0.7664541453219318,15.677474004762063
5027,4.5,1.8689964792330624,5.481788525047603,0.9817885250476026,21.817522778835613
7009,23.5,3.412689466060717,29.34675116255009,5.846751162550088,24.879792181064207
7093,40.9,3.872481253571563,47.061491001159055,6.161491001159057,15.064770173983025
3956,7.2,2.4183944536367377,10.227818053273591,3.0278180532735908,42.05302851768876
833,9.0,2.0867180013364934,7.058423979337256,1.941576020662744,21.57306689625271
1393,5.4,2.1553694149031593,7.631078038968928,2.2310780389689278,41.31625998090607
549,24.9,3.144362223104543,22.204871222153958,2.6951287778460404,10.823810352795343
1020,5.5,1.914541960081622,5.783830819949814,0.28383081994981385,5.160560362723888
248,3.6,1.5493224264247318,3.7082788961821196,0.1082788961821195,3.007747116169986
2648,6.5,1.5010393944074572,3.486349734608333,3.013650265391667,46.36385023679488
296,6.3,2.0557273312152295,6.812518094963999,0.5125180949639994,8.13520785657142
1559,7.39,1.72998928106818,4.640593446967698,2.7494065530323013,37.20441885023412
1563,12.8,2.4854882083343686,11.006980732211911,1.7930192677880896,14.00796302959445
6766,13.69,2.7413787047205345,14.508351801603276,0.818351801603276,5.977734124202162
3260,9.7,2.346727016676801,9.451306731573522,0.24869326842647688,2.563848128108009
100,1.4,1.030781361427438,1.803255334782087,0.4032553347820871,28.80395248443479
4204,43.5,3.5695533689328327,34.50073387961244,8.99926612038756,20.687968092844965
3197,7.0,1.6098904077579093,4.002262988576306,2.997737011423694,42.82481444890991
2937,17.5,2.8049187791729513,15.525733617800487,1.974266382199513,11.281522183997216
7017,15.99,2.6191180086248234,12.72361413634375,3.26638586365625,20.42767894719356
1499,6.0,1.9304940215561444,5.8929146490079996,0.10708535099200045,1.7847558498666742
4872,7.0,2.2224897303483475,8.230283197668495,1.230283197668495,17.57547425240707
1656,5.0,1.8861950036056228,5.594229863962799,0.5942298639627994,11.884597279255988
6788,13.29,2.7704479569460676,14.965784392160622,1.6757843921606224,12.609363372164204
346,4.0,1.5493224264247318,3.7082788961821196,0.2917211038178804,7.29302759544701
1718,7.5,2.2135198280041144,8.147858681356626,0.6478586813566256,8.638115751421676
1665,1.7,1.1489885163579208,2.155000064250769,0.455000064250769,26.764709661809942
681,6.0,1.9841528571559772,6.272883603719937,0.27288360371993736,4.548060061998957
6514,69.99,3.826227097500471,44.8890762020097,25.100923797990298,35.863585937977284
3898,3.9,1.7764791534699804,4.909015015417049,1.0090150154170492,25.87217988248844
6186,20.45,3.1475542603931324,22.27906038065877,1.8290603806587704,8.944060541118683
6408,54.999,3.9048404927504605,48.64216099606999,6.356839003930013,11.558099245313572
7289,23.79,3.2850797141048864,25.711113482525086,1.9211134825250866,8.075298371269806
5761,17.75,2.8043299877364896,15.516006271335247,2.2339937286647533,12.585880161491566
7063,49.59,3.6599360802546395,37.858858943578625,11.731141056421379,23.656263473324014
1793,3.8,1.9542870686186673,6.058884728920619,2.258884728920619,59.44433497159525
3542,5.9,2.1870943751489964,7.909288419382587,2.009288419382587,34.05573592173876
6741,18.8,3.076454822089805,20.68140156013984,1.8814015601398388,10.007455107126802
1706,6.2,2.1148488131592464,7.288332584570757,1.0883325845707565,17.55375136404446
1414,5.6,1.7655440377305411,4.844751258496955,0.7552487415030447,13.486584669697226
4761,2.9,1.4619884180891982,3.3145300942730227,0.4145300942730228,14.294141181828374
3066,8.8,1.914541960081622,5.783830819949814,3.016169180050187,34.274649773297575
2991,8.0,2.1372629885523446,7.476206377400414,0.5237936225995856,6.54742028249482
6041,9.75,2.390633990401008,9.920415187212678,0.17041518721267757,1.7478480739761801
84,37.9,3.4146179113901396,29.40532967767063,8.49467032232937,22.413378159180393
5327,9.5,2.1372014388795164,7.475684685726202,2.0243153142737977,21.30858225551366
3207,9.0,2.3953323784896274,9.971844258110726,0.9718442581107265,10.798269534563627
5025,3.99,1.5750763892403394,3.831110648887573,0.1588893511124274,3.98218925093803
1561,1.2,1.0622817927535102,1.8929646094517398,0.6929646094517399,57.747050787644994
6072,8.39,3.599386069200204,35.575772556062695,27.185772556062695,324.02589458954344
2948,8.9,2.488095888275668,11.038331954233595,2.1383319542335943,24.026201732961734
3528,7.8,2.1553694149031593,7.631078038968928,0.1689219610310717,2.165666167065022
1297,5.0,1.875638436888964,5.524983581034008,0.5249835810340082,10.499671620680164
4866,8.499,2.2075860485490812,8.093738034245334,0.4052619657546668,4.768348814621329
6289,13.28,2.721008824531718,14.19564425374369,0.9156442537436913,6.894911549274784
4506,14.2,2.5955905028992765,12.404500421197605,1.795499578802394,12.644363231002774
1912,18.5,2.7428938189649865,14.53186653558175,3.9681334644182495,21.449370077936482
6456,79.99,3.9080541472161845,48.80195036483275,31.188049635167246,38.9899357859323
5998,9.494,2.3499748522617385,9.48530603968017,0.008693960319829941,0.09157320749768212
6127,18.99,2.9292525130539913,17.71363706795118,1.2763629320488192,6.7212371355914655
6875,44.199,3.34377828872116,27.325948388062603,16.873051611937395,38.17518860593542
1817,12.2,2.3152060071926823,9.127008940550292,3.0729910594497074,25.188451306964815
3722,7.6,2.262745242405444,8.60943321337223,1.0094332133722297,13.282015965424076
5451,9.79,2.488781722519705,11.046591086402987,1.2565910864029881,12.835455428018266
6187,36.99,3.5964462923367613,35.468405840557395,1.521594159442607,4.113528411577742
7164,8.99,2.5924958928042052,12.36308283756433,3.373082837564329,37.5203875146199
3089,1.2,1.110440154220676,2.0356942740649915,0.8356942740649915,69.64118950541597
4845,6.0,1.8685462744893673,5.4788710498858535,0.5211289501141465,8.685482501902442
3142,3.2,1.2463051749204408,2.4774705460648034,0.7225294539351967,22.5790454354749
1623,5.5,1.8503484146750968,5.362035763117413,0.13796423688258663,2.5084406705924844
6834,18.38,2.9526698966004714,18.15703280672598,0.2229671932740196,1.2130968078020654
5459,16.79,3.1653418894073932,22.696844348117462,5.906844348117463,35.18072869635178
5605,47.95,3.8232396119700502,44.752187828680626,3.1978121713193772,6.669055623189525
6392,26.4,3.382947127488629,28.4574581963986,2.0574581963986027,7.7934022590856165
1199,2.0,1.5314221601785036,3.624749281911156,1.6247492819111562,81.23746409555781
373,6.0,1.6217340650551182,4.061860305570312,1.9381396944296876,32.302328240494795
2457,5.7,1.8926829758611945,5.637152133049255,0.06284786695074551,1.102594157030623
5260,4.99,1.72998928106818,4.640593446967698,0.34940655303230184,7.002135331308653
3819,21.09,3.1251743732053994,21.763864155427704,0.6738641554277045,3.1951832879454933
7284,23.3,3.384472791250786,28.502434673660723,5.202434673660722,22.32804580970267
1317,8.0,2.345462433776158,9.438098540977567,1.4380985409775668,17.976231762219584
1446,13.0,2.737018028019407,14.440872128677853,1.440872128677853,11.083631759060406
3799,18.9,2.903676530727166,17.24108615285484,1.6589138471451577,8.777321942566973
3482,3.7,1.7324424554320708,4.654447792823943,0.9544477928239425,25.795886292538988
1488,6.399,1.9903857114737895,6.318355991866755,0.08064400813324468,1.260259542635485
4486,4.0,1.5232701800329926,3.587201669218274,0.412798330781726,10.31995826954315
6067,102.0,4.2505516241291454,69.14409485184271,32.85590514815729,32.211671713879696
812,5.123,1.53729016051597,3.6519670912150364,1.4710329087849638,28.714286722329955
3580,34.5,3.2907019013442333,25.861711311805422,8.638288688194578,25.038517936795877
4317,3.95,1.4358659514791576,3.2032832726478535,0.7467167273521467,18.904220945623965
3366,3.9,1.4371909371161258,3.2088562538569283,0.6911437461430716,17.721634516489015
3651,4.0,1.5821486196029284,3.8653984791078173,0.1346015208921827,3.3650380223045673
6684,40.5,3.5479461180253216,33.741888420881665,6.758111579118335,16.68669525708231
1511,3.5,1.2659024373226277,2.5462915984008445,0.9537084015991555,27.248811474261586
7149,18.29,3.010789529401602,19.30342374877149,1.0134237487714906,5.540862486448828
1801,3.4,1.3595504706311694,2.894442242085287,0.5055577579147128,14.869345821020966
4516,4.6,1.8926829758611945,5.637152133049255,1.037152133049255,22.54678550107076
921,7.8,2.262160520968262,8.603816014181637,0.8038160141816375,10.305333515149199
322,15.0,2.816686343585606,15.721349959228096,0.7213499592280961,4.808999728187307
3838,2.5,1.3490610875719744,2.8538054456633764,0.35380544566337635,14.152217826535054
5634,27.49,3.322681123717558,26.73461088651394,0.7553891134860571,2.7478687285778727
7262,9.08,2.526767409472247,11.512991310842295,2.4329913108422954,26.795058489452593
4402,6.85,1.9803761454016415,6.245467822065461,0.604532177934539,8.825287269117357
6217,10.45,2.511537825332803,11.323867451143265,0.8738674511432656,8.362367953524073
1569,5.9,2.1277243060161184,7.395738922527963,1.4957389225279627,25.351507161490893
4661,17.5,2.860155309804365,16.464239093519257,1.0357609064807427,5.91863375131853
231,12.9,2.447150410244719,10.555371690097777,2.344628309902223,18.175413255055993
1545,1.8,1.243074873762325,2.4662553928461164,0.6662553928461163,37.01418849145091
1420,1.0,1.1086232449974793,2.0301837007613077,1.0301837007613077,103.01837007613076
1079,5.9,2.2845642987522137,8.821406092766178,2.921406092766178,49.515357504511485
3103,7.9,1.934540392360034,5.9208624430336405,1.9791375569663598,25.05237413881468
1115,4.75,1.9638393336900204,6.126636141517079,1.3766361415170794,28.98181350562272
6946,14.45,2.722582579473938,14.21957730142468,0.23042269857531927,1.5946207513862924
1941,10.9,2.3152060071926823,9.127008940550292,1.7729910594497085,16.26597302247439
1867,10.95,2.273642224713883,8.714719647452965,2.2352803525470346,20.413519201342783
2586,6.65,2.271499228284298,8.693923329110838,2.0439233291108376,30.73568915956147
2751,11.5,2.3193568929336945,9.169132361833432,2.330867638166568,20.268414244926678
1425,9.59,2.289539747465147,8.87039376182932,0.7196062381706803,7.503714683740149
5395,14.5,2.541804166649181,11.702567859012241,2.797432140987759,19.292635455087993
4053,32.5,3.2226626349556198,24.094849727793626,8.405150272206374,25.862000837558075
7283,16.95,2.911893867319967,17.391596849186897,0.44159684918689734,2.6052911456454124
4333,4.49,1.9829289944099044,6.263988037007517,1.7739880370075172,39.50975583535673
1618,9.0,2.6814351905739815,13.606040712471524,4.606040712471524,51.17823013857249
2402,16.8,2.8203191956732616,15.782206625038398,1.0177933749616024,6.058293898580967
265,15.3,2.7326374727568625,14.373380468416304,0.9266195315836967,6.05633680773658
0,9.99,2.289539747465147,8.87039376182932,1.1196062381706806,11.207269651358164
4015,16.5,2.551132835757014,11.821620348661895,4.678379651338105,28.353816068715787
5187,3.5,1.481942253268027,3.4014861852501985,0.09851381474980148,2.8146804214228993
838,1.2,1.4777941243781572,3.3832660690680347,2.1832660690680346,181.93883908900287
14,21.9,2.785393595053576,15.20619529992656,6.693804700073439,30.565318265175524
3263,2.6,1.0904532787964614,1.9756225535308496,0.6243774464691505,24.014517171890404
4912,21.0,2.7380995466360623,14.457580753057922,6.542419246942078,31.15437736639085
6477,29.155,3.5311157460419897,33.16206254473919,4.007062544739192,13.743997752492513
8,16.5,2.6952355763198357,13.809006993766179,2.690993006233821,16.30904852262922
1039,8.5,2.7035230862245627,13.932246755910505,5.432246755910505,63.908785363652996
2759,11.9,2.4498640567523022,10.586771468809685,1.3132285311903154,11.035533875548868
3992,15.5,2.717302466846681,14.139428004003312,1.360571995996688,8.777883845139922
6472,12.99,2.9548842960314476,18.199501132837128,5.2095011328371275,40.103934817837775
4141,32.79,3.4346803613457944,30.021495311630808,2.768504688369191,8.443137201491892
6629,18.1,2.9990056521655277,19.065574839316074,0.9655748393160728,5.334667620530788
339,4.1,1.437450806048254,3.20995014696536,0.8900498530346397,21.708533000844874
1956,3.3,1.5034260055940059,3.4970696941710955,0.19706969417109566,5.971808914275626
4220,6.5,1.717284295497074,4.569383109640937,1.9306168903590626,29.701798313216347
2770,29.999999,2.632875765149437,12.91372502935114,17.08627397064886,56.95424846730449
1090,23.5,3.3010559191122852,26.141282794424168,2.6412827944241677,11.239501252868799
4512,8.999,1.9533292739338597,6.052127003419984,2.9468729965800167,32.746671814424005
1883,6.0,2.1265331110956556,7.385743915152787,1.385743915152787,23.095731919213115
622,5.3,2.10256339650349,7.187129896866324,1.8871298968663242,35.60622446917593
7220,12.5,2.6997025015817147,13.875305686622507,1.3753056866225073,11.002445492980058
5192,3.8,2.0805652150070983,7.008994439077346,3.2089944390773466,84.44722208098281
5045,2.8,1.9152597015994863,5.788701604752598,2.988701604752598,106.73934302687852
4331,16.5,3.0644965591052657,20.42367371831638,3.9236737183163797,23.779840717068968
4952,4.7,1.40854067068737,3.0899824156253786,1.6100175843746216,34.25569328456642
3032,8.4,2.0931888889759818,7.110738212678497,1.2892617873215038,15.348354610970283
4568,5.999,1.8790446325706163,5.5472468469254705,0.4517531530745291,7.530474296958312
889,4.5,2.141437743123465,7.511666425718131,3.011666425718131,66.92592057151401
1507,3.1,1.3404445006058954,2.820741449859133,0.2792585501408671,9.008340327124746
3688,10.0,2.024561684979774,6.572790949070028,3.4272090509299717,34.272090509299716
196,1.9,0.9064612114831752,1.4755465786140247,0.4244534213859752,22.33965375715659
5533,12.99,2.6238322130933627,12.788462794248069,0.20153720575193113,1.5514796439717562
3980,11.2,2.6219133731639492,12.762030309237321,1.562030309237322,13.946699189618947
2789,3.8,1.7039017625126796,4.495347155706342,0.695347155706342,18.29860936069321
6575,38.0,2.745831879164194,14.577567197242136,23.422432802757864,61.637981059889114
4236,21.5,2.63330508366563,12.919699731568834,8.580300268431166,39.90837334154031
432,4.2,1.9371709608735426,5.939092212679295,1.739092212679295,41.40695744474511
2598,10.9,2.5131166312916324,11.343339814007434,0.44333981400743383,4.067337743187466
6091,28.99,3.1490580459560724,22.314093430073086,6.675906569926912,23.02830827846469
1694,23.5,3.3347200821405587,27.070524682796776,3.5705246827967763,15.193722054454367
5357,29.9,3.407076165606365,29.176882937187813,0.7231170628121859,2.418451715090923
1108,13.9,2.798237500969218,15.415688623950881,1.515688623950881,10.904234704682597
6353,37.5,3.7555066552968457,41.75587681523077,4.255876815230771,11.349004840615388
6690,60.89,3.8218814545037776,44.6900913311389,16.1999086688611,26.605203923240435
6262,110.99,4.3752160028938984,78.45700064085112,32.532999359148874,29.311649120775634
4825,1.65,1.3712402801515386,2.940234660944046,1.290234660944046,78.19604005721492
1277,4.6,1.7992350807484674,5.045021741980045,0.44502174198004507,9.674385695218373
1195,5.9,1.8668337809726332,5.467785519875454,0.43221448012454644,7.325669154653329
6062,18.19,3.2498160723639815,24.78559679714878,6.5955967971487794,36.25946562478713
604,9.0,2.2971329513138774,8.945626942694696,0.05437305730530362,0.6041450811700402
3742,6.2,1.555518982488803,3.7375445899400646,2.4624554100599356,39.71702274290219
1593,17.9,2.986147496827146,18.809220216819305,0.9092202168193069,5.079442552063167
1219,19.4,3.1625987544128757,22.63192978054319,3.23192978054319,16.659431858470054
2229,7.0,2.1083421987214024,7.2345786677597665,0.23457866775976655,3.3511238251395223
4519,4.1,1.4537079962949058,3.2789514715380914,0.8210485284619082,20.025573864924592
1652,3.3,1.434662609567979,3.198228327744828,0.10177167225517181,3.0839900683385397
4657,5.9,1.9151950660489503,5.788262827467408,0.11173717253259241,1.8938503819083459
4865,5.9,1.5933009952867883,3.919962926869929,1.9800370731300712,33.559950392035105
6264,11.09,2.4201653208303893,10.247718643370852,0.8422813566291474,7.594962638675811
4955,38.0,3.5935277450396725,35.362126239723246,2.6378737602767544,6.9417730533598805
1158,12.0,2.3682722368306752,9.678925681266696,2.321074318733304,19.3422859894442
4818,10.8,2.4302671105106097,10.361916562046783,0.43808343795321747,4.056328129196458
3256,8.8,2.2249063462889604,8.25261622148223,0.5473837785177711,6.2202702104292165
5728,38.699,3.741776052857026,41.17282485621676,2.4738248562167584,6.392477470262173
4650,17.5,2.9444026577831983,17.999309906251057,0.49930990625105665,2.853199464291752
7219,15.49,2.9211653544892684,17.562907227224716,2.072907227224716,13.382228710295133
5702,14.19,2.6874850168319124,13.694672554390618,0.4953274456093819,3.4906796730752783
2807,4.59,1.3309838459936818,2.78476518249388,1.8052348175061197,39.32973458618997
2851,8.6,2.5653036854310014,12.00460707976345,3.4046070797634496,39.588454415854066
4559,10.49,2.260272904842807,8.585704795099625,1.9042952049003752,18.153433793139897
2995,6.5,1.9850112495825956,6.279129272158787,0.22087072784121276,3.3980111975571194
904,5.95,1.734255893097044,4.664711084533333,1.2852889154666673,21.601494377591045
6841,21.169,3.003983841897901,19.16571412733569,2.0032858726643106,9.463299507129815
2357,23.8,3.221237812956353,24.059119494489106,0.25911949448910576,1.0887373718029654
3383,12.8,2.4820602494972257,10.965891762388159,1.8341082376118418,14.328970606342514
3470,9.0,2.643140818674069,13.057285730046564,4.057285730046564,45.08095255607294
1616,7.8,2.289539747465147,8.87039376182932,1.0703937618293198,13.722996946529742
3575,5.8,2.005074515189745,6.426647274170862,0.6266472741708622,10.804263347773487
6977,26.95,3.209072878499,23.75612364716817,3.193876352831829,11.851118192325897
5006,10.9,2.3225140712234023,9.20128886094108,1.6987111390589202,15.584505862925873
3820,3.65,1.618961659456056,4.047846211070805,0.3978462110708052,10.89989619372069
1860,7.5,1.8769703588726174,5.533680140392208,1.9663198596077924,26.217598128103898
2088,4.99,1.5801223451853894,3.8555498280430234,1.1344501719569768,22.73447238390735
7077,27.52,3.231388107117886,24.31477220895945,3.2052277910405493,11.646903310467113
6930,27.699,3.2406532613434345,24.55040739017242,3.148592609827581,11.367170691460272
5213,4.1,2.1498946459648205,7.583953995346334,3.4839539953463348,84.97448769137402
2251,3.2,1.2725512445972122,2.5699487666038534,0.6300512333961468,19.689101043629588
3784,14.0,2.9439432132796703,17.99058278271179,3.9905827827117903,28.504162733655647
3127,6.5,1.914541960081622,5.783830819949814,0.7161691800501861,11.017987385387478
254,11.7,2.262160520968262,8.603816014181637,3.096183985818362,26.463110989900528
6705,16.78,2.855219472889713,16.37825084407696,0.40174915592304217,2.394214278444828
4989,2.999999,1.5493224264247318,3.7082788961821196,0.7082798961821197,23.609337742516573
221,14.85,2.8227376540706475,15.822842812234914,0.972842812234914,6.551130048719959
267,2.9,1.2454789649024887,2.47459861163638,0.42540138836361985,14.669013391848962
107,8.1,1.9116620367418664,5.764322012656981,2.3356779873430185,28.8355307079385
4800,5.5,1.5739420051908257,3.825633421253225,1.674366578746775,30.443028704486817
1226,5.4,2.125283010296246,7.375267439670344,1.9752674396703434,36.579026660561915
4938,4.9,1.884380886489923,5.582278003017297,0.6822780030172968,13.924040877904014
3418,9.5,2.2479251084385576,8.468070222398024,1.0319297776019756,10.862418711599743
4154,8.5,1.811303100698219,5.118415150788309,3.3815848492116913,39.783351167196365
1758,6.99,2.2113732185832586,8.128242863013158,1.1382428630131578,16.283875007341315
2284,9.99,2.313145820718967,9.10616689033852,0.8838331096614809,8.847178274889698
2526,3.3,1.4624329856986686,3.316448621028851,0.01644862102885103,0.49844306148033424
4004,15.0,1.9269498254702646,5.868528048862405,9.131471951137595,60.876479674250625
1210,15.5,3.0701002297888222,20.544061923567067,5.044061923567067,32.54233499075527
6664,11.5,2.6912949937364887,13.750765706396335,2.2507657063963347,19.571875707794213
2464,13.6,2.5553420637075526,11.875703215109697,1.7242967848903028,12.678652830075757
4240,13.5,2.5277381943003085,11.525144631135536,1.9748553688644641,14.628558287884918
4198,14.5,2.5810434633455275,12.210916076719403,2.2890839232805966,15.78678567779722
376,4.5,1.6346797504712198,4.12781555353063,0.37218444646936977,8.270765477097106
755,1.8,1.296494739273951,2.656457341856428,0.8564573418564281,47.580963436468224
291,12.49,2.6843846380529213,13.649184055664433,1.1591840556644328,9.2808971630459
5091,1.7,1.6939591476545506,4.4409797603379415,2.7409797603379413,161.23410354929067
1465,1.35,1.3942440287343303,3.031925400486063,1.681925400486063,124.58706670267132
188,4.7,1.8511675685648044,5.367249384546832,0.6672493845468317,14.196795415890035
1870,33.0,2.8942776887082853,17.07044424022256,15.92955575977744,48.27138109023467
1201,8.7,2.4390477567595776,10.46212081733817,1.76212081733817,20.254262268254827
1649,4.0,1.4994139711403391,3.4790634406253567,0.5209365593746433,13.023413984366083
6030,128.96,4.905895654338206,134.0838442722204,5.123844272220396,3.9732043053818202
3706,30.49,3.3025252594630676,26.181191889247525,4.308808110752473,14.131873108404308
4176,6.5,2.003560735083243,6.415413468170453,0.08458653182954734,1.3013312589161128
501,10.0,2.354138523320358,9.529054418705782,0.4709455812942185,4.709455812942185
6193,26.99,3.0915305614743294,21.010740999723613,5.979259000276386,22.153608745003282
2605,5.5,1.9638393336900204,6.126636141517079,0.6266361415170794,11.393384391219625
6874,64.89,4.2900008716692986,71.96653210229094,7.07653210229094,10.905427804424319
3312,23.5,2.9042601887780473,17.251735817223622,6.248264182776378,26.588358224580332
2812,6.5,2.045580051996563,6.733643152280564,0.23364315228056398,3.5945100350856
4763,5.5,2.1620206477090553,7.688676687039209,2.1886766870392087,39.79412158253107
6753,76.79,3.8293385014367383,45.0320780071613,31.757921992838703,41.3568459341564
672,7.9,1.914541960081622,5.783830819949814,2.1161691800501865,26.786951646204894
4766,13.8,2.788230983757756,15.25224387336548,1.4522438733654788,10.523506328735353
3753,7.35,2.0975719855156845,7.146366385093231,0.203633614906769,2.770525372881211
1374,12.8,2.5722793546813136,12.095640056311655,0.7043599436883454,5.502812060065199
7043,23.99,3.437608796235656,30.112472886773098,6.1224728867730995,25.520937418812423
6988,15.58,2.845758909461185,16.214618049363313,0.6346180493633131,4.073286581279288
5718,79.99,4.418479243068624,81.97001214618085,1.9800121461808544,2.4753245983008556
1192,4.9,1.945142570638098,5.994629012670175,1.0946290126701745,22.339367605513765
3053,52.9,3.724636637666802,40.45616639837716,12.443833601622842,23.523314936905184
3950,2.8,1.2283133770888308,2.4154640756151813,0.38453592438481854,13.733425870886377
216,13.0,2.4245204631533275,10.296810883121196,2.7031891168788036,20.79376243752926
4697,6.49,2.163293993353626,7.699747422596335,1.209747422596335,18.640176003025193
421,1.2,0.9149501654844302,1.4966508294200156,0.29665082942001564,24.72090245166797
505,3.9,1.8559780269040476,5.397952561416132,1.4979525614161324,38.40904003631109
4836,2.9,1.4031726976997059,3.068086321896331,0.1680863218963311,5.796080065390727
6453,19.9,2.904039115128168,17.24770128535065,2.6522987146493477,13.328134244469087
6845,49.5,3.5373591833721285,33.37601845645992,16.123981543540083,32.573700087959764
6252,20.59,3.083148221929666,20.827010616060065,0.2370106160600649,1.1510957555127
506,16.3,2.737018028019407,14.440872128677853,1.8591278713221477,11.405692462099065
1807,8.9,1.9568295687294746,6.076854778872748,2.8231452211272527,31.720732821654522
4436,20.89,3.13392065134644,21.963836474880896,1.0738364748808955,5.140433101392511
1438,5.99,1.3188530128455793,2.739130182470662,3.2508698175293382,54.27161631935456
5520,76.49,4.273207641489475,70.75141972051503,5.738580279484964,7.502392834991456
7069,41.599,3.369924560914903,28.076333483061543,13.522666516938454,32.507191319354924
4704,3.8,1.4683384367770036,3.342014612247951,0.457985387752049,12.052247046106553
1426,27.9,3.540751550406488,33.49283255436539,5.592832554365394,20.045994818513957
2859,7.5,2.0557273312152295,6.812518094963999,0.6874819050360008,9.16642540048001
3016,5.0,1.7018664166542825,4.4841735985165245,0.5158264014834755,10.31652802966951
2688,20.49,3.0451040553048037,20.01221752182733,0.47778247817266717,2.3317836904473754
4664,12.0,1.8341021677147933,5.259511630144361,6.740488369855639,56.17073641546365
2280,2.95,1.5614024479607023,3.7654999264452647,0.8154999264452645,27.644065303229304
347,6.5,1.9928412676383116,6.336348708058358,0.16365129194164219,2.517712183717572
4320,12.99,2.8173543724679466,15.732524035839994,2.7425240358399936,21.112579182755915
333,11.5,2.064996942906082,6.885273791595504,4.614726208404496,40.128053986126055
4386,6.5,2.0714508905964633,6.936329514432617,0.43632951443261714,6.712761760501802
3381,7.75,1.8631868698829415,5.44424103954553,2.3057589604544697,29.751728521993158
5781,18.355,3.1295741295840536,21.864240265240934,3.5092402652409334,19.118715691860164
6380,15.89,2.771394994937912,14.9809117585143,0.9090882414857013,5.721134307650732
5832,83.49,4.494844524542589,88.55424441559548,5.064244415595482,6.06568980188703
6831,8.29,2.444230931159095,10.521685221518982,2.2316852215189833,26.920207738467834
3023,9.79,2.419448994168203,10.239664487665472,0.44966448766547273,4.593099976153961
6726,5.65,1.7113570748833666,4.536469785892366,1.1135302141076346,19.708499364736895
746,14.5,2.749556383233124,14.635694089381104,0.13569408938110428,0.9358213060765811
3410,34.0,3.085100504181226,20.869664724372033,13.130335275627967,38.61863316361167
5257,5.7,1.8700440216262857,5.48858203093297,0.21141796906703014,3.7090871766145637
3704,5.0,1.6134923003581083,4.02031309036854,0.97968690963146,19.5937381926292
3589,2.5,1.2883662166342489,2.6268562152716406,0.1268562152716406,5.074248610865624
5019,7.8,2.033517077782716,6.640912840506296,1.159087159493704,14.860091788380823
4038,24.2,3.0451040553048037,20.01221752182733,4.187782478172668,17.30488627344078
3608,9.3,1.9998687988227268,6.38808670966543,2.911913290334571,31.31089559499538
6968,28.59,3.3603629367351013,27.799641430516363,0.7903585694836366,2.7644580954306983
259,4.8,1.8809407883192617,5.55967322412219,0.7596732241221904,15.826525502545636
1795,11.49,2.289539747465147,8.87039376182932,2.6196062381706806,22.799009905750047
4210,20.0,2.8470400571868124,16.236686651676123,3.7633133483238765,18.816566741619383
3653,8.3,1.7099449435855187,4.528657081208806,3.771342918791195,45.43786649146018
3265,4.59,1.914541960081622,5.783830819949814,1.193830819949814,26.009386055551502
3246,5.0,2.015185629821021,6.502119869123904,1.502119869123904,30.042397382478082
1730,25.0,2.618537734379167,12.715652986551591,12.284347013448409,49.137388053793636
599,11.5,2.7696582287705356,14.953180739766411,3.4531807397664114,30.02765860666445
45,13.0,2.57566897176662,12.140104577867595,0.8598954221324053,6.614580170249272
4651,23.5,2.5684117991304167,12.04508975697559,11.45491024302441,48.74429890648685
5070,6.0,1.9117653136416564,5.7650206469394,0.23497935306060036,3.916322551010006
4575,6.0,1.5169708862431732,3.5583963600354815,2.4416036399645185,40.69339399940864
3921,14.2,2.1818474650754625,7.862664606666215,6.337335393333785,44.62912248826609
3881,2.686686,1.4947410321980505,3.4581818777808664,0.7714958777808665,28.715520823083402
6979,5.85,2.5384272733654205,11.659744987749692,5.809744987749692,99.31188013247338
6997,28.9,3.110673838987558,21.43615766598715,7.463842334012849,25.826444062328196
1421,1.9,1.2014429582550128,2.3249111709760015,0.4249111709760016,22.363745840842192
4251,17.2,2.8697652192156387,16.632877852926534,0.5671221470734658,3.297221785310848
3529,2.3,1.1307926724672432,2.0981113146037917,0.20188868539620808,8.777768930269918
6651,12.09,2.7495455905153667,14.6355253386585,2.5455253386585,21.054800154330024
6497,96.79,4.583152198296527,96.82226389258433,0.03226389258432505,0.033333911131651045
7180,15.99,2.977078153083086,18.630375815917727,2.640375815917727,16.512669267778154
3044,13.2,2.798237500969218,15.415688623950881,2.215688623950882,16.785519878415776
1298,4.1,1.914541960081622,5.783830819949814,1.6838308199498142,41.06904438901986
426,6.5,1.8782573484610148,5.542094332033931,0.9579056679660694,14.737010276401067
4603,8.2,1.87377297740278,5.512822834731902,2.687177165268097,32.7704532349768
805,19.9,2.8539945133303775,16.356976222516757,3.543023777483242,17.804139585342927
410,7.7,2.506808489276041,11.265721345063449,3.565721345063449,46.30806941640843
6097,12.38,2.7726560432933436,15.001077173114805,2.621077173114804,21.17186731110504
3858,15.0,1.9010716231649583,5.693063041974808,9.306936958025192,62.04624638683461
438,8.8,2.4777115182926686,10.913968297914842,2.113968297914841,24.022367021759557
2389,2.0,1.2163430357377405,2.374823530633417,0.3748235306334169,18.741176531670845
4161,9.2,2.446796392610631,10.551281608774218,1.3512816087742188,14.687843573632813
434,5.8,2.016987110588003,6.515646974531508,0.7156469745315084,12.338740940198422
751,10.5,2.1826636434964173,7.869901074993269,2.630098925006731,25.048561190540298
3411,8.5,1.964235892846144,6.129462834769861,2.3705371652301386,27.88867253211928
2874,6.99,1.9163451961175495,5.796074704134828,1.1939252958651725,17.080476335696314
4383,14.6,2.730266509207045,14.336973920042647,0.2630260799573527,1.8015484928585803
2142,9.0,2.1804218484347913,7.850038846407591,1.1499611535924092,12.77734615102677
6044,24.0,3.498654300416455,32.07091847984507,8.07091847984507,33.62882699935446
4937,7.5,1.9879626115904263,6.300644351519312,1.1993556484806884,15.99140864640918
4856,5.9,2.1920594789001018,7.953633959736292,2.053633959736292,34.80735524976766
1049,6.0,2.0803163784596244,7.007001756488798,1.0070017564887976,16.783362608146625
626,6.5,1.9420058220659056,5.972722994898106,0.5272770051018938,8.11195392464452
1926,10.2,2.375785573898974,9.75946221965848,0.44053778034151847,4.318997846485476
1223,7.6,1.9163451961175495,5.796074704134828,1.803925295865172,23.735859156120682
210,7.89,2.4318090102365906,10.379449011246178,2.4894490112461787,31.55195198030645
2431,3.89,1.378158494775164,2.9675885609712505,0.9224114390287497,23.71237632464652
6216,14.59,2.8217458089546894,15.806165429812427,1.2161654298124276,8.335609525787715
4927,16.0,2.864327776864589,16.537260289197274,0.537260289197274,3.3578768074829624
51,18.8,2.7656342640774607,14.88911468993661,3.9108853100633905,20.802581436507396
1109,12.5,2.59651087468628,12.416843224316754,0.08315677568324631,0.6652542054659705
1436,7.2,2.230885805841,8.308107604834062,1.1081076048340615,15.390383400473077
7277,10.49,2.5152807200497125,11.370080821456588,0.8800808214565876,8.389712311311607
3882,2.8,1.5730771716658123,3.8214618558059312,1.0214618558059314,36.48078056449755
1786,10.8,1.8700440216262857,5.48858203093297,5.311417969067031,49.17979600987991
5456,22.0,3.196317713383129,23.44236050669466,1.4423605066946585,6.556184121339357
4338,6.0,1.77556237987537,4.903600268908314,1.0963997310916858,18.273328851528095
6336,19.592,3.2073911472852044,23.71452548956224,4.122525489562243,21.04188183729197
1558,2.8,1.3992284916986795,3.0520725529747468,0.25207255297474696,9.002591177669535
2249,26.49,2.9170706058115474,17.487052197031872,9.002947802968126,33.986212921736985
5044,36.0,3.17250084074118,22.867097593789143,13.132902406210857,36.48028446169682
3786,8.5,2.578080574816071,12.171831535174638,3.671831535174638,43.1980180608781
4233,12.8,2.865433997991328,16.556671111385644,3.756671111385643,29.348993057700334
4561,13.0,2.1526052773646724,7.607253494491866,5.392746505508134,41.48266542698564
3733,3.5,1.6173510098748582,4.039722443712457,0.5397224437124573,15.42064124892735
5661,63.05,4.4119557142804835,81.43051650431748,18.380516504317484,29.152286287577294
5664,70.99,4.273207641489475,70.75141972051503,0.23858027948496385,0.33607589728829956
6291,8.89,2.309547934387199,9.069871383324621,0.17987138332462038,2.023300149883244
6970,20.49,3.335023615911529,27.07904632824502,6.589046328245022,32.15737593091763
4693,29.5,2.6134065214766395,12.645455304627534,16.854544695372468,57.13404981482193
3164,1.0,0.9286977884323627,1.5312108584692474,0.5312108584692474,53.12108584692474
2112,5.4,1.738987442112214,4.691577452331955,0.7084225476680457,13.11893606792677
705,7.2,2.104092306361405,7.199656854327836,0.0003431456721640913,0.004765912113390156
2943,26.5,2.9042601887780473,17.251735817223622,9.248264182776378,34.899110123684444
6952,20.99,2.7325550020616016,14.3721126673195,6.617887332680498,31.528762899859448
57,3.8,1.8691014905980285,5.482469222247885,1.6824692222478852,44.27550584862856
4881,9.8,2.3671845633555035,9.66731681153417,0.1326831884658315,1.3539100863860354
5640,17.2,3.2055343538605006,23.668678298692033,6.4686782986920335,37.6085947598374
527,4.5,2.260636676264178,8.589192434871158,4.089192434871158,90.87094299713685
1935,3.8,1.5676579686597294,3.7954040452774063,0.004595954722593554,0.12094617691035668
5058,1.95,1.57467963376359,3.829194259472981,1.8791942594729811,96.36893638322981
565,4.0,1.9446681895815925,5.9913116800713615,1.9913116800713615,49.78279200178404
1871,4.9,1.8691991927817586,5.483102604587777,0.5831026045877765,11.900053154852582
6095,18.85,3.1129182841046865,21.486570944262617,2.6365709442626155,13.987113762666395
640,5.5,1.6196310284711906,4.051226214026082,1.448773785973918,26.341341563162146
5282,5.0,1.5972451427379168,3.939406304676522,1.0605936953234778,21.211873906469556
1747,41.0,3.3850706965096817,28.520079608976488,12.479920391023512,30.438830222008566
730,6.5,2.154720601169208,7.625479893271729,1.125479893271729,17.315075281103525
