sample_id,y_true_price,raw_prediction,y_pred_price,absolute_error,absolute_percentage_error
3909,5.5,3.6338298740676622,3.6338298740676622,1.8661701259323378,33.930365926042505
6004,37.499,29.38099944540297,29.38099944540297,8.118000554597032,21.6485787743594
1768,27.49,19.539553000712587,19.539553000712587,7.950446999287411,28.921233173108078
3360,7.8,7.587392802832854,7.587392802832854,0.21260719716714593,2.7257332970146915
4700,12.99,11.165997683196062,11.165997683196062,1.8240023168039379,14.04158827408728
865,3.5,3.043785296927745,3.043785296927745,0.4562147030722552,13.034705802064433
7074,52.5,37.74749350671434,37.74749350671434,14.752506493285658,28.100012368163156
2233,26.0,29.980587618124865,29.980587618124865,3.980587618124865,15.309952377403327
1720,22.0,11.811034677744997,11.811034677744997,10.188965322255003,46.31347873752274
1662,4.7,8.507614752373456,8.507614752373456,3.807614752373456,81.0130798377331
1566,11.49,16.124408072003064,16.124408072003064,4.634408072003064,40.33427390777253
5141,3.2,5.482842821523975,5.482842821523975,2.2828428215239747,71.33883817262421
7264,63.86,51.85640961999536,51.85640961999536,12.003590380004638,18.796727810843468
5464,127.0,107.77015050393013,107.77015050393013,19.229849496069875,15.141613776432973
6348,31.79,28.88106661701292,28.88106661701292,2.9089333829870796,9.150466759946775
6283,17.99,32.645625249464686,32.645625249464686,14.655625249464688,81.46539882970923
6419,30.9,30.444273302195633,30.444273302195633,0.4557266978043657,1.474843682214776
763,7.9,12.472886694883814,12.472886694883814,4.572886694883813,57.88464170739004
3297,4.8,5.722754340120238,5.722754340120238,0.922754340120238,19.22404875250496
2654,3.59,2.460455297183875,2.460455297183875,1.129544702816125,31.46364074696727
2189,3.1399,5.61633932943392,5.61633932943392,2.47643932943392,78.87000635160102
3945,1.9,1.99369929050371,1.99369929050371,0.09369929050371018,4.93154160545843
6006,20.04,25.32810189342187,25.32810189342187,5.288101893421871,26.387733999111134
1197,19.8,11.936617755537334,11.936617755537334,7.863382244462667,39.714051739710435
429,7.5,7.057886156259775,7.057886156259775,0.4421138437402252,5.89485124986967
4271,5.7,5.894197598971869,5.894197598971869,0.1941975989718685,3.406975420559096
3905,5.1,6.440027694331883,6.440027694331883,1.3400276943318836,26.275052830036937
2316,2.7,6.2697521448869145,6.2697521448869145,3.5697521448869143,132.21304240321902
4584,13.5,9.604336487604195,9.604336487604195,3.8956635123958048,28.856766758487446
7086,51.49,58.20898536166099,58.20898536166099,6.718985361660991,13.04910732503591
1992,16.5,15.143445419981159,15.143445419981159,1.356554580018841,8.221542909205096
7240,13.1,14.355468843739676,14.355468843739676,1.255468843739676,9.58373163160058
554,7.2,9.758218828241548,9.758218828241548,2.5582188282415474,35.53081705891038
1905,11.999,10.923668402791712,10.923668402791712,1.0753315972082884,8.961843463691043
2034,14.5,12.400220577227326,12.400220577227326,2.0997794227726736,14.481237398432231
1215,6.2,5.92639366144447,5.92639366144447,0.2736063385555303,4.413005460573069
1615,7.0,8.230351689539397,8.230351689539397,1.2303516895393969,17.57645270770567
1002,3.2,2.622277789109976,2.622277789109976,0.5777222108900242,18.053819090313254
2388,9.95,7.9882752471906215,7.9882752471906215,1.9617247528093777,19.715826661400783
6001,38.9,35.283923211662895,35.283923211662895,3.6160767883371037,9.295827219375589
1533,4.95,4.611137877549073,4.611137877549073,0.3388621224509274,6.845699443453078
5326,26.5,29.3112613998949,29.3112613998949,2.8112613998948994,10.608533584509054
2764,22.5,19.97859718063167,19.97859718063167,2.5214028193683298,11.206234752748133
6702,12.99,12.018014124308435,12.018014124308435,0.9719858756915656,7.4825702516671715
496,10.89,13.661771039956564,13.661771039956564,2.7717710399565636,25.45244297480774
2691,29.5,30.781156564452075,30.781156564452075,1.2811565644520755,4.34290360831212
7213,26.25,31.248372024844674,31.248372024844674,4.998372024844674,19.04141723750352
5400,13.99,13.243663148746883,13.243663148746883,0.7463368512531172,5.334788071859308
5931,44.99,35.800072122434464,35.800072122434464,9.189927877565538,20.426601194855607
828,4.8,3.670129106201726,3.670129106201726,1.129870893798274,23.538976954130707
3552,1.55,3.810824252480946,3.810824252480946,2.260824252480946,145.85962919231906
61,6.9,9.354618448877815,9.354618448877815,2.454618448877815,35.57418041851905
1429,10.0,14.690847517433266,14.690847517433266,4.690847517433266,46.90847517433266
2970,3.2,3.455284352413291,3.455284352413291,0.2552843524132906,7.977636012915331
3955,29.9,33.248488846539466,33.248488846539466,3.3484888465394675,11.198959352974807
4121,14.5,13.034815400600234,13.034815400600234,1.465184599399766,10.1047213751708
3550,16.4,15.775888734579942,15.775888734579942,0.6241112654200567,3.8055564964637605
5189,4.6,3.2365673872483463,3.2365673872483463,1.3634326127516534,29.63983940764464
465,5.95,6.697101729689522,6.697101729689522,0.7471017296895219,12.556331591420536
5636,7.5,14.799263023533548,14.799263023533548,7.299263023533548,97.3235069804473
6951,12.9,18.58883402930236,18.58883402930236,5.688834029302361,44.09948859924311
4230,8.2,7.234221729699571,7.234221729699571,0.9657782703004285,11.777783784151568
6145,42.45,58.50351394486028,58.50351394486028,16.053513944860278,37.81746512334576
1902,8.9,8.162384338341893,8.162384338341893,0.7376156616581078,8.287816423124807
185,4.7,4.611137877549073,4.611137877549073,0.0888621224509274,1.8906834564027104
2662,4.8,4.983097365503366,4.983097365503366,0.1830973655033663,3.814528447986798
932,2.0,4.12915080927277,4.12915080927277,2.12915080927277,106.4575404636385
6485,20.95,26.58001597654562,26.58001597654562,5.6300159765456215,26.873584613582917
5510,12.99,26.441633455643483,26.441633455643483,13.451633455643483,103.55376024359879
1487,18.99,9.354618448877815,9.354618448877815,9.635381551122183,50.73923934240223
1084,17.0,11.707058666056675,11.707058666056675,5.292941333943325,31.13494902319603
7123,11.999,14.538764036388548,14.538764036388548,2.539764036388547,21.166464175252496
5735,99.69,73.67799324981891,73.67799324981891,26.012006750181087,26.092894723824944
2939,12.5,11.47856084678309,11.47856084678309,1.0214391532169103,8.171513225735282
1940,7.5,8.032081575237102,8.032081575237102,0.5320815752371022,7.094421003161362
5481,17.86,18.05968853638537,18.05968853638537,0.19968853638536999,1.1180769114522395
3268,2.2,2.712203241101987,2.712203241101987,0.5122032411019868,23.28196550463576
1703,22.5,25.749460560464264,25.749460560464264,3.2494605604642643,14.44204693539673
6381,19.8,20.41228416673243,20.41228416673243,0.6122841667324295,3.0923442764264113
3244,1.5,2.411997797974804,2.411997797974804,0.911997797974804,60.799853198320264
4438,1.5,2.525298298807099,2.525298298807099,1.0252982988070989,68.35321992047326
5549,17.5,14.967878978962094,14.967878978962094,2.5321210210379057,14.469262977359461
4063,8.0,8.658476902996329,8.658476902996329,0.6584769029963287,8.230961287454107
5269,5.299999,5.598985381202375,5.598985381202375,0.29898638120237564,5.641253539903982
7091,24.299,32.439869712277584,32.439869712277584,8.140869712277585,33.5029001698736
2718,22.0,17.441681037888983,17.441681037888983,4.5583189621110165,20.719631645959165
1740,7.8,8.817259381761373,8.817259381761373,1.0172593817613729,13.041786945658625
5023,17.5,14.460323703002372,14.460323703002372,3.0396762969976283,17.369578839986445
3994,7.0,8.117857370437505,8.117857370437505,1.1178573704375054,15.969391006250078
101,12.6,12.762955106734266,12.762955106734266,0.16295510673426605,1.2932944978910006
4505,15.0,16.58220590259414,16.58220590259414,1.58220590259414,10.5480393506276
736,8.2,10.548152959556177,10.548152959556177,2.3481529595561774,28.636011701904607
7111,48.49,56.00473301380972,56.00473301380972,7.5147330138097175,15.497490232645323
538,25.5,19.521266190376,19.521266190376,5.978733809624,23.44601493970196
4520,9.0,6.591146579093906,6.591146579093906,2.4088534209060937,26.76503801006771
5153,8.5,8.59877046267809,8.59877046267809,0.09877046267808964,1.162005443271643
733,10.8,14.854804370327605,14.854804370327605,4.054804370327604,37.54448491044077
5218,4.4,7.50674405180055,7.50674405180055,3.1067440518005496,70.6078193591034
79,3.7,3.105380693991802,3.105380693991802,0.5946193060081981,16.070792054275625
5808,17.79,16.44100818385779,16.44100818385779,1.3489918161422096,7.58286574559983
3113,5.5,5.894197598971869,5.894197598971869,0.3941975989718687,7.167229072215794
5278,5.3,4.123762619274794,4.123762619274794,1.1762373807252056,22.193158126890673
3082,5.9,6.059000671544213,6.059000671544213,0.15900067154421293,2.694926636342592
4939,11.5,9.201250713008216,9.201250713008216,2.298749286991784,19.989124234711166
132,8.9,6.950422629408343,6.950422629408343,1.9495773705916575,21.905363714513005
737,12.2,8.17747042288557,8.17747042288557,4.02252957711443,32.97155391077401
1041,9.0,9.267971684174574,9.267971684174574,0.26797168417457407,2.9774631574952677
2095,13.5,16.179513257411283,16.179513257411283,2.6795132574112834,19.848246351194692
7199,21.99,22.63787793360197,22.63787793360197,0.647877933601972,2.946238897689732
6848,42.499,37.03696206177208,37.03696206177208,5.4620379382279225,12.852156375980428
1634,9.3,15.143445419981159,15.143445419981159,5.843445419981158,62.8327464514103
6425,20.34,19.969300668407637,19.969300668407637,0.37069933159236257,1.8225139212997177
5527,23.9,31.308051962653252,31.308051962653252,7.4080519626532535,30.99603331654081
6243,47.499,33.09315778056937,33.09315778056937,14.405842219430632,30.328727382535696
6607,41.0,47.363557630723,47.363557630723,6.363557630723001,15.520872270056099
3308,17.2,15.649069015134469,15.649069015134469,1.5509309848655306,9.017040609683317
4726,5.0,8.30718662323332,8.30718662323332,3.3071866232333207,66.14373246466641
5241,1.8,4.250152585046776,4.250152585046776,2.4501525850467765,136.11958805815425
5112,14.499,8.340204067262608,8.340204067262608,6.158795932737393,42.477384183305006
2647,7.5,8.133202048864243,8.133202048864243,0.6332020488642431,8.442693984856575
3139,6.2,6.184941901369538,6.184941901369538,0.015058098630461814,0.2428725585558357
5239,6.6,7.169316252704804,7.169316252704804,0.5693162527048043,8.626003828860672
319,9.0,8.127097643134544,8.127097643134544,0.8729023568654561,9.698915076282846
5857,4.845,11.662764354535897,11.662764354535897,6.817764354535897,140.7175305373766
6898,38.8,42.317554898859505,42.317554898859505,3.5175548988595082,9.065863141390485
842,7.5,5.82340979201462,5.82340979201462,1.67659020798538,22.354536106471734
1894,5.5,4.2393477395777,4.2393477395777,1.2606522604223,22.920950189496363
177,7.5,11.63044731043454,11.63044731043454,4.1304473104345405,55.07263080579388
5163,3.8,2.094951078555591,2.094951078555591,1.705048921444409,44.869708459063396
4671,7.3,6.460206158133457,6.460206158133457,0.8397938418665429,11.504025231048534
3832,22.9,14.759244085281477,14.759244085281477,8.140755914718522,35.54915246601975
3961,3.95,4.456674740703793,4.456674740703793,0.5066747407037928,12.827208625412476
1509,4.0,2.1308729089864484,2.1308729089864484,1.8691270910135516,46.72817727533879
6654,19.49,16.85745966067113,16.85745966067113,2.6325403393288695,13.507133603534477
2177,11.4,8.213276399437234,8.213276399437234,3.1867236005627664,27.953715794410233
3671,1.4,2.5081261883397654,2.5081261883397654,1.1081261883397655,79.15187059569753
1755,6.9,4.7246431679334,4.7246431679334,2.1753568320666004,31.526910609660874
2245,4.0,5.731385735333465,5.731385735333465,1.7313857353334647,43.284643383336615
3193,4.799,5.722754340120238,5.722754340120238,0.9237543401202375,19.248892271728224
1038,13.5,11.942336143919125,11.942336143919125,1.5576638560808753,11.53825078578426
6559,8.1,6.1767776611918315,6.1767776611918315,1.9232223388081682,23.743485664298376
3450,7.29,6.637310865176638,6.637310865176638,0.6526891348233619,8.953211725972041
5444,41.29,38.127356491168754,38.127356491168754,3.162643508831245,7.659587088474799
3433,17.49,14.70950192141434,14.70950192141434,2.7804980785856586,15.897644817528068
3002,15.9,15.701242760336525,15.701242760336525,0.19875723966347536,1.2500455324746877
2516,1.5,1.7435406933993058,1.7435406933993058,0.24354069339930584,16.23604622662039
3698,5.35,4.260577574481238,4.260577574481238,1.0894224255187615,20.36303599100489
2045,4.99,5.834412804823409,5.834412804823409,0.844412804823409,16.922100297062304
4239,9.49,6.045703800010875,6.045703800010875,3.4442961999891253,36.293953635291096
4710,4.99,5.900867666224418,5.900867666224418,0.9108676662244175,18.253861046581513
1728,31.5,29.713358528494837,29.713358528494837,1.7866414715051633,5.671877687317979
3319,9.19,10.845854345818571,10.845854345818571,1.6558543458185717,18.018001586709158
5372,2.899,5.8927874846784825,5.8927874846784825,2.9937874846784824,103.26966142388694
2771,27.5,19.929385249761875,19.929385249761875,7.570614750238125,27.529508182684093
4552,1.5,2.4559833281036223,2.4559833281036223,0.9559833281036223,63.73222187357482
3379,5.0,10.284588721217698,10.284588721217698,5.284588721217698,105.69177442435395
3857,6.7,7.118844278261257,7.118844278261257,0.4188442782612567,6.251407138227711
5435,23.49,30.30610414204815,30.30610414204815,6.81610414204815,29.01704615601597
4104,3.2,3.62259461543932,3.62259461543932,0.42259461543931964,13.206081732478738
6784,28.799,17.054704115899153,17.054704115899153,11.744295884100847,40.78022113302839
2412,21.49,13.898506177722824,13.898506177722824,7.591493822277174,35.32570415205758
6248,27.89,32.541216653208956,32.541216653208956,4.651216653208955,16.677004851950358
3045,11.5,10.569898416966137,10.569898416966137,0.9301015830338635,8.08783985246838
1918,14.9,12.636860618120648,12.636860618120648,2.263139381879352,15.18885491194196
3824,4.0,6.506442375648431,6.506442375648431,2.5064423756484313,62.661059391210784
1550,13.5,12.779623017776974,12.779623017776974,0.7203769822230264,5.33612579424464
1934,7.9,8.160606791787288,8.160606791787288,0.2606067917872874,3.2988201492061697
7148,19.199,15.238428206942736,15.238428206942736,3.960571793057266,20.629052518658604
3370,8.99,8.421926051242947,8.421926051242947,0.5680739487570534,6.318953823771451
2481,10.7,11.246188797534073,11.246188797534073,0.5461887975340733,5.104568201253022
6017,21.999,14.101409693684577,14.101409693684577,7.897590306315422,35.89976956368663
5643,21.1,19.395970548612876,19.395970548612876,1.7040294513871252,8.075968963920024
3889,2.9,6.166134219666492,6.166134219666492,3.2661342196664918,112.62531791953421
3664,26.0,24.921538360238426,24.921538360238426,1.0784616397615743,4.147929383698363
1600,14.8,15.143445419981159,15.143445419981159,0.3434454199811583,2.320577162034853
2275,23.49,17.00485248960157,17.00485248960157,6.485147510398427,27.608120521066105
4024,8.2,7.1923784960710275,7.1923784960710275,1.0076215039289718,12.288067121085023
2312,8.0,8.048787888796486,8.048787888796486,0.0487878887964861,0.6098486099560763
3935,6.9,5.906003841939946,5.906003841939946,0.993996158060054,14.405741421160204
4352,1.0,4.716262821122187,4.716262821122187,3.7162628211221866,371.6262821122187
1672,1.3,5.447013345558272,5.447013345558272,4.147013345558272,319.00102658140554
3792,15.9,15.597569738061038,15.597569738061038,0.3024302619389623,1.9020771191129702
1034,4.6,5.731385735333465,5.731385735333465,1.131385735333465,24.595342072466632
3439,10.5,9.351908114574064,9.351908114574064,1.148091885425936,10.934208432627964
3221,8.9,11.05347850346531,11.05347850346531,2.15347850346531,24.196387679385506
2955,5.5,5.369935804453195,5.369935804453195,0.13006419554680537,2.364803555396461
4490,2.0,1.7535525774877398,1.7535525774877398,0.24644742251226015,12.322371125613007
7244,46.49,34.90923621433488,34.90923621433488,11.58076378566512,24.91022539398821
6285,16.09,16.583519139829086,16.583519139829086,0.49351913982908613,3.067241391106813
2268,16.49,20.533346664026443,20.533346664026443,4.043346664026444,24.51999189828044
1699,2.6,2.888385097355078,2.888385097355078,0.2883850973550781,11.091734513656851
3519,10.5,9.979527668956564,9.979527668956564,0.520472331043436,4.95687934327082
87,8.5,9.67957311967175,9.67957311967175,1.1795731196717494,13.877330819667641
7113,22.59,20.949250363079393,20.949250363079393,1.6407496369206065,7.263167936788874
676,5.3,5.789491276005184,5.789491276005184,0.48949127600518416,9.235684452928004
4407,24.99,14.99534279437913,14.99534279437913,9.994657205620868,39.99462667315273
3317,4.9,5.722754340120238,5.722754340120238,0.8227543401202375,16.790904900413008
6902,67.0,69.08098741868768,69.08098741868768,2.080987418687684,3.1059513711756477
2569,4.1,4.391435552918411,4.391435552918411,0.2914355529184114,7.10818421752223
393,2.999,3.6654156274828047,3.6654156274828047,0.6664156274828046,22.221261336538998
1149,5.6,4.974848392461418,4.974848392461418,0.6251516075385819,11.163421563188964
1168,5.9,6.226014218289819,6.226014218289819,0.3260142182898189,5.525664716776591
2208,3.4,2.450002882274193,2.450002882274193,0.9499971177258071,27.941091697817853
230,18.5,32.59615270215946,32.59615270215946,14.096152702159458,76.19542001167274
2802,4.999999,5.722754340120238,5.722754340120238,0.722755340120238,14.4551096934267
1543,4.4,5.00627236405844,5.00627236405844,0.60627236405844,13.778917364964544
2345,28.5,25.450295541220793,25.450295541220793,3.049704458779207,10.700717399225287
3599,6.0,6.526992622032226,6.526992622032226,0.5269926220322256,8.78321036720376
2892,2.2,3.1351773136160466,3.1351773136160466,0.9351773136160464,42.50805970982029
4691,25.9,26.37884674335301,26.37884674335301,0.47884674335301014,1.8488291249150972
2942,16.0,19.902418514941957,19.902418514941957,3.9024185149419566,24.39011571838723
5121,24.49,17.293903915122893,17.293903915122893,7.196096084877105,29.383814148130284
7189,54.99,53.3152535848875,53.3152535848875,1.6747464151125016,3.0455472178805265
970,3.2,2.436776164094129,2.436776164094129,0.7632238359058712,23.850744872058474
3718,5.6,5.574040328239255,5.574040328239255,0.025959671760744207,0.4635655671561466
5329,7.0,6.686121934100331,6.686121934100331,0.3138780658996687,4.483972369995267
169,10.5,13.557557346942524,13.557557346942524,3.0575573469425237,29.11959378040499
1056,9.0,5.581778037978285,5.581778037978285,3.4182219620217147,37.980244022463495
5968,24.1145,20.62479945575647,20.62479945575647,3.4897005442435294,14.471378399898525
251,3.7,5.452973209556028,5.452973209556028,1.7529732095560275,47.37765431232507
5889,51.0,29.051982296887665,29.051982296887665,21.948017703112335,43.03532882963203
2705,10.5,6.441642152629703,6.441642152629703,4.058357847370297,38.65102711781235
1729,4.3,5.042601186431641,5.042601186431641,0.7426011864316413,17.269795033293985
2533,8.6,5.786711970282035,5.786711970282035,2.813288029717965,32.712651508348436
95,7.5,2.2964100707112247,2.2964100707112247,5.203589929288775,69.38119905718366
5646,17.5,22.406401703070628,22.406401703070628,4.906401703070628,28.03658116040359
5174,23.49,11.404206018121705,11.404206018121705,12.085793981878293,51.450804520554684
3692,2.8,4.377185291465086,4.377185291465086,1.577185291465086,56.328046123753076
1172,6.69,6.440027694331883,6.440027694331883,0.24997230566811712,3.7365068111826174
1383,11.9,14.568004781929647,14.568004781929647,2.668004781929646,22.42020825150963
5263,7.2,9.224073930883886,9.224073930883886,2.024073930883886,28.11213792894286
711,13.7,15.143445419981159,15.143445419981159,1.4434454199811597,10.536097956066861
2354,7.9,8.31135246273693,8.31135246273693,0.4113524627369305,5.206993199201651
2215,7.0,8.17747042288557,8.17747042288557,1.1774704228855697,16.821006041222425
3779,7.49,8.941864125310836,8.941864125310836,1.451864125310836,19.3840337157655
5242,5.5,12.557904008964115,12.557904008964115,7.057904008964115,128.3255274357112
69,5.5,5.866594773081908,5.866594773081908,0.3665947730819079,6.665359510580143
263,6.5,8.863043523775396,8.863043523775396,2.3630435237753957,36.3545157503907
408,16.0,9.818902786313034,9.818902786313034,6.181097213686966,38.631857585543536
7137,54.99,46.61054458576956,46.61054458576956,8.379455414230442,15.238144052064815
6024,24.39,20.88769465040094,20.88769465040094,3.502305349599059,14.359595529311434
3217,1.79,5.568536525826016,5.568536525826016,3.7785365258260164,211.0914260237998
5196,11.6,13.724150869372377,13.724150869372377,2.124150869372377,18.31164542562394
37,13.8,13.898506177722824,13.898506177722824,0.09850617772282355,0.713812882049446
3504,6.99,6.295191560545426,6.295191560545426,0.6948084394545742,9.940034899207069
1862,31.0,24.690794903432923,24.690794903432923,6.3092050965670765,20.352274505055085
4602,13.3,12.779623017776974,12.779623017776974,0.5203769822230271,3.9126088888949404
6222,20.66,21.94586623418956,21.94586623418956,1.2858662341895588,6.223941114179858
6474,9.29,10.911351458267086,10.911351458267086,1.6213514582670872,17.4526529415187
2333,28.5,33.41053228772744,33.41053228772744,4.910532287727442,17.229937851675235
1575,6.8,9.604336487604195,9.604336487604195,2.8043364876041954,41.240242464767576
6763,35.89,48.15516724225919,48.15516724225919,12.265167242259189,34.17433057191192
5733,20.0,30.006935334987944,30.006935334987944,10.006935334987944,50.03467667493972
3295,11.0,11.132381950094263,11.132381950094263,0.13238195009426335,1.2034722735842123
3985,19.5,15.523192041572125,15.523192041572125,3.976807958427875,20.393886966296794
5958,89.09,110.86885487718594,110.86885487718594,21.778854877185935,24.445902881564635
3641,13.8,10.716086263247096,10.716086263247096,3.083913736752905,22.347200990963074
1163,5.39,5.722754340120238,5.722754340120238,0.3327543401202382,6.173549909466386
3781,8.5,10.297625677282523,10.297625677282523,1.7976256772825234,21.148537379794394
1554,23.99,21.70319351014994,21.70319351014994,2.2868064898500577,9.532332179450012
19,10.0,5.416480012016091,5.416480012016091,4.583519987983909,45.83519987983909
3257,7.1,12.992234286800207,12.992234286800207,5.892234286800207,82.98921530704517
3279,6.699999,8.127097643134544,8.127097643134544,1.4270986431345438,21.299982927378704
982,1.7,2.7301431651222674,2.7301431651222674,1.0301431651222674,60.59665677189808
6602,12.15,15.627050203028118,15.627050203028118,3.477050203028117,28.617697144264337
239,4.8,5.385526100386276,5.385526100386276,0.585526100386276,12.198460424714083
7053,20.99,22.83984139253373,22.83984139253373,1.8498413925337331,8.812965185963474
2509,22.05,18.71380119249215,18.71380119249215,3.336198807507852,15.130153322031076
3800,7.3,4.67615745044065,4.67615745044065,2.62384254955935,35.94304862410068
6775,25.99,40.15725698599206,40.15725698599206,14.167256985992065,54.510415490542776
1322,2.5,2.589048664908359,2.589048664908359,0.08904866490835905,3.561946596334362
3842,10.9,14.048102182837074,14.048102182837074,3.148102182837073,28.881671402174984
3166,10.9,8.252867283845188,8.252867283845188,2.647132716154813,24.285621249126724
4381,12.0,11.485754369749113,11.485754369749113,0.5142456302508869,4.285380252090723
5635,15.999,28.079216982654703,28.079216982654703,12.080216982654703,75.50607527129635
5514,28.49,33.935132652166786,33.935132652166786,5.445132652166787,19.112434721540147
1965,4.5,5.16368802833157,5.16368802833157,0.6636880283315696,14.748622851812657
2486,4.686,9.30971561367806,9.30971561367806,4.62371561367806,98.67084109428212
4706,3.0,4.735712072643406,4.735712072643406,1.7357120726434063,57.85706908811355
2676,6.2,5.74959108107214,5.74959108107214,0.4504089189278604,7.264659982707425
1726,6.799999,8.938562560893782,8.938562560893782,2.1385635608937825,31.449468755712793
332,4.0,3.2150162633683816,3.2150162633683816,0.7849837366316184,19.624593415790457
4728,4.99,5.722754340120238,5.722754340120238,0.7327543401202377,14.684455713832417
3544,4.75,8.885045169359262,8.885045169359262,4.1350451693592625,87.05358251282658
6459,13.19,11.490973179518186,11.490973179518186,1.699026820481814,12.881173771658938
1562,25.0,28.15189511475784,28.15189511475784,3.1518951147578385,12.607580459031354
3989,4.5,5.316661267106658,5.316661267106658,0.8166612671066584,18.148028157925744
1320,29.5,35.15660278032763,35.15660278032763,5.656602780327631,19.174924679076717
6674,35.99,37.5150519782688,37.5150519782688,1.5250519782687988,4.23743255979105
2036,10.799,13.00734826312173,13.00734826312173,2.2083482631217297,20.44956258099574
3774,5.5,4.73379777507602,4.73379777507602,0.7662022249239797,13.930949544072357
3121,8.2,8.852734753890948,8.852734753890948,0.6527347538909485,7.960179925499372
2650,3.6,5.995845537810276,5.995845537810276,2.3958455378102763,66.55126493917433
4595,3.95,4.109431425157481,4.109431425157481,0.15943142515748043,4.0362386115817825
2471,3.55,2.998992886259904,2.998992886259904,0.5510071137400958,15.521327147608332
4397,10.8,7.171663779313516,7.171663779313516,3.628336220686485,33.595705747097085
6418,5.8,6.512764271128828,6.512764271128828,0.7127642711288278,12.289039157393583
1888,13.8,22.081607847328428,22.081607847328428,8.281607847328427,60.01165106759729
5537,25.99,15.91450915525785,15.91450915525785,10.075490844742149,38.76679817138187
7214,57.99,56.520609173097135,56.520609173097135,1.4693908269028668,2.5338693342004945
2519,29.5,33.47469581710544,33.47469581710544,3.9746958171054416,13.47354514273031
1142,13.89,13.645585115034907,13.645585115034907,0.244414884965094,1.7596464000366736
308,11.3,7.084396771927482,7.084396771927482,4.215603228072519,37.30622325727892
5255,1.99,1.9508269651055394,1.9508269651055394,0.03917303489446056,1.9684942158020382
381,4.5,7.494451772842625,7.494451772842625,2.994451772842625,66.54337272983611
4118,7.5,7.368758595646207,7.368758595646207,0.13124140435379328,1.7498853913839103
3617,7.2,6.045703800010875,6.045703800010875,1.1542961999891252,16.031891666515627
1400,9.8,6.841847654102674,6.841847654102674,2.958152345897327,30.185228019360476
7075,23.5,19.080691704106474,19.080691704106474,4.419308295893526,18.805567216568196
6806,14.4,15.473113645659362,15.473113645659362,1.0731136456593617,7.452178094856679
2465,4.3,3.120044197809181,3.120044197809181,1.1799558021908187,27.44083260908881
994,10.5,11.392149252978207,11.392149252978207,0.8921492529782071,8.496659552173401
683,4.7,6.27951651516129,6.27951651516129,1.5795165151612895,33.60673436513382
3428,7.9,8.201929818494321,8.201929818494321,0.30192981849432066,3.82189643663697
2906,11.9,10.644545507187798,10.644545507187798,1.255454492812202,10.550037754724388
2984,12.8,10.186755115461908,10.186755115461908,2.6132448845380924,20.415975660453846
457,2.7,4.570164138246369,4.570164138246369,1.870164138246369,69.26533845356921
4028,4.8,4.342628970621643,4.342628970621643,0.45737102937835683,9.5285631120491
3622,3.8,6.790057724018789,6.790057724018789,2.990057724018789,78.68572957944183
756,2.95,2.063889275417402,2.063889275417402,0.8861107245825983,30.037651680766043
5845,21.99,24.3792691978079,24.3792691978079,2.389269197807902,10.865253286984549
4100,1.5,3.1427274050019536,3.1427274050019536,1.6427274050019536,109.51516033346358
1046,11.89,8.201929818494321,8.201929818494321,3.6880701815056796,31.018252157322785
1024,4.49,2.5039472766541566,2.5039472766541566,1.9860527233458436,44.23280007451768
2344,13.4,12.764931776664271,12.764931776664271,0.635068223335729,4.739315099520366
2997,3.2,7.691950541816679,7.691950541816679,4.491950541816679,140.3734544317712
4591,3.55,6.331802087626186,6.331802087626186,2.781802087626186,78.36062218665315
4974,26.9,18.556751732610156,18.556751732610156,8.343248267389843,31.015792815575626
1515,28.2,30.300061693559005,30.300061693559005,2.100061693559006,7.447027282124134
5186,24.19,19.964013323337344,19.964013323337344,4.225986676662657,17.469973859705075
1737,4.3,5.753146066594806,5.753146066594806,1.4531460665948064,33.794094571972245
6156,22.85,24.042643155290648,24.042643155290648,1.1926431552906465,5.219444880921866
1869,5.6,6.339498003790422,6.339498003790422,0.7394980037904224,13.205321496257543
6526,22.99,24.718973133467937,24.718973133467937,1.7289731334679388,7.520544295206346
1042,3.5,1.6474958673405877,1.6474958673405877,1.8525041326594123,52.92868950455464
3442,6.5,5.839837356206608,5.839837356206608,0.6601626437933916,10.156348366052178
50,7.5,12.775793290592015,12.775793290592015,5.275793290592015,70.34391054122686
786,6.5,5.900867666224418,5.900867666224418,0.5991323337755823,9.217420519624344
245,18.5,32.08272203500842,32.08272203500842,13.582722035008423,73.42011910815364
5303,4.25,9.105582127742807,9.105582127742807,4.855582127742807,114.24899124100722
3076,14.0,11.296581470060591,11.296581470060591,2.703418529939409,19.310132356710064
5462,37.19,22.39028121719694,22.39028121719694,14.799718782803058,39.79488782684339
7234,54.95,37.176631445144686,37.176631445144686,17.773368554855317,32.34461975405881
625,7.5,9.09821729727097,9.09821729727097,1.5982172972709705,21.30956396361294
6414,26.59,17.428141178967895,17.428141178967895,9.161858821032105,34.456031669921416
2272,5.7,4.8383284202039745,4.8383284202039745,0.8616715797960257,15.117045259579399
4812,12.99,13.48589429978974,13.48589429978974,0.49589429978973953,3.8175080815222446
7182,57.28,36.69920246014951,36.69920246014951,20.580797539850494,35.930163302811614
4894,6.9,6.686121934100331,6.686121934100331,0.21387806589966907,3.0996821144879574
6403,5.3,6.468536552108985,6.468536552108985,1.1685365521089848,22.047859473754432
1025,12.5,9.30971561367806,9.30971561367806,3.19028438632194,25.52227509057552
5457,53.99,37.852726235846376,37.852726235846376,16.137273764153626,29.88937537350181
2926,7.5,9.670102201925564,9.670102201925564,2.1701022019255642,28.93469602567419
321,31.8,36.54844688668826,36.54844688668826,4.74844688668826,14.932222914114025
3326,17.0,23.600607030786573,23.600607030786573,6.600607030786573,38.82710018109749
3105,11.9,14.277488887636418,14.277488887636418,2.3774888876364173,19.97889821543208
1893,4.5,3.1161284007768066,3.1161284007768066,1.3838715992231934,30.752702204959853
4920,6.8,5.903120439727921,5.903120439727921,0.8968795602720787,13.189405298118807
2138,11.49,11.001246047219922,11.001246047219922,0.48875395278007794,4.253733270496761
5476,40.49,30.75184885764544,30.75184885764544,9.73815114235456,24.05075609373811
3475,1.55,1.6990273766946826,1.6990273766946826,0.14902737669468258,9.614669464173069
4098,11.0,11.574701833555357,11.574701833555357,0.5747018335553573,5.224562123230521
7001,45.499,40.52790089276582,40.52790089276582,4.971099107234181,10.92573266936456
5321,14.799,19.361384835005456,19.361384835005456,4.5623848350054566,30.829007601901864
5339,2.7,2.5159525769576807,2.5159525769576807,0.18404742304231947,6.81657122378961
4296,24.5,22.81591497838273,22.81591497838273,1.6840850216172711,6.873816414764372
3767,5.9,5.82340979201462,5.82340979201462,0.07659020798538041,1.298139118396278
2126,16.3,22.102832158967693,22.102832158967693,5.802832158967693,35.60019729428032
4279,5.9,3.8602895259187497,3.8602895259187497,2.0397104740812506,34.571363967478824
233,3.8,5.581778037978285,5.581778037978285,1.7817780379782855,46.888895736270676
65,15.0,13.45862411252614,13.45862411252614,1.5413758874738601,10.275839249825735
5856,20.709,28.552244452975803,28.552244452975803,7.843244452975803,37.873603037209925
1595,14.5,17.753701097672042,17.753701097672042,3.2537010976720424,22.439317914979604
5133,9.8,15.523192041572125,15.523192041572125,5.7231920415721245,58.39991879155229
2656,20.9,21.982405851320244,21.982405851320244,1.082405851320246,5.178975365168641
3218,32.99,39.137506334483994,39.137506334483994,6.147506334483992,18.63445387839949
509,5.0,4.949770978407362,4.949770978407362,0.05022902159263776,1.0045804318527551
6253,15.5,18.963898776381747,18.963898776381747,3.463898776381747,22.347734041172558
6481,18.99,28.90974998388349,28.90974998388349,9.919749983883491,52.236703443304336
576,26.7,14.040595209688096,14.040595209688096,12.659404790311903,47.4135010873105
217,4.999999,4.164132262131032,4.164132262131032,0.8358667378689679,16.71733810084698
5697,15.59,25.001442388371437,25.001442388371437,9.411442388371437,60.36845662842487
7082,11.9,11.168013777753863,11.168013777753863,0.7319862222461371,6.151144724757454
3757,4.0,4.94865893017769,4.94865893017769,0.9486589301776904,23.71647325444226
3954,9.2,13.36010422127989,13.36010422127989,4.160104221279891,45.218524144346645
6731,24.5,27.279428397726758,27.279428397726758,2.7794283977267575,11.344605705007174
6889,39.9,27.61747666980042,27.61747666980042,12.282523330199577,30.783266491728266
2115,10.5,6.456389426071949,6.456389426071949,4.043610573928051,38.51057689455287
3467,2.0,3.6426639041988382,3.6426639041988382,1.6426639041988382,82.13319520994192
4871,17.5,16.453748272001775,16.453748272001775,1.046251727998225,5.978581302847
6130,20.5,29.198940099128933,29.198940099128933,8.698940099128933,42.43385414209235
3478,9.0,9.30971561367806,9.30971561367806,0.3097156136780601,3.44128459642289
4487,4.499999,7.382529463290547,7.382529463290547,2.8825304632905473,64.05624675228923
3933,29.99,23.17750053312836,23.17750053312836,6.812499466871639,22.715903524080158
3347,7.6,6.506442375648431,6.506442375648431,1.0935576243515683,14.388916109889058
1261,6.5,5.814993247946696,5.814993247946696,0.6850067520533036,10.538565416204673
4382,9.5,10.752430580141144,10.752430580141144,1.2524305801411444,13.183479790959415
3163,9.65,10.02269577639097,10.02269577639097,0.3726957763909695,3.8621323978338804
1412,4.0,3.1193180795946205,3.1193180795946205,0.8806819204053795,22.017048010134488
1281,14.0,10.033688960242376,10.033688960242376,3.966311039757624,28.330793141125888
4588,6.0,8.417253055022494,8.417253055022494,2.4172530550224938,40.287550917041564
2917,6.2,5.479781590399069,5.479781590399069,0.720218409600931,11.616425961305337
1565,13.6,19.93196357039031,19.93196357039031,6.331963570390309,46.558555664634625
6580,22.562,15.780807145204712,15.780807145204712,6.7811928547952895,30.055814443734107
4002,7.6,6.202943363504859,6.202943363504859,1.3970566364951402,18.38232416440974
6500,7.899,10.538519568894035,10.538519568894035,2.639519568894035,33.41586996954089
6365,25.4,33.79230116170844,33.79230116170844,8.392301161708438,33.040555754757634
6900,21.699,20.095547698130265,20.095547698130265,1.603452301869737,7.389521645558491
3007,5.0,8.897411953744706,8.897411953744706,3.8974119537447063,77.94823907489412
1315,9.2,10.344136334995653,10.344136334995653,1.144136334995654,12.436264510822326
3885,2.3,3.6082356462718597,3.6082356462718597,1.3082356462718598,56.87981070747217
3745,12.4,11.246188797534073,11.246188797534073,1.1538112024659277,9.304929052144578
6498,18.006229,40.42077425619703,40.42077425619703,22.414545256197027,124.48217367554875
1702,40.99,25.053364846706845,25.053364846706845,15.936635153293157,38.8793245993978
1839,6.2,7.143391548054835,7.143391548054835,0.9433915480548345,15.215992710561846
503,10.5,5.573515370722654,5.573515370722654,4.926484629277346,46.918901231212814
7023,38.9,51.45549511742515,51.45549511742515,12.555495117425153,32.276337062789594
5818,9.79,10.250815853206468,10.250815853206468,0.46081585320646923,4.707005650730023
4694,11.0,3.978231875396802,3.978231875396802,7.021768124603199,63.834255678210894
1721,36.0,43.219861304443256,43.219861304443256,7.219861304443256,20.055170290120156
7187,50.999,77.51947962996731,77.51947962996731,26.520479629967305,52.0019600971927
4618,14.99,13.645585115034907,13.645585115034907,1.3444148849650936,8.96874506314272
1803,18.8,18.556751732610156,18.556751732610156,0.24324826738984484,1.2938737627119405
1385,4.2,5.017113641954331,5.017113641954331,0.8171136419543306,19.455086713198348
1373,1.2,1.9749062953831205,1.9749062953831205,0.7749062953831205,64.57552461526005
5834,26.9,26.735286868341067,26.735286868341067,0.16471313165893164,0.6123164745685192
5654,44.99,65.64252748599476,65.64252748599476,20.65252748599476,45.90470657033732
5670,16.0,20.073487879527555,20.073487879527555,4.073487879527555,25.45929924704722
856,6.9,7.298745868490298,7.298745868490298,0.39874586849029736,5.7789256302941645
2458,13.899999,8.17747042288557,8.17747042288557,5.72252857711443,41.16927330077096
2726,7.8,12.02323365505405,12.02323365505405,4.22323365505405,54.14402121864167
5886,37.99,33.43136500017494,33.43136500017494,4.55863499982506,11.999565674717187
4252,24.79,21.982405851320244,21.982405851320244,2.8075941486797547,11.325510886162785
3269,8.1,5.9534083754159,5.9534083754159,2.1465916245841,26.50113116770494
2505,6.0,7.617849233992829,7.617849233992829,1.6178492339928292,26.96415389988049
318,1.7,2.256967709840992,2.256967709840992,0.5569677098409922,32.76280646123483
6053,30.49,37.34520923437531,37.34520923437531,6.855209234375312,22.483467479092532
176,4.7,5.814993247946696,5.814993247946696,1.1149932479466962,23.723260594610558
5683,80.49,55.31601470137751,55.31601470137751,25.173985298622483,31.275916633895495
4967,2.0,3.041485972521736,3.041485972521736,1.0414859725217358,52.07429862608679
3100,2.6,6.100442814443992,6.100442814443992,3.5004428144439923,134.63241594015355
2840,1.85,3.1434821947382883,3.1434821947382883,1.2934821947382882,69.91795647233991
6504,14.2,19.05834482823034,19.05834482823034,4.85834482823034,34.2136959734531
3043,2.7,1.7722410687227483,1.7722410687227483,0.9277589312772518,34.36144189915748
3169,12.5,9.212853916218586,9.212853916218586,3.2871460837814137,26.29716867025131
468,4.6,5.875459080820478,5.875459080820478,1.275459080820478,27.727371322184307
472,28.5,23.391384032303296,23.391384032303296,5.108615967696704,17.92496830770773
91,7.9,4.702156712953068,4.702156712953068,3.1978432870469327,40.47902894996117
4304,2.7,4.870079829360684,4.870079829360684,2.1700798293606836,80.37332701335865
4149,5.8,7.438248896799494,7.438248896799494,1.6382488967994941,28.245670634474042
1047,5.6,6.402201285011934,6.402201285011934,0.8022012850119342,14.325022946641683
6571,129.29,118.66485429477207,118.66485429477207,10.625145705227922,8.218072322088268
6768,9.49,9.665556675694935,9.665556675694935,0.17555667569493494,1.8499122834028972
435,5.5,7.730077105966218,7.730077105966218,2.2300771059662177,40.54685647211305
6016,151.89,131.5321738463215,131.5321738463215,20.357826153678474,13.403006224029546
1335,20.49,17.53717219318195,17.53717219318195,2.95282780681805,14.411067871244754
1352,8.9,8.351935820800165,8.351935820800165,0.5480641791998355,6.15802448539141
4074,2.55,4.762739813570372,4.762739813570372,2.212739813570372,86.77411033609303
4868,5.9,6.269612626334519,6.269612626334519,0.3696126263345185,6.2646207853308225
6046,25.09,24.279814031306394,24.279814031306394,0.8101859686936059,3.2291190462080746
5546,18.99,20.135406394598903,20.135406394598903,1.1454063945989041,6.031629250125878
4207,8.8,8.190117765046764,8.190117765046764,0.6098822349532362,6.930479942650411
3758,11.5,16.66328397704499,16.66328397704499,5.1632839770449905,44.898121539521654
106,7.7,5.9223791886169295,5.9223791886169295,1.7776208113830707,23.085984563416503
5694,19.0,25.063033758132036,25.063033758132036,6.063033758132036,31.91070399016861
5676,26.99,25.617186979278614,25.617186979278614,1.3728130207213844,5.086376512491236
4791,4.1,4.824531681739517,4.824531681739517,0.7245316817395171,17.67150443267115
5900,27.9,16.02812612977175,16.02812612977175,11.87187387022825,42.55151924812993
5313,12.9,13.170198367043133,13.170198367043133,0.2701983670431325,2.0945609848304843
3333,10.99,9.486716328200043,9.486716328200043,1.5032836717999576,13.678650334849477
4086,15.0,16.179513257411283,16.179513257411283,1.1795132574112834,7.863421716075222
1617,12.99,12.173170146357366,12.173170146357366,0.8168298536426342,6.288143600020278
2252,4.0,1.9733289554558409,1.9733289554558409,2.026671044544159,50.66677611360397
4860,7.8,10.492793241209048,10.492793241209048,2.6927932412090483,34.52299027191088
5584,9.299,11.344874896245846,11.344874896245846,2.045874896245847,22.001020499471416
3494,15.9,17.73589022721304,17.73589022721304,1.8358902272130404,11.546479416434217
1498,6.666,5.860183759999685,5.860183759999685,0.8058162400003157,12.08845244524926
996,6.5,8.201929818494321,8.201929818494321,1.701929818494321,26.1835356691434
5912,15.3205,11.999008897621962,11.999008897621962,3.3214911023780367,21.680043747776097
6638,87.999,103.95777653198633,103.95777653198633,15.95877653198633,18.135179413386894
41,18.0,14.110394053644322,14.110394053644322,3.889605946355678,21.60892192419821
5253,17.2,17.367389023396704,17.367389023396704,0.16738902339670503,0.9731919964924711
5689,13.69,13.053630577198168,13.053630577198168,0.6363694228018311,4.648425294388832
3282,3.7,8.158117189602835,8.158117189602835,4.458117189602835,120.48965377304958
1539,7.3,4.476017971772574,4.476017971772574,2.8239820282274257,38.68468531818392
1805,8.9,8.516942653267803,8.516942653267803,0.3830573467321976,4.304015131822444
1144,2.9,9.582154542630917,9.582154542630917,6.682154542630917,230.4191221596868
6198,34.79,34.01373967144902,34.01373967144902,0.7762603285509826,2.231274298795581
2615,6.5,6.375226426254971,6.375226426254971,0.12477357374502862,1.9195934422312095
2114,14.99,15.62699795252001,15.62699795252001,0.6369979525200105,4.249486007471718
5792,10.89,8.755676805648301,8.755676805648301,2.1343231943516994,19.598927404515145
4546,11.0,13.256363280588698,13.256363280588698,2.2563632805886975,20.51239345989725
3172,1.0,5.720406274455274,5.720406274455274,4.720406274455274,472.04062744552743
167,9.2,19.539553000712587,19.539553000712587,10.339553000712588,112.38644565991945
2337,11.3,11.650254469072356,11.650254469072356,0.3502544690723557,3.0995970714367758
6928,39.18,29.38099944540297,29.38099944540297,9.79900055459703,25.01021070596485
3964,5.4,3.2155156346604286,3.2155156346604286,2.184484365339572,40.453414172955036
2445,25.0,26.207767240719278,26.207767240719278,1.2077672407192779,4.8310689628771115
7257,17.99,23.14521257140848,23.14521257140848,5.15521257140848,28.655989835511285
3341,1.9,3.898104921215866,3.898104921215866,1.998104921215866,105.1634169060982
4103,1.3,0.8887849732315067,0.8887849732315067,0.4112150267684933,31.631925136037946
3017,18.5,14.277488887636418,14.277488887636418,4.222511112363582,22.8243843911545
6151,13.09,15.423785624051636,15.423785624051636,2.333785624051636,17.82876718144871
4958,8.99,10.814097138273558,10.814097138273558,1.824097138273558,20.29029074831544
6935,25.4,39.18241652228766,39.18241652228766,13.782416522287662,54.261482371211265
789,3.6,6.291790356971679,6.291790356971679,2.6917903569716786,74.7719543603244
4617,19.2,15.782294441335612,15.782294441335612,3.4177055586643874,17.800549784710352
1097,3.5,3.6356682824695237,3.6356682824695237,0.13566828246952367,3.8762366419863907
3206,15.3,11.751122401469463,11.751122401469463,3.548877598530538,23.195278421768222
6535,19.99,21.91691428931539,21.91691428931539,1.9269142893153912,9.63939114214803
6251,31.49,28.286902073254808,28.286902073254808,3.2030979267451904,10.171793987758623
544,4.0,6.113478497856264,6.113478497856264,2.1134784978562644,52.83696244640661
6770,19.299,19.55854247214339,19.55854247214339,0.25954247214339077,1.344849329723772
5924,14.25,16.33299345979911,16.33299345979911,2.082993459799109,14.61749796350252
4838,2.4,3.9769464446796396,3.9769464446796396,1.5769464446796397,65.70610186165166
6194,19.59,17.492915974213492,17.492915974213492,2.0970840257865078,10.70486996317768
6068,7.39,7.275330502456519,7.275330502456519,0.11466949754348033,1.5516846758251737
4229,16.7,16.194185462813024,16.194185462813024,0.5058145371869749,3.0288295639938614
877,9.5,4.535953256751169,4.535953256751169,4.964046743248831,52.25312361314559
3908,9.7,7.78677624160984,7.78677624160984,1.913223758390159,19.723956272063496
3914,12.8,9.190654413929398,9.190654413929398,3.609345586070603,28.198012391176587
5397,10.9,8.747501016990112,8.747501016990112,2.152498983009888,19.747697091833835
1078,8.2,5.894197598971869,5.894197598971869,2.3058024010281306,28.119541475952815
5983,42.7,70.65686998662787,70.65686998662787,27.956869986627865,65.47276343472568
4990,10.5,9.463962560848284,9.463962560848284,1.0360374391517162,9.867023230016345
511,13.0,10.447362379007417,10.447362379007417,2.5526376209925825,19.635674007635252
2375,4.4,3.864921923051753,3.864921923051753,0.5350780769482473,12.160865385187437
2877,15.6,18.556751732610156,18.556751732610156,2.9567517326101562,18.953536747501
2069,1.5,2.404536804341937,2.404536804341937,0.9045368043419368,60.302453622795795
4851,3.5,2.6806302040082097,2.6806302040082097,0.8193697959917903,23.410565599765437
3262,11.0,8.707235077490727,8.707235077490727,2.2927649225092726,20.843317477357022
4934,10.89,19.09742364453845,19.09742364453845,8.207423644538448,75.36660830613818
1302,8.9,11.90399671704411,11.90399671704411,3.00399671704411,33.752772101619215
6045,47.89,50.98323306684483,50.98323306684483,3.0932330668448316,6.459037516902969
4394,2.5,12.359696607123437,12.359696607123437,9.859696607123437,394.3878642849375
3689,16.3,15.891582780775629,15.891582780775629,0.408417219224372,2.505627111805963
3159,8.5,8.115285589686987,8.115285589686987,0.3847144103130127,4.526051886035443
858,7.99,10.168287918053995,10.168287918053995,2.1782879180539947,27.262677322327843
4678,19.9,20.63441714903347,20.63441714903347,0.7344171490334723,3.690538437354132
7140,24.85,31.855391016563594,31.855391016563594,7.005391016563593,28.190708316151277
7028,12.5,18.26100252205301,18.26100252205301,5.761002522053008,46.08802017642407
7112,25.99,31.610113334877216,31.610113334877216,5.620113334877217,21.62413749471804
4357,9.9,14.277488887636418,14.277488887636418,4.377488887636417,44.21705947107492
2890,7.9,8.760130721733605,8.760130721733605,0.8601307217336043,10.88773065485575
4794,8.8,11.159800508585796,11.159800508585796,2.3598005085857956,26.815914870293128
2024,12.0,15.143445419981159,15.143445419981159,3.143445419981159,26.19537849984299
4194,16.5,14.700517467120267,14.700517467120267,1.7994825328797326,10.905954744725651
4921,4.5,3.955336446454425,3.955336446454425,0.544663553545575,12.103634523235002
5356,9.5,7.931280940039925,7.931280940039925,1.5687190599600749,16.51283221010605
743,5.3,6.242784788933622,6.242784788933622,0.942784788933622,17.788392244030604
2499,1.15,2.2763604852004153,2.2763604852004153,1.1263604852004154,97.94439001742744
4241,9.3,11.41697102295397,11.41697102295397,2.116971022953969,22.76312927907493
179,25.99,18.023684215861405,18.023684215861405,7.966315784138594,30.65146511788609
3613,8.5,5.9223791886169295,5.9223791886169295,2.5776208113830705,30.32495072215377
3693,20.0,13.825111073549147,13.825111073549147,6.174888926450853,30.874444632254267
3771,7.0,8.343264702532869,8.343264702532869,1.3432647025328688,19.189495750469554
6566,35.55,41.44734079999071,41.44734079999071,5.897340799990715,16.58886300981917
31,11.0,8.048787888796486,8.048787888796486,2.951212111203514,26.829201010941034
5151,6.8,6.400185209214349,6.400185209214349,0.3998147907856504,5.879629276259565
2484,3.2,4.339967243558068,4.339967243558068,1.1399672435580674,35.623976361189605
168,11.5,8.870950819469407,8.870950819469407,2.6290491805305933,22.86129722200516
3248,2.8,3.301541796905959,3.301541796905959,0.501541796905959,17.91220703235568
642,5.0,6.790057724018789,6.790057724018789,1.790057724018789,35.80115448037578
1483,14.9,12.83840278884484,12.83840278884484,2.06159721115516,13.836222893658793
1790,6.0,6.242784788933622,6.242784788933622,0.24278478893362188,4.0464131488936985
5035,8.0,6.0835220763480065,6.0835220763480065,1.9164779236519935,23.95597404564992
3982,3.0,9.027603663960067,9.027603663960067,6.0276036639600665,200.92012213200223
7092,62.49,58.90751319362223,58.90751319362223,3.582486806377773,5.732896153589011
6492,22.89,26.36302831509447,26.36302831509447,3.4730283150944707,15.172688139338012
6912,19.899,19.19423777981482,19.19423777981482,0.7047622201851809,3.541696669104884
6178,24.5,25.928408597773863,25.928408597773863,1.4284085977738634,5.830239174587198
6644,18.15,14.864046271928745,14.864046271928745,3.285953728071254,18.10442825383611
2758,9.5,6.686121934100331,6.686121934100331,2.8138780658996687,29.61976911473336
3412,12.6,8.419905924742421,8.419905924742421,4.180094075257578,33.175349803631576
6122,20.7,22.578625664727394,22.578625664727394,1.8786256647273945,9.07548630303089
800,2.5,4.870079829360684,4.870079829360684,2.3700798293606837,94.80319317442735
1954,10.5,9.505086870126584,9.505086870126584,0.9949131298734155,9.475363141651576
7248,48.99,33.093543243622484,33.093543243622484,15.896456756377518,32.44837059885184
5306,4.0,3.6654156274828047,3.6654156274828047,0.3345843725171953,8.364609312929883
6637,15.69,14.3700090235155,14.3700090235155,1.3199909764844993,8.412944400793494
2119,20.5,21.576072025818625,21.576072025818625,1.0760720258186254,5.249131833261587
5309,3.5,4.2970926928156326,4.2970926928156326,0.7970926928156326,22.774076937589502
5660,25.49,33.853402222157165,33.853402222157165,8.363402222157166,32.810522644790765
5679,19.5,23.14521257140848,23.14521257140848,3.6452125714084787,18.693397802094765
1406,8.7,8.208853651120377,8.208853651120377,0.4911463488796226,5.645360331949686
1501,9.8,7.587392802832854,7.587392802832854,2.212607197167147,22.57762446088925
1074,5.3,4.8295961318557925,4.8295961318557925,0.4704038681442073,8.875544681966176
500,13.6,12.117358183077295,12.117358183077295,1.4826418169227047,10.901778065608122
437,17.5,15.523192041572125,15.523192041572125,1.9768079584278748,11.296045476730713
5437,9.5,10.425707652969617,10.425707652969617,0.9257076529696171,9.744291083890706
4113,8.9,5.82340979201462,5.82340979201462,3.0765902079853804,34.56842930320652
3386,3.6,4.317400511945932,4.317400511945932,0.7174005119459319,19.92779199849811
6683,22.99,18.983292085246738,18.983292085246738,4.00670791475326,17.428046606147284
80,16.9,11.144393579374292,11.144393579374292,5.755606420625707,34.05684272559591
1608,19.99,14.468030869979913,14.468030869979913,5.521969130020086,27.623657478839853
960,5.0,8.804413311459896,8.804413311459896,3.8044133114598964,76.08826622919793
3114,22.5,27.555649790940222,27.555649790940222,5.0556497909402225,22.46955462640099
5198,3.8,5.814993247946696,5.814993247946696,2.0149932479466965,53.02613810386044
4628,13.0,19.539553000712587,19.539553000712587,6.539553000712587,50.30425385163528
1632,12.19,13.724150869372377,13.724150869372377,1.534150869372377,12.585322964498582
3305,4.8,3.7576004770059175,3.7576004770059175,1.0423995229940823,21.716656729043383
5935,21.3,22.74161468428965,22.74161468428965,1.4416146842896502,6.768144057697888
5419,9.5,9.576902506660696,9.576902506660696,0.07690250666069609,0.8095000701125904
2477,3.0,4.025888514553486,4.025888514553486,1.0258885145534862,34.196283818449544
5506,16.45,15.516464030568422,15.516464030568422,0.9335359694315777,5.674990695632691
6399,22.45,15.436392382518944,15.436392382518944,7.013607617481055,31.241013886329867
5517,51.999,35.68621022435674,35.68621022435674,16.31278977564326,31.37135286379211
534,6.9,8.854896644210145,8.854896644210145,1.9548966442101445,28.331835423335427
5701,26.69,25.282837349178315,25.282837349178315,1.407162650821686,5.272246724697212
2794,20.3,13.61127258219944,13.61127258219944,6.6887274178005605,32.949396146800794
585,4.5,4.004000341684178,4.004000341684178,0.4959996583158217,11.022214629240484
6722,50.9,54.311350555584845,54.311350555584845,3.4113505555848462,6.702063959891643
4970,25.0,23.018575093379503,23.018575093379503,1.9814249066204965,7.925699626481986
1451,2.75,4.608048685614819,4.608048685614819,1.8580486856148193,67.5654067496298
6275,25.49,22.871541911721845,22.871541911721845,2.618458088278153,10.272491519333673
1410,30.5,19.58009831745481,19.58009831745481,10.919901682545191,35.80295633621374
5684,20.59,43.013284485822794,43.013284485822794,22.423284485822794,108.90376146587077
4536,10.0,10.02269577639097,10.02269577639097,0.02269577639096987,0.22695776390969868
866,15.0,9.670102201925564,9.670102201925564,5.329897798074436,35.53265198716291
4638,2.0,0.6995172046356544,0.6995172046356544,1.3004827953643456,65.02413976821728
6358,54.8,47.73081597294115,47.73081597294115,7.069184027058846,12.899970852297166
4679,3.95,9.376591163276668,9.376591163276668,5.426591163276668,137.38205476649793
742,7.1,5.753146066594806,5.753146066594806,1.3468539334051934,18.9697737099323
1544,6.9,5.767270628949732,5.767270628949732,1.1327293710502682,16.416367696380696
5509,53.29,41.99418909720129,41.99418909720129,11.295810902798706,21.196867897914633
2706,18.9,12.826377982504077,12.826377982504077,6.0736220174959215,32.13556623013715
3734,7.89,7.348265231249591,7.348265231249591,0.541734768750409,6.8660933935413055
2589,8.2,9.30971561367806,9.30971561367806,1.1097156136780608,13.533117239976352
5283,2.5,2.9030320203572497,2.9030320203572497,0.4030320203572497,16.12128081428999
6816,50.709,38.704567424235705,38.704567424235705,12.004432575764298,23.673179466690915
5944,15.9,17.162771147100344,17.162771147100344,1.2627711471003433,7.941956900002159
4253,3.7,2.9137119165897163,2.9137119165897163,0.7862880834102839,21.251029281359024
748,16.5,13.243661546182594,13.243661546182594,3.2563384538174063,19.73538456859034
4055,5.79,8.421926051242947,8.421926051242947,2.6319260512429468,45.45640848433414
401,5.3,5.731385735333465,5.731385735333465,0.4313857353334649,8.13935349685783
3749,20.8,19.97859718063167,19.97859718063167,0.8214028193683305,3.9490520161938965
157,7.5,7.704503947817773,7.704503947817773,0.2045039478177726,2.7267193042369677
5434,98.19,104.00487339874063,104.00487339874063,5.81487339874063,5.922062734230197
6483,29.5,24.56787157064092,24.56787157064092,4.932128429359079,16.7190794215562
5749,14.3,13.258900157188663,13.258900157188663,1.041099842811338,7.2804184811981685
4528,12.0,14.048102182837074,14.048102182837074,2.0481021828370736,17.06751819030895
1820,8.9,5.786711970282035,5.786711970282035,3.1132880297179657,34.98076437885354
2922,9.0,9.636193694299923,9.636193694299923,0.6361936942999229,7.068818825554699
2864,15.3,7.948172210485057,7.948172210485057,7.351827789514943,48.05116202297348
3362,3.3,3.3714807983520565,3.3714807983520565,0.07148079835205667,2.166084798547172
5281,1.6,2.3762913405956674,2.3762913405956674,0.7762913405956673,48.518208787229206
3803,1.4,2.6292685769834305,2.6292685769834305,1.2292685769834306,87.80489835595934
4237,5.4,9.233733632754355,9.233733632754355,3.8337336327543543,70.99506727322877
7295,47.59,42.57829980773925,42.57829980773925,5.011700192260754,10.530994310276851
2666,4.8,3.7974184019477217,3.7974184019477217,1.002581598052278,20.887116626089128
1782,13.0,6.522353042887744,6.522353042887744,6.477646957112256,49.82805351624812
5910,45.3565,44.04024864192152,44.04024864192152,1.3162513580784747,2.9020126290134263
2415,8.0,10.188759510531801,10.188759510531801,2.188759510531801,27.359493881647513
535,11.9,10.284667242747396,10.284667242747396,1.6153327572526042,13.574224850862219
5978,119.9,102.43397741908699,102.43397741908699,17.46602258091302,14.567158115857398
2406,1.5,1.9953013281196053,1.9953013281196053,0.49530132811960526,33.02008854130702
3098,5.8,5.654458536976502,5.654458536976502,0.14554146302349746,2.5093355693706463
5359,8.0,10.417732129227572,10.417732129227572,2.4177321292275717,30.221651615344648
5154,8.4,7.5207809328716815,7.5207809328716815,0.8792190671283189,10.466893656289509
1966,8.9,3.502462930547659,3.502462930547659,5.3975370694523415,60.646483926430804
5416,10.5,10.344136334995653,10.344136334995653,0.15586366500434679,1.484415857184255
1176,7.86,11.591699820933593,11.591699820933593,3.731699820933593,47.47709695844266
5902,21.5,24.850436673320242,24.850436673320242,3.3504366733202424,15.583426387536012
1760,2.8,2.1182454600604115,2.1182454600604115,0.6817545399395883,24.34837642641387
997,5.2,8.248296815077563,8.248296815077563,3.0482968150775624,58.62109259764543
473,6.2,5.663237732386256,5.663237732386256,0.536762267613744,8.657455929253935
2266,2.1,1.8993083333046858,1.8993083333046858,0.20069166669531424,9.556746033110201
4205,15.7,15.494212174962518,15.494212174962518,0.20578782503748094,1.3107504779457384
1882,5.2,7.716018812235868,7.716018812235868,2.5160188122358678,48.38497715838207
4222,18.9,12.6494234096929,12.6494234096929,6.250576590307098,33.07183381114867
2578,10.8,9.659083301581168,9.659083301581168,1.1409166984188328,10.56404350387808
3783,2.6,4.381866061985943,4.381866061985943,1.781866061985943,68.53331007638242
469,14.9,13.546491166347375,13.546491166347375,1.3535088336526258,9.083951903708897
5097,14.9,12.452022781390431,12.452022781390431,2.4479772186095694,16.42937730610449
7040,17.29,20.442254327490637,20.442254327490637,3.1522543274906383,18.231661813132668
4712,10.0,13.251474476773751,13.251474476773751,3.251474476773751,32.51474476773751
3997,7.0,7.445010139135219,7.445010139135219,0.4450101391352188,6.357287701931698
247,6.5,2.697852329885265,2.697852329885265,3.802147670114735,58.49457954022669
3780,17.9,11.44862581968811,11.44862581968811,6.451374180311889,36.041196538055246
2182,9.9,15.899539375296767,15.899539375296767,5.9995393752967665,60.60140783128046
3395,6.5,10.10292626846634,10.10292626846634,3.602926268466341,55.42963489948216
7097,83.99,68.83626279612517,68.83626279612517,15.153737203874826,18.042311232140527
811,4.0,2.7921129236070255,2.7921129236070255,1.2078870763929745,30.197176909824364
6502,26.8,24.128972753076635,24.128972753076635,2.671027246923366,9.96651957807226
1419,7.4,8.201929818494321,8.201929818494321,0.8019298184943207,10.83688943911244
6733,13.9,15.441017697931338,15.441017697931338,1.5410176979313377,11.086458258498833
3625,3.9,4.045882887847846,4.045882887847846,0.14588288784784575,3.7405868678934815
228,9.0,7.021845939518622,7.021845939518622,1.978154060481378,21.9794895609042
7107,45.5,46.598487316547015,46.598487316547015,1.0984873165470148,2.414257838564868
17,18.0,25.450295541220793,25.450295541220793,7.450295541220793,41.390530784559964
1407,10.6,10.417732129227572,10.417732129227572,0.1822678707724279,1.7195082148342256
7070,59.99,70.28818015762275,70.28818015762275,10.298180157622745,17.166494678484323
2392,13.5,14.499135091698037,14.499135091698037,0.9991350916980366,7.401000679244715
6272,47.9,39.57264027342458,39.57264027342458,8.327359726575416,17.38488460662926
5439,109.0,123.05512532152301,123.05512532152301,14.055125321523008,12.894610386718355
6745,45.49,39.711366432131506,39.711366432131506,5.778633567868496,12.703085442665413
5879,10.99,20.4436097951251,20.4436097951251,9.453609795125098,86.02010732597905
2440,3.9,6.117744757052429,6.117744757052429,2.217744757052429,56.86525018083152
5831,17.9,16.671489689186664,16.671489689186664,1.2285103108133342,6.863186093929241
5853,13.5,9.34417814396144,9.34417814396144,4.1558218560385605,30.78386560028563
4844,9.0,8.640058923583311,8.640058923583311,0.35994107641668904,3.999345293518767
6915,25.49,42.18347345876478,42.18347345876478,16.69347345876478,65.49028426349463
6092,21.69,23.76968234556591,23.76968234556591,2.07968234556591,9.588208139999585
5461,23.2,17.96981335342839,17.96981335342839,5.23018664657161,22.54390795936039
2585,5.7,6.2625536681995175,6.2625536681995175,0.5625536681995174,9.869362599991533
543,9.9,5.767270628949732,5.767270628949732,4.132729371050268,41.74474112171988
6112,17.0,22.40281373376312,22.40281373376312,5.4028137337631215,31.781257257430127
3794,16.5,11.68901150453323,11.68901150453323,4.81098849546677,29.15750603313194
4119,7.799999,5.097954967358547,5.097954967358547,2.702044032641453,34.64159460329999
3153,12.0,6.426199905187222,6.426199905187222,5.573800094812778,46.44833412343982
1535,10.499,11.261291596869185,11.261291596869185,0.7622915968691846,7.260611456988138
1832,14.5,24.53229154396468,24.53229154396468,10.032291543964678,69.18821754458399
6746,33.79,37.799986681509026,37.799986681509026,4.009986681509027,11.867376979902417
3590,8.99,8.17747042288557,8.17747042288557,0.8125295771144305,9.038148799938048
3289,2.0,4.082926775920508,4.082926775920508,2.082926775920508,104.14633879602539
96,3.8,2.199878886504755,2.199878886504755,1.6001211134952449,42.108450355138025
6679,62.99,57.50269350974232,57.50269350974232,5.48730649025768,8.711393062799937
2094,5.7,5.767270628949732,5.767270628949732,0.06727062894973201,1.180186472802316
4773,8.0,8.628934293685967,8.628934293685967,0.6289342936859672,7.86167867107459
2927,9.5,9.369513137710593,9.369513137710593,0.1304868622894073,1.3735459188358663
7038,44.5,32.71732883975929,32.71732883975929,11.78267116024071,26.477912719642045
156,12.99,10.52777698754722,10.52777698754722,2.46222301245278,18.95475760163803
1022,6.4,6.238411830927486,6.238411830927486,0.16158816907251428,2.524815141758036
5447,24.49,28.351818694931243,28.351818694931243,3.8618186949312445,15.76896159628928
4966,5.8,5.721463953029915,5.721463953029915,0.07853604697008443,1.3540697753462834
6458,49.5,56.61961852770237,56.61961852770237,7.119618527702372,14.383067732732064
2716,12.5,13.046375895055679,13.046375895055679,0.5463758950556787,4.37100716044543
1287,15.0,14.680359707112478,14.680359707112478,0.31964029288752194,2.130935285916813
696,18.0,18.799669028497743,18.799669028497743,0.7996690284977426,4.442605713876348
425,25.0,23.603343126127545,23.603343126127545,1.3966568738724554,5.586627495489822
6872,47.39,42.449004597568475,42.449004597568475,4.9409954024315255,10.426240562210436
712,10.9,13.19538485495509,13.19538485495509,2.29538485495509,21.058576650964127
4173,2.45,2.1244144207819593,2.1244144207819593,0.3255855792180409,13.289207315022075
1811,16.0,14.519995826470891,14.519995826470891,1.4800041735291085,9.250026084556929
5096,18.7,25.334406278931755,25.334406278931755,6.634406278931756,35.478108443485326
6480,17.9,25.32810189342187,25.32810189342187,7.428101893421871,41.49777594090431
447,31.49,27.8907747038434,27.8907747038434,3.5992252961565967,11.429740540351213
6748,15.899,12.879667112656481,12.879667112656481,3.019332887343518,18.990709398978037
4080,5.99,7.070165070507985,7.070165070507985,1.0801650705079844,18.03280585155233
1009,5.3,1.9082501633668703,1.9082501633668703,3.39174983663313,63.99527993647415
592,1.5,2.075216100715984,2.075216100715984,0.5752161007159842,38.34774004773227
6096,29.85,30.794584697620778,30.794584697620778,0.9445846976207761,3.1644378479757993
1242,8.5,5.739387783404455,5.739387783404455,2.760612216595545,32.477790783477
3058,8.4,8.760130721733605,8.760130721733605,0.3601307217336043,4.287270496828622
131,15.8,19.539553000712587,19.539553000712587,3.7395530007125863,23.668056966535357
2404,4.5,5.696396183167636,5.696396183167636,1.1963961831676357,26.586581848169683
2306,8.95,9.05649502479615,9.05649502479615,0.10649502479615158,1.1898885452083976
6277,62.5,75.55709242166859,75.55709242166859,13.057092421668585,20.891347874669737
7103,20.89,19.667401154681446,19.667401154681446,1.2225988453185543,5.852555506551242
624,8.5,4.735712072643406,4.735712072643406,3.7642879273565937,44.285740321842276
2986,6.0,6.1631550017651575,6.1631550017651575,0.16315500176515751,2.7192500294192916
2127,8.3,7.567147755647275,7.567147755647275,0.7328522443527259,8.829545112683444
6539,43.9,41.7850812826247,41.7850812826247,2.1149187173752964,4.817582499715938
4739,3.9,4.870079829360684,4.870079829360684,0.9700798293606838,24.873841778479072
3686,17.9,17.367389023396704,17.367389023396704,0.5326109766032943,2.9754803162195214
3844,6.0,6.27951651516129,6.27951651516129,0.2795165151612897,4.658608586021495
2815,9.9,8.57908268663966,8.57908268663966,1.32091731336034,13.34259912485192
2579,3.999999,5.900296671480013,5.900296671480013,1.900297671480013,47.50745366386374
1945,5.6,9.199541981993496,9.199541981993496,3.5995419819934966,64.27753539274102
2436,6.99,4.870079829360684,4.870079829360684,2.1199201706393165,30.32789943690009
93,6.5,6.461256781249292,6.461256781249292,0.03874321875070841,0.5960495192416678
6701,35.19,25.72325834962747,25.72325834962747,9.466741650372526,26.901794971220593
1375,4.868,6.242784788933622,6.242784788933622,1.3747847889336215,28.24126517940882
3903,5.6,9.373742661013312,9.373742661013312,3.773742661013312,67.38826180380914
3477,13.5,10.215089435127155,10.215089435127155,3.2849105648728454,24.332670850909967
6022,42.99,39.556217978709256,39.556217978709256,3.433782021290746,7.987397118610713
2223,8.8,5.731385735333465,5.731385735333465,3.068614264666536,34.87061664393791
1087,13.9,15.655127818698645,15.655127818698645,1.7551278186986448,12.626818839558595
2531,2.5,4.632908265342567,4.632908265342567,2.132908265342567,85.31633061370269
6729,78.99,66.26881452915194,66.26881452915194,12.721185470848056,16.10480500170662
6880,17.375,18.62853817541575,18.62853817541575,1.2535381754157484,7.214608203831646
764,1.8,4.1569899605700105,4.1569899605700105,2.3569899605700106,130.94388669833393
4669,6.5,6.189611593587128,6.189611593587128,0.3103884064128719,4.775206252505722
476,12.99,13.724150869372377,13.724150869372377,0.7341508693723764,5.651661811950549
5594,56.5,57.06071869838018,57.06071869838018,0.5607186983801782,0.9924224750091649
2622,1.5,3.1411594528183184,3.1411594528183184,1.6411594528183184,109.4106301878879
5111,5.7,6.295191560545426,6.295191560545426,0.5951915605454259,10.44195720255133
6466,21.6,20.915809247797945,20.915809247797945,0.6841907522020563,3.167549778713223
4461,10.0,8.719736663642538,8.719736663642538,1.2802633363574625,12.802633363574625
6338,13.5,15.014913804122909,15.014913804122909,1.5149138041229087,11.221583734243767
7034,23.29,18.893133862690085,18.893133862690085,4.396866137309914,18.87877259471839
2181,20.0,17.120002693080657,17.120002693080657,2.8799973069193427,14.399986534596716
6334,34.0,30.05242200459846,30.05242200459846,3.9475779954015415,11.610523515886886
2620,10.0,6.5731696662348025,6.5731696662348025,3.4268303337651975,34.26830333765197
5170,8.9,14.277488887636418,14.277488887636418,5.377488887636417,60.421223456588955
752,6.8,6.202943363504859,6.202943363504859,0.5970566364951404,8.7802446543403
2283,11.5,10.387709376835419,10.387709376835419,1.112290623164581,9.672092375344183
2799,8.0,5.838586584878275,5.838586584878275,2.161413415121725,27.017667689021565
3049,14.9,19.711953624363723,19.711953624363723,4.811953624363722,32.29499076754176
351,3.5,6.586634916799815,6.586634916799815,3.086634916799815,88.18956905142328
487,1.8,2.8993797770240866,2.8993797770240866,1.0993797770240865,61.076654279115914
927,5.0,5.731385735333465,5.731385735333465,0.7313857353334647,14.627714706669295
3318,6.5,7.021402872190482,7.021402872190482,0.5214028721904818,8.021582649084333
1061,18.0,13.911998050495022,13.911998050495022,4.088001949504978,22.711121941694323
6018,39.39,41.71624197997068,41.71624197997068,2.326241979970682,5.905666361946387
2191,3.5,5.315168781547267,5.315168781547267,1.8151687815472668,51.86196518706476
4608,2.1,4.120697595262669,4.120697595262669,2.020697595262669,96.22369501250805
6128,27.9,22.234722977602278,22.234722977602278,5.665277022397721,20.305652410027676
561,12.99,12.685224869431408,12.685224869431408,0.30477513056859173,2.3462288727374268
3535,9.9,10.161298460802838,10.161298460802838,0.2612984608028377,2.6393783919478553
5501,21.99,20.697284370825187,20.697284370825187,1.2927156291748112,5.8786522472706295
2966,9.5,9.863779475067084,9.863779475067084,0.3637794750670835,3.82925763228509
6026,37.49,47.44816114970672,47.44816114970672,9.958161149706719,26.562179647123813
334,13.5,15.636491468651052,15.636491468651052,2.1364914686510517,15.82586273074853
2225,6.8,5.812431460236921,5.812431460236921,0.9875685397630791,14.523066761221754
4847,13.0,10.896240799651386,10.896240799651386,2.1037592003486143,16.182763079604726
5507,25.5,18.703976830375897,18.703976830375897,6.796023169624103,26.651071253427855
3213,12.5,6.497201684440071,6.497201684440071,6.002798315559929,48.02238652447943
1103,7.9,8.98397383949267,8.98397383949267,1.0839738394926695,13.721187841679361
2110,26.99,19.58009831745481,19.58009831745481,7.40990168254519,27.454248545925118
23,12.99,14.568004781929647,14.568004781929647,1.5780047819296463,12.147842817010364
4151,21.99,22.238331086735627,22.238331086735627,0.24833108673562876,1.1292909810624319
1005,3.2,2.5231008815770704,2.5231008815770704,0.6768991184229298,21.153097450716558
1643,9.7,10.458876669028518,10.458876669028518,0.7588766690285187,7.823470814726997
2550,59.7,54.296119116846,54.296119116846,5.403880883154002,9.051726772452264
3038,8.69,6.790057724018789,6.790057724018789,1.8999422759812106,21.863547479645693
4030,1.7,4.739039577987186,4.739039577987186,3.039039577987186,178.76703399924622
3817,7.999,8.252867283845188,8.252867283845188,0.25386728384518786,3.173737765285509
1671,14.9,16.720519661480047,16.720519661480047,1.8205196614800467,12.218252761611053
1372,14.3,13.19538485495509,13.19538485495509,1.1046151450449102,7.724581433880491
3203,30.99,30.781156564452075,30.781156564452075,0.20884343554792295,0.6739058907645142
445,6.9,7.79264131301283,7.79264131301283,0.8926413130128292,12.936830623374334
5433,62.99,46.69316387211605,46.69316387211605,16.29683612788395,25.872100536408873
7125,59.999,64.68947703675677,64.68947703675677,4.690477036756768,7.8175920211282985
3399,22.5,23.9433818529264,23.9433818529264,1.4433818529264002,6.415030457450667
3939,2.0,2.6315818751887816,2.6315818751887816,0.6315818751887816,31.579093759439083
5206,20.49,24.076426309506928,24.076426309506928,3.5864263095069298,17.503300680853734
6378,83.79,76.86369045101485,76.86369045101485,6.926309548985159,8.266272286651342
2592,16.99,13.724150869372377,13.724150869372377,3.265849130627622,19.222184406283827
3887,11.0,15.782294441335612,15.782294441335612,4.782294441335612,43.47540401214193
3518,1.2,3.6286755149375423,3.6286755149375423,2.4286755149375425,202.38962624479524
4295,10.9,11.165997683196062,11.165997683196062,0.265997683196062,2.440345717395064
1128,10.8,7.935783526541805,7.935783526541805,2.864216473458196,26.520522902390702
2570,7.5,5.767270628949732,5.767270628949732,1.7327293710502678,23.10305828067024
5277,9.6,8.938562560893782,8.938562560893782,0.6614374391062174,6.889973324023099
1783,10.6,8.758840334643283,8.758840334643283,1.8411596653567166,17.369430805252044
2523,18.0,15.948821768665791,15.948821768665791,2.051178231334209,11.395434618523383
4248,5.15,3.0330267761199683,3.0330267761199683,2.116973223880032,41.10627619184528
1844,6.49,6.326061017356736,6.326061017356736,0.16393898264326445,2.5260243858746447
5291,7.9,5.814993247946696,5.814993247946696,2.085006752053304,26.392490532320302
6129,24.49,28.597296334438695,28.597296334438695,4.107296334438697,16.771320271289085
6060,5.69,12.220333114640702,12.220333114640702,6.530333114640702,114.76859603937963
2515,6.699,8.115285589686987,8.115285589686987,1.4162855896869875,21.141746375384198
5040,17.5,14.277488887636418,14.277488887636418,3.2225111123635823,18.414349213506185
6799,56.99,31.127879802307163,31.127879802307163,25.86212019769284,45.380102119131145
3554,3.5,4.597870737276291,4.597870737276291,1.097870737276291,31.367735350751175
3878,4.2,11.153219406597813,11.153219406597813,6.953219406597813,165.55284301423364
5945,29.7,29.212384354618667,29.212384354618667,0.4876156453813323,1.6418035198024656
2264,14.5,11.960404881613343,11.960404881613343,2.539595118386657,17.514449092321772
2462,4.9,4.602807475117788,4.602807475117788,0.29719252488221226,6.065153569024739
1775,6.6,9.505086870126584,9.505086870126584,2.905086870126585,44.01646772919069
6861,28.05,23.689765055595903,23.689765055595903,4.360234944404098,15.544509605718709
378,7.8,8.201929818494321,8.201929818494321,0.4019298184943212,5.152946390952836
6853,9.999,13.89423465790691,13.89423465790691,3.8952346579069097,38.95624220328943
4913,1.6,1.339183143523854,1.339183143523854,0.26081685647614616,16.301053529759134
5246,8.2,11.68901150453323,11.68901150453323,3.489011504533231,42.54892078699062
199,1.5,2.8373376457564716,2.8373376457564716,1.3373376457564716,89.15584305043144
2446,11.0,15.103875992295148,15.103875992295148,4.103875992295148,37.30796356631952
2957,3.8,6.264914743522073,6.264914743522073,2.4649147435220735,64.8661774611072
1328,11.49,11.587958704807164,11.587958704807164,0.09795870480716395,0.8525561776080415
1193,10.5,8.760130721733605,8.760130721733605,1.7398692782663954,16.570183602537096
5686,12.75,11.674142018836289,11.674142018836289,1.0758579811637112,8.438101813048714
1075,9.3,12.685224869431408,12.685224869431408,3.3852248694314078,36.40026741324094
5427,3.4,4.790403634122927,4.790403634122927,1.3904036341229271,40.89422453302727
6969,24.5,21.944694914131475,21.944694914131475,2.5553050858685253,10.429816677014388
2063,10.5,14.889749772351761,14.889749772351761,4.389749772351761,41.80714068906439
965,14.5,15.655127818698645,15.655127818698645,1.1551278186986451,7.966398749645828
5060,9.49,8.760130721733605,8.760130721733605,0.7298692782663956,7.690930224092682
1467,9.4,8.97419560396199,8.97419560396199,0.4258043960380107,4.529834000404369
5975,18.46,23.146527350640984,23.146527350640984,4.686527350640983,25.387472105314096
3296,51.0,24.9070700248769,24.9070700248769,26.0929299751231,51.16260779435902
5414,7.5,7.494451772842625,7.494451772842625,0.0055482271573747965,0.07397636209833061
7126,29.95,26.010825122757673,26.010825122757673,3.9391748772423263,13.152503763747333
5724,62.05,42.24956626976146,42.24956626976146,19.800433730238538,31.910449202640674
2755,6.0,6.400185209214349,6.400185209214349,0.4001852092143494,6.669753486905823
4022,6.5,7.324811266843721,7.324811266843721,0.8248112668437209,12.689404105288013
3091,6.5,8.344669828448293,8.344669828448293,1.8446698284482927,28.379535822281426
2022,5.89,5.814993247946696,5.814993247946696,0.07500675205330332,1.2734592878319748
5090,8.6,11.722333398829083,11.722333398829083,3.122333398829083,36.30620231196608
2907,7.0,6.323731149796011,6.323731149796011,0.6762688502039893,9.660983574342705
5744,42.345,30.005057143449378,30.005057143449378,12.339942856550621,29.141440209117064
5769,15.1,17.52299181720189,17.52299181720189,2.4229918172018916,16.046303425178092
6155,18.49,16.489649507781095,16.489649507781095,2.000350492218903,10.81855322995621
6547,13.79,10.930165443996422,10.930165443996422,2.8598345560035767,20.73846668603029
2850,6.699999,6.202943363504859,6.202943363504859,0.4970556364951406,7.4187419504859715
2132,16.5,10.716086263247096,10.716086263247096,5.783913736752904,35.0540226469873
6114,86.19,86.46374806780432,86.46374806780432,0.2737480678043198,0.31761001021501317
6570,20.79,21.62026932178636,21.62026932178636,0.8302693217863606,3.9935994313918264
6434,31.0,33.750710761468085,33.750710761468085,2.750710761468085,8.87326052086479
4246,7.5,5.90015806247604,5.90015806247604,1.5998419375239603,21.331225833652802
1701,4.5,8.601848483465998,8.601848483465998,4.101848483465998,91.15218852146663
6332,39.999,39.678532546611024,39.678532546611024,0.32046745338897864,0.8011886631890264
3927,19.5,23.600607030786573,23.600607030786573,4.100607030786573,21.028754004033708
5780,66.99,68.69853814971349,68.69853814971349,1.7085381497134904,2.550437602199568
547,12.4,11.498590005680317,11.498590005680317,0.9014099943196836,7.269435438061965
6811,37.99,44.1299581388603,44.1299581388603,6.139958138860301,16.16203774377547
6203,33.3,42.86806231007266,42.86806231007266,9.568062310072662,28.732919850068058
1263,19.9,16.987130635687894,16.987130635687894,2.9128693643121046,14.637534494030676
5231,2.299,2.917308732515612,2.917308732515612,0.618308732515612,26.89468171011797
3011,13.29,12.65681241919229,12.65681241919229,0.633187580807709,4.764391127221287
5865,13.69,13.828220462252366,13.828220462252366,0.13822046225236662,1.0096454510764545
1789,11.9,9.833092684020142,9.833092684020142,2.066907315979858,17.368969041847546
6610,21.49,29.061754288072365,29.061754288072365,7.571754288072366,35.233849642030556
3018,6.4,5.427084228554835,5.427084228554835,0.9729157714451651,15.201808928830705
5494,26.59,26.93313863463304,26.93313863463304,0.3431386346330392,1.290480009902366
4715,13.8,13.770295047060491,13.770295047060491,0.029704952939509255,0.21525328217035689
2199,5.9,8.208853651120377,8.208853651120377,2.3088536511203763,39.13311273085384
1244,2.5,2.2126781897875,2.2126781897875,0.28732181021250014,11.492872408500006
7130,10.89,22.54142279766344,22.54142279766344,11.65142279766344,106.99194488212524
5008,38.0,3.978231875396802,3.978231875396802,34.0217681246032,89.53096874895579
5482,12.726,12.156151455507034,12.156151455507034,0.5698485444929666,4.47782920393656
4837,8.5,9.670102201925564,9.670102201925564,1.1701022019255642,13.765908257947816
7202,35.29,34.2494134225918,34.2494134225918,1.0405865774081988,2.948672647798807
6764,20.99,20.166104723926995,20.166104723926995,0.823895276073003,3.9251799717627587
3915,5.2,6.133371083649143,6.133371083649143,0.9333710836491429,17.94944391632967
6083,32.299,29.052390914322537,29.052390914322537,3.2466090856774628,10.051732517036015
518,13.29,15.943956922420272,15.943956922420272,2.6539569224202726,19.96957804680416
611,12.5,11.02546280922817,11.02546280922817,1.47453719077183,11.79629752617464
5806,11.22,10.267945724386669,10.267945724386669,0.9520542756133317,8.485332224717752
5672,16.5,19.03225346405632,19.03225346405632,2.5322534640563212,15.346990691250431
2288,7.5,5.789491276005184,5.789491276005184,1.710508723994816,22.806782986597547
957,10.99,9.853926190204692,9.853926190204692,1.1360738097953078,10.337341308419543
4401,6.15,8.31135246273693,8.31135246273693,2.1613524627369305,35.143942483527326
491,25.8,13.825111073549147,13.825111073549147,11.974888926450854,46.414298164538195
1330,4.9,6.27951651516129,6.27951651516129,1.3795165151612894,28.15339826859774
3458,21.5,19.008361652479437,19.008361652479437,2.4916383475205635,11.589015569863086
323,5.89,3.912807933039393,3.912807933039393,1.977192066960607,33.56862592462831
5362,7.2,8.728300733968988,8.728300733968988,1.5283007339689876,21.226399082902606
7010,22.79,21.381768006473802,21.381768006473802,1.408231993526197,6.179166272602884
4247,10.5,11.534521803279956,11.534521803279956,1.0345218032799561,9.852588602666248
2031,4.75,3.1597303564826293,3.1597303564826293,1.5902696435173707,33.47936091615517
5516,32.0,44.27169066433913,44.27169066433913,12.271690664339133,38.34903332605979
1153,6.3,5.417171709642592,5.417171709642592,0.8828282903574074,14.013147465990594
6685,15.7,16.6071078711838,16.6071078711838,0.9071078711838005,5.777757141298093
7286,6.6,7.84120955220026,7.84120955220026,1.2412095522002602,18.80620533636758
6854,21.69,21.962193971154527,21.962193971154527,0.27219397115452537,1.2549284055072631
1606,6.4,6.994202844652672,6.994202844652672,0.5942028446526715,9.284419447697992
324,23.9,32.59436909185367,32.59436909185367,8.694369091853673,36.37811335503629
2083,7.99,6.257295868105838,6.257295868105838,1.7327041318941623,21.68590903497074
2687,10.8,9.460250240359922,9.460250240359922,1.3397497596400783,12.40509036703776
6858,35.35,33.58296119547401,33.58296119547401,1.7670388045259884,4.9986953451937435
586,7.89,5.906003841939946,5.906003841939946,1.9839961580600534,25.14570542534922
4125,9.8,12.779623017776974,12.779623017776974,2.979623017776973,30.404316507928293
3245,8.99,11.41697102295397,11.41697102295397,2.4269710229539694,26.9963406335258
4556,4.4,6.110647630333525,6.110647630333525,1.7106476303335247,38.878355234852826
706,24.9,23.200861884625173,23.200861884625173,1.6991381153748257,6.823847852910947
1978,6.4,6.4506828286117175,6.4506828286117175,0.050682828611717134,0.7919191970580802
4160,7.4,2.984307513537107,2.984307513537107,4.415692486462893,59.6715200873364
4995,4.39,3.4368698077187423,3.4368698077187423,0.9531301922812574,21.711393901623175
6812,9.8,10.15972235485419,10.15972235485419,0.35972235485419013,3.670636274022348
6202,17.34,16.44100818385779,16.44100818385779,0.8989918161422104,5.184497209585989
5939,27.79,26.084113384629173,26.084113384629173,1.7058866153708259,6.13849087934806
6218,29.3,24.583984580139322,24.583984580139322,4.716015419860678,16.095615767442588
4453,9.5,8.941785190253333,8.941785190253333,0.5582148097466675,5.8759453657543945
3801,8.9,9.670102201925564,9.670102201925564,0.7701022019255639,8.652833729500717
2572,56.99,30.790422176135962,30.790422176135962,26.19957782386404,45.97223692553788
208,2.25,3.9052387900232386,3.9052387900232386,1.6552387900232386,73.56616844547727
3682,29.8,21.476654047383473,21.476654047383473,8.323345952616528,27.93069111616284
747,2.5,4.334034085535375,4.334034085535375,1.8340340855353752,73.361363421415
5101,9.9,6.686121934100331,6.686121934100331,3.213878065899669,32.463414807067366
6260,40.99,39.55832115253132,39.55832115253132,1.4316788474686817,3.4927515185866835
798,5.0,4.619379149376176,4.619379149376176,0.3806208506238242,7.6124170124764845
88,6.99,10.886751732848229,10.886751732848229,3.8967517328482284,55.74752121385163
734,1.7,5.463498424081974,5.463498424081974,3.763498424081974,221.38226024011612
1221,4.8,8.429966595953008,8.429966595953008,3.6299665959530083,75.62430408235434
3574,14.5,9.505086870126584,9.505086870126584,4.9949131298734155,34.44767675774769
1480,6.9,5.885816634182234,5.885816634182234,1.0141833658177664,14.698309649532845
3936,10.49,18.97845878361685,18.97845878361685,8.488458783616851,80.91953082570878
6199,28.99,25.312544767082862,25.312544767082862,3.6774552329171364,12.685254339141554
852,13.5,10.996227067164705,10.996227067164705,2.503772932835295,18.54646616915033
486,7.89,6.28458837242397,6.28458837242397,1.6054116275760295,20.347422402738015
2678,3.6,4.137751915670079,4.137751915670079,0.537751915670079,14.93755321305775
3195,4.0,4.911167575811555,4.911167575811555,0.9111675758115547,22.779189395288867
1430,8.4,8.817259381761373,8.817259381761373,0.41725938176137234,4.96737359239729
1536,14.9,17.779584232952136,17.779584232952136,2.8795842329521353,19.326068677531108
1891,6.0,9.131202881777973,9.131202881777973,3.1312028817779733,52.18671469629955
6513,39.99,20.74980787504656,20.74980787504656,19.240192124953442,48.112508439493475
1919,5.6,8.127097643134544,8.127097643134544,2.527097643134544,45.126743627402575
4302,14.8,15.661717930882949,15.661717930882949,0.8617179308829481,5.822418451911812
198,5.0,4.3166113923344644,4.3166113923344644,0.6833886076655356,13.667772153310711
4629,6.6,5.796125644998002,5.796125644998002,0.803874355001998,12.179914469727244
2882,3.85,6.975385341513014,6.975385341513014,3.1253853415130135,81.17884003929905
1057,8.9,9.505086870126584,9.505086870126584,0.6050868701265841,6.798728877826788
73,7.0,8.429145996947927,8.429145996947927,1.429145996947927,20.416371384970386
548,27.8,24.157994303218896,24.157994303218896,3.642005696781105,13.100739916478796
6352,13.69,15.58296104395845,15.58296104395845,1.8929610439584508,13.827326836803877
2963,4.0,5.337670977936567,5.337670977936567,1.3376709779365674,33.441774448414186
6569,27.3,37.05542258016535,37.05542258016535,9.755422580165348,35.73414864529432
1512,34.99,20.253050863683992,20.253050863683992,14.73694913631601,42.11760256163478
3912,10.9,9.979527668956564,9.979527668956564,0.9204723310434364,8.444700284802169
1582,1.9,2.91923234967657,2.91923234967657,1.01923234967657,53.64380787771421
6697,15.44,18.893133862690085,18.893133862690085,3.453133862690086,22.364856623640453
5822,10.08,9.710912569418307,9.710912569418307,0.36908743058169335,3.6615816525961646
2865,6.9,6.27951651516129,6.27951651516129,0.6204834848387106,8.992514273024792
3647,10.8,10.417732129227572,10.417732129227572,0.38226787077242896,3.539517321966935
5349,20.499,13.679742272097958,13.679742272097958,6.819257727902041,33.26629458950213
4428,3.0,3.070722954600781,3.070722954600781,0.07072295460078104,2.3574318200260347
6213,25.55,20.95845805942568,20.95845805942568,4.59154194057432,17.97080994353941
4359,28.8,31.242200050970485,31.242200050970485,2.4422000509704844,8.479861288091959
1452,3.6,6.9076124739771805,6.9076124739771805,3.3076124739771804,91.8781242771439
7037,24.89,21.430010567164285,21.430010567164285,3.459989432835716,13.901122671095683
2020,1.9,2.6926064783266903,2.6926064783266903,0.7926064783266904,41.716130438246864
4903,29.49,29.696294446481208,29.696294446481208,0.2062944464812091,0.6995403407297698
5220,6.9,5.796125644998002,5.796125644998002,1.1038743550019987,15.99817905799998
6818,12.35,15.386674018849972,15.386674018849972,3.036674018849972,24.5884535939269
4814,10.0,15.218681207774228,15.218681207774228,5.218681207774228,52.18681207774228
5267,8.8,9.128786693304455,9.128786693304455,0.32878669330445476,3.7362124239142585
2098,9.2,13.193278969299035,13.193278969299035,3.993278969299036,43.405206188033
1880,13.5,10.298352883470594,10.298352883470594,3.201647116529406,23.71590456688449
937,9.5,8.760130721733605,8.760130721733605,0.7398692782663954,7.7880976659620575
7120,29.999,27.89590937466566,27.89590937466566,2.103090625334339,7.010535768973429
2855,13.5,12.683848856527531,12.683848856527531,0.8161511434724691,6.045564025721993
6139,14.99,17.980595901972197,17.980595901972197,2.9905959019721973,19.95060641742627
5985,12.49,12.897832120071513,12.897832120071513,0.4078321200715127,3.265269175912832
1295,7.0,10.980981522772591,10.980981522772591,3.9809815227725913,56.87116461103702
1175,45.9,34.17986008503906,34.17986008503906,11.720139914960939,25.53407388880379
2197,5.5,4.824963338363013,4.824963338363013,0.6750366616369874,12.273393847945226
2614,41.9,36.78935820646128,36.78935820646128,5.1106417935387185,12.197235784101954
6148,27.36,17.533402365851646,17.533402365851646,9.826597634148353,35.91592702539603
4335,4.0,8.617218057770309,8.617218057770309,4.617218057770309,115.43045144425773
4914,11.5,10.344136334995653,10.344136334995653,1.1558636650043468,10.050988391342146
1321,7.2,5.722754340120238,5.722754340120238,1.4772456598797623,20.517300831663366
1181,12.79,14.568004781929647,14.568004781929647,1.7780047819296474,13.901522923609441
6150,22.799,23.4595298800578,23.4595298800578,0.6605298800578012,2.897187947093299
3438,12.6,9.257619538760496,9.257619538760496,3.342380461239504,26.526829057456382
6343,34.99,27.032917758226873,27.032917758226873,7.957082241773129,22.741018124530235
4301,12.6,10.344136334995653,10.344136334995653,2.2558636650043464,17.90367988098688
620,7.9,7.684078105166233,7.684078105166233,0.21592189483376778,2.733188542199592
6864,24.89,23.318492820810064,23.318492820810064,1.5715071791899362,6.31380947846499
5159,16.0,11.6772452568795,11.6772452568795,4.3227547431205,27.017217144503125
2492,15.5,11.06574278704553,11.06574278704553,4.434257212954471,28.608111051319163
478,14.0,15.686567678966837,15.686567678966837,1.6865676789668367,12.046911992620261
3968,5.3,7.6386059310355305,7.6386059310355305,2.3386059310355307,44.12464020821756
2276,3.7,6.217697176578521,6.217697176578521,2.5176971765785208,68.04586963725731
5227,6.9,8.496703531837957,8.496703531837957,1.5967035318379565,23.140630896202268
1897,12.5,4.97377047794918,4.97377047794918,7.52622952205082,60.20983617640656
7044,14.766,14.816227644278229,14.816227644278229,0.05022764427822857,0.3401574175689325
2206,1.4,0.7960569326053308,0.7960569326053308,0.6039430673946691,43.138790528190654
1033,4.5,5.888474838302448,5.888474838302448,1.3884748383024483,30.854996406721074
5948,10.59,7.5983228647944445,7.5983228647944445,2.9916771352055553,28.250020162469834
286,12.3,19.539553000712587,19.539553000712587,7.239553000712586,58.8581544773381
550,3.2,3.0860074270477025,3.0860074270477025,0.1139925729522977,3.5622679047593033
7008,10.099,10.311748820508067,10.311748820508067,0.21274882050806632,2.1066325429058947
5668,25.79,32.52031011232755,32.52031011232755,6.730310112327551,26.09658826028519
5015,2.5,2.566608057938487,2.566608057938487,0.0666080579384869,2.664322317539476
2825,12.5,12.027314659808528,12.027314659808528,0.4726853401914717,3.781482721531773
1055,10.799,11.452492435053571,11.452492435053571,0.6534924350535718,6.05141619644015
2091,6.5,5.636253684826421,5.636253684826421,0.8637463151735787,13.288404848824287
6540,25.79,21.962193971154527,21.962193971154527,3.8278060288454725,14.842210270823857
2571,3.5,3.9738526647443497,3.9738526647443497,0.4738526647443497,13.538647564124279
1677,10.3,7.958752079227361,7.958752079227361,2.3412479207726395,22.73056233759844
1174,1.8,2.2126781897875,2.2126781897875,0.4126781897874998,22.926566099305546
6021,78.2,70.19808038519653,70.19808038519653,8.00191961480347,10.23263377852106
5916,12.54,20.441107610984503,20.441107610984503,7.9011076109845035,63.00723772714916
5389,3.9,4.689049430383961,4.689049430383961,0.7890494303839612,20.23203667651183
2087,14.0,13.24300548775936,13.24300548775936,0.7569945122406398,5.407103658861713
1370,46.5,30.790422176135962,30.790422176135962,15.709577823864038,33.784038330890404
6314,16.899,17.095714901948668,17.095714901948668,0.19671490194866692,1.1640623820857265
2934,5.0,5.948530368799606,5.948530368799606,0.9485303687996058,18.970607375992117
3107,16.99,14.953873260754277,14.953873260754277,2.036126739245722,11.984265681257929
1188,7.8,5.840510558971444,5.840510558971444,1.9594894410285555,25.121659500366096
2029,6.699999,8.248296815077563,8.248296815077563,1.5482978150775626,23.10892606219139
4209,4.888888,6.189611593587128,6.189611593587128,1.3007235935871284,26.605714706230305
5027,4.5,5.446764923396419,5.446764923396419,0.9467649233964188,21.039220519920416
7009,23.5,27.917119237606087,27.917119237606087,4.417119237606087,18.79625207491952
7093,40.9,43.61151004156741,43.61151004156741,2.711510041567415,6.629608903587812
3956,7.2,11.917564812984251,11.917564812984251,4.717564812984251,65.52173351367016
833,9.0,7.684325889933299,7.684325889933299,1.315674110066701,14.618601222963346
1393,5.4,7.831020968398224,7.831020968398224,2.431020968398224,45.01890682218933
549,24.9,21.70319351014994,21.70319351014994,3.196806489850058,12.838580280522322
1020,5.5,5.767270628949732,5.767270628949732,0.2672706289497322,4.859465980904221
248,3.6,4.373327232938215,4.373327232938215,0.773327232938215,21.481312026061527
2648,6.5,4.27784761206045,4.27784761206045,2.22215238793955,34.18695981445462
296,6.3,6.86239453207881,6.86239453207881,0.5623945320788097,8.92689733458428
1559,7.39,4.870079829360684,4.870079829360684,2.519920170639316,34.099055083075996
1563,12.8,10.755990158517644,10.755990158517644,2.0440098414823566,15.968826886580912
6766,13.69,14.217479153695493,14.217479153695493,0.5274791536954933,3.8530252278706594
3260,9.7,11.888932763387944,11.888932763387944,2.1889327633879443,22.566317148329322
100,1.4,1.5292266536694314,1.5292266536694314,0.12922665366943153,9.230475262102253
4204,43.5,35.965822882483444,35.965822882483444,7.534177117516556,17.319947396589786
3197,7.0,6.862109203934792,6.862109203934792,0.13789079606520804,1.9698685152172577
2937,17.5,19.030172310157315,19.030172310157315,1.5301723101573153,8.743841772327515
7017,15.99,14.041653318563327,14.041653318563327,1.9483466814366732,12.184782247884135
1499,6.0,6.2697521448869145,6.2697521448869145,0.26975214488691446,4.495869081448575
4872,7.0,8.630551925593698,8.630551925593698,1.6305519255936982,23.29359893705283
1656,5.0,5.722754340120238,5.722754340120238,0.7227543401202379,14.455086802404757
6788,13.29,15.031899414870358,15.031899414870358,1.7418994148703586,13.106842850792766
346,4.0,4.373327232938215,4.373327232938215,0.3733272329382151,9.333180823455379
1718,7.5,8.201929818494321,8.201929818494321,0.701929818494321,9.359064246590947
1665,1.7,2.200586422255254,2.200586422255254,0.5005864222552538,29.446260132661994
681,6.0,6.085831566531741,6.085831566531741,0.08583156653174129,1.4305261088623547
6514,69.99,45.37417145211499,45.37417145211499,24.615828547885002,35.170493710365776
3898,3.9,5.40253568538438,5.40253568538438,1.5025356853843799,38.526556035496924
6186,20.45,22.393190114402273,22.393190114402273,1.9431901144022738,9.502152148666376
6408,54.999,49.22057083397432,49.22057083397432,5.778429166025681,10.506425873244387
7289,23.79,25.973782615084737,25.973782615084737,2.1837826150847377,9.179414102920292
5761,17.75,17.810632640605416,17.810632640605416,0.060632640605415844,0.3415923414389625
7063,49.59,46.97724422942348,46.97724422942348,2.61275577057652,5.268715004187376
1793,3.8,6.859562029702168,6.859562029702168,3.0595620297021684,80.51479025532022
3542,5.9,7.678646046598574,7.678646046598574,1.778646046598574,30.146543162687696
6741,18.8,19.70389514929483,19.70389514929483,0.9038951492948293,4.807952921781006
1706,6.2,8.142183872726505,8.142183872726505,1.9421838727265053,31.325546334298473
1414,5.6,5.181273038602838,5.181273038602838,0.41872696139716137,7.4772671678064535
4761,2.9,3.6286755149375423,3.6286755149375423,0.7286755149375423,25.126741894398013
3066,8.8,5.767270628949732,5.767270628949732,3.0327293710502685,34.46283376193487
2991,8.0,7.446652045395239,7.446652045395239,0.553347954604761,6.916849432559513
6041,9.75,15.036583141960156,15.036583141960156,5.286583141960156,54.2213655585657
84,37.9,34.7776609733496,34.7776609733496,3.122339026650401,8.238361547890241
5327,9.5,7.445010139135219,7.445010139135219,2.054989860864781,21.631472219629273
3207,9.0,11.83249502332774,11.83249502332774,2.8324950233277395,31.47216692586377
5025,3.99,4.163530061357736,4.163530061357736,0.1735300613577362,4.349124344805419
1561,1.2,1.7202973367006105,1.7202973367006105,0.5202973367006105,43.35811139171754
6072,8.39,39.32046354945573,39.32046354945573,30.93046354945573,368.6586835453603
2948,8.9,11.261291596869185,11.261291596869185,2.3612915968691848,26.531366256957128
3528,7.8,7.831020968398224,7.831020968398224,0.031020968398224547,0.3977047230541608
1297,5.0,5.765986373141995,5.765986373141995,0.7659863731419954,15.319727462839907
4866,8.499,8.736387579775835,8.736387579775835,0.23738757977583447,2.793123658969696
6289,13.28,15.44297733062822,15.44297733062822,2.1629773306282214,16.287479899308895
4506,14.2,13.448412390296072,13.448412390296072,0.7515876097039271,5.292870490872727
1912,18.5,15.523192041572125,15.523192041572125,2.976807958427875,16.090853829339864
6456,79.99,47.60785209960755,47.60785209960755,32.38214790039245,40.48274521864289
5998,9.494,8.810703344093834,8.810703344093834,0.6832966559061653,7.197141941290977
6127,18.99,18.309294907152193,18.309294907152193,0.6807050928478056,3.5845449860337317
6875,44.199,27.340894742154603,27.340894742154603,16.858105257845395,38.14137256011538
1817,12.2,9.937241783547442,9.937241783547442,2.262758216452557,18.547198495512767
3722,7.6,8.687461553946934,8.687461553946934,1.087461553946934,14.3087046571965
5451,9.79,11.059882945178945,11.059882945178945,1.2698829451789457,12.971225180581675
6187,36.99,35.81667329264492,35.81667329264492,1.1733267073550806,3.1720105632740756
7164,8.99,11.83696528994003,11.83696528994003,2.84696528994003,31.66813448209155
3089,1.2,2.1104064306218224,2.1104064306218224,0.9104064306218225,75.86720255181855
4845,6.0,5.739917772040389,5.739917772040389,0.2600822279596109,4.334703799326848
3142,3.2,1.7600514053760024,1.7600514053760024,1.4399485946239978,44.99839358199993
1623,5.5,5.641948491468994,5.641948491468994,0.1419484914689937,2.5808816630726126
6834,18.38,18.823756766892675,18.823756766892675,0.44375676689267607,2.414345848164723
5459,16.79,23.718185674871833,23.718185674871833,6.928185674871834,41.263762208885254
5605,47.95,45.25990757441824,45.25990757441824,2.69009242558176,5.61020318160951
6392,26.4,28.39622676639433,28.39622676639433,1.996226766394333,7.56146502422096
1199,2.0,3.1020142140739395,3.1020142140739395,1.1020142140739395,55.100710703696976
373,6.0,4.160556133164996,4.160556133164996,1.839443866835004,30.657397780583402
2457,5.7,5.722754340120238,5.722754340120238,0.022754340120237693,0.3991989494778542
5260,4.99,4.870079829360684,4.870079829360684,0.11992017063931648,2.4032098324512323
3819,21.09,22.046596729440306,22.046596729440306,0.9565967294403066,4.5357834492190925
7284,23.3,31.715270838066818,31.715270838066818,8.415270838066817,36.11704222346274
1317,8.0,9.583148961703536,9.583148961703536,1.583148961703536,19.7893620212942
1446,13.0,15.143445419981159,15.143445419981159,2.143445419981159,16.48804169216276
3799,18.9,18.68966878316609,18.68966878316609,0.21033121683390732,1.1128635811317849
3482,3.7,4.403827037371636,4.403827037371636,0.703827037371636,19.022352361395566
1488,6.399,6.790057724018789,6.790057724018789,0.3910577240187889,6.111231817765103
4486,4.0,4.725782103715411,4.725782103715411,0.7257821037154111,18.144552592885276
6067,102.0,69.79282038657945,69.79282038657945,32.20717961342055,31.575666287667204
812,5.123,4.404923433415381,4.404923433415381,0.7180765665846192,14.01672001921958
3580,34.5,24.06288730339681,24.06288730339681,10.43711269660319,30.25250056986432
4317,3.95,2.781949740606592,2.781949740606592,1.1680502593934081,29.570892642871087
3366,3.9,2.9644064749731576,2.9644064749731576,0.9355935250268423,23.989577564790828
3651,4.0,3.978231875396802,3.978231875396802,0.021768124603198213,0.5442031150799553
6684,40.5,33.268934630752646,33.268934630752646,7.231065369247354,17.85448239320334
1511,3.5,2.8878998588496234,2.8878998588496234,0.6121001411503766,17.488575461439332
7149,18.29,20.675168440059643,20.675168440059643,2.385168440059644,13.040833461233703
1801,3.4,3.0963319370024016,3.0963319370024016,0.3036680629975983,8.931413617576421
4516,4.6,5.722754340120238,5.722754340120238,1.1227543401202382,24.407703046092138
921,7.8,8.938562560893782,8.938562560893782,1.1385625608937824,14.596955908894646
322,15.0,16.127426807777972,16.127426807777972,1.1274268077779723,7.516178718519815
3838,2.5,2.9471523578422483,2.9471523578422483,0.44715235784224827,17.88609431368993
5634,27.49,27.733467584762177,27.733467584762177,0.243467584762179,0.8856587295823173
7262,9.08,13.115433298808439,13.115433298808439,4.035433298808439,44.443098004498225
4402,6.85,6.931749107365341,6.931749107365341,0.08174910736534091,1.1934176257714002
6217,10.45,10.515450038786687,10.515450038786687,0.06545003878668787,0.6263161606381615
1569,5.9,8.199928578164812,8.199928578164812,2.2999285781648116,38.98184030787816
4661,17.5,16.80255421100806,16.80255421100806,0.6974457889919385,3.9854045085253627
231,12.9,10.788382302800406,10.788382302800406,2.111617697199595,16.369129435655775
1545,1.8,3.153379787070968,3.153379787070968,1.353379787070968,75.18776594838711
1420,1.0,2.5083645589561403,2.5083645589561403,1.5083645589561403,150.83645589561402
1079,5.9,8.992688423324887,8.992688423324887,3.092688423324887,52.41844785296418
3103,7.9,6.903873601792148,6.903873601792148,0.9961263982078528,12.609194914023453
1115,4.75,6.238411830927486,6.238411830927486,1.488411830927486,31.334985914262862
6946,14.45,13.463354804279534,13.463354804279534,0.9866451957204649,6.827994434051661
1941,10.9,9.937241783547442,9.937241783547442,0.9627582164525581,8.832644187638147
1867,10.95,8.59877046267809,8.59877046267809,2.3512295373219096,21.472415865953515
2586,6.65,9.430265391983747,9.430265391983747,2.780265391983747,41.80850213509393
2751,11.5,9.604336487604195,9.604336487604195,1.8956635123958048,16.484030542572214
1425,9.59,8.760130721733605,8.760130721733605,0.8298692782663952,8.653485696208502
5395,14.5,12.445698087700865,12.445698087700865,2.0543019122991346,14.167599395166446
4053,32.5,25.152150898416597,25.152150898416597,7.347849101583403,22.608766466410472
7283,16.95,18.641521861174894,18.641521861174894,1.6915218611748948,9.979480006931533
4333,4.49,7.782450427696983,7.782450427696983,3.2924504276969824,73.32851732064547
1618,9.0,14.026708740260935,14.026708740260935,5.0267087402609345,55.852319336232604
2402,16.8,15.62699795252001,15.62699795252001,1.17300204747999,6.98215504452375
265,15.3,15.09659024255487,15.09659024255487,0.20340975744513123,1.329475538857067
0,9.99,8.760130721733605,8.760130721733605,1.2298692782663956,12.311003786450406
4015,16.5,13.034815400600234,13.034815400600234,3.465184599399766,21.001118784241008
5187,3.5,3.6278247947257865,3.6278247947257865,0.12782479472578645,3.6521369921653273
838,1.2,2.5501664765479477,2.5501664765479477,1.3501664765479477,112.51387304566232
14,21.9,15.871696825216688,15.871696825216688,6.028303174783311,27.526498514992287
3263,2.6,2.4833719001701064,2.4833719001701064,0.11662809982989364,4.485696147303601
4912,21.0,13.806537191375604,13.806537191375604,7.193462808624396,34.25458480297331
6477,29.155,37.05611405240714,37.05611405240714,7.901114052407138,27.100374043584765
8,16.5,14.469571768688906,14.469571768688906,2.0304282313110935,12.305625644309657
1039,8.5,15.606723827887425,15.606723827887425,7.106723827887425,83.608515622205
2759,11.9,10.417732129227572,10.417732129227572,1.4822678707724286,12.4560325274994
3992,15.5,14.966808315216374,14.966808315216374,0.5331916847836258,3.4399463534427475
6472,12.99,21.006014264949354,21.006014264949354,8.016014264949353,61.709116743259074
4141,32.79,28.14300724865532,28.14300724865532,4.64699275134468,14.171981553353705
6629,18.1,19.5567378597453,19.5567378597453,1.4567378597452993,8.048275468206073
339,4.1,3.3358024181761023,3.3358024181761023,0.7641975818238973,18.638965410338958
1956,3.3,4.551644760741155,4.551644760741155,1.2516447607411552,37.92862911336834
4220,6.5,5.366200978094944,5.366200978094944,1.1337990219050562,17.443061875462405
2770,29.999999,12.238435918375785,12.238435918375785,17.761563081624214,59.20521224558779
1090,23.5,26.1980122160041,26.1980122160041,2.6980122160040985,11.48090304682595
4512,8.999,6.377508497410054,6.377508497410054,2.6214915025899463,29.13092013101396
1883,6.0,8.039026711350933,8.039026711350933,2.0390267113509335,33.98377852251556
622,5.3,7.332115870381086,7.332115870381086,2.0321158703810864,38.34180887511484
7220,12.5,15.732120444259138,15.732120444259138,3.232120444259138,25.856963554073104
5192,3.8,8.429966595953008,8.429966595953008,4.629966595953008,121.8412262092897
5045,2.8,7.500956759824041,7.500956759824041,4.700956759824042,167.89131285085864
4331,16.5,20.17965194300484,20.17965194300484,3.6796519430048384,22.300920866695993
4952,4.7,3.2150162633683816,3.2150162633683816,1.4849837366316185,31.595398651736563
3032,8.4,6.404430962786945,6.404430962786945,1.9955690372130555,23.756774252536374
4568,5.999,5.731385735333465,5.731385735333465,0.26761426466653493,4.460981241315802
889,4.5,7.768823044952604,7.768823044952604,3.2688230449526037,72.64051211005787
1507,3.1,2.341455449750559,2.341455449750559,0.7585445502494412,24.469179040304557
3688,10.0,7.429551996335232,7.429551996335232,2.570448003664768,25.70448003664768
196,1.9,0.6515059228277572,0.6515059228277572,1.2484940771722428,65.71021458801279
5533,12.99,13.870909376469626,13.870909376469626,0.8809093764696261,6.7814424670486995
3980,11.2,13.19538485495509,13.19538485495509,1.9953848549550912,17.815936204956174
2789,3.8,3.839758343359026,3.839758343359026,0.03975834335902606,1.0462721936585806
6575,38.0,18.1439410813689,18.1439410813689,19.8560589186311,52.252786627976576
4236,21.5,14.056780261919501,14.056780261919501,7.443219738080499,34.61962668874651
432,4.2,7.284138043242429,7.284138043242429,3.0841380432424286,73.43185817243877
2598,10.9,11.132381950094263,11.132381950094263,0.232381950094263,2.131944496277642
6091,28.99,22.19524440674397,22.19524440674397,6.794755593256028,23.438273864284334
1694,23.5,25.697880159372573,25.697880159372573,2.1978801593725734,9.352681529244993
5357,29.9,30.762980034332227,30.762980034332227,0.862980034332228,2.886220850609458
1108,13.9,16.720519661480047,16.720519661480047,2.8205196614800467,20.29150835597156
6353,37.5,44.82490259580991,44.82490259580991,7.32490259580991,19.533073588826426
6690,60.89,45.24199814633334,45.24199814633334,15.648001853666663,25.69880416105545
6262,110.99,95.99867818371706,95.99867818371706,14.991321816282934,13.506912168918763
4825,1.65,3.56485133218871,3.56485133218871,1.91485133218871,116.05159589022485
1277,4.6,5.04590732769171,5.04590732769171,0.44590732769171026,9.69363755851544
1195,5.9,5.814993247946696,5.814993247946696,0.08500675205330399,1.4407924076831184
6062,18.19,26.446218253189773,26.446218253189773,8.256218253189772,45.38877544359413
604,9.0,8.549450898704373,8.549450898704373,0.45054910129562664,5.006101125506963
3742,6.2,4.408392109097696,4.408392109097696,1.7916078909023039,28.89690146616619
1593,17.9,18.3041049548205,18.3041049548205,0.40410495482050024,2.257569580002795
1219,19.4,22.317825846611843,22.317825846611843,2.9178258466118443,15.040339415524972
2229,7.0,8.096044112893505,8.096044112893505,1.0960441128935052,15.65777304133579
4519,4.1,3.4524466239141534,3.4524466239141534,0.6475533760858463,15.793984782581619
1652,3.3,3.6917132020841157,3.6917132020841157,0.39171320208411586,11.870097032851996
4657,5.9,7.2136229937614464,7.2136229937614464,1.313622993761446,22.26479650443129
4865,5.9,3.8469120745309606,3.8469120745309606,2.0530879254690397,34.798100431678634
6264,11.09,10.61399386810495,10.61399386810495,0.4760061318950495,4.292210386790347
4955,38.0,34.6632927545813,34.6632927545813,3.336707245418701,8.780808540575528
1158,12.0,10.482856031529671,10.482856031529671,1.5171439684703287,12.642866403919406
4818,10.8,11.009333778441059,11.009333778441059,0.20933377844105827,1.9382757263060948
3256,8.8,8.417253055022494,8.417253055022494,0.38274694497750694,4.349397102017124
5728,38.699,38.95782112926197,38.95782112926197,0.25882112926197465,0.668805729507157
4650,17.5,19.539553000712587,19.539553000712587,2.039553000712587,11.654588575500497
7219,15.49,17.86321073392075,17.86321073392075,2.3732107339207484,15.32092145849418
5702,14.19,13.19113954850035,13.19113954850035,0.9988604514996489,7.03918570471916
2807,4.59,3.3379825008704267,3.3379825008704267,1.2520174991295732,27.277069697812053
2851,8.6,13.302231256526348,13.302231256526348,4.702231256526348,54.6771076340273
4559,10.49,9.051119436734247,9.051119436734247,1.4388805632657533,13.71668792436371
2995,6.5,8.058330787628805,8.058330787628805,1.5583307876288046,23.974319809673915
904,5.95,4.29764444623171,4.29764444623171,1.65235555376829,27.770681575937644
6841,21.169,20.376637923807078,20.376637923807078,0.7923620761929229,3.743030262142392
2357,23.8,23.17750053312836,23.17750053312836,0.6224994668716413,2.615543978452274
3383,12.8,11.38209108203419,11.38209108203419,1.4179089179658106,11.077413421607895
3470,9.0,14.305418673100913,14.305418673100913,5.305418673100913,58.949096367787924
1616,7.8,8.760130721733605,8.760130721733605,0.9601307217336048,12.309368227353907
3575,5.8,6.402201285011934,6.402201285011934,0.602201285011934,10.382780776067829
6977,26.95,19.626601254171998,19.626601254171998,7.323398745828001,27.174021320326535
5006,10.9,9.670102201925564,9.670102201925564,1.229897798074436,11.283466037380148
3820,3.65,4.1361128056770236,4.1361128056770236,0.48611280567702364,13.318159059644483
1860,7.5,5.86333140770308,5.86333140770308,1.6366685922969202,21.822247897292268
2088,4.99,4.082926775920508,4.082926775920508,0.9070732240794923,18.177820121833513
7077,27.52,23.158002364371207,23.158002364371207,4.361997635628793,15.850282106209276
6930,27.699,25.229759372373174,25.229759372373174,2.469240627626828,8.914547917350186
5213,4.1,8.006281188630881,8.006281188630881,3.9062811886308815,95.27515094221663
2251,3.2,2.34997550861369,2.34997550861369,0.8500244913863102,26.563265355822193
3784,14.0,17.917844558238986,17.917844558238986,3.9178445582389863,27.98460398742133
3127,6.5,5.767270628949732,5.767270628949732,0.7327293710502678,11.272759554619505
254,11.7,8.938562560893782,8.938562560893782,2.761437439106217,23.602029394070236
6705,16.78,15.727675277922847,15.727675277922847,1.052324722077154,6.271303468874577
4989,2.999999,4.373327232938215,4.373327232938215,1.3733282329382153,45.777623023814854
221,14.85,14.50309158888559,14.50309158888559,0.3469084111144092,2.336083576528008
267,2.9,3.1589596611808606,3.1589596611808606,0.25895966118086067,8.929643488995195
107,8.1,5.789491276005184,5.789491276005184,2.3105087239948157,28.524799061664392
4800,5.5,4.4582253730199,4.4582253730199,1.0417746269801,18.941356854183635
1226,5.4,8.048787888796486,8.048787888796486,2.6487878887964857,49.05162757030529
4938,4.9,6.121215102983361,6.121215102983361,1.2212151029833604,24.922757203742048
3418,9.5,8.707918811952457,8.707918811952457,0.7920811880475433,8.33769671628993
4154,8.5,6.410123890614471,6.410123890614471,2.0898761093855294,24.586777757476817
1758,6.99,8.424690143108391,8.424690143108391,1.4346901431083907,20.524894751193
2284,9.99,8.907266295500152,8.907266295500152,1.082733704499848,10.838175220218698
2526,3.3,3.9915857432600688,3.9915857432600688,0.6915857432600689,20.957143735153604
4004,15.0,7.194477218769326,7.194477218769326,7.805522781230674,52.03681854153782
1210,15.5,24.838263202582606,24.838263202582606,9.338263202582606,60.24685937150068
6664,11.5,14.71085995255605,14.71085995255605,3.2108599525560493,27.920521326574345
2464,13.6,11.577358400705474,11.577358400705474,2.0226415992945252,14.87236470069504
4240,13.5,12.934024357011292,12.934024357011292,0.5659756429887075,4.1924121702867225
4198,14.5,13.457918193795047,13.457918193795047,1.042081806204953,7.186771077275539
376,4.5,4.468051269763406,4.468051269763406,0.031948730236593725,0.7099717830354162
755,1.8,2.7344339230130115,2.7344339230130115,0.9344339230130114,51.91299572294508
291,12.49,13.724150869372377,13.724150869372377,1.2341508693723764,9.881111844454574
5091,1.7,4.342435505004746,4.342435505004746,2.6424355050047454,155.43738264733798
1465,1.35,3.2702196580952165,3.2702196580952165,1.9202196580952164,142.23849319223825
188,4.7,6.317464108574337,6.317464108574337,1.617464108574337,34.414129969666746
1870,33.0,17.06993629554354,17.06993629554354,15.930063704456462,48.27292031653474
1201,8.7,10.387709376835419,10.387709376835419,1.6877093768354197,19.398958354430114
1649,4.0,3.7856426556026386,3.7856426556026386,0.21435734439736143,5.358933609934036
6030,128.96,134.61116869730097,134.61116869730097,5.65116869730096,4.382109721852482
3706,30.49,26.42829298601538,26.42829298601538,4.06170701398462,13.321439862199474
4176,6.5,6.67034291110498,6.67034291110498,0.17034291110497968,2.6206601708458415
501,10.0,11.288696090173813,11.288696090173813,1.2886960901738131,12.886960901738131
6193,26.99,22.75500707360881,22.75500707360881,4.23499292639119,15.69097045717373
2605,5.5,6.238411830927486,6.238411830927486,0.7384118309274861,13.42566965322702
6874,64.89,73.1108162347797,73.1108162347797,8.220816234779704,12.668849182893673
3312,23.5,18.023684215861405,18.023684215861405,5.476315784138595,23.303471421866366
2812,6.5,6.416913445986138,6.416913445986138,0.08308655401386211,1.2782546771363403
4763,5.5,8.008120992923589,8.008120992923589,2.5081209929235886,45.60219987133797
6753,76.79,48.55112903203105,48.55112903203105,28.238870967968957,36.77415154052475
672,7.9,5.767270628949732,5.767270628949732,2.132729371050268,26.996574317092005
4766,13.8,17.440360986543226,17.440360986543226,3.640360986543225,26.379427438719024
3753,7.35,6.907243351545184,6.907243351545184,0.4427566484548153,6.02389997897708
1374,12.8,12.62413341020008,12.62413341020008,0.1758665897999201,1.3739577328118757
7043,23.99,26.77693242550614,26.77693242550614,2.7869324255061407,11.617058880809257
6988,15.58,17.08091569044353,17.08091569044353,1.500915690443529,9.633605201819826
5718,79.99,81.80766693738865,81.80766693738865,1.8176669373886511,2.2723677177005266
1192,4.9,5.900867666224418,5.900867666224418,1.0008676662244174,20.425870739273822
3053,52.9,43.64587076532927,43.64587076532927,9.254129234670728,17.493628042855818
3950,2.8,2.460455297183875,2.460455297183875,0.3395447028161249,12.126596529147319
216,13.0,11.794890855357174,11.794890855357174,1.205109144642826,9.270070343406353
4697,6.49,8.016298839399338,8.016298839399338,1.5262988393993382,23.517701685660064
421,1.2,0.8320712815893717,0.8320712815893717,0.36792871841062824,30.660726534219023
505,3.9,5.315168781547267,5.315168781547267,1.4151687815472669,36.286379014032484
4836,2.9,3.3667110434035235,3.3667110434035235,0.46671104340352354,16.093484255293916
6453,19.9,17.70530153153761,17.70530153153761,2.194698468462388,11.028635519911498
6845,49.5,31.529222207340233,31.529222207340233,17.970777792659767,36.30460160133286
6252,20.59,24.15554990113681,24.15554990113681,3.5655499011368086,17.316900928299216
506,16.3,15.143445419981159,15.143445419981159,1.1565545800188417,7.095426871281236
1807,8.9,6.045703800010875,6.045703800010875,2.8542961999891254,32.070743820102535
4436,20.89,22.110168196667228,22.110168196667228,1.2201681966672275,5.84092004148984
1438,5.99,2.193377435913139,2.193377435913139,3.7966225640868614,63.382680535673806
5520,76.49,69.25838866456533,69.25838866456533,7.231611335434664,9.454322572146246
7069,41.599,29.320379398188738,29.320379398188738,12.278620601811259,29.516624442441547
4704,3.8,2.839677160874984,2.839677160874984,0.9603228391250158,25.27165366118463
1426,27.9,35.49925750814665,35.49925750814665,7.59925750814665,27.237482108052507
2859,7.5,6.86239453207881,6.86239453207881,0.6376054679211904,8.501406238949206
3016,5.0,4.535953256751169,4.535953256751169,0.4640467432488311,9.280934864976622
2688,20.49,19.58009831745481,19.58009831745481,0.9099016825451898,4.4407109933879445
4664,12.0,5.519347132852617,5.519347132852617,6.480652867147383,54.00544055956152
2280,2.95,4.495237521167774,4.495237521167774,1.545237521167774,52.38093292094149
347,6.5,6.921598213867,6.921598213867,0.421598213867,6.4861263671846165
4320,12.99,15.487221611755043,15.487221611755043,2.4972216117550428,19.22418484799879
333,11.5,7.00192027273978,7.00192027273978,4.49807972726022,39.11373675878452
4386,6.5,6.440027694331883,6.440027694331883,0.05997230566811673,0.9226508564325652
3381,7.75,6.647383484981941,6.647383484981941,1.1026165150180587,14.227309871200758
5781,18.355,24.507762298392112,24.507762298392112,6.152762298392112,33.52090601139805
6380,15.89,16.620744390822598,16.620744390822598,0.730744390822597,4.59876897937443
5832,83.49,95.10553198238851,95.10553198238851,11.615531982388518,13.912482910993553
6831,8.29,9.980114852144562,9.980114852144562,1.6901148521445624,20.387392667606303
3023,9.79,9.692683257258283,9.692683257258283,0.09731674274171631,0.9940423160543036
6726,5.65,5.527087736638555,5.527087736638555,0.122912263361445,2.1754382895830973
746,14.5,16.179513257411283,16.179513257411283,1.6795132574112834,11.582850051112299
3410,34.0,25.281548439154363,25.281548439154363,8.718451560845637,25.64250459072246
5257,5.7,5.654458536976502,5.654458536976502,0.04554146302349782,0.7989730354999617
3704,5.0,4.211594846362094,4.211594846362094,0.788405153637906,15.76810307275812
3589,2.5,2.724811170944566,2.724811170944566,0.22481117094456593,8.992446837782637
5019,7.8,6.245308845068498,6.245308845068498,1.5546911549315015,19.9319378837372
4038,24.2,19.58009831745481,19.58009831745481,4.619901682545191,19.090502820434672
3608,9.3,8.462633727701197,8.462633727701197,0.8373662722988033,9.003938411815088
6968,28.59,29.06989944769817,29.06989944769817,0.4798994476981697,1.678557004890415
259,4.8,5.860183759999685,5.860183759999685,1.0601837599996848,22.0871616666601
1795,11.49,8.760130721733605,8.760130721733605,2.7298692782663956,23.758653422684034
4210,20.0,15.760887553516367,15.760887553516367,4.239112446483633,21.195562232418162
3653,8.3,4.505312308298502,4.505312308298502,3.7946876917014984,45.7191288156807
3265,4.59,5.767270628949732,5.767270628949732,1.1772706289497323,25.648597580604193
3246,5.0,5.785932230602195,5.785932230602195,0.785932230602195,15.7186446120439
1730,25.0,15.32609650251177,15.32609650251177,9.67390349748823,38.69561398995292
599,11.5,15.423022814851517,15.423022814851517,3.9230228148515174,34.113241868274066
45,13.0,13.059041349052357,13.059041349052357,0.05904134905235736,0.45416422347967206
4651,23.5,12.685224869431408,12.685224869431408,10.814775130568592,46.0203197045472
5070,6.0,6.319984276070334,6.319984276070334,0.3199842760703344,5.333071267838907
4575,6.0,4.754293993841329,4.754293993841329,1.245706006158671,20.761766769311187
3921,14.2,7.490969700937579,7.490969700937579,6.70903029906242,47.24669224691846
3881,2.686686,3.631226010652545,3.631226010652545,0.944540010652545,35.15632309293103
6979,5.85,13.15414546233702,13.15414546233702,7.30414546233702,124.85718739037644
6997,28.9,20.991705307321713,20.991705307321713,7.908294692678286,27.3643414971567
1421,1.9,2.7067751564744653,2.7067751564744653,0.8067751564744654,42.46185034076134
4251,17.2,17.840139542028634,17.840139542028634,0.6401395420286349,3.721741523422296
3529,2.3,2.5498371135644997,2.5498371135644997,0.2498371135644999,10.862483198456518
6651,12.09,14.015041653473672,14.015041653473672,1.9250416534736718,15.922594321535746
6497,96.79,96.37077350789684,96.37077350789684,0.41922649210316365,0.4331299639458246
7180,15.99,18.921083731780097,18.921083731780097,2.931083731780097,18.33073002989429
3044,13.2,16.720519661480047,16.720519661480047,3.520519661480048,26.67060349606097
1298,4.1,5.767270628949732,5.767270628949732,1.6672706289497325,40.665137291456894
426,6.5,5.428061680604432,5.428061680604432,1.071938319395568,16.491358759931813
4603,8.2,6.398412115622674,6.398412115622674,1.8015878843773256,21.970583955821045
805,19.9,18.1871984773157,18.1871984773157,1.7128015226842983,8.607042827559289
410,7.7,11.877869438942112,11.877869438942112,4.177869438942111,54.258044661585856
6097,12.38,14.250910154940273,14.250910154940273,1.8709101549402725,15.112359894509469
3858,15.0,7.638957546418172,7.638957546418172,7.361042453581828,49.07361635721219
438,8.8,10.854940949832292,10.854940949832292,2.0549409498322913,23.35160170263967
2389,2.0,2.388984723527363,2.388984723527363,0.38898472352736313,19.449236176368156
4161,9.2,11.061504948295465,11.061504948295465,1.8615049482954653,20.233749437994188
434,5.8,6.27951651516129,6.27951651516129,0.4795165151612899,8.267526123470516
751,10.5,8.248296815077563,8.248296815077563,2.2517031849224374,21.44479223735655
3411,8.5,6.045703800010875,6.045703800010875,2.454296199989125,28.874072941048528
2874,6.99,5.796125644998002,5.796125644998002,1.1938743550019986,17.07974756798281
4383,14.6,14.460323703002372,14.460323703002372,0.13967629699762796,0.9566869657371779
2142,9.0,8.132333233183385,8.132333233183385,0.8676667668166154,9.640741853517948
6044,24.0,37.791330084583606,37.791330084583606,13.791330084583606,57.46387535243169
4937,7.5,6.686121934100331,6.686121934100331,0.8138780658996687,10.851707545328916
4856,5.9,8.650808683452318,8.650808683452318,2.750808683452318,46.62387599071725
1049,6.0,6.908990589108273,6.908990589108273,0.9089905891082726,15.149843151804543
626,6.5,6.288781850243931,6.288781850243931,0.21121814975606856,3.249509996247209
1926,10.2,10.001113393275903,10.001113393275903,0.19888660672409664,1.9498686933734966
1223,7.6,5.796125644998002,5.796125644998002,1.803874355001998,23.735188881605236
210,7.89,10.716086263247096,10.716086263247096,2.826086263247096,35.818583818087404
2431,3.89,2.547219576199857,2.547219576199857,1.3427804238001433,34.51877696144327
6216,14.59,17.001210340601087,17.001210340601087,2.4112103406010874,16.52645881152219
4927,16.0,17.150118930733075,17.150118930733075,1.1501189307330755,7.188243317081722
51,18.8,14.735007900465328,14.735007900465328,4.064992099534672,21.62229840178017
1109,12.5,12.765405729745702,12.765405729745702,0.26540572974570154,2.1232458379656123
1436,7.2,10.672120624635703,10.672120624635703,3.4721206246357026,48.22389756438476
7277,10.49,11.91109545099365,11.91109545099365,1.4210954509936506,13.547144432732608
3882,2.8,4.690466449606268,4.690466449606268,1.8904664496062678,67.51665891450956
1786,10.8,5.654458536976502,5.654458536976502,5.145541463023498,47.64390243540276
5456,22.0,24.917827230003695,24.917827230003695,2.917827230003695,13.262851045471342
4338,6.0,5.146047524168861,5.146047524168861,0.8539524758311394,14.232541263852324
6336,19.592,23.92461998922928,23.92461998922928,4.332619989229283,22.114230243105773
1558,2.8,3.6426639041988382,3.6426639041988382,0.8426639041988384,30.095139435672802
2249,26.49,18.516525631049085,18.516525631049085,7.973474368950914,30.099940992642182
5044,36.0,23.575830563377924,23.575830563377924,12.424169436622076,34.511581768394656
3786,8.5,12.599979097785996,12.599979097785996,4.099979097785996,48.235048209247005
4233,12.8,16.371820803616092,16.371820803616092,3.5718208036160917,27.904850028250717
4561,13.0,7.591879309104645,7.591879309104645,5.408120690895355,41.600928391502734
3733,3.5,4.198454313849394,4.198454313849394,0.6984543138493944,19.955837538554125
5661,63.05,80.88359179195272,80.88359179195272,17.833591791952728,28.28484027272439
5664,70.99,69.25838866456533,69.25838866456533,1.731611335434664,2.439232758747238
6291,8.89,8.733483333482969,8.733483333482969,0.15651666651703167,1.7605924242635733
6970,20.49,27.31463594305104,27.31463594305104,6.824635943051042,33.30715443167907
4693,29.5,13.741836509087749,13.741836509087749,15.758163490912251,53.41750335902458
3164,1.0,1.6679384401128892,1.6679384401128892,0.6679384401128892,66.79384401128891
2112,5.4,4.8580536149176465,4.8580536149176465,0.5419463850823538,10.036044168191737
705,7.2,7.36581025315431,7.36581025315431,0.16581025315430953,2.302920182698743
2943,26.5,18.023684215861405,18.023684215861405,8.476315784138595,31.986097298636206
6952,20.99,14.337357210793213,14.337357210793213,6.652642789206785,31.694343921899886
57,3.8,5.812431460236921,5.812431460236921,2.012431460236921,52.95872263781371
4881,9.8,10.021986323586349,10.021986323586349,0.22198632358634818,2.2651665672076344
5640,17.2,25.48518703059071,25.48518703059071,8.28518703059071,48.16969203831808
527,4.5,11.153219406597813,11.153219406597813,6.653219406597813,147.84932014661806
1935,3.8,3.8451707017104844,3.8451707017104844,0.04517070171048454,1.1887026765916984
5058,1.95,3.609175433364472,3.609175433364472,1.659175433364472,85.08591965971651
565,4.0,7.388548997395623,7.388548997395623,3.388548997395623,84.71372493489058
1871,4.9,5.765575352163723,5.765575352163723,0.8655753521637228,17.6648031053821
6095,18.85,19.710589540590064,19.710589540590064,0.8605895405900625,4.565461753793435
640,5.5,4.3570378995680965,4.3570378995680965,1.1429621004319035,20.781129098761884
5282,5.0,4.630907544241787,4.630907544241787,0.3690924557582127,7.381849115164255
1747,41.0,29.31085332283564,29.31085332283564,11.68914667716436,28.510113846742343
730,6.5,8.075676274875393,8.075676274875393,1.5756762748753932,24.241173459621436
