sample_id,y_true_price,raw_prediction,y_pred_price,absolute_error,absolute_percentage_error
3909,5.5,1.491578826328224,3.444106455298974,2.055893544701026,37.37988263092774
6004,37.499,3.4607125706671726,30.839656438414703,6.659343561585299,17.75872306350916
1768,27.49,2.932464766062006,17.77384665735788,9.71615334264212,35.3443191802187
3360,7.8,2.157119594532655,7.646197202700179,0.1538027972998206,1.9718307346130848
4700,12.99,2.4892582098554756,11.052332502242209,1.9376674977577917,14.916608912685078
865,3.5,1.4017186237334893,3.0621753220403267,0.4378246779596733,12.509276513133521
7074,52.5,3.69965470378649,39.4333404700031,13.066659529996898,24.888875295232186
2233,26.0,3.0296438258877636,19.68986208361582,6.310137916384178,24.269761216862225
1720,22.0,2.4711458804736797,10.836001727295265,11.163998272704735,50.74544669411243
1662,4.7,2.3133754374838085,9.108487702123277,4.408487702123277,93.79761068347398
1566,11.49,2.7557705892618034,14.733160036945282,3.243160036945282,28.225935917713507
5141,3.2,1.779358267468327,4.9260522575766785,1.7260522575766784,53.93913304927119
7264,63.86,3.9458276773866245,50.71912715390442,13.140872846095583,20.577627381922305
5464,127.0,4.671694728714686,105.87871947051944,21.121280529480558,16.63092955077209
6348,31.79,3.287458628089758,25.77473256610104,6.015267433898959,18.921885605218495
6283,17.99,3.635446166256718,36.9187671979865,18.9287671979865,105.21827236234853
6419,30.9,3.520834485756189,32.812632854628085,1.912632854628086,6.18975033860222
763,7.9,2.5691536828621655,12.054771287686506,4.154771287686506,52.59204161628488
3297,4.8,1.875008796536289,5.520876481204426,0.7208764812044262,15.01826002509221
2654,3.59,1.2269500891507399,2.4108109871082983,1.1791890128917015,32.8464906097967
2189,3.1399,1.5802839262823636,3.856334456499508,0.716434456499508,22.817110624526514
3945,1.9,1.1002353146961312,2.0048730315428624,0.10487303154286254,5.519633239098028
6006,20.04,3.2404482288295853,24.54516926292689,4.505169262926891,22.48088454554337
1197,19.8,2.4416383411581406,10.491852903813706,9.308147096186294,47.0108439201328
429,7.5,2.055733299596646,6.812564723190962,0.6874352768090377,9.16580369078717
4271,5.7,1.8845553649290523,5.5834265688062485,0.11657343119375163,2.045147915679853
3905,5.1,2.0719113488644836,6.93998470444192,1.8399847044419202,36.0781314596455
2316,2.7,1.92702672988334,5.869056289292444,3.1690562892924437,117.37245515897938
4584,13.5,2.3177580980658226,9.152886995167508,4.347113004832492,32.200837072833274
7086,51.49,4.079580985811849,58.12069225029572,6.630692250295716,12.877631093990516
1992,16.5,2.750658061488386,14.65292908553238,1.8470709144676203,11.19436917859164
7240,13.1,2.6658231967389976,13.379782064786342,0.2797820647863425,2.1357409525675
554,7.2,2.4136643555152757,10.17483477902121,2.9748347790212106,41.31714970862792
1905,11.999,2.506463537150775,11.261490988094812,0.737509011905189,6.146420634262763
2034,14.5,2.5589745291371817,11.922558811066136,2.5774411889338644,17.775456475405964
1215,6.2,1.9794802400547489,6.238979475609062,0.03897947560906179,0.6287012195009966
1615,7.0,2.074451221905533,6.960176889477376,0.039823110522624106,0.5689015788946301
1002,3.2,1.3836086976178017,2.9892717586631217,0.2107282413368785,6.5852575417774535
2388,9.95,2.0798187610228207,7.003018323993183,2.946981676006816,29.61790629152579
6001,38.9,3.7451453401090036,41.315156861442865,2.415156861442867,6.208629463863411
1533,4.95,1.6742230957475661,4.334649027197389,0.6153509728026112,12.431332783891134
5326,26.5,3.318245595778515,26.61186566621511,0.11186566621510963,0.4221345894909797
2764,22.5,3.056066777281392,20.24383588481193,2.2561641151880707,10.027396067502536
6702,12.99,2.7596347718871836,14.794073455092294,1.8040734550922934,13.888171324805953
496,10.89,2.6457072784831093,13.093409524201755,2.2034095242017546,20.23332896420344
2691,29.5,3.500022121424562,32.11618452776736,2.616184527767359,8.868422128024948
7213,26.25,3.490881280722211,31.814854065342473,5.564854065342473,21.19944405844752
5400,13.99,2.601328010839992,12.481629902726603,1.5083700972733975,10.781773390088617
5931,44.99,3.631045924623606,36.75228201602562,8.237717983974385,18.310108877471404
828,4.8,1.4853715588972274,3.416606137252659,1.383393862747341,28.82070547390294
3552,1.55,1.5915524940562482,3.9113678820510778,2.361367882051078,152.3463149710373
61,6.9,2.25704162965141,8.554780733985778,1.6547807339857776,23.982329478054748
1429,10.0,2.559125421280054,11.924508870777172,1.9245088707771725,19.245088707771725
2970,3.2,1.552725181319994,3.724327304158738,0.5243273041587377,16.385228254960555
3955,29.9,3.4866558427285677,31.676489465604426,1.7764894656044277,5.94143633981414
4121,14.5,2.546804179549811,11.766239910066032,2.733760089933968,18.85351786161357
3550,16.4,2.727390335042205,14.292925487733935,2.1070745122660632,12.848015318695508
5189,4.6,1.425105493278456,3.1582964919480574,1.4417035080519423,31.34138060982483
465,5.95,2.0165021002871195,6.512002692159739,0.562002692159739,9.44542339764267
5636,7.5,2.7109319001484113,14.043287826982027,6.543287826982027,87.2438376930937
6951,12.9,3.0194091326764263,19.479187625817374,6.579187625817374,51.00145446370057
4230,8.2,2.0811147925622033,7.013397212381902,1.1866027876180976,14.470765702659726
6145,42.45,4.018428956706634,54.613665682164566,12.163665682164563,28.654100546912986
1902,8.9,2.31601826985821,9.135238073482448,0.23523807348244752,2.6431244211510956
185,4.7,1.6742230957475661,4.334649027197389,0.3653509728026112,7.773424953247046
2662,4.8,1.6463603824037978,4.188062857927317,0.6119371420726827,12.748690459847555
932,2.0,1.5655066606239398,3.785098742934334,1.7850987429343341,89.25493714671671
6485,20.95,3.34575205974446,27.381912536236836,6.431912536236837,30.701253156261753
5510,12.99,3.223721915219581,24.121446290957625,11.131446290957625,85.69242718212182
1487,18.99,2.25704162965141,8.554780733985778,10.43521926601422,54.951128309711535
1084,17.0,2.3816048061070925,9.822256558967327,7.177743441032673,42.22202024136866
7123,11.999,2.864574483941251,16.541587389157023,4.542587389157022,37.85804974712077
5735,99.69,4.312911819720006,73.65756210960159,26.032437890398413,26.113389397530756
2939,12.5,2.5091123475570276,11.294012405540007,1.2059875944599927,9.647900755679942
1940,7.5,2.1468269702026035,7.557661556688267,0.05766155668826656,0.768820755843554
5481,17.86,2.9194193894768405,17.5305253177436,0.3294746822564001,1.8447630585464732
3268,2.2,1.2872960536657294,2.6229769641435894,0.4229769641435892,19.22622564289042
1703,22.5,3.1987007232935745,23.50067635003641,1.0006763500364109,4.447450444606271
6381,19.8,3.1709429559733633,22.82994435374341,3.02994435374341,15.302749261330353
3244,1.5,1.2373857559673964,2.446591445901164,0.9465914459011642,63.10609639341095
4438,1.5,1.0525898257258475,1.8650615281376224,0.3650615281376224,24.337435209174828
5549,17.5,2.7838188058571074,15.180694043474126,2.3193059565258736,13.253176894433564
4063,8.0,2.102074887367097,7.18313138584497,0.8168686141550303,10.210857676937879
5269,5.299999,1.7440788966193905,4.720629756487049,0.5793692435129509,10.931497223168362
7091,24.299,3.4447115323346584,30.334243226837625,6.0352432268376255,24.837413995792527
2718,22.0,2.8871537966181857,16.94216979458121,5.057830205418789,22.990137297358128
1740,7.8,2.292317199987627,8.89784641845815,1.0978464184581496,14.07495408279679
5023,17.5,2.770484624733167,14.966369832876932,2.533630167123068,14.477886669274673
3994,7.0,2.209689118976542,8.11288293025621,1.1128829302562107,15.898327575088725
101,12.6,2.5166685582011175,11.387260410043341,1.2127395899566586,9.624917380608403
4505,15.0,2.9320920804738306,17.766851218904588,2.7668512189045877,18.44567479269725
736,8.2,2.4057476040862884,10.086715658639795,1.8867156586397957,23.008727544387757
7111,48.49,3.9419707514788778,50.520034502068356,2.0300345020683537,4.186501344748099
538,25.5,2.9727801473449267,18.546185403060527,6.953814596939473,27.269861164468523
4520,9.0,1.9918413082970192,6.329016324290561,2.670983675709439,29.677596396771545
5153,8.5,2.232127913316111,8.319676458261425,0.18032354173857534,2.121453432218533
733,10.8,2.7404940088936356,14.494637694783343,3.694637694783342,34.209608285030946
5218,4.4,2.1156592561316367,7.2950525281644705,2.89505252816447,65.79664836737432
79,3.7,1.2988522549881394,2.66508766656398,1.03491233343602,27.97060360637892
5808,17.79,2.9089215142993967,17.337011694102184,0.452988305897815,2.5463086334896854
3113,5.5,1.8845553649290523,5.5834265688062485,0.08342656880624855,1.5168467055681554
5278,5.3,1.5634264597653247,3.77515512237044,1.52484487762956,28.770658068482263
3082,5.9,1.5989458352742139,3.9478138634223567,1.9521861365776436,33.08790061996006
4939,11.5,2.3451766600538746,9.435116032885468,2.0648839671145325,17.955512757517674
132,8.9,2.1182139163274876,7.316270659699059,1.5837293403009411,17.79471168877462
737,12.2,2.179573528461655,7.84253436524183,4.357465634758169,35.716931432444014
1041,9.0,2.2512322898485366,8.4994346836202,0.5005653163798005,5.56183684866445
2095,13.5,2.7095404462164216,14.022370341218965,0.5223703412189646,3.8694099349552937
7199,21.99,3.14991605731709,22.334105771288247,0.34410577128824826,1.5648284278683415
6848,42.499,3.3600732512056144,27.791299799422774,14.707700200577229,34.6071676994217
1634,9.3,2.750658061488386,14.65292908553238,5.352929085532379,57.55837726378902
6425,20.34,3.0806884632114344,20.77338741351113,0.43338741351113086,2.1307149140173594
5527,23.9,3.4660588214499395,31.01033506540969,7.110335065409693,29.750355922216286
6243,47.499,3.3935131622782397,28.77035686258791,18.728643137412092,39.429552490393675
6607,41.0,3.838062650571735,45.435425594688006,4.435425594688006,10.818111206556113
3308,17.2,2.765101507507982,14.880651914202195,2.319348085797804,13.484581894173282
4726,5.0,2.1974038995866834,8.001614044966939,3.0016140449669386,60.03228089933877
5241,1.8,1.4752855875956992,3.3722842647952733,1.5722842647952733,87.34912582195963
5112,14.499,2.2379715608010406,8.37429679772961,6.124703202270391,42.242245687774265
2647,7.5,2.045087505921309,6.729834914641736,0.770165085358264,10.268867804776853
3139,6.2,1.9361427481715932,5.93196101674761,0.2680389832523904,4.32320940729662
5239,6.6,2.0104520411340863,6.466691836403396,0.13330816359660336,2.0198206605545965
319,9.0,2.1558411652645844,7.6351507137206625,1.3648492862793375,15.164992069770417
5857,4.845,2.543092011444463,11.718937333324874,6.873937333324874,141.87693154437306
6898,38.8,3.717913661539118,40.178392361688914,1.3783923616889169,3.5525576332188584
842,7.5,1.922237667492829,5.8362385958728575,1.6637614041271425,22.1834853883619
1894,5.5,1.502056119037092,3.4909134365015877,2.0090865634984123,36.52884660906204
177,7.5,2.493816458538247,11.107395430916192,3.607395430916192,48.09860574554923
5163,3.8,1.2509247626550846,2.4935721891886593,1.3064278108113405,34.37967923187738
4671,7.3,1.895249548549969,5.65420874560007,1.6457912543999296,22.545085676711366
3832,22.9,2.7068617297112527,13.982183518422056,8.917816481577942,38.9424300505587
3961,3.95,1.5982675988755732,3.944459213717849,0.0055407862821512666,0.14027307043420928
1509,4.0,1.0452388535277333,1.8440777605357286,2.1559222394642714,53.898055986606785
6654,19.49,2.8987378680893987,17.151221670033724,2.3387783299662743,11.999888814603768
2177,11.4,2.2108391279047854,8.12336885528609,3.2766311447139103,28.742378462402723
3671,1.4,1.0047846319387364,1.7313189706060546,0.33131897060605464,23.665640757575332
1755,6.9,1.7128843311002437,4.544931854020677,2.355068145979323,34.13142240549744
2245,4.0,1.8609994636100642,5.430160272065659,1.4301602720656588,35.75400680164147
3193,4.799,1.875008796536289,5.520876481204426,0.7218764812044256,15.042227155749647
1038,13.5,2.5049701221040372,11.243193159484822,2.2568068405151784,16.71708770751984
6559,8.1,1.8717738040205447,5.499815578889488,2.6001844211105114,32.10104223593224
3450,7.29,2.0429422218016655,6.713269997132111,0.5767300028678894,7.911248324662407
5444,41.29,3.489731774701772,31.777154864914657,9.512845135085342,23.03910180451766
3433,17.49,2.7495855963998608,14.63615086419147,2.853849135808529,16.317033366543907
3002,15.9,2.854347856276485,16.36311027127835,0.46311027127835125,2.9126432155871145
2516,1.5,0.9258074773881083,1.523905434329444,0.02390543432944403,1.5936956219629355
3698,5.35,1.746266943794134,4.733160468158335,0.6168395318416646,11.529710875545133
2045,4.99,1.8002230142752815,5.0509967726098335,0.06099677260983327,1.2223802126219092
4239,9.49,1.9584728445127029,6.088493563199436,3.401506436800564,35.843060451007
4710,4.99,1.9495103831620286,6.025247059138345,1.035247059138345,20.746434050868633
1728,31.5,3.3533667766039588,27.598857703867647,3.9011422961323525,12.384578717880485
3319,9.19,2.40883218149057,10.12096628845073,0.9309662884507297,10.130209885209245
5372,2.899,1.708630799316328,4.5213964000254165,1.6223964000254165,55.964001380662864
2771,27.5,3.0116536731312973,19.32097640801327,8.17902359198673,29.74190397086084
4552,1.5,1.2625114432027098,2.534286510538043,1.0342865105380432,68.95243403586954
3379,5.0,2.369827066566241,9.695542507279832,4.695542507279832,93.91085014559664
3857,6.7,2.0364784696409477,6.663574115477914,0.03642588452208617,0.5436699182400921
5435,23.49,3.4902801251599276,31.79513316155498,8.30513316155498,35.35603729908463
4104,3.2,1.4313700355014123,3.1844280816609736,0.015571918339026602,0.48662244809458133
6784,28.799,2.833670194442947,16.007768230898964,12.791231769101035,44.415541404566255
2412,21.49,2.621993259096965,12.763129745782939,8.72687025421706,40.60898210431392
6248,27.89,3.584930228650379,35.0508423151854,7.160842315185398,25.675304106078872
3045,11.5,2.3600423239644277,9.591399712972324,1.9086002870276761,16.59652423502327
1918,14.9,2.5632431979871506,11.977838837447598,2.9221611625524027,19.611819882902033
3824,4.0,1.9574963497676285,6.081575064972816,2.0815750649728164,52.03937662432041
1550,13.5,2.598334461916793,12.441332330518607,1.0586676694813928,7.841982736899205
1934,7.9,2.152254831122229,7.604237643324682,0.29576235667531847,3.7438272996875757
7148,19.199,2.9013565412471807,17.19881607690184,2.000183923098163,10.418167212345242
3370,8.99,2.319420288993015,9.169777065187489,0.17977706518748882,1.9997448852890856
2481,10.7,2.479528557943179,10.935636130400859,0.2356361304008594,2.202206826176256
6017,21.999,2.7923247982521398,15.318913919188475,6.680086080811524,30.365407885865377
5643,21.1,2.927880330018481,17.68797614240358,3.41202385759642,16.17072918292142
3889,2.9,1.8743349024117437,5.516483581197856,2.616483581197856,90.22357176544332
3664,26.0,3.198955123320462,23.506910115660077,2.4930898843399234,9.588807247461244
1600,14.8,2.750658061488386,14.65292908553238,0.147070914467621,0.9937223950514931
2275,23.49,2.849683187886147,16.282305729353883,7.207694270646115,30.68409651190343
4024,8.2,1.99868091987289,6.379315767423638,1.8206842325763617,22.203466250931243
2312,8.0,2.1482502686115494,7.569850334842828,0.4301496651571721,5.3768708144646515
3935,6.9,1.952340778991437,6.045159455803916,0.854840544196084,12.388993394146144
4352,1.0,1.6888290345991936,4.413138394772849,3.413138394772849,341.3138394772849
1672,1.3,1.8356625146699093,5.269286263983867,3.969286263983867,305.3297126141436
3792,15.9,2.6794156939952467,13.576573627577188,2.323426372422812,14.612744480646617
1034,4.6,1.8609994636100642,5.430160272065659,0.8301602720656591,18.04696243620998
3439,10.5,2.3009709156978433,8.983871247872774,1.5161287521272264,14.439321448830727
3221,8.9,2.4791223724852776,10.930789033050758,2.030789033050757,22.81785430394109
2955,5.5,1.804726025454624,5.078305919273559,0.4216940807264411,7.667165104117111
4490,2.0,0.9931066066062452,1.699608079156655,0.300391920843345,15.01959604216725
7244,46.49,3.6195582363090515,36.3210770830546,10.168922916945405,21.8733553816851
6285,16.09,2.9192854296799484,17.52804313859555,1.4380431385955497,8.937496200096643
2268,16.49,3.0064321146358193,19.215145781869122,2.7251457818691236,16.526050830012878
1699,2.6,1.3228144748605093,2.753971982862056,0.15397198286205604,5.921999340848309
3519,10.5,2.3568169436392723,9.557293453119495,0.9427065468805047,8.97815758933814
87,8.5,2.4339410427358246,10.403736247750375,1.9037362477503752,22.396897032357355
7113,22.59,3.0073694883704967,19.23410381255958,3.3558961874404183,14.85567148047994
676,5.3,1.9047348805024045,5.7176264177877325,0.4176264177877327,7.879743731844013
4407,24.99,2.622240293469407,12.766530131891358,12.22346986810864,48.91344485037472
3317,4.9,1.875008796536289,5.520876481204426,0.6208764812044256,12.670948596008685
6902,67.0,4.151706002247102,62.54231120823321,4.457688791766792,6.653266853383272
2569,4.1,1.8469017291852605,5.340145572738261,1.2401455727382613,30.24745299361613
393,2.999,1.4248636822881102,3.1572910917185,0.1582910917185001,5.278129100316775
1149,5.6,1.8230828324885506,5.190914614016286,0.4090853859837136,7.3050961782806
1168,5.9,1.9992009854426542,6.383154493590826,0.48315449359082585,8.189059213403828
2208,3.4,1.3871922137863866,3.0035930234274435,0.3964069765725564,11.659028722722248
230,18.5,3.013579630128842,19.360151447334413,0.8601514473344132,4.64946728288872
2802,4.999999,1.875008796536289,5.520876481204426,0.5208774812044261,10.417551707598864
1543,4.4,1.8175139638522895,5.15653404308576,0.7565340430857592,17.193955524676344
2345,28.5,3.276584184933737,25.48514963901071,3.014850360989289,10.578422319260664
3599,6.0,1.9350684712705624,5.924518169703598,0.07548183029640221,1.2580305049400367
2892,2.2,1.46247798524215,3.3166428636166385,1.1166428636166383,50.75649380075629
4691,25.9,3.2522523977336903,24.848495490527743,1.051504509472256,4.059862970935351
2942,16.0,3.0727515973305533,20.60125894172024,4.601258941720239,28.757868385751493
5121,24.49,2.9018076285610412,17.207027183785254,7.282972816214745,29.738557844894835
7189,54.99,3.9647474205754767,51.70695501588337,3.2830449841166285,5.970258199884758
970,3.2,1.034263244047963,1.8130329531947198,1.3869670468052804,43.34272021266501
3718,5.6,1.768672573741092,4.863065406579929,0.7369345934200711,13.159546311072697
5329,7.0,1.9575610682489968,6.082033388587561,0.9179666114124387,13.113808734463412
169,10.5,2.6618537000247313,13.322814707798912,2.822814707798912,26.88394959808488
1056,9.0,1.8740183088607112,5.514420831064564,3.485579168935436,38.728657432615954
5968,24.1145,3.0536582597156015,20.192731300767388,3.9217686992326115,16.263114305636076
251,3.7,1.640690268218197,4.158729190333384,0.45872919033338366,12.398086225226585
5889,51.0,3.343746322804761,27.32504293763637,23.67495706236363,46.42148443600712
2705,10.5,1.9934827240439832,6.341056165584361,4.158943834415639,39.608988899196554
1729,4.3,1.7844836472398384,4.956503496362642,0.6565034963626424,15.267523171224243
2533,8.6,1.9261755216015979,5.863211779491707,2.7367882205082923,31.82311884311968
95,7.5,1.1958316227824395,2.3063062270878807,5.19369377291212,69.24925030549493
5646,17.5,2.991157125626408,18.908706042375723,1.408706042375723,8.04974881357556
5174,23.49,2.4656411605268085,10.771026850817114,12.718973149182885,54.14633098843289
3692,2.8,1.7119597125732509,4.539807276802148,1.7398072768021482,62.135974171505296
1172,6.69,2.0719113488644836,6.93998470444192,0.24998470444191945,3.736692144124356
1383,11.9,2.7014646742885136,13.901541653672192,2.0015416536721915,16.819677761951187
5263,7.2,2.2471908551214557,8.461120812056691,1.2611208120566912,17.515566834120712
711,13.7,2.750658061488386,14.65292908553238,0.9529290855323804,6.955686755710806
2354,7.9,2.228522112293166,8.286132072889036,0.38613207288903517,4.887747758089053
2215,7.0,2.179573528461655,7.84253436524183,0.8425343652418302,12.036205217740433
3779,7.49,2.208556641229301,8.102568634581992,0.6125686345819918,8.178486443017247
5242,5.5,2.519310277706177,11.420027338944577,5.920027338944577,107.6368607080832
69,5.5,1.8710787249255025,5.495299262739276,0.004700737260724175,0.085467950194985
263,6.5,2.278027413697022,8.757414072168334,2.2574140721683342,34.72944726412822
408,16.0,2.2359374726553294,8.355248031741391,7.644751968258609,47.7796998016163
7137,54.99,3.8970589992438893,48.25736990894221,6.732630091057793,12.243371687684657
6024,24.39,3.047049309672029,20.053131410785777,4.336868589214223,17.781339029168606
3217,1.79,1.7822615336936078,4.943282164346037,3.153282164346037,176.16101476793503
5196,11.6,2.692836358400577,13.773519546902394,2.1735195469023942,18.737237473296503
37,13.8,2.621993259096965,12.763129745782939,1.036870254217062,7.513552566790304
3504,6.99,2.060021653793458,6.846139707167647,0.14386029283235313,2.0580871649835926
1862,31.0,2.9577988252541987,18.255540264125298,12.744459735874702,41.1111604383055
4602,13.3,2.598334461916793,12.441332330518607,0.8586676694813935,6.456147890837545
6222,20.66,3.1225463975242627,21.704119811743826,1.0441198117438262,5.053822902922683
6474,9.29,2.5107475195819333,11.314131675450161,2.024131675450162,21.78828498869927
2333,28.5,3.5118599345859893,32.5105372646671,4.0105372646671,14.0720605777793
1575,6.8,2.3177580980658226,9.152886995167508,2.352886995167508,34.601279340698646
6763,35.89,3.6530714169213185,37.593019452658936,1.7030194526589355,4.745108533460394
5733,20.0,3.5544243288020554,33.96768428378202,13.96768428378202,69.8384214189101
3295,11.0,2.4875490341792523,11.031750542790327,0.031750542790327074,0.2886412980938825
3985,19.5,2.762756195771085,14.843450476414748,4.656549523585252,23.879741146591034
5958,89.09,4.645624710221061,103.12839554392201,14.038395543922007,15.757543544642505
3641,13.8,2.4459391652692983,10.541383777303729,3.258616222696272,23.613161034030956
1163,5.39,1.875008796536289,5.520876481204426,0.1308764812044263,2.4281350872806367
3781,8.5,2.4571400022347167,10.671383629793205,2.1713836297932048,25.545689762273
1554,23.99,3.1341590764958123,21.969312283781914,2.0206877162180845,8.423041751638536
19,10.0,1.7863910709780237,4.967875915090921,5.032124084909079,50.3212408490908
3257,7.1,2.6010755838969457,12.478227205587261,5.378227205587262,75.74967895193326
3279,6.699999,2.1558411652645844,7.6351507137206625,0.9351517137206624,13.957490347695012
982,1.7,1.270634188019457,2.563111528618577,0.8631115286185771,50.77126638932806
6602,12.15,2.697994401270851,13.84991886015049,1.6999188601504898,13.991101729633659
239,4.8,1.7585242737262494,4.803866153783143,0.0038661537831430337,0.08054487048214654
7053,20.99,3.1661732857251943,22.716554009386584,1.7265540093865859,8.225602712656437
2509,22.05,2.9849371201287522,18.78525810277316,3.264741897226841,14.80608570170903
3800,7.3,1.669706101228847,4.310606786994141,2.989393213005859,40.95059195898437
6775,25.99,3.588634974890441,35.1846492450205,9.194649245020504,35.37764234328782
1322,2.5,1.4450559390479611,3.242089434627773,0.7420894346277729,29.683577385110915
3842,10.9,2.6829376854843425,13.628002709065006,2.728002709065006,25.027547789587206
3166,10.9,2.206723649270532,8.085898981807716,2.814101018192284,25.817440533874166
4381,12.0,2.4716082317102246,10.841475382607772,1.158524617392228,9.654371811601898
5635,15.999,3.3017225649998148,26.159382451341955,10.160382451341954,63.50635946835398
5514,28.49,3.360546500116182,27.804928475310327,0.6850715246896719,2.404603456264205
1965,4.5,1.8171366744084583,5.154211685908688,0.6542116859086882,14.538037464637515
2486,4.686,2.278537118285506,8.762388738590104,4.076388738590104,86.9907968115686
4706,3.0,1.6703679624588463,4.3141228351738565,1.3141228351738565,43.80409450579521
2676,6.2,1.745111662236662,4.726540878084859,1.4734591219151412,23.76546970830873
1726,6.799999,2.25439207016457,8.529498282517517,1.7294992825175175,25.433816718465952
332,4.0,1.4378257133743397,3.2115287840207207,0.7884712159792793,19.71178039948198
4728,4.99,1.875008796536289,5.520876481204426,0.5308764812044258,10.638807238565647
3544,4.75,2.3208335422075574,9.18415969607186,4.434159696071861,93.35073044361812
6459,13.19,2.515870588068593,11.377379688996767,1.8126203110032328,13.742382949228451
1562,25.0,3.4147260410099136,29.408617572163966,4.4086175721639655,17.634470288655862
3989,4.5,1.7502126451911941,4.7558264947069855,0.2558264947069855,5.685033215710789
1320,29.5,3.648290573417415,37.40895261427992,7.908952614279919,26.810008861965827
6674,35.99,3.636514719770509,36.959307085576796,0.9693070855767942,2.6932678121055686
2036,10.799,2.5827195980075968,12.233077919000786,1.4340779190007868,13.279728854530854
3774,5.5,1.7590322136317873,4.80681491784312,0.6931850821568801,12.603365130125093
3121,8.2,2.1750783193211354,7.8028745303475215,0.39712546965247775,4.842993532347291
2650,3.6,1.806893804046934,5.091496632830551,1.4914966328305508,41.43046202307085
4595,3.95,1.5422532505430449,3.675112611832475,0.27488738816752534,6.959174383987983
2471,3.55,1.2954488281241852,2.6526350116112947,0.8973649883887052,25.277886996864936
4397,10.8,1.9912598273100948,6.3247558794490075,4.475244120550993,41.437445560657345
6418,5.8,1.9599989562861346,6.099319655494407,0.29931965549440687,5.160683715420808
1888,13.8,3.074433723817117,20.637625569588113,6.837625569588113,49.5480113738269
5537,25.99,2.813416411426811,15.666761578049822,10.323238421950176,39.72004009984678
7214,57.99,3.8618522428115365,46.55335019716323,11.436649802836769,19.721762032827677
2519,29.5,3.423678380089963,29.68206801186397,0.1820680118639686,0.6171797012337918
1142,13.89,2.656696698621552,13.249142060500926,0.6408579394990745,4.613808059748557
308,11.3,2.050381039408778,6.77086154673818,4.529138453261821,40.08087126780372
5255,1.99,0.8406796781448636,1.3179418959491334,0.6720581040508666,33.77176402265661
381,4.5,2.082707164153782,7.026167683424134,2.5261676834241342,56.137059631647425
4118,7.5,1.8809069740674846,5.559451417430349,1.940548582569651,25.873981100928678
3617,7.2,1.9584728445127029,6.088493563199436,1.111506436800564,15.437589400007834
1400,9.8,1.9890297539090076,6.308439336499163,3.491560663500838,35.62817003572283
7075,23.5,3.0168297401866186,19.426431831257975,4.073568168742025,17.334332632944786
6806,14.4,2.784697959229971,15.194925610166006,0.7949256101660058,5.520316737263929
2465,4.3,1.3952156887777996,3.03584496522981,1.26415503477019,29.39895429698116
994,10.5,2.5646524715537544,11.996141056060212,1.4961410560602122,14.248962438668688
683,4.7,2.0603639058352536,6.848825524089586,2.1488255240895855,45.71969200190607
3428,7.9,2.2045525387849403,8.066193889963403,0.16619388996340234,2.103720126119017
2906,11.9,2.448719077521598,10.573512448227099,1.3264875517729013,11.146954216579003
2984,12.8,2.4712415694048584,10.837134355839124,1.9628656441608765,15.334887845006847
457,2.7,1.677007511927547,4.349523609166404,1.6495236091664038,61.0934670061631
4028,4.8,1.6179007462033812,4.042493723892342,0.7575062761076579,15.781380752242875
3622,3.8,1.998200524464932,6.375771629377074,2.5757716293770745,67.78346393097566
756,2.95,1.633685366094542,4.122719068210354,1.1727190682103537,39.753188752893344
5845,21.99,3.2558664370915835,24.942081981340156,2.9520819813401573,13.424656577263109
4100,1.5,1.3172118364323067,2.7329986430542235,1.2329986430542235,82.19990953694824
1046,11.89,2.203133596956973,8.053338610836002,3.8366613891639982,32.26796794923463
1024,4.49,1.2594547132573684,2.5234996457911185,1.9665003542088817,43.79733528304859
2344,13.4,2.590494955199225,12.336370875992726,1.0636291240072744,7.937530776173689
2997,3.2,2.1743348995379357,7.79633273122537,4.5963327312253695,143.63539785079277
4591,3.55,1.6375261370269358,4.1424320910718695,0.5924320910718697,16.688227917517455
4974,26.9,2.937499669385595,17.86860952102974,9.031390478970259,33.573942301004685
1515,28.2,3.350380215952811,27.51357289829553,0.6864271017044707,2.434138658526492
5186,24.19,3.012597190592842,19.340158652057927,4.849841347942075,20.048951417701836
1737,4.3,1.9601407431530928,6.100326317149909,1.800326317149909,41.86805388720719
6156,22.85,3.212365230534943,23.837763841644772,0.9877638416447709,4.322817687723286
1869,5.6,1.9902732796670521,6.317533222133853,0.7175332221338531,12.813093252390233
6526,22.99,3.2772287952725363,25.502227744062846,2.512227744062848,10.92748040044736
1042,3.5,0.8128413508101031,1.2543041644447195,2.2456958355552805,64.1627381587223
3442,6.5,1.825738267303083,5.207376030652648,1.2926239693473516,19.88652260534387
50,7.5,2.227430551922064,8.276001229337034,0.7760012293370337,10.346683057827116
786,6.5,1.9272042701654304,5.8702759317483695,0.6297240682516305,9.688062588486623
245,18.5,3.0636361857681895,20.40524928774787,1.9052492877478713,10.298644798637142
5303,4.25,2.2723046785381413,8.701734447428334,4.4517344474283345,104.74669288066669
3076,14.0,2.442907557274918,10.506447808815935,3.4935521911840652,24.953944222743324
5462,37.19,3.19755026756951,23.47250561438522,13.717494385614778,36.88490020332019
7234,54.95,3.7379037385402287,41.00983420193616,13.940165798063845,25.368818558805906
625,7.5,2.373868467823125,9.738854948737933,2.2388549487379326,29.851399316505766
6414,26.59,2.9857658196603962,18.801660932466312,7.788339067533688,29.290481637960465
2272,5.7,1.8254913228745357,5.20584334297811,0.4941566570218905,8.669415035471763
4812,12.99,2.6332748422891963,12.91927878705441,0.07072121294559075,0.5444281212131697
7182,57.28,3.54823073427897,33.75177793430005,23.52822206569995,41.07580667894544
4894,6.9,1.9575610682489968,6.082033388587561,0.8179666114124391,11.854588571194768
6403,5.3,1.941032601206967,5.965940296503007,0.665940296503007,12.564911254773717
1025,12.5,2.278537118285506,8.762388738590104,3.7376112614098957,29.900890091279166
5457,53.99,3.730292437282151,40.69129847150657,13.298701528493432,24.631786494709075
2926,7.5,2.327224572710145,9.249455402506852,1.749455402506852,23.326072033424694
321,31.8,3.6384365372250906,37.03232808854217,5.232328088542172,16.453861913654627
3326,17.0,3.1489709803955463,22.312063663823093,5.312063663823093,31.247433316606426
3105,11.9,2.675832468110704,13.524435937991532,1.6244359379915316,13.650722167996063
1893,4.5,1.4059588198823043,3.07943631132515,1.42056368867485,31.568081970552225
4920,6.8,1.95983733768654,6.09817236610776,0.7018276338922398,10.32099461606235
2138,11.49,2.3674750676492136,9.670416163035947,1.8195838369640533,15.836238789939541
5476,40.49,3.1054111919252416,21.31839423224342,19.17160576775658,47.34898930046081
3475,1.55,1.1069883044812934,2.025233578337954,0.475233578337954,30.66023086051316
4098,11.0,2.5956885462780983,12.40581470813783,1.4058147081378305,12.780133710343913
7001,45.499,3.6554597484840157,37.685302536552285,7.813697463447717,17.1733388941465
5321,14.799,2.9588653463944548,18.27608766005244,3.4770876600524403,23.49542306948064
5339,2.7,1.3057291241322766,2.690378857282176,0.009621142717824327,0.35633861917867876
4296,24.5,3.160788177981362,22.589181077027064,1.9108189229729362,7.799260910093617
3767,5.9,1.922237667492829,5.8362385958728575,0.06376140412714282,1.0807017648668273
2126,16.3,3.060790331081785,20.344419655949405,4.044419655949405,24.81239052729696
4279,5.9,1.4406300101237488,3.223355735890461,2.676644264109539,45.36685193405998
233,3.8,1.8740183088607112,5.514420831064564,1.7144208310645643,45.1163376595938
65,15.0,2.578597317519435,12.178639741904457,2.8213602580955435,18.809068387303622
5856,20.709,3.331028774217029,26.967098738559276,6.258098738559276,30.219222263553412
1595,14.5,2.8262651341086844,15.882289841901166,1.3822898419011658,9.533033392421833
5133,9.8,2.762756195771085,14.843450476414748,5.043450476414748,51.46378037157905
2656,20.9,3.1135063756848416,21.499798996573347,0.5997989965733481,2.869851658245685
3218,32.99,3.48091822656423,31.489541143176105,1.5004588568238972,4.54822327015428
509,5.0,1.8003998130545842,5.052066676028818,0.05206667602881776,1.0413335205763552
6253,15.5,3.0308681494840664,19.715208683022766,4.215208683022766,27.194894729179136
6481,18.99,3.30741615533418,26.31445789786316,7.324457897863162,38.57007845109617
576,26.7,2.6199971250761696,12.735684095975625,13.964315904024375,52.300808629304775
217,4.999999,1.618849895935711,4.047282077533457,0.9527169224665428,19.05434226019931
5697,15.59,3.1337765702607445,21.960528058735676,6.370528058735676,40.86291249990812
7082,11.9,2.4474018630762515,10.558277686373849,1.3417223136261516,11.274977425429846
3757,4.0,1.6158616447321585,4.032222043579622,0.03222204357962166,0.8055510894905415
3954,9.2,2.634329118507942,12.933961290008574,3.7339612900085744,40.58653576096277
6731,24.5,3.2690050494046132,25.285173879351326,0.7851738793513263,3.204791344291128
6889,39.9,3.4039468088454026,29.082596309735834,10.817403690264165,27.111287444271092
2115,10.5,1.977524155040092,6.2248332564496724,4.2751667435503276,40.71587374809836
3467,2.0,1.3796461477630124,2.9734953484842137,0.9734953484842137,48.674767424210685
4871,17.5,2.913814028206234,17.42694560087693,0.07305439912306966,0.4174537092746838
6130,20.5,3.558243606199522,34.10149092970628,13.60149092970628,66.34873624246967
3478,9.0,2.278537118285506,8.762388738590104,0.23761126140989575,2.6401251267766197
4487,4.499999,2.158539167214767,7.65847982402749,3.1584808240274898,70.18847835360607
3933,29.99,3.231362562775294,24.314125568004556,5.675874431995442,18.925890070008144
3347,7.6,1.9574963497676285,6.081575064972816,1.5184249350271832,19.97927546088399
1261,6.5,1.8871593780503877,5.600592238088925,0.8994077619110747,13.837042490939611
4382,9.5,2.2938028577037732,8.912562158932964,0.587437841067036,6.183556221758274
3163,9.65,2.459727530816009,10.701622773971751,1.0516227739717507,10.897645326132132
1412,4.0,1.414712239383652,3.11530207370952,0.8846979262904799,22.117448157261997
1281,14.0,2.1136558774130476,7.278451031555013,6.721548968444987,48.01106406032133
4588,6.0,2.226417207345833,8.266606204804702,2.2666062048047024,37.77677008007838
2917,6.2,1.8719277395427385,5.5008162084090255,0.6991837915909747,11.277157928886687
1565,13.6,2.9159524670366412,17.466392659404143,3.866392659404143,28.429357789736347
6580,22.562,2.7834893854939438,15.175364671216155,7.386635328783846,32.739275457777886
4002,7.6,1.9692183513316572,6.1650737285984905,1.4349262714015092,18.880608834230387
6500,7.899,2.452506398204423,10.617428160244248,2.7184281602442484,34.4148393498449
6365,25.4,3.439026224433809,30.15660385200571,4.756603852005711,18.72678681892012
6900,21.699,3.0435316608284206,19.97920398900973,1.7197960109902724,7.925692478871249
3007,5.0,2.2064601353347553,8.08350503623981,3.08350503623981,61.67010072479619
1315,9.2,2.4831042414954734,10.97839058083799,1.778390580837991,19.330332400412946
3885,2.3,1.581486986903551,3.8621804370768498,1.56218043707685,67.9208885685587
3745,12.4,2.479528557943179,10.935636130400859,1.4643638695991417,11.809386045154367
6498,18.006229,3.6948848943562203,39.24094036203241,21.23471136203241,117.92980841259104
1702,40.99,3.427953050676635,29.813504469168876,11.176495530831126,27.26639553752409
1839,6.2,2.0937206354508144,7.11505221600776,0.9150522160077594,14.758906709802572
503,10.5,1.8295446327930518,5.231048597197664,5.268951402802336,50.18048955049844
7023,38.9,3.7682265271071302,42.303199646085936,3.4031996460859375,8.74858520844714
5818,9.79,2.3785749867280503,9.78951669929611,0.00048330070388935553,0.00493667726138259
4694,11.0,1.5416718560073719,3.6723953168930557,7.327604683106944,66.61458802824495
1721,36.0,3.614711055886382,36.140612813637766,0.140612813637766,0.39059114899379443
7187,50.999,4.422969077015053,82.34337125625387,31.344371256253872,61.46075659572515
4618,14.99,2.656696698621552,13.249142060500926,1.7408579394990742,11.613461904596893
1803,18.8,2.937499669385595,17.86860952102974,0.9313904789702612,4.954204675373729
1385,4.2,1.790927286158494,4.995008978592427,0.7950089785924268,18.928785204581587
1373,1.2,1.2148865070136718,2.3699115812884246,1.1699115812884247,97.49263177403539
5834,26.9,3.387517143691373,28.592387336993777,1.6923873369937787,6.291402739753825
5654,44.99,4.082426837210189,58.28918058767858,13.299180587678578,29.560303595640313
5670,16.0,3.0251552711088876,19.59720261340846,3.5972026134084594,22.48251633380287
856,6.9,2.0526152097456047,6.788242383742996,0.11175761625700442,1.6196755979276
2458,13.899999,2.179573528461655,7.84253436524183,6.057464634758169,43.57888539961887
2726,7.8,2.5528496976865775,11.84365220793225,4.04365220793225,51.841694973490384
5886,37.99,3.5058362139877284,32.309285900617624,5.680714099382378,14.953182678026792
4252,24.79,3.1135063756848416,21.499798996573347,3.2902010034266524,13.272291260293073
3269,8.1,2.027310016198886,6.593632112943487,1.5063678870565127,18.597134408105095
2505,6.0,2.0936998834725946,7.114883814368261,1.1148838143682607,18.58139690613768
318,1.7,1.0946639383960468,1.9881783026426287,0.2881783026426288,16.951664861331107
6053,30.49,3.562902841496913,34.26541862754343,3.7754186275434343,12.38248155967017
176,4.7,1.8871593780503877,5.600592238088925,0.9005922380889251,19.161536980615427
5683,80.49,4.130008983029152,61.17848148336389,19.311518516636106,23.992444423699972
4967,2.0,1.3781984179824132,2.967746962993587,0.9677469629935871,48.387348149679354
3100,2.6,1.6992008502426157,4.4695746354734345,1.8695746354734344,71.90671674897824
2840,1.85,1.402999766980617,3.0673828856279926,1.2173828856279925,65.8044803042158
6504,14.2,2.929709667750366,17.72219405080647,3.522194050806469,24.804183456383587
3043,2.7,1.296452000435903,2.6563010724576754,0.04369892754232474,1.618478797863879
3169,12.5,2.17302411216679,7.7848101628372515,4.7151898371627485,37.72151869730199
468,4.6,1.9386534742867623,5.949387139257976,1.349387139257976,29.334503027347303
472,28.5,3.143624109970416,22.18774972150874,6.312250278491259,22.148246591197402
91,7.9,1.5375861473464323,3.6533442160051273,4.246655783994873,53.755136506264215
4304,2.7,1.7581123321263175,4.801475792252442,2.101475792252442,77.83243675009044
4149,5.8,1.961184881034105,6.107743908645423,0.3077439086454232,5.305929459403849
1047,5.6,1.9853302614359216,6.28145177111115,0.6814517711111501,12.168781626984822
6571,129.29,4.724804973318299,111.70851506278053,17.581484937219457,13.598487846870954
6768,9.49,2.3912205274476372,9.92682229410364,0.4368222941036404,4.6029746480889395
435,5.5,2.1267048554111807,7.387184242682157,1.8871842426821566,34.31244077603921
6016,151.89,4.857255566654574,127.67058924016831,24.219410759831675,15.945362275220013
1335,20.49,2.8557135740824435,16.386839580224237,4.103160419775762,20.02518506479142
1352,8.9,2.212800311253948,8.141279011182545,0.7587209888174549,8.5249549305332
4074,2.55,1.6753409356015718,4.340615644727251,1.790615644727251,70.22022136185299
4868,5.9,2.0007413381358785,6.394535918953746,0.49453591895374593,8.381964728029592
6046,25.09,3.241445652427382,24.57066132863999,0.5193386713600106,2.0699030345157854
5546,18.99,3.080948199944676,20.77904349654399,1.789043496543993,9.420976811711391
4207,8.8,2.2024833675802227,8.047453777566645,0.7525462224333559,8.551661618560862
3758,11.5,2.931794174085064,17.761261286709047,6.261261286709047,54.44575031920911
106,7.7,1.9579042626516285,6.08446431992293,1.6155356800770706,20.980982858143772
5694,19.0,3.275979980243652,25.469152020785877,6.469152020785877,34.04816853045198
5676,26.99,3.3085568156563543,26.345632192469328,0.6443678075306707,2.3874316692503545
4791,4.1,1.6763392590810493,4.345949968967777,0.24594996896777754,5.998779730921404
5900,27.9,2.7730640812986795,15.007607552958728,12.89239244704127,46.20929192487911
5313,12.9,2.6430449893768366,13.055938694777813,0.15593869477781297,1.2088270913008756
3333,10.99,2.4061105276401165,10.09074001911034,0.89925998088966,8.182529398450045
4086,15.0,2.7095404462164216,14.022370341218965,0.9776296587810354,6.517531058540235
1617,12.99,2.554317350280848,11.862516066824782,1.1274839331752187,8.679629970555956
2252,4.0,1.15473620274679,2.173186229297265,1.826813770702735,45.670344267568375
4860,7.8,2.35515168915517,9.539727502804773,1.7397275028047732,22.304198753907347
5584,9.299,2.643989156988858,13.069216123922914,3.770216123922914,40.544317925829816
3494,15.9,2.9617858450651955,18.332465734414143,2.4324657344141425,15.298526631535486
1498,6.666,1.8450948074325486,5.32869976973691,1.3373002302630903,20.061509604906842
996,6.5,2.203133596956973,8.053338610836002,1.5533386108360023,23.89751708978465
5912,15.3205,2.514144971498502,11.356039495302534,3.964460504697465,25.876834990355835
6638,87.999,4.721945574786608,111.38669682287212,23.38769682287213,26.577230221789033
41,18.0,2.634559554520577,12.937172546468812,5.062827453531188,28.12681918628438
5253,17.2,2.988573281567531,18.857331451096904,1.6573314510969048,9.635647971493633
5689,13.69,2.5855297118880904,12.270316673006993,1.419683326993006,10.37022152661071
3282,3.7,2.119349759306467,7.325722003944545,3.625722003944545,97.99248659309579
1539,7.3,1.492553044476076,3.4484380940966792,3.8515619059033206,52.761121998675634
1805,8.9,2.2463477005515977,8.453146986863992,0.44685301313600867,5.020820372314704
1144,2.9,2.286319589344122,8.838660653433955,5.9386606534339546,204.78140184255017
6198,34.79,3.655323487222883,37.680031587562596,2.8900315875625964,8.307075560685819
2615,6.5,1.9467693480506885,6.006016977487977,0.4939830225120234,7.599738807877284
2114,14.99,2.840513753549685,16.1245610816238,1.134561081623799,7.568786401759834
5792,10.89,2.3269996171395486,9.247149989735926,1.642850010264075,15.085858680110881
4546,11.0,2.617308930754747,12.698809493242655,1.6988094932426545,15.443722665842314
3172,1.0,1.8192510951738041,5.167238045641305,4.167238045641305,416.72380456413055
167,9.2,2.932464766062006,17.77384665735788,8.57384665735788,93.19398540606392
2337,11.3,2.4734805115629612,10.863666706094726,0.43633329390527464,3.861356583232519
6928,39.18,3.4607125706671726,30.839656438414703,8.340343561585296,21.2872474772468
3964,5.4,1.4377476273641174,3.2111999353804466,2.188800064619554,40.533334529991734
2445,25.0,3.3665033506280833,27.97702720254285,2.9770272025428497,11.908108810171399
7257,17.99,3.1557987032472203,22.47177659096649,4.48177659096649,24.91259917157582
3341,1.9,1.4473874526352624,3.251991462654016,1.351991462654016,71.15744540284294
4103,1.3,1.375496497256372,2.9570408952249787,1.6570408952249787,127.46468424807527
3017,18.5,2.675832468110704,13.524435937991532,4.975564062008468,26.894940875721453
6151,13.09,2.7124029999440453,14.065434290464921,0.9754342904649214,7.451751646026901
4958,8.99,2.365150515031313,9.645641025921122,0.6556410259211223,7.293003625373997
6935,25.4,3.7079899150735227,39.77176938473486,14.371769384734861,56.58176923123961
789,3.6,1.9692339014873954,6.165185147477134,2.5651851474771337,71.25514298547594
4617,19.2,2.749564294561136,14.635817788975052,4.5641822110249475,23.77178234908827
1097,3.5,1.516372787920816,3.5556708059758098,0.055670805975809756,1.5905944564517074
3206,15.3,2.454642320545022,10.642268603777316,4.657731396222685,30.44268886420055
6535,19.99,3.2214184661353045,24.06364691302148,4.073646913021481,20.378423776995902
6251,31.49,3.165502372231652,22.700647589793792,8.789352410206206,27.91156687902892
544,4.0,1.8288761912111957,5.22688489696695,1.2268848969669497,30.672122424173743
6770,19.299,2.9926655754382225,18.938759987994345,0.36024001200565436,1.8666252759503308
5924,14.25,2.7950428135253764,15.363329309975107,1.1133293099751072,7.812837262983208
4838,2.4,1.455213209800792,3.285397056858158,0.885397056858158,36.89154403575658
6194,19.59,2.8643154939157087,16.53704488124857,3.0529551187514308,15.584252775658147
6068,7.39,2.0895199941075426,7.081035288642262,0.3089647113577376,4.180848597533663
4229,16.7,2.8587026896298258,16.43888860425279,0.26111139574721065,1.563541291899465
877,9.5,1.7126526140211387,4.543647147457602,4.956352852542398,52.172135289919986
3908,9.7,2.1454783900522494,7.546128642456951,2.153871357543048,22.2048593561139
3914,12.8,2.2711178566828356,8.69022704691969,4.109772953080311,32.10760119593993
5397,10.9,2.2919810896412187,8.894520208887783,2.005479791112217,18.398897166167128
1078,8.2,1.8845553649290523,5.5834265688062485,2.6165734311937507,31.909432087728675
5983,42.7,4.118153689345393,60.4456896385148,17.745689638514797,41.558992127669306
4990,10.5,2.219642604764317,8.204040797659804,2.295959202340196,21.866278117525674
511,13.0,2.2641799387790877,8.623229726893676,4.376770273106324,33.66746363927942
2375,4.4,1.5096995886755724,3.5253711173624076,0.8746288826375928,19.877929150854378
2877,15.6,2.937499669385595,17.86860952102974,2.26860952102974,14.542368724549615
2069,1.5,1.284139720363791,2.6115596691723497,1.1115596691723497,74.10397794482331
4851,3.5,1.299860550947491,2.6687850233505537,0.8312149766494463,23.748999332841322
3262,11.0,2.183616188588521,7.8783540810252575,3.1216459189747425,28.378599263406752
4934,10.89,2.8932692909849855,17.052231229914117,6.162231229914116,56.58614536192944
1302,8.9,2.5088277129602288,11.290513602239772,2.3905136022397713,26.859703395952483
6045,47.89,3.7799772624109744,42.81504547575057,5.074954524249428,10.597106962308263
4394,2.5,1.7333209218622798,4.659417217808245,2.1594172178082447,86.37668871232978
3689,16.3,2.8241544149291657,15.846693648936764,0.4533063510632367,2.7810205586701637
3159,8.5,2.136797934539235,7.47226540006335,1.0277345999366503,12.090995293372355
858,7.99,2.334847755734779,9.327887448036126,1.3378874480361258,16.744523755145504
4678,19.9,2.9987202097244974,19.059848090020793,0.8401519099792054,4.221868894367867
7140,24.85,3.3775360832876054,28.29849305960567,3.448493059605667,13.877235652336688
7028,12.5,2.938720468409464,17.8916583672567,5.391658367256699,43.133266938053595
7112,25.99,3.469808435229522,31.130586766687173,5.140586766687175,19.779094908376972
4357,9.9,2.675832468110704,13.524435937991532,3.6244359379915316,36.61046402011648
2890,7.9,2.3065232439631944,9.039459156751922,1.139459156751922,14.423533629771166
4794,8.8,2.4736643296919802,10.865847663555565,2.065847663555564,23.475541631313227
2024,12.0,2.750658061488386,14.65292908553238,2.6529290855323797,22.1077423794365
4194,16.5,2.722372071018011,14.216373788902168,2.2836262110978325,13.840158855138379
4921,4.5,1.7158070061418171,4.5611615935320415,0.061161593532041536,1.3591465229342563
5356,9.5,2.119769220342148,7.329215052466768,2.1707849475332317,22.85036786877086
743,5.3,1.9414729325050624,5.9690082934541895,0.6690082934541897,12.622797989701692
2499,1.15,1.0985586565730594,1.9998391080293745,0.8498391080293746,73.89905287211953
4241,9.3,2.5018006448897436,11.204450067841808,1.9044500678418075,20.47795771872911
179,25.99,2.8764890333851985,16.75183753008857,9.23816246991143,35.545065294003194
3613,8.5,1.9579042626516285,6.08446431992293,2.4155356800770704,28.41806682443612
3693,20.0,2.6045215844992615,12.52475330309475,7.47524669690525,37.37623348452625
3771,7.0,2.129108507745184,7.407368365752172,0.4073683657521716,5.81954808217388
6566,35.55,3.6020335822744496,35.67273569105212,0.1227356910521209,0.34524807609598
31,11.0,2.1482502686115494,7.569850334842828,3.430149665157172,31.18317877415611
5151,6.8,2.01180398588627,6.476793217964119,0.3232067820358804,4.7530409122923585
2484,3.2,1.6177507098500652,4.041737223275106,0.8417372232751061,26.304288227347065
168,11.5,2.2395206813695845,8.388829967624451,3.111170032375549,27.053652455439554
3248,2.8,1.2973590696189765,2.659619095095083,0.14038090490491673,5.013603746604169
642,5.0,1.9931872556548589,6.3388874359559475,1.3388874359559475,26.77774871911895
1483,14.9,2.6130928748010245,12.641176124044446,2.258823875955555,15.159891784936608
1790,6.0,1.9414729325050624,5.9690082934541895,0.030991706545810516,0.5165284424301753
5035,8.0,1.9794640304940296,6.238862135882722,1.761137864117278,22.014223301465975
3982,3.0,2.2319681369621227,8.318187513288843,5.3181875132888425,177.27291710962808
7092,62.49,4.062843037047348,57.13936871445948,5.350631285540523,8.562380037670863
6492,22.89,3.2138740586582832,23.87526804483314,0.9852680448331377,4.304360178388544
6912,19.899,3.046916164981116,20.050328484712843,0.15132848471284177,0.7604828620173967
6178,24.5,3.2310327253195816,24.305777398078867,0.19422260192113328,0.7927453139638094
6644,18.15,2.8156412959855017,15.703884480300658,2.4461155196993403,13.477220494211242
2758,9.5,1.9575610682489968,6.082033388587561,3.4179666114124387,35.978595909604614
3412,12.6,2.2777505547595136,8.75471301879812,3.8452869812018804,30.518150644459368
6122,20.7,3.144279189378857,22.202944515234254,1.5029445152342547,7.260601522870795
800,2.5,1.7341433737987946,4.66407373107527,2.16407373107527,86.56294924301079
1954,10.5,2.3279498501446256,9.256891797624814,1.2431082023751863,11.839125736906537
7248,48.99,3.431587064105135,29.925684867270537,19.064315132729465,38.914707354009934
5306,4.0,1.4248636822881102,3.1572910917185,0.8427089082814998,21.067722707037497
6637,15.69,2.6567821355699763,13.25035951572333,2.4396404842766692,15.54901519615468
2119,20.5,2.948297318200376,18.07345004811909,2.4265499518809115,11.836829033565422
5309,3.5,1.6001810467515842,3.953929236006008,0.4539292360060081,12.969406743028802
5660,25.49,3.485698815882241,31.645232147374195,6.155232147374196,24.14763494458296
5679,19.5,3.1557987032472203,22.47177659096649,2.9717765909664884,15.239879953674299
1406,8.7,2.1830696566128696,7.873503102357047,0.8264968976429525,9.499964340723594
1501,9.8,2.157119594532655,7.646197202700179,2.1538027972998215,21.977579564283893
1074,5.3,1.7837840002792196,4.95233750432727,0.3476624956727301,6.559669729674153
500,13.6,2.4574430580120317,10.67492124605192,2.92507875394808,21.50793201432412
437,17.5,2.762756195771085,14.843450476414748,2.6565495235852516,15.180282991915725
5437,9.5,2.433475744522274,10.398431343923344,0.8984313439233436,9.457172041298353
4113,8.9,1.922237667492829,5.8362385958728575,3.063761404127143,34.42428543963082
3386,3.6,1.4894941680276468,3.4348516617809732,0.16514833821902686,4.587453839417412
6683,22.99,3.0128599394810287,19.34550370830234,3.64449629169766,15.852528454535278
80,16.9,2.5758688944163857,12.142731845009354,4.757268154990644,28.149515710003815
1608,19.99,2.6414806044154435,13.033966986251585,6.956033013748414,34.79756385066741
960,5.0,2.2052364169004686,8.072396182120093,3.0723961821200927,61.44792364240186
3114,22.5,3.3953189825015833,28.824165344666692,6.324165344666692,28.107401531851966
5198,3.8,1.8871593780503877,5.600592238088925,1.8005922380889254,47.384006265498044
4628,13.0,2.932464766062006,17.77384665735788,4.773846657357879,36.72189736429138
1632,12.19,2.692836358400577,13.773519546902394,1.5835195469023944,12.990316217410946
3305,4.8,1.873191531176219,5.509037079183683,0.7090370791836831,14.771605816326733
5935,21.3,3.111372685785305,21.45184258296441,0.15184258296440944,0.7128759763587298
5419,9.5,2.3045937738332403,9.020106995900004,0.4798930040999956,5.051505306315743
2477,3.0,1.5314941583190638,3.625082267247029,0.6250822672470289,20.83607557490096
5506,16.45,2.7408174133865533,14.499649540613014,1.9503504593869856,11.856233795665567
6399,22.45,2.7861789057591357,15.218927197185263,7.231072802814737,32.20967840897433
5517,51.999,3.606282230090485,35.82887668863301,16.170123311366993,31.09698900241734
534,6.9,2.2298659970674914,8.298619953651121,1.3986199536511208,20.26985440074088
5701,26.69,3.2241337343428857,24.131793913473494,2.558206086526507,9.584886049181367
2794,20.3,2.626268748578231,12.82209983540914,7.47790016459086,36.83694662360029
585,4.5,1.4892650703965111,3.433835764145136,1.0661642358548642,23.69253857455254
6722,50.9,3.9904020283074786,53.076625327952044,2.1766253279520456,4.276277658059029
4970,25.0,2.8467318496312446,16.231374993205804,8.768625006794196,35.07450002717678
1451,2.75,1.6753544275460321,4.340687700502999,1.5906877005029987,57.843189109199955
6275,25.49,3.16476112950651,22.68308616662936,2.80691383337064,11.011823591097057
1410,30.5,3.009393201177072,19.275093289049817,11.224906710950183,36.80297282278748
5684,20.59,3.6768777389984626,38.522800728252,17.932800728252,87.09470970496358
4536,10.0,2.459727530816009,10.701622773971751,0.7016227739717511,7.016227739717511
866,15.0,2.327224572710145,9.249455402506852,5.750544597493148,38.33696398328765
4638,2.0,0.963099614202259,1.6198042839550788,0.3801957160449212,19.00978580224606
6358,54.8,3.8055317668944713,43.94914622676737,10.850853773232629,19.800828053344212
4679,3.95,2.2737375872620627,8.715646112047704,4.765646112047704,120.64926865943552
742,7.1,1.9601407431530928,6.100326317149909,0.9996736828500907,14.079911026057617
1544,6.9,1.9226559076604368,5.8390983834463315,1.0609016165536689,15.37538574715462
5509,53.29,3.8244805878032766,44.80900043233628,8.480999567663716,15.9148049684063
2706,18.9,2.7676877215579725,14.921775834013864,3.978224165986134,21.04880511103775
3734,7.89,1.9953388443372557,6.354694702374205,1.5353052976257944,19.458875762050624
2589,8.2,2.278537118285506,8.762388738590104,0.562388738590105,6.858399251098842
5283,2.5,1.336328780656648,2.8050486637612986,0.3050486637612986,12.201946550451943
6816,50.709,3.700998067322447,39.487693645090246,11.221306354909757,22.128825957738776
5944,15.9,2.8999945949875463,17.174047138226474,1.2740471382264733,8.012875083185367
4253,3.7,1.3087133144748648,2.701408098721488,0.998591901278512,26.98897030482465
748,16.5,2.473516809296831,10.86409733812698,5.63590266187302,34.156985829533454
4055,5.79,2.319420288993015,9.169777065187489,3.379777065187489,58.37266088406716
401,5.3,1.8609994636100642,5.430160272065659,0.13016027206565894,2.4558541899180932
3749,20.8,3.056066777281392,20.24383588481193,0.5561641151880714,2.673865938404189
157,7.5,2.1355663959343523,7.461837900404488,0.03816209959551209,0.5088279946068278
5434,98.19,4.472073968248314,86.53808608886885,11.651913911131146,11.866701202903704
6483,29.5,3.308945361909862,26.356259299835195,3.1437407001648054,10.656748136151883
5749,14.3,2.7444511232965243,14.556073222311362,0.2560732223113611,1.7907218343451825
4528,12.0,2.6829376854843425,13.628002709065006,1.6280027090650062,13.566689242208385
1820,8.9,1.9261755216015979,5.863211779491707,3.036788220508293,34.12121596076734
2922,9.0,2.3568867123971065,9.558030048065168,0.5580300480651683,6.200333867390759
2864,15.3,1.9604640796502342,6.102622482986961,9.19737751701304,60.11357854256889
3362,3.3,1.3299243244587837,2.7807572658904074,0.5192427341095924,15.734628306351286
5281,1.6,1.0272296760353574,1.7933167136345767,0.1933167136345766,12.082294602161037
3803,1.4,1.2167464702651827,2.376185325648793,0.9761853256487929,69.72752326062806
4237,5.4,2.2364120502945077,8.35968887694579,2.9596888769457905,54.8090532767739
7295,47.59,3.6710829267918808,38.2944358250558,9.295564174944204,19.53259965317126
2666,4.8,1.5142928473170543,3.5462051287248135,1.2537948712751863,26.120726484899713
1782,13.0,1.8109505152802174,5.116258267090076,7.883741732909924,60.64416717623019
5910,45.3565,3.751334016737683,41.5778436872579,3.7786563127421005,8.331013884982529
2415,8.0,2.2999928366277507,8.97411100628882,0.9741110062888207,12.17638757861026
535,11.9,2.4314210688553235,10.375035308263069,1.5249646917369315,12.814829342327155
5978,119.9,4.529759263805344,91.7362334267403,28.163766573259707,23.48937996101727
2406,1.5,1.1441558307380892,2.1397897238093826,0.6397897238093826,42.652648253958844
3098,5.8,1.9060499612108774,5.726466450100449,0.07353354989955108,1.267819825854329
5359,8.0,2.4576585508287723,10.677437378810987,2.6774373788109873,33.467967235137344
5154,8.4,2.0957337114377355,7.131404886818483,1.268595113181517,15.102322775970439
1966,8.9,1.5515716882615884,3.7188809671675953,5.181119032832405,58.21482059362253
5416,10.5,2.4831042414954734,10.97839058083799,0.47839058083799024,4.556100769885622
1176,7.86,2.4788381951678877,10.92739905512923,3.06739905512923,39.02543327136424
5902,21.5,3.2811351825251855,25.605958182410788,4.105958182410788,19.097479918189713
1760,2.8,1.2253743183200752,2.405440563035957,0.39455943696404283,14.091408463001532
997,5.2,2.1393118564363935,7.493590807544493,2.2935908075444926,44.10751552970178
473,6.2,1.9002657706291057,5.687671592798074,0.5123284072019265,8.263361406482685
2266,2.1,0.9705955064282762,1.6395158400743557,0.4604841599256444,21.9278171393164
4205,15.7,2.8600096187664583,16.461694895737377,0.7616948957373779,4.851559845461006
1882,5.2,2.0718734606735634,6.939683878484447,1.7396838784844464,33.45545920162397
4222,18.9,2.5533632590632553,11.850249905658082,7.049750094341917,37.300265049428134
2578,10.8,2.3271448777308334,9.248638604918362,1.5513613950816385,14.364457361867021
3783,2.6,1.4621835425218197,3.315372046649765,0.7153720466497648,27.514309486529413
469,14.9,2.631339723418566,12.892369372862891,2.007630627137109,13.474031054611471
5097,14.9,2.5648618117853075,11.998861956025161,2.9011380439748393,19.470725127347915
7040,17.29,3.0261770030077115,19.618258187089033,2.328258187089034,13.465923580619052
4712,10.0,2.5926018596928313,12.364498956904635,2.364498956904635,23.64498956904635
3997,7.0,2.141825774029156,7.5149698562253615,0.5149698562253615,7.356712231790878
247,6.5,1.3674670546455006,2.9253952807914083,3.5746047192085917,54.99391875705526
3780,17.9,2.3335429866660498,9.314420727339426,8.585579272660572,47.964130014863535
2182,9.9,2.789054600744765,15.265635011323962,5.3656350113239615,54.198333447716784
3395,6.5,2.391228725262607,9.926911870538182,3.4269118705381825,52.72172108520281
7097,83.99,4.465409300207705,85.95661361698527,1.9666136169852706,2.3414854351533165
811,4.0,1.2919481182085737,2.6398705513799574,1.3601294486200426,34.00323621550106
6502,26.8,3.1777929149554613,22.993738847431437,3.8062611525685632,14.20246698719613
1419,7.4,2.203133596956973,8.053338610836002,0.653338610836002,8.828900146432458
6733,13.9,2.723959842886338,14.240553109685086,0.3405531096850858,2.4500223718351495
3625,3.9,1.4561387374191863,3.289365146194947,0.610634853805053,15.657303943719308
228,9.0,2.093120047738846,7.110179878644276,1.889820121355724,20.998001348396933
7107,45.5,3.5743523482621593,34.671510616941035,10.828489383058965,23.79887776496476
17,18.0,3.276584184933737,25.48514963901071,7.485149639010711,41.58416466117061
1407,10.6,2.4576585508287723,10.677437378810987,0.07743737881098767,0.7305413095376195
7070,59.99,4.1725855027757,63.88299058072087,3.89299058072087,6.489399201068294
2392,13.5,2.681378118606318,13.605207140775306,0.10520714077530613,0.7793121538911565
6272,47.9,3.5680000337803266,34.44563214854474,13.45436785145526,28.08845062934292
5439,109.0,4.6821698066223325,107.00416666616961,1.9958333338303902,1.8310397558076972
6745,45.49,3.6619224800246566,37.93612488716734,7.553875112832664,16.60557290136879
5879,10.99,2.9379408066705524,17.876935004410324,6.886935004410324,62.665468647955635
2440,3.9,1.9756550879736154,6.211342170349113,2.311342170349113,59.26518385510546
5831,17.9,2.91748668266174,17.49474583194005,0.4052541680599475,2.263989765698031
5853,13.5,2.446245469456121,10.544919492951053,2.9550805070489474,21.88948523739961
4844,9.0,2.2212405432167492,8.218760045462146,0.7812399545378543,8.680443939309493
6915,25.49,3.7528140400966064,41.64090654622836,16.15090654622836,63.36173615625093
6092,21.69,3.109751629521824,21.41547636672359,0.27452363327641294,1.2656691252946655
5461,23.2,3.0234375872949593,19.561853499858575,3.638146500141424,15.681665948885449
2585,5.7,1.8652849170725718,5.457775554408597,0.2422244455914031,4.2495516770421595
543,9.9,1.9226559076604368,5.8390983834463315,4.060901616553669,41.01920824801686
6112,17.0,3.0463280398760886,20.037951897909362,3.0379518979093625,17.87030528181978
3794,16.5,2.4969705463235075,11.145643506141091,5.3543564938589086,32.45064541732672
4119,7.799999,1.7553639085196913,4.785552770859007,3.014446229140993,38.646751482160354
3153,12.0,1.9519915301081572,6.042699371347329,5.957300628652671,49.644171905438924
1535,10.499,2.5203536271589773,11.432992530108846,0.9339925301088456,8.896014192864516
1832,14.5,2.898023619814788,17.138261820100013,2.6382618201000128,18.19490910413802
6746,33.79,3.705624379041324,39.6754362797956,5.885436279795599,17.41768653387274
3590,8.99,2.179573528461655,7.84253436524183,1.14746563475817,12.763800164162067
3289,2.0,1.5903851553296087,3.905637997130536,1.905637997130536,95.28189985652679
96,3.8,1.2823948013746633,2.605263285062913,1.1947367149370867,31.44043986676544
6679,62.99,3.984214323450783,52.74304823340464,10.246951766595359,16.267584960462546
2094,5.7,1.9226559076604368,5.8390983834463315,0.1390983834463313,2.4403225166023033
4773,8.0,2.255817642050675,8.54309295514699,0.5430929551469905,6.7886619393373815
2927,9.5,2.3408689989752203,9.39026176754529,0.10973823245470982,1.1551392889969454
7038,44.5,3.4870296847561697,31.688707594363876,12.811292405636124,28.789421136260952
156,12.99,2.418601214128312,10.23013976246419,2.7598602375358094,21.246037240460428
1022,6.4,1.9250714503448072,5.855638486133765,0.5443615138662352,8.505648654159925
5447,24.49,3.460296174857136,30.826401298764566,6.336401298764567,25.873423024763444
4966,5.8,1.8656660336730417,5.460237188929585,0.3397628110704147,5.857979501214047
6458,49.5,3.8984101608417046,48.323969558885025,1.1760304411149747,2.375819072959545
2716,12.5,2.4191346543144907,10.236131968409524,2.2638680315904764,18.11094425272381
1287,15.0,2.736748910339299,14.436717276088956,0.5632827239110441,3.7552181594069602
696,18.0,2.925737404286524,17.64797207563052,0.35202792436948016,1.9557106909415565
425,25.0,3.20352039250058,23.619046528807253,1.380953471192747,5.523813884770988
6872,47.39,3.5910758143378456,35.27307804063189,12.116921959368113,25.568520699236363
712,10.9,2.661551334092551,13.318484631245152,2.4184846312451516,22.187932396744507
4173,2.45,1.0011580159960978,1.721431465611433,0.7285685343885673,29.737491199533356
1811,16.0,2.678535863674226,13.56375435634177,2.4362456436582303,15.22653527286394
5096,18.7,3.2435915792468664,24.625593015186727,5.9255930151867275,31.687663182816728
6480,17.9,3.2404482288295853,24.54516926292689,6.645169262926892,37.12385063087649
447,31.49,3.3021206186498064,26.170195494601128,5.319804505398871,16.893631328672186
6748,15.899,2.632452967247605,12.907843579022103,2.9911564209778962,18.813487772676876
4080,5.99,2.1290601760990566,7.406962033618884,1.4169620336188835,23.65545965974764
1009,5.3,1.1958399580889212,2.3063337862784627,2.993666213721537,56.484268183425236
592,1.5,1.1264277210608327,2.084617680217379,0.584617680217379,38.974512014491935
6096,29.85,3.4813373927643387,31.50316251529032,1.6531625152903189,5.538232882044619
1242,8.5,1.889858000179518,5.618428798611813,2.881571201388187,33.90083766339044
3058,8.4,2.3065232439631944,9.039459156751922,0.6394591567519221,7.612609008951453
131,15.8,2.932464766062006,17.77384665735788,1.9738466573578783,12.492700363024547
2404,4.5,1.9551491089646167,6.064972395884637,1.564972395884637,34.77716435299193
2306,8.95,2.2108978011144598,8.123904168323987,0.8260958316760121,9.230121024312984
6277,62.5,4.358501038499868,77.13991786497495,14.639917864974947,23.423868583959916
7103,20.89,2.9414590744483804,17.943466085031133,2.9465339149688674,14.104997199468011
624,8.5,1.6873877516899234,4.405342150565307,4.094657849434693,48.17244528746698
2986,6.0,1.7906360305802977,4.993263153039132,1.0067368469608677,16.778947449347793
2127,8.3,2.0857712694478603,7.050798422632308,1.2492015773676926,15.050621414068582
6539,43.9,3.590025507231201,35.23500016921586,8.66499983078414,19.738040616820367
4739,3.9,1.7581123321263175,4.801475792252442,0.9014757922524423,23.114763903908777
3686,17.9,2.988573281567531,18.857331451096904,0.9573314510969055,5.348220397189417
3844,6.0,2.0603639058352536,6.848825524089586,0.8488255240895857,14.147092068159761
2815,9.9,2.1879855041134677,7.917231282878163,1.9827687171218376,20.02796683961452
2579,3.999999,1.6267827585938015,4.0874807073467165,0.08748170734671668,2.1870432304287246
1945,5.6,2.216536163250005,8.175493346676816,2.575493346676817,45.99095261922888
2436,6.99,1.7581123321263175,4.801475792252442,2.188524207747558,31.309359195244035
93,6.5,1.9263940390019558,5.864711674558485,0.6352883254415147,9.773666545254073
6701,35.19,3.189996043148376,23.288331337581116,11.901668662418881,33.82116698612925
1375,4.868,1.9414729325050624,5.9690082934541895,1.1010082934541892,22.617261574654666
3903,5.6,2.4553319236678925,10.650299917455001,5.050299917455002,90.18392709741076
3477,13.5,2.2938066274334714,8.912599526683353,4.587400473316647,33.98074424678998
6022,42.99,3.8044947025984595,43.90255523518204,0.9125552351820403,2.122715131849361
2223,8.8,1.8609994636100642,5.430160272065659,3.369839727934342,38.29363327198115
1087,13.9,2.8163230420269523,15.715276170100449,1.8152761701004483,13.059540792089555
2531,2.5,1.7948537623178067,5.018594512137391,2.5185945121373914,100.74378048549566
6729,78.99,4.11308985345996,60.13532523073891,18.854674769261088,23.869698403925927
6880,17.375,2.9655272970850866,18.404932708703804,1.0299327087038037,5.927670265921173
764,1.8,1.4038297378542202,3.070760096254217,1.270760096254217,70.59778312523427
4669,6.5,1.9099984059317132,5.753078033655175,0.746921966344825,11.49110717453577
476,12.99,2.692836358400577,13.773519546902394,0.7835195469023937,6.031713217108496
5594,56.5,3.933940884170174,50.10799199858823,6.392008001411767,11.313288498073923
2622,1.5,1.304006426553075,2.684026923359874,1.1840269233598741,78.93512822399161
5111,5.7,2.060021653793458,6.846139707167647,1.146139707167647,20.10771416083591
6466,21.6,3.203819728015753,23.626416986847914,2.026416986847913,9.381560124295893
4461,10.0,2.0798126138206507,7.002969127972786,2.9970308720272136,29.970308720272136
6338,13.5,2.8098730540186367,15.60780979024915,2.1078097902491493,15.613405853697401
7034,23.29,2.963601266798454,18.367594189698565,4.922405810301434,21.13527612838744
2181,20.0,2.8787542399870327,16.792094687832332,3.207905312167668,16.03952656083834
6334,34.0,3.477275908914398,31.371419163509586,2.628580836490414,7.731120107324747
2620,10.0,1.9692736517653031,6.16546997123888,3.8345300287611197,38.345300287611195
5170,8.9,2.675832468110704,13.524435937991532,4.624435937991532,51.95995435945541
752,6.8,1.9692183513316572,6.1650737285984905,0.6349262714015094,9.337151050022197
2283,11.5,2.4436272236700813,10.51473159305468,0.9852684069453197,8.56755136474191
2799,8.0,1.9231719653531534,5.842628663614127,2.1573713363858733,26.967141704823415
3049,14.9,2.9961340591996293,19.00803732744604,4.1080373274460396,27.5707203184298
351,3.5,1.9875783424011892,6.297839477781238,2.7978394777812383,79.93827079374967
487,1.8,1.3368373943156389,2.8069844557282,1.0069844557282,55.94358087378889
927,5.0,1.8609994636100642,5.430160272065659,0.43016027206565877,8.603205441313175
3318,6.5,1.665004967911767,4.285699508584323,2.2143004914156768,34.06616140639503
1061,18.0,2.6578852485398627,13.266087945653256,4.733912054346744,26.299511413037468
6018,39.39,3.724381868031105,40.44560597126166,1.055605971261656,2.6798831461326627
2191,3.5,1.8547171644186913,5.389890706561572,1.8898907065615722,53.99687733033064
4608,2.1,1.567711437831073,3.7956604584130025,1.6956604584130024,80.74573611490487
6128,27.9,2.968653086923826,18.46568334758697,9.434316652413028,33.81475502656999
561,12.99,2.5949371776132955,12.395745782251387,0.5942542177486132,4.5747052944465985
3535,9.9,2.353303194340467,9.52026286684922,0.3797371331507797,3.835728617684644
5501,21.99,3.036838095375418,19.839247241332323,2.150752758667675,9.780594627865735
2966,9.5,2.4017720523702093,10.042727344023541,0.5427273440235414,5.71291941077412
6026,37.49,3.809258028057025,44.11695093255686,6.626950932556859,17.676582908927337
334,13.5,2.7632747930402446,14.851668977427778,1.351668977427778,10.012362795761318
2225,6.8,1.8459033332754746,5.333818756190418,1.466181243809582,21.56148887955268
4847,13.0,2.488839614821171,11.047288511473376,1.9527114885266244,15.020857604050958
5507,25.5,2.966108248724827,18.416209311443247,7.083790688556753,27.77957132767354
3213,12.5,1.9038406680642268,5.711622117649943,6.788377882350057,54.30702305880045
1103,7.9,2.351586380277242,9.502217026719082,1.6022170267190816,20.281228186317488
2110,26.99,3.009393201177072,19.275093289049817,7.714906710950181,28.584315342534943
23,12.99,2.7014646742885136,13.901541653672192,0.9115416536721916,7.017256764220105
4151,21.99,3.127870268068557,21.825315936421777,0.16468406357822118,0.7489043364175589
1005,3.2,1.1470214996683565,2.148800226060419,1.0511997739395813,32.849992935611915
1643,9.7,2.423405228383158,10.284219309417777,0.5842193094177777,6.022879478533791
2550,59.7,3.834396644596062,45.26550470278322,14.434495297216785,24.178384082440175
3038,8.69,1.998200524464932,6.375771629377074,2.314228370622925,26.630936370804665
4030,1.7,1.6162093156761506,4.033971905138275,2.3339719051382746,137.2924650081338
3817,7.999,2.206723649270532,8.085898981807716,0.0868989818077166,1.0863730692301112
1671,14.9,2.794908869921568,15.361137693456811,0.461137693456811,3.0948838487034296
1372,14.3,2.661551334092551,13.318484631245152,0.9815153687548488,6.863743837446496
3203,30.99,3.500022121424562,32.11618452776736,1.1261845277673608,3.634025581695259
445,6.9,2.1096623473851945,7.245456714524504,0.345456714524504,5.006619051079768
5433,62.99,3.7900182832330307,43.2572094334597,19.732790566540302,31.326862305985554
7125,59.999,4.211712659678496,66.47199748155988,6.472997481559879,10.788508944415538
3399,22.5,3.1712472964976905,22.837197875216994,0.33719787521699374,1.4986572231866389
3939,2.0,1.0759952187219737,1.932910335825874,0.0670896641741261,3.354483208706305
5206,20.49,3.1940256214555944,23.386400526696256,2.896400526696258,14.135678509986619
6378,83.79,4.434319483423294,83.29474139644701,0.49525860355299756,0.5910712537928124
2592,16.99,2.692836358400577,13.773519546902394,3.2164804530976046,18.931609494394376
3887,11.0,2.749564294561136,14.635817788975052,3.635817788975052,33.05288899068229
3518,1.2,1.387468242595613,3.0046982829770483,1.8046982829770484,150.3915235814207
4295,10.9,2.4892582098554756,11.052332502242209,0.15233250224220818,1.39754589213035
1128,10.8,1.9962756825352397,6.361588089796051,4.43841191020395,41.0964065759625
2570,7.5,1.9226559076604368,5.8390983834463315,1.6609016165536685,22.145354887382247
5277,9.6,2.25439207016457,8.529498282517517,1.0705017174824825,11.151059557109193
1783,10.6,2.3011969372880667,8.986128073364839,1.613871926635161,15.22520685504869
2523,18.0,2.7968483686884174,15.392900892223093,2.6070991077769072,14.48388393209393
4248,5.15,1.3501405731974834,2.8579678194526177,2.2920321805473827,44.505479233929755
1844,6.49,1.971517554394143,6.181566641070065,0.3084333589299355,4.752440045145385
5291,7.9,1.8753534011416784,5.523123992500155,2.3768760074998454,30.087038069618295
6129,24.49,3.246484403356021,24.69983067494737,0.20983067494737284,0.8568014493563613
6060,5.69,2.389828397353374,9.911621319275602,4.221621319275601,74.1936962965835
2515,6.699,2.136797934539235,7.47226540006335,0.7732654000633499,11.542997463253469
5040,17.5,2.675832468110704,13.524435937991532,3.975564062008468,22.717508925762676
6799,56.99,3.4739690437254924,31.264548045940963,25.72545195405904,45.14029119855946
3554,3.5,1.6637800641216274,4.279228998907656,0.779228998907656,22.263685683075884
3878,4.2,2.1734735403971728,7.788759191859075,3.588759191859075,85.44664742521606
5945,29.7,3.3580897096372864,27.73424766081434,1.9657523391856593,6.61869474473286
2264,14.5,2.565554165466388,12.007864882195175,2.4921351178048248,17.18713874348155
2462,4.9,1.6760154719600195,4.3442192994175315,0.5557807005824689,11.342463277193241
1775,6.6,2.3279498501446256,9.256891797624814,2.656891797624814,40.2559363276487
6861,28.05,3.217486351236292,23.965287280990967,4.084712719009033,14.56225568274165
378,7.8,2.203133596956973,8.053338610836002,0.2533386108360025,3.247930908153878
6853,9.999,2.649284391313452,13.143913515618927,3.144913515618926,31.45228038422768
4913,1.6,0.9878884834793655,1.6855578815167487,0.08555788151674859,5.347367594796787
5246,8.2,2.4969705463235075,11.145643506141091,2.945643506141092,35.92248178220844
199,1.5,1.1347817566411937,2.110494624028757,0.6104946240287572,40.69964160191715
2446,11.0,2.674668996051809,13.507546989421519,2.5075469894215185,22.795881722013807
2957,3.8,1.9229525948537396,5.84112775738018,2.0411277573801803,53.713888352110004
1328,11.49,2.604510199733116,12.524599327817707,1.0345993278177072,9.004345759945233
1193,10.5,2.3065232439631944,9.039459156751922,1.4605408432480775,13.909912792838833
5686,12.75,2.6293630353402953,12.864935614868454,0.11493561486845394,0.9014558028898347
1075,9.3,2.5949371776132955,12.395745782251387,3.0957457822513863,33.287589056466516
5427,3.4,1.5280628992837468,3.609239607606648,0.20923960760664828,6.154106106077891
6969,24.5,3.0480283480966324,20.073753328572913,4.426246671427087,18.066312944600355
2063,10.5,2.6876935648554126,13.697737418882424,3.197737418882424,30.454642084594514
965,14.5,2.8163230420269523,15.715276170100449,1.2152761701004486,8.38121496620999
5060,9.49,2.3065232439631944,9.039459156751922,0.45054084324807775,4.747532594816414
1467,9.4,2.227184332846568,8.273717582040346,1.1262824179596542,11.981727850634618
5975,18.46,3.155886289832386,22.473832493759296,4.0138324937592955,21.743404624914923
3296,51.0,3.251214205178183,24.82167370043895,26.17832629956105,51.330051567766766
5414,7.5,2.082707164153782,7.026167683424134,0.4738323165758658,6.317764221011543
7126,29.95,3.3560201556682103,27.674842077253217,2.275157922746782,7.596520610172895
5724,62.05,3.7339901390897596,40.84574583539469,21.20425416460531,34.17285119195054
2755,6.0,2.01180398588627,6.476793217964119,0.47679321796411944,7.946553632735324
4022,6.5,2.114997105442401,7.2895617714704795,0.7895617714704795,12.147104176468915
3091,6.5,2.196488383630887,7.993376694968887,1.4933766949688874,22.975026076444422
2022,5.89,1.8871593780503877,5.600592238088925,0.2894077619110744,4.913544344839973
5090,8.6,2.533641287079796,11.5993003807658,2.999300380765801,34.87558582285815
2907,7.0,1.9848292766390918,6.277804788092775,0.7221952119072252,10.317074455817503
5744,42.345,3.4765836084765245,31.349016171543447,10.995983828456552,25.967608521564657
5769,15.1,2.9378681471125287,17.875563464484408,2.7755634644844083,18.381214996585484
6155,18.49,2.9479949557771064,18.067683825330906,0.422316174669092,2.2840247413147217
6547,13.79,2.431203824499321,10.372564414446602,3.417435585553397,24.781983941649003
2850,6.699999,1.9692183513316572,6.1650737285984905,0.5349252714015096,7.983960466285287
2132,16.5,2.4459391652692983,10.541383777303729,5.958616222696271,36.112825592098616
6114,86.19,4.642247357763851,102.77731045413293,16.587310454132933,19.24505215701698
6570,20.79,3.0522326219979985,20.16253966996337,0.6274603300366302,3.018087205563397
6434,31.0,3.5479778370270925,33.742990416379016,2.7429904163790155,8.848356181867793
4246,7.5,1.9570729563725087,6.078577407502229,1.4214225924977706,18.952301233303608
1701,4.5,2.2038444864745124,8.059776822510639,3.5597768225106385,79.10615161134751
6332,39.999,3.69304658265916,39.16703292393166,0.8319670760683451,2.079969689413098
3927,19.5,3.1489709803955463,22.312063663823093,2.8120636638230927,14.420839301656885
5780,66.99,4.310816215056936,73.50127319140012,6.511273191400122,9.719768907896883
547,12.4,2.5025910846829515,11.2141007644745,1.1858992355255005,9.563703512302423
6811,37.99,3.776479474251541,42.66205744432081,4.6720574443208065,12.298124359886302
6203,33.3,3.7384722900996428,41.03372574982722,7.733725749827222,23.2244016511328
1263,19.9,2.80621424916961,15.54715608295955,4.352843917040449,21.87358752281633
5231,2.299,1.4515609279369526,3.2697741259480537,0.9707741259480538,42.22592979330378
3011,13.29,2.5543557584817385,11.86301010241328,1.4269898975867186,10.737320523602097
5865,13.69,2.641978336580925,13.040953881686999,0.6490461183130005,4.741023508495256
1789,11.9,2.4042968040501314,10.070642713295443,1.8293572867045569,15.372750308441654
6610,21.49,3.3918489841562507,28.72085488748996,7.230854887489961,33.64753321307567
3018,6.4,1.817495339839631,5.156419384785511,1.2435806152144897,19.4309471127264
5494,26.59,3.328314674356158,26.89129615418811,0.30129615418811184,1.133118293298653
4715,13.8,2.646025090635066,13.097889292835797,0.7021107071642039,5.087758747566695
2199,5.9,2.1830696566128696,7.873503102357047,1.9735031023570464,33.4492051246957
1244,2.5,0.9741589054063213,1.6489382660826672,0.8510617339173328,34.04246935669331
7130,10.89,3.270423752253134,25.322491195239902,14.432491195239901,132.5297630416887
5008,38.0,1.5416718560073719,3.6723953168930557,34.32760468310694,90.33580179764984
5482,12.726,2.6192749567425864,12.725768200785113,0.00023179921488747368,0.0018214616917136075
4837,8.5,2.327224572710145,9.249455402506852,0.749455402506852,8.817122382433555
7202,35.29,3.579660819455893,34.86137530323373,0.4286246967662706,1.214578341644292
6764,20.99,2.9677002539183768,18.4471446355707,2.542855364429297,12.11460392772414
3915,5.2,1.874246651140058,5.515908518610272,0.31590851861027147,6.0751638194282975
6083,32.299,3.44948645562314,30.48421961246294,1.8147803875370592,5.6186890849161255
518,13.29,2.8907440653708956,17.00670278221569,3.716702782215691,27.96616088950859
611,12.5,2.4588103848044875,10.690895597261878,1.8091044027381216,14.472835221904973
5806,11.22,2.4427233690971697,10.504328652329447,0.7156713476705541,6.378532510432746
5672,16.5,2.9477009995220955,18.062079584143113,1.5620795841431132,9.467148994806747
2288,7.5,1.9282433645611579,5.877418507228563,1.6225814927714373,21.634419903619165
957,10.99,2.3862414983545226,9.87255254545023,1.1174474545497706,10.167856729297275
4401,6.15,2.228522112293166,8.286132072889036,2.136132072889035,34.733854843724146
491,25.8,2.6045215844992615,12.52475330309475,13.275246696905251,51.45444456164826
1330,4.9,2.0603639058352536,6.848825524089586,1.9488255240895853,39.771949471216026
3458,21.5,2.959577978084326,18.289829306760634,3.210170693239366,14.9310264801831
323,5.89,1.2906293543137421,2.635073585243026,3.254926414756974,55.261908569727915
5362,7.2,2.0921604116921633,7.102400790831165,0.09759920916883491,1.3555445717893737
7010,22.79,3.0314623253179245,19.727520816839505,3.0624791831604945,13.43782002264368
4247,10.5,2.480194205629222,10.943583703820986,0.4435837038209858,4.224606703057007
2031,4.75,1.4131141707717343,3.1087307907160016,1.6412692092839984,34.55303598492628
5516,32.0,3.8571394419916682,46.32976799238795,14.32976799238795,44.78052497621234
1153,6.3,1.7596780665894467,4.810566477780024,1.4894335222199757,23.641801939999617
6685,15.7,2.8999754978216528,17.17370006874735,1.4737000687473518,9.386624641702879
7286,6.6,2.1226893254164714,7.35357278186299,0.7535727818629905,11.417769422166522
6854,21.69,3.1776691763857783,22.9907700801844,1.3007700801843995,5.99709580536837
1606,6.4,2.0380562982886423,6.675675466679777,0.27567546667977627,4.307429166871504
324,23.9,3.0614895082526954,20.359348405211353,3.5406515947886454,14.814441819199352
2083,7.99,2.0547764489345326,6.805092840770674,1.1849071592293265,14.829876836412096
2687,10.8,2.3633816450777907,9.62682691613676,1.1731730838632402,10.862713739474446
6858,35.35,3.485204788474964,31.629108491068457,3.720891508931544,10.525859996977493
586,7.89,1.952340778991437,6.045159455803916,1.8448405441960833,23.382009432143008
4125,9.8,2.598334461916793,12.441332330518607,2.6413323305186065,26.95237071957762
3245,8.99,2.5018006448897436,11.204450067841808,2.214450067841808,24.63237005385771
4556,4.4,1.959463179377674,6.09551702272959,1.6955170227295895,38.534477789308845
706,24.9,3.193404634840038,23.37126159938969,1.5287384006103082,6.139511649037383
1978,6.4,2.0549102211958514,6.806137015529039,0.4061370155290387,6.34589086764123
4160,7.4,1.3363966699915835,2.805306994753339,4.594693005246661,62.09044601684677
4995,4.39,1.409936765277256,3.0956964056557617,1.294303594344238,29.482997593262827
6812,9.8,2.4533791005703462,10.627571142544214,0.8275711425442136,8.444603495349117
6202,17.34,2.9089215142993967,17.337011694102184,0.002988305897815735,0.017233598026619
5939,27.79,3.1044851907152804,21.2977369379958,6.492263062004199,23.36186780138251
6218,29.3,3.23286969185864,24.352305987050507,4.947694012949494,16.88632768924742
4453,9.5,2.207542581882647,8.093342768358067,1.4066572316419332,14.806918227809824
3801,8.9,2.327224572710145,9.249455402506852,0.3494554025068517,3.9264651967061983
2572,56.99,3.477170775649025,31.368016029402604,25.621983970597398,44.95873656886717
208,2.25,1.3914649573719233,3.020735947416071,0.7707359474160711,34.25493099626983
3682,29.8,3.137022373714618,22.03517449831234,7.76482550168766,26.05646141505926
747,2.5,1.5172847628029804,3.5598273583698763,1.0598273583698763,42.39309433479505
5101,9.9,1.9575610682489968,6.082033388587561,3.817966611412439,38.565319307196354
6260,40.99,3.8096105993691185,44.13286067964021,3.142860679640208,7.667383946426465
798,5.0,1.508618690456604,3.5204822944174703,1.4795177055825297,29.590354111650598
88,6.99,2.4763017095843685,10.897183715962962,3.9071837159629617,55.89676274625124
734,1.7,1.7638069144154007,4.834607018263672,3.1346070182636714,184.38864813315715
1221,4.8,2.084814798872692,7.043101752240595,2.2431017522405954,46.731286505012406
3574,14.5,2.3279498501446256,9.256891797624814,5.243108202375186,36.15936691293232
1480,6.9,1.7877017477027126,4.97570299941679,1.92429700058321,27.8883623272929
3936,10.49,2.935888437336104,17.838232291594732,7.348232291594732,70.04987885219
6199,28.99,3.2438313433917667,24.631737850209696,4.358262149790303,15.033674197275968
852,13.5,2.441675787298634,10.492283237409188,3.007716762590812,22.27938342659861
486,7.89,2.030807211034273,6.620235014602235,1.2697649853977646,16.09334582253187
2678,3.6,1.5970987199991011,3.938683116224176,0.33868311622417613,9.407864339560449
3195,4.0,1.6008669596046072,3.95732836536194,0.042671634638059786,1.0667908659514946
1430,8.4,2.292317199987627,8.89784641845815,0.49784641845814903,5.926743076882726
1536,14.9,2.9209180313818908,17.558316759015145,2.658316759015145,17.84105207392715
1891,6.0,2.3064981813028598,9.039207544350184,3.039207544350184,50.65345907250306
6513,39.99,2.957311237323279,18.246153783642434,21.743846216357568,54.37320884310469
1919,5.6,2.1558411652645844,7.6351507137206625,2.035150713720663,36.34197703072613
4302,14.8,2.804615416047175,15.520721079942465,0.7207210799424644,4.869737026638273
198,5.0,1.4751748544719399,3.3718001349057714,1.6281998650942286,32.56399730188457
4629,6.6,1.9360569459689838,5.931366264739851,0.6686337352601486,10.130814170608312
2882,3.85,2.122509650837319,7.352071992019921,3.502071992019921,90.96290888363431
1057,8.9,2.3279498501446256,9.256891797624814,0.3568917976248134,4.010020198031611
73,7.0,2.1972217458358325,7.999974516532596,0.9999745165325962,14.285350236179944
548,27.8,3.1817237439115593,23.08823974260451,4.71176025739549,16.94877790430032
6352,13.69,2.8146228034411376,15.686880359250711,1.9968803592507118,14.586416064650928
2963,4.0,1.729948351662696,4.640362585555878,0.6403625855558781,16.00906463889695
6569,27.3,3.643147045414508,37.2119022922987,9.911902292298702,36.30733440402455
1512,34.99,3.0560685814649315,20.24387421262552,14.746125787374481,42.14382905794364
3912,10.9,2.3568169436392723,9.557293453119495,1.342706546880505,12.31840868697711
1582,1.9,1.1438692143782385,2.1388899376609225,0.2388899376609226,12.573154613732768
6697,15.44,2.963601266798454,18.367594189698565,2.9275941896985653,18.96110226488708
5822,10.08,2.3951471044359987,9.969811648349982,0.11018835165001839,1.093138409226373
2865,6.9,2.0603639058352536,6.848825524089586,0.051174475910414685,0.7416590711654302
3647,10.8,2.4576585508287723,10.677437378810987,0.1225626211890134,1.1348390850834573
5349,20.499,2.6915085936592087,13.753916805336546,6.745083194663453,32.904449947136214
4428,3.0,1.396371223049743,3.0405112178915976,0.04051121789159762,1.3503739297199204
6213,25.55,3.0789482052387416,20.735529053683,4.814470946317002,18.84333051396087
4359,28.8,3.558365150338072,34.10575756947042,5.305757569470419,18.422769338438954
1452,3.6,1.9489055815236913,6.020999462813338,2.4209994628133376,67.24998507814827
7037,24.89,3.0663113479410136,20.462588462542428,4.427411537457573,17.787912966884583
2020,1.9,1.2566207284712227,2.5135282374844303,0.6135282374844304,32.29095986760161
4903,29.49,3.343602036547822,27.320956318041866,2.169043681958133,7.355183729936023
5220,6.9,1.9360569459689838,5.931366264739851,0.9686337352601493,14.038170076234046
6818,12.35,2.70573505768891,13.965313016963846,1.6153130169638459,13.07945762723762
4814,10.0,2.723470097810332,14.233090951270835,4.233090951270835,42.33090951270835
5267,8.8,2.318805922561476,9.163531014420826,0.36353101442082547,4.131034254782107
2098,9.2,2.479873440999699,10.93975323899071,1.7397532389907102,18.910361293377285
1880,13.5,2.3397852321629555,9.379007246410712,4.120992753589288,30.525872248809545
937,9.5,2.3065232439631944,9.039459156751922,0.46054084324807754,4.847798349979763
7120,29.999,3.323424723317028,26.755242001754475,3.243757998245524,10.812887090388093
2855,13.5,2.5632083919290323,11.977387137895757,1.5226128621042427,11.27861379336476
6139,14.99,2.9142640840236207,17.435240621412383,2.445240621412383,16.312479128835108
5985,12.49,2.6072336205804283,12.561482705261092,0.0714827052610918,0.5723194976868838
1295,7.0,2.470618305476658,10.829758995618612,3.8297589956186116,54.710842794551596
1175,45.9,3.4910477175494363,31.820316120069883,14.079683879930116,30.674692548867355
2197,5.5,1.6254573839760555,4.080742355955269,1.4192576440447313,25.804684437176935
2614,41.9,3.5198119921223046,32.77807732220595,9.121922677794046,21.770698515021593
6148,27.36,2.9245757814337865,17.626322741725172,9.733677258274827,35.576305768548345
4335,4.0,1.9220467534657582,5.834933586608753,1.834933586608753,45.87333966521883
4914,11.5,2.4831042414954734,10.97839058083799,0.5216094191620098,4.53573407966965
1321,7.2,1.875008796536289,5.520876481204426,1.6791235187955742,23.321159983271862
1181,12.79,2.7014646742885136,13.901541653672192,1.1115416536721927,8.69070878555272
6150,22.799,3.09123723361807,21.00428558307453,1.7947144169254692,7.87189971895903
3438,12.6,2.334134607516792,9.320524759163257,3.2794752408367422,26.02758127648208
6343,34.99,3.2986631697294646,26.076418140146785,8.913581859853217,25.474655215356435
4301,12.6,2.4831042414954734,10.97839058083799,1.6216094191620094,12.869916025095312
620,7.9,2.06682971141363,6.899738924645209,1.000261075354791,12.661532599427733
6864,24.89,3.1635862787832747,22.655278413895783,2.234721586104218,8.978391265987215
5159,16.0,2.5215117744972195,11.447400108752992,4.552599891247008,28.4537493202938
2492,15.5,2.440838754104724,10.482667839630615,5.017332160369385,32.369884905608934
478,14.0,2.789437853603607,15.27187005716618,1.2718700571661792,9.084786122615565
3968,5.3,2.05890403372165,6.8373756023267,1.5373756023267005,29.00708683635284
2276,3.7,1.9353629464973414,5.926557569023508,2.226557569023508,60.17723159522994
5227,6.9,2.1401387068745046,7.500616641081331,0.6006166410813307,8.704589001178705
1897,12.5,1.6179621669232258,4.042803446998286,8.457196553001715,67.65757242401372
7044,14.766,2.8006291293476124,15.454995836100775,0.6889958361007746,4.666096682248236
2206,1.4,1.0852376257941956,1.9601431415373032,0.5601431415373033,40.01022439552167
1033,4.5,1.825676767629477,5.206994290791371,0.7069942907913713,15.710984239808251
5948,10.59,2.1939529270898586,7.970603261926572,2.619396738073428,24.734624533271276
286,12.3,2.932464766062006,17.77384665735788,5.473846657357878,44.50281835250307
550,3.2,1.2297085983385598,2.4202327295612527,0.7797672704387475,24.367727201210858
7008,10.099,2.4663618497186697,10.779513160274046,0.680513160274046,6.738421232538331
5668,25.79,3.423951183963802,29.690439340688556,3.900439340688557,15.123843895651637
5015,2.5,0.9946933770794126,1.7038951379354175,0.7961048620645825,31.844194482583298
2825,12.5,2.5124223253751414,11.33477273457643,1.1652272654235691,9.321818123388553
1055,10.799,2.402899373281233,10.055183060949156,0.7438169390508431,6.887831642289501
2091,6.5,1.8852313164878154,5.587878150614769,0.9121218493852314,14.032643836695868
6540,25.79,3.1776691763857783,22.9907700801844,2.7992299198155983,10.853935323053891
2571,3.5,1.4708262604985016,3.3528302272928343,0.1471697727071657,4.204850648776163
1677,10.3,2.106325297899366,7.217987076696861,3.0820129233031395,29.922455566049894
1174,1.8,0.9741589054063213,1.6489382660826672,0.1510617339173328,8.392318550962933
6021,78.2,4.106601079739354,59.73991618625301,18.46008381374699,23.60624528612147
5916,12.54,3.044724497346119,20.004243680800446,7.464243680800447,59.52347432855222
5389,3.9,1.6668233317900019,4.2953195773840545,0.39531957738405454,10.136399420103963
2087,14.0,2.614153062363928,12.65564599834958,1.3443540016504194,9.602528583217282
1370,46.5,3.477170775649025,31.368016029402604,15.131983970597396,32.541901012037414
6314,16.899,2.954515043408252,18.192412975420677,1.2934129754206758,7.65378410214022
2934,5.0,1.8199630761156662,5.171630565103246,0.17163056510324637,3.4326113020649274
3107,16.99,2.7677538483950803,14.922828725502717,2.067171274497282,12.166988078265344
1188,7.8,1.8914875181552024,5.6292224391371795,2.1707775608628204,27.830481549523338
2029,6.699999,2.1393118564363935,7.493590807544493,0.7935918075444928,11.844655611806699
4209,4.888888,1.9099984059317132,5.753078033655175,0.8641900336551753,17.676617538695414
5027,4.5,1.8583026581047526,5.412842741944719,0.9128427419447194,20.28539426543821
7009,23.5,3.4183569224320536,29.51922834255746,6.0192283425574615,25.613737627904094
7093,40.9,3.8981741152491987,48.31232822726232,7.412328227262321,18.123051900396874
3956,7.2,2.4599422193675906,10.704135248106317,3.5041352481063166,48.66854511258773
833,9.0,2.070552704519736,6.929204414074411,2.0707955859255893,23.00883984361766
1393,5.4,2.1576108741577156,7.6504459467953705,2.25044594679537,41.674924940655
549,24.9,3.1341590764958123,21.969312283781914,2.9306877162180847,11.769830185614799
1020,5.5,1.9226559076604368,5.8390983834463315,0.3390983834463315,6.165425153569664
248,3.6,1.5422274142459427,3.674991825794388,0.07499182579438779,2.083106272066327
2648,6.5,1.5485278416900055,3.704539255571807,2.795460744428193,43.007088375818356
296,6.3,2.014752665690854,6.498872423384851,0.19887242338485134,3.156705133092878
1559,7.39,1.7341433737987946,4.66407373107527,2.72592626892473,36.88668834810189
1563,12.8,2.4678708831804435,10.797302258592863,2.002697741407138,15.646076104743264
6766,13.69,2.7138230112555335,14.086842573974872,0.39684257397487244,2.8987770195388785
3260,9.7,2.4397689493578354,10.47039019558074,0.77039019558074,7.942166964749897
100,1.4,1.146601152997917,2.147476916513381,0.747476916513381,53.391208322384365
4204,43.5,3.5336235281617707,33.247841066330196,10.252158933669804,23.568181456712196
3197,7.0,1.576438128448337,3.8376938429557903,3.1623061570442097,45.17580224348871
2937,17.5,2.801752082921933,15.47348441145336,2.0265155885466406,11.580089077409376
7017,15.99,2.5789052235978205,12.182698149958032,3.807301850041968,23.810518136597675
1499,6.0,1.92702672988334,5.869056289292444,0.13094371070755617,2.1823951784592692
4872,7.0,2.2384321813557646,8.378615786151784,1.3786157861517836,19.694511230739767
1656,5.0,1.8445837972966574,5.325466566177815,0.32546656617781533,6.509331323556307
6788,13.29,2.7384166758027284,14.462483580134457,1.1724835801344575,8.822299323810817
346,4.0,1.5422274142459427,3.674991825794388,0.3250081742056121,8.125204355140303
1718,7.5,2.203133596956973,8.053338610836002,0.5533386108360023,7.377848144480032
1665,1.7,1.2690395178893243,2.5574340691342208,0.8574340691342208,50.43729818436593
681,6.0,2.016376288569129,6.511057653645197,0.5110576536451967,8.517627560753278
6514,69.99,3.952416278382917,51.061008870962205,18.92899112903779,27.045279509983988
3898,3.9,1.80063592269829,5.053495796043248,1.1534957960432481,29.576815283160208
6186,20.45,3.1914941104529535,23.324744160260437,2.8747441602604376,14.057428656530258
6408,54.999,3.8397476597437046,45.51373567078908,9.48526432921092,17.246248712178257
7289,23.79,3.244341439965416,24.644815847100894,0.8548158471008946,3.5931729596506714
5761,17.75,2.747406929207545,14.602121977559102,3.1478780224408975,17.734524070089563
7063,49.59,3.658863382650371,37.81719748775209,11.772802512247914,23.740275281806642
1793,3.8,1.9267473149406802,5.867137240441193,2.067137240441193,54.39834843266298
3542,5.9,2.178168720752989,7.830121026020173,1.9301210260201724,32.71391569525716
6741,18.8,3.073920179426948,20.626516541094055,1.8265165410940547,9.715513516457737
1706,6.2,2.124151561183515,7.365796609648317,1.165796609648317,18.803171123359952
1414,5.6,1.7410152876024694,4.703130802246267,0.8968691977537331,16.01552138845952
4761,2.9,1.4706021321316296,3.351854743883555,0.4518547438835552,15.581198064950181
3066,8.8,1.9226559076604368,5.8390983834463315,2.9609016165536692,33.64660927901897
2991,8.0,2.1204576099188093,7.334950771268673,0.665049228731327,8.313115359141587
6041,9.75,2.3460949618211604,9.444703019580004,0.3052969804199961,3.1312510812307295
84,37.9,3.3810274206570665,28.40096275734875,9.499037242651248,25.063422803829148
5327,9.5,2.141825774029156,7.5149698562253615,1.9850301437746385,20.895054144996195
3207,9.0,2.407463259437619,10.105752967749194,1.1057529677491935,12.286144086102151
5025,3.99,1.5197448423857232,3.571058705895066,0.4189412941049344,10.499781807141213
1561,1.2,1.0399415111196073,1.8290515414552115,0.6290515414552116,52.4209617879343
6072,8.39,3.5777135168729357,34.79161030330528,26.401610303305283,314.6795030191333
2948,8.9,2.5203536271589773,11.432992530108846,2.532992530108846,28.460590225942088
3528,7.8,2.1576108741577156,7.6504459467953705,0.14955405320462933,1.917359656469607
1297,5.0,1.8847592339394905,5.584768862287497,0.5847688622874969,11.695377245749938
4866,8.499,2.1800912611622056,7.847113619751072,0.6518863802489285,7.670153903387793
6289,13.28,2.6744686643070237,13.50464095831543,0.2246409583154314,1.6915734812908991
4506,14.2,2.5815289684844394,12.21733160162352,1.9826683983764788,13.962453509693512
1912,18.5,2.762756195771085,14.843450476414748,3.6565495235852516,19.76513255992028
6456,79.99,3.927310360415773,49.770240216613274,30.21975978338672,37.779422157003026
5998,9.494,2.367862646913864,9.674552596632095,0.18055259663209533,1.9017547570264939
6127,18.99,2.9436587273442893,17.985180997407824,1.0048190025921748,5.291305964150474
6875,44.199,3.3705780773147134,28.095341554205685,16.103658445794313,36.43444070181297
1817,12.2,2.3127335547661327,9.102001320536273,3.0979986794637266,25.39343179888301
3722,7.6,2.2019362878580058,8.042505452754742,0.44250545275474273,5.822440167825563
5451,9.79,2.5005330869580993,11.188990020679636,1.398990020679637,14.289989996727654
6187,36.99,3.597243019761746,35.497472797319276,1.4925272026807264,4.03494783098331
7164,8.99,2.531551220018836,11.57299449815437,2.5829944981543704,28.731863160782762
3089,1.2,1.079898182649447,1.9443797468583006,0.7443797468583007,62.03164557152506
4845,6.0,1.84460742158778,5.325616002606617,0.6743839973933827,11.239733289889713
3142,3.2,1.1674850443242217,2.2138996508732154,0.9861003491267848,30.815635910212023
1623,5.5,1.8241501333210353,5.197525709724069,0.3024742902759314,5.49953255047148
6834,18.38,2.962049118358473,18.33755612638795,0.04244387361205071,0.230924230751092
5459,16.79,3.140734719987197,22.12084796890147,5.33084796890147,31.75013680108082
5605,47.95,3.8096151241680425,44.13306489722167,3.8169351027783307,7.960240047504338
6392,26.4,3.3714658171820746,28.121182117009702,1.721182117009704,6.519629231097364
1199,2.0,1.3938169184308136,3.0302036913105423,1.0302036913105423,51.51018456552712
373,6.0,1.5537356372182474,3.7291034411800386,2.2708965588199614,37.84827598033269
2457,5.7,1.875008796536289,5.520876481204426,0.1791235187955742,3.142517873606565
5260,4.99,1.7341433737987946,4.66407373107527,0.3259262689247304,6.53158855560582
3819,21.09,3.1362472521018434,22.01732635483916,0.9273263548391597,4.396995518440776
7284,23.3,3.4083433827025886,29.215147839004832,5.915147839004831,25.38690059658726
1317,8.0,2.3084180833198973,9.05850035338939,1.0585003533893893,13.231254417367367
1446,13.0,2.750658061488386,14.65292908553238,1.6529290855323797,12.714839119479842
3799,18.9,2.9878635369481152,18.84324281720099,0.05675718279900721,0.30030255449210164
3482,3.7,1.7680585816669832,4.859466635811728,1.1594666358117278,31.33693610301967
1488,6.399,1.998200524464932,6.375771629377074,0.02322837062292571,0.36300000973473523
4486,4.0,1.593444367760273,3.9206683646931824,0.07933163530681764,1.983290882670441
6067,102.0,4.158158746202079,62.95365920711927,39.04634079288073,38.28072626753013
812,5.123,1.508296440936099,3.5190258058546187,1.6039741941453816,31.30927570067112
3580,34.5,3.3143395745728887,26.504223496552658,7.995776503447342,23.176163778108236
4317,3.95,1.3745336218678266,2.9532325916906044,0.9967674083093958,25.234617931883434
3366,3.9,1.3757211809373784,2.957930077627858,0.9420699223721418,24.155639035183125
3651,4.0,1.5416718560073719,3.6723953168930557,0.32760468310694435,8.190117077673609
6684,40.5,3.373253783832487,28.17329639486756,12.32670360513244,30.436305197857877
1511,3.5,1.213946360542528,2.3667448596315537,1.1332551403684463,32.378718296241324
7149,18.29,2.971978338488619,18.530519379914672,0.24051937991467298,1.3150321482486222
1801,3.4,1.3760736114970185,2.9593252189709145,0.4406747810290854,12.96102297144369
4516,4.6,1.875008796536289,5.520876481204426,0.9208764812044263,20.019053939226662
921,7.8,2.25439207016457,8.529498282517517,0.7294982825175174,9.352542083557914
322,15.0,2.776281032455551,15.059186163048384,0.05918616304838409,0.39457442032256057
3838,2.5,1.317391959357425,2.733671102250114,0.2336711022501139,9.346844090004556
5634,27.49,3.3413096036606857,27.25610678638282,0.23389321361717919,0.8508301695786803
7262,9.08,2.5257180684869285,11.49986780293246,2.41986780293246,26.65052646401388
4402,6.85,1.9607250753780194,6.104476479043093,0.7455235209569064,10.883555050465787
6217,10.45,2.5211465598625873,11.44285496609698,0.9928549660969814,9.501004460258196
1569,5.9,2.1600390981139777,7.671476690219649,1.7714766902196484,30.02502864779065
4661,17.5,2.872503677702946,16.68123093317276,0.8187690668272403,4.6786803818699445
231,12.9,2.4792338792885573,10.932119471371522,1.9678805286284788,15.254887818825416
1545,1.8,1.2763391839804392,2.583497160179872,0.7834971601798719,43.52762000999289
1420,1.0,0.9956334692577935,1.7064382437954224,0.7064382437954224,70.64382437954224
1079,5.9,2.301967425580136,8.993825233033387,3.093825233033387,52.4377158141252
3103,7.9,1.8773629186852154,5.536245504140107,2.3637544958598937,29.92094298556827
1115,4.75,1.9250714503448072,5.855638486133765,1.1056384861337651,23.276599708079264
6946,14.45,2.7857833636812654,15.212513197607848,0.7625131976078485,5.276907941922827
1941,10.9,2.3127335547661327,9.102001320536273,1.7979986794637277,16.495400729025025
1867,10.95,2.232127913316111,8.319676458261425,2.6303235417385746,24.02121955925639
2586,6.65,2.298116403190944,8.95541279935092,2.30541279935092,34.66786164437474
2751,11.5,2.3177580980658226,9.152886995167508,2.347113004832492,20.409678302891233
1425,9.59,2.3065232439631944,9.039459156751922,0.5505408432480774,5.74078043011551
5395,14.5,2.5441863292229114,11.732863511013866,2.767136488986134,19.083699924042303
4053,32.5,3.2090931161042655,23.756624656896044,8.743375343103956,26.90269336339679
7283,16.95,2.925446368225328,17.642545632971885,0.6925456329718855,4.085814943786936
4333,4.49,1.959947771065672,6.098956284552396,1.608956284552396,35.83421569159011
1618,9.0,2.7166960588502147,14.130250116853087,5.130250116853087,57.002779076145416
2402,16.8,2.840513753549685,16.1245610816238,0.6754389183762015,4.020469752239294
265,15.3,2.765153679177221,14.881480455934177,0.41851954406582337,2.735421856639368
0,9.99,2.3065232439631944,9.039459156751922,0.9505408432480777,9.514923355836615
4015,16.5,2.546804179549811,11.766239910066032,4.733760089933968,28.689455090508897
5187,3.5,1.492322339010245,3.447411933488942,0.052588066511058074,1.5025161860302307
838,1.2,1.4542240896011764,3.2811603797027393,2.081160379702739,173.43003164189494
14,21.9,2.806748851611809,15.556004598021083,6.3439954019789155,28.9680155341503
3263,2.6,1.1757404602633608,2.2405415479408752,0.35945845205912486,13.825325079197109
4912,21.0,2.6975841760623482,13.843828298426223,7.156171701573777,34.07700810273228
6477,29.155,3.450962936427569,30.5307397929888,1.3757397929887993,4.718709631242666
8,16.5,2.695884430187825,13.818618993289467,2.6813810067105326,16.250793980063836
1039,8.5,2.7685208713512113,14.935046585752357,6.435046585752357,75.70643042061596
2759,11.9,2.4576585508287723,10.677437378810987,1.222562621189013,10.273635472176581
3992,15.5,2.7459174984182892,14.578900994024712,0.9210990059752877,5.942574232098631
6472,12.99,2.9685167944993793,18.46303050319542,5.473030503195419,42.132644366400456
4141,32.79,3.475673324993012,31.319582794805385,1.4704172051946145,4.484346462929596
6629,18.1,3.0358371659737196,19.81839906157783,1.718399061577827,9.493917467280811
339,4.1,1.4087665748025824,3.0909064638534334,1.0090935361465663,24.612037466989424
1956,3.3,1.429031762092705,3.174655175063588,0.12534482493641175,3.798328028376114
4220,6.5,1.870008998777051,5.488354786282154,1.0116452137178458,15.563772518736089
2770,29.999999,2.589386838304482,12.321600803105506,17.67839819689449,58.92799595391484
1090,23.5,3.312730883297876,26.460013262031282,2.960013262031282,12.595801115026731
4512,8.999,2.006720469477498,6.438881261625473,2.560118738374528,28.448924751356014
1883,6.0,2.213772650481211,8.150171758035144,2.1501717580351443,35.83619596725241
622,5.3,2.0848404495867046,7.043308066189452,1.743308066189452,32.89260502244249
7220,12.5,2.6905628970289643,13.739970671376163,1.2399706713761631,9.919765371009305
5192,3.8,2.084814798872692,7.043101752240595,3.2431017522405954,85.34478295369988
5045,2.8,1.9134681417652903,5.776550127930284,2.9765501279302846,106.30536171179588
4331,16.5,3.035483540262374,19.81103844192949,3.3110384419294903,20.066899648057518
4952,4.7,1.4378257133743397,3.2115287840207207,1.4884712159792794,31.669600339984665
3032,8.4,2.0582803419350535,6.83248901955423,1.5675109804457703,18.66084500530679
4568,5.999,1.8609994636100642,5.430160272065659,0.5688397279343409,9.482242505990014
889,4.5,2.0992637585402423,7.160159852409803,2.6601598524098033,59.114663386884516
1507,3.1,1.2625365866158622,2.5343753756811584,0.5656246243188416,18.24595562318844
3688,10.0,2.206533777187964,8.084173987015395,1.9158260129846045,19.158260129846045
196,1.9,0.8827332385435339,1.4174982840548096,0.4825017159451903,25.39482715501002
5533,12.99,2.6301918777644557,12.87643222549546,0.11356777450454025,0.8742707814052367
3980,11.2,2.661551334092551,13.318484631245152,2.1184846312451526,18.91504135040315
2789,3.8,1.707993702231418,4.517879854783634,0.717879854783634,18.891575125885108
6575,38.0,2.8990683170060483,17.15722071270444,20.84277928729556,54.84941917709358
4236,21.5,2.606362144118568,12.54966934057782,8.95033065942218,41.62944492754502
432,4.2,2.0357816571373855,6.6582359012954635,2.4582359012954633,58.529426221320556
2598,10.9,2.4875490341792523,11.031750542790327,0.13175054279032672,1.2087205760580433
6091,28.99,3.277347206225228,25.505366083901706,3.484633916098293,12.020123891335954
1694,23.5,3.2615506231086577,25.08996149014536,1.5899614901453596,6.765793575086637
5357,29.9,3.4264825214537398,29.76822561048905,0.131774389510948,0.4407170217757458
1108,13.9,2.794908869921568,15.361137693456811,1.461137693456811,10.511781967315187
6353,37.5,3.7534935894818693,41.669892995805434,4.169892995805434,11.119714655481157
6690,60.89,3.8201598026309287,44.61149657564547,16.278503424354533,26.734280545827776
6262,110.99,4.4414583508221455,83.8986634726814,27.09133652731859,24.40880847582538
4825,1.65,1.3636925875869215,2.9106069322363672,1.2606069322363673,76.40042013553742
1277,4.6,1.82366836500228,5.194540657292034,0.5945406572920344,12.924796897652923
1195,5.9,1.8871593780503877,5.600592238088925,0.2994077619110751,5.074707829001272
6062,18.19,3.238659347575063,24.499512837625943,6.309512837625942,34.68671158672865
604,9.0,2.2372155370910387,8.367212285453,0.6327877145469998,7.030974606077775
3742,6.2,1.567529048230073,3.794785859576752,2.405214140423248,38.79377645843948
1593,17.9,2.913227687554379,17.41614430051182,0.48385569948817775,2.703104466414401
1219,19.4,3.142280389751654,22.15661279772241,2.7566127977224113,14.209344318156761
2229,7.0,2.081412926512787,7.015786634316628,0.015786634316627968,0.22552334738039953
4519,4.1,1.4695931643640372,3.347466077101706,0.7525339228982935,18.354485924348623
1652,3.3,1.4475716146843849,3.2527745902236047,0.04722540977639511,1.4310730235271245
4657,5.9,1.9344076151580498,5.919943571287097,0.01994357128709634,0.33802663198468375
4865,5.9,1.601350391832455,3.959725477031612,1.9402745229683882,32.886008863870984
6264,11.09,2.4574492226498386,10.674993217934665,0.41500678206533514,3.742171163799235
4955,38.0,3.5528534042052486,33.91279581255985,4.08720418744015,10.755800493263553
1158,12.0,2.3949311040592383,9.967442420787181,2.0325575792128188,16.93797982677349
4818,10.8,2.4429304810547237,10.506711583115187,0.29328841688481333,2.715633489674197
3256,8.8,2.226417207345833,8.266606204804702,0.5333937951952983,6.061293127219298
5728,38.699,3.6363013752834337,36.95120954049091,1.7477904595090905,4.516371119432261
4650,17.5,2.932464766062006,17.77384665735788,0.27384665735787905,1.564838042045023
7219,15.49,2.901049798017742,17.193234569375036,1.7032345693750361,10.995704127663242
5702,14.19,2.623965856225874,12.790305650748222,1.399694349251778,9.863948902408582
2807,4.59,1.3406731894153558,2.8216153105898343,1.7683846894101656,38.52689955141973
2851,8.6,2.5659452012739026,12.012952417782893,3.4129524177828934,39.68549323003365
4559,10.49,2.2403947369264725,8.39703991408231,2.0929600859176904,19.951955061179127
2995,6.5,2.0584097565163924,6.833502723434154,0.33350272343415366,5.130811129756211
904,5.95,1.698637217323913,4.466492671787265,1.4835073282127356,24.93289627248295
6841,21.169,3.0104016586672975,19.29555017195688,1.873449828043121,8.849968482418259
2357,23.8,3.231362562775294,24.314125568004556,0.5141255680045553,2.160191462204014
3383,12.8,2.507958639601335,11.279836884398462,1.5201631156015392,11.876274340637025
3470,9.0,2.6782485290671874,13.559570286849551,4.559570286849551,50.66189207610612
1616,7.8,2.3065232439631944,9.039459156751922,1.2394591567519226,15.890502009640034
3575,5.8,1.9853302614359216,6.28145177111115,0.4814517711111499,8.300892605364654
6977,26.95,3.2125709361651134,23.842873635046463,3.107126364953537,11.529225843983438
5006,10.9,2.327224572710145,9.249455402506852,1.6505445974931483,15.142610986175672
3820,3.65,1.6090304609084651,3.997963157357324,0.3479631573573241,9.533237187871894
1860,7.5,1.894715204048029,5.650654055541223,1.8493459444587774,24.657945926117034
2088,4.99,1.5903851553296087,3.905637997130536,1.0843620028694643,21.730701460309902
7077,27.52,3.134832545030884,21.984786603025952,5.535213396974047,20.11342077388825
6930,27.699,3.2293532153899003,24.26331176436932,3.435688235630682,12.403654412183407
5213,4.1,2.150881236842025,7.592427025068124,3.4924270250681246,85.1811469528811
2251,3.2,1.2484515412482202,2.484942487644093,0.7150575123559073,22.345547261122103
3784,14.0,2.844875663672396,16.199420023249914,2.199420023249914,15.710143023213671
3127,6.5,1.9226559076604368,5.8390983834463315,0.6609016165536685,10.167717177748745
254,11.7,2.25439207016457,8.529498282517517,3.170501717482482,27.098305277628054
6705,16.78,2.831548397830586,15.971719463483467,0.8082805365165342,4.816928107965043
4989,2.999999,1.5422274142459427,3.674991825794388,0.674992825794388,22.49976835973572
221,14.85,2.83511074436026,16.03228642561937,1.1822864256193686,7.961524751645579
267,2.9,1.278404217340883,2.5909048472907807,0.30909515270921917,10.658453541697213
107,8.1,1.9282433645611579,5.877418507228563,2.222581492771437,27.439277688536258
4800,5.5,1.6058795459058253,3.98223978477626,1.5177602152237402,27.595640276795276
1226,5.4,2.1482502686115494,7.569850334842828,2.1698503348428275,40.182413608200505
4938,4.9,1.9559290406101264,6.070484740777524,1.1704847407775238,23.88744368933722
3418,9.5,2.259093950215703,8.574410343208761,0.9255896567912387,9.743049018855144
4154,8.5,1.8330225971074914,5.252757691705066,3.2472423082949344,38.20285068582276
1758,6.99,2.2009630236767643,8.033708987425575,1.0437089874255747,14.931459047576176
2284,9.99,2.3255538846438584,9.23234605585022,0.75765394414978,7.584123565062863
2526,3.3,1.4788923695142884,3.388082614098214,0.08808261409821405,2.669170124188305
4004,15.0,1.9892438331012778,6.310004088773551,8.689995911226449,57.933306074842996
1210,15.5,3.000100738266129,19.087560407271006,3.587560407271006,23.14555101465165
6664,11.5,2.700847727904147,13.892351036777917,2.3923510367779173,20.80305249372102
2464,13.6,2.5326189265981265,11.586425936242858,2.013574063757142,14.805691645273104
4240,13.5,2.548671748774362,11.790104023841405,1.7098959761585952,12.665896119693299
4198,14.5,2.6009320047968316,12.476292152773844,2.023707847226156,13.956605842939004
376,4.5,1.554410195575725,3.732294573611184,0.7677054263888161,17.060120586418137
755,1.8,1.2899619136590152,2.632648198840093,0.8326481988400929,46.25823326889405
291,12.49,2.692836358400577,13.773519546902394,1.2835195469023937,10.27637747720091
5091,1.7,1.5532506758587261,3.726810564769056,2.0268105647690557,119.22415086876799
1465,1.35,1.2059462564325845,2.3399180021494286,0.9899180021494285,73.32725941847617
188,4.7,1.8713695282037817,5.497188391727423,0.7971883917274232,16.961455143136664
1870,33.0,2.848348424398148,16.259253326852992,16.740746673147008,50.72953537317275
1201,8.7,2.4436272236700813,10.51473159305468,1.814731593054681,20.858983828214726
1649,4.0,1.5191808682538466,3.5684814738440673,0.43151852615593267,10.787963153898318
6030,128.96,4.870249568724242,129.3534449802581,0.3934449802580957,0.305090710497903
3706,30.49,3.2959329839760887,26.002595309963475,4.487404690036524,14.717627714124381
4176,6.5,1.9587900527126665,6.090742448146589,0.4092575518534112,6.2962700285140185
501,10.0,2.3894231935000207,9.907200783940162,0.09279921605983787,0.9279921605983787
6193,26.99,3.1527999641098865,22.40149628469882,4.588503715301179,17.000754780663875
2605,5.5,1.9250714503448072,5.855638486133765,0.35563848613376514,6.466154293341185
6874,64.89,4.316748286652644,73.9445335040574,9.054533504057403,13.953665440063807
3312,23.5,2.8764890333851985,16.75183753008857,6.748162469911431,28.715584978346513
2812,6.5,1.9736372357563083,6.196805419001357,0.3031945809986434,4.664532015363744
4763,5.5,2.0571862622233814,6.8239243383023735,1.3239243383023735,24.0713516054977
6753,76.79,3.833905698657289,45.24279641587083,31.54720358412918,41.08243727585516
672,7.9,1.9226559076604368,5.8390983834463315,2.060901616553669,26.087362234856563
4766,13.8,2.752580097843674,14.683043515545386,0.8830435155453848,6.398866054676701
3753,7.35,2.01642146084743,6.511396952895262,0.8386030471047379,11.409565266731128
1374,12.8,2.593303264678125,12.37387617132699,0.4261238286730116,3.329092411507903
7043,23.99,3.4507236189025194,30.523194837234644,6.533194837234646,27.232992235242374
6988,15.58,2.841672682080649,16.144418728615765,0.5644187286157649,3.6227132773797495
5718,79.99,4.365860535793106,77.71710969468774,2.2728903053122593,2.841468065148468
1192,4.9,1.9272042701654304,5.8702759317483695,0.9702759317483691,19.801549627517737
3053,52.9,3.7068155699693075,39.72391735986261,13.176082640137388,24.90752862029752
3950,2.8,1.171710418558081,2.227508310240378,0.5724916897596217,20.44613177712935
216,13.0,2.5472215726211114,11.771569562353646,1.2284304376463542,9.449464904971954
4697,6.49,2.1907862464883525,7.942241157157662,1.4522411571576619,22.376597182706654
421,1.2,0.8877767356217725,1.4297217281288286,0.22972172812882863,19.143477344069055
505,3.9,1.8547171644186913,5.389890706561572,1.4898907065615723,38.20232580927109
4836,2.9,1.3795829436399478,2.973244215131627,0.07324421513162704,2.5256625907457604
6453,19.9,2.9212242779843662,17.56400105082336,2.3359989491766378,11.738688186817276
6845,49.5,3.49036442857119,31.797898019695154,17.702101980304846,35.76182218243403
6252,20.59,3.116703577830797,21.571850522478893,0.9818505224788936,4.768579516653198
506,16.3,2.750658061488386,14.65292908553238,1.647070914467621,10.104729536611172
1807,8.9,1.9584728445127029,6.088493563199436,2.8115064368005642,31.589959964051285
4436,20.89,3.1399970944175495,22.103799728629625,1.213799728629624,5.810434316082451
1438,5.99,1.2693906558742056,2.5586834387023236,3.4313165612976766,57.2840828263385
5520,76.49,4.281501848317154,71.34901570228506,5.140984297714937,6.721119489756748
7069,41.599,3.225370315947199,24.1628906503741,17.436109349625898,41.914731963811384
4704,3.8,1.3993874229328218,3.052716605045065,0.7472833949549349,19.665352498814077
1426,27.9,3.488518295335408,31.737404586746948,3.837404586746949,13.754138303752505
2859,7.5,2.014752665690854,6.498872423384851,1.0011275766151488,13.348367688201984
3016,5.0,1.7136950431904865,4.549429020021414,0.4505709799785862,9.011419599571724
2688,20.49,3.009393201177072,19.275093289049817,1.2149067109501814,5.9292665248910765
4664,12.0,1.793606095678747,5.011089995091855,6.988910004908145,58.24091670756787
2280,2.95,1.5977383445432094,3.941843029632241,0.9918430296322409,33.62179761465223
347,6.5,2.019464708849306,6.5342908148442564,0.034290814844256445,0.5275509976039453
4320,12.99,2.828131915405695,15.913834819454948,2.9238348194549477,22.50835118902962
333,11.5,2.045286716755694,6.731374934894006,4.768625065105994,41.46630491396516
4386,6.5,2.0719113488644836,6.93998470444192,0.43998470444191984,6.768995452952613
3381,7.75,1.8982770566707812,5.674384943004776,2.0756150569952236,26.782129767680306
5781,18.355,3.0917285502381224,21.01509931055837,2.660099310558369,14.492505097021896
6380,15.89,2.741587959681461,14.511597340714292,1.3784026592857082,8.67465487278608
5832,83.49,4.49868514034089,88.89884918517795,5.4088491851779565,6.478439555848553
6831,8.29,2.361465094140624,9.606479565646625,1.3164795656466257,15.880332516847115
3023,9.79,2.399303890402417,10.015505711890002,0.225505711890003,2.303429130643545
6726,5.65,1.7632180894853724,4.8311724674682,0.8188275325318006,14.492522699677886
746,14.5,2.7095404462164216,14.022370341218965,0.47762965878103536,3.293997646765761
3410,34.0,3.1945461492097724,23.399097629305366,10.600902370694634,31.1791246196901
5257,5.7,1.9060499612108774,5.726466450100449,0.02646645010044857,0.46432368597278184
3704,5.0,1.5156346369914726,3.5523092741481497,1.4476907258518503,28.953814517037006
3589,2.5,1.2853782897009036,2.616035607545557,0.11603560754555708,4.641424301822283
5019,7.8,1.9995748928376809,6.385915625826316,1.414084374173684,18.129286848380563
4038,24.2,3.009393201177072,19.275093289049817,4.924906710950182,20.350854177480095
3608,9.3,1.83967233027436,5.294475414046894,4.005524585953107,43.07015683820545
6968,28.59,3.3726923274216554,28.156921457918397,0.4330785420816028,1.514790283601269
259,4.8,1.87551980667218,5.524209566728929,0.7242095667289288,15.087699306852684
1795,11.49,2.3065232439631944,9.039459156751922,2.4505408432480777,21.327596546980658
4210,20.0,2.777141247995432,15.073006467911966,4.926993532088034,24.634967660440168
3653,8.3,1.6381732569534313,4.145760938314177,4.154239061685824,50.05107303235932
3265,4.59,1.9226559076604368,5.8390983834463315,1.2490983834463316,27.213472406238164
3246,5.0,1.95128444690489,6.037721357058737,1.0377213570587367,20.754427141174734
1730,25.0,2.7155117917194547,14.112342464774333,10.887657535225667,43.55063014090267
599,11.5,2.7291978134816324,14.320592116714282,2.8205921167142822,24.52688797142854
45,13.0,2.603668464578401,12.51321998697753,0.48678001302246976,3.7444616386343825
4651,23.5,2.5949371776132955,12.395745782251387,11.104254217748613,47.2521456074409
5070,6.0,1.9487100446979353,6.019626733078725,0.019626733078725422,0.327112217978757
4575,6.0,1.5422463651653882,3.6750804220273743,2.3249195779726257,38.7486596328771
3921,14.2,2.1545222633943277,7.623769304425224,6.576230695574775,46.31148377165335
3881,2.686686,1.5000303232864318,3.4818249719399246,0.7951389719399247,29.595530402135743
6979,5.85,2.5196567003884764,11.42433066347114,5.574330663471141,95.28770364907933
6997,28.9,3.2002708564964912,23.539175892262826,5.360824107737173,18.54956438663382
1421,1.9,1.2794337913905516,2.594603853610086,0.694603853610086,36.55809755842559
4251,17.2,2.98037312207907,18.695163974481474,1.4951639744814749,8.692813805124855
3529,2.3,1.106290529354763,2.0231233819019567,0.2768766180980431,12.038113830349701
6651,12.09,2.8100084131685374,15.610057961415905,3.5200579614159047,29.11545046663279
6497,96.79,4.56252651313845,94.8252780722717,1.9647219277283057,2.0298811114043867
7180,15.99,3.012059508130535,19.329225045137928,3.339225045137928,20.883208537447953
3044,13.2,2.794908869921568,15.361137693456811,2.161137693456812,16.3722552534607
1298,4.1,1.9226559076604368,5.8390983834463315,1.7390983834463318,42.41703374259346
426,6.5,1.835402852594823,5.26765857943637,1.23234142056363,18.959098777902
4603,8.2,1.9143192371198299,5.782320073302526,2.417679926697473,29.48390154509114
805,19.9,2.916542071523965,17.477283737779644,2.422716262220355,12.174453578996761
410,7.7,2.424600034033077,10.2977098160655,2.5977098160655006,33.73649111773378
6097,12.38,2.774112425903069,15.02439784143247,2.64439784143247,21.360241045496526
3858,15.0,2.039320873986203,6.685388079209857,8.314611920790142,55.43074613860095
438,8.8,2.4301856090574394,10.360990587070843,1.560990587070842,17.738529398532293
2389,2.0,1.2176058477190652,2.3790879902614046,0.3790879902614046,18.95439951307023
4161,9.2,2.4400935715810315,10.474114343584853,1.2741143435848539,13.849068952009283
434,5.8,2.0603639058352536,6.848825524089586,1.0488255240895858,18.083198691199755
751,10.5,2.1393118564363935,7.493590807544493,3.006409192455507,28.63246849957626
3411,8.5,1.9361667315161046,5.932127270350465,2.567872729649535,30.210267407641588
2874,6.99,1.9360569459689838,5.931366264739851,1.0586337352601491,15.14497475336408
4383,14.6,2.770484624733167,14.966369832876932,0.3663698328769325,2.509382416965291
2142,9.0,2.1794055680857642,7.841049294566023,1.158950705433977,12.87723006037752
6044,24.0,3.5033498144366764,32.226568583872535,8.226568583872535,34.2773690994689
4937,7.5,1.9575610682489968,6.082033388587561,1.4179666114124387,18.906221485499184
4856,5.9,2.210854322471932,8.12350748197995,2.223507481979949,37.68656749118557
1049,6.0,2.197408048331758,8.001651390446339,2.001651390446339,33.36085650743898
626,6.5,1.951207378335725,6.037178990843529,0.46282100915647106,7.120323217791863
1926,10.2,2.4225478857718676,10.274549013339447,0.07454901333944797,0.7308726797985096
1223,7.6,1.9360569459689838,5.931366264739851,1.6686337352601486,21.955707042896695
210,7.89,2.4459391652692983,10.541383777303729,2.651383777303729,33.60435712678998
2431,3.89,1.3349746892420091,2.7998997668586973,1.0901002331413028,28.023142240136316
6216,14.59,2.77965510290896,15.113462503192984,0.5234625031929845,3.587817019828544
4927,16.0,2.7866736783518067,15.226953863368433,0.7730461366315673,4.831538353947296
51,18.8,2.7061517192789935,13.971549787302687,4.828450212697314,25.683245812219756
1109,12.5,2.580244519357227,12.200365509957123,0.2996344900428767,2.3970759203430134
1436,7.2,2.189307606345269,7.929028571150894,0.7290285711508941,10.125396821540196
7277,10.49,2.5829328233169275,12.235899846976004,1.7458998469760036,16.643468512640645
3882,2.8,1.6360357692906977,4.134773684536115,1.3347736845361151,47.670488733432684
1786,10.8,1.9060499612108774,5.726466450100449,5.073533549899552,46.97716249906993
5456,22.0,3.1852083799324022,23.17232490850427,1.1723249085042688,5.328749584110313
4338,6.0,1.6677687201403892,4.300328077940098,1.6996719220599017,28.327865367665026
6336,19.592,3.2040906652821968,23.633090104905992,4.041090104905994,20.62622552524497
1558,2.8,1.3796461477630124,2.9734953484842137,0.17349534848421388,6.196262445864782
2249,26.49,2.8434485627519743,16.17489222109134,10.315107778908658,38.93962921445322
5044,36.0,3.0954115035579934,21.096329385119848,14.903670614880152,41.399085041333755
3786,8.5,2.5737508909024425,12.114924950723717,3.614924950723717,42.528528832043726
4233,12.8,2.8562786024535143,16.396666413828772,3.596666413828771,28.098956358037274
4561,13.0,2.1735217454244657,7.789182864447284,5.210817135552716,40.08320873502089
3733,3.5,1.6204801129535331,4.055516953163441,0.5555169531634414,15.871912947526898
5661,63.05,4.441633461595501,83.91353144503202,20.863531445032024,33.09045431408727
5664,70.99,4.281501848317154,71.34901570228506,0.3590157022850633,0.5057271478871156
6291,8.89,2.3499248727017057,9.484782001793198,0.5947820017931971,6.690461212521901
6970,20.49,3.257898744887016,24.994857887057965,4.504857887057966,21.9856412252707
4693,29.5,2.5786782220114937,12.179705996190599,17.3202940038094,58.712861029862374
3164,1.0,0.9437241850269831,1.569533037756072,0.5695330377560719,56.95330377560719
2112,5.4,1.751565787219803,4.7636202172639415,0.6363797827360589,11.784810791408496
705,7.2,2.1018252276714304,7.181088642759498,0.01891135724050219,0.2626577394514193
2943,26.5,2.8764890333851985,16.75183753008857,9.748162469911431,36.785518754382764
6952,20.99,2.728166750194159,14.304803757437902,6.685196242562096,31.8494342189714
57,3.8,1.8227941924477407,5.189127926036696,1.3891279260366964,36.55599805359728
4881,9.8,2.3938382206385467,9.955462832137387,0.15546283213738654,1.586355429973332
5640,17.2,3.146418677448741,22.252640080789178,5.052640080789178,29.375814423192896
527,4.5,2.1734735403971728,7.788759191859075,3.288759191859075,73.08353759686833
1935,3.8,1.5409940564878106,3.669229442627297,0.1307705573727027,3.441330457176387
5058,1.95,1.4820450331186517,3.401938592591626,1.451938592591626,74.45838936367312
565,4.0,1.9271958631350776,5.8702181733728676,1.8702181733728676,46.75545433432169
1871,4.9,1.8414734904047847,5.305822988536191,0.40582298853619037,8.282101806861027
6095,18.85,3.119887687612236,21.64383631702965,2.7938363170296476,14.821412822438448
640,5.5,1.558949961531708,3.7538269223411502,1.7461730776588498,31.748601411979088
5282,5.0,1.541778176325669,3.672892113859696,1.327107886140304,26.54215772280608
1747,41.0,3.30596620152358,26.274881894171955,14.725118105828045,35.914922209336694
730,6.5,2.1625620645962216,7.69338215702021,1.1933821570202099,18.359725492618615
