sample_id,y_true_price,raw_prediction,y_pred_price,absolute_error,absolute_percentage_error
3909,5.5,3.8991027412458177,3.8991027412458177,1.6008972587541823,29.107222886439676
6004,37.499,27.19688750344569,27.19688750344569,10.302112496554312,27.473032605014296
1768,27.49,19.967943306336462,19.967943306336462,7.5220566936635365,27.36288357098413
3360,7.8,7.986214134580775,7.986214134580775,0.18621413458077551,2.3873606997535326
4700,12.99,11.006866954236123,11.006866954236123,1.9831330457638767,15.266613131361636
865,3.5,3.3065889618937896,3.3065889618937896,0.1934110381062104,5.52602966017744
7074,52.5,31.353024844132033,31.353024844132033,21.146975155867967,40.279952677843745
2233,26.0,28.797167488919687,28.797167488919687,2.797167488919687,10.75833649584495
1720,22.0,10.950270328018409,10.950270328018409,11.049729671981591,50.22604396355269
1662,4.7,8.263957617613446,8.263957617613446,3.563957617613446,75.82888548113715
1566,11.49,14.94033593089692,14.94033593089692,3.4503359308969195,30.02903334113942
5141,3.2,5.544050061565423,5.544050061565423,2.344050061565423,73.25156442391946
7264,63.86,52.69488378817339,52.69488378817339,11.165116211826607,17.48373976170781
5464,127.0,104.1774262371932,104.1774262371932,22.822573762806798,17.970530521895117
6348,31.79,27.94963038761224,27.94963038761224,3.840369612387761,12.080432879483363
6283,17.99,35.461580723324126,35.461580723324126,17.471580723324127,97.11829195844429
6419,30.9,30.588548060125504,30.588548060125504,0.3114519398744946,1.0079350804999827
763,7.9,11.783846896390472,11.783846896390472,3.8838468963904713,49.16261894165153
3297,4.8,5.707068988291105,5.707068988291105,0.9070689882911056,18.897270589398037
2654,3.59,2.821702119927882,2.821702119927882,0.7682978800721179,21.401055155212198
2189,3.1399,4.934474876723411,4.934474876723411,1.794574876723411,57.153886325150836
3945,1.9,2.2905517571555043,2.2905517571555043,0.3905517571555044,20.55535563976339
6006,20.04,24.946065332955214,24.946065332955214,4.906065332955215,24.481363936902273
1197,19.8,11.417229267643448,11.417229267643448,8.382770732356553,42.33722592099269
429,7.5,6.99090125880438,6.99090125880438,0.5090987411956203,6.787983215941604
4271,5.7,5.809350141664345,5.809350141664345,0.1093501416643452,1.9184235379709684
3905,5.1,6.936698046727302,6.936698046727302,1.8366980467273022,36.01368719073142
2316,2.7,6.285014862941654,6.285014862941654,3.5850148629416534,132.77832825709825
4584,13.5,9.490070602107757,9.490070602107757,4.009929397892243,29.703180725127726
7086,51.49,55.49634569785912,55.49634569785912,4.006345697859118,7.780822874070921
1992,16.5,15.088405381928467,15.088405381928467,1.4115946180715326,8.55511889740323
7240,13.1,14.77770040693956,14.77770040693956,1.677700406939561,12.806873335416496
554,7.2,8.601514536322854,8.601514536322854,1.4015145363228543,19.465479671150753
1905,11.999,12.50052820074237,12.50052820074237,0.5015282007423689,4.179749985351854
2034,14.5,12.662563458219488,12.662563458219488,1.8374365417805123,12.67197615021043
1215,6.2,6.4105112443415475,6.4105112443415475,0.21051124434154733,3.395342650670118
1615,7.0,7.821549918684204,7.821549918684204,0.8215499186842043,11.736427409774349
1002,3.2,2.217165580105836,2.217165580105836,0.9828344198941643,30.713575621692634
2388,9.95,7.674629244192423,7.674629244192423,2.275370755807576,22.86804779706107
6001,38.9,32.23255851857486,32.23255851857486,6.667441481425136,17.139952394409093
1533,4.95,4.486159803141719,4.486159803141719,0.46384019685828104,9.37050902744002
5326,26.5,27.652938935513305,27.652938935513305,1.1529389355133048,4.350712964201151
2764,22.5,19.861501588470333,19.861501588470333,2.6384984115296675,11.726659606798522
6702,12.99,14.107385970670176,14.107385970670176,1.1173859706701759,8.601893538646465
496,10.89,13.420832433580522,13.420832433580522,2.530832433580521,23.23996725050983
2691,29.5,31.83662000574795,31.83662000574795,2.3366200057479496,7.920745782196439
7213,26.25,32.27050596172983,32.27050596172983,6.020505961729832,22.935260806589834
5400,13.99,13.868966755541306,13.868966755541306,0.1210332444586939,0.8651411326568542
5931,44.99,38.88818068458958,38.88818068458958,6.101819315410424,13.562612392554843
828,4.8,3.521923796946772,3.521923796946772,1.278076203053228,26.626587563608915
3552,1.55,3.7242665301979803,3.7242665301979803,2.17426653019798,140.27526001277292
61,6.9,9.482186437930924,9.482186437930924,2.5821864379309236,37.422991854071356
1429,10.0,14.720608820693732,14.720608820693732,4.720608820693732,47.206088206937316
2970,3.2,3.392241584862796,3.392241584862796,0.19224158486279563,6.0075495269623636
3955,29.9,33.69971666453363,33.69971666453363,3.7997166645336335,12.708082490079043
4121,14.5,13.103146155523865,13.103146155523865,1.3968538444761354,9.633474789490588
3550,16.4,16.43363000754477,16.43363000754477,0.03363000754477241,0.20506102161446596
5189,4.6,3.024925423330024,3.024925423330024,1.5750745766699756,34.2407516667386
465,5.95,6.8156006968368965,6.8156006968368965,0.8656006968368963,14.547910871208341
5636,7.5,15.408073477073376,15.408073477073376,7.908073477073376,105.44097969431168
6951,12.9,16.226198921461254,16.226198921461254,3.3261989214612537,25.784487763265535
4230,8.2,7.4687020750609046,7.4687020750609046,0.7312979249390947,8.918267377306034
6145,42.45,61.22184707394681,61.22184707394681,18.77184707394681,44.22107673485703
1902,8.9,7.862674717424374,7.862674717424374,1.037325282575626,11.65534025365872
185,4.7,4.486159803141719,4.486159803141719,0.21384019685828104,4.549791422516618
2662,4.8,4.852392955321037,4.852392955321037,0.052392955321037604,1.091519902521617
932,2.0,4.167685742967137,4.167685742967137,2.1676857429671372,108.38428714835686
6485,20.95,25.738125402533907,25.738125402533907,4.7881254025339075,22.855013854577123
5510,12.99,29.79241942145393,29.79241942145393,16.802419421453926,129.34887930295557
1487,18.99,9.482186437930924,9.482186437930924,9.507813562069074,50.06747531368655
1084,17.0,13.24010754147651,13.24010754147651,3.75989245852349,22.117014461902883
7123,11.999,13.660282371052473,13.660282371052473,1.6612823710524722,13.84517352323087
5735,99.69,75.56810120077587,75.56810120077587,24.121898799224127,24.196909217799305
2939,12.5,11.531083088362502,11.531083088362502,0.968916911637498,7.751335293099984
1940,7.5,8.135928044326603,8.135928044326603,0.6359280443266027,8.479040591021368
5481,17.86,19.30963706647362,19.30963706647362,1.4496370664736205,8.116668905227439
3268,2.2,2.7820675684933205,2.7820675684933205,0.5820675684933203,26.457616749696378
1703,22.5,22.145655749830233,22.145655749830233,0.3543442501697669,1.5748633340878528
6381,19.8,19.204773323389364,19.204773323389364,0.5952266766106362,3.0061953364173544
3244,1.5,2.9749785424865713,2.9749785424865713,1.4749785424865713,98.33190283243809
4438,1.5,2.102978505678895,2.102978505678895,0.602978505678895,40.198567045259665
5549,17.5,15.626492491957809,15.626492491957809,1.8735075080421915,10.705757188812523
4063,8.0,8.710080006220675,8.710080006220675,0.7100800062206751,8.87600007775844
5269,5.299999,5.9737979982249145,5.9737979982249145,0.6737989982249148,12.713191044468402
7091,24.299,32.376828411358,32.376828411358,8.077828411357999,33.24346027144326
2718,22.0,16.394149837473417,16.394149837473417,5.605850162526583,25.481137102393557
1740,7.8,8.97458511415471,8.97458511415471,1.1745851141547101,15.058783514803975
5023,17.5,15.210470747116334,15.210470747116334,2.289529252883666,13.083024302192378
3994,7.0,7.894487816325527,7.894487816325527,0.894487816325527,12.778397376078956
101,12.6,11.117231090642806,11.117231090642806,1.482768909357194,11.768007217120587
4505,15.0,17.436722491988526,17.436722491988526,2.436722491988526,16.24481661325684
736,8.2,10.640079060844167,10.640079060844167,2.440079060844168,29.757061717611805
7111,48.49,52.554450009413806,52.554450009413806,4.064450009413804,8.382037552925972
538,25.5,19.959697510359373,19.959697510359373,5.540302489640627,21.72667642996324
4520,9.0,7.231154659052862,7.231154659052862,1.7688453409471379,19.653837121634865
5153,8.5,9.986347654944895,9.986347654944895,1.486347654944895,17.486442999351706
733,10.8,14.699095089350168,14.699095089350168,3.8990950893501672,36.10273230879784
5218,4.4,7.524450849778411,7.524450849778411,3.1244508497784107,71.01024658587296
79,3.7,3.1190057923751557,3.1190057923751557,0.5809942076248444,15.702546152022823
5808,17.79,16.321386194126205,16.321386194126205,1.4686138058737939,8.255277154996032
3113,5.5,5.809350141664345,5.809350141664345,0.3093501416643454,5.624548030260825
5278,5.3,3.936213984292322,3.936213984292322,1.363786015707678,25.731811617126
3082,5.9,6.08426707000212,6.08426707000212,0.18426707000211984,3.123170678002031
4939,11.5,10.288603464475974,10.288603464475974,1.2113965355240257,10.533882917600224
132,8.9,6.758972200824218,6.758972200824218,2.1410277991757827,24.056492125570593
737,12.2,8.800248931132371,8.800248931132371,3.3997510688676282,27.86681203989859
1041,9.0,8.417090342316655,8.417090342316655,0.582909657683345,6.476773974259389
2095,13.5,15.957134866810406,15.957134866810406,2.4571348668104065,18.200999013410417
7199,21.99,24.04094332762716,24.04094332762716,2.050943327627163,9.326709084252673
6848,42.499,37.025866579214885,37.025866579214885,5.473133420785118,12.87826400805929
1634,9.3,15.088405381928467,15.088405381928467,5.788405381928467,62.240918085252325
6425,20.34,19.868799982192158,19.868799982192158,0.47120001780784193,2.3166175900090558
5527,23.9,27.519727117488053,27.519727117488053,3.619727117488054,15.145301746811942
6243,47.499,31.54175238372103,31.54175238372103,15.957247616278973,33.594912769277194
6607,41.0,46.658251558293884,46.658251558293884,5.658251558293884,13.800613556814351
3308,17.2,17.177676821335023,17.177676821335023,0.02232317866497624,0.1297859224707921
4726,5.0,8.408553049481387,8.408553049481387,3.4085530494813874,68.17106098962775
5241,1.8,4.175932881581433,4.175932881581433,2.3759328815814333,131.99627119896851
5112,14.499,8.733418124359485,8.733418124359485,5.765581875640516,39.765376064835614
2647,7.5,7.490244648751413,7.490244648751413,0.009755351248586841,0.13007134998115788
3139,6.2,6.208531419103234,6.208531419103234,0.008531419103233517,0.13760353392312125
5239,6.6,6.749338712439177,6.749338712439177,0.14933871243917718,2.2627077642299573
319,9.0,8.18417925750409,8.18417925750409,0.8158207424959105,9.064674916621227
5857,4.845,11.45839421754656,11.45839421754656,6.613394217546561,136.49936465524377
6898,38.8,41.206310748838526,41.206310748838526,2.4063107488385285,6.201831826903424
842,7.5,5.911601508897553,5.911601508897553,1.5883984911024474,21.17864654803263
1894,5.5,4.0720797600831,4.0720797600831,1.4279202399169,25.962186180307274
177,7.5,11.166290511237174,11.166290511237174,3.6662905112371735,48.88387348316232
5163,3.8,1.9956900177586632,1.9956900177586632,1.8043099822413367,47.48184163792992
4671,7.3,6.201756231084817,6.201756231084817,1.0982437689151832,15.044435190618948
3832,22.9,15.24350575760672,15.24350575760672,7.656494242393279,33.43447267420646
3961,3.95,4.68741960835618,4.68741960835618,0.7374196083561797,18.668850844460245
1509,4.0,1.8597479432635107,1.8597479432635107,2.1402520567364895,53.506301418412235
6654,19.49,18.971615090073296,18.971615090073296,0.5183849099267022,2.6597481268686622
2177,11.4,8.323504572854613,8.323504572854613,3.076495427145387,26.986801992503395
3671,1.4,2.316675999736101,2.316675999736101,0.9166759997361011,65.47685712400722
1755,6.9,4.911321274583123,4.911321274583123,1.988678725416877,28.821430803143144
2245,4.0,5.699360097106322,5.699360097106322,1.6993600971063216,42.48400242765804
3193,4.799,5.707068988291105,5.707068988291105,0.908068988291105,18.92204601565128
1038,13.5,11.343699440094815,11.343699440094815,2.156300559905185,15.972596740038409
6559,8.1,6.464390060705347,6.464390060705347,1.6356099392946524,20.19271529993398
3450,7.29,6.353251355108784,6.353251355108784,0.9367486448912157,12.849775650085263
5444,41.29,39.98206159795976,39.98206159795976,1.3079384020402358,3.167688065004204
3433,17.49,14.356195082217965,14.356195082217965,3.133804917782033,17.91769535610082
3002,15.9,15.677205495286543,15.677205495286543,0.2227945047134572,1.4012233000846364
2516,1.5,1.236709958616373,1.236709958616373,0.263290041383627,17.552669425575132
3698,5.35,4.515815237168221,4.515815237168221,0.8341847628317787,15.592238557603341
2045,4.99,5.467946097294457,5.467946097294457,0.47794609729445714,9.578078102093329
4239,9.49,6.291424611189657,6.291424611189657,3.198575388810343,33.70469324352311
4710,4.99,6.0649112748411,6.0649112748411,1.0749112748410994,21.541308113048082
1728,31.5,30.059577712865508,30.059577712865508,1.440422287134492,4.572769165506324
3319,9.19,11.078121365781948,11.078121365781948,1.8881213657819487,20.54539026966212
5372,2.899,4.986308451481008,4.986308451481008,2.0873084514810083,72.00098142397408
2771,27.5,21.28393409372032,21.28393409372032,6.216065906279681,22.603876022835205
4552,1.5,2.6120366612726706,2.6120366612726706,1.1120366612726706,74.13577741817804
3379,5.0,11.189329575295565,11.189329575295565,6.189329575295565,123.78659150591129
3857,6.7,6.780966492975051,6.780966492975051,0.0809664929750511,1.2084551190306132
5435,23.49,29.32822123703644,29.32822123703644,5.838221237036443,24.854070826038498
4104,3.2,3.558335212967714,3.558335212967714,0.358335212967714,11.197975405241062
6784,28.799,17.434030280435678,17.434030280435678,11.364969719564321,39.46307066066295
2412,21.49,14.787040863481993,14.787040863481993,6.702959136518006,31.191061593848328
6248,27.89,30.342854125406326,30.342854125406326,2.4528541254063256,8.794744085357927
3045,11.5,12.48826639312414,12.48826639312414,0.9882663931241407,8.593620809775135
1918,14.9,12.326329063181637,12.326329063181637,2.5736709368183632,17.272959307505793
3824,4.0,6.619814277207302,6.619814277207302,2.6198142772073023,65.49535693018255
1550,13.5,12.505600230751138,12.505600230751138,0.9943997692488615,7.365924216658233
1934,7.9,8.049924181601089,8.049924181601089,0.14992418160108834,1.8977744506466876
7148,19.199,14.67725942024585,14.67725942024585,4.521740579754152,23.551958850743013
3370,8.99,8.597243872566091,8.597243872566091,0.3927561274339091,4.368811206161391
2481,10.7,12.040562392381608,12.040562392381608,1.3405623923816083,12.528620489547743
6017,21.999,14.511566057572974,14.511566057572974,7.487433942427025,34.03533770820049
5643,21.1,19.614419766056493,19.614419766056493,1.4855802339435087,7.040664615846012
3889,2.9,6.196135461356003,6.196135461356003,3.296135461356003,113.6598434950346
3664,26.0,23.7900397649053,23.7900397649053,2.2099602350947016,8.499847058056545
1600,14.8,15.088405381928467,15.088405381928467,0.28840538192846665,1.94868501303018
2275,23.49,17.26801576606996,17.26801576606996,6.221984233930037,26.487800059301993
4024,8.2,7.112057201821523,7.112057201821523,1.0879427981784762,13.267595099737514
2312,8.0,8.0792090685809,8.0792090685809,0.07920906858089971,0.9901133572612464
3935,6.9,5.987233681790348,5.987233681790348,0.9127663182096519,13.228497365357272
4352,1.0,5.418626725753007,5.418626725753007,4.418626725753007,441.8626725753007
1672,1.3,5.367846362867115,5.367846362867115,4.067846362867115,312.91125868208576
3792,15.9,14.939627733402439,14.939627733402439,0.9603722665975614,6.040077148412335
1034,4.6,5.699360097106322,5.699360097106322,1.099360097106322,23.899132545789612
3439,10.5,8.113966262415577,8.113966262415577,2.386033737584423,22.724130834137362
3221,8.9,11.622571143968408,11.622571143968408,2.7225711439684073,30.59068701088098
2955,5.5,5.057079233964116,5.057079233964116,0.4429207660358836,8.053104837016066
4490,2.0,1.6251881435060382,1.6251881435060382,0.37481185649396176,18.740592824698087
7244,46.49,38.513273001211786,38.513273001211786,7.976726998788216,17.1579414901876
6285,16.09,17.96780070074663,17.96780070074663,1.8778007007466293,11.670607214087193
2268,16.49,19.640947726152376,19.640947726152376,3.1509477261523777,19.10823363342861
1699,2.6,2.6134530042461925,2.6134530042461925,0.013453004246192446,0.517423240238171
3519,10.5,10.154395982298539,10.154395982298539,0.34560401770146143,3.291466835252014
87,8.5,10.50106057286453,10.50106057286453,2.00106057286453,23.54188909252388
7113,22.59,22.560324587804594,22.560324587804594,0.029675412195405926,0.13136525982915417
676,5.3,5.861720624570213,5.861720624570213,0.5617206245702135,10.598502350381388
4407,24.99,17.107978969539417,17.107978969539417,7.882021030460582,31.54070040200313
3317,4.9,5.707068988291105,5.707068988291105,0.8070689882911051,16.47079567941031
6902,67.0,67.88536052721038,67.88536052721038,0.8853605272103806,1.3214336227020607
2569,4.1,4.177810759681234,4.177810759681234,0.07781075968123474,1.8978234068593842
393,2.999,3.446798410015507,3.446798410015507,0.447798410015507,14.93159086413828
1149,5.6,5.013806043571459,5.013806043571459,0.5861939564285406,10.467749221938224
1168,5.9,6.439384495774476,6.439384495774476,0.5393844957744758,9.14211009787247
2208,3.4,3.06552543595128,3.06552543595128,0.3344745640487199,9.837487177903528
230,18.5,28.694184783488232,28.694184783488232,10.194184783488232,55.103701532368824
2802,4.999999,5.707068988291105,5.707068988291105,0.7070699882911056,14.141402594102631
1543,4.4,4.9948870117461865,4.9948870117461865,0.5948870117461862,13.520159357867866
2345,28.5,26.14440859360157,26.14440859360157,2.3555914063984282,8.265233004906767
3599,6.0,6.416935583454898,6.416935583454898,0.41693558345489823,6.948926390914971
2892,2.2,2.841071452768142,2.841071452768142,0.6410714527681418,29.139611489460986
4691,25.9,28.058532362980966,28.058532362980966,2.158532362980967,8.334101787571303
2942,16.0,18.772214558780494,18.772214558780494,2.772214558780494,17.326340992378086
5121,24.49,17.179168000162395,17.179168000162395,7.310831999837603,29.852315230043295
7189,54.99,50.45776869091369,50.45776869091369,4.532231309086313,8.241919092719245
970,3.2,2.3813775919016287,2.3813775919016287,0.8186224080983715,25.58195025307411
3718,5.6,5.412445124262191,5.412445124262191,0.18755487573780893,3.3491942096037315
5329,7.0,6.896713419797674,6.896713419797674,0.10328658020232595,1.4755225743189422
169,10.5,13.125513211078333,13.125513211078333,2.6255132110783332,25.00488772455555
1056,9.0,5.490914552823654,5.490914552823654,3.5090854471763464,38.98983830195941
5968,24.1145,22.870287273614828,22.870287273614828,1.2442127263851717,5.1596040821297215
251,3.7,4.455647251520219,4.455647251520219,0.7556472515202186,20.42289868973564
5889,51.0,33.042948376922695,33.042948376922695,17.957051623077305,35.209905143288836
2705,10.5,6.739289084473475,6.739289084473475,3.7607109155265253,35.81629443358595
1729,4.3,4.872972966918075,4.872972966918075,0.5729729669180754,13.32495271902501
2533,8.6,5.816342004553543,5.816342004553543,2.7836579954464566,32.36811622612159
95,7.5,1.9855019953769173,1.9855019953769173,5.514498004623083,73.5266400616411
5646,17.5,24.251648984182438,24.251648984182438,6.751648984182438,38.58085133818536
5174,23.49,11.405728229544966,11.405728229544966,12.084271770455032,51.44432426758209
3692,2.8,5.005147763546992,5.005147763546992,2.205147763546992,78.75527726953544
1172,6.69,6.936698046727302,6.936698046727302,0.24669804672730145,3.6875642261181083
1383,11.9,15.694740184407463,15.694740184407463,3.7947401844074626,31.88857297821397
5263,7.2,9.148507968952194,9.148507968952194,1.9485079689521934,27.062610679891574
711,13.7,15.088405381928467,15.088405381928467,1.388405381928468,10.13434585349247
2354,7.9,8.397955830526865,8.397955830526865,0.4979558305268643,6.303238361099547
2215,7.0,8.800248931132371,8.800248931132371,1.800248931132371,25.717841873319585
3779,7.49,9.05909661796391,9.05909661796391,1.5690966179639094,20.949220533563544
5242,5.5,12.809412264142155,12.809412264142155,7.309412264142155,132.89840480258462
69,5.5,5.889040418851425,5.889040418851425,0.38904041885142515,7.073462160935002
263,6.5,10.435730614560828,10.435730614560828,3.9357306145608284,60.549701762474285
408,16.0,9.766618555206666,9.766618555206666,6.233381444793334,38.95863402995834
7137,54.99,50.328326122081606,50.328326122081606,4.661673877918396,8.477312016581918
6024,24.39,18.61921583239438,18.61921583239438,5.770784167605619,23.660451691699954
3217,1.79,4.792514772341615,4.792514772341615,3.0025147723416152,167.73825543807905
5196,11.6,13.417641450137166,13.417641450137166,1.8176414501371667,15.669322846010058
37,13.8,14.787040863481993,14.787040863481993,0.987040863481992,7.152470025231826
3504,6.99,6.710184710378744,6.710184710378744,0.279815289621256,4.003079965969328
1862,31.0,22.04791170592288,22.04791170592288,8.952088294077122,28.877704174442325
4602,13.3,12.505600230751138,12.505600230751138,0.7943997692488622,5.9729305958561065
6222,20.66,23.88505068521143,23.88505068521143,3.2250506852114285,15.610119483114367
6474,9.29,10.780522151304497,10.780522151304497,1.4905221513044982,16.04437191931645
2333,28.5,32.98094600420698,32.98094600420698,4.480946004206977,15.722617558620975
1575,6.8,9.490070602107757,9.490070602107757,2.690070602107757,39.55986179570231
6763,35.89,50.095561949495966,50.095561949495966,14.205561949495966,39.58083574671487
5733,20.0,28.079185457827958,28.079185457827958,8.079185457827958,40.39592728913979
3295,11.0,11.823921499334618,11.823921499334618,0.8239214993346184,7.490195448496531
3985,19.5,15.172892459883913,15.172892459883913,4.327107540116087,22.190295077518392
5958,89.09,110.19860571864523,110.19860571864523,21.108605718645222,23.69357472067036
3641,13.8,10.188013243280842,10.188013243280842,3.6119867567191584,26.17381707767506
1163,5.39,5.707068988291105,5.707068988291105,0.31706898829110575,5.882541526736656
3781,8.5,10.966096587566634,10.966096587566634,2.466096587566634,29.012901030195692
1554,23.99,21.146531986314795,21.146531986314795,2.8434680136852037,11.852722024531905
19,10.0,5.257752490087542,5.257752490087542,4.742247509912458,47.422475099124576
3257,7.1,13.878050836796191,13.878050836796191,6.778050836796192,95.46550474360835
3279,6.699999,8.18417925750409,8.18417925750409,1.4841802575040894,22.151947448112892
982,1.7,2.3949123854412644,2.3949123854412644,0.6949123854412644,40.87719914360379
6602,12.15,14.952803772948835,14.952803772948835,2.8028037729488346,23.068343810278474
239,4.8,5.111269050191206,5.111269050191206,0.3112690501912061,6.484771878983461
7053,20.99,23.287329590619027,23.287329590619027,2.2973295906190287,10.944876563215955
2509,22.05,18.112342765605884,18.112342765605884,3.9376572343941163,17.857855938295312
3800,7.3,4.517431646227682,4.517431646227682,2.7825683537723176,38.117374709209834
6775,25.99,43.16992296519054,43.16992296519054,17.17992296519054,66.10205065483086
1322,2.5,2.469806826595957,2.469806826595957,0.030193173404042817,1.2077269361617127
3842,10.9,14.552966230090187,14.552966230090187,3.652966230090186,33.51345165220354
3166,10.9,8.176546304162517,8.176546304162517,2.723453695837483,24.98581372327966
4381,12.0,13.392977135894558,13.392977135894558,1.392977135894558,11.608142799121318
5635,15.999,25.475079893707235,25.475079893707235,9.476079893707235,59.22920116074276
5514,28.49,35.92948046771578,35.92948046771578,7.439480467715779,26.112602554284937
1965,4.5,5.136742708093389,5.136742708093389,0.6367427080933892,14.14983795763087
2486,4.686,9.23873910050575,9.23873910050575,4.55273910050575,97.15619079184273
4706,3.0,4.742686542984107,4.742686542984107,1.7426865429841074,58.089551432803574
2676,6.2,6.0658481442298715,6.0658481442298715,0.13415185577012867,2.163739609195624
1726,6.799999,9.07122808994819,9.07122808994819,2.271229089948191,33.40043270518409
332,4.0,3.1335320024022564,3.1335320024022564,0.8664679975977436,21.661699939943592
4728,4.99,5.707068988291105,5.707068988291105,0.7170689882911052,14.370120005833773
3544,4.75,9.014647078318703,9.014647078318703,4.264647078318703,89.78204375407796
6459,13.19,11.857126931426736,11.857126931426736,1.3328730685732637,10.105178685165003
1562,25.0,26.718201729540798,26.718201729540798,1.718201729540798,6.872806918163192
3989,4.5,5.175513967046059,5.175513967046059,0.6755139670460588,15.011421489912419
1320,29.5,36.486966278979956,36.486966278979956,6.986966278979956,23.684631454169345
6674,35.99,41.417785249904426,41.417785249904426,5.427785249904424,15.081370519323212
2036,10.799,12.67706035427388,12.67706035427388,1.878060354273881,17.391058007907038
3774,5.5,4.756457012400914,4.756457012400914,0.7435429875990858,13.518963410892468
3121,8.2,8.469013798736363,8.469013798736363,0.26901379873636344,3.280656082150774
2650,3.6,5.477933084438532,5.477933084438532,1.8779330844385318,52.16480790107033
4595,3.95,4.368391035625473,4.368391035625473,0.418391035625473,10.59217811710058
2471,3.55,2.689048942479146,2.689048942479146,0.8609510575208539,24.252142465376167
4397,10.8,6.844181492191202,6.844181492191202,3.9558185078087984,36.62794914637776
6418,5.8,6.736655917318922,6.736655917318922,0.9366559173189222,16.149239953774522
1888,13.8,22.677249531391077,22.677249531391077,8.877249531391076,64.3278951550078
5537,25.99,15.591523037113745,15.591523037113745,10.398476962886253,40.009530445887854
7214,57.99,59.99178322574888,59.99178322574888,2.0017832257488806,3.4519455522484574
2519,29.5,31.47392672482994,31.47392672482994,1.9739267248299406,6.691277033321833
1142,13.89,13.497892126229074,13.497892126229074,0.39210787377092693,2.8229508550822673
308,11.3,7.163269262176552,7.163269262176552,4.136730737823449,36.60823661790662
5255,1.99,1.7518958558061863,1.7518958558061863,0.23810414419381365,11.965032371548425
381,4.5,7.319412872822372,7.319412872822372,2.8194128728223724,62.65361939605272
4118,7.5,7.133988470966587,7.133988470966587,0.36601152903341294,4.880153720445506
3617,7.2,6.291424611189657,6.291424611189657,0.9085753888103429,12.619102622365874
1400,9.8,6.500031391618177,6.500031391618177,3.299968608381824,33.67314906512065
7075,23.5,18.74401288196995,18.74401288196995,4.755987118030049,20.23824305544702
6806,14.4,16.264156694482264,16.264156694482264,1.8641566944822632,12.945532600571271
2465,4.3,3.3430813856934707,3.3430813856934707,0.9569186143065291,22.253921262942537
994,10.5,11.67622470406218,11.67622470406218,1.1762247040621805,11.202140038687434
683,4.7,6.540509118647014,6.540509118647014,1.840509118647014,39.15976848185136
3428,7.9,8.268532318080927,8.268532318080927,0.368532318080927,4.664966051657304
2906,11.9,9.98538636833715,9.98538636833715,1.914613631662851,16.089190182040763
2984,12.8,10.976954100937334,10.976954100937334,1.8230458990626666,14.242546086427083
457,2.7,4.6087846537416235,4.6087846537416235,1.9087846537416233,70.6957279163564
4028,4.8,4.050995279815697,4.050995279815697,0.7490047201843026,15.60426500383964
3622,3.8,6.647267806423278,6.647267806423278,2.847267806423278,74.92810016903363
756,2.95,3.0586245732327075,3.0586245732327075,0.10862457323270736,3.6821889231426224
5845,21.99,24.293683960884753,24.293683960884753,2.3036839608847544,10.476052573373144
4100,1.5,3.0713491041669334,3.0713491041669334,1.5713491041669334,104.75660694446222
1046,11.89,8.268421567594405,8.268421567594405,3.6215784324055953,30.45902802696043
1024,4.49,2.7568616925371536,2.7568616925371536,1.7331383074628466,38.59996230429502
2344,13.4,12.300488795728773,12.300488795728773,1.0995112042712272,8.205307494561396
2997,3.2,8.254437268555632,8.254437268555632,5.054437268555632,157.9511646423635
4591,3.55,7.150458344043333,7.150458344043333,3.600458344043333,101.42136180403756
4974,26.9,19.542854099257518,19.542854099257518,7.357145900742481,27.349984761124464
1515,28.2,28.513002562368538,28.513002562368538,0.3130025623685384,1.109938164427441
5186,24.19,19.11515468992779,19.11515468992779,5.0748453100722095,20.979104216916948
1737,4.3,5.93043823064163,5.93043823064163,1.63043823064163,37.91716815445652
6156,22.85,22.186379424212745,22.186379424212745,0.663620575787256,2.9042475964431334
1869,5.6,5.85622725418341,5.85622725418341,0.2562272541834103,4.575486681846613
6526,22.99,24.703001587986805,24.703001587986805,1.7130015879868061,7.451072588024385
1042,3.5,0.5747007514069381,0.5747007514069381,2.925299248593062,83.57997853123035
3442,6.5,5.147693274166762,5.147693274166762,1.3523067258332384,20.804718858972898
50,7.5,8.268732642909193,8.268732642909193,0.7687326429091925,10.249768572122568
786,6.5,6.180612641749453,6.180612641749453,0.3193873582505473,4.9136516653930356
245,18.5,29.188346148206087,29.188346148206087,10.688346148206087,57.77484404435722
5303,4.25,9.13752124322539,9.13752124322539,4.88752124322539,115.0004998405974
3076,14.0,11.572711875521346,11.572711875521346,2.427288124478654,17.337772317704673
5462,37.19,19.298483287143757,19.298483287143757,17.89151671285624,48.10840740214101
7234,54.95,32.48328773283213,32.48328773283213,22.46671226716787,40.88573660995063
625,7.5,9.40104465182529,9.40104465182529,1.9010446518252895,25.34726202433719
6414,26.59,17.048288078021056,17.048288078021056,9.541711921978944,35.884587897626716
2272,5.7,5.103024790702691,5.103024790702691,0.5969752092973089,10.4732492859177
4812,12.99,12.92972899976733,12.92972899976733,0.06027100023267096,0.46397998639469556
7182,57.28,38.385599217621866,38.385599217621866,18.894400782378135,32.98603488543669
4894,6.9,6.896713419797674,6.896713419797674,0.0032865802023263058,0.04763159713516385
6403,5.3,7.116907944960715,7.116907944960715,1.8169079449607155,34.28128198039086
1025,12.5,9.23873910050575,9.23873910050575,3.26126089949425,26.090087195954
5457,53.99,36.08567769030666,36.08567769030666,17.90432230969334,33.16229359083782
2926,7.5,9.648178869244491,9.648178869244491,2.148178869244491,28.642384923259883
321,31.8,36.18197628740029,36.18197628740029,4.381976287400288,13.779799645912858
3326,17.0,23.331133275192133,23.331133275192133,6.331133275192133,37.24196044230666
3105,11.9,14.41089303315245,14.41089303315245,2.510893033152449,21.099941455062595
1893,4.5,2.814565731005401,2.814565731005401,1.685434268994599,37.45409486654665
4920,6.8,6.13257374968604,6.13257374968604,0.6674262503139596,9.81509191638176
2138,11.49,11.065010049825744,11.065010049825744,0.4249899501742558,3.698781115528771
5476,40.49,32.76077368996745,32.76077368996745,7.729226310032551,19.08922279583243
3475,1.55,2.158053336207358,2.158053336207358,0.6080533362073581,39.229247497248906
4098,11.0,12.322817172431105,12.322817172431105,1.3228171724311046,12.025610658464588
7001,45.499,40.81777683148893,40.81777683148893,4.681223168511075,10.28862869186372
5321,14.799,20.014041920571763,20.014041920571763,5.215041920571764,35.23915075729282
5339,2.7,3.7466455659296423,3.7466455659296423,1.046645565929642,38.76465058998674
4296,24.5,23.760565083478316,23.760565083478316,0.7394349165216845,3.018101700088508
3767,5.9,5.911601508897553,5.911601508897553,0.011601508897552293,0.19663574402631004
2126,16.3,22.08436223792931,22.08436223792931,5.784362237929308,35.48688489527183
4279,5.9,3.1586278871149203,3.1586278871149203,2.74137211288508,46.46393411669627
233,3.8,5.490914552823654,5.490914552823654,1.6909145528236538,44.497751390096155
65,15.0,13.07071736166559,13.07071736166559,1.92928263833441,12.861884255562734
5856,20.709,30.03685462301366,30.03685462301366,9.32785462301366,45.04251592550901
1595,14.5,16.47573306739068,16.47573306739068,1.9757330673906814,13.625745292349528
5133,9.8,15.172892459883913,15.172892459883913,5.3728924598839125,54.82543326412155
2656,20.9,21.75789292992843,21.75789292992843,0.8578929299284326,4.104750860901592
3218,32.99,39.667686052577984,39.667686052577984,6.677686052577982,20.241546082382484
509,5.0,4.6780591462346495,4.6780591462346495,0.32194085376535053,6.43881707530701
6253,15.5,19.587619391804918,19.587619391804918,4.0876193918049175,26.37173801164463
6481,18.99,27.532980485379017,27.532980485379017,8.542980485379019,44.98673241379157
576,26.7,14.428778748733786,14.428778748733786,12.271221251266214,45.95963015455511
217,4.999999,4.17059176626992,4.17059176626992,0.8294072337300795,16.58814799223119
5697,15.59,26.11092742679388,26.11092742679388,10.520927426793879,67.48510216031994
7082,11.9,9.901569685562635,9.901569685562635,1.9984303144373659,16.79353205409551
3757,4.0,4.805098883556705,4.805098883556705,0.8050988835567052,20.12747208891763
3954,9.2,13.94252611206019,13.94252611206019,4.74252611206019,51.54919687021946
6731,24.5,27.525274095369465,27.525274095369465,3.025274095369465,12.348057532120265
6889,39.9,32.29196433802254,32.29196433802254,7.6080356619774605,19.067758551321955
2115,10.5,6.815597329857082,6.815597329857082,3.6844026701429176,35.08954923945636
3467,2.0,3.7719477771356864,3.7719477771356864,1.7719477771356864,88.59738885678432
4871,17.5,15.518349083880372,15.518349083880372,1.9816509161196283,11.323719520683591
6130,20.5,27.957135368268933,27.957135368268933,7.457135368268933,36.376270089116744
3478,9.0,9.23873910050575,9.23873910050575,0.2387391005057502,2.6526566722861133
4487,4.499999,5.861794930481185,5.861794930481185,1.3617959304811853,30.262138513390457
3933,29.99,22.80140142067753,22.80140142067753,7.18859857932247,23.969985259494734
3347,7.6,6.619814277207302,6.619814277207302,0.9801857227926973,12.897180563061807
1261,6.5,5.836890417946964,5.836890417946964,0.6631095820530364,10.20168587773902
4382,9.5,11.623987420896308,11.623987420896308,2.1239874208963077,22.357762325224293
3163,9.65,9.928717855211827,9.928717855211827,0.278717855211827,2.8882679296562386
1412,4.0,3.0597271635870835,3.0597271635870835,0.9402728364129165,23.50682091032291
1281,14.0,8.374189365473969,8.374189365473969,5.625810634526031,40.18436167518594
4588,6.0,8.60209227201068,8.60209227201068,2.6020922720106796,43.36820453351133
2917,6.2,5.5712926190196175,5.5712926190196175,0.6287073809803827,10.14044162871585
1565,13.6,19.950897026055248,19.950897026055248,6.350897026055248,46.69777225040624
6580,22.562,15.247036920434935,15.247036920434935,7.314963079565066,32.421607479678514
4002,7.6,6.361168575426653,6.361168575426653,1.2388314245733465,16.300413481228244
6500,7.899,11.027987249341324,11.027987249341324,3.128987249341324,39.61244776986105
6365,25.4,35.595764129472876,35.595764129472876,10.195764129472877,40.14080365934204
6900,21.699,18.455783778323422,18.455783778323422,3.2432162216765796,14.946385647617769
3007,5.0,9.562265161419775,9.562265161419775,4.562265161419775,91.2453032283955
1315,9.2,10.861720102407517,10.861720102407517,1.6617201024075179,18.062175026168674
3885,2.3,3.315964602603527,3.315964602603527,1.0159646026035274,44.17237402624033
3745,12.4,12.040562392381608,12.040562392381608,0.3594376076183927,2.898690384019296
6498,18.006229,42.716658982547536,42.716658982547536,24.710429982547534,137.23267643962282
1702,40.99,27.221577881482354,27.221577881482354,13.768422118517648,33.58970997442705
1839,6.2,7.7101759690635845,7.7101759690635845,1.5101759690635843,24.357676920380392
503,10.5,5.556963091066818,5.556963091066818,4.943036908933182,47.07654198983983
7023,38.9,52.95925221030954,52.95925221030954,14.059252210309545,36.14203653035873
5818,9.79,10.84945485749497,10.84945485749497,1.0594548574949716,10.821806511695318
4694,11.0,4.175795065943229,4.175795065943229,6.824204934056771,62.03822667324338
1721,36.0,38.201028979801926,38.201028979801926,2.201028979801926,6.113969388338683
7187,50.999,83.84723369095096,83.84723369095096,32.848233690950956,64.40956428743888
4618,14.99,13.497892126229074,13.497892126229074,1.4921078737709266,9.95402183969931
1803,18.8,19.542854099257518,19.542854099257518,0.7428540992575172,3.9513515917953037
1385,4.2,4.638428539549316,4.638428539549316,0.4384285395493155,10.438774751174178
1373,1.2,1.8824101499557442,1.8824101499557442,0.6824101499557442,56.867512496312024
5834,26.9,25.31262412704362,25.31262412704362,1.587375872956379,5.901025550023714
5654,44.99,63.75401873646835,63.75401873646835,18.76401873646835,41.707087656075466
5670,16.0,19.465118865264806,19.465118865264806,3.465118865264806,21.656992907905035
856,6.9,7.7137318047354,7.7137318047354,0.8137318047353999,11.793214561382607
2458,13.899999,8.800248931132371,8.800248931132371,5.099750068867628,36.68885205579963
2726,7.8,11.486561854145519,11.486561854145519,3.686561854145519,47.26361351468614
5886,37.99,37.38558369412762,37.38558369412762,0.6044163058723839,1.5909879070081174
4252,24.79,21.75789292992843,21.75789292992843,3.032107070071568,12.231170109203582
3269,8.1,5.961500014290254,5.961500014290254,2.1384999857097453,26.40123439147834
2505,6.0,7.253785450949398,7.253785450949398,1.2537854509493984,20.896424182489973
318,1.7,2.012015330955751,2.012015330955751,0.3120153309557512,18.35384299739713
6053,30.49,36.10896589654023,36.10896589654023,5.618965896540228,18.428881261201145
176,4.7,5.836890417946964,5.836890417946964,1.1368904179469634,24.189157828658793
5683,80.49,54.06280533186506,54.06280533186506,26.427194668134938,32.83289187244992
4967,2.0,3.2332799670860406,3.2332799670860406,1.2332799670860406,61.66399835430203
3100,2.6,4.883374476525051,4.883374476525051,2.283374476525051,87.8220952509635
2840,1.85,3.2167107408056377,3.2167107408056377,1.3667107408056376,73.87625625976419
6504,14.2,17.853764205396907,17.853764205396907,3.6537642053969073,25.730733840823294
3043,2.7,2.251241622198689,2.251241622198689,0.44875837780131134,16.620680659307826
3169,12.5,9.044327981296986,9.044327981296986,3.455672018703014,27.645376149624113
468,4.6,5.716895466942267,5.716895466942267,1.1168954669422675,24.28033623787538
472,28.5,23.615184061229492,23.615184061229492,4.884815938770508,17.139705048317573
91,7.9,4.573897390109156,4.573897390109156,3.326102609890844,42.10256468216258
4304,2.7,4.806057856192041,4.806057856192041,2.1060578561920407,78.00214282192742
4149,5.8,7.950741691828555,7.950741691828555,2.1507416918285553,37.08175330738889
1047,5.6,6.3892775673159115,6.3892775673159115,0.7892775673159118,14.094242273498425
6571,129.29,121.3976928433189,121.3976928433189,7.892307156681099,6.1043446180532905
6768,9.49,9.446310516278523,9.446310516278523,0.04368948372147763,0.46037390644338916
435,5.5,7.293295660868131,7.293295660868131,1.7932956608681314,32.60537565214784
6016,151.89,132.97692224767346,132.97692224767346,18.91307775232653,12.451825500247898
1335,20.49,17.6206670519588,17.6206670519588,2.8693329480411975,14.003577101225954
1352,8.9,8.56954657453787,8.56954657453787,0.33045342546212986,3.712959836653144
4074,2.55,4.878275685834749,4.878275685834749,2.3282756858347495,91.3049288562647
4868,5.9,6.695746681439496,6.695746681439496,0.7957466814394953,13.487231888805004
6046,25.09,23.983484775495867,23.983484775495867,1.1065152245041325,4.410184234771354
5546,18.99,19.306530722291097,19.306530722291097,0.31653072229109824,1.6668284480837192
4207,8.8,8.386951568339503,8.386951568339503,0.41304843166049743,4.6937321779601975
3758,11.5,15.646547531532807,15.646547531532807,4.146547531532807,36.05693505680701
106,7.7,5.95830938533734,5.95830938533734,1.7416906146626605,22.619358631982603
5694,19.0,26.657022436649687,26.657022436649687,7.657022436649687,40.300118087629926
5676,26.99,25.595991951541176,25.595991951541176,1.3940080484588222,5.164905700106789
4791,4.1,4.717980842001302,4.717980842001302,0.6179808420013027,15.072703463446407
5900,27.9,15.195729388086544,15.195729388086544,12.704270611913454,45.53502011438514
5313,12.9,13.945186836879488,13.945186836879488,1.0451868368794877,8.102223541701454
3333,10.99,9.211377148070756,9.211377148070756,1.778622851929244,16.18401139153088
4086,15.0,15.957134866810406,15.957134866810406,0.9571348668104065,6.380899112069377
1617,12.99,12.098493747347193,12.098493747347193,0.8915062526528068,6.863019650906904
2252,4.0,2.3733555851783903,2.3733555851783903,1.6266444148216097,40.666110370540245
4860,7.8,10.849721779512013,10.849721779512013,3.049721779512013,39.098997173230934
5584,9.299,10.553085705698509,10.553085705698509,1.2540857056985093,13.48624266801279
3494,15.9,15.87223681789506,15.87223681789506,0.02776318210494111,0.17461120820717677
1498,6.666,5.985227146179623,5.985227146179623,0.6807728538203772,10.21261406871253
996,6.5,8.268421567594405,8.268421567594405,1.7684215675944053,27.20648565529854
5912,15.3205,12.963327227038127,12.963327227038127,2.3571727729618726,15.3857431086575
6638,87.999,106.27837083753762,106.27837083753762,18.279370837537627,20.772248363660527
41,18.0,13.579996442010964,13.579996442010964,4.420003557989036,24.55557532216131
5253,17.2,16.543736705615647,16.543736705615647,0.6562632943843525,3.8154842696764684
5689,13.69,11.288562548116712,11.288562548116712,2.4014374518832877,17.54154457182825
3282,3.7,8.273846767758908,8.273846767758908,4.573846767758908,123.6174802097002
1539,7.3,4.113340552144672,4.113340552144672,3.1866594478553276,43.65286914870312
1805,8.9,9.268453341994976,9.268453341994976,0.36845334199497515,4.139925190954777
1144,2.9,10.192927907247649,10.192927907247649,7.292927907247648,251.48027266371201
6198,34.79,34.117552518408544,34.117552518408544,0.6724474815914547,1.9328757734735695
2615,6.5,6.4808700558848,6.4808700558848,0.01912994411519975,0.29430683254153456
2114,14.99,14.65800233690954,14.65800233690954,0.3319976630904602,2.214794283458707
5792,10.89,9.891630050739343,9.891630050739343,0.9983699492606579,9.167768129115315
4546,11.0,13.635093211228794,13.635093211228794,2.635093211228794,23.95539282935267
3172,1.0,4.958685777798563,4.958685777798563,3.9586857777985633,395.8685777798563
167,9.2,19.967943306336462,19.967943306336462,10.767943306336463,117.04286202539633
2337,11.3,11.795886838102755,11.795886838102755,0.4958868381027539,4.388379098254459
6928,39.18,27.19688750344569,27.19688750344569,11.983112496554309,30.584769006008955
3964,5.4,3.0031136309925186,3.0031136309925186,2.3968863690074818,44.38678461124966
2445,25.0,25.592150632392382,25.592150632392382,0.5921506323923822,2.3686025295695288
7257,17.99,21.76937485965319,21.76937485965319,3.779374859653192,21.008198219306237
3341,1.9,3.0339237208882017,3.0339237208882017,1.1339237208882018,59.68019583622115
4103,1.3,1.1364416005933926,1.1364416005933926,0.16355839940660744,12.581415338969803
3017,18.5,14.41089303315245,14.41089303315245,4.089106966847551,22.10328090187865
6151,13.09,14.750043415200246,14.750043415200246,1.6600434152002457,12.681767877771167
4958,8.99,10.752336390455818,10.752336390455818,1.7623363904558182,19.603296890498534
6935,25.4,45.05034376057347,45.05034376057347,19.65034376057347,77.36355811249398
789,3.6,6.4033687935088,6.4033687935088,2.8033687935088003,77.87135537524446
4617,19.2,16.219212055834152,16.219212055834152,2.980787944165847,15.52493720919712
1097,3.5,3.7208007700793875,3.7208007700793875,0.22080077007938748,6.308593430839641
3206,15.3,11.378032684650174,11.378032684650174,3.9219673153498267,25.633773302940043
6535,19.99,22.83426043234417,22.83426043234417,2.8442604323441714,14.22841636990581
6251,31.49,27.30972863038054,27.30972863038054,4.180271369619458,13.274917020068141
544,4.0,5.597019881267716,5.597019881267716,1.597019881267716,39.9254970316929
6770,19.299,20.28001997721045,20.28001997721045,0.9810199772104511,5.083268445051304
5924,14.25,15.35068029174209,15.35068029174209,1.1006802917420906,7.724072222751513
4838,2.4,3.724444807565816,3.724444807565816,1.3244448075658162,55.18520031524234
6194,19.59,17.46291878290181,17.46291878290181,2.1270812170981905,10.857994982634969
6068,7.39,6.545846997072166,6.545846997072166,0.8441530029278335,11.42290937656067
4229,16.7,16.342703830072427,16.342703830072427,0.3572961699275723,2.139498023518397
877,9.5,4.285784138496964,4.285784138496964,5.214215861503036,54.88648275266353
3908,9.7,8.363955294256666,8.363955294256666,1.3360447057433333,13.773656760240552
3914,12.8,9.296130055544365,9.296130055544365,3.5038699444556354,27.37398394105965
5397,10.9,8.789122440925565,8.789122440925565,2.110877559074435,19.365849165820503
1078,8.2,5.809350141664345,5.809350141664345,2.390649858335654,29.154266565068955
5983,42.7,77.9547793795844,77.9547793795844,35.25477937958439,82.56388613485805
4990,10.5,10.17304786224135,10.17304786224135,0.3269521377586493,3.1138298834157077
511,13.0,9.449259906344148,9.449259906344148,3.550740093655852,27.31338533581425
2375,4.4,4.138580623201685,4.138580623201685,0.2614193767983153,5.941349472688983
2877,15.6,19.542854099257518,19.542854099257518,3.9428540992575183,25.27470576447127
2069,1.5,2.316677406600803,2.316677406600803,0.8166774066008031,54.44516044005354
4851,3.5,2.6327951715046924,2.6327951715046924,0.8672048284953076,24.777280814151645
3262,11.0,8.604671072907504,8.604671072907504,2.3953289270924962,21.775717519022695
4934,10.89,21.19645365274544,21.19645365274544,10.30645365274544,94.64144768361284
1302,8.9,11.226782316066357,11.226782316066357,2.3267823160663568,26.14362152883547
6045,47.89,51.943595861541006,51.943595861541006,4.053595861541005,8.464388936189195
4394,2.5,6.801072380141395,6.801072380141395,4.301072380141395,172.0428952056558
3689,16.3,16.341211220927708,16.341211220927708,0.041211220927706904,0.2528295762436006
3159,8.5,7.68535981044304,7.68535981044304,0.8146401895569602,9.584002230081884
858,7.99,10.193501601666753,10.193501601666753,2.203501601666753,27.578242824364867
4678,19.9,19.634795859276082,19.634795859276082,0.26520414072391674,1.3326841242407879
7140,24.85,33.44809701391604,33.44809701391604,8.598097013916039,34.59998798356555
7028,12.5,16.816034491422037,16.816034491422037,4.316034491422037,34.5282759313763
7112,25.99,27.835512611398308,27.835512611398308,1.8455126113983091,7.100856527119312
4357,9.9,14.41089303315245,14.41089303315245,4.510893033152449,45.56457609244898
2890,7.9,8.873778903605889,8.873778903605889,0.9737789036058881,12.326315235517571
4794,8.8,10.531922464218663,10.531922464218663,1.7319224642186626,19.68093709339389
2024,12.0,15.088405381928467,15.088405381928467,3.0884053819284674,25.73671151607056
4194,16.5,15.093536921161643,15.093536921161643,1.4064630788383568,8.524018659626405
4921,4.5,3.891230427681115,3.891230427681115,0.6087695723188848,13.528212718197441
5356,9.5,8.159142680726353,8.159142680726353,1.3408573192736473,14.114287571301551
743,5.3,6.3349627951691705,6.3349627951691705,1.0349627951691707,19.527599908852277
2499,1.15,2.5604708487526433,2.5604708487526433,1.4104708487526434,122.649639021969
4241,9.3,11.7310005048873,11.7310005048873,2.431000504887299,26.13979037513225
179,25.99,20.584882957233,20.584882957233,5.4051170427669994,20.796910514686417
3613,8.5,5.95830938533734,5.95830938533734,2.5416906146626603,29.90224252544306
3693,20.0,14.963056555921826,14.963056555921826,5.036943444078174,25.184717220390873
3771,7.0,8.315338590079774,8.315338590079774,1.315338590079774,18.790551286853916
6566,35.55,42.45613550021124,42.45613550021124,6.906135500211242,19.42654149145216
31,11.0,8.0792090685809,8.0792090685809,2.9207909314191003,26.552644831082727
5151,6.8,6.45979955850295,6.45979955850295,0.34020044149704987,5.0029476690742625
2484,3.2,5.371343671045106,5.371343671045106,2.171343671045106,67.85448972015956
168,11.5,8.858563361333156,8.858563361333156,2.6414366386668444,22.96901424927691
3248,2.8,3.1340845173708556,3.1340845173708556,0.33408451737085576,11.931589906101992
642,5.0,6.727436990810646,6.727436990810646,1.727436990810646,34.54873981621292
1483,14.9,12.484917680601246,12.484917680601246,2.4150823193987545,16.20860617046144
1790,6.0,6.3349627951691705,6.3349627951691705,0.3349627951691705,5.582713252819508
5035,8.0,6.043246483924875,6.043246483924875,1.9567535160751248,24.45941895093906
3982,3.0,8.927942040848762,8.927942040848762,5.927942040848762,197.59806802829206
7092,62.49,59.059018216490955,59.059018216490955,3.430981783509047,5.490449325506557
6492,22.89,28.424087292858573,28.424087292858573,5.5340872928585725,24.17687764464208
6912,19.899,17.794628710604773,17.794628710604773,2.104371289395228,10.575261517640223
6178,24.5,26.596889022938154,26.596889022938154,2.0968890229381536,8.558730705870014
6644,18.15,15.963700558927606,15.963700558927606,2.186299441072393,12.045726948057261
2758,9.5,6.896713419797674,6.896713419797674,2.603286580202326,27.403016633708692
3412,12.6,9.282013124552106,9.282013124552106,3.317986875447893,26.333229170221372
6122,20.7,22.61670870452976,22.61670870452976,1.9167087045297606,9.259462340723482
800,2.5,4.860024848695997,4.860024848695997,2.360024848695997,94.40099394783988
1954,10.5,9.320125227684828,9.320125227684828,1.1798747723151717,11.236902593477826
7248,48.99,33.62169640921171,33.62169640921171,15.368303590788294,31.37028697854316
5306,4.0,3.446798410015507,3.446798410015507,0.5532015899844929,13.830039749612322
6637,15.69,12.579851784013744,12.579851784013744,3.1101482159862552,19.82248703624127
2119,20.5,23.50784170292887,23.50784170292887,3.0078417029288715,14.672398550872545
5309,3.5,4.101102409673972,4.101102409673972,0.6011024096739721,17.17435456211349
5660,25.49,33.458067421929734,33.458067421929734,7.968067421929735,31.259581882815752
5679,19.5,21.76937485965319,21.76937485965319,2.2693748596531904,11.637819793093286
1406,8.7,8.369227778143227,8.369227778143227,0.3307722218567726,3.801979561572099
1501,9.8,7.986214134580775,7.986214134580775,1.8137858654192254,18.50801903489005
1074,5.3,4.593484991174951,4.593484991174951,0.7065150088250487,13.330471864623561
500,13.6,13.33455099494592,13.33455099494592,0.2654490050540801,1.9518309195152947
437,17.5,15.172892459883913,15.172892459883913,2.327107540116087,13.297757372091926
5437,9.5,10.64160623331709,10.64160623331709,1.1416062333170895,12.016907719127259
4113,8.9,5.911601508897553,5.911601508897553,2.9883984911024477,33.577511135982554
3386,3.6,4.093492753960505,4.093492753960505,0.49349275396050496,13.708132054458472
6683,22.99,19.230971159357935,19.230971159357935,3.7590288406420633,16.350712660470045
80,16.9,12.066555528628909,12.066555528628909,4.83344447137109,28.600263144207634
1608,19.99,14.946116184359653,14.946116184359653,5.043883815640346,25.232035095749605
960,5.0,8.605199715840989,8.605199715840989,3.605199715840989,72.10399431681978
3114,22.5,26.912910405013918,26.912910405013918,4.412910405013918,19.61293513339519
5198,3.8,5.836890417946964,5.836890417946964,2.036890417946964,53.60237941965694
4628,13.0,19.967943306336462,19.967943306336462,6.967943306336462,53.599563894895866
1632,12.19,13.417641450137166,13.417641450137166,1.2276414501371669,10.070889664783977
3305,4.8,3.070284662169671,3.070284662169671,1.7297153378303287,36.03573620479852
5935,21.3,20.284665609558694,20.284665609558694,1.015334390441307,4.766828124137591
5419,9.5,9.106512163232379,9.106512163232379,0.3934878367676209,4.141977229132852
2477,3.0,3.8024038637885313,3.8024038637885313,0.8024038637885313,26.74679545961771
5506,16.45,15.834496215547984,15.834496215547984,0.6155037844520148,3.7416643431733427
6399,22.45,15.097741743891898,15.097741743891898,7.352258256108101,32.74947998266415
5517,51.999,32.10918049124837,32.10918049124837,19.889819508751636,38.25038848583941
534,6.9,8.826989950964595,8.826989950964595,1.926989950964595,27.927390593689783
5701,26.69,27.894082471629975,27.894082471629975,1.2040824716299738,4.511361827013765
2794,20.3,15.16456196784834,15.16456196784834,5.1354380321516615,25.2977242963136
585,4.5,3.992596098094024,3.992596098094024,0.5074039019059762,11.275642264577248
6722,50.9,52.191239534392246,52.191239534392246,1.291239534392247,2.5368163740515657
4970,25.0,20.815747291525483,20.815747291525483,4.184252708474517,16.73701083389807
1451,2.75,4.586297112695941,4.586297112695941,1.8362971126959406,66.77444046167057
6275,25.49,21.147655577928198,21.147655577928198,4.3423444220718,17.03548223645273
1410,30.5,20.998094538298396,20.998094538298396,9.501905461701604,31.153788399021654
5684,20.59,43.322349398683436,43.322349398683436,22.732349398683436,110.40480523887051
4536,10.0,9.928717855211827,9.928717855211827,0.07128214478817263,0.7128214478817263
866,15.0,9.648178869244491,9.648178869244491,5.351821130755509,35.67880753837006
4638,2.0,0.9871501851200383,0.9871501851200383,1.0128498148799618,50.642490743998096
6358,54.8,47.08281000266114,47.08281000266114,7.717189997338856,14.082463498793535
4679,3.95,9.226280039960779,9.226280039960779,5.2762800399607785,133.57670987242477
742,7.1,5.93043823064163,5.93043823064163,1.1695617693583698,16.47270097687845
1544,6.9,5.832199941047923,5.832199941047923,1.067800058952077,15.475363173218506
5509,53.29,40.43522303426224,40.43522303426224,12.854776965737756,24.122306184533226
2706,18.9,10.89161524469616,10.89161524469616,8.008384755303839,42.37240611271872
3734,7.89,7.283423506710604,7.283423506710604,0.6065764932893956,7.687914997330743
2589,8.2,9.23873910050575,9.23873910050575,1.038739100505751,12.667550006167694
5283,2.5,2.306899520674475,2.306899520674475,0.19310047932552488,7.724019173020995
6816,50.709,41.08401388333143,41.08401388333143,9.624986116668573,18.980824146933625
5944,15.9,17.182038266593903,17.182038266593903,1.2820382665939025,8.063133752162909
4253,3.7,2.705665954998226,2.705665954998226,0.9943340450017741,26.873893108156054
748,16.5,15.656718617642824,15.656718617642824,0.8432813823571763,5.1107962567101595
4055,5.79,8.597243872566091,8.597243872566091,2.807243872566091,48.484350130675146
401,5.3,5.699360097106322,5.699360097106322,0.3993600971063218,7.535096171817393
3749,20.8,19.861501588470333,19.861501588470333,0.9384984115296682,4.512011593892636
157,7.5,8.139594616694371,8.139594616694371,0.6395946166943709,8.527928222591612
5434,98.19,102.70789421843436,102.70789421843436,4.517894218434364,4.6011754948919075
6483,29.5,25.566795069738806,25.566795069738806,3.933204930261194,13.332898068682015
5749,14.3,13.455067826844129,13.455067826844129,0.8449321731558719,5.908616595495608
4528,12.0,14.552966230090187,14.552966230090187,2.5529662300901865,21.274718584084887
1820,8.9,5.816342004553543,5.816342004553543,3.0836579954464574,34.64784264546581
2922,9.0,9.532361074221308,9.532361074221308,0.5323610742213081,5.915123046903423
2864,15.3,8.286742573412583,8.286742573412583,7.013257426587417,45.83828383390468
3362,3.3,3.263677449587164,3.263677449587164,0.03632255041283594,1.1006833458435135
5281,1.6,2.4026846385535143,2.4026846385535143,0.8026846385535142,50.16778990959464
3803,1.4,2.8025924129478423,2.8025924129478423,1.4025924129478424,100.18517235341733
4237,5.4,8.988791663888735,8.988791663888735,3.5887916638887347,66.45910488682841
7295,47.59,43.96935840280993,43.96935840280993,3.6206415971900725,7.607988226917571
2666,4.8,4.015891506405053,4.015891506405053,0.7841084935949469,16.335593616561393
1782,13.0,6.656228707290421,6.656228707290421,6.343771292709579,48.798240713150605
5910,45.3565,41.54300680657557,41.54300680657557,3.813493193424428,8.407820694772365
2415,8.0,10.148161760153462,10.148161760153462,2.148161760153462,26.852022001918275
535,11.9,10.189798099236711,10.189798099236711,1.7102019007632894,14.371444544229323
5978,119.9,106.81436357912173,106.81436357912173,13.085636420878274,10.913791843935174
2406,1.5,1.8931055013147302,1.8931055013147302,0.3931055013147302,26.20703342098201
3098,5.8,5.561541408648982,5.561541408648982,0.23845859135101755,4.111355023293406
5359,8.0,10.456076702625671,10.456076702625671,2.456076702625671,30.700958782820887
5154,8.4,7.432302945468302,7.432302945468302,0.9676970545316985,11.520203030139267
1966,8.9,4.6649732139935125,4.6649732139935125,4.235026786006488,47.584570629286375
5416,10.5,10.861720102407517,10.861720102407517,0.3617201024075172,3.4449533562620682
1176,7.86,14.160758530957606,14.160758530957606,6.300758530957606,80.16232227681432
5902,21.5,22.585398140898384,22.585398140898384,1.0853981408983842,5.048363446038996
1760,2.8,2.409190843873879,2.409190843873879,0.3908091561261209,13.957469861647176
997,5.2,8.264909121508012,8.264909121508012,3.0649091215080118,58.940560029000224
473,6.2,5.673176132052234,5.673176132052234,0.5268238679477664,8.497159160447843
2266,2.1,1.9364190440082456,1.9364190440082456,0.16358095599175448,7.789569332940689
4205,15.7,15.212128857490148,15.212128857490148,0.4878711425098512,3.107459506432173
1882,5.2,7.654262211118996,7.654262211118996,2.454262211118996,47.197350213826844
4222,18.9,11.296814746747193,11.296814746747193,7.603185253252805,40.228493403453996
2578,10.8,9.833901051428645,9.833901051428645,0.9660989485713554,8.945360634919956
3783,2.6,3.935462716284882,3.935462716284882,1.3354627162848818,51.363950626341605
469,14.9,13.57429443026775,13.57429443026775,1.32570556973225,8.897352816994966
5097,14.9,12.905788822565697,12.905788822565697,1.9942111774343037,13.383967633787272
7040,17.29,19.883334506393897,19.883334506393897,2.593334506393898,14.99904283628628
4712,10.0,13.349536216329026,13.349536216329026,3.3495362163290263,33.49536216329027
3997,7.0,7.9223507291937345,7.9223507291937345,0.9223507291937345,13.176438988481923
247,6.5,2.8027155917118525,2.8027155917118525,3.6972844082881475,56.88129858904843
3780,17.9,10.995602405966798,10.995602405966798,6.904397594033201,38.57205359795085
2182,9.9,16.700307598772522,16.700307598772522,6.8003075987725214,68.68997574517698
3395,6.5,10.076113392649656,10.076113392649656,3.576113392649656,55.01712911768701
7097,83.99,67.73005951205377,67.73005951205377,16.259940487946224,19.359376697161835
811,4.0,2.8130109906114065,2.8130109906114065,1.1869890093885935,29.67472523471484
6502,26.8,26.342446288927622,26.342446288927622,0.45755371107237863,1.70728996668798
1419,7.4,8.268421567594405,8.268421567594405,0.8684215675944049,11.73542658911358
6733,13.9,15.615119970900308,15.615119970900308,1.7151199709003073,12.338992596405088
3625,3.9,3.4513018453092537,3.4513018453092537,0.44869815469074625,11.505080889506313
228,9.0,7.0779190029833785,7.0779190029833785,1.9220809970166215,21.356455522406907
7107,45.5,48.44019812911288,48.44019812911288,2.940198129112879,6.461973910138195
17,18.0,26.14440859360157,26.14440859360157,8.144408593601572,45.24671440889762
1407,10.6,10.456076702625671,10.456076702625671,0.14392329737432874,1.357766956361592
7070,59.99,70.10846706748727,70.10846706748727,10.118467067487266,16.866922932967604
2392,13.5,14.386562322131274,14.386562322131274,0.8865623221312742,6.567128312083513
6272,47.9,40.568036240701815,40.568036240701815,7.3319637592981834,15.30681369373316
5439,109.0,122.90348671716889,122.90348671716889,13.903486717168889,12.755492401072374
6745,45.49,42.084271477276594,42.084271477276594,3.4057285227234075,7.486763074793158
5879,10.99,21.304356972332894,21.304356972332894,10.314356972332893,93.85220175007181
2440,3.9,6.106994438768365,6.106994438768365,2.206994438768365,56.58960099406064
5831,17.9,15.290314711861061,15.290314711861061,2.6096852881389374,14.579247419770603
5853,13.5,7.076434592718271,7.076434592718271,6.423565407281729,47.58196597986466
4844,9.0,8.586273196917073,8.586273196917073,0.41372680308292686,4.596964478699187
6915,25.49,44.4771497724348,44.4771497724348,18.9871497724348,74.48862209664496
6092,21.69,24.183867834143598,24.183867834143598,2.4938678341435967,11.497777013110174
5461,23.2,18.345547470698705,18.345547470698705,4.854452529301295,20.924364350436615
2585,5.7,7.036967482675515,7.036967482675515,1.3369674826755151,23.455569871500266
543,9.9,5.832199941047923,5.832199941047923,4.067800058952077,41.088889484364415
6112,17.0,25.96147946324516,25.96147946324516,8.961479463245158,52.7145850779127
3794,16.5,10.044243574828041,10.044243574828041,6.455756425171959,39.12579651619369
4119,7.799999,5.146678886688263,5.146678886688263,2.653320113311737,34.01692889078238
3153,12.0,6.732312566897031,6.732312566897031,5.267687433102969,43.897395275858074
1535,10.499,11.449127127447532,11.449127127447532,0.9501271274475318,9.049691660610836
1832,14.5,22.453668060123533,22.453668060123533,7.953668060123533,54.852883173265745
6746,33.79,36.611481382954885,36.611481382954885,2.821481382954886,8.350048484625292
3590,8.99,8.800248931132371,8.800248931132371,0.18975106886762916,2.1106904212194566
3289,2.0,3.8862536008763318,3.8862536008763318,1.8862536008763318,94.31268004381658
96,3.8,1.4051646152659945,1.4051646152659945,2.394835384734005,63.021983808789614
6679,62.99,57.509847922280976,57.509847922280976,5.480152077719026,8.700035049561878
2094,5.7,5.832199941047923,5.832199941047923,0.1321999410479231,2.319297211367072
4773,8.0,8.694756529574606,8.694756529574606,0.6947565295746063,8.684456619682578
2927,9.5,8.9962185079421,8.9962185079421,0.5037814920579002,5.302963074293687
7038,44.5,33.54838457427898,33.54838457427898,10.951615425721023,24.61037174319331
156,12.99,12.833718573930259,12.833718573930259,0.15628142606974116,1.2030902699749126
1022,6.4,6.465877483653666,6.465877483653666,0.06587748365366597,1.0293356820885307
5447,24.49,27.94618418613005,27.94618418613005,3.456184186130052,14.112634488076981
4966,5.8,5.8646319716103665,5.8646319716103665,0.06463197161036671,1.114344338109771
6458,49.5,59.76745239499309,59.76745239499309,10.267452394993093,20.742328070693116
2716,12.5,12.686071507833354,12.686071507833354,0.18607150783335413,1.488572062666833
1287,15.0,15.116994162548163,15.116994162548163,0.11699416254816342,0.7799610836544227
696,18.0,19.189287445870303,19.189287445870303,1.1892874458703027,6.607152477057237
425,25.0,23.72622738783268,23.72622738783268,1.2737726121673205,5.095090448669282
6872,47.39,40.949452678407965,40.949452678407965,6.440547321592035,13.590519775463253
712,10.9,13.208757691503756,13.208757691503756,2.3087576915037555,21.181263224805097
4173,2.45,1.650247729643095,1.650247729643095,0.7997522703569051,32.64294981048592
1811,16.0,15.14834736552278,15.14834736552278,0.8516526344772206,5.322828965482628
5096,18.7,24.17849149582588,24.17849149582588,5.478491495825882,29.296745966983323
6480,17.9,24.946065332955214,24.946065332955214,7.046065332955216,39.36349348019674
447,31.49,29.975781901080712,29.975781901080712,1.5142180989192866,4.80856811343057
6748,15.899,13.936783272779591,13.936783272779591,1.962216727220408,12.341761917230066
4080,5.99,7.675574521728285,7.675574521728285,1.6855745217282845,28.139808376098234
1009,5.3,2.6170774466770292,2.6170774466770292,2.6829225533229706,50.621180251376806
592,1.5,2.342798818042253,2.342798818042253,0.8427988180422532,56.18658786948355
6096,29.85,28.673534143948192,28.673534143948192,1.1764658560518093,3.9412591492522924
1242,8.5,5.766897484870389,5.766897484870389,2.7331025151296107,32.15414723681895
3058,8.4,8.873778903605889,8.873778903605889,0.47377890360588815,5.64022504292724
131,15.8,19.967943306336462,19.967943306336462,4.167943306336461,26.37938801478773
2404,4.5,5.302990799906188,5.302990799906188,0.8029907999061878,17.844239997915285
2306,8.95,9.814898171237301,9.814898171237301,0.8648981712373018,9.663666717735216
6277,62.5,70.4494000418372,70.4494000418372,7.949400041837194,12.71904006693951
7103,20.89,19.323124155957725,19.323124155957725,1.5668758440422756,7.5006024128399975
624,8.5,4.934935660894492,4.934935660894492,3.5650643391055077,41.941933401241265
2986,6.0,6.036824122671554,6.036824122671554,0.036824122671553994,0.6137353778592332
2127,8.3,7.497198867134854,7.497198867134854,0.802801132865147,9.672302805604179
6539,43.9,40.00096388367322,40.00096388367322,3.8990361163267764,8.881631244480129
4739,3.9,4.806057856192041,4.806057856192041,0.9060578561920409,23.232252722872847
3686,17.9,16.543736705615647,16.543736705615647,1.3562632943843518,7.576889912761741
3844,6.0,6.540509118647014,6.540509118647014,0.5405091186470141,9.00848531078357
2815,9.9,9.050884118362914,9.050884118362914,0.8491158816370863,8.576928097344306
2579,3.999999,4.446554050900992,4.446554050900992,0.4465550509009919,11.163879063494564
1945,5.6,7.567872690032996,7.567872690032996,1.967872690032996,35.140583750589215
2436,6.99,4.806057856192041,4.806057856192041,2.1839421438079594,31.2438074936761
93,6.5,6.264345643771006,6.264345643771006,0.2356543562289941,3.625451634292217
6701,35.19,26.255322005913577,26.255322005913577,8.934677994086421,25.38982095506229
1375,4.868,6.3349627951691705,6.3349627951691705,1.4669627951691702,30.134815019909
3903,5.6,9.50669165836453,9.50669165836453,3.9066916583645295,69.76235104222374
3477,13.5,10.217316636580266,10.217316636580266,3.282683363419734,24.3161730623684
6022,42.99,43.27534263619558,43.27534263619558,0.28534263619557976,0.6637418846140491
2223,8.8,5.699360097106322,5.699360097106322,3.100639902893679,35.234544351064535
1087,13.9,15.656331809053398,15.656331809053398,1.756331809053398,12.635480640671929
2531,2.5,5.093418891228741,5.093418891228741,2.5934188912287413,103.73675564914966
6729,78.99,64.46569255693794,64.46569255693794,14.524307443062057,18.38752683005704
6880,17.375,18.603083484223646,18.603083484223646,1.2280834842236459,7.068106384020983
764,1.8,2.5406668191985498,2.5406668191985498,0.7406668191985497,41.14815662214165
4669,6.5,6.263698505064185,6.263698505064185,0.2363014949358151,3.6354076143971557
476,12.99,13.417641450137166,13.417641450137166,0.42764145013716615,3.2920819871991234
5594,56.5,57.06627517584997,57.06627517584997,0.5662751758499667,1.0022569484070205
2622,1.5,2.32712936889452,2.32712936889452,0.82712936889452,55.14195792630133
5111,5.7,6.710184710378744,6.710184710378744,1.010184710378744,17.722538778574457
6466,21.6,21.421035687391978,21.421035687391978,0.1789643126080236,0.8285384842964054
4461,10.0,8.382808181838914,8.382808181838914,1.6171918181610856,16.171918181610856
6338,13.5,14.38435580283952,14.38435580283952,0.8843558028395204,6.5507837247371885
7034,23.29,19.263027976619394,19.263027976619394,4.026972023380605,17.290562573553476
2181,20.0,17.32610972470727,17.32610972470727,2.673890275292731,13.369451376463653
6334,34.0,31.615163277602285,31.615163277602285,2.384836722397715,7.014225654110927
2620,10.0,6.665967748881355,6.665967748881355,3.3340322511186447,33.34032251118645
5170,8.9,14.41089303315245,14.41089303315245,5.510893033152449,61.92014643991516
752,6.8,6.361168575426653,6.361168575426653,0.4388314245733467,6.453403302549216
2283,11.5,10.529976122197596,10.529976122197596,0.9700238778024044,8.434990241760039
2799,8.0,5.788527073333282,5.788527073333282,2.211472926666718,27.643411583333975
3049,14.9,20.276145449362705,20.276145449362705,5.3761454493627046,36.08151308297117
351,3.5,6.151045852458935,6.151045852458935,2.6510458524589353,75.74416721311243
487,1.8,2.6661190008029867,2.6661190008029867,0.8661190008029866,48.117722266832594
927,5.0,5.699360097106322,5.699360097106322,0.6993600971063216,13.98720194212643
3318,6.5,7.4777938125042835,7.4777938125042835,0.9777938125042835,15.04298173083513
1061,18.0,13.923643432885994,13.923643432885994,4.076356567114006,22.64642537285559
6018,39.39,42.01801617862548,42.01801617862548,2.6280161786254794,6.671785170412489
2191,3.5,5.5879143504171775,5.5879143504171775,2.0879143504171775,59.65469572620508
4608,2.1,4.572063248568515,4.572063248568515,2.472063248568515,117.71729755088167
6128,27.9,20.049353937949434,20.049353937949434,7.850646062050565,28.138516351435715
561,12.99,12.20427638651953,12.20427638651953,0.7857236134804708,6.048680627255357
3535,9.9,10.657737546183148,10.657737546183148,0.7577375461831473,7.653914607910578
5501,21.99,22.385730145382016,22.385730145382016,0.3957301453820179,1.7995913841838014
2966,9.5,9.842655426947198,9.842655426947198,0.3426554269471982,3.606899231023139
6026,37.49,47.48309893455846,47.48309893455846,9.99309893455846,26.65537192466914
334,13.5,15.839399532088454,15.839399532088454,2.3393995320884535,17.328885422877434
2225,6.8,5.7330363996758615,5.7330363996758615,1.0669636003241383,15.690641181237327
4847,13.0,10.849661039228046,10.849661039228046,2.150338960771954,16.541068929015033
5507,25.5,19.708117469310793,19.708117469310793,5.791882530689207,22.713264826232184
3213,12.5,6.498560916526381,6.498560916526381,6.001439083473619,48.01151266778895
1103,7.9,9.408592662184676,9.408592662184676,1.5085926621846752,19.09610964790728
2110,26.99,20.998094538298396,20.998094538298396,5.991905461701602,22.200464845133762
23,12.99,15.694740184407463,15.694740184407463,2.7047401844074628,20.821710426539358
4151,21.99,23.15756194326464,23.15756194326464,1.1675619432646407,5.309513157183451
1005,3.2,2.8469161351207015,2.8469161351207015,0.35308386487929866,11.033870777478082
1643,9.7,9.898379725780224,9.898379725780224,0.19837972578022445,2.0451518121672625
2550,59.7,56.001289031248675,56.001289031248675,3.698710968751328,6.195495760052476
3038,8.69,6.647267806423278,6.647267806423278,2.0427321935767218,23.50669958085986
4030,1.7,4.7539561958994785,4.7539561958994785,3.0539561958994783,179.64448211173402
3817,7.999,8.176546304162517,8.176546304162517,0.17754630416251782,2.2196062528130747
1671,14.9,16.879786813655453,16.879786813655453,1.979786813655453,13.287159823190962
1372,14.3,13.208757691503756,13.208757691503756,1.0912423084962448,7.631065094379334
3203,30.99,31.83662000574795,31.83662000574795,0.8466200057479512,2.731913539038242
445,6.9,8.061341395846927,8.061341395846927,1.161341395846927,16.83103472241923
5433,62.99,50.160297217929156,50.160297217929156,12.829702782070846,20.367840581157083
7125,59.999,66.73087814005035,66.73087814005035,6.731878140050348,11.219983899815576
3399,22.5,20.50498053084525,20.50498053084525,1.9950194691547516,8.86675319624334
3939,2.0,3.0836802692489282,3.0836802692489282,1.0836802692489282,54.184013462446416
5206,20.49,22.512108234473953,22.512108234473953,2.0221082344739543,9.86875663481676
6378,83.79,80.62538467169296,80.62538467169296,3.1646153283070504,3.776841303624597
2592,16.99,13.417641450137166,13.417641450137166,3.572358549862832,21.026242200487534
3887,11.0,16.219212055834152,16.219212055834152,5.219212055834152,47.44738232576502
3518,1.2,3.61407201274021,3.61407201274021,2.4140720127402098,201.17266772835083
4295,10.9,11.006866954236123,11.006866954236123,0.10686695423612314,0.9804307728084691
1128,10.8,7.489614210459865,7.489614210459865,3.3103857895401356,30.65172027351977
2570,7.5,5.832199941047923,5.832199941047923,1.6678000589520767,22.237334119361023
5277,9.6,9.07122808994819,9.07122808994819,0.5287719100518089,5.508040729706343
1783,10.6,9.031341886925151,9.031341886925151,1.5686581130748483,14.798661444102343
2523,18.0,16.412501676982536,16.412501676982536,1.5874983230174635,8.819435127874797
4248,5.15,2.9693591338946512,2.9693591338946512,2.180640866105349,42.34254108942425
1844,6.49,6.045047451547036,6.045047451547036,0.4449525484529646,6.85597147076987
5291,7.9,5.85870221028447,5.85870221028447,2.0412977897155304,25.839212528044687
6129,24.49,27.644390002922744,27.644390002922744,3.154390002922746,12.880318509280302
6060,5.69,12.682826682450278,12.682826682450278,6.992826682450278,122.89677825044423
2515,6.699,7.68535981044304,7.68535981044304,0.98635981044304,14.723985825392447
5040,17.5,14.41089303315245,14.41089303315245,3.0891069668475506,17.652039810557433
6799,56.99,32.15917455630359,32.15917455630359,24.830825443696412,43.570495602204616
3554,3.5,5.021931308409999,5.021931308409999,1.5219313084099992,43.483751668857124
3878,4.2,11.625867887775298,11.625867887775298,7.425867887775298,176.80637828036424
5945,29.7,27.411393373917914,27.411393373917914,2.2886066260820854,7.705746215764597
2264,14.5,12.456286931636459,12.456286931636459,2.043713068363541,14.0945728852658
2462,4.9,4.48545227156165,4.48545227156165,0.4145477284383503,8.460157723231639
1775,6.6,9.320125227684828,9.320125227684828,2.7201252276848287,41.21401860128528
6861,28.05,22.91619792928009,22.91619792928009,5.133802070719909,18.30232467279825
378,7.8,8.268421567594405,8.268421567594405,0.46842156759440545,6.005404712748788
6853,9.999,13.466423267336719,13.466423267336719,3.4674232673367182,34.677700443411524
4913,1.6,1.4595236027005374,1.4595236027005374,0.1404763972994627,8.77977483121642
5246,8.2,10.044243574828041,10.044243574828041,1.8442435748280417,22.490775302781
199,1.5,1.8232279522285564,1.8232279522285564,0.3232279522285564,21.548530148570425
2446,11.0,15.243332226231278,15.243332226231278,4.243332226231278,38.575747511193434
2957,3.8,6.054444104253298,6.054444104253298,2.254444104253298,59.32747642771837
1328,11.49,12.694733793378925,12.694733793378925,1.2047337933789244,10.485063475882718
1193,10.5,8.873778903605889,8.873778903605889,1.6262210963941115,15.487819965658206
5686,12.75,11.856238465823273,11.856238465823273,0.8937615341767273,7.0098943856998215
1075,9.3,12.20427638651953,12.20427638651953,2.9042763865195287,31.228778349672346
5427,3.4,4.889382108675446,4.889382108675446,1.489382108675446,43.805356137513115
6969,24.5,22.639370106880687,22.639370106880687,1.860629893119313,7.594407727017605
2063,10.5,14.34087103202473,14.34087103202473,3.8408710320247295,36.579724114521234
965,14.5,15.656331809053398,15.656331809053398,1.1563318090533983,7.974702131402747
5060,9.49,8.873778903605889,8.873778903605889,0.6162210963941117,6.493372986239322
1467,9.4,8.861033117966345,8.861033117966345,0.5389668820336553,5.733690234400588
5975,18.46,23.95908360902867,23.95908360902867,5.49908360902867,29.789185314348153
3296,51.0,24.48051381168539,24.48051381168539,26.51948618831461,51.99899252610708
5414,7.5,7.319412872822372,7.319412872822372,0.1805871271776276,2.407828362368368
7126,29.95,26.37558540774642,26.37558540774642,3.5744145922535786,11.934606318041999
5724,62.05,40.49426768327807,40.49426768327807,21.55573231672193,34.739294628077246
2755,6.0,6.45979955850295,6.45979955850295,0.45979955850294996,7.663325975049166
4022,6.5,6.447632606118702,6.447632606118702,0.05236739388129763,0.8056522135584251
3091,6.5,8.440867624496327,8.440867624496327,1.9408676244963274,29.859501915328114
2022,5.89,5.836890417946964,5.836890417946964,0.053109582053036064,0.9016906969955188
5090,8.6,10.469894735655664,10.469894735655664,1.8698947356556648,21.74296204250773
2907,7.0,6.368877466611437,6.368877466611437,0.6311225333885631,9.016036191265187
5744,42.345,30.912239325765707,30.912239325765707,11.432760674234292,26.99908058621866
5769,15.1,17.762913917686028,17.762913917686028,2.662913917686028,17.635191507854493
6155,18.49,15.072486430124458,15.072486430124458,3.41751356987554,18.48303715454592
6547,13.79,11.42397933414485,11.42397933414485,2.3660206658551495,17.15751026725997
2850,6.699999,6.361168575426653,6.361168575426653,0.3388304245733469,5.057171270821785
2132,16.5,10.188013243280842,10.188013243280842,6.311986756719158,38.25446519223732
6114,86.19,88.02005836207586,88.02005836207586,1.8300583620758601,2.1232838636452724
6570,20.79,23.927374331164813,23.927374331164813,3.137374331164814,15.09078562368838
6434,31.0,32.13741525363724,32.13741525363724,1.1374152536372435,3.6690814633459468
4246,7.5,5.891974177446339,5.891974177446339,1.6080258225536612,21.440344300715484
1701,4.5,8.72396637580705,8.72396637580705,4.22396637580705,93.8659194623789
6332,39.999,40.60990125714248,40.60990125714248,0.6109012571424799,1.5272913251393283
3927,19.5,23.331133275192133,23.331133275192133,3.8311332751921334,19.646837308677608
5780,66.99,69.82044613238209,69.82044613238209,2.830446132382093,4.225177089688152
547,12.4,11.391721371567273,11.391721371567273,1.008278628432727,8.13127926155425
6811,37.99,43.01177928659738,43.01177928659738,5.021779286597379,13.218687250848587
6203,33.3,40.24402125783024,40.24402125783024,6.944021257830244,20.852916690180916
1263,19.9,17.290234890007977,17.290234890007977,2.609765109992022,13.114397537648353
5231,2.299,2.8575946413585434,2.8575946413585434,0.5585946413585434,24.29728757540424
3011,13.29,11.25357298832118,11.25357298832118,2.0364270116788195,15.323002345213087
5865,13.69,12.367465911288372,12.367465911288372,1.3225340887116275,9.660585016155059
1789,11.9,10.637718105364748,10.637718105364748,1.2622818946352528,10.607410879287837
6610,21.49,29.732293155981086,29.732293155981086,8.242293155981088,38.354086347050206
3018,6.4,5.180565619244451,5.180565619244451,1.2194343807555494,19.05366219930546
5494,26.59,28.306413927861676,28.306413927861676,1.7164139278616766,6.4551106726652
4715,13.8,14.703193236867186,14.703193236867186,0.9031932368671853,6.544878528023082
2199,5.9,8.369227778143227,8.369227778143227,2.4692277781432264,41.851318273614005
1244,2.5,1.201790705770449,1.201790705770449,1.298209294229551,51.928371769182036
7130,10.89,23.96006805289729,23.96006805289729,13.070068052897291,120.01899038473178
5008,38.0,4.175795065943229,4.175795065943229,33.82420493405677,89.01106561593888
5482,12.726,12.775590221449319,12.775590221449319,0.049590221449317795,0.38967642188682844
4837,8.5,9.648178869244491,9.648178869244491,1.1481788692444912,13.507986696994015
7202,35.29,32.7481790075724,32.7481790075724,2.5418209924275956,7.202666456298089
6764,20.99,16.912669985267495,16.912669985267495,4.077330014732503,19.42510726409006
3915,5.2,5.612714795780776,5.612714795780776,0.41271479578077575,7.936822995784149
6083,32.299,29.820492344886567,29.820492344886567,2.4785076551134324,7.673635886911151
518,13.29,16.460137276835404,16.460137276835404,3.170137276835405,23.85355362554857
611,12.5,10.720790785283986,10.720790785283986,1.7792092147160137,14.23367371772811
5806,11.22,9.342802828500826,9.342802828500826,1.8771971714991746,16.730812580206546
5672,16.5,20.56107879400873,20.56107879400873,4.061078794008729,24.612598751568054
2288,7.5,5.839908832232707,5.839908832232707,1.660091167767293,22.134548903563907
957,10.99,10.12503684401901,10.12503684401901,0.8649631559809894,7.870456378352951
4401,6.15,8.397955830526865,8.397955830526865,2.2479558305268643,36.552127325640065
491,25.8,14.963056555921826,14.963056555921826,10.836943444078175,42.00365675999292
1330,4.9,6.540509118647014,6.540509118647014,1.6405091186470138,33.47977793157171
3458,21.5,20.126961350282354,20.126961350282354,1.373038649717646,6.386226277756493
323,5.89,3.6865263907327144,3.6865263907327144,2.2034736092672853,37.41041781438515
5362,7.2,8.4387039103335,8.4387039103335,1.2387039103334994,17.204220976854156
7010,22.79,20.865599600892043,20.865599600892043,1.924400399107956,8.444056161070451
4247,10.5,10.076436935265207,10.076436935265207,0.4235630647347932,4.033933949855173
2031,4.75,3.3188721595674204,3.3188721595674204,1.4311278404325796,30.129007167001674
5516,32.0,42.296725826413585,42.296725826413585,10.296725826413585,32.177268207542454
1153,6.3,5.531511113350321,5.531511113350321,0.7684888866496786,12.198236296026645
6685,15.7,16.424628987401178,16.424628987401178,0.7246289874011786,4.615471257332348
7286,6.6,7.246455970374548,7.246455970374548,0.6464559703745483,9.794787429917399
6854,21.69,21.988819940161342,21.988819940161342,0.2988199401613407,1.3776852935054897
1606,6.4,6.367016622848885,6.367016622848885,0.032983377151115434,0.5153652679861787
324,23.9,29.526154811853832,29.526154811853832,5.626154811853834,23.540396702317295
2083,7.99,6.53280022746223,6.53280022746223,1.4571997725377699,18.237794399721775
2687,10.8,8.978377179860681,8.978377179860681,1.8216228201393196,16.866877964252957
6858,35.35,31.143026120428296,31.143026120428296,4.206973879571706,11.900916208123636
586,7.89,5.987233681790348,5.987233681790348,1.9027663182096513,24.11617640316415
4125,9.8,12.505600230751138,12.505600230751138,2.7056002307511378,27.60816561990957
3245,8.99,11.7310005048873,11.7310005048873,2.7410005048872996,30.48943831910233
4556,4.4,6.572231748471858,6.572231748471858,2.172231748471858,49.3689033743604
706,24.9,23.020643108397053,23.020643108397053,1.8793568916029457,7.547618038566048
1978,6.4,6.960880001931303,6.960880001931303,0.5608800019313023,8.763750030176599
4160,7.4,3.1422028550791636,3.1422028550791636,4.257797144920836,57.53779925568697
4995,4.39,3.167754891531016,3.167754891531016,1.2222451084689836,27.841574224806003
6812,9.8,11.312680594087643,11.312680594087643,1.5126805940876427,15.435516266200434
6202,17.34,16.321386194126205,16.321386194126205,1.0186138058737946,5.874358742063406
5939,27.79,25.807652616565715,25.807652616565715,1.9823473834342842,7.133311923117251
6218,29.3,24.382332873421785,24.382332873421785,4.917667126578216,16.783846848389818
4453,9.5,7.880583927909807,7.880583927909807,1.6194160720901927,17.04648496937045
3801,8.9,9.648178869244491,9.648178869244491,0.7481788692444908,8.406504148814504
2572,56.99,30.45197289847303,30.45197289847303,26.53802710152697,46.5661117766748
208,2.25,6.001123239317898,6.001123239317898,3.7511232393178977,166.7165884141288
3682,29.8,22.10035023996517,22.10035023996517,7.699649760034831,25.8377508726001
747,2.5,4.993594983320073,4.993594983320073,2.4935949833200732,99.74379933280292
5101,9.9,6.896713419797674,6.896713419797674,3.0032865802023263,30.33622808285178
6260,40.99,40.22331237938403,40.22331237938403,0.7666876206159685,1.870426007845739
798,5.0,3.5227048646218804,3.5227048646218804,1.4772951353781196,29.545902707562394
88,6.99,10.446476502549777,10.446476502549777,3.4564765025497763,49.44887700357334
734,1.7,5.087328325142396,5.087328325142396,3.387328325142396,199.25460736131743
1221,4.8,7.934800476410247,7.934800476410247,3.1348004764102475,65.30834325854683
3574,14.5,9.320125227684828,9.320125227684828,5.179874772315172,35.72327429182877
1480,6.9,5.734931715832196,5.734931715832196,1.1650682841678046,16.88504759663485
3936,10.49,19.619914035680875,19.619914035680875,9.129914035680875,87.03445219905504
6199,28.99,24.319232436494726,24.319232436494726,4.670767563505272,16.111650788221016
852,13.5,11.350047026460256,11.350047026460256,2.149952973539744,15.92557758177588
486,7.89,6.173265869545648,6.173265869545648,1.716734130454352,21.758353998154018
2678,3.6,4.021070893060664,4.021070893060664,0.4210708930606635,11.69641369612954
3195,4.0,3.3069836258040337,3.3069836258040337,0.6930163741959663,17.325409354899158
1430,8.4,8.97458511415471,8.97458511415471,0.5745851141547096,6.840298978032257
1536,14.9,18.130844595462687,18.130844595462687,3.2308445954626865,21.68352077491736
1891,6.0,11.176683549213443,11.176683549213443,5.176683549213443,86.27805915355738
6513,39.99,20.762321989346418,20.762321989346418,19.227678010653584,48.08121533046658
1919,5.6,8.18417925750409,8.18417925750409,2.58417925750409,46.14605816971589
4302,14.8,15.892858869074475,15.892858869074475,1.0928588690744743,7.384181547800502
198,5.0,4.30343262532651,4.30343262532651,0.6965673746734904,13.93134749346981
4629,6.6,5.811887459952345,5.811887459952345,0.7881125400476545,11.94109909163113
2882,3.85,7.719397162425703,7.719397162425703,3.869397162425703,100.5038224006676
1057,8.9,9.320125227684828,9.320125227684828,0.42012522768482796,4.720508176234022
73,7.0,7.512574712754774,7.512574712754774,0.5125747127547742,7.322495896496774
548,27.8,23.850583500569954,23.850583500569954,3.949416499430047,14.206534170611679
6352,13.69,16.141227732819814,16.141227732819814,2.451227732819815,17.905242752518735
2963,4.0,5.786328644119563,5.786328644119563,1.7863286441195632,44.65821610298908
6569,27.3,34.095105302573074,34.095105302573074,6.795105302573074,24.890495613820782
1512,34.99,17.87099614046122,17.87099614046122,17.119003859538783,48.92541828962212
3912,10.9,10.154395982298539,10.154395982298539,0.7456040177014618,6.840403832123503
1582,1.9,2.688372162743618,2.688372162743618,0.788372162743618,41.49327172334832
6697,15.44,19.263027976619394,19.263027976619394,3.823027976619395,24.76054389002199
5822,10.08,10.259142557796947,10.259142557796947,0.179142557796947,1.777207914652252
2865,6.9,6.540509118647014,6.540509118647014,0.35949088135298624,5.210012773231684
3647,10.8,10.456076702625671,10.456076702625671,0.3439232973743298,3.184474975688239
5349,20.499,13.531390196236789,13.531390196236789,6.96760980376321,33.989998554871995
4428,3.0,2.6361026197915405,2.6361026197915405,0.3638973802084595,12.129912673615317
6213,25.55,21.218818382326244,21.218818382326244,4.3311816176737565,16.95178715332194
4359,28.8,31.248164397927777,31.248164397927777,2.4481643979277763,8.500570826138112
1452,3.6,6.917159257779098,6.917159257779098,3.3171592577790983,92.14331271608606
7037,24.89,21.678289205638162,21.678289205638162,3.2117107943618386,12.903619101493927
2020,1.9,2.7783178240478366,2.7783178240478366,0.8783178240478366,46.22725389725456
4903,29.49,27.909111370200907,27.909111370200907,1.580888629799091,5.360761715154598
5220,6.9,5.811887459952345,5.811887459952345,1.0881125400476552,15.769746957212394
6818,12.35,15.851254360755217,15.851254360755217,3.501254360755217,28.35023773890864
4814,10.0,14.893638839359218,14.893638839359218,4.893638839359218,48.93638839359218
5267,8.8,9.285733139882494,9.285733139882494,0.4857331398824929,5.519694771391964
2098,9.2,13.275090374648348,13.275090374648348,4.075090374648349,44.2944605940038
1880,13.5,8.838404557919231,8.838404557919231,4.661595442080769,34.53033660800569
937,9.5,8.873778903605889,8.873778903605889,0.6262210963941115,6.591801014674859
7120,29.999,27.38402294779667,27.38402294779667,2.6149770522033293,8.716880736702322
2855,13.5,12.037687920166352,12.037687920166352,1.462312079833648,10.831941332101096
6139,14.99,18.366897171781122,18.366897171781122,3.3768971717811223,22.527666256044846
5985,12.49,11.684230735137989,11.684230735137989,0.8057692648620112,6.451315171032916
1295,7.0,9.29185217229373,9.29185217229373,2.29185217229373,32.740745318481856
1175,45.9,31.601139600072084,31.601139600072084,14.298860399927914,31.152201307032495
2197,5.5,5.282744739904725,5.282744739904725,0.21725526009527485,3.9500956380959065
2614,41.9,36.68501901331212,36.68501901331212,5.214980986687877,12.446255338157226
6148,27.36,17.988559447849134,17.988559447849134,9.371440552150865,34.25234119938182
4335,4.0,7.746394249078446,7.746394249078446,3.7463942490784463,93.65985622696115
4914,11.5,10.861720102407517,10.861720102407517,0.6382798975924828,5.550259979065069
1321,7.2,5.707068988291105,5.707068988291105,1.4929310117088948,20.735152940401317
1181,12.79,15.694740184407463,15.694740184407463,2.904740184407464,22.71102567949542
6150,22.799,23.251163253573267,23.251163253573267,0.4521632535732678,1.983259149845466
3438,12.6,9.362588337566752,9.362588337566752,3.2374116624332476,25.69374335264482
6343,34.99,30.59504253691076,30.59504253691076,4.394957463089241,12.560610068846072
4301,12.6,10.861720102407517,10.861720102407517,1.7382798975924825,13.79587220311494
620,7.9,7.635456661150865,7.635456661150865,0.26454333884913517,3.348649858849812
6864,24.89,24.22957071685082,24.22957071685082,0.6604292831491811,2.653392057650386
5159,16.0,11.812677142760089,11.812677142760089,4.187322857239911,26.170767857749443
2492,15.5,11.000667549169075,11.000667549169075,4.499332450830925,29.02795129568339
478,14.0,15.091162237023992,15.091162237023992,1.0911622370239922,7.7940159787428005
3968,5.3,7.468556516252944,7.468556516252944,2.168556516252944,40.91616068401782
2276,3.7,6.073355672454713,6.073355672454713,2.3733556724547125,64.14474790418141
5227,6.9,8.570727759253645,8.570727759253645,1.6707277592536443,24.213445786284698
1897,12.5,4.835885692372472,4.835885692372472,7.664114307627528,61.31291446102023
7044,14.766,15.698971604552165,15.698971604552165,0.932971604552165,6.3183773842080795
2206,1.4,0.7653686802939842,0.7653686802939842,0.6346313197060157,45.330808550429694
1033,4.5,6.529481587901539,6.529481587901539,2.0294815879015387,45.09959084225642
5948,10.59,7.849478948331106,7.849478948331106,2.7405210516688943,25.878385757024496
286,12.3,19.967943306336462,19.967943306336462,7.667943306336461,62.34100249054033
550,3.2,2.7202884830969123,2.7202884830969123,0.4797115169030879,14.990984903221497
7008,10.099,10.172126586656965,10.172126586656965,0.07312658665696503,0.724097303267304
5668,25.79,32.15429206392696,32.15429206392696,6.3642920639269605,24.677363566990927
5015,2.5,2.3279141999950035,2.3279141999950035,0.17208580000499651,6.88343200019986
2825,12.5,11.289359967447748,11.289359967447748,1.2106400325522522,9.685120260418017
1055,10.799,9.676114021211925,9.676114021211925,1.1228859787880747,10.398055179072829
2091,6.5,5.268208335739399,5.268208335739399,1.2317916642606006,18.950640988624627
6540,25.79,21.988819940161342,21.988819940161342,3.801180059838657,14.738968824500414
2571,3.5,3.4804008312916026,3.4804008312916026,0.019599168708397396,0.5599762488113542
1677,10.3,8.058406304020115,8.058406304020115,2.2415936959798852,21.76304559203772
1174,1.8,1.201790705770449,1.201790705770449,0.5982092942295509,33.2338496794195
6021,78.2,71.40622901679924,71.40622901679924,6.7937709832007585,8.687686679284857
5916,12.54,20.75138390351253,20.75138390351253,8.21138390351253,65.48153033104091
5389,3.9,3.9116171557024586,3.9116171557024586,0.011617155702458692,0.2978757872425306
2087,14.0,14.865099185273213,14.865099185273213,0.8650991852732126,6.179279894808661
1370,46.5,30.45197289847303,30.45197289847303,16.04802710152697,34.511886239842944
6314,16.899,15.685081407436842,15.685081407436842,1.213918592563159,7.183375303646127
2934,5.0,5.957802513619461,5.957802513619461,0.9578025136194608,19.156050272389216
3107,16.99,15.890223269782718,15.890223269782718,1.0997767302172807,6.473082579265927
1188,7.8,6.157166755203642,6.157166755203642,1.6428332447963578,21.061964676876382
2029,6.699999,8.264909121508012,8.264909121508012,1.564910121508012,23.356870971294352
4209,4.888888,6.263698505064185,6.263698505064185,1.3748105050641852,28.12112908015453
5027,4.5,5.337249045277518,5.337249045277518,0.8372490452775176,18.605534339500394
7009,23.5,27.10650803982826,27.10650803982826,3.6065080398282596,15.346842722673445
7093,40.9,36.1010824366154,36.1010824366154,4.798917563384599,11.733294776001465
3956,7.2,12.681557364231566,12.681557364231566,5.481557364231565,76.13274116988285
833,9.0,7.544405567974653,7.544405567974653,1.4555944320253467,16.173271466948297
1393,5.4,7.885509199617939,7.885509199617939,2.4855091996179386,46.02794814107293
549,24.9,21.146531986314795,21.146531986314795,3.753468013685204,15.074168729659455
1020,5.5,5.832199941047923,5.832199941047923,0.3321999410479233,6.039998928144059
248,3.6,4.373346570690445,4.373346570690445,0.7733465706904448,21.481849185845686
2648,6.5,4.657716991999316,4.657716991999316,1.8422830080006838,28.342815507702827
296,6.3,6.833127101144694,6.833127101144694,0.5331271011446939,8.462334938804664
1559,7.39,4.860024848695997,4.860024848695997,2.5299751513040025,34.23511706771316
1563,12.8,10.837545591955234,10.837545591955234,1.962454408044767,15.331675062849742
6766,13.69,13.757710772168117,13.757710772168117,0.06771077216811783,0.4946002349752946
3260,9.7,11.074039308434447,11.074039308434447,1.3740393084344475,14.165353695200492
100,1.4,1.8218885643156426,1.8218885643156426,0.4218885643156427,30.134897451117336
4204,43.5,37.799778932103166,37.799778932103166,5.700221067896834,13.103956477923756
3197,7.0,6.65391917743498,6.65391917743498,0.34608082256502026,4.944011750928861
2937,17.5,18.88801635016013,18.88801635016013,1.3880163501601288,7.931522000915021
7017,15.99,12.761990321598645,12.761990321598645,3.2280096784013548,20.18767778862636
1499,6.0,6.285014862941654,6.285014862941654,0.28501486294165357,4.7502477156942255
4872,7.0,8.402809022289913,8.402809022289913,1.4028090222899134,20.040128889855907
1656,5.0,5.728880780628612,5.728880780628612,0.7288807806286117,14.577615612572234
6788,13.29,14.361913972259948,14.361913972259948,1.0719139722599493,8.06556788758427
346,4.0,4.373346570690445,4.373346570690445,0.37334657069044486,9.33366426726112
1718,7.5,8.268421567594405,8.268421567594405,0.7684215675944053,10.245620901258738
1665,1.7,2.0159712001995644,2.0159712001995644,0.3159712001995645,18.586541188209676
681,6.0,6.010430896547977,6.010430896547977,0.010430896547976687,0.17384827579961143
6514,69.99,45.81296989596569,45.81296989596569,24.1770301040343,34.54354922708144
3898,3.9,5.0636729169025845,5.0636729169025845,1.1636729169025846,29.83776710006627
6186,20.45,24.26041182153875,24.26041182153875,3.81041182153875,18.632820643221272
6408,54.999,48.204466701743,48.204466701743,6.794533298257001,12.353921522676776
7289,23.79,26.765409954646405,26.765409954646405,2.9754099546464055,12.506977531090396
5761,17.75,16.752228157152437,16.752228157152437,0.9977718428475626,5.621249818859508
7063,49.59,45.89223369967715,45.89223369967715,3.6977663003228542,7.45667735495635
1793,3.8,6.320148711148687,6.320148711148687,2.5201487111486873,66.31970292496547
3542,5.9,8.001036190980999,8.001036190980999,2.1010361909809987,35.61078289798303
6741,18.8,20.295279332714628,20.295279332714628,1.4952793327146274,7.953613471886316
1706,6.2,8.625142832341218,8.625142832341218,2.4251428323412183,39.115206973245456
1414,5.6,5.37276537432284,5.37276537432284,0.22723462567716002,4.057761172806429
4761,2.9,3.6694712486000527,3.6694712486000527,0.7694712486000528,26.533491331036302
3066,8.8,5.832199941047923,5.832199941047923,2.9678000589520774,33.72500066990997
2991,8.0,8.154689416031347,8.154689416031347,0.15468941603134745,1.933617700391843
6041,9.75,16.732150545907327,16.732150545907327,6.982150545907327,71.61180047084437
84,37.9,35.571123160181614,35.571123160181614,2.328876839818385,6.144793772607875
5327,9.5,7.9223507291937345,7.9223507291937345,1.5776492708062655,16.60683442953964
3207,9.0,10.928212534314792,10.928212534314792,1.9282125343147918,21.424583714608797
5025,3.99,4.284906089929879,4.284906089929879,0.29490608992987877,7.391130073430545
1561,1.2,2.1954929766895575,2.1954929766895575,0.9954929766895575,82.95774805746314
6072,8.39,42.43504344748328,42.43504344748328,34.04504344748328,405.7812091475957
2948,8.9,11.449127127447532,11.449127127447532,2.549127127447532,28.641877836489122
3528,7.8,7.885509199617939,7.885509199617939,0.08550919961793912,1.0962717899735785
1297,5.0,5.885937890201759,5.885937890201759,0.8859378902017587,17.718757804035175
4866,8.499,8.392395347753382,8.392395347753382,0.10660465224661841,1.2543199464245016
6289,13.28,13.75300016193397,13.75300016193397,0.473000161933971,3.5617482073341193
4506,14.2,13.335909504160261,13.335909504160261,0.8640904958397382,6.085144336899565
1912,18.5,15.172892459883913,15.172892459883913,3.327107540116087,17.984365081708578
6456,79.99,47.615290883256925,47.615290883256925,32.37470911674307,40.47344557662591
5998,9.494,8.792648186102035,8.792648186102035,0.7013518138979649,7.3873163460918985
6127,18.99,17.6252708004391,17.6252708004391,1.364729199560898,7.18656766488098
6875,44.199,26.15660723110501,26.15660723110501,18.042392768894988,40.820816690185275
1817,12.2,10.095124932504042,10.095124932504042,2.104875067495957,17.253074323737355
3722,7.6,8.774928596394853,8.774928596394853,1.174928596394853,15.45958679466912
5451,9.79,11.755364035786544,11.755364035786544,1.9653640357865445,20.075219977390653
6187,36.99,34.93823346277118,34.93823346277118,2.051766537228822,5.546814104430446
7164,8.99,12.176344700150157,12.176344700150157,3.1863447001501566,35.443211347610195
3089,1.2,1.443892024834911,1.443892024834911,0.24389202483491101,20.324335402909252
4845,6.0,5.683161407230509,5.683161407230509,0.316838592769491,5.280643212824851
3142,3.2,1.9148202872725664,1.9148202872725664,1.2851797127274338,40.161866022732305
1623,5.5,5.387827448590117,5.387827448590117,0.11217255140988325,2.03950093472515
6834,18.38,19.423083123203597,19.423083123203597,1.0430831232035978,5.6750986028487365
5459,16.79,24.312651286370905,24.312651286370905,7.522651286370905,44.80435548761707
5605,47.95,47.484841140863686,47.484841140863686,0.4651588591363165,0.9700914684803262
6392,26.4,29.66788974396569,29.66788974396569,3.267889743965693,12.378370242294292
1199,2.0,3.8711331605392556,3.8711331605392556,1.8711331605392556,93.55665802696278
373,6.0,4.5632172554226065,4.5632172554226065,1.4367827445773935,23.946379076289894
2457,5.7,5.707068988291105,5.707068988291105,0.007068988291105249,0.12401733844044298
5260,4.99,4.860024848695997,4.860024848695997,0.12997515130400306,2.604712450982025
3819,21.09,22.011629383177315,22.011629383177315,0.921629383177315,4.369982850532551
7284,23.3,32.477882303756985,32.477882303756985,9.177882303756984,39.39005280582396
1317,8.0,9.722071924558742,9.722071924558742,1.7220719245587421,21.525899056984276
1446,13.0,15.088405381928467,15.088405381928467,2.0884053819284674,16.064656784065136
3799,18.9,19.52215258407805,19.52215258407805,0.6221525840780515,3.2918126141695847
3482,3.7,4.9664952319733615,4.9664952319733615,1.2664952319733613,34.2296008641449
1488,6.399,6.647267806423278,6.647267806423278,0.24826780642327773,3.8797906926594425
4486,4.0,4.228372629226793,4.228372629226793,0.2283726292267927,5.709315730669817
6067,102.0,75.65493303423143,75.65493303423143,26.345066965768567,25.828497025263303
812,5.123,3.5568172790803945,3.5568172790803945,1.5661827209196058,30.571593225055743
3580,34.5,23.70895474787244,23.70895474787244,10.79104525212756,31.278392035152347
4317,3.95,3.071082075109423,3.071082075109423,0.878917924890577,22.251086706090557
3366,3.9,2.5432889014088294,2.5432889014088294,1.3567110985911706,34.78746406644027
3651,4.0,4.175795065943229,4.175795065943229,0.17579506594322858,4.3948766485807145
6684,40.5,34.889675716109345,34.889675716109345,5.610324283890655,13.852652552816433
1511,3.5,3.1079941024051028,3.1079941024051028,0.39200589759489723,11.20016850271135
7149,18.29,21.22988062269797,21.22988062269797,2.93988062269797,16.073704880798086
1801,3.4,3.051955973597106,3.051955973597106,0.3480440264028939,10.236589011849821
4516,4.6,5.707068988291105,5.707068988291105,1.1070689882911058,24.06671713676317
921,7.8,9.07122808994819,9.07122808994819,1.271228089948191,16.297796024976808
322,15.0,16.735215995894308,16.735215995894308,1.7352159958943076,11.568106639295385
3838,2.5,3.019228313401528,3.019228313401528,0.5192283134015279,20.769132536061115
5634,27.49,30.118966775287046,30.118966775287046,2.628966775287047,9.56335676714095
7262,9.08,14.398164278727576,14.398164278727576,5.318164278727576,58.57009117541383
4402,6.85,6.318159836380237,6.318159836380237,0.5318401636197629,7.764089979850554
6217,10.45,10.504268089242034,10.504268089242034,0.054268089242034634,0.519311858775451
1569,5.9,6.7451349133008565,6.7451349133008565,0.8451349133008561,14.324320564421289
4661,17.5,16.451952560883395,16.451952560883395,1.0480474391166048,5.988842509237742
231,12.9,10.877832294434514,10.877832294434514,2.0221677055654865,15.675718647794469
1545,1.8,2.9403089386336507,2.9403089386336507,1.1403089386336507,63.35049659075837
1420,1.0,2.5498548801528362,2.5498548801528362,1.5498548801528362,154.98548801528364
1079,5.9,9.071679168161642,9.071679168161642,3.171679168161642,53.757274036638
3103,7.9,6.400883764250016,6.400883764250016,1.4991162357499848,18.976154882911196
1115,4.75,6.465877483653666,6.465877483653666,1.7158774836536663,36.12373649797192
6946,14.45,12.1090865186899,12.1090865186899,2.3409134813101,16.200093296263667
1941,10.9,10.095124932504042,10.095124932504042,0.8048750674959582,7.384174931155579
1867,10.95,9.986347654944895,9.986347654944895,0.9636523450551042,8.800478037032915
2586,6.65,8.436986430145927,8.436986430145927,1.7869864301459266,26.871976393171828
2751,11.5,9.490070602107757,9.490070602107757,2.0099293978922432,17.47764693819342
1425,9.59,8.873778903605889,8.873778903605889,0.7162210963941114,7.4684160207936525
5395,14.5,14.542104513898797,14.542104513898797,0.042104513898797435,0.2903759579227409
4053,32.5,25.137549664799714,25.137549664799714,7.362450335200286,22.653693339077805
7283,16.95,17.505431141385063,17.505431141385063,0.5554311413850641,3.2768798901773692
4333,4.49,6.971115535907759,6.971115535907759,2.481115535907759,55.25869790440443
1618,9.0,13.588014399143375,13.588014399143375,4.5880143991433755,50.97793776825973
2402,16.8,14.65800233690954,14.65800233690954,2.1419976630904607,12.74998608982417
265,15.3,14.5601787145777,14.5601787145777,0.7398212854223001,4.835433238054248
0,9.99,8.873778903605889,8.873778903605889,1.1162210963941117,11.173384348289407
4015,16.5,13.103146155523865,13.103146155523865,3.3968538444761354,20.586992996825064
5187,3.5,3.632439487104307,3.632439487104307,0.13243948710430686,3.7839853458373387
838,1.2,2.728423571230513,2.728423571230513,1.528423571230513,127.3686309358761
14,21.9,15.913796499280126,15.913796499280126,5.986203500719872,27.334262560364714
3263,2.6,2.172020415688236,2.172020415688236,0.42797958431176397,16.460753242760152
4912,21.0,14.348766724111135,14.348766724111135,6.651233275888865,31.672539408994595
6477,29.155,38.58265898701863,38.58265898701863,9.427658987018631,32.336336775917104
8,16.5,14.950030214270523,14.950030214270523,1.549969785729477,9.393756277148345
1039,8.5,14.231633759004557,14.231633759004557,5.731633759004557,67.43098540005361
2759,11.9,10.456076702625671,10.456076702625671,1.4439232973743295,12.13380922163302
3992,15.5,17.13067451918689,17.13067451918689,1.6306745191868899,10.520480768947676
6472,12.99,21.470651351946437,21.470651351946437,8.480651351946436,65.28599963007264
4141,32.79,29.041652081457755,29.041652081457755,3.748347918542244,11.431375170912608
6629,18.1,19.247389413606598,19.247389413606598,1.1473894136065965,6.339168030975671
339,4.1,3.4106751433889007,3.4106751433889007,0.689324856611099,16.812801380758515
1956,3.3,4.961872271640409,4.961872271640409,1.6618722716404095,50.35976580728514
4220,6.5,5.009138480891184,5.009138480891184,1.4908615191088161,22.936331063212556
2770,29.999999,11.4503441087497,11.4503441087497,18.5496548912503,61.83218503190716
1090,23.5,25.760668397594415,25.760668397594415,2.260668397594415,9.619865521678364
4512,8.999,6.396865201480703,6.396865201480703,2.6021347985192973,28.915821741519025
1883,6.0,6.671142925621419,6.671142925621419,0.6711429256214192,11.185715427023652
622,5.3,7.219062996956402,7.219062996956402,1.9190629969564021,36.20873579163023
7220,12.5,15.449750726581659,15.449750726581659,2.9497507265816587,23.59800581265327
5192,3.8,7.934800476410247,7.934800476410247,4.1348004764102475,108.81053885290126
5045,2.8,7.534850580737536,7.534850580737536,4.734850580737536,169.101806454912
4331,16.5,19.050313903600692,19.050313903600692,2.550313903600692,15.456447900610254
4952,4.7,3.1335320024022564,3.1335320024022564,1.5664679975977438,33.32910633186689
3032,8.4,6.604251745070122,6.604251745070122,1.7957482549298787,21.377955415831888
4568,5.999,5.699360097106322,5.699360097106322,0.29963990289367803,4.994830853370196
889,4.5,7.656679305432485,7.656679305432485,3.156679305432485,70.14842900961078
1507,3.1,2.2911140709909614,2.2911140709909614,0.8088859290090387,26.09309448416254
3688,10.0,7.122301463434903,7.122301463434903,2.877698536565097,28.77698536565097
196,1.9,0.9794212469094957,0.9794212469094957,0.9205787530905042,48.451513320552856
5533,12.99,13.647759012179897,13.647759012179897,0.6577590121798966,5.063579770438003
3980,11.2,13.208757691503756,13.208757691503756,2.0087576915037566,17.93533653128354
2789,3.8,4.474844990803503,4.474844990803503,0.6748449908035035,17.759078705355353
6575,38.0,16.43063129546861,16.43063129546861,21.56936870453139,56.76149659087207
4236,21.5,12.843930067000938,12.843930067000938,8.656069932999062,40.260790386042146
432,4.2,6.607294251268211,6.607294251268211,2.407294251268211,57.316529792100255
2598,10.9,11.823921499334618,11.823921499334618,0.9239214993346181,8.476344030592827
6091,28.99,20.909201487769874,20.909201487769874,8.080798512230125,27.8744343298728
1694,23.5,25.987924157069223,25.987924157069223,2.487924157069223,10.586911306677544
5357,29.9,30.152255746789063,30.152255746789063,0.25225574678906426,0.8436647049801481
1108,13.9,16.879786813655453,16.879786813655453,2.979786813655453,21.437315206154338
6353,37.5,42.32904310849122,42.32904310849122,4.82904310849122,12.87744828930992
6690,60.89,43.23302316656605,43.23302316656605,17.65697683343395,28.998155417037204
6262,110.99,88.85014752751934,88.85014752751934,22.139852472480655,19.94761012026368
4825,1.65,3.2174883232396,3.2174883232396,1.5674883232396,94.99929231755152
1277,4.6,4.7838256675598805,4.7838256675598805,0.18382566755988083,3.996210164345236
1195,5.9,5.836890417946964,5.836890417946964,0.06310958205303674,1.0696539331023176
6062,18.19,27.97887635279013,27.97887635279013,9.78887635279013,53.81460336882974
604,9.0,9.73341390586121,9.73341390586121,0.7334139058612106,8.149043398457895
3742,6.2,4.172404314733033,4.172404314733033,2.0275956852669674,32.70315621398334
1593,17.9,19.795971566190993,19.795971566190993,1.895971566190994,10.592019922854716
1219,19.4,23.419266592678937,23.419266592678937,4.019266592678939,20.717869034427522
2229,7.0,8.154940784495265,8.154940784495265,1.154940784495265,16.49915406421807
4519,4.1,3.6724092750813586,3.6724092750813586,0.42759072491864103,10.429042071186368
1652,3.3,3.6383477746585164,3.6383477746585164,0.3383477746585166,10.252962868439898
4657,5.9,6.874312298211776,6.874312298211776,0.9743122982117756,16.513767766301278
4865,5.9,4.095752910175455,4.095752910175455,1.8042470898245453,30.58045914956856
6264,11.09,10.81949586982702,10.81949586982702,0.2705041301729807,2.439171597592251
4955,38.0,35.19861640340567,35.19861640340567,2.8013835965943272,7.372062096300862
1158,12.0,9.872823581773488,9.872823581773488,2.1271764182265116,17.726470151887597
4818,10.8,10.933661979657897,10.933661979657897,0.13366197965789617,1.2376109227582979
3256,8.8,8.60209227201068,8.60209227201068,0.1979077279893211,2.248951454424103
5728,38.699,38.67549833038917,38.67549833038917,0.023501669610830334,0.06072939768684032
4650,17.5,19.967943306336462,19.967943306336462,2.467943306336462,14.102533179065496
7219,15.49,17.67228908563146,17.67228908563146,2.1822890856314583,14.088373696781526
5702,14.19,13.225764130398831,13.225764130398831,0.9642358696011684,6.795178785068136
2807,4.59,3.0842087278776615,3.0842087278776615,1.5057912721223383,32.8059100680248
2851,8.6,12.72424253190188,12.72424253190188,4.12424253190188,47.95630851048697
4559,10.49,9.151957953952113,9.151957953952113,1.338042046047887,12.755405586729143
2995,6.5,10.133966614183732,10.133966614183732,3.6339666141837323,55.90717867974973
904,5.95,4.357374920339638,4.357374920339638,1.5926250796603618,26.766808061518688
6841,21.169,20.458064138585517,20.458064138585517,0.7109358614144838,3.358381885844791
2357,23.8,22.80140142067753,22.80140142067753,0.9985985793224721,4.19579235009442
3383,12.8,11.360703901197246,11.360703901197246,1.439296098802755,11.244500771896524
3470,9.0,13.582961480913783,13.582961480913783,4.582961480913783,50.92179423237536
1616,7.8,8.873778903605889,8.873778903605889,1.0737789036058887,13.766396200075496
3575,5.8,6.3892775673159115,6.3892775673159115,0.5892775673159116,10.159958057170892
6977,26.95,16.592618924352617,16.592618924352617,10.357381075647382,38.431840725964314
5006,10.9,9.648178869244491,9.648178869244491,1.2518211307555092,11.484597529867056
3820,3.65,4.388971508648659,4.388971508648659,0.738971508648659,20.245794757497507
1860,7.5,6.015150537168508,6.015150537168508,1.4848494628314919,19.797992837753224
2088,4.99,3.8862536008763318,3.8862536008763318,1.1037463991236685,22.119166315103573
7077,27.52,24.32894871994605,24.32894871994605,3.191051280053948,11.595389825777428
6930,27.699,23.64684835355202,23.64684835355202,4.052151646447982,14.629234436073437
5213,4.1,7.968589285601266,7.968589285601266,3.8685892856012662,94.35583623417723
2251,3.2,2.557082720149392,2.557082720149392,0.6429172798506082,20.091164995331507
3784,14.0,19.722323974553504,19.722323974553504,5.722323974553504,40.87374267538217
3127,6.5,5.832199941047923,5.832199941047923,0.6678000589520767,10.273847060801181
254,11.7,9.07122808994819,9.07122808994819,2.6287719100518085,22.46813598334879
6705,16.78,15.558034649335916,15.558034649335916,1.2219653506640853,7.282272649964751
4989,2.999999,4.373346570690445,4.373346570690445,1.373347570690445,45.77826761577071
221,14.85,15.309889679439872,15.309889679439872,0.4598896794398719,3.0969001982482958
267,2.9,2.8711022063771745,2.8711022063771745,0.028897793622825407,0.9964756421663935
107,8.1,5.839908832232707,5.839908832232707,2.2600911677672926,27.902360095892504
4800,5.5,4.06041410038581,4.06041410038581,1.4395858996141904,26.17428908389437
1226,5.4,8.0792090685809,8.0792090685809,2.6792090685808994,49.61498275149813
4938,4.9,5.625060465174777,5.625060465174777,0.725060465174777,14.797152350505652
3418,9.5,8.791597757366937,8.791597757366937,0.7084022426330634,7.456865711926983
4154,8.5,6.448754785978891,6.448754785978891,2.051245214021109,24.13229663554246
1758,6.99,8.151677332713689,8.151677332713689,1.1616773327136887,16.619132084602125
2284,9.99,9.080982286209702,9.080982286209702,0.9090177137902984,9.0992764143173
2526,3.3,4.140757274428524,4.140757274428524,0.8407572744285243,25.477493164500736
4004,15.0,6.820881457109957,6.820881457109957,8.179118542890043,54.52745695260028
1210,15.5,24.086334287370896,24.086334287370896,8.586334287370896,55.39570507981223
6664,11.5,14.64152733369642,14.64152733369642,3.14152733369642,27.317628988664524
2464,13.6,13.135726875868158,13.135726875868158,0.4642731241318412,3.4137729715576564
4240,13.5,13.555614742119866,13.555614742119866,0.05561474211986628,0.41196105273975026
4198,14.5,12.616745989261362,12.616745989261362,1.8832540107386375,12.987958694749224
376,4.5,4.1435962513002025,4.1435962513002025,0.3564037486997975,7.920083304439945
755,1.8,2.884960138004877,2.884960138004877,1.0849601380048768,60.275563222493155
291,12.49,13.417641450137166,13.417641450137166,0.9276414501371661,7.427073259705093
5091,1.7,5.104422798879308,5.104422798879308,3.404422798879308,200.26016463995927
1465,1.35,3.8862655057361044,3.8862655057361044,2.5362655057361043,187.8715189434151
188,4.7,5.54682193443114,5.54682193443114,0.8468219344311398,18.017487966619996
1870,33.0,17.77284058963252,17.77284058963252,15.22715941036748,46.14290730414388
1201,8.7,10.529976122197596,10.529976122197596,1.8299761221975963,21.034208301121797
1649,4.0,3.9229362891237973,3.9229362891237973,0.07706371087620267,1.9265927719050668
6030,128.96,137.5055212813918,137.5055212813918,8.545521281391785,6.626489827381968
3706,30.49,27.436973372296723,27.436973372296723,3.053026627703275,10.013206388006807
4176,6.5,6.487052718193049,6.487052718193049,0.012947281806950706,0.1991889508761647
501,10.0,9.404584627083807,9.404584627083807,0.5954153729161931,5.954153729161931
6193,26.99,23.144893088097497,23.144893088097497,3.8451069119025014,14.246413160068549
2605,5.5,6.465877483653666,6.465877483653666,0.9658774836536663,17.561408793703023
6874,64.89,74.33700185421141,74.33700185421141,9.447001854211408,14.558486445078453
3312,23.5,20.584882957233,20.584882957233,2.915117042767001,12.4047533734766
2812,6.5,6.678197225530579,6.678197225530579,0.17819722553057904,2.7414957773935233
4763,5.5,8.465088713683002,8.465088713683002,2.965088713683002,53.910703885145494
6753,76.79,49.6012363400225,49.6012363400225,27.188763659977504,35.40664625599362
672,7.9,5.832199941047923,5.832199941047923,2.067800058952077,26.174684290532618
4766,13.8,19.195334845994388,19.195334845994388,5.3953348459943875,39.096629318799906
3753,7.35,6.953443474217369,6.953443474217369,0.39655652578263023,5.39532688139633
1374,12.8,12.825603812646376,12.825603812646376,0.025603812646375346,0.2000297862998074
7043,23.99,23.147838666162116,23.147838666162116,0.8421613338378826,3.5104682527631623
6988,15.58,16.35051615939955,16.35051615939955,0.7705161593995502,4.945546594348846
5718,79.99,80.69594819853864,80.69594819853864,0.7059481985386498,0.8825455663691084
1192,4.9,6.180612641749453,6.180612641749453,1.2806126417494523,26.1349518724378
3053,52.9,42.97949543005089,42.97949543005089,9.92050456994911,18.75331676738962
3950,2.8,2.875669112431838,2.875669112431838,0.07566911243183805,2.702468301137073
216,13.0,10.882890636859097,10.882890636859097,2.1171093631409033,16.28545663954541
4697,6.49,7.997802227142495,7.997802227142495,1.507802227142495,23.232699955970645
421,1.2,0.8971836279926467,0.8971836279926467,0.30281637200735323,25.234697667279438
505,3.9,5.5879143504171775,5.5879143504171775,1.6879143504171776,43.27985513890199
4836,2.9,3.1174699547963387,3.1174699547963387,0.2174699547963388,7.498963958494441
6453,19.9,19.488198444727026,19.488198444727026,0.411801555272973,2.0693545491104173
6845,49.5,31.0444033922049,31.0444033922049,18.4555966077951,37.28403355110122
6252,20.59,24.670912331223043,24.670912331223043,4.080912331223043,19.81987533376903
506,16.3,15.088405381928467,15.088405381928467,1.2115946180715333,7.433095816389774
1807,8.9,6.291424611189657,6.291424611189657,2.608575388810343,29.309835829329696
4436,20.89,21.64040911283449,21.64040911283449,0.7504091128344896,3.592192976708902
1438,5.99,3.158463933359033,3.158463933359033,2.8315360666409672,47.27105286545855
5520,76.49,71.13459286994467,71.13459286994467,5.355407130055326,7.001447418035464
7069,41.599,30.64922182218374,30.64922182218374,10.949778177816256,26.322214903762724
4704,3.8,3.4242849008428764,3.4242849008428764,0.3757150991571234,9.887239451503248
1426,27.9,34.85790402869621,34.85790402869621,6.957904028696213,24.938724117190727
2859,7.5,6.833127101144694,6.833127101144694,0.6668728988553063,8.891638651404083
3016,5.0,4.263972346159457,4.263972346159457,0.7360276538405426,14.720553076810852
2688,20.49,20.998094538298396,20.998094538298396,0.5080945382983977,2.479719562217656
4664,12.0,6.850410027024446,6.850410027024446,5.149589972975554,42.913249774796284
2280,2.95,4.699771824459691,4.699771824459691,1.7497718244596907,59.3142991342268
347,6.5,6.752952022769588,6.752952022769588,0.2529520227695876,3.891569581070579
4320,12.99,15.32128340129022,15.32128340129022,2.3312834012902197,17.946754436414317
333,11.5,6.741082615372439,6.741082615372439,4.758917384627561,41.38189030110922
4386,6.5,6.936698046727302,6.936698046727302,0.43669804672730184,6.718431488112336
3381,7.75,7.500234937508907,7.500234937508907,0.2497650624910932,3.2227749998850737
5781,18.355,23.157666750417018,23.157666750417018,4.802666750417018,26.165441298921372
6380,15.89,17.743045239184237,17.743045239184237,1.8530452391842367,11.66170698039167
5832,83.49,96.37678887761832,96.37678887761832,12.88678887761833,15.435128611352653
6831,8.29,9.70532074567448,9.70532074567448,1.4153207456744816,17.072626606447308
3023,9.79,9.87254887238297,9.87254887238297,0.08254887238297037,0.8431958363939774
6726,5.65,5.09483156621618,5.09483156621618,0.5551684337838205,9.825989978474698
746,14.5,15.957134866810406,15.957134866810406,1.4571348668104065,10.049205978002803
3410,34.0,27.318228361899177,27.318228361899177,6.681771638100823,19.65226952382595
5257,5.7,5.561541408648982,5.561541408648982,0.1384585913510179,2.429098093877507
3704,5.0,5.321740353162523,5.321740353162523,0.32174035316252336,6.434807063250466
3589,2.5,4.778253855397821,4.778253855397821,2.2782538553978213,91.13015421591285
5019,7.8,6.178363883466843,6.178363883466843,1.621636116533157,20.790206622219962
4038,24.2,20.998094538298396,20.998094538298396,3.201905461701603,13.23101430455208
3608,9.3,9.318986555775004,9.318986555775004,0.018986555775002856,0.2041565137097081
6968,28.59,29.930534051006724,29.930534051006724,1.340534051006724,4.688821444584555
259,4.8,5.86952577927127,5.86952577927127,1.0695257792712702,22.281787068151466
1795,11.49,8.873778903605889,8.873778903605889,2.6162210963941117,22.769548271489224
4210,20.0,16.941187333461567,16.941187333461567,3.058812666538433,15.294063332692165
3653,8.3,5.267456679298751,5.267456679298751,3.03254332070125,36.536666514472884
3265,4.59,5.832199941047923,5.832199941047923,1.2421999410479234,27.063179543527742
3246,5.0,6.171646169599466,6.171646169599466,1.171646169599466,23.43292339198932
1730,25.0,17.287544588505288,17.287544588505288,7.712455411494712,30.84982164597885
599,11.5,15.18566599015157,15.18566599015157,3.68566599015157,32.04926947957887
45,13.0,12.830440098755052,12.830440098755052,0.16955990124494846,1.3043069326534495
4651,23.5,12.20427638651953,12.20427638651953,11.29572361348047,48.06690899353392
5070,6.0,5.79682887178247,5.79682887178247,0.20317112821753014,3.386185470292169
4575,6.0,4.830360341960867,4.830360341960867,1.1696396580391326,19.493994300652208
3921,14.2,7.8328215406196495,7.8328215406196495,6.36717845938035,44.83928492521373
3881,2.686686,3.555483491028336,3.555483491028336,0.868797491028336,32.33714289754501
6979,5.85,14.055922253334892,14.055922253334892,8.205922253334892,140.2721752706819
6997,28.9,21.4587083714681,21.4587083714681,7.4412916285319,25.748413939556748
1421,1.9,3.512853631597531,3.512853631597531,1.612853631597531,84.88703324197532
4251,17.2,18.690972435631974,18.690972435631974,1.4909724356319742,8.668444393209153
3529,2.3,2.8077823155276764,2.8077823155276764,0.5077823155276766,22.077491979464202
6651,12.09,12.85958796243979,12.85958796243979,0.7695879624397897,6.36549183159462
6497,96.79,95.9635146941763,95.9635146941763,0.8264853058237094,0.8538953464445803
7180,15.99,17.008515653861576,17.008515653861576,1.0185156538615754,6.36970390157333
3044,13.2,16.879786813655453,16.879786813655453,3.679786813655454,27.87717283072314
1298,4.1,5.832199941047923,5.832199941047923,1.7321999410479236,42.248779049949356
426,6.5,5.321506931986407,5.321506931986407,1.1784930680135934,18.130662584824513
4603,8.2,5.6343550566700085,5.6343550566700085,2.565644943329991,31.288352967438914
805,19.9,16.20843183260027,16.20843183260027,3.69156816739973,18.550593806028797
410,7.7,12.637656131426061,12.637656131426061,4.937656131426061,64.12540430423455
6097,12.38,15.821076869856975,15.821076869856975,3.4410768698569747,27.795451291251815
3858,15.0,3.7768967508988505,3.7768967508988505,11.22310324910115,74.820688327341
438,8.8,11.384285215565258,11.384285215565258,2.5842852155652576,29.366877449605198
2389,2.0,2.381007984476521,2.381007984476521,0.38100798447652107,19.050399223826055
4161,9.2,11.121921290128226,11.121921290128226,1.9219212901282265,20.890448805741592
434,5.8,6.540509118647014,6.540509118647014,0.7405091186470143,12.767398597362318
751,10.5,8.264909121508012,8.264909121508012,2.235090878491988,21.286579795161792
3411,8.5,6.3132364035271635,6.3132364035271635,2.1867635964728365,25.726630546739255
2874,6.99,5.811887459952345,5.811887459952345,1.178112540047655,16.854256653042277
4383,14.6,15.210470747116334,15.210470747116334,0.6104707471163344,4.1813064870981815
2142,9.0,8.273536626339492,8.273536626339492,0.7264633736605077,8.07181526289453
6044,24.0,36.93009569781501,36.93009569781501,12.930095697815013,53.87539874089589
4937,7.5,6.896713419797674,6.896713419797674,0.603286580202326,8.043821069364347
4856,5.9,7.860094818849016,7.860094818849016,1.960094818849016,33.22194608218671
1049,6.0,8.453573786885205,8.453573786885205,2.4535737868852046,40.89289644808674
626,6.5,6.402660990165539,6.402660990165539,0.09733900983446109,1.4975232282224784
1926,10.2,9.489763077664017,9.489763077664017,0.7102369223359819,6.963107081725313
1223,7.6,5.811887459952345,5.811887459952345,1.7881125400476545,23.527796579574403
210,7.89,10.188013243280842,10.188013243280842,2.2980132432808427,29.12564313410447
2431,3.89,2.471173591551441,2.471173591551441,1.4188264084485591,36.473686592507946
6216,14.59,16.960807010630415,16.960807010630415,2.370807010630415,16.249534000208467
4927,16.0,18.88631115634837,18.88631115634837,2.88631115634837,18.03944472717731
51,18.8,15.706899156452671,15.706899156452671,3.0931008435473295,16.452664061421967
1109,12.5,12.498395256824534,12.498395256824534,0.0016047431754664387,0.01283794540373151
1436,7.2,8.52718395093454,8.52718395093454,1.3271839509345407,18.433110429646398
7277,10.49,12.65425075851924,12.65425075851924,2.1642507585192394,20.631561091699137
3882,2.8,4.533541199867277,4.533541199867277,1.7335411998672772,61.91218570954562
1786,10.8,5.561541408648982,5.561541408648982,5.238458591351018,48.50424621621313
5456,22.0,25.068036854389515,25.068036854389515,3.068036854389515,13.945622065406885
4338,6.0,5.995317153234448,5.995317153234448,0.004682846765551751,0.0780474460925292
6336,19.592,25.114306917785008,25.114306917785008,5.522306917785009,28.18654000502761
1558,2.8,3.7719477771356864,3.7719477771356864,0.9719477771356866,34.71242061198881
2249,26.49,21.10633292858324,21.10633292858324,5.38366707141676,20.323394003083276
5044,36.0,23.51285126120807,23.51285126120807,12.48714873879193,34.68652427442203
3786,8.5,12.06761529440544,12.06761529440544,3.5676152944054405,41.97194464006401
4233,12.8,16.887572970997255,16.887572970997255,4.087572970997254,31.934163835916046
4561,13.0,7.466215586151638,7.466215586151638,5.533784413848362,42.56757241421817
3733,3.5,3.568297944138476,3.568297944138476,0.06829794413847612,1.951369832527889
5661,63.05,84.18386966273772,84.18386966273772,21.133869662737723,33.51922230410424
5664,70.99,71.13459286994467,71.13459286994467,0.1445928699446739,0.20368061691037317
6291,8.89,8.97688553799853,8.97688553799853,0.08688553799852983,0.9773401349665897
6970,20.49,28.305819557165165,28.305819557165165,7.815819557165167,38.14455615990809
4693,29.5,15.349806305078175,15.349806305078175,14.150193694921825,47.96675828787059
3164,1.0,1.3456536437998314,1.3456536437998314,0.34565364379983143,34.565364379983144
2112,5.4,4.755915467155593,4.755915467155593,0.6440845328444071,11.927491348970502
705,7.2,7.359245525002034,7.359245525002034,0.15924552500203415,2.21174340280603
2943,26.5,20.584882957233,20.584882957233,5.915117042767001,22.321196387800004
6952,20.99,13.385291095700943,13.385291095700943,7.604708904299056,36.23015199761342
57,3.8,5.754848192013368,5.754848192013368,1.954848192013368,51.443373474036
4881,9.8,9.499931617525053,9.499931617525053,0.30006838247494727,3.0619222701525226
5640,17.2,23.540490925110046,23.540490925110046,6.340490925110046,36.863319332035154
527,4.5,11.625867887775298,11.625867887775298,7.125867887775298,158.35261972833996
1935,3.8,4.022982167187044,4.022982167187044,0.22298216718704378,5.8679517680801
5058,1.95,3.438680215908528,3.438680215908528,1.4886802159085282,76.34257517479632
565,4.0,6.311691595217067,6.311691595217067,2.3116915952170674,57.79228988042669
1871,4.9,5.654874452988327,5.654874452988327,0.7548744529883269,15.405601081394426
6095,18.85,17.988858849600145,17.988858849600145,0.8611411503998561,4.56838806578173
640,5.5,4.958156058702745,4.958156058702745,0.5418439412972553,9.85170802358646
5282,5.0,3.4319635371412556,3.4319635371412556,1.5680364628587444,31.360729257174892
1747,41.0,29.57707542312831,29.57707542312831,11.42292457687169,27.860791650906563
730,6.5,8.055917581852691,8.055917581852691,1.5559175818526914,23.93719356696448
