sample_id,y_true_price,raw_prediction,y_pred_price,absolute_error,absolute_percentage_error
3909,5.5,1.4659936957375796,3.331845638856378,2.168154361143622,39.42098838442949
6004,37.499,3.492532777838313,31.869092477159356,5.6299075228406465,15.013487087230715
1768,27.49,2.918827075496233,17.519552678474522,9.970447321525477,36.269360936796936
3360,7.8,2.1108576430305748,7.255318365649732,0.5446816343502681,6.983097876285488
4700,12.99,2.4771480272962427,10.907256775166173,2.082743224833827,16.033435141138007
865,3.5,1.3950836641643636,3.0353121695302345,0.4646878304697655,13.276795156279015
7074,52.5,3.6903288749145644,39.05801886874545,13.44198113125455,25.603773583341997
2233,26.0,2.9590710163463196,18.280052579792077,7.719947420207923,29.692105462338166
1720,22.0,2.529675915009621,11.549438392935656,10.450561607064344,47.502552759383384
1662,4.7,2.2222054212489675,8.227659317179768,3.5276593171797677,75.0565812165908
1566,11.49,2.8052782978631243,15.531675996038924,4.041675996038924,35.175596136109
5141,3.2,1.8226346052707068,5.188140299391049,1.9881402993910484,62.12938435597026
7264,63.86,3.910910043672879,48.94438286784816,14.915617132151837,23.356744647904538
5464,127.0,4.686213971535172,107.44183773791838,19.558162262081623,15.4001277654186
6348,31.79,3.320993250260255,26.687837857531395,5.102162142468604,16.04958207759863
6283,17.99,3.614043954759836,36.11584453138222,18.125844531382224,100.75511134731643
6419,30.9,3.472068215620018,31.203276937575687,0.3032769375756885,0.9814787623808691
763,7.9,2.577889776204903,12.16931860775034,4.269318607750339,54.04200769304226
3297,4.8,1.8895682899995974,5.616511650135899,0.8165116501358991,17.01065937783123
2654,3.59,1.253142792455487,2.501329636358305,1.088670363641695,30.32507976717814
2189,3.1399,1.5379803336885831,3.655178862312906,0.5152788623129059,16.41067748377037
3945,1.9,1.1333447747018994,2.1060281093507993,0.2060281093507994,10.843584702673652
6006,20.04,3.2389621530654242,24.507235399272734,4.4672353992727345,22.291593808746182
1197,19.8,2.485955611157004,11.012594140656756,8.787405859343245,44.38083767345073
429,7.5,2.0616319015767233,6.858784113820058,0.6412158861799417,8.54954514906589
4271,5.7,1.896075662597658,5.659708152176817,0.04029184782318307,0.706874523213738
3905,5.1,2.0302179214800353,6.615745812557141,1.5157458125571415,29.720506128571405
2316,2.7,1.9655552478058318,6.138875334769744,3.438875334769744,127.36575313962013
4584,13.5,2.333124777008272,9.310108038843719,4.189891961156281,31.036236749305786
7086,51.49,4.047908228821438,56.277520183043826,4.787520183043824,9.297961124575306
1992,16.5,2.759037292572012,14.78463964143548,1.7153603585645207,10.39612338523952
7240,13.1,2.7087018356344283,14.009777703381868,0.9097777033818684,6.944867964747087
554,7.2,2.3008271441600248,8.982435954529722,1.7824359545297215,24.75605492402391
1905,11.999,2.5018645222984617,11.205229681386552,0.7937703186134488,6.615303930439611
2034,14.5,2.5773675523644104,12.162443071051177,2.337556928948823,16.12108226861257
1215,6.2,1.9909092032585323,6.322188094055814,0.12218809405581421,1.9707757105776484
1615,7.0,2.1270060780610804,7.38971103308908,0.38971103308908006,5.5673004727011435
1002,3.2,1.319061617909028,2.7399102653214067,0.4600897346785935,14.377804208706046
2388,9.95,2.147005365157377,7.559188336515497,2.3908116634845022,24.02825792446736
6001,38.9,3.7613747973453475,42.00751196710907,3.107511967109069,7.988462640383211
1533,4.95,1.6508861150817422,4.21159585539911,0.7384041446008904,14.917255446482635
5326,26.5,3.3426386844918405,27.29368640391842,0.7936864039184215,2.9950430336544205
2764,22.5,3.0333690005666623,19.767079168229174,2.7329208317708265,12.14631480787034
6702,12.99,2.822098486112555,15.812093625779042,2.8220936257790417,21.725124139946434
496,10.89,2.6739409264282292,13.496988329332117,2.6069883293321165,23.939286770726508
2691,29.5,3.409140773785177,29.23925073689155,0.26074926310845115,0.8838958071472921
7213,26.25,3.469566884263403,31.1228265296958,4.8728265296958,18.56314868455543
5400,13.99,2.6033687854288328,12.509170963438173,1.4808290365618273,10.5849109118072
5931,44.99,3.5540797494271597,33.95563721669459,11.034362783305411,24.526256464337433
828,4.8,1.4569824221272856,3.2929855449990484,1.5070144550009514,31.39613447918649
3552,1.55,1.6338789161339475,4.123710666646732,2.5737106666467318,166.04584946107946
61,6.9,2.270531693702852,8.684548658950144,1.7845486589501434,25.8630240427557
1429,10.0,2.526049009782488,11.504005209959146,1.5040052099591463,15.040052099591463
2970,3.2,1.5161216531956128,3.5545268624878137,0.3545268624878135,11.078964452744172
3955,29.9,3.4393440659354453,30.166508287696892,0.26650828769689383,0.8913320658758991
4121,14.5,2.5764395050222837,12.150233367211117,2.3497666327888833,16.205287122681955
3550,16.4,2.749272905936729,14.631262353271353,1.7687376467286455,10.784985650784424
5189,4.6,1.398360787997742,3.0485580796053444,1.5514419203946552,33.72699826944903
465,5.95,2.02650786770151,6.5875433347330885,0.6375433347330883,10.715014029127534
5636,7.5,2.7453126407741304,14.569480825888435,7.069480825888435,94.25974434517914
6951,12.9,3.0271859311347664,19.63907102526828,6.739071025268279,52.240860660994414
4230,8.2,2.0645126896317088,6.881456246346589,1.31854375365341,16.079801873822074
6145,42.45,4.012685294102572,54.295155134500995,11.845155134500992,27.903781235573593
1902,8.9,2.2455473895381934,8.445584555771164,0.45441544422883595,5.105791508189168
185,4.7,1.6508861150817422,4.21159585539911,0.48840414460089043,10.391577544699796
2662,4.8,1.698661895992085,4.466627579210637,0.33337242078936313,6.945258766445066
932,2.0,1.5699779321378233,3.806542122495694,1.806542122495694,90.32710612478469
6485,20.95,3.343008382527485,27.30414845798435,6.354148457984351,30.33006423858879
5510,12.99,3.1869906936784087,23.215445991696267,10.225445991696267,78.71782903538312
1487,18.99,2.270531693702852,8.684548658950144,10.305451341049855,54.26777957372225
1084,17.0,2.43725583410766,10.441599974778885,6.558400025221115,38.57882367777126
7123,11.999,2.8518452835787387,16.319712151689828,4.320712151689827,36.00893534202706
5735,99.69,4.265647362600361,70.21100439609987,29.47899560390013,29.570664664359647
2939,12.5,2.5140051142511775,11.354311534467627,1.1456884655323734,9.165507724258987
1940,7.5,2.150839887980315,7.5920717453365665,0.09207174533656648,1.2276232711542197
5481,17.86,2.923440393138053,17.60518663400688,0.2548133659931189,1.426726573309736
3268,2.2,1.2822194363704145,2.6046311034844924,0.40463110348449227,18.39232288565874
1703,22.5,3.134241837650532,21.97121332925491,0.5287866707450917,2.3501629810892966
6381,19.8,3.1313968310295226,21.905952952361197,2.1059529523611964,10.636126022026245
3244,1.5,1.2852888975012955,2.615712376616114,1.115712376616114,74.38082510774095
4438,1.5,1.1009606387115998,2.007053328731443,0.5070533287314429,33.80355524876286
5549,17.5,2.778158074489716,15.089358238779369,2.4106417612206315,13.775095778403609
4063,8.0,2.2004861637919637,8.029402200946974,0.029402200946973878,0.36752751183717347
5269,5.299999,1.7886643498989734,4.981457993688911,0.3185410063110883,6.010208800248609
7091,24.299,3.4698305887489576,31.131298580150137,6.8322985801501375,28.11761216572755
2718,22.0,2.974402739792456,18.577926640455534,3.4220733595444663,15.554878907020301
1740,7.8,2.2744524481971706,8.722593930978833,0.9225939309788336,11.828127320241457
5023,17.5,2.714071385860206,14.090590227926711,3.409409772073289,19.482341554704508
3994,7.0,2.178392023747123,7.832093038653815,0.8320930386538148,11.887043409340212
101,12.6,2.597591946554351,12.431355639153178,0.16864436084682133,1.3384473083081059
4505,15.0,2.8994347268689076,17.163874916464184,2.1638749164641844,14.425832776427896
736,8.2,2.4536176448136975,10.630345163554642,2.4303451635546427,29.638355653105403
7111,48.49,3.9133318214600017,49.06548364526737,0.5754836452673686,1.1868089199162066
538,25.5,2.9505015726844417,18.115539156425456,7.384460843574544,28.958669974802138
4520,9.0,1.965728637926668,6.140113252544929,2.8598867474550707,31.776519416167453
5153,8.5,2.250842655861823,8.495734101995897,0.0042658980041032635,0.050187035342391335
733,10.8,2.7629978571823113,14.847279689683475,4.047279689683474,37.47481194151365
5218,4.4,2.1103635046157416,7.251240103414588,2.851240103414588,64.80091144124063
79,3.7,1.3124863011125858,2.71539984074837,0.98460015925163,26.61081511490892
5808,17.79,2.9022901019120106,17.21581370866341,0.5741862913365878,3.2275789282551317
3113,5.5,1.896075662597658,5.659708152176817,0.1597081521768171,2.9037845850330384
5278,5.3,1.5748254978470217,3.8298987168436183,1.4701012831563816,27.73776005955437
3082,5.9,1.6926246622452699,4.433723694869159,1.4662763051308412,24.85214076492951
4939,11.5,2.291721267698294,8.891949729370754,2.6080502706292457,22.678698005471702
132,8.9,2.132592193196437,7.436708068085977,1.4632919319140232,16.441482381056442
737,12.2,2.186387116851514,7.902989478974819,4.2970105210251806,35.22139771332115
1041,9.0,2.2733668441020076,8.7120447703338,0.28795522966619913,3.199502551846657
2095,13.5,2.7215112655137057,14.203281086532705,0.703281086532705,5.209489529871889
7199,21.99,3.1425507020525436,22.162873161097064,0.17287316109706552,0.7861444342749683
6848,42.499,3.402130503061137,29.028006706765986,13.470993293234017,31.697200624094723
1634,9.3,2.759037292572012,14.78463964143548,5.4846396414354786,58.97461980038149
6425,20.34,3.0646601439759955,20.42717859387664,0.08717859387664006,0.4286066562273356
5527,23.9,3.500457793725027,32.13061547541702,8.230615475417018,34.43772165446452
6243,47.499,3.343430872207286,27.316109195069483,20.18289080493052,42.49119098282178
6607,41.0,3.8421201771298255,45.6242213301098,4.624221330109798,11.278588610023897
3308,17.2,2.7475681267662293,14.604637204250935,2.5953627957490646,15.089318579936423
4726,5.0,2.196372269394822,7.992332496528633,2.9923324965286326,59.846649930572646
5241,1.8,1.5186595899100002,3.566100643978925,1.7661006439789249,98.1167024432736
5112,14.499,2.2465408392293447,8.454972931498173,6.044027068501828,41.685820184163234
2647,7.5,2.0025321269412357,6.4077898350384705,1.0922101649615295,14.56280219948706
3139,6.2,1.9749004876722436,6.205902542004785,0.005902542004784905,0.09520229039975653
5239,6.6,2.0489872631747743,6.760038248976325,0.16003824897632501,2.4248219541867426
319,9.0,2.182298796922285,7.866665512251046,1.1333344877489537,12.59260541943282
5857,4.845,2.560431072717284,11.941394795526936,7.096394795526936,146.46841683234132
6898,38.8,3.7578393598966895,41.85573006453563,3.0557300645356307,7.8755929498340995
842,7.5,1.9041686094156254,5.713823497019216,1.7861765029807843,23.815686706410457
1894,5.5,1.5498424320318291,3.710727864291302,1.789272135708698,32.532220649249055
177,7.5,2.500876144132385,11.193172258485852,3.693172258485852,49.24229677981136
5163,3.8,1.2263972579240698,2.408925905400382,1.3910740945996176,36.60721301577941
4671,7.3,1.8525702511714293,5.3761868812807965,1.9238131187192034,26.353604366016487
3832,22.9,2.702485191296077,13.916756692651221,8.983243307348777,39.22813671331344
3961,3.95,1.6620928374660426,4.270329253075229,0.3203292530752284,8.109601343676669
1509,4.0,0.9507819743391552,1.5877324086839142,2.412267591316086,60.30668978290215
6654,19.49,2.8973557763567945,17.12615234467114,2.3638476553288577,12.128515419850476
2177,11.4,2.200370025012433,8.02835359808837,3.3716464019116312,29.575845630803784
3671,1.4,0.9919645508653195,1.6965267361192717,0.2965267361192718,21.180481151376558
1755,6.9,1.726120610607576,4.618814005623521,2.2811859943764796,33.06066658516637
2245,4.0,1.8809049371667466,5.559438056492524,1.5594380564925236,38.98595141231309
3193,4.799,1.8895682899995974,5.616511650135899,0.8175116501358985,17.03504167818084
1038,13.5,2.5208078860184915,11.438641610091096,2.0613583899089036,15.269321406732619
6559,8.1,1.9330067825983548,5.9102566754647965,2.189743324535203,27.03386820413831
3450,7.29,2.0454143173738,6.732361526057994,0.5576384739420064,7.6493617824692235
5444,41.29,3.5140587709615154,32.58430252211321,8.705697477886787,21.084275800161752
3433,17.49,2.7980597482510543,15.412770949997366,2.0772290500026322,11.876666952559361
3002,15.9,2.813335814611112,15.665418344269522,0.2345816557304783,1.4753563253489201
2516,1.5,0.9696158179907044,1.6369312032012027,0.13693120320120267,9.128746880080179
3698,5.35,1.670846749080696,4.316667775287227,1.0333322247127725,19.314621022668646
2045,4.99,1.8927231962670454,5.63741908737021,0.6474190873702099,12.974330408220638
4239,9.49,1.9383142165037803,5.9470299054615925,3.5429700945384077,37.33372070114234
4710,4.99,1.9284912571380928,5.879123579553634,0.8891235795536341,17.818107806686054
1728,31.5,3.3429388209712636,27.302179645847705,4.197820354152295,13.3264138227057
3319,9.19,2.4700268664745098,10.822764483380148,1.6327644833801482,17.76675172339661
5372,2.899,1.663123637061981,4.275764707290479,1.3767647072904792,47.49102129322108
2771,27.5,2.9800270899001826,18.688349992974263,8.811650007025737,32.04236366191177
4552,1.5,1.324875988928223,2.761718831289463,1.2617188312894632,84.11458875263088
3379,5.0,2.3693032306384634,9.689941265041494,4.689941265041494,93.79882530082988
3857,6.7,2.0493113030242642,6.762553218055653,0.06255321805565295,0.933630120233626
5435,23.49,3.4423236392294467,30.259509666866627,6.769509666866629,28.818687385553975
4104,3.2,1.43829796312148,3.213518147125188,0.013518147125187951,0.4224420976621235
6784,28.799,2.870160332504877,16.639846213849086,12.159153786150913,42.220749977953794
2412,21.49,2.6332750052929135,12.919281055948778,8.57071894405122,39.88235897650638
6248,27.89,3.5183166721217294,32.727606032374055,4.837606032374055,17.345306677569216
3045,11.5,2.437771733082158,10.447504207335303,1.052495792664697,9.152137327519103
1918,14.9,2.628011778329008,12.846213175670199,2.0537868243298014,13.783804190132894
3824,4.0,1.9539083323646136,6.056211779563955,2.056211779563955,51.40529448909887
1550,13.5,2.620116563994637,12.737324769206628,0.7626752307933717,5.649446154024976
1934,7.9,2.1534046705235608,7.614136824929258,0.28586317507074277,3.6185212034271235
7148,19.199,2.880334431574762,16.820231831370005,2.378768168629996,12.39006286072189
3370,8.99,2.274393733584771,8.722023089403192,0.2679769105968077,2.9808332658154364
2481,10.7,2.481746867728407,10.962142457574743,0.2621424575747433,2.44992951004433
6017,21.999,2.7854533482131663,15.207163700232865,6.791836299767134,30.873386516510454
5643,21.1,2.907530047693892,17.311514098325603,3.788485901674399,17.954909486608525
3889,2.9,1.9716040876137098,6.1821881120416045,3.2821881120416045,113.17890041522776
3664,26.0,3.1016240662761687,21.234031515933488,4.765968484066512,18.33064801564043
1600,14.8,2.759037292572012,14.78463964143548,0.015360358564521448,0.10378620651703681
2275,23.49,2.8087806348155255,15.589677006016789,7.90032299398321,33.632707509507064
4024,8.2,2.0387419099126554,6.680939803440908,1.5190601965590913,18.5251243482816
2312,8.0,2.1352371989940697,7.459052747715532,0.540947252284468,6.761840653555851
3935,6.9,1.9286531010937147,5.880237014223867,1.0197629857761337,14.779173706900487
4352,1.0,1.7209998853266029,4.590115144898019,3.590115144898019,359.01151448980187
1672,1.3,1.8530609138329013,5.3793162057645665,4.079316205764567,313.79355428958206
3792,15.9,2.784063428768785,15.184652696132837,0.7153473038671638,4.499039646963294
1034,4.6,1.8809049371667466,5.559438056492524,0.959438056492524,20.857349054185306
3439,10.5,2.27638904013842,8.741440871559954,1.7585591284400461,16.748182175619487
3221,8.9,2.4657034824856474,10.771760467127967,1.8717604671279666,21.031016484583894
2955,5.5,1.809065885757671,5.104742241322049,0.39525775867795065,7.1865047032354665
4490,2.0,0.9375725090994382,1.553774623247865,0.4462253767521349,22.311268837606747
7244,46.49,3.5948546370454184,35.41040687885596,11.079593121144043,23.832207186801554
6285,16.09,2.945401102692398,18.018289143790124,1.9282891437901242,11.984394927222649
2268,16.49,2.981710217901787,18.72151590956458,2.231515909564582,13.53254038547351
1699,2.6,1.2728303673616876,2.5709453596520566,0.029054640347943472,1.117486167228595
3519,10.5,2.37377411305157,9.737841734334038,0.7621582656659616,7.258650149199634
87,8.5,2.380977284657764,9.815467491212045,1.3154674912120452,15.476088131906415
7113,22.59,3.0145611235195937,19.380144611388864,3.2098553886111354,14.209187200580503
676,5.3,1.9048841085326293,5.718628950746995,0.4186289507469949,7.898659448056508
4407,24.99,2.685012815302849,13.658389230756294,11.331610769243705,45.34458090933855
3317,4.9,1.8895682899995974,5.616511650135899,0.7165116501358986,14.622686737467316
6902,67.0,4.204232011931195,65.9691464064385,1.0308535935615026,1.5385874530768695
2569,4.1,1.7820060102485025,4.94176371042072,0.8417637104207207,20.530822205383433
393,2.999,1.4220303851257776,3.145528921395715,0.14652892139571483,4.8859260218644485
1149,5.6,1.7901510388941453,4.990357174981545,0.6096428250184545,10.886479018186687
1168,5.9,1.9966743719727726,6.364523662362924,0.4645236623629234,7.873282412930904
2208,3.4,1.399624728642972,3.0536784519584304,0.34632154804156956,10.185927883575575
230,18.5,2.862745463179361,16.50953278483023,1.9904672151697689,10.759282244160913
2802,4.999999,1.8895682899995974,5.616511650135899,0.6165126501358991,12.330255468769076
1543,4.4,1.792303127466344,5.003262836283281,0.6032628362832808,13.710519006438199
2345,28.5,3.314353010810763,26.50459305232482,1.9954069476751783,7.001427886579573
3599,6.0,1.9362200979281257,5.932497222981992,0.06750277701800833,1.125046283633472
2892,2.2,1.4196796526351076,3.135795336878135,0.9357953368781349,42.536151676278855
4691,25.9,3.285464063207508,25.721381848214275,0.1786181517857237,0.689645373690053
2942,16.0,3.0113853207161347,19.3155239565377,3.3155239565376995,20.722024728360623
5121,24.49,2.8735696016323846,16.700087828548945,7.7899121714510535,31.808542962233787
7189,54.99,4.000730178961183,53.63803101197186,1.3519689880281405,2.4585724459504283
970,3.2,1.0242091668692404,1.7848922044558386,1.4151077955441616,44.22211861075505
3718,5.6,1.7737405078840112,4.892854456649708,0.7071455433502916,12.627598988398065
5329,7.0,2.0035022016827213,6.414979431506832,0.5850205684931682,8.357436692759546
169,10.5,2.620263503261921,12.73934346995223,2.23934346995223,21.32708066621171
1056,9.0,1.8813717686132034,5.56250092331403,3.4374990766859703,38.19443418539967
5968,24.1145,2.9956274109101733,18.99790285708154,5.116597142918458,21.217927566063814
251,3.7,1.7419561601248341,4.708499246424329,1.0084992464243285,27.256736389846715
5889,51.0,3.3456547246328245,27.37915011405421,23.62084988594579,46.31539193322704
2705,10.5,1.9205576777843278,5.824763427168523,4.675236572831477,44.52606259839502
1729,4.3,1.822837820740833,5.189397953014204,0.8893979530142042,20.683673325911727
2533,8.6,1.8997004551325196,5.683892016837674,2.916107983162326,33.90823236235263
95,7.5,1.2130129722257696,2.3636038454350854,5.136396154564915,68.48528206086554
5646,17.5,3.1308407094533077,21.893217999119972,4.3932179991199725,25.10410285211413
5174,23.49,2.3626586298233603,9.619146335093417,13.870853664906582,59.05003688763977
3692,2.8,1.6960794941237984,4.452528762177761,1.6525287621777611,59.01888436349147
1172,6.69,2.0302179214800353,6.615745812557141,0.07425418744285928,1.1099280634209159
1383,11.9,2.667983838126668,13.41088520632857,1.5108852063285703,12.696514338895549
5263,7.2,2.2715758314076346,8.694665942358117,1.4946659423581172,20.759249199418296
711,13.7,2.759037292572012,14.78463964143548,1.08463964143548,7.917077674711533
2354,7.9,2.2271511261404098,8.273409637538546,0.37340963753854517,4.726704272639812
2215,7.0,2.186387116851514,7.902989478974819,0.9029894789748187,12.899849699640267
3779,7.49,2.230603730029226,8.30548238309853,0.81548238309853,10.887615261662617
5242,5.5,2.4892294836580575,11.051986289532111,5.5519862895321115,100.94520526422022
69,5.5,1.8906144126944902,5.623436954861778,0.12343695486177797,2.244308270214145
263,6.5,2.279284273276275,8.76968548161751,2.2696854816175094,34.91823817873092
408,16.0,2.270125904692673,8.680619572779705,7.319380427220295,45.746127670126846
7137,54.99,3.827884159783565,44.965180296588194,10.024819703411808,18.230259507932
6024,24.39,3.103015898398006,21.26499910103595,3.12500089896405,12.812631812070723
3217,1.79,1.7120683046241916,4.540408888500686,2.7504088885006857,153.6541278492003
5196,11.6,2.699944858953673,13.878911263517216,2.278911263517216,19.645786754458758
37,13.8,2.6332750052929135,12.919281055948778,0.8807189440512229,6.382021333704513
3504,6.99,2.0029462248560237,6.410858020583122,0.5791419794168782,8.285292981643465
1862,31.0,2.9321347563337223,17.767652127507425,13.232347872492575,42.68499313707282
4602,13.3,2.620116563994637,12.737324769206628,0.5626752307933724,4.230640833032876
6222,20.66,3.078016672082079,20.715291115310663,0.055291115310662775,0.26762398504677043
6474,9.29,2.4977176142429443,11.154720516915056,1.8647205169150567,20.072341409204057
2333,28.5,3.5455631663620113,33.659198741965696,5.159198741965696,18.102451726195422
1575,6.8,2.333124777008272,9.310108038843719,2.510108038843719,36.91335351240764
6763,35.89,3.689058981910653,39.00718175651184,3.1171817565118403,8.685376864061968
5733,20.0,3.46308561565486,30.91530309649762,10.91530309649762,54.5765154824881
3295,11.0,2.4892792749135593,11.052586388000462,0.05258638800046178,0.4780580727314707
3985,19.5,2.7696042394844884,14.952319462178181,4.547680537821819,23.321438655496507
5958,89.09,4.659087417876495,104.53972453029711,15.449724530297104,17.341704490175218
3641,13.8,2.4584544663173227,10.686735331788913,3.1132646682110874,22.55988890008034
1163,5.39,1.8895682899995974,5.616511650135899,0.22651165013589925,4.202442488606666
3781,8.5,2.488840129136965,11.047294707585726,2.547294707585726,29.968173030420303
1554,23.99,3.1057630054649237,21.326247526884973,2.663752473115025,11.103595135952585
19,10.0,1.8319053431196057,5.245775674308394,4.754224325691606,47.54224325691606
3257,7.1,2.6126506271244754,12.635144679392685,5.535144679392685,77.95978421679838
3279,6.699999,2.182298796922285,7.866665512251046,1.1666665122510462,17.412935617617947
982,1.7,1.2402697057307057,2.4565455892112285,0.7565455892112285,44.50268171830756
6602,12.15,2.751578148849308,14.667337775355595,2.5173377753555943,20.718829426795015
239,4.8,1.8126057651878107,5.126390586468428,0.32639058646842845,6.799803884758926
7053,20.99,3.2279914589869803,24.22893270108266,3.2389327010826605,15.430837070427158
2509,22.05,2.964925965968161,18.393267426544302,3.656732573455699,16.583821194810426
3800,7.3,1.6663814457393364,4.2929801664435905,3.0070198335564093,41.192052514471364
6775,25.99,3.5191592589054976,32.756036443327325,6.766036443327327,26.03322987043989
1322,2.5,1.4372080857397744,3.2089284305676804,0.7089284305676804,28.35713722270722
3842,10.9,2.686620026236741,13.681967296588379,2.7819672965883786,25.522635748517235
3166,10.9,2.1879799826778386,7.9171820470955705,2.98281795290443,27.365302320224128
4381,12.0,2.432006136030954,10.381692415281075,1.6183075847189254,13.48589653932438
5635,15.999,3.251515416508166,24.8294526526121,8.8304526526121,55.193778689993756
5514,28.49,3.3267001538228347,26.846301416084355,1.6436985839156435,5.7693877989317075
1965,4.5,1.8282763546535452,5.223150903770239,0.7231509037702386,16.070020083783078
2486,4.686,2.3147710660306253,9.122605245257123,4.436605245257123,94.67787548564071
4706,3.0,1.693198788454297,4.43684423376086,1.4368442337608602,47.89480779202868
2676,6.2,1.7698248348330774,4.869825082435533,1.3301749175644675,21.454434154265602
1726,6.799999,2.2563851407052824,8.548510184549643,1.7485111845496437,25.713403554171755
332,4.0,1.4229269136607579,3.1492471728765583,0.8507528271234417,21.268820678086044
4728,4.99,1.8895682899995974,5.616511650135899,0.6265116501358987,12.55534369009817
3544,4.75,2.2942267989238796,8.916765393528252,4.166765393528252,87.72137670585792
6459,13.19,2.5023086261096554,11.210651274190457,1.9793487258095421,15.006434615690237
1562,25.0,3.3439362477292613,27.330423080173176,2.3304230801731762,9.321692320692705
3989,4.5,1.7823896580594816,4.944043692388659,0.44404369238865904,9.867637608636867
1320,29.5,3.603003711166882,35.708330234366336,6.208330234366336,21.045187235140123
6674,35.99,3.6015341348080137,35.65442415932866,0.33557584067133917,0.9324141168973024
2036,10.799,2.599535400346953,12.457484239849931,1.6584842398499315,15.357757568755734
3774,5.5,1.7593724561004946,4.808790979037,0.691209020963,12.567436744781817
3121,8.2,2.273199390635689,8.710418590930457,0.5104185909304579,6.224616962566561
2650,3.6,1.795646615463853,5.023368265923899,1.4233682659238993,39.53800738677498
4595,3.95,1.5214378959092951,3.578804307952778,0.37119569204722236,9.397359292334743
2471,3.55,1.3473745482577726,2.8473113291007572,0.7026886708992426,19.7940470675843
4397,10.8,2.004701557246279,6.423877963526942,4.376122036473059,40.51964848586165
6418,5.8,2.010346699828209,6.46590532676147,0.6659053267614699,11.48112632347362
1888,13.8,2.9543801777403087,18.189824752360444,4.389824752360443,31.81032429246698
5537,25.99,2.8679915993258893,16.60163154777824,9.388368452221759,36.123002894273796
7214,57.99,3.862471797797017,46.58282124087752,11.40717875912248,19.670941126267426
2519,29.5,3.5195301685525773,32.76855920515434,3.2685592051543395,11.079861712387592
1142,13.89,2.684613539828729,13.652537663717684,0.2374623362823165,1.709592053868369
308,11.3,2.029540946904963,6.610591891005585,4.6894081089944155,41.499186805260315
5255,1.99,0.8668438993464552,1.3793893980981244,0.6106106019018755,30.683949844315357
381,4.5,2.082743615113357,7.026460250270041,2.5264602502700413,56.14356111711203
4118,7.5,2.075828059349256,6.97114430752082,0.5288556924791799,7.051409233055732
3617,7.2,1.9383142165037803,5.9470299054615925,1.2529700945384077,17.402362424144552
1400,9.8,1.962692832775237,6.118470128726564,3.681529871273437,37.56663133952486
7075,23.5,3.000963264057932,19.10489392044316,4.3951060795568395,18.702579061943997
6806,14.4,2.8133391320796854,15.665473631362854,1.2654736313628536,8.788011328908706
2465,4.3,1.3443393891422102,2.835651830217782,1.4643481697822178,34.05460859958646
994,10.5,2.4753857326531588,10.886291159559553,0.38629115955955307,3.678963424376696
683,4.7,2.0074491804897554,6.444304031895936,1.7443040318959362,37.112851742466724
3428,7.9,2.2025196776856597,8.047782297531505,0.14778229753150462,1.870661994069679
2906,11.9,2.4395259454159866,10.46760318418976,1.4323968158102396,12.03694803201882
2984,12.8,2.442646389614537,10.50344308914729,2.2965569108527113,17.941850866036805
457,2.7,1.652212712909234,4.218514135011398,1.5185141350113982,56.241264259681415
4028,4.8,1.6097558223017507,4.001589802031739,0.798410197968261,16.63354579100544
3622,3.8,1.97395640620669,6.199102793235731,2.3991027932357314,63.13428403251925
756,2.95,1.6216190602808191,4.061278200941384,1.111278200941384,37.67044748953844
5845,21.99,3.2571455739771453,24.975286687445493,2.9852866874454946,13.575655695522942
4100,1.5,1.3158779259622346,2.728022476697539,1.228022476697539,81.86816511316927
1046,11.89,2.2043853450155573,8.064678205543009,3.8253217944569915,32.17259709383508
1024,4.49,1.271255101000602,2.5653245978105574,1.9246754021894428,42.86582187504327
2344,13.4,2.6088286868993253,12.583131430544876,0.8168685694551243,6.096034100411376
2997,3.2,2.209258062326235,8.108955607975659,4.908955607975659,153.40486274923933
4591,3.55,1.699950799074273,4.473678075073515,0.9236780750735152,26.019100706296207
4974,26.9,2.918274243727449,17.509317310889056,9.390682689110943,34.90960107476187
1515,28.2,3.364338199998931,27.91435544524479,0.28564455475520845,1.0129239530326541
5186,24.19,3.0266834217485057,19.62870230376251,4.561297696237492,18.85612937675689
1737,4.3,1.9502477475091649,6.030429136154201,1.7304291361542008,40.24253805009769
6156,22.85,3.1879270261397172,23.238130318221685,0.388130318221684,1.6986009550183103
1869,5.6,1.9860716499969826,6.286852157807266,0.6868521578072659,12.265217103701179
6526,22.99,3.2378604393112926,24.479149201519522,1.489149201519524,6.477377997040122
1042,3.5,0.8351049906080347,1.3050560448188082,2.194943955181192,62.712684433748336
3442,6.5,1.854673247660775,5.389610089440243,1.110389910559757,17.082921700919336
50,7.5,2.181107768608166,7.856111348975412,0.3561113489754124,4.748151319672165
786,6.5,1.9183679109025285,5.809835136942556,0.6901648630574444,10.617920970114529
245,18.5,2.902656340053785,17.222486256223107,1.2775137437768933,6.905479696091316
5303,4.25,2.3078576129825814,9.052864441831591,4.802864441831591,113.00857510191979
3076,14.0,2.493164772978886,11.099507786563501,2.9004922134364985,20.717801524546417
5462,37.19,3.2105162859846303,23.791882622533613,13.398117377466384,36.026129006362964
7234,54.95,3.7085782329837964,39.79576320420225,15.15423679579775,27.578228927748405
625,7.5,2.3079531429337408,9.05382483735327,1.55382483735327,20.7176644980436
6414,26.59,2.9693821046730084,18.47987935018753,8.110120649812469,30.50064178191978
2272,5.7,1.8304454438162465,5.236664123344278,0.46333587665572207,8.128699590451264
4812,12.99,2.6293300014751586,12.864477610020101,0.12552238997989917,0.9663001538098472
7182,57.28,3.540076432863296,33.46955369686027,23.810446303139734,41.56851659067691
4894,6.9,2.0035022016827213,6.414979431506832,0.48502056849316855,7.029283601350269
6403,5.3,1.9600724432641992,6.099841382212028,0.799841382212028,15.09134683418921
1025,12.5,2.3147710660306253,9.122605245257123,3.377394754742877,27.019158037943015
5457,53.99,3.8133893569452075,44.30372945137715,9.68627054862285,17.940860434567234
2926,7.5,2.3169831414269266,9.145021995896958,1.6450219958969576,21.933626611959436
321,31.8,3.515724306580041,32.640284981635986,0.8402849816359854,2.6424056026288847
3326,17.0,3.166402996567702,22.722002584763917,5.722002584763917,33.65883873390539
3105,11.9,2.6728395674294916,13.481030729916906,1.5810307299169057,13.285972520310132
1893,4.5,1.3800312572356503,2.9750258738733946,1.5249741261266054,33.88831391392457
4920,6.8,1.9382166257180358,5.946351972435075,0.8536480275649252,12.553647464190076
2138,11.49,2.361118912928812,9.602808437172044,1.8871915628279563,16.424643714777687
5476,40.49,3.0053180135107618,19.192636606287497,21.297363393712505,52.59906987827242
3475,1.55,1.1140388514158253,2.0466384991993394,0.49663849919933933,32.041193496731566
4098,11.0,2.5498072985824054,11.804636073382007,0.8046360733820066,7.314873394381878
7001,45.499,3.6083194671320924,35.903982318433286,9.595017681566716,21.088414430134105
5321,14.799,2.9944923741603873,18.97521737928109,4.176217379281091,28.21959172431307
5339,2.7,1.2788747816698818,2.592594996651557,0.10740500334844327,3.97796308697938
4296,24.5,3.192949382162234,23.360169042434816,1.1398309575651844,4.6523712553681
3767,5.9,1.9041686094156254,5.713823497019216,0.1861765029807847,3.1555339488268594
2126,16.3,3.1281526612108492,21.831762559311084,5.531762559311083,33.93719361540542
4279,5.9,1.5118303111409783,3.535023707109504,2.3649762928904963,40.084343947296546
233,3.8,1.8813717686132034,5.56250092331403,1.7625009233140299,46.38160324510605
65,15.0,2.5656904444268456,12.009637701295324,2.9903622987046763,19.935748658031173
5856,20.709,3.3134728194346637,26.480394398002762,5.771394398002762,27.86901539428636
1595,14.5,2.8482067253815178,16.256807880891543,1.756807880891543,12.115916419941676
5133,9.8,2.7696042394844884,14.952319462178181,5.1523194621781805,52.57468838957327
2656,20.9,3.1114749724226174,21.45413922389953,0.5541392238995329,2.651383846409248
3218,32.99,3.506195079405269,32.32124159652492,0.6687584034750813,2.0271549059565968
509,5.0,1.793613896041864,5.011136883959421,0.011136883959420807,0.2227376791884161
6253,15.5,3.0054799875403666,19.195907553904096,3.695907553904096,23.844564863897393
6481,18.99,3.406007129229556,29.144639989102163,10.154639989102165,53.473617636135685
576,26.7,2.6052527539028,12.53464580500702,14.165354194992979,53.053761029936254
217,4.999999,1.6292317400126077,4.09995512163733,0.9000438783626699,18.00088116742963
5697,15.59,3.2032852403314753,23.613257987235436,8.023257987235436,51.46413077123435
7082,11.9,2.4649553664583186,10.762957117826572,1.1370428821734286,9.554982203138056
3757,4.0,1.6845865076923972,4.390221656295868,0.3902216562958678,9.755541407396695
3954,9.2,2.6637831788176767,13.35047695330898,4.150476953308981,45.11387992727154
6731,24.5,3.2643646232578765,25.16348204057672,0.6634820405767208,2.708089961537636
6889,39.9,3.290717881728576,25.86214057570617,14.037859424293828,35.18260507341812
2115,10.5,1.9896834315219132,6.313218261446669,4.186781738553331,39.87411179574602
3467,2.0,1.3790295115576452,2.971045902676579,0.971045902676579,48.55229513382895
4871,17.5,2.937583595368738,17.870193154087385,0.37019315408738507,2.1153894519279146
6130,20.5,3.5231915815831076,32.892426474086804,12.392426474086804,60.45086084920393
3478,9.0,2.3147710660306253,9.122605245257123,0.12260524525712313,1.3622805028569238
4487,4.499999,2.045915423399871,6.73623723000266,2.2362382300026598,49.6941939321022
3933,29.99,3.256180468203038,24.95022988145831,5.039770118541689,16.80483534025238
3347,7.6,1.9539083323646136,6.056211779563955,1.5437882204360447,20.313002900474274
1261,6.5,1.86400113343875,5.4494904870957495,1.0505095129042505,16.16168481391155
4382,9.5,2.354496586081669,9.532825156044963,0.03282515604496261,0.3455279583680275
3163,9.65,2.4023272946472725,10.04886043561733,0.39886043561732976,4.133268762873883
1412,4.0,1.419541162171948,3.1352226083260337,0.8647773916739663,21.61943479184916
1281,14.0,1.8882569923911032,5.607841120297438,8.392158879702562,59.94399199787544
4588,6.0,2.2277865744095737,8.279304282314525,2.2793042823145253,37.98840470524209
2917,6.2,1.8852564383279755,5.588043652315508,0.611956347684492,9.870263672330516
1565,13.6,2.8642135134520683,16.53525653647036,2.9352565364703604,21.582768650517355
6580,22.562,2.803931493060932,15.50942604195491,7.052573958045091,31.25863823262606
4002,7.6,1.9631508761317549,6.121731443532368,1.478268556467632,19.45090205878463
6500,7.899,2.4867249833508147,11.02183985280496,3.122839852804961,39.534622772565655
6365,25.4,3.422313186296742,29.640209621959183,4.240209621959185,16.69373866913065
6900,21.699,3.048973924421919,20.093689594950654,1.605310405049348,7.398084727634213
3007,5.0,2.280386390888369,8.780458759670667,3.780458759670667,75.60917519341335
1315,9.2,2.485219576344395,11.003755706276207,1.803755706276208,19.606040285610955
3885,2.3,1.5306426216596516,3.621145516525333,1.3211455165253332,57.44110941414493
3745,12.4,2.481746867728407,10.962142457574743,1.4378575424252578,11.595625342139176
6498,18.006229,3.6936707456344577,39.19211152446314,21.185882524463135,117.65863093523433
1702,40.99,3.46487449348119,30.97244677081479,10.01755322918521,24.439017392498684
1839,6.2,2.0830804356689923,7.029164182415723,0.829164182415723,13.373615845414886
503,10.5,1.8456835418681747,5.332426790229095,5.167573209770905,49.214982950199094
7023,38.9,3.800977976081037,43.74492256643791,4.8449225664379085,12.454813795470203
5818,9.79,2.4644924969165087,10.757513663156987,0.9675136631569874,9.88267275951979
4694,11.0,1.4974277804841258,3.470175995672774,7.529824004327226,68.45294549388387
1721,36.0,3.631710360083708,36.777374306077355,0.7773743060773555,2.1593730724370985
7187,50.999,4.3798889820094935,78.82917043903333,27.83017043903333,54.5700316457839
4618,14.99,2.684613539828729,13.652537663717684,1.3374623362823161,8.922363817760615
1803,18.8,2.918274243727449,17.509317310889056,1.2906826891109446,6.865333452717791
1385,4.2,1.817973116393116,5.159361480397167,0.9593614803971668,22.84194000945635
1373,1.2,1.2027266829835719,2.3291821824814543,1.1291821824814543,94.09851520678785
5834,26.9,3.391441287061445,28.708740251016046,1.8087402510160473,6.723941453591255
5654,44.99,4.07705099993198,57.97130678493593,12.981306784935931,28.85376035771489
5670,16.0,2.98880333115009,18.861900147401148,2.8619001474011476,17.88687592125717
856,6.9,2.0671497128862115,6.902267257247607,0.002267257247607013,0.0328588006899567
2458,13.899999,2.186387116851514,7.902989478974819,5.997009521025181,43.14395649255213
2726,7.8,2.5145502044022816,11.361047583719003,3.561047583719003,45.65445620152568
5886,37.99,3.5052803588230175,32.29077590693132,5.699224093068679,15.00190600965696
4252,24.79,3.1114749724226174,21.45413922389953,3.3358607761004677,13.456477515532342
3269,8.1,1.9762849836832472,6.2158859947604155,1.8841140052395842,23.26066673135289
2505,6.0,2.1056844448295893,7.212722241624419,1.2127222416244194,20.21203736040699
318,1.7,1.0562050142856867,1.8754380109670286,0.1754380109670286,10.319882998060507
6053,30.49,3.552082969537287,33.88590814323665,3.3959081432366496,11.13777678988734
176,4.7,1.86400113343875,5.4494904870957495,0.7494904870957493,15.946606108420196
5683,80.49,4.058249468458264,56.87291399409592,23.617086005904078,29.34163996260912
4967,2.0,1.3932661956241874,3.027984777281752,1.0279847772817519,51.39923886408759
3100,2.6,1.674762747555786,4.337528657119997,1.7375286571199973,66.82802527384605
2840,1.85,1.4098982835233749,3.0955387991072145,1.2455387991072144,67.32642157336294
6504,14.2,2.917109248888016,17.487766607407018,3.2877666074070184,23.15328596765506
3043,2.7,1.3074135991439964,2.696600446835991,0.0033995531640091947,0.12590937644478498
3169,12.5,2.205492110090797,8.07471622864123,4.425283771358769,35.40227017087015
468,4.6,1.8881561515661056,5.6071748137434305,1.0071748137434309,21.895104646596327
472,28.5,3.1337987174727804,21.961036576050148,6.538963423949852,22.94373131210474
91,7.9,1.5587227136434982,3.7527467479504573,4.147253252049543,52.49687660822207
4304,2.7,1.7427384778335133,4.712966853791112,2.012966853791112,74.55432791818933
4149,5.8,1.9927175159866637,6.335440878962505,0.5354408789625049,9.231739292456982
1047,5.6,1.987807114189889,6.29950920855858,0.6995092085585801,12.491235867117503
6571,129.29,4.7205690792773805,111.23210346234126,18.057896537658735,13.966970792527448
6768,9.49,2.371545526744034,9.713938172740727,0.22393817274072703,2.3597278476367443
435,5.5,2.1259276402051355,7.380668128092525,1.880668128092525,34.19396596531863
6016,151.89,4.849930014101221,126.7314501328657,25.158549867134283,16.563664406566783
1335,20.49,2.8267503385160286,15.890483190902302,4.599516809097697,22.44761741872961
1352,8.9,2.2091884032500677,8.108321108642734,0.7916788913572663,8.895268442216475
4074,2.55,1.674519700074235,4.3362315418588615,1.7862315418588617,70.04829575917105
4868,5.9,1.982423346406003,6.260315944427623,0.36031594442762227,6.10704990555292
6046,25.09,3.249369533853013,24.774085105548643,0.3159148944513568,1.2591267216076396
5546,18.99,3.060124559200336,20.330213870947457,1.3402138709474585,7.057471674288881
4207,8.8,2.2004487050740638,8.029063977451871,0.7709360225481294,8.760636619865107
3758,11.5,2.8180161962376107,15.74360168329424,4.243601683294241,36.900884202558615
106,7.7,1.9381424012352617,5.945836402186957,1.7541635978130428,22.781345426143414
5694,19.0,3.248864634338954,24.761075067160945,5.761075067160945,30.321447721899712
5676,26.99,3.181935703124787,23.093346008089284,3.896653991910714,14.437399006708834
4791,4.1,1.654506557490528,4.230498335073793,0.13049833507379294,3.182886221312023
5900,27.9,2.8137909859844306,15.673005692265022,12.226994307734977,43.82435235747303
5313,12.9,2.592177153553195,12.358824177286646,0.5411758227133543,4.195161416382591
3333,10.99,2.408645820577159,10.118893968120954,0.8711060318790462,7.926351518462658
4086,15.0,2.7215112655137057,14.203281086532705,0.796718913467295,5.311459423115299
1617,12.99,2.5417312791421,11.70164203424841,1.2883579657515902,9.918075178996077
2252,4.0,1.1806073356842481,2.256351300793264,1.743648699206736,43.591217480168396
4860,7.8,2.409125695982681,10.12423093230937,2.32423093230937,29.797832465504747
5584,9.299,2.5990054259654345,12.45035400755024,3.151354007550241,33.889170959783215
3494,15.9,2.8466118339622595,16.2293070823018,0.32930708230180095,2.0711137251685594
1498,6.666,1.87857721326798,5.5441872524825495,1.1218127475174509,16.828874100171777
996,6.5,2.2043853450155573,8.064678205543009,1.564678205543009,24.07197239296937
5912,15.3205,2.5545452010388536,11.865447134770813,3.4550528652291863,22.551828368716336
6638,87.999,4.750743860282784,114.67029507170938,26.67129507170938,30.308634270513735
41,18.0,2.745615935183688,14.574203678553847,3.4257963214461533,19.032201785811964
5253,17.2,3.083467969281801,20.833990860807482,3.633990860807483,21.12785384190397
5689,13.69,2.5902064134499883,12.332523331327023,1.3574766686729767,9.915826652103556
3282,3.7,2.1711042281876036,7.767960526394539,4.067960526394539,109.94487909174428
1539,7.3,1.5447125799595887,3.6866244036463005,3.6133755963536993,49.49829584046164
1805,8.9,2.3013729804545084,8.987886217721476,0.08788621772147565,0.9874855923761309
1144,2.9,2.27730598262292,8.750377309028783,5.850377309028783,201.73714858719939
6198,34.79,3.62591945878396,36.559241462572366,1.7692414625723671,5.0854885385811075
2615,6.5,1.9895960885251838,6.312579530942703,0.18742046905729737,2.8833918316507288
2114,14.99,2.831945311208244,15.978457103021565,0.988457103021565,6.594110093539459
5792,10.89,2.287479792780906,8.850082125671914,2.0399178743280864,18.732028230744593
4546,11.0,2.657534520965042,13.261085312557864,2.2610853125578636,20.555321023253306
3172,1.0,1.672365790475545,4.324750150897945,3.3247501508979447,332.47501508979445
167,9.2,2.918827075496233,17.519552678474522,8.319552678474523,90.42992041820133
2337,11.3,2.5000688903327046,11.183333245674577,0.11666675432542384,1.0324491533223348
6928,39.18,3.492532777838313,31.869092477159356,7.310907522840644,18.6597945963263
3964,5.4,1.4133107981421833,3.1095387590790073,2.290461240920993,42.41594890594431
2445,25.0,3.298839672228557,26.08119761739742,1.0811976173974216,4.324790469589686
7257,17.99,3.077563646710953,20.705455765493745,2.715455765493747,15.094251058886865
3341,1.9,1.468425820223301,3.3423940490266473,1.4423940490266474,75.91547626456038
4103,1.3,1.2893506592067678,2.630428404953667,1.3304284049536668,102.34064653489745
3017,18.5,2.6728395674294916,13.481030729916906,5.018969270083094,27.12956362207078
6151,13.09,2.717229476146202,14.138323006876199,1.048323006876199,8.008579120521002
4958,8.99,2.3770672487560467,9.773261192870594,0.7832611928705937,8.712582790551654
6935,25.4,3.7427071246670893,41.21210906996517,15.812109069965175,62.25239791324873
789,3.6,1.9577627278396208,6.083461692552246,2.4834616925522455,68.98504701534016
4617,19.2,2.7501062229339985,14.644293578695839,4.55570642130416,23.727637610959167
1097,3.5,1.5198185109478775,3.5713954616214547,0.07139546162145471,2.039870332041563
3206,15.3,2.4904408649757173,11.06659468694738,4.2334053130526215,27.66931577158576
6535,19.99,3.216498166222069,23.940629143631604,3.9506291436316054,19.763027231773915
6251,31.49,3.1899132737167464,23.286321089395773,8.203678910604225,26.05169549255073
544,4.0,1.81553425513402,5.144357955496473,1.1443579554964733,28.608948887411835
6770,19.299,2.9842380919116738,18.77143248188968,0.5275675181103203,2.733652096535159
5924,14.25,2.8291045687050738,15.930294119996105,1.6802941199961055,11.791537684183197
4838,2.4,1.518824684014146,3.5668545425045712,1.1668545425045713,48.618939271023805
6194,19.59,2.8610386129377847,16.479672125652737,3.110327874347263,15.877120338679237
6068,7.39,2.0813460713978893,7.015250755893501,0.374749244106499,5.071031719979689
4229,16.7,2.830387518031249,15.952028768674548,0.747971231325451,4.478869648655396
877,9.5,1.7268070791124972,4.6226724686785525,4.8773275313214475,51.340289803383655
3908,9.7,2.1247518688983913,7.370820169584206,2.329179830415793,24.012163200162814
3914,12.8,2.277464273003026,8.751920822117622,4.048079177882379,31.625618577206083
5397,10.9,2.253422006827588,8.520258547902278,2.379741452097722,21.832490386217632
1078,8.2,1.896075662597658,5.659708152176817,2.540291847823182,30.97916887589247
5983,42.7,4.09687811759987,59.15220605248122,16.452206052481216,38.52975656318785
4990,10.5,2.23792453458268,8.373855970366725,2.1261440296332754,20.24899075841215
511,13.0,2.2353523851980874,8.349775994424933,4.650224005575067,35.77095388903898
2375,4.4,1.4961296153438035,3.464376734038158,0.9356232659618424,21.264165135496416
2877,15.6,2.918274243727449,17.509317310889056,1.9093173108890564,12.239213531340106
2069,1.5,1.2081690498077202,2.3473502068256686,0.8473502068256686,56.490013788377915
4851,3.5,1.3350132136098507,2.80004615841488,0.6999538415851201,19.99868118814629
3262,11.0,2.2081632482602678,8.098988452336439,2.901011547663561,26.372832251486923
4934,10.89,2.8932996544824996,17.05277936711383,6.162779367113828,56.59117876137583
1302,8.9,2.5518956614945756,11.831404742080194,2.9314047420801934,32.93713193348532
6045,47.89,3.826799808774313,44.915364920500956,2.974635079499045,6.211390852994455
4394,2.5,1.7173746468738191,4.5698863338056706,2.0698863338056706,82.79545335222682
3689,16.3,2.8201319045482247,15.77906376100345,0.5209362389965513,3.1959278466046093
3159,8.5,2.1740621294106637,7.793933681636151,0.7060663183638489,8.306662568986457
858,7.99,2.318681316078682,9.162264651468508,1.1722646514685078,14.671647702985076
4678,19.9,2.9525955546292124,18.155608688080203,1.7443913119197951,8.765785487034147
7140,24.85,3.4965102545413957,32.00008887159188,7.150088871591876,28.7729934470498
7028,12.5,2.9063762090761878,17.290397750981597,4.790397750981597,38.32318200785278
7112,25.99,3.5061641928047558,32.32021243254089,6.330212432540893,24.356338716971504
4357,9.9,2.6728395674294916,13.481030729916906,3.5810307299169057,36.17202757491824
2890,7.9,2.283187661717597,8.807894883556148,0.907894883556148,11.492340298179087
4794,8.8,2.4624713838997354,10.733774397198248,1.9337743971982473,21.97470905907099
2024,12.0,2.759037292572012,14.78463964143548,2.7846396414354793,23.20533034529566
4194,16.5,2.7637296157888422,14.858880316898258,1.641119683101742,9.946179897586315
4921,4.5,1.602478444686226,3.9653234663301786,0.5346765336698214,11.881700748218254
5356,9.5,2.200933554124109,8.03344277198554,1.4665572280144605,15.437444505415373
743,5.3,1.9264043230691468,5.8647822720776075,0.5647822720776077,10.656269284483164
2499,1.15,1.1677724071425681,2.214823338845206,1.0648233388452062,92.59333381262664
4241,9.3,2.4868270283435954,11.023066683960876,1.7230666839608748,18.52759875226747
179,25.99,2.8231431783728285,15.829666267271957,10.160333732728041,39.09324252684895
3613,8.5,1.9381424012352617,5.945836402186957,2.5541635978130426,30.04898350368285
3693,20.0,2.596435252547035,12.415828652292749,7.584171347707251,37.92085673853626
3771,7.0,2.1486304953727435,7.573109440839959,0.5731094408399589,8.187277726285126
6566,35.55,3.6441480243252875,37.250170750398524,1.7001707503985273,4.782477497604859
31,11.0,2.1352371989940697,7.459052747715532,3.540947252284468,32.19042956622244
5151,6.8,1.952121830001278,6.043617094110987,0.756382905889013,11.123278027779604
2484,3.2,1.6411246675016613,4.160970625400898,0.9609706254008978,30.030332043778056
168,11.5,2.2694708086228896,8.6742799137141,2.8257200862858998,24.571479011181736
3248,2.8,1.3090480217351637,2.702647194241025,0.09735280575897498,3.476885919963393
642,5.0,1.9773465616195642,6.223550287525709,1.2235502875257094,24.471005750514188
1483,14.9,2.5926913485248684,12.365694983821776,2.534305016178225,17.008758497840436
1790,6.0,1.9264043230691468,5.8647822720776075,0.1352177279223925,2.2536287987065418
5035,8.0,1.9517906280028157,6.0412846203343245,1.9587153796656755,24.483942245820945
3982,3.0,2.2505056163787693,8.492534203959226,5.4925342039592255,183.08447346530752
7092,62.49,4.036324614468438,55.61786743567085,6.872132564329149,10.997171650390701
6492,22.89,3.215816394654477,23.923631126844295,1.0336311268442948,4.515644940342048
6912,19.899,3.0910397214542784,20.999939898193272,1.1009398981932712,5.532639319529982
6178,24.5,3.2049842710918854,23.65511221541182,0.844887784588181,3.448521569747678
6644,18.15,2.826762427086554,15.890687373933702,2.259312626066297,12.448003449401087
2758,9.5,2.0035022016827213,6.414979431506832,3.085020568493168,32.47390072098072
3412,12.6,2.181141067353983,7.856406251286062,4.743593748713938,37.6475694342376
6122,20.7,3.1040658772035505,21.288389155579402,0.588389155579403,2.8424596887893863
800,2.5,1.7303870067893612,4.642837302254185,2.1428373022541853,85.7134920901674
1954,10.5,2.3375635544147704,9.355974032626419,1.1440259673735813,10.895485403557917
7248,48.99,3.426424205588461,29.76643138710583,19.223568612894173,39.23978079790605
5306,4.0,1.4220303851257776,3.145528921395715,0.8544710786042851,21.361776965107126
6637,15.69,2.7066549792958345,13.979086265945902,1.7109137340540972,10.904485239350524
2119,20.5,3.0384094979218896,19.872019830234933,0.6279801697650669,3.063317901293009
5309,3.5,1.5719528649205396,3.8160440998998286,0.3160440998998286,9.02983142570939
5660,25.49,3.4841585486746514,31.594988471090197,6.1049884710901985,23.950523621381713
5679,19.5,3.077563646710953,20.705455765493745,1.2054557654937454,6.181824438429464
1406,8.7,2.195650131495131,7.985841136536894,0.7141588634631049,8.208722568541436
1501,9.8,2.1108576430305748,7.255318365649732,2.544681634350269,25.96613912602315
1074,5.3,1.7550196013207597,4.783561106282103,0.516438893717897,9.744130070149
500,13.6,2.526894376281415,11.514580146284723,2.085419853715276,15.333969512612326
437,17.5,2.7696042394844884,14.952319462178181,2.547680537821819,14.558174501838964
5437,9.5,2.4250781157083363,10.303112335420808,0.8031123354208081,8.453814057061138
4113,8.9,1.9041686094156254,5.713823497019216,3.1861765029807847,35.79973598854814
3386,3.6,1.4996539042194534,3.4801382450436247,0.11986175495637541,3.32949319323265
6683,22.99,3.057948203769711,20.283842223050257,2.706157776949741,11.771021213352508
80,16.9,2.588089171788659,12.3043250193335,4.595674980666498,27.193343080866857
1608,19.99,2.6392176996791736,13.002245360934337,6.9877546390656615,34.956251320988805
960,5.0,2.2275733134389615,8.277325579874173,3.277325579874173,65.54651159748346
3114,22.5,3.355335220702138,27.655208399931535,5.155208399931535,22.912037333029044
5198,3.8,1.86400113343875,5.4494904870957495,1.6494904870957496,43.407644397256576
4628,13.0,2.918827075496233,17.519552678474522,4.519552678474522,34.765789834419394
1632,12.19,2.699944858953673,13.878911263517216,1.688911263517216,13.85489141523557
3305,4.8,1.8686055813727809,5.479255302930174,0.6792553029301738,14.15115214437862
5935,21.3,3.025900723199734,19.61256256550512,1.687437434494882,7.922241476501793
5419,9.5,2.280317081228371,8.779780902890693,0.7202190971093074,7.581253653782182
2477,3.0,1.5849545247584116,3.879069496603618,0.8790694966036181,29.302316553453938
5506,16.45,2.7580704106122913,14.769385133967923,1.6806148660320765,10.216503744875846
6399,22.45,2.80782006368151,15.573749092333937,6.876250907666062,30.629179989603838
5517,51.999,3.6373619667397534,36.991481621424015,15.007518378575988,28.86116728894015
534,6.9,2.256636983984778,8.550915215501547,1.6509152155015467,23.92630747103691
5701,26.69,3.2010875865622497,23.559225961635683,3.1307740383643186,11.73013877244031
2794,20.3,2.616196072190582,12.683573135307402,7.616426864692599,37.519344161047286
585,4.5,1.5458002713852084,3.6917247781392053,0.8082752218607947,17.961671596906548
6722,50.9,3.965176966885197,51.72959995708431,0.8295999570843122,1.6298623911283148
4970,25.0,2.7905903972579655,15.290634909323554,9.709365090676446,38.837460362705784
1451,2.75,1.6464261085343963,4.188403860430536,1.4384038604305358,52.30559492474676
6275,25.49,3.15296838078738,22.405437818852185,3.084562181147813,12.101067795793698
1410,30.5,3.003934092554803,19.16471092125938,11.335289078740619,37.164882225379074
5684,20.59,3.6885068429450185,38.9850983296801,18.3950983296801,89.33996274735357
4536,10.0,2.4023272946472725,10.04886043561733,0.04886043561733011,0.4886043561733011
866,15.0,2.3169831414269266,9.145021995896958,5.854978004103042,39.03318669402028
4638,2.0,0.9477696667588839,1.5799490914916925,0.4200509085083075,21.002545425415377
6358,54.8,3.796451425306417,43.54284011582115,11.257159884178847,20.54226256237016
4679,3.95,2.2967063006645203,8.94138453957771,4.99138453957771,126.36416555892936
742,7.1,1.9502477475091649,6.030429136154201,1.069570863845799,15.064378364025337
1544,6.9,1.9131163799541564,5.774166815587752,1.1258331844122482,16.31642296249635
5509,53.29,3.824149914775641,44.7938551356789,8.496144864321096,15.943225491313747
2706,18.9,2.7161697592403518,14.12228916722556,4.777710832774439,25.27889329510285
3734,7.89,2.0249274200457115,6.575561090805223,1.3144389091947764,16.65955524961694
2589,8.2,2.3147710660306253,9.122605245257123,0.9226052452571238,11.251283478745414
5283,2.5,1.2976083715088127,2.6605315587863063,0.16053155878630632,6.4212623514522535
6816,50.709,3.6175535399533922,36.246334598861054,14.462665401138949,28.520904378195088
5944,15.9,2.8685540030309546,16.611533554777616,0.7115335547776152,4.475053803632799
4253,3.7,1.3167716460650278,2.7313557746244426,0.9686442253755576,26.179573658798855
748,16.5,2.4708788111647983,10.832841116563888,5.667158883436112,34.34641747537038
4055,5.79,2.274393733584771,8.722023089403192,2.9320230894031925,50.639431595910054
401,5.3,1.8809049371667466,5.559438056492524,0.2594380564925238,4.895057669670261
3749,20.8,3.0333690005666623,19.767079168229174,1.0329208317708272,4.965965537359746
157,7.5,2.1643721660913573,7.7091323114490535,0.20913231144905353,2.788430819320714
5434,98.19,4.681294033657235,106.9096209432224,8.719620943222395,8.880355375519294
6483,29.5,3.2152505266097835,23.909531630035463,5.590468369964537,18.95074023716792
5749,14.3,2.6841422351812927,13.645633481734368,0.6543665182656326,4.575989638221207
4528,12.0,2.686620026236741,13.681967296588379,1.681967296588379,14.01639413823649
1820,8.9,1.8997004551325196,5.683892016837674,3.2161079831623267,36.136044754632884
2922,9.0,2.3540562776382794,9.528188485053612,0.5281884850536116,5.868760945040129
2864,15.3,1.9795493674663402,6.239479904819263,9.060520095180738,59.219085589416586
3362,3.3,1.3393926817248654,2.8167248346088223,0.48327516539117754,14.644701981550837
5281,1.6,1.0434538794245771,1.8390056834955852,0.23900568349558515,14.937855218474072
3803,1.4,1.297654721161308,2.660701227084007,1.2607012270840072,90.05008764885767
4237,5.4,2.2263847973294357,8.266305878812469,2.8663058788124687,53.0797384965272
7295,47.59,3.593688931989568,35.36798781233536,12.222012187664646,25.68189154794
2666,4.8,1.5670050635449289,3.7922741233309196,1.0077258766690802,20.994289097272507
1782,13.0,1.8398719233532423,5.2957318731608325,7.7042681268391675,59.263600975685904
5910,45.3565,3.7315578222642385,40.74408740659519,4.612412593404805,10.169242762128484
2415,8.0,2.2884052933826613,8.859202602458927,0.859202602458927,10.740032530736588
535,11.9,2.452229637835764,10.614213361428726,1.285786638571274,10.804929735893058
5978,119.9,4.637385610217925,102.27399585535383,17.626004144646174,14.700587276602315
2406,1.5,1.1038270704611735,2.015685207300706,0.5156852073007059,34.379013820047064
3098,5.8,1.8726111760661803,5.505260622202397,0.29473937779760284,5.0817134103034975
5359,8.0,2.4483382668305462,10.569105970024047,2.5691059700240473,32.113824625300595
5154,8.4,2.131541729908623,7.427850269201246,0.9721497307987548,11.573211080937556
1966,8.9,1.6797710118355365,4.364327462971103,4.535672537028898,50.962612775605585
5416,10.5,2.485219576344395,11.003755706276207,0.5037557062762072,4.797673393106735
1176,7.86,2.5384273490872142,11.659745946368327,3.7997459463683265,48.3428237451441
5902,21.5,3.3142955856292686,26.50301364142627,5.003013641426271,23.26983089035475
1760,2.8,1.2698103926118067,2.5601774624054228,0.23982253759457706,8.565090628377753
997,5.2,2.1853067011298806,7.893375743522833,2.693375743522833,51.795687375439094
473,6.2,1.8836002577189845,5.5771416924665544,0.6228583075334457,10.046101734410415
2266,2.1,1.0244569797765752,1.7855824222085408,0.3144175777914593,14.972265609117109
4205,15.7,2.839120254291265,16.10071463731585,0.40071463731585055,2.5523225306742074
1882,5.2,2.0741047034760394,6.957419019337155,1.7574190193371546,33.79651960263759
4222,18.9,2.5422858923289597,11.708688486262357,7.1913115137376415,38.049267268453136
2578,10.8,2.313617695308027,9.110936859011863,1.6890631409881376,15.63947352766794
3783,2.6,1.508137146046914,3.518306005471433,0.9183060054714329,35.31946174890127
469,14.9,2.6451005179050284,13.084860792670638,1.8151392073293628,12.18214233106955
5097,14.9,2.4867707073513343,11.022389551983764,3.8776104480162363,26.024231194739837
7040,17.29,3.0915748238989917,21.0117152700505,3.7217152700505025,21.525247368713142
4712,10.0,2.5324042890873733,11.583724707013552,1.5837247070135518,15.837247070135518
3997,7.0,2.122626700560317,7.353049656949635,0.35304965694963464,5.043566527851923
247,6.5,1.3936491532221635,3.0295276200595707,3.4704723799404293,53.391882768314304
3780,17.9,2.388198717325362,9.893853349923177,8.006146650076822,44.72707625741242
2182,9.9,2.7562904986585903,14.741341981440254,4.841341981440253,48.90244425697225
3395,6.5,2.438823426626325,10.459549806636229,3.959549806636229,60.9161508713266
7097,83.99,4.332320919850276,75.12075187310084,8.869248126899151,10.559885851767058
811,4.0,1.2392019276175346,2.4528567352731265,1.5471432647268735,38.67858161817183
6502,26.8,3.237262936667947,24.463929889763705,2.336070110236296,8.716679515807074
1419,7.4,2.2043853450155573,8.064678205543009,0.6646782055430087,8.982137912743362
6733,13.9,2.7446827362100525,14.559676627034865,0.6596766270348642,4.745875014639311
3625,3.9,1.4802431930017377,3.3940141444815346,0.5059858555184653,12.973996295345264
228,9.0,2.0473906059279594,6.747658013796737,2.2523419862032634,25.026022068925148
7107,45.5,3.6475424515768236,37.3802287837571,8.119771216242903,17.845651024709678
17,18.0,3.314353010810763,26.50459305232482,8.504593052324822,47.24773917958235
1407,10.6,2.4483382668305462,10.569105970024047,0.030894029975952364,0.2914531129806827
7070,59.99,4.2607625414576855,69.86399959443422,9.873999594434217,16.459409225594626
2392,13.5,2.671646344220988,13.463761932780596,0.03623806721940426,0.26843012755114265
6272,47.9,3.532300052981933,33.202544879517056,14.697455120482942,30.68362238096648
5439,109.0,4.669309552359871,105.6240986544932,3.3759013455068043,3.0971571977126646
6745,45.49,3.607291264193455,35.86605703615062,9.62394296384938,21.156172705758145
5879,10.99,2.9671512974074084,18.436471928597275,7.4464719285972745,67.75679643855572
2440,3.9,1.8993193822581254,5.681345452138858,1.7813454521388583,45.67552441381688
5831,17.9,2.937724716091189,17.872856317287415,0.02714368271258394,0.15164068554516166
5853,13.5,2.428276479146902,10.33932167109707,3.1606783289029305,23.412432065947634
4844,9.0,2.25514370539045,8.536663681657478,0.4633363183425221,5.148181314916912
6915,25.49,3.7645946242686463,42.14621188708471,16.656211887084712,65.3441031270487
6092,21.69,3.095708864427026,21.10290094584232,0.587099054157683,2.7067729560059153
5461,23.2,2.9571682858127657,18.24340271352699,4.956597286473009,21.364643476176763
2585,5.7,1.8503735931636192,5.362195951578497,0.33780404842150347,5.926386814412341
543,9.9,1.9131163799541564,5.774166815587752,4.125833184412248,41.67508267083079
6112,17.0,3.0508290361268156,20.13285706420032,3.1328570642003193,18.42857096588423
3794,16.5,2.4863140404762665,11.016900578327826,5.483099421672174,33.23090558589196
4119,7.799999,1.7975693079409134,5.034960491346535,2.765038508653465,35.4492161941747
3153,12.0,1.9375184698620729,5.941504028635032,6.058495971364968,50.487466428041394
1535,10.499,2.541795928203623,11.702463210029558,1.2034632100295575,11.462646061811196
1832,14.5,2.96574360949437,18.40913069047141,3.909130690471411,26.959522003251106
6746,33.79,3.6766987960528987,38.515729034606466,4.725729034606466,13.985584594869685
3590,8.99,2.186387116851514,7.902989478974819,1.0870105210251815,12.091329488600461
3289,2.0,1.5859929504706012,3.8841386793497827,1.8841386793497827,94.20693396748914
96,3.8,1.2172592897248375,2.3779171432001034,1.4220828567998964,37.42323307368149
6679,62.99,3.995222132490557,53.33790949848721,9.652090501512795,15.323210829517059
2094,5.7,1.9131163799541564,5.774166815587752,0.07416681558775196,1.301172203293894
4773,8.0,2.280236410859789,8.77899199618173,0.7789919961817304,9.73739995227163
2927,9.5,2.366647382571168,9.66158807274455,0.16158807274455,1.7009270815215791
7038,44.5,3.5290918023832543,33.09299037754847,11.407009622451532,25.633729488655128
156,12.99,2.3432382288436133,9.414907870678494,3.575092129321506,27.521879363521982
1022,6.4,1.9330134205633067,5.910302545658659,0.48969745434134104,7.651522724083454
5447,24.49,3.474384610963231,31.277958921416534,6.787958921416536,27.71726795188459
4966,5.8,1.8816444717936585,5.564290782226573,0.2357092177734268,4.063952030576324
6458,49.5,3.899283049134212,48.36704267072558,1.1329573292744186,2.288802685402866
2716,12.5,2.4359166316363075,10.426287611282467,2.0737123887175333,16.589699109740266
1287,15.0,2.760091725344527,14.80129226076663,0.19870773923337026,1.3247182615558017
696,18.0,2.902581936871653,17.221130495696357,0.7788695043036427,4.327052801686904
425,25.0,3.223857865606112,24.12486179345528,0.8751382065447189,3.500552826178875
6872,47.39,3.6093964854922955,35.943749996370386,11.446250003629615,24.153302392128328
712,10.9,2.6073117595142867,12.562542426463423,1.662542426463423,15.252682811591036
4173,2.45,1.0212446418694188,1.7766485471953253,0.6733514528046749,27.48373276753775
1811,16.0,2.670671014712385,13.449661876180528,2.550338123819472,15.9396132738717
5096,18.7,3.1977873962345886,23.478309435071612,4.778309435071613,25.552456872040715
6480,17.9,3.2389621530654242,24.507235399272734,6.607235399272735,36.91192960487562
447,31.49,3.263699956593124,25.14609782422506,6.343902175774939,20.145767468323086
6748,15.899,2.6316038757565448,12.896039559435637,3.0029604405643617,18.887731558993405
4080,5.99,2.0987625273163437,7.1560707503781895,1.1660707503781893,19.466957435362094
1009,5.3,1.1721702402679641,2.2289927298882906,3.0710072701117093,57.94353339833413
592,1.5,1.1225658123934596,2.0727281413961745,0.5727281413961745,38.1818760930783
6096,29.85,3.3999580320778153,28.962842542765504,0.8871574572344976,2.9720517830301425
1242,8.5,1.8548516351005575,5.39075001729669,3.10924998270331,36.579411561215416
3058,8.4,2.283187661717597,8.807894883556148,0.407894883556148,4.855891470906524
131,15.8,2.918827075496233,17.519552678474522,1.7195526784745212,10.883244800471653
2404,4.5,1.9452144992657903,5.995132144830858,1.4951321448308583,33.22515877401908
2306,8.95,2.2186264621934617,8.194692930168804,0.7553070698311952,8.439185137778718
6277,62.5,4.337978799935113,75.55265463402345,13.052654634023455,20.884247414437525
7103,20.89,2.9213572782961754,17.5664702329489,3.323529767051099,15.9096685832987
624,8.5,1.7028499140754914,4.48956992230842,4.01043007769158,47.18153032578329
2986,6.0,1.863668233153495,5.447343807207844,0.5526561927921563,9.210936546535937
2127,8.3,2.1043950813448795,7.202139881176638,1.0978601188233625,13.227230347269428
6539,43.9,3.558605570839818,34.11419872799257,9.785801272007426,22.29111907063195
4739,3.9,1.7427384778335133,4.712966853791112,0.8129668537911123,20.845303943361856
3686,17.9,3.083467969281801,20.833990860807482,2.9339908608074836,16.391010395572536
3844,6.0,2.0074491804897554,6.444304031895936,0.44430403189593637,7.405067198265606
2815,9.9,2.1832514176953617,7.8751161064726745,2.024883893527326,20.453372661892182
2579,3.999999,1.6222017375383533,4.064228151994358,0.06422915199435852,1.6057292012912634
1945,5.6,2.3725782966182973,9.725008921103933,4.125008921103934,73.66087359114168
2436,6.99,1.7427384778335133,4.712966853791112,2.277033146208888,32.57558149082816
93,6.5,1.9334507412327646,5.913325224685917,0.5866747753140826,9.025765774062808
6701,35.19,3.1597725780778876,22.565236068334617,12.624763931665381,35.875998669125835
1375,4.868,1.9264043230691468,5.8647822720776075,0.9967822720776072,20.47621758581773
3903,5.6,2.3516678114314824,9.50307226919487,3.9030722691948707,69.69771909276555
3477,13.5,2.2859809738487646,8.835329694472124,4.664670305527876,34.553113374280564
6022,42.99,3.692320765612381,39.13788958436269,3.8521104156373127,8.960480148028175
2223,8.8,1.8809049371667466,5.559438056492524,3.240561943507477,36.82456753985769
1087,13.9,2.777617072448779,15.080656217252773,1.180656217252773,8.493929620523547
2531,2.5,1.8076684448506768,5.096217182807463,2.5962171828074627,103.84868731229851
6729,78.99,4.163646589677425,63.30559167041457,15.684408329585423,19.85619487224386
6880,17.375,2.9660937726969125,18.415928243889635,1.0409282438896348,5.990953921666963
764,1.8,1.3377020312970371,2.8102775387317465,1.0102775387317464,56.12652992954147
4669,6.5,1.920052837858309,5.8213188836495595,0.6786811163504405,10.44124794385293
476,12.99,2.699944858953673,13.878911263517216,0.8889112635172154,6.843042829231835
5594,56.5,3.9236402452294596,49.58424910016304,6.915750899836958,12.240267079357448
2622,1.5,1.3133580776214993,2.718640251302431,1.218640251302431,81.24268342016207
5111,5.7,2.0029462248560237,6.410858020583122,0.7108580205831219,12.471193343563542
6466,21.6,3.1787904349021243,23.0176850219345,1.4176850219344992,6.563356583030089
4461,10.0,2.2004740413987505,8.029292743646456,1.9707072563535437,19.707072563535437
6338,13.5,2.8150002311050697,15.693179638209312,2.193179638209312,16.245775097846753
7034,23.29,2.9892054335545826,18.869888271122456,4.4201117288775436,18.97858191875287
2181,20.0,2.8532629853310247,16.344283751440887,3.655716248559113,18.278581242795564
6334,34.0,3.5301906267949104,33.130473177377965,0.869526822622035,2.557431831241279
2620,10.0,1.9309389744091061,5.895982353487615,4.104017646512385,41.04017646512384
5170,8.9,2.6728395674294916,13.481030729916906,4.581030729916906,51.47225539232478
752,6.8,1.9631508761317549,6.121731443532368,0.6782685564676321,9.974537595112237
2283,11.5,2.4340443464452948,10.40491435685706,1.0950856431429408,9.522483853416876
2799,8.0,1.9261078613015752,5.862747428232838,2.1372525717671618,26.715657147089523
3049,14.9,2.960562598747006,18.308831824876425,3.408831824876424,22.878065938767946
351,3.5,2.008690707761428,6.453552078033,2.953552078033,84.38720222951429
487,1.8,1.354052896337481,2.873091000321304,1.073091000321304,59.616166684516884
927,5.0,1.8809049371667466,5.559438056492524,0.5594380564925236,11.188761129850473
3318,6.5,1.6858296711105911,4.396926749574736,2.103073250425264,32.3549730834656
1061,18.0,2.6770697680759503,13.542418144470458,4.457581855529542,24.764343641830788
6018,39.39,3.763143557538863,42.08364925675251,2.693649256752508,6.838408877259476
2191,3.5,1.8606666278060495,5.428020440627575,1.9280204406275754,55.08629830364501
4608,2.1,1.5812858311112161,3.861202479682749,1.761202479682749,83.86678474679758
6128,27.9,2.9823490788343534,18.734119241069585,9.165880758930413,32.85261920763589
561,12.99,2.56152642633744,11.955577965541316,1.034422034458684,7.963218125163079
3535,9.9,2.3197468506607444,9.173098666870708,0.7269013331292928,7.342437708376695
5501,21.99,3.0016813643700866,19.119336436010105,2.8706635639898934,13.054404565665727
2966,9.5,2.31050385434762,9.07950197668367,0.42049802331633046,4.426294982277162
6026,37.49,3.825177496818454,44.84093626460599,7.350936264605991,19.60772543239795
334,13.5,2.7974149708716585,15.402191777527669,1.902191777527669,14.09030946316792
2225,6.8,1.8731075726306692,5.508490612838165,1.2915093871618346,18.992785105321097
4847,13.0,2.4779524002618505,10.91683850373575,2.0831614962642497,16.024319202032693
5507,25.5,2.9845704298122753,18.778004370235895,6.7219956297641055,26.36076717554551
3213,12.5,1.8851140515884361,5.587105669039687,6.912894330960313,55.303154647682504
1103,7.9,2.415055264940391,10.190388776632796,2.2903887766327955,28.99226299535184
2110,26.99,3.003934092554803,19.16471092125938,7.825289078740617,28.99329039918717
23,12.99,2.667983838126668,13.41088520632857,0.4208852063285704,3.2400708724293334
4151,21.99,3.1593515568866755,22.555316692854095,0.5653166928540969,2.5707898720058977
1005,3.2,1.1707679726330544,2.2244679910786407,0.9755320089213595,30.485375278792482
1643,9.7,2.471978690035267,10.84586296840271,1.1458629684027102,11.813020292811446
2550,59.7,3.8755989167366502,47.21156435884501,12.488435641154993,20.918652665251244
3038,8.69,1.97395640620669,6.199102793235731,2.4908972067642683,28.66394944492829
4030,1.7,1.6598205826113148,4.258367317274026,2.558367317274026,150.49219513376627
3817,7.999,2.1879799826778386,7.9171820470955705,0.08181795290442917,1.0228522678388445
1671,14.9,2.768663424137583,14.937318332962217,0.03731833296221687,0.250458610484677
1372,14.3,2.6073117595142867,12.562542426463423,1.7374575735365774,12.150052961794247
3203,30.99,3.409140773785177,29.23925073689155,1.7507492631084496,5.649400655399966
445,6.9,2.138508466666012,7.4867698838729275,0.5867698838729272,8.503911360477206
5433,62.99,3.851944557423522,46.08453284667696,16.905467153323045,26.8383348997032
7125,59.999,4.196456770203806,65.45046415783153,5.451464157831531,9.085925028469692
3399,22.5,3.239086387271805,24.51040446726878,2.0104044672687813,8.935130965639027
3939,2.0,1.1441158197094918,2.139664100106137,0.13966410010613695,6.983205005306847
5206,20.49,3.1427028417485143,22.166397421660772,1.6763974216607735,8.181539393171175
6378,83.79,4.455791396474414,85.12428233547351,1.3342823354735032,1.5924123827109478
2592,16.99,2.699944858953673,13.878911263517216,3.111088736482783,18.311293328327153
3887,11.0,2.7501062229339985,14.644293578695839,3.644293578695839,33.12994162450762
3518,1.2,1.427625243273548,3.16878757141117,1.96878757141117,164.06563095093082
4295,10.9,2.4771480272962427,10.907256775166173,0.007256775166172957,0.0665759189557152
1128,10.8,2.0179849940914765,6.5231504578437844,4.276849542156216,39.600458723668666
2570,7.5,1.9131163799541564,5.774166815587752,1.7258331844122479,23.01110912549664
5277,9.6,2.2563851407052824,8.548510184549643,1.0514898154503562,10.953018910941212
1783,10.6,2.2805010268375026,8.781580016110466,1.8184199838895339,17.15490550839183
2523,18.0,2.7451852980860485,14.567498292581266,3.4325017074187336,19.069453930104075
4248,5.15,1.365569744020409,2.9179546474458893,2.232045352554111,43.34068645736138
1844,6.49,1.9440216662718273,5.986793094947061,0.5032069050529389,7.753573267379643
5291,7.9,1.8753733961591044,5.52325442378204,2.37674557621796,30.085387040733668
6129,24.49,3.1404397160163904,22.11402823291628,2.375971767083719,9.701803867226293
6060,5.69,2.3815130438322805,9.821263529648888,4.131263529648888,72.60568593407535
2515,6.699,2.1740621294106637,7.793933681636151,1.0949336816361512,16.34473326819154
5040,17.5,2.6728395674294916,13.481030729916906,4.018969270083094,22.965538686189106
6799,56.99,3.477893277247597,31.391410422952134,25.598589577047868,44.9176865714123
3554,3.5,1.6704334198274629,4.314470695056024,0.8144706950560243,23.270591287314982
3878,4.2,2.1927835429460916,7.960119311789276,3.7601193117892757,89.52665028069704
5945,29.7,3.3420888712797407,27.278134437044745,2.4218655629552543,8.154429504899847
2264,14.5,2.6081577320442833,12.574020819311082,1.925979180688918,13.282615039233917
2462,4.9,1.6747176798214485,4.337288112216907,0.5627118877830934,11.483916077205988
1775,6.6,2.3375635544147704,9.355974032626419,2.755974032626419,41.7571823125215
6861,28.05,3.1946044041454202,23.40051903856928,4.649480961430722,16.57568970207031
378,7.8,2.2043853450155573,8.064678205543009,0.26467820554300925,3.3933103274744774
6853,9.999,2.687119809544215,13.689306932725128,3.690306932725127,36.90676000325159
4913,1.6,0.9629283016390096,1.6193555170087883,0.019355517008788237,1.2097198130492648
5246,8.2,2.4863140404762665,11.016900578327826,2.816900578327827,34.35244607716862
199,1.5,1.199763523445151,2.319331885750042,0.8193318857500418,54.62212571666946
2446,11.0,2.683133223264446,13.630863315911323,2.6308633159113235,23.916939235557486
2957,3.8,1.9146665641390492,5.784676165460525,1.9846761654605256,52.22832014369805
1328,11.49,2.570756547433693,12.075713097031466,0.5857130970314657,5.097590052493174
1193,10.5,2.283187661717597,8.807894883556148,1.6921051164438516,16.115286823274776
5686,12.75,2.5609467418937157,11.948069994872377,0.8019300051276232,6.289647099040183
1075,9.3,2.56152642633744,11.955577965541316,2.6555779655413154,28.554601780014146
5427,3.4,1.5869327182750455,3.8887307930554185,0.48873079305541856,14.374435089865251
6969,24.5,3.102594518388682,21.255619051928548,3.244380948071452,13.24237121661817
2063,10.5,2.7370792007210847,14.441816717433449,3.941816717433449,37.541111594604274
965,14.5,2.777617072448779,15.080656217252773,0.5806562172527734,4.004525636226024
5060,9.49,2.283187661717597,8.807894883556148,0.6821051164438519,7.187619772854076
1467,9.4,2.2569635610595435,8.554034834824309,0.8459651651756914,8.999629416762675
5975,18.46,3.101556963125987,21.23253959243447,2.7725395924344696,15.019174390219229
3296,51.0,3.2777192533505484,25.515229163810282,25.484770836189718,49.970138894489644
5414,7.5,2.082743615113357,7.026460250270041,0.4735397497299587,6.313863329732783
7126,29.95,3.4126674433043984,29.346082850803235,0.6039171491967643,2.016417860423253
5724,62.05,3.7147516727437524,40.04839238398005,22.001607616019946,35.4578688412892
2755,6.0,1.952121830001278,6.043617094110987,0.0436170941109868,0.7269515685164467
4022,6.5,2.1095537526608465,7.244561350042277,0.744561350042277,11.454790000650416
3091,6.5,2.2033779292200286,8.055550903803264,1.5555509038032636,23.931552366204052
2022,5.89,1.86400113343875,5.4494904870957495,0.4405095129042502,7.478939098544146
5090,8.6,2.5345112870925997,11.610266541846832,3.010266541846832,35.00309932380038
2907,7.0,1.9771366217249833,6.222033935316827,0.7779660646831728,11.113800924045325
5744,42.345,3.435442553530737,30.045148665978388,12.29985133402161,29.0467619176328
5769,15.1,2.8909219278661755,17.009905784142816,1.9099057841428166,12.648382676442493
6155,18.49,2.9039544614217827,17.246156615185786,1.2438433848142125,6.727114033608506
6547,13.79,2.4414880637708154,10.490126067939238,3.299873932060761,23.929470138221618
2850,6.699999,1.9631508761317549,6.121731443532368,0.5782675564676323,8.630860339943816
2132,16.5,2.4584544663173227,10.686735331788913,5.813264668211087,35.231907080067195
6114,86.19,4.532561909234389,91.99650476122821,5.8065047612282115,6.7368659487506815
6570,20.79,3.119346216049363,21.631578642480214,0.841578642480215,4.047997318327153
6434,31.0,3.5147901523046743,32.60887443902636,1.6088744390263585,5.189917545246318
4246,7.5,1.9264759285988218,5.8652738460478,1.6347261539522,21.796348719362665
1701,4.5,2.2381596651895173,8.37606030995314,3.8760603099531394,86.13467355451421
6332,39.999,3.5950836427636355,35.418746025053466,4.580253974946537,11.4509212103966
3927,19.5,3.166402996567702,22.722002584763917,3.222002584763917,16.523090178276497
5780,66.99,4.349202154720863,76.41667175255665,9.426671752556658,14.071759594800207
547,12.4,2.4997428238381736,11.179361316503158,1.2206386834968423,9.843860350780986
6811,37.99,3.7265344583735702,40.53491747346509,2.544917473465091,6.6989141180971075
6203,33.3,3.7327331343902386,40.793178581788666,7.493178581788669,22.50203778314916
1263,19.9,2.815468490303796,15.700998203545598,4.1990017964544,21.100511539971862
5231,2.299,1.4141682505758126,3.1130640042381073,0.8140640042381073,35.40948256799075
3011,13.29,2.5666665738326473,12.022342991209102,1.2676570087908967,9.538427455160999
5865,13.69,2.6606086730541336,13.30499351342869,0.3850064865713101,2.8123191130117613
1789,11.9,2.342558540281087,9.407831382095635,2.4921686179043654,20.942593427767775
6610,21.49,3.3860625682697196,28.54937426816559,7.059374268165591,32.849577795093495
3018,6.4,1.852090819830258,5.37313067013299,1.0268693298670106,16.044833279172042
5494,26.59,3.275008708274346,25.44345575642752,1.1465442435724782,4.311937734383145
4715,13.8,2.5861999757100342,12.279214267713458,1.5207857322865426,11.020186465844512
2199,5.9,2.195650131495131,7.985841136536894,2.085841136536894,35.35323960232024
1244,2.5,0.9562142530058177,1.6018279430150182,0.8981720569849818,35.92688227939927
7130,10.89,3.1839797353629398,23.142643950182066,12.252643950182065,112.51280027715396
5008,38.0,1.4974277804841258,3.470175995672774,34.529824004327224,90.86795790612427
5482,12.726,2.555253387327691,11.874561494982958,0.8514385050170432,6.690543022293283
4837,8.5,2.3169831414269266,9.145021995896958,0.6450219958969576,7.588494069375972
7202,35.29,3.608448858010355,35.9087576660534,0.6187576660533978,1.7533512781337426
6764,20.99,3.0056070041460003,19.198472932448674,1.7915270675513248,8.535145629115412
3915,5.2,1.8662794197228783,5.464201023856154,0.2642010238561534,5.080788920310642
6083,32.299,3.4155233383529255,29.432871949849517,2.8661280501504827,8.873736184248685
518,13.29,2.820407026480886,15.78368068453296,2.4936806845329613,18.76358679106818
611,12.5,2.458688998199741,10.689476565266363,1.8105234347336374,14.484187477869098
5806,11.22,2.4391166432858835,10.462910430221907,0.7570895697780937,6.747678875027573
5672,16.5,2.8976854449088516,17.132128952164614,0.6321289521646136,3.8310845585734157
2288,7.5,1.9169255160718612,5.800019746479312,1.699980253520688,22.666403380275842
957,10.99,2.3843579423172394,9.852092758089478,1.137907241910522,10.354024039222221
4401,6.15,2.2271511261404098,8.273409637538546,2.123409637538545,34.52698597623651
491,25.8,2.596435252547035,12.415828652292749,13.384171347707252,51.876633130648266
1330,4.9,2.0074491804897554,6.444304031895936,1.544304031895936,31.516408814202773
3458,21.5,2.932244206271813,17.76970635828655,3.7302936417134482,17.350202984713714
323,5.89,1.3583220850023718,2.8896613022230127,3.000338697776987,50.93953646480453
5362,7.2,2.1750976623900624,7.803044806603147,0.6030448066031466,8.375622313932592
7010,22.79,3.0247413184773215,19.58867811167543,3.2013218883245678,14.047046460397402
4247,10.5,2.4859218734573725,11.01218887020033,0.5121888702003297,4.8779892400031395
2031,4.75,1.3823286810690165,2.9841686914963996,1.7658313085036004,37.17539596849685
5516,32.0,3.7378134240619962,41.00604027700533,9.006040277005333,28.143875865641665
1153,6.3,1.828474672245459,5.22438518645753,1.0756148135424697,17.07325100861063
6685,15.7,2.844331365142244,16.190060951507345,0.4900609515073455,3.1214073344416913
7286,6.6,2.1700390788670343,7.75862631124604,1.1586263112460404,17.554944109788494
6854,21.69,3.131179749308779,21.90098102835546,0.21098102835545873,0.9727110574248904
1606,6.4,2.0252117539635557,6.577715386025126,0.1777153860251257,2.7768029066425894
324,23.9,2.885824385244962,16.91833311788115,6.981666882118848,29.21199532267301
2083,7.99,2.0009316402243784,6.395943248487238,1.5940567515127624,19.950647703538955
2687,10.8,2.327007595474528,9.247231745257263,1.5527682547427375,14.37748384021053
6858,35.35,3.5346823857407923,33.28412385817302,2.0658761418269833,5.844062636002781
586,7.89,1.9286531010937147,5.880237014223867,2.009762985776133,25.472281188544144
4125,9.8,2.620116563994637,12.737324769206628,2.9373247692066276,29.97270172659824
3245,8.99,2.4868270283435954,11.023066683960876,2.0330666839608753,22.614757329931873
4556,4.4,2.0072278530976666,6.442656585817837,2.042656585817837,46.424013314041744
706,24.9,3.18086053097505,23.06745543437343,1.83254456562657,7.359616729423976
1978,6.4,2.0370674112717526,6.668088842640171,0.26808884264017063,4.188888166252666
4160,7.4,1.2692812439758256,2.55829409769122,4.84170590230878,65.42845813930784
4995,4.39,1.40765588764987,3.086365268991324,1.3036347310086756,29.695551959195342
6812,9.8,2.4545280824138374,10.640938688734224,0.840938688734223,8.581007027900235
6202,17.34,2.9022901019120106,17.21581370866341,0.12418629133658854,0.7161839177427252
5939,27.79,3.184593637122137,23.157469712089785,4.632530287910214,16.669774335769034
6218,29.3,3.2628559470689695,25.12403957863605,4.17596042136395,14.252424646293344
4453,9.5,2.197059910552249,7.998518120955744,1.5014818790442561,15.80507241099217
3801,8.9,2.3169831414269266,9.145021995896958,0.24502199589695728,2.7530561336736774
2572,56.99,3.5001983903034044,32.122022394987646,24.867977605012356,43.63568626954265
208,2.25,1.5559520127073145,3.7395965341539164,1.4895965341539164,66.20429040684073
3682,29.8,3.1312519478878373,21.902634506333413,7.897365493666587,26.50122648881405
747,2.5,1.6468537556557539,4.190623140906521,1.6906231409065207,67.62492563626083
5101,9.9,2.0035022016827213,6.414979431506832,3.4850205684931685,35.20222796457746
6260,40.99,3.7771728494620334,42.69234213070387,1.7023421307038689,4.153066920477845
798,5.0,1.4421870192864759,3.229936661419874,1.770063338580126,35.40126677160252
88,6.99,2.576234383082745,12.147536242466634,5.157536242466634,73.78449560038104
734,1.7,1.831495637586061,5.243217269585424,3.5432172695854236,208.42454526973083
1221,4.8,2.1087422067800823,7.237873224467393,2.437873224467393,50.78902550973735
3574,14.5,2.3375635544147704,9.355974032626419,5.144025967373581,35.47604115430056
1480,6.9,1.7463896797818295,4.733864176455294,2.166135823544707,31.393272804995746
3936,10.49,2.9110233183695136,17.37559303091699,6.885593030916988,65.6395903805242
6199,28.99,3.1801914561594318,23.051357891896924,5.938642108103075,20.48514007624379
852,13.5,2.403097597318416,10.05737468117602,3.44262531882398,25.50092828758504
486,7.89,1.973932139907024,6.198928099769614,1.6910719002303853,21.433103931944046
2678,3.6,1.6080487684429468,3.993059102113694,0.393059102113694,10.918308392047054
3195,4.0,1.661935543460368,4.269500327070043,0.2695003270700429,6.7375081767510725
1430,8.4,2.2744524481971706,8.722593930978833,0.32259393097883304,3.8404039402242027
1536,14.9,2.9606293869380207,18.310121469890664,3.4101214698906634,22.88672127443398
1891,6.0,2.2661771198609078,8.642468264276907,2.642468264276907,44.041137737948446
6513,39.99,2.9564618551819866,18.229813384933863,21.76018661506614,54.414070055179145
1919,5.6,2.182298796922285,7.866665512251046,2.2666655122510466,40.476169861625834
4302,14.8,2.8056444425563343,15.537730089744244,0.7377300897442431,4.984662768542184
198,5.0,1.49647605039826,3.465923618567171,1.534076381432829,30.68152762865658
4629,6.6,1.9004522908554,5.688919095155539,0.9110809048444608,13.804256134006982
2882,3.85,2.092028679084773,7.101333510748205,3.251333510748205,84.45022105839493
1057,8.9,2.3375635544147704,9.355974032626419,0.45597403262641834,5.123303737375487
73,7.0,2.20074908497816,8.031776534201871,1.031776534201871,14.739664774312441
548,27.8,3.205541638919741,23.66885801212943,4.131141987870571,14.860222977951693
6352,13.69,2.8017426855206065,15.473329604236497,1.7833296042364974,13.026512813999252
2963,4.0,1.824905664351378,5.202209902012602,1.2022099020126022,30.055247550315055
6569,27.3,3.6851906637493546,38.852720194585416,11.552720194585415,42.31765639042276
1512,34.99,2.94668860370883,18.042790980078472,16.94720901992153,48.43443560995007
3912,10.9,2.37377411305157,9.737841734334038,1.162158265665962,10.662002437302402
1582,1.9,1.1938600501568795,2.2997940259870107,0.39979402598701075,21.04179084142162
6697,15.44,2.9892054335545826,18.869888271122456,3.429888271122456,22.214302274109173
5822,10.08,2.382920219761918,9.836501670073808,0.24349832992619191,2.4156580349820627
2865,6.9,2.0074491804897554,6.444304031895936,0.455695968104064,6.604289392812521
3647,10.8,2.4483382668305462,10.569105970024047,0.23089402997595343,2.1379076849625314
5349,20.499,2.6853231100853483,13.662938358203194,6.836061641796805,33.34826889993076
4428,3.0,1.4166223292568512,3.123170182530963,0.12317018253096279,4.105672751032094
6213,25.55,3.108053440736199,21.377442959226425,4.172557040773576,16.330947322010083
4359,28.8,3.5589189219144575,34.125203523991374,5.325203523991373,18.490290013858935
1452,3.6,1.9782468932566835,6.230056806955021,2.630056806955021,73.05713352652836
7037,24.89,3.1081965043687108,21.38064458651525,3.5093554134847516,14.099459274747897
2020,1.9,1.2668386441990787,2.5496132155989866,0.6496132155989867,34.19016924205193
4903,29.49,3.4030270940062217,29.054941618672924,0.43505838132707453,1.4752742669619348
5220,6.9,1.9004522908554,5.688919095155539,1.2110809048444615,17.55189717165886
6818,12.35,2.672787507223509,13.480276864097641,1.1302768640976417,9.152039385406006
4814,10.0,2.7390532133087966,14.472329164079465,4.472329164079465,44.72329164079465
5267,8.8,2.308010586763071,9.054402384139433,0.25440238413943206,2.8909361834026366
2098,9.2,2.5593783069060914,11.927777706597563,2.727777706597564,29.649757680408307
1880,13.5,2.2939175665923965,8.913699283139504,4.586300716860496,33.97259790267034
937,9.5,2.283187661717597,8.807894883556148,0.6921051164438516,7.285317015198438
7120,29.999,3.2706405853474467,25.32819940129741,4.670800598702588,15.569854324152764
2855,13.5,2.5477987553815797,11.778943219898462,1.721056780101538,12.748568741492875
6139,14.99,3.032597062263087,19.751054450208407,4.761054450208407,31.761537359629134
5985,12.49,2.5174497219905514,11.396940669767886,1.0930593302321139,8.751475822514923
1295,7.0,2.4746108329490712,10.877084043813662,3.877084043813662,55.38691491162374
1175,45.9,3.5206821421547727,32.8074821087172,13.092517891282796,28.52400412044182
2197,5.5,1.6071566875209087,3.988606875514555,1.511393124485445,27.479874990644454
2614,41.9,3.625238717119066,36.53368202268185,5.366317977318147,12.807441473313
6148,27.36,2.9775482238089013,18.63960565009301,8.72039434990699,31.872786366619117
4335,4.0,1.9860016655470019,6.286342209311352,2.2863422093113517,57.15855523278379
4914,11.5,2.485219576344395,11.003755706276207,0.49624429372379275,4.315167771511241
1321,7.2,1.8895682899995974,5.616511650135899,1.5834883498641013,21.992893748112515
1181,12.79,2.667983838126668,13.41088520632857,0.6208852063285715,4.854458219926283
6150,22.799,3.1310437844761045,21.89786751197102,0.9011324880289777,3.9525088294617206
3438,12.6,2.3661997663166616,9.656816840544545,2.9431831594554545,23.35859650361472
6343,34.99,3.2952730542851487,25.984781374205063,9.005218625794939,25.736549373520827
4301,12.6,2.485219576344395,11.003755706276207,1.5962442937237924,12.668605505744384
620,7.9,2.122288369210036,7.350224036405194,0.5497759635948061,6.959189412592481
6864,24.89,3.129527788860701,21.863180744357813,3.026819255642188,12.160784474255475
5159,16.0,2.549271976510131,11.797783303447636,4.202216696552364,26.263854353452277
2492,15.5,2.4754511631436937,10.887068910864812,4.612931089135188,29.76084573635605
478,14.0,2.7591993637546595,14.787198083969132,0.7871980839691322,5.622843456922372
3968,5.3,2.085066154200627,7.045123682820007,1.7451236828200072,32.92686194000014
2276,3.7,1.9517863390141854,6.041254420409409,2.341254420409409,63.277146497551584
5227,6.9,2.155621368858761,7.633252947198812,0.7332529471988121,10.62685430722916
1897,12.5,1.8244991142127982,5.199688905207962,7.300311094792038,58.402488758336304
7044,14.766,2.800543455003896,15.453586125520538,0.6875861255205375,4.656549678454135
2206,1.4,1.010996420376541,1.7483381512568275,0.34833815125682754,24.881296518344826
1033,4.5,1.7789953425608673,4.923901935835758,0.4239019358357581,9.420043018572402
5948,10.59,2.1576048200233737,7.650393575992021,2.9396064240079784,27.758323172879873
286,12.3,2.918827075496233,17.519552678474522,5.219552678474521,42.43538762987416
550,3.2,1.2666032317418592,2.548777690780058,0.6512223092199423,20.350697163123197
7008,10.099,2.44758642904851,10.56041114800882,0.46141114800881944,4.568879572322205
5668,25.79,3.374877663471481,28.220708802488392,2.430708802488393,9.42500505036213
5015,2.5,1.0198450789562699,1.7727651710143508,0.7272348289856492,29.08939315942597
2825,12.5,2.5547793534103937,11.86845996244495,0.63154003755505,5.0523203004404
1055,10.799,2.500469796259424,11.18821859539736,0.38921859539736126,3.604209606420606
2091,6.5,1.8639607364266748,5.449229952213114,1.0507700477868864,16.165693042875176
6540,25.79,3.131179749308779,21.90098102835546,3.889018971644539,15.079561735729117
2571,3.5,1.445413046314248,3.243604586108818,0.25639541389118214,7.325583254033775
1677,10.3,2.122156025282031,7.349119008080002,2.9508809919199983,28.649330018640757
1174,1.8,0.9562142530058177,1.6018279430150182,0.19817205698498186,11.009558721387881
6021,78.2,4.221718710977242,67.15051472762863,11.04948527237137,14.129776563134744
5916,12.54,3.041152997179684,19.929360822666823,7.3893608226668235,58.92632234981519
5389,3.9,1.6611163531621287,4.265185371151855,0.3651853711518549,9.363727465432177
2087,14.0,2.594358462321472,12.38799570208307,1.6120042979169291,11.51431641369235
1370,46.5,3.5001983903034044,32.122022394987646,14.377977605012354,30.920381946263127
6314,16.899,3.0072556701645867,19.231800934222665,2.3328009342226643,13.804372650586805
2934,5.0,1.8083938549461993,5.100641044659399,0.10064104465939927,2.0128208931879854
3107,16.99,2.7241352119185427,14.243226065104151,2.746773934895847,16.16700373687962
1188,7.8,1.9046779325308534,5.717243873482266,2.082756126517734,26.70200162202223
2029,6.699999,2.1853067011298806,7.893375743522833,1.1933767435228333,17.8115958453551
4209,4.888888,1.920052837858309,5.8213188836495595,0.9324308836495598,19.0724533605507
5027,4.5,1.9000761190899145,5.6864033858493945,1.1864033858493945,26.3645196855421
7009,23.5,3.4418155574044142,30.243631312238744,6.743631312238744,28.69630345633508
7093,40.9,3.936305079141466,50.22896420085325,9.32896420085325,22.80920342506907
3956,7.2,2.4925827530610714,11.092467680975542,3.8924676809755416,54.06205112466031
833,9.0,2.122474063215632,7.351774766930362,1.6482252330696383,18.31361370077376
1393,5.4,2.138498067499027,7.486681628994633,2.086681628994633,38.642252388789494
549,24.9,3.1057630054649237,21.326247526884973,3.573752473115025,14.352419570743075
1020,5.5,1.9131163799541564,5.774166815587752,0.27416681558775213,4.984851192504585
248,3.6,1.5830835353379045,3.8699493437088455,0.2699493437088454,7.498592880801261
2648,6.5,1.604874532264327,3.977235081146305,2.522764918853695,38.811767982364536
296,6.3,2.0471329130039275,6.745661754370773,0.44566175437077327,7.073996101123385
1559,7.39,1.7303870067893612,4.642837302254185,2.7471626977458143,37.1740554498757
1563,12.8,2.498231374441268,11.160966732929595,1.6390332670704062,12.804947398987549
6766,13.69,2.7444886812291727,14.55665748723354,0.8666574872335406,6.330587927198983
3260,9.7,2.4360216864848443,10.42748806125225,0.7274880612522505,7.499876920126295
100,1.4,1.119476057750193,2.063248817287901,0.6632488172879012,47.37491552056438
4204,43.5,3.5568148361386385,34.05137478112539,9.44862521887461,21.720977514654276
3197,7.0,1.5989988789165226,3.948076320451915,3.051923679548085,43.59890970782978
2937,17.5,2.769712531114718,14.954047058399103,2.5459529416008966,14.548302523433696
7017,15.99,2.670730262424833,13.450518010954097,2.5394819890459033,15.881688486841172
1499,6.0,1.9655552478058318,6.138875334769744,0.138875334769744,2.314588912829067
4872,7.0,2.278930863598346,8.766233390255163,1.766233390255163,25.23190557507376
1656,5.0,1.8820515011491556,5.566963185109275,0.5669631851092749,11.339263702185498
6788,13.29,2.7784708653890897,15.094391630771788,1.8043916307717893,13.57706268451309
346,4.0,1.5830835353379045,3.8699493437088455,0.13005065629115453,3.2512664072788633
1718,7.5,2.2043853450155573,8.064678205543009,0.5646782055430091,7.529042740573454
1665,1.7,1.18102600485998,2.2577149201410367,0.5577149201410367,32.80676000829628
681,6.0,1.9734052954156964,6.19513638306702,0.19513638306701964,3.252273051116994
6514,69.99,3.8971254808059395,48.26064472469246,21.729355275307533,31.04637130348269
3898,3.9,1.8423654512503147,5.311450044924724,1.4114500449247243,36.19102679294165
6186,20.45,3.1038910382247837,21.28449261702442,0.83449261702442,4.080648494006944
6408,54.999,3.8055669548981053,43.950727925316386,11.048272074683616,20.088132647291072
7289,23.79,3.2720934299101017,25.36647798232317,1.5764779823231692,6.626641371682091
5761,17.75,2.849125255570389,16.27266606188773,1.4773339381122703,8.32300810204096
7063,49.59,3.68806596883084,38.96747382025412,10.622526179745883,21.42070211684993
1793,3.8,1.95631430276514,6.073209255758304,2.273209255758304,59.8212962041659
3542,5.9,2.2070462776265827,8.08883082338164,2.1888308233816396,37.09882751494304
6741,18.8,3.089777432153018,20.972187129128194,2.1721871291281936,11.55418685706486
1706,6.2,2.115228744506557,7.291482180213741,1.0914821802137409,17.60455129377001
1414,5.6,1.7503153097590314,4.756417444480893,0.8435825555191068,15.063974205698335
4761,2.9,1.4660093582822231,3.3319134871134217,0.4319134871134218,14.893568521152476
3066,8.8,1.9131163799541564,5.774166815587752,3.0258331844122486,34.384468004684635
2991,8.0,2.068885944908577,6.915999344303955,1.0840006556960446,13.550008196200558
6041,9.75,2.3476356502878,9.460807455833725,0.2891925441662746,2.966077376064355
84,37.9,3.342502941914931,27.289846006674292,10.610153993325707,27.995129269988674
5327,9.5,2.122626700560317,7.353049656949635,2.1469503430503654,22.599477295267004
3207,9.0,2.4840973140732783,10.990291900509076,1.9902919005090762,22.114354450100848
5025,3.99,1.5924728769492789,3.915890301890779,0.07410969810922108,1.8573859175243377
1561,1.2,0.9554317083177132,1.5997926928198258,0.3997926928198259,33.31605773498549
6072,8.39,3.5359135600227214,33.326359584180445,24.936359584180444,297.21525130131636
2948,8.9,2.541795928203623,11.702463210029558,2.8024632100295577,31.488350674489414
3528,7.8,2.138498067499027,7.486681628994633,0.31331837100536664,4.016902192376495
1297,5.0,1.8879124537767986,5.605564856027293,0.6055648560272928,12.111297120545856
4866,8.499,2.2117524069959993,8.131704843265412,0.36729515673458835,4.321627917809017
6289,13.28,2.6889531135184703,13.71626159800188,0.4362615980018809,3.285102394592477
4506,14.2,2.6110032523836226,12.61270097812898,1.5872990218710186,11.178162125852245
1912,18.5,2.7696042394844884,14.952319462178181,3.547680537821819,19.176651555793615
6456,79.99,3.893516517721602,48.08318529125419,31.906814708745806,39.888504448988385
5998,9.494,2.361113804535159,9.602754273991062,0.10875427399106208,1.1455053085218252
6127,18.99,2.915085530659199,17.45039040931618,1.539609590683817,8.107475464369758
6875,44.199,3.4081101930074933,29.208102799340246,14.990897200659752,33.916824364034824
1817,12.2,2.323364368258564,9.209966675451499,2.9900333245485005,24.508469873348364
3722,7.6,2.2472868898284957,8.462029451651917,0.8620294516519174,11.34249278489365
5451,9.79,2.508306711397789,11.284111893244818,1.4941118932448187,15.261612801274962
6187,36.99,3.603959426849411,35.74342973114891,1.2465702688510945,3.37001965085454
7164,8.99,2.569918803224762,12.064763581193908,3.074763581193908,34.20204205999898
3089,1.2,1.1141092407301343,2.0468529575419447,0.8468529575419448,70.57107979516208
4845,6.0,1.8779299573655877,5.539952859172879,0.46004714082712095,7.667452347118682
3142,3.2,1.1840562728031048,2.2676016413731652,0.932398358626835,29.13744870708859
1623,5.5,1.870158615181509,5.489325623220881,0.010674376779118866,0.1940795778021612
6834,18.38,2.905184567912229,17.268615141221197,1.111384858778802,6.046707610330806
5459,16.79,3.1808846863480498,23.068036799758115,6.278036799758116,37.39152352446764
5605,47.95,3.790973811694303,43.29951866730927,4.650481332690731,9.69860549049162
6392,26.4,3.3641280783470537,27.908280551371394,1.5082805513713957,5.7131839067098324
1199,2.0,1.4490963334965132,3.25926382151441,1.25926382151441,62.9631910757205
373,6.0,1.5476181501794355,3.700261522153756,2.299738477846244,38.32897463077074
2457,5.7,1.8895682899995974,5.616511650135899,0.08348834986410125,1.4647078923526535
5260,4.99,1.7303870067893612,4.642837302254185,0.3471626977458149,6.957168291499295
3819,21.09,3.1214405554506657,21.679026517979207,0.5890265179792067,2.7929185300104633
7284,23.3,3.3836673698142947,28.478682346946446,5.178682346946445,22.226104493332382
1317,8.0,2.356678869174358,9.555835861105445,1.5558358611054448,19.44794826381806
1446,13.0,2.759037292572012,14.78463964143548,1.7846396414354793,13.72799724181138
3799,18.9,2.897152412025764,17.122466506622104,1.777533493377895,9.404939118401561
3482,3.7,1.7262871796692378,4.619750004152125,0.9197500041521245,24.858108220327686
1488,6.399,1.97395640620669,6.199102793235731,0.1998972067642688,3.1238819622483014
4486,4.0,1.5721223513690452,3.816860423286088,0.1831395767139119,4.5784894178477975
6067,102.0,4.266204356186014,70.25067951714465,31.749320482855353,31.126784787113092
812,5.123,1.5668477542981967,3.7915203135906204,1.3314796864093799,25.99023397246496
3580,34.5,3.2956955834365727,25.9961856401282,8.5038143598718,24.648737274990726
4317,3.95,1.386814393886138,3.0020806720269135,0.9479193279730866,23.997957670204727
3366,3.9,1.4536422936562556,3.2786703423713206,0.6213296576286793,15.93152968278665
3651,4.0,1.4974277804841258,3.470175995672774,0.5298240043272262,13.245600108180655
6684,40.5,3.4229318418831265,29.659171223555408,10.840828776444592,26.76747846035702
1511,3.5,1.275421829072378,2.580211328839141,0.9197886711608589,26.279676318881684
7149,18.29,2.9258067949014044,17.649266114775685,0.6407338852243143,3.5031923741077873
1801,3.4,1.415376201758783,3.1180353867568584,0.2819646132431415,8.293076860092397
4516,4.6,1.8895682899995974,5.616511650135899,1.0165116501358993,22.09807935078042
921,7.8,2.2563851407052824,8.548510184549643,0.7485101845496436,9.596284417303123
322,15.0,2.6914733474047545,13.753396794194906,1.2466032058050942,8.310688038700627
3838,2.5,1.3524225703347406,2.866781743822445,0.366781743822445,14.6712697528978
5634,27.49,3.270746522975422,25.33098869603387,2.1590113039661283,7.8538061257407366
7262,9.08,2.5773885917478574,12.162720003651284,3.082720003651284,33.95066083316392
4402,6.85,1.9402645043890405,5.960591834258767,0.8894081657412327,12.984060813740625
6217,10.45,2.497118765549355,11.147443857439033,0.6974438574390334,6.674103898938119
1569,5.9,2.214991385052491,8.161330186890169,2.2613301868901683,38.32763028627404
4661,17.5,2.8625691241547915,16.5064454431157,0.9935545568842983,5.677454610767418
231,12.9,2.4404624203014555,10.47834733659752,2.4216526634024795,18.772501266685886
1545,1.8,1.285483966534261,2.616417758929788,0.8164177589297881,45.356542162766
1420,1.0,1.07813925915564,1.9392053601560786,0.9392053601560786,93.92053601560787
1079,5.9,2.2819320047444007,8.795587260646593,2.895587260646593,49.07775018045073
3103,7.9,1.998304231983168,6.376536592013337,1.5234634079866636,19.284346936540047
1115,4.75,1.9330134205633067,5.910302545658659,1.1603025456586593,24.42742201386651
6946,14.45,2.844472016391602,16.192478925098232,1.7424789250982329,12.058677682340713
1941,10.9,2.323364368258564,9.209966675451499,1.6900333245485015,15.50489288576607
1867,10.95,2.250842655861823,8.495734101995897,2.4542658980041026,22.413387196384498
2586,6.65,2.305709767996927,9.031295618884691,2.3812956188846908,35.808956674957756
2751,11.5,2.333124777008272,9.310108038843719,2.189891961156281,19.042538792663315
1425,9.59,2.283187661717597,8.807894883556148,0.7821051164438515,8.155423529132968
5395,14.5,2.5284061152892234,11.53351323259503,2.9664867674049695,20.458529430379098
4053,32.5,3.2266338117367828,24.19470395051771,8.30529604948229,25.554757075330127
7283,16.95,2.894950787815975,17.082611534554307,0.1326115345543073,0.7823689354236419
4333,4.49,2.1134480305543573,7.276730560316748,2.786730560316748,62.065268603936474
1618,9.0,2.663400747498337,13.34498993074609,4.34498993074609,48.27766589717878
2402,16.8,2.831945311208244,15.978457103021565,0.8215428969784355,4.890136291538306
265,15.3,2.696629978112728,13.829671103356771,1.4703288966432293,9.609992788517838
0,9.99,2.283187661717597,8.807894883556148,1.1821051164438519,11.832884048487005
4015,16.5,2.5764395050222837,12.150233367211117,4.349766632788883,26.362222016902326
5187,3.5,1.4790281705054569,3.38867856053068,0.11132143946931983,3.180612556266281
838,1.2,1.4118172047745392,3.103405360786086,1.903405360786086,158.6171133988405
14,21.9,2.793543204206378,15.338809098815755,6.5611909011842435,29.959775804494264
3263,2.6,1.169507202458553,2.220405239642932,0.37959476035706796,14.599798475271845
4912,21.0,2.7214868208370113,14.202909451784114,6.797090548215886,32.36709784864708
6477,29.155,3.518461716102794,32.7324983734185,3.5774983734185,12.270616955645686
8,16.5,2.682752376131394,13.625292254492106,2.8747077455078944,17.42247118489633
1039,8.5,2.724310704107722,14.245901366956893,5.745901366956893,67.59883961125756
2759,11.9,2.4483382668305462,10.569105970024047,1.330894029975953,11.183983445176075
3992,15.5,2.6553423136307615,13.229856299483256,2.270143700516744,14.64608839043061
6472,12.99,2.9733725440054792,18.55776792840578,5.567767928405781,42.86195479912071
4141,32.79,3.4405736579290864,30.204853946683613,2.585146053316386,7.883946487698646
6629,18.1,2.9853881266455087,18.794183395644552,0.6941833956445507,3.835267379251661
339,4.1,1.5203423273744825,3.573790660924363,0.5262093390756366,12.834374123796016
1956,3.3,1.5498352097594945,3.7106938422546296,0.4106938422546298,12.445267947109995
4220,6.5,1.8684866320281195,5.478484645593498,1.0215153544065023,15.715620837023112
2770,29.999999,2.558796963289924,11.920264409671802,18.079734590328197,60.26578397662013
1090,23.5,3.2956965833592227,25.996212634239182,2.496212634239182,10.62218142229439
4512,8.999,1.9619434643523104,6.113137770192635,2.8858622298073655,32.068699075534674
1883,6.0,2.1929438777334975,7.961556045790406,1.961556045790406,32.69260076317344
622,5.3,2.089956031356932,7.084559689370899,1.7845596893708988,33.67093753529998
7220,12.5,2.7359724091705444,14.424735299693726,1.924735299693726,15.39788239754981
5192,3.8,2.1087422067800823,7.237873224467393,3.437873224467393,90.47034801229982
5045,2.8,1.9054864791109827,5.7226772743268945,2.9226772743268947,104.38133122596054
4331,16.5,2.9971876238699093,19.029128197042517,2.5291281970425175,15.328049679045561
4952,4.7,1.4229269136607579,3.1492471728765583,1.5507528271234419,32.99474100262642
3032,8.4,2.0297546926636523,6.612218796609296,1.7877812033907041,21.28310956417505
4568,5.999,1.8809049371667466,5.559438056492524,0.439561943507476,7.327253600724721
889,4.5,2.1130273106660087,7.273249107569079,2.773249107569079,61.62775794597953
1507,3.1,1.3315685485467814,2.786978791447305,0.3130212085526951,10.097458340409519
3688,10.0,2.0931235849812446,7.11020856636714,2.88979143363286,28.8979143363286
196,1.9,0.9255340560882803,1.5232154391589336,0.37678456084106626,19.83076636005612
5533,12.99,2.6820246709504945,13.61465322505426,0.62465322505426,4.8087238264377214
3980,11.2,2.6073117595142867,12.562542426463423,1.362542426463424,12.165557379137717
2789,3.8,1.6662339029199074,4.292199282834953,0.49219928283495307,12.952612706182975
6575,38.0,2.8508394877460295,16.302300814976704,21.697699185023296,57.09920838164025
4236,21.5,2.5362220507726625,11.631858191681655,9.868141808318345,45.898333992178344
432,4.2,2.0146134598299894,6.497828609047862,2.297828609047862,54.710204977330044
2598,10.9,2.4892792749135593,11.052586388000462,0.15258638800046143,1.3998751192702883
6091,28.99,3.190424039649417,23.2987288833076,5.691271116692398,19.631842417014138
1694,23.5,3.312618141610235,26.456917548304755,2.956917548304755,12.582627865126616
5357,29.9,3.3688486270925573,28.04506609627315,1.8549339037268489,6.203792320156685
1108,13.9,2.768663424137583,14.937318332962217,1.0373183329622169,7.462721819872063
6353,37.5,3.79125674999789,43.31205447131666,5.812054471316657,15.498811923511086
6690,60.89,3.8089307001822594,44.10218531362337,16.787814686376628,27.57072538409694
6262,110.99,4.444956990792765,84.19621353692013,26.79378646307987,24.140721202883025
4825,1.65,1.3308810695221174,2.7843762176712823,1.1343762176712824,68.75007379825954
1277,4.6,1.7701540475155417,4.871757821420154,0.27175782142015414,5.90777872652509
1195,5.9,1.86400113343875,5.4494904870957495,0.4505095129042509,7.6357544560042525
6062,18.19,3.176124051701389,22.95372997229767,4.763729972297668,26.188729919173543
604,9.0,2.284596393773654,8.821721316063824,0.17827868393617585,1.9808742659575094
3742,6.2,1.5465689041017183,3.6953323775824103,2.50466762241759,40.39786487770306
1593,17.9,2.91309899557943,17.41377444302493,0.486225556975068,2.7163438937154636
1219,19.4,3.1317214742634993,21.91339042220178,2.5133904222017804,12.955620732998868
2229,7.0,2.138685326658485,7.488270986669312,0.48827098666931157,6.975299809561594
4519,4.1,1.4103222681742782,3.0972756128603836,1.002724387139616,24.45669236925893
1652,3.3,1.455578032994854,3.2869607543194723,0.0130392456805275,0.3951286569856819
4657,5.9,1.9740165017945936,6.199535440550436,0.2995354405504358,5.0768718737361995
4865,5.9,1.5843757228012172,3.8762462987447366,2.0237537012552638,34.30091019076718
6264,11.09,2.445965269639017,10.541685061785321,0.5483149382146788,4.944228478040387
4955,38.0,3.6124763630628767,36.057707621043356,1.942292378956644,5.111295734096431
1158,12.0,2.407944965819278,10.11110396852903,1.8888960314709706,15.74080026225809
4818,10.8,2.450716627106402,10.596654218934978,0.203345781065023,1.88283130615762
3256,8.8,2.2277865744095737,8.279304282314525,0.5206957176854754,5.916996791880401
5728,38.699,3.7092426737710387,39.82287858050522,1.1238785805052203,2.9041540621339577
4650,17.5,2.918827075496233,17.519552678474522,0.019552678474521912,0.11172959128298236
7219,15.49,2.9151225637532487,17.451073697011513,1.9610736970115124,12.660256275090461
5702,14.19,2.685315170255146,13.662821937424546,0.5271780625754534,3.7151378617015745
2807,4.59,1.3079656938944642,2.698641884018788,1.891358115981212,41.20605917170397
2851,8.6,2.5941639511981283,12.385391841247896,3.785391841247897,44.01618420055694
4559,10.49,2.259393044912878,8.577274426865758,1.9127255731342423,18.233799553233958
2995,6.5,2.109955235558574,7.247872064976823,0.7478720649768231,11.505724076566509
904,5.95,1.7077845699648018,4.516726008720113,1.4332739912798873,24.088638508905667
6841,21.169,3.0087219930952394,19.26148904872307,1.9075109512769295,9.010869437748262
2357,23.8,3.256180468203038,24.95022988145831,1.1502298814583085,4.832898661589531
3383,12.8,2.4640147932739365,10.751898397375747,2.0481016026242536,16.000793770501982
3470,9.0,2.6916278563870155,13.75567650263165,4.755676502631649,52.84085002924055
1616,7.8,2.283187661717597,8.807894883556148,1.0078948835561485,12.92172927636088
3575,5.8,1.987807114189889,6.29950920855858,0.49950920855857994,8.61222773376862
6977,26.95,3.2421705193783157,24.589203375397204,2.360796624602795,8.759913263832264
5006,10.9,2.3169831414269266,9.145021995896958,1.7549780041030427,16.100715633972868
3820,3.65,1.6043883111532269,3.974815632616086,0.32481563261608626,8.89905842783798
1860,7.5,1.8843231129545956,5.581897732531447,1.9181022674685533,25.57469689958071
2088,4.99,1.5859929504706012,3.8841386793497827,1.1058613206502175,22.161549512028405
7077,27.52,3.1742153338850927,22.908052667543124,4.611947332456875,16.758529551078762
6930,27.699,3.246425198165675,24.69830915662173,3.0006908433782726,10.833210019777871
5213,4.1,2.1503705002610887,7.588039678751892,3.4880396787518926,85.07413850614373
2251,3.2,1.2514599676347054,2.495442466867297,0.7045575331327032,22.017422910396974
3784,14.0,2.8592791730138893,16.448944732086478,2.4489447320864777,17.49246237204627
3127,6.5,1.9131163799541564,5.774166815587752,0.7258331844122479,11.166664375573045
254,11.7,2.2563851407052824,8.548510184549643,3.151489815450356,26.93581038846458
6705,16.78,2.8406200716867196,16.126381829843098,0.6536181701569035,3.8952215146418565
4989,2.999999,1.5830835353379045,3.8699493437088455,0.8699503437088456,28.998354456413004
221,14.85,2.838932200019792,16.097499077242446,1.2474990772424466,8.400667186817824
267,2.9,1.2444923610113365,2.4711722496349204,0.4288277503650795,14.787163805692396
107,8.1,1.9169255160718612,5.800019746479312,2.2999802535206877,28.394817944699852
4800,5.5,1.601175481631717,3.958858046316271,1.541141953683729,28.020762794249617
1226,5.4,2.1352371989940697,7.459052747715532,2.0590527477155316,38.1306064391765
4938,4.9,1.8921747000257134,5.633779486193672,0.7337794861936713,14.975091554972883
3418,9.5,2.273251595903272,8.71092553916391,0.7890744608360905,8.306046956169373
4154,8.5,1.8705400591741572,5.4918014096531085,3.0081985903468915,35.3905716511399
1758,6.99,2.198494351285326,8.011435224080335,1.021435224080335,14.612807211449713
2284,9.99,2.2985934093229576,8.960162725084725,1.029837274915275,10.308681430583334
2526,3.3,1.4785873623287025,3.386744421459529,0.08674442145952899,2.6286188321069393
4004,15.0,1.9026695398582512,5.703766548517259,9.296233451482742,61.97488967655161
1210,15.5,3.0427091868328913,19.961956233169484,4.461956233169484,28.78681440754506
6664,11.5,2.7131106494489616,14.076099110614217,2.5760991106142175,22.400861831427978
2464,13.6,2.5353124759302843,11.620373795008938,1.979626204991062,14.556075036698985
4240,13.5,2.5325912970243136,11.586078183462565,1.9139218165374352,14.177198641018038
4198,14.5,2.5866711921953307,12.285473126911194,2.214526873088806,15.272599124750386
376,4.5,1.6272412027011574,4.089813567600446,0.4101864323995539,9.11525405332342
755,1.8,1.2638232981045665,2.53892602414042,0.7389260241404199,41.05144578557888
291,12.49,2.699944858953673,13.878911263517216,1.3889112635172154,11.120186257143438
5091,1.7,1.5352903738018888,3.642673444984032,1.9426734449840322,114.27490852847248
1465,1.35,1.3470900721988108,2.8462170167964613,1.4962170167964612,110.8308901330712
188,4.7,1.8825776127247236,5.570419049462696,0.8704190494626962,18.519554243887153
1870,33.0,2.875871818561026,16.740884213431134,16.259115786568866,49.27004783808747
1201,8.7,2.4340443464452948,10.40491435685706,1.70491435685706,19.59671674548345
1649,4.0,1.5093141724322698,3.523627301895793,0.4763726981042069,11.909317452605173
6030,128.96,4.902866282170292,133.67524424729905,4.71524424729904,3.6563618542951613
3706,30.49,3.2216671437951083,24.069880457121414,6.420119542878584,21.056476034367282
4176,6.5,2.01604865940699,6.508597215197056,0.008597215197055696,0.13226484918547227
501,10.0,2.3403387175123664,9.38475346494022,0.6152465350597804,6.152465350597804
6193,26.99,3.0816518205926844,20.79437307371309,6.195626926286909,22.95526834489407
2605,5.5,1.9330134205633067,5.910302545658659,0.4103025456586593,7.460046284702897
6874,64.89,4.309707618965925,73.41872713473667,8.52872713473667,13.143361280222946
3312,23.5,2.8231431783728285,15.829666267271957,7.670333732728043,32.63971801160869
2812,6.5,1.9960531673684079,6.359950207027739,0.1400497929722606,2.15461219957324
4763,5.5,2.1005599855697366,7.170744130507192,1.6707441305071917,30.377166009221668
6753,76.79,3.762567304278396,42.05882931536839,34.731170684631614,45.22876765806956
672,7.9,1.9131163799541564,5.774166815587752,2.1258331844122482,26.90928081534491
4766,13.8,2.7050507318887496,13.955075370501191,0.1550753705011907,1.123734568849208
3753,7.35,2.122828880311509,7.354738645184829,0.004738645184829693,0.06447136305890738
1374,12.8,2.605505738603773,12.538070296482491,0.26192970351750944,2.0463258087305425
7043,23.99,3.5561825006039207,34.02921755744881,10.039217557448811,41.84750961837771
6988,15.58,2.8714809888715536,16.663157778953835,1.0831577789538347,6.9522322140810955
5718,79.99,4.36297505824347,77.49030062549737,2.499699374502626,3.1250148449839052
1192,4.9,1.9183679109025285,5.809835136942556,0.9098351369425552,18.56806401923582
3053,52.9,3.6915858729800535,39.10840338095383,13.791596619046167,26.071071113508825
3950,2.8,1.237163536997881,2.4458256329939445,0.3541743670060553,12.649084535930546
216,13.0,2.5251587054204965,11.492877793706972,1.5071222062930278,11.593247740715599
4697,6.49,2.1614496474271636,7.683716866365904,1.1937168663659037,18.393172054944586
421,1.2,0.8574795634877684,1.3572119970144194,0.15721199701441946,13.100999751201622
505,3.9,1.8606666278060495,5.428020440627575,1.5280204406275755,39.180011298142965
4836,2.9,1.375093608909534,2.9554469706687065,0.05544697066870663,1.9119645058174701
6453,19.9,2.9729216390823603,18.548951222459085,1.351048777540914,6.7891898368890145
6845,49.5,3.5192149542798954,32.75791655077138,16.742083449228623,33.82239080652247
6252,20.59,3.144042516574791,22.19745365908704,1.6074536590870387,7.80696289017503
506,16.3,2.759037292572012,14.78463964143548,1.5153603585645214,9.296689316346757
1807,8.9,1.9383142165037803,5.9470299054615925,2.952970094538408,33.17943926447649
4436,20.89,3.148388444203642,22.29848749771891,1.4084874977189088,6.742400659257582
1438,5.99,1.2904462259115637,2.6344079609747735,3.3555920390252267,56.01990048456138
5520,76.49,4.263255550680337,70.04088459533331,6.449115404666685,8.431318348368002
7069,41.599,3.3512897093469003,27.539517600967848,14.059482399032149,33.79764513337376
4704,3.8,1.4132709709081184,3.1093750907762,0.6906249092237999,18.174339716415787
1426,27.9,3.5818762896161678,34.94091318449269,7.040913184492695,25.236247973092098
2859,7.5,2.0471329130039275,6.745661754370773,0.7543382456292269,10.05784327505636
3016,5.0,1.7036385309365314,4.493900797185033,0.5060992028149673,10.121984056299347
2688,20.49,3.003934092554803,19.16471092125938,1.3252890787406173,6.4679798864842235
4664,12.0,1.8702474652167607,5.489902225646457,6.510097774353543,54.25081478627952
2280,2.95,1.6137830483886155,4.021772948727281,1.071772948727281,36.331286397534946
347,6.5,1.9880550087181013,6.301318941252165,0.1986810587478347,3.0566316730436105
4320,12.99,2.8141437674124674,15.678888656662082,2.6888886566620815,20.699681729500245
333,11.5,2.0357206418199665,6.657768645856091,4.842231354143909,42.106359601251384
4386,6.5,2.0302179214800353,6.615745812557141,0.11574581255714111,1.780704808571402
3381,7.75,1.8711543529935024,5.495790508249338,2.254209491750662,29.086574087105316
5781,18.355,3.1398461235646593,22.100311991559533,3.7453119915595323,20.40485966526577
6380,15.89,2.821208960496598,15.797145487202783,0.09285451279721713,0.5843581673833677
5832,83.49,4.51023020378632,89.94275146674025,6.452751466740253,7.728771669349927
6831,8.29,2.4479694580955518,10.564839969403728,2.274839969403729,27.440771645400837
3023,9.79,2.3922585484203225,9.938170453604549,0.14817045360454983,1.5134877794131751
6726,5.65,1.7875305189705992,4.974679874965365,0.6753201250346352,11.95256858468381
746,14.5,2.7215112655137057,14.203281086532705,0.29671891346729495,2.0463373342572067
3410,34.0,3.1090326751653046,21.399366454176104,12.600633545823896,37.06068689948205
5257,5.7,1.8726111760661803,5.505260622202397,0.1947393777976032,3.4164803122386527
3704,5.0,1.6143973409150618,4.024858734009577,0.9751412659904233,19.502825319808466
3589,2.5,1.2976509884867466,2.6606875629031617,0.16068756290316166,6.4275025161264665
5019,7.8,2.0313804134470996,6.624604203794176,1.175395796205824,15.06917687443364
4038,24.2,3.003934092554803,19.16471092125938,5.035289078740618,20.806979664217433
3608,9.3,2.048153239442989,6.753568891091125,2.546431108908876,27.380979665686834
6968,28.59,3.40492523443046,29.11204429561238,0.5220442956123819,1.825968155342364
259,4.8,1.8860940021184218,5.593563870573322,0.7935638705733226,16.53258063694422
1795,11.49,2.283187661717597,8.807894883556148,2.682105116443852,23.34295140508139
4210,20.0,2.8561620793051983,16.394639417586312,3.605360582413688,18.02680291206844
3653,8.3,1.6359838677155776,4.134507188609842,4.165492811390159,50.18666037819468
3265,4.59,1.9131163799541564,5.774166815587752,1.1841668155877523,25.798841298208114
3246,5.0,1.988372932025271,6.303640569747019,1.303640569747019,26.07281139494038
1730,25.0,2.603149935813249,12.506214810054281,12.493785189945719,49.975140759782875
599,11.5,2.8122403592778182,15.647172118649966,4.147172118649966,36.062366249130136
45,13.0,2.6139831765224932,12.653326294486813,0.34667370551318655,2.6667208116398964
4651,23.5,2.56152642633744,11.955577965541316,11.544422034458684,49.1252001466327
5070,6.0,1.9272726995729597,5.87074607674563,0.12925392325437013,2.154232054239502
4575,6.0,1.5211303017559672,3.57739611110608,2.42260388889392,40.37673148156533
3921,14.2,2.135009317424645,7.457125305122199,6.7428746948778,47.48503306251972
3881,2.686686,1.4565146236392394,3.2909777625073158,0.6042917625073159,22.492087371107598
6979,5.85,2.5585667179898968,11.917289921960416,6.067289921960416,103.714357640349
6997,28.9,3.158205687085821,22.528340825173903,6.371659174826096,22.047263580713135
1421,1.9,1.2542253620576467,2.5051221218341277,0.6051221218341278,31.848532728111994
4251,17.2,2.8899878790185456,16.993091506300097,0.2069084936999026,1.202956358720364
3529,2.3,1.1583352185697675,2.184627152428009,0.11537284757199062,5.0162107639995925
6651,12.09,2.818069050181202,15.74448667206049,3.6544866720604894,30.22735047196435
6497,96.79,4.577380812042335,96.25931986968487,0.5306801303151332,0.5482799156060886
7180,15.99,2.9677861990540935,18.44881609488158,2.4588160948815787,15.377211350103682
3044,13.2,2.768663424137583,14.937318332962217,1.737318332962218,13.161502522441046
1298,4.1,1.9131163799541564,5.774166815587752,1.6741668155877525,40.83333696555494
426,6.5,1.8878799221104103,5.605349969490417,0.8946500305095828,13.763846623224351
4603,8.2,1.9012998739345963,5.694590913127625,2.5054090868723744,30.55376935210213
805,19.9,2.83426684871822,16.01791901648045,3.882080983519547,19.507944640801746
410,7.7,2.4469773711581255,10.553372332123804,2.8533723321238034,37.056783534075365
6097,12.38,2.7550982111972155,14.72258496087279,2.34258496087279,18.92233409428748
3858,15.0,1.8665258951267958,5.465794486781155,9.534205513218845,63.561370088125635
438,8.8,2.451042415986414,10.60043289541682,1.8004328954168187,20.459464720645666
2389,2.0,1.2466175730855371,2.4785570711879616,0.47855707118796165,23.92785355939808
4161,9.2,2.5083135123430447,11.28419543710141,2.0841954371014104,22.65429822936316
434,5.8,2.0074491804897554,6.444304031895936,0.6443040318959365,11.108690205102354
751,10.5,2.1853067011298806,7.893375743522833,2.6066242564771667,24.82499291883016
3411,8.5,1.928190870268216,5.877057491482477,2.6229425085175233,30.858147159029688
2874,6.99,1.9004522908554,5.688919095155539,1.3010809048444614,18.613460727388574
4383,14.6,2.714071385860206,14.090590227926711,0.5094097720732886,3.4891080278992375
2142,9.0,2.177440719233538,7.823695023849771,1.176304976150229,13.070055290558102
6044,24.0,3.5503718197686363,33.82626417402354,9.826264174023542,40.94276739176476
4937,7.5,2.0035022016827213,6.414979431506832,1.0850205684931682,14.466940913242244
4856,5.9,2.2106618575961936,8.121751696215096,2.2217516962150956,37.65680841042535
1049,6.0,2.1315060324859227,7.427549422037499,1.4275494220374991,23.792490367291652
626,6.5,1.9667675846868218,6.14753530496683,0.35246469503317,5.422533769741078
1926,10.2,2.4099983038353714,10.133942260050251,0.0660577399497484,0.6476249014681216
1223,7.6,1.9004522908554,5.688919095155539,1.9110809048444608,25.14580137953238
210,7.89,2.4584544663173227,10.686735331788913,2.7967353317889136,35.44658215195074
2431,3.89,1.3217213239225116,2.749870567009492,1.1401294329905083,29.30923992263517
6216,14.59,2.791356903829795,15.3031265749011,0.7131265749011,4.887776387259081
4927,16.0,2.8360686180063612,16.048609020162864,0.04860902016286417,0.30380637601790106
51,18.8,2.739401468292918,14.47771841818966,4.322281581810341,22.990859477714576
1109,12.5,2.5962659335034313,12.413557289314122,0.08644271068587805,0.6915416854870244
1436,7.2,2.17256535152004,7.7807809619354416,0.5807809619354414,8.066402249103351
7277,10.49,2.582779212696455,12.233866828338623,1.7438668283386232,16.624087972722815
3882,2.8,1.6307732247939126,4.107822687151032,1.307822687151032,46.707953112536856
1786,10.8,1.8726111760661803,5.505260622202397,5.294739377797604,49.02536460923707
5456,22.0,3.189648431795306,23.27988990511494,1.2798899051149384,5.8176813868860835
4338,6.0,1.6922286185775166,4.431572129092609,1.5684278709073913,26.140464515123192
6336,19.592,3.1869230458727142,23.21380792531744,3.621807925317441,18.486157234164153
1558,2.8,1.3790295115576452,2.971045902676579,0.17104590267657915,6.108782238449256
2249,26.49,2.798016174329107,15.412055796778187,11.077944203221811,41.819343915522126
5044,36.0,3.130689828709771,21.88976411393525,14.11023588606475,39.1950996835132
3786,8.5,2.577337412602095,12.162046364123885,3.662046364123885,43.08289840145747
4233,12.8,2.8007843574493885,15.457550312127246,2.6575503121272455,20.762111813494105
4561,13.0,2.1475673595250164,7.5639999040624755,5.4360000959375245,41.81538535336558
3733,3.5,1.59611382675278,3.9338214350887366,0.4338214350887366,12.394898145392474
5661,63.05,4.407972959351095,81.10286886161452,18.052868861614527,28.63262309534422
5664,70.99,4.263255550680337,70.04088459533331,0.949115404666685,1.3369705658074165
6291,8.89,2.319830716367933,9.17395187676173,0.28395187676172995,3.1940593561499426
6970,20.49,3.374797856124523,28.21837686829661,7.7283768682966105,37.71779828353641
4693,29.5,2.621766128837195,12.76000407752889,16.73999592247111,56.745748889732575
3164,1.0,0.9747728434645524,1.6505650494191242,0.6505650494191242,65.05650494191242
2112,5.4,1.7489418382328055,4.7485165960650235,0.6514834039349768,12.064507480277348
705,7.2,2.0739472600768454,6.956166274858702,0.24383372514129853,3.3865795158513685
2943,26.5,2.8231431783728285,15.829666267271957,10.670333732728043,40.265410312181295
6952,20.99,2.7417957947439553,14.514821529555125,6.475178470444874,30.848873132181392
57,3.8,1.896276120806635,5.661043279159423,1.8610432791594231,48.9748231357743
4881,9.8,2.4111108221536863,10.14633586754901,0.34633586754900847,3.534039464785801
5640,17.2,3.230823672495873,24.300487706789376,7.100487706789377,41.28190527203126
527,4.5,2.1927835429460916,7.960119311789276,3.460119311789276,76.8915402619839
1935,3.8,1.5749057351599067,3.8302862704860887,0.030286270486088895,0.7970071180549709
5058,1.95,1.4464686742107609,3.248086618754818,1.298086618754818,66.56854455152913
565,4.0,1.9485076004095216,6.0182057935752145,2.0182057935752145,50.45514483938036
1871,4.9,1.876648114727725,5.531575039418813,0.6315750394188129,12.889286518751284
6095,18.85,3.0840089322796587,20.845805437294985,1.9958054372949832,10.587827253554288
640,5.5,1.6172230186232606,4.039077444607184,1.4609225553928162,26.562228279869387
5282,5.0,1.660445663595006,4.2616552501944325,0.7383447498055675,14.766894996111352
1747,41.0,3.4081701184231066,29.209913086695952,11.790086913304048,28.756309544644022
730,6.5,2.150156093781708,7.586198544782171,1.086198544782171,16.710746842802628
