sample_id,y_true_price,raw_prediction,y_pred_price,absolute_error,absolute_percentage_error
3909,5.5,1.5491736908186895,3.7075786595434312,1.7924213404565688,32.589478917392164
6004,37.499,3.4300455943653936,29.87805058270308,7.620949417296924,20.323073728091213
1768,27.49,2.9435007804461204,17.98218258375941,9.507817416240588,34.58645840756853
3360,7.8,2.1660331694630433,7.723610230190118,0.07638976980988144,0.9793560232036082
4700,12.99,2.4647098298780006,10.760069236116243,2.2299307638837575,17.16651858263093
865,3.5,1.41110374072931,3.1004787727299847,0.39952122727001527,11.414892207714722
7074,52.5,3.620821829651637,36.36826555483556,16.13173444516444,30.72711322888465
2233,26.0,2.9871362696019803,18.828816721108776,7.171183278891224,27.58147414958163
1720,22.0,2.4623623108688935,10.732494628656916,11.267505371343084,51.215933506104925
1662,4.7,2.1811582576388493,7.8565584967409805,3.1565584967409803,67.16081907959533
1566,11.49,2.7933639656181755,15.335880816178435,3.8458808161784344,33.47154757335452
5141,3.2,1.796289402118634,5.027241251280365,1.8272412512803644,57.10128910251139
7264,63.86,4.0030605196569455,53.76550471006154,10.094495289938457,15.807227200028903
5464,127.0,4.716155060945833,110.73780063370836,16.26219936629164,12.804881390780817
6348,31.79,3.403031560621974,29.0550758628484,2.734924137151598,8.60309574442151
6283,17.99,3.555237432988241,33.996128216627696,16.006128216627697,88.97236362772483
6419,30.9,3.4606125895685467,30.836473233716923,0.06352676628307563,0.20558824039830303
763,7.9,2.5488079517943247,11.791846193276763,3.8918461932767627,49.263875864262815
3297,4.8,1.8912071505627817,5.627364080526235,0.8273640805262348,17.23675167762989
2654,3.59,1.2516362885042025,2.4960588406605173,1.0939411593394825,30.471898588843526
2189,3.1399,1.5346813655121676,3.6398468791579406,0.49994687915794067,15.922382214654629
3945,1.9,1.144461372938499,2.1407492086445084,0.24074920864450844,12.671010981289918
6006,20.04,3.1899529234995647,23.287284055843006,3.247284055843007,16.204012254705624
1197,19.8,2.4820316993146143,10.965550138869965,8.834449861130036,44.61843364207089
429,7.5,2.046610273670381,6.741614624560327,0.7583853754396728,10.111805005862303
4271,5.7,1.8975174259545846,5.669316800392461,0.03068319960753918,0.5383017475006874
3905,5.1,2.0861883123123377,7.054156650881705,1.9541566508817052,38.31679707611187
2316,2.7,1.9360732741019981,5.931479441934177,3.2314794419341766,119.68442377533985
4584,13.5,2.324916277870515,9.225823922197074,4.274176077802926,31.66056353928093
7086,51.49,4.063262140526229,57.16374023288497,5.673740232884967,11.019110959186184
1992,16.5,2.7470088836437805,14.59591285795886,1.9040871420411403,11.539922072976609
7240,13.1,2.717868228421463,14.14799573404984,1.0479957340498398,7.999967435494961
554,7.2,2.300806016767108,8.982225053910941,1.782225053910941,24.75312574876307
1905,11.999,2.6208560771826366,12.747487459299816,0.748487459299815,6.237915320441828
2034,14.5,2.576240313153396,12.14761420851661,2.3523857914833908,16.22335028609235
1215,6.2,2.0074848644558463,6.444569678928222,0.24456967892822146,3.9446722407777655
1615,7.0,2.0951275424436884,7.126477374901402,0.12647737490140187,1.8068196414485982
1002,3.2,1.3666828351181441,2.922318115903721,0.27768188409627914,8.677558878008723
2388,9.95,2.0648256092756014,6.883922894739793,3.0660771052602067,30.814845278997055
6001,38.9,3.720277498053232,40.275846486576526,1.3758464865765276,3.536880428217295
1533,4.95,1.6414877285008729,4.162844712736482,0.7871552872635181,15.902127015424607
5326,26.5,3.365651345031836,27.952349127625492,1.4523491276254923,5.480562745756575
2764,22.5,3.064656158219132,20.42709319052269,2.0729068094773098,9.212919153232487
6702,12.99,2.8035713010122536,15.503480548790314,2.513480548790314,19.34934987521412
496,10.89,2.6584074914382936,13.273540254559588,2.3835402545595876,21.887421988609617
2691,29.5,3.4489940295630506,30.468719778818397,0.9687197788183965,3.2837958604013444
7213,26.25,3.483712718446237,31.580459878818417,5.3304598788184165,20.30651382407016
5400,13.99,2.642560856783671,13.049135403708492,0.9408645962915081,6.725265162912852
5931,44.99,3.5269526828474085,33.020139342112515,11.969860657887487,26.605602707018193
828,4.8,1.502623909811682,3.49346405976197,1.3065359402380299,27.21949875495896
3552,1.55,1.7727932317681239,4.887274939457434,3.3372749394574344,215.30806061015704
61,6.9,2.2737553322934114,8.715818518022205,1.8158185180222048,26.316210406118913
1429,10.0,2.4950903597328717,11.122828884679873,1.1228288846798726,11.228288846798726
2970,3.2,1.5216513638675724,3.579781840291952,0.37978184029195194,11.868182509123498
3955,29.9,3.508320633959056,32.392143039086015,2.4921430390860166,8.334926552127147
4121,14.5,2.5836299772611793,12.245130523987628,2.254869476012372,15.550823972499117
3550,16.4,2.7641803497467357,14.866030063987107,1.533969936012891,9.3534752195908
5189,4.6,1.4405487299466377,3.2230124747385975,1.3769875252614021,29.934511418726135
465,5.95,2.0491813148745863,6.761544243704837,0.8115442437048372,13.63939905386281
5636,7.5,2.737639463746128,14.450470620384277,6.9504706203842765,92.67294160512368
6951,12.9,2.9701159069285907,18.49417897550017,5.594178975500169,43.365728492249374
4230,8.2,2.0268740629719932,6.5903223660198575,1.6096776339801417,19.630215048538314
6145,42.45,4.011294753636257,54.218318418357825,11.768318418357822,27.722776014977203
1902,8.9,2.2633764476263676,8.6155006524848,0.2844993475152009,3.1966218821932686
185,4.7,1.6414877285008729,4.162844712736482,0.5371552872635181,11.42883589922379
2662,4.8,1.7431595980595562,4.7153732063302565,0.08462679366974335,1.7630582014529865
932,2.0,1.5013410556245892,3.4877032964780508,1.4877032964780508,74.38516482390254
6485,20.95,3.330747965147541,26.959246426138098,6.009246426138098,28.683753824048203
5510,12.99,3.1988905535409633,23.50532776096441,10.515327760964409,80.94940539618483
1487,18.99,2.2737553322934114,8.715818518022205,10.274181481977793,54.103114702358056
1084,17.0,2.4495056414069944,10.58261933625115,6.417380663748849,37.74929802205205
7123,11.999,2.7852363504690048,15.20364716382469,3.2046471638246903,26.707618666761313
5735,99.69,4.288045950451027,71.82402761836443,27.865972381635572,27.952625520749898
2939,12.5,2.57232529319826,12.096241664412693,0.4037583355873071,3.230066684698457
1940,7.5,2.170679877823234,7.764240628476225,0.26424062847622487,3.5232083796829983
5481,17.86,2.9285702637992483,17.700874057280362,0.15912594271963698,0.8909627251939362
3268,2.2,1.2520055749701462,2.497350126286994,0.297350126286994,13.515914831226997
1703,22.5,3.2201892004124395,24.032855959990215,1.532855959990215,6.812693155512066
6381,19.8,3.1741736467298796,22.907056029614374,3.107056029614373,15.692202169769562
3244,1.5,1.2557599196608356,2.510505062796442,1.010505062796442,67.36700418642947
4438,1.5,1.0394994447196222,1.827801189214627,0.3278011892146271,21.853412614308475
5549,17.5,2.8161769029552257,15.712833593639573,1.7871664063604271,10.212379464916726
4063,8.0,2.1475935297811444,7.564224029066137,0.43577597093386267,5.447199636673283
5269,5.299999,1.703791273164304,4.494740011922088,0.8052589880779113,15.193568679501851
7091,24.299,3.457136110692204,30.72598657057551,6.426986570575512,26.44959286627232
2718,22.0,2.8865598252330966,16.93151582352702,5.068484176472982,23.038564438513554
1740,7.8,2.2868317200506985,8.84370062411788,1.0437006241178794,13.380777232280504
5023,17.5,2.7578182537445404,14.765409276497133,2.7345907235028672,15.626232705730668
3994,7.0,2.1867903308425602,7.906580012722953,0.9065800127229533,12.951143038899332
101,12.6,2.5926851293866764,12.365611860976117,0.2343881390238831,1.8602233255863738
4505,15.0,2.9199949138331203,17.54119315590451,2.5411931559045087,16.94128770603006
736,8.2,2.4297529002397327,10.35607564971099,2.1560756497109903,26.293605484280373
7111,48.49,3.873264375690729,47.099143759271726,1.3908562407282758,2.8683362357770177
538,25.5,3.0109331601690785,19.30634015454471,6.19365984545529,24.288862139040354
4520,9.0,2.071388835077952,6.935837036670161,2.0641629633298386,22.935144036998206
5153,8.5,2.274020246389432,8.718392716257654,0.21839271625765377,2.569326073619456
733,10.8,2.6919980161811004,13.761139471830846,2.9611394718308457,27.41795807250783
5218,4.4,2.1037400204368817,7.196768739383124,2.7967687393831238,63.56292589507099
79,3.7,1.3450160479310058,2.8382481360469742,0.8617518639530259,23.290590917649347
5808,17.79,2.8966048638198294,17.112546298743155,0.6774537012568445,3.8080590289873215
3113,5.5,1.8975174259545846,5.669316800392461,0.169316800392461,3.078487279862927
5278,5.3,1.6157124402339784,4.031471269425712,1.268528730574288,23.934504350458266
3082,5.9,1.655470149752981,4.23554083186352,1.6644591681364806,28.21117234129628
4939,11.5,2.3838540283503864,9.846625614579768,1.653374385420232,14.377168568871584
132,8.9,2.1054289642214905,7.210624318352751,1.689375681647249,18.98174923199156
737,12.2,2.219962849712253,8.206988817244845,3.993011182755154,32.729599858648804
1041,9.0,2.251894708053157,8.505729366714395,0.4942706332856055,5.4918959253956166
2095,13.5,2.7512809048314337,14.662681444993314,1.1626814449933143,8.612455148098624
7199,21.99,3.134609504101858,21.979660626541076,0.010339373458922552,0.04701852414243998
6848,42.499,3.38167239791861,28.419931826446263,14.07906817355374,33.12799871421384
1634,9.3,2.7470088836437805,14.59591285795886,5.295912857958859,56.945299547944714
6425,20.34,3.0688617340071414,20.517396209849917,0.17739620984991689,0.8721544240408894
5527,23.9,3.477242966909743,31.370352801632947,7.470352801632949,31.25670628298305
6243,47.499,3.4064847529983684,29.159041224575653,18.33995877542435,38.611252395680644
6607,41.0,3.8582741611160363,46.38350446741789,5.383504467417893,13.130498701019253
3308,17.2,2.8186342686807135,15.75395364089329,1.4460463591067096,8.407246273876218
4726,5.0,2.1995884685090896,8.021300186298264,3.021300186298264,60.42600372596528
5241,1.8,1.4677206083028655,3.3393328205143336,1.5393328205143335,85.51849002857408
5112,14.499,2.1683485584533515,7.743832183082185,6.755167816917815,46.59057739787444
2647,7.5,1.9987433334550542,6.3797763513277985,1.1202236486722015,14.936315315629352
3139,6.2,1.940137268087232,5.959706250635764,0.24029374936423586,3.87570563490703
5239,6.6,1.9656620107724092,6.13963754296559,0.46036245703440937,6.975188742945597
319,9.0,2.176415785468618,7.814655953903754,1.1853440460962457,13.170489401069396
5857,4.845,2.526209291147399,11.506009529604302,6.661009529604303,137.48213683393814
6898,38.8,3.7642676763553133,42.13210762894453,3.3321076289445344,8.587906260166326
842,7.5,1.9101785462678167,5.754294644978987,1.7457053550210127,23.27607140028017
1894,5.5,1.571141024837825,3.8121358289195832,1.6878641710804168,30.688439474189394
177,7.5,2.481253861643194,10.956246502041367,3.456246502041367,46.08328669388489
5163,3.8,1.1796465507583414,2.253224150050211,1.546775849949789,40.704627630257605
4671,7.3,1.838702364829811,5.288372950471552,2.011627049528448,27.55653492504723
3832,22.9,2.728702582703165,14.31300676635825,8.58699323364175,37.49778704647052
3961,3.95,1.667906351543546,4.3010576197334345,0.3510576197334343,8.887534676795806
1509,4.0,0.871215352210482,1.389813554451031,2.610186445548969,65.25466113872423
6654,19.49,3.0065732897500066,19.21799985884077,0.27200014115922855,1.3955882050242614
2177,11.4,2.1976666498018287,8.00397953174638,3.396020468253621,29.789653230294917
3671,1.4,0.9724364201032456,1.6443794362364432,0.24437943623644331,17.455674016888807
1755,6.9,1.739406910030342,4.693965387272784,2.2060346127272163,31.971516126481397
2245,4.0,1.8794774460939307,5.5500811972296225,1.5500811972296225,38.75202993074056
3193,4.799,1.8912071505627817,5.627364080526235,0.8283640805262342,17.261181090357034
1038,13.5,2.5377818816984643,11.651577129846034,1.848422870153966,13.692021260399748
6559,8.1,1.8675480531160686,5.472406929177499,2.627593070822501,32.43942062743828
3450,7.29,2.0244200677040327,6.571718586980353,0.7182814130196471,9.852968628527394
5444,41.29,3.5622342441459702,34.241848142529136,7.048151857470863,17.069876138219577
3433,17.49,2.9113384060689884,17.38138386651421,0.10861613348578913,0.62101848762601
3002,15.9,2.800782334315079,15.457517016326243,0.4424829836737576,2.7829118470047645
2516,1.5,0.8810948105312085,1.41354063019728,0.08645936980272007,5.763957986848004
3698,5.35,1.7096075751001694,4.526792201136873,0.8232077988631268,15.387061660993027
2045,4.99,1.7813191307050555,4.937683835827644,0.05231616417235596,1.048420123694508
4239,9.49,1.9615714538664681,6.110492100493829,3.379507899506171,35.611252892583465
4710,4.99,1.954441593932856,6.059975589581801,1.0699755895818006,21.44239658480562
1728,31.5,3.328142449479129,26.886492992761603,4.613507007238397,14.646053991233005
3319,9.19,2.524246584099504,11.481487968751534,2.291487968751534,24.934580726349665
5372,2.899,1.7195455069375005,4.581990911525451,1.6829909115254509,58.05418804848054
2771,27.5,2.974306240492724,18.576037475397538,8.923962524602462,32.450772816736226
4552,1.5,1.3090497280854332,2.702653512259453,1.2026535122594528,80.17690081729685
3379,5.0,2.4098527312207816,10.132321580930872,5.132321580930872,102.64643161861744
3857,6.7,2.0210901007508375,6.546546947929929,0.15345305207007076,2.2903440607473247
5435,23.49,3.4228534170699088,29.656766878060193,6.166766878060194,26.252732558791802
4104,3.2,1.4402241417851491,3.221641957322375,0.02164195732237495,0.6763111663242172
6784,28.799,2.8801514404563906,16.816971185561254,11.982028814438745,41.60571135955674
2412,21.49,2.6726928708301725,13.478906567761683,8.011093432238315,37.27823840036443
6248,27.89,3.4946378905104916,31.93835850106902,4.048358501069018,14.515448193148146
3045,11.5,2.437820933391707,10.448067441941408,1.051932558058592,9.147239635292106
1918,14.9,2.571961765127958,12.091481678198939,2.8085183218010616,18.8491162536984
3824,4.0,1.923334529020385,5.843741116842976,1.8437411168429758,46.0935279210744
1550,13.5,2.585468255199101,12.26950114834241,1.2304988516575897,9.114806308574739
1934,7.9,2.1728807700243684,7.7835510195740465,0.11644898042595386,1.4740377269108085
7148,19.199,2.87534046016493,16.731459949702728,2.4675400502972735,12.852440493240655
3370,8.99,2.2987119410829644,8.961343390674285,0.02865660932571501,0.3187609491180758
2481,10.7,2.5085554859180346,11.287168247443468,0.5871682474434685,5.48755371442494
6017,21.999,2.7762447010231273,15.058602720410239,6.94039727958976,31.54869439333497
5643,21.1,2.9503050826542525,18.1117835125449,2.9882164874551016,14.162163447654507
3889,2.9,1.94689267128633,6.006881035448716,3.106881035448716,107.13382880857642
3664,26.0,3.129584876359625,21.864485983420007,4.135514016579993,15.905823140692283
1600,14.8,2.7470088836437805,14.59591285795886,0.20408714204114098,1.3789671759536553
2275,23.49,2.841199424921268,16.136306929343966,7.353693070656032,31.30563248470001
4024,8.2,2.017134800996797,6.516757045476925,1.6832429545230747,20.527353103939937
2312,8.0,2.1297449453293122,7.412720834039069,0.5872791659609309,7.340989574511636
3935,6.9,1.9363304817131552,5.933262500501509,0.9667374994984916,14.010688398528865
4352,1.0,1.8569304973189626,5.404049324979457,4.404049324979457,440.4049324979457
1672,1.3,1.8548142384307569,5.390511028997226,4.090511028997226,314.6546945382481
3792,15.9,2.760448916752711,14.806937354729888,1.0930626452701127,6.874607831887501
1034,4.6,1.8794774460939307,5.5500811972296225,0.9500811972296228,20.653939070209194
3439,10.5,2.3210841426204203,9.186712170508574,1.3132878294914256,12.507503138013579
3221,8.9,2.5042240456946705,11.234062208510315,2.334062208510314,26.225418073149598
2955,5.5,1.7693914746928237,4.867281885314475,0.6327181146855247,11.503965721554996
4490,2.0,0.8730102616896519,1.3941069053888544,0.6058930946111456,30.29465473055728
7244,46.49,3.5767497889610578,34.75713354522039,11.73286645477961,25.237398267970768
6285,16.09,2.9281402177370444,17.692833549050622,1.6028335490506223,9.961675258238795
2268,16.49,2.994268733426963,18.97075060651087,2.4807506065108704,15.043969718076838
1699,2.6,1.2520427695740939,2.497480211259022,0.10251978874097789,3.9430687977299184
3519,10.5,2.372956208792035,9.729062798495226,0.7709372015047737,7.342259061950227
87,8.5,2.427621861927992,10.331901184934404,1.831901184934404,21.551778646287108
7113,22.59,3.0440244752383747,19.98954539103155,2.600454608968448,11.511529920179054
676,5.3,1.896447643988557,5.662185900487805,0.3621859004878054,6.83369623561897
4407,24.99,2.696519203423832,13.828028442138189,11.16197155786181,44.665752532460225
3317,4.9,1.8912071505627817,5.627364080526235,0.7273640805262342,14.844164908698657
6902,67.0,4.189503715141192,64.99003297823765,2.0099670217623498,2.9999507787497754
2569,4.1,1.8413970510173967,5.3053409937119,1.2053409937119,29.398560822241464
393,2.999,1.4311764774724147,3.1836182303881415,0.1846182303881414,6.15599301060825
1149,5.6,1.7961455340438255,5.026374186058135,0.5736258139418648,10.24331810610473
1168,5.9,2.0028400934984854,6.410071537896849,0.5100715378968488,8.645280303336419
2208,3.4,1.4022585923658633,3.064369361596392,0.33563063840360785,9.871489364811996
230,18.5,2.962868427837902,18.353406061545712,0.1465939384542878,0.7923996673204746
2802,4.999999,1.8912071505627817,5.627364080526235,0.6273650805262347,12.547304119985519
1543,4.4,1.7656552204850489,4.845401130167879,0.44540113016787863,10.122752958360877
2345,28.5,3.3568817564684474,27.699558990660776,0.8004410093392238,2.808564945049908
3599,6.0,1.874153147438283,5.515299285526574,0.48470071447342633,8.078345241223772
2892,2.2,1.4951891042533274,3.4601799120958843,1.260179912095884,57.28090509526746
4691,25.9,3.283894761746344,25.67948083089856,0.22051916910143987,0.8514253633260227
2942,16.0,3.0171157123601127,19.432274057682765,3.432274057682765,21.45171286051728
5121,24.49,2.8760352624342325,16.74378408923809,7.746215910761908,31.630118051294033
7189,54.99,3.9346358318299326,50.14352172224183,4.846478277758173,8.813381119763907
970,3.2,1.0269253358221528,1.7924667243799175,1.4075332756200827,43.98541486312758
3718,5.6,1.7630989168914732,4.830477592925601,0.7695224070743985,13.741471554899972
5329,7.0,1.9798228466886263,6.241460022901624,0.7585399770983763,10.836285387119661
169,10.5,2.561303740122321,11.952693258123695,1.4526932581236949,13.835173886892333
1056,9.0,1.8628890535820644,5.44232212527333,3.5576778747266697,39.52975416362967
5968,24.1145,3.0350833048467574,19.802710793930263,4.3117892060697365,17.880483551679433
251,3.7,1.7264412347139184,4.6206158216801745,0.9206158216801743,24.881508694058763
5889,51.0,3.324884913153476,26.79579952767091,24.20420047232909,47.45921661240998
2705,10.5,1.986403886375064,6.289273517385386,4.210726482614614,40.102156977282036
1729,4.3,1.8374223829728273,5.280329096276939,0.9803290962769395,22.798351076207897
2533,8.6,1.8943471107921408,5.648206445138209,2.9517935548617906,34.323180870485935
95,7.5,1.3046889163947615,2.6865420925026324,4.813457907497368,64.17943876663156
5646,17.5,3.09891863389768,21.173960143324532,3.673960143324532,20.994057961854466
5174,23.49,2.321853045905405,9.19454777898618,14.295452221013818,60.85760843343473
3692,2.8,1.6722644829697433,4.324210741064734,1.524210741064734,54.43609789516908
1172,6.69,2.0861883123123377,7.054156650881705,0.36415665088170446,5.443298219457465
1383,11.9,2.7119697054797856,14.058907935204104,2.1589079352041036,18.142083489110114
5263,7.2,2.243581823594113,8.427036870766905,1.2270368707669048,17.042178760651456
711,13.7,2.7470088836437805,14.59591285795886,0.8959128579588604,6.539509912108471
2354,7.9,2.2398843792907104,8.392245286600039,0.4922452866000384,6.230952994937195
2215,7.0,2.219962849712253,8.206988817244845,1.206988817244845,17.242697389212072
3779,7.49,2.2178323280609753,8.187394009219942,0.6973940092199413,9.311001458210164
5242,5.5,2.4654794353942053,10.769123333866204,5.2691233338662045,95.802242433931
69,5.5,1.8600075910167948,5.423785534307931,0.07621446569206913,1.3857175580376206
263,6.5,2.2740241306035935,8.718430464649579,2.218430464649579,34.129699456147364
408,16.0,2.2836084663834133,8.812022959980979,7.187977040019021,44.92485650011888
7137,54.99,3.822472670493465,44.71711203045184,10.272887969548165,18.681374740040308
6024,24.39,3.1280235203378024,21.828814235939603,2.561185764060397,10.50096664231405
3217,1.79,1.6439256279470478,4.175446563783756,2.3854465637837556,133.26517116110367
5196,11.6,2.6829699549790615,13.628474754937475,2.0284747549374753,17.48685133566789
37,13.8,2.6726928708301725,13.478906567761683,0.32109343223831743,2.326764001726938
3504,6.99,2.068220164052843,6.910730777536575,0.07926922246342549,1.134037517359449
1862,31.0,3.1012861565471757,21.226519689600593,9.773480310399407,31.52735583999809
4602,13.3,2.585468255199101,12.26950114834241,1.0304988516575904,7.748111666598422
6222,20.66,3.138790246056162,22.07593376416427,1.4159337641642686,6.853503214735085
6474,9.29,2.5223677117546237,11.458058863225684,2.168058863225685,23.337555040104256
2333,28.5,3.538891742830489,33.42874213945616,4.928742139456162,17.293832068267236
1575,6.8,2.324916277870515,9.225823922197074,2.4258239221970745,35.673881208780514
6763,35.89,3.701473485356563,39.50694680109503,3.6169468010950325,10.077867932836535
5733,20.0,3.4769496874797277,31.36086063501054,11.360860635010539,56.804303175052695
3295,11.0,2.531432193210486,11.571498063807521,0.5714980638075211,5.195436943704737
3985,19.5,2.7495771969733513,14.636019530042962,4.863980469957038,24.943489589523274
5958,89.09,4.64166807945388,102.71721191768964,13.627211917689635,15.296006193388298
3641,13.8,2.4382903201335426,10.453442274357151,3.3465577256428496,24.25041830175978
1163,5.39,1.8912071505627817,5.627364080526235,0.23736408052623492,4.403786280635156
3781,8.5,2.4776474645096886,10.91320518761537,2.41320518761537,28.39064926606318
1554,23.99,3.102135561907106,21.245407034928125,2.744592965071874,11.440570925685178
19,10.0,1.7875555415133257,4.974829378518286,5.025170621481714,50.25170621481714
3257,7.1,2.594632976011772,12.39167139467986,5.2916713946798595,74.53058302365999
3279,6.699999,2.176415785468618,7.814655953903754,1.1146569539037543,16.636673436872965
982,1.7,1.2528888958592614,2.5004407735257685,0.8004407735257686,47.08475138386874
6602,12.15,2.646913879797715,13.110424913992409,0.9604249139924086,7.904731802406655
239,4.8,1.7385262658017757,4.688953236801443,0.11104676319855677,2.3134742333032663
7053,20.99,3.1636900334654703,22.65773288711921,1.667732887119211,7.945368685656079
2509,22.05,2.949254600290612,18.09171746238842,3.9582825376115807,17.95139472839719
3800,7.3,1.6419107977540597,4.1650294157011585,3.1349705842988413,42.94480252464166
6775,25.99,3.5255136216908696,32.97121749025627,6.981217490256274,26.861167719339264
1322,2.5,1.4734730131697271,3.3643663522245513,0.8643663522245513,34.57465408898205
3842,10.9,2.7303125146012115,14.337679519803736,3.4376795198037353,31.538344218382893
3166,10.9,2.1853826343010265,7.8940510713848,3.005948928615201,27.577513106561476
4381,12.0,2.3666894403407306,9.662036484788425,2.337963515211575,19.48302929342979
5635,15.999,3.260230228719398,25.055535184529848,9.056535184529848,56.60688283348863
5514,28.49,3.3898785498165456,28.662349553802986,0.172349553802988,0.6049475387960267
1965,4.5,1.8245012868865595,5.199702375124008,0.6997023751240077,15.548941669422392
2486,4.686,2.2858547867861945,8.834088681410114,4.148088681410114,88.5208852200195
4706,3.0,1.7082237086407193,4.519149148483235,1.5191491484832351,50.63830494944117
2676,6.2,1.7101251171065033,4.529653288563842,1.6703467114361583,26.941075990905777
1726,6.799999,2.2634297689476846,8.616013377354177,1.8160143773541773,26.706097711987564
332,4.0,1.4093100971410033,3.093130567271121,0.9068694327288789,22.671735818221972
4728,4.99,1.8912071505627817,5.627364080526235,0.6373640805262344,12.772827265054797
3544,4.75,2.354245274577016,9.530178468492194,4.780178468492194,100.63533617878302
6459,13.19,2.5627997177800217,11.972084698809487,1.2179153011905122,9.233626241019804
1562,25.0,3.3517150831756615,27.55166014721837,2.551660147218371,10.206640588873483
3989,4.5,1.7432898880930339,4.716117911009391,0.21611791100939115,4.802620244653136
1320,29.5,3.5372970434976763,33.373882401356646,3.8738824013566457,13.131804750361512
6674,35.99,3.620340436221792,36.35028104647216,0.36028104647215997,1.0010587565217004
2036,10.799,2.616820812177051,12.692124481508626,1.893124481508627,17.530553583745043
3774,5.5,1.7417442999248853,4.707289970735792,0.7927100292642084,14.412909622985607
3121,8.2,2.213376392956681,8.146546651910507,0.053453348089492536,0.651870098652348
2650,3.6,1.736079486187637,4.675050637230381,1.075050637230381,29.862517700843917
4595,3.95,1.5597475738315836,3.757620145725604,0.19237985427439597,4.870376057579644
2471,3.55,1.3002249503691725,2.670122170104292,0.8798778298957077,24.785290982977685
4397,10.8,2.0062128474961245,6.435106080243838,4.364893919756163,40.415684442186695
6418,5.8,1.9938099173996569,6.343458503378418,0.5434585033784183,9.369974196179626
1888,13.8,2.9950832648443564,18.98702403701927,5.18702403701927,37.58713070303819
5537,25.99,2.831815817013797,15.976258633743626,10.013741366256372,38.529208796677075
7214,57.99,3.884171384837488,47.62663299587813,10.36336700412187,17.870955344234986
2519,29.5,3.43851048609461,30.140539339778496,0.6405393397784955,2.171319795859307
1142,13.89,2.6455934919702764,13.091805975510908,0.7981940244890922,5.746537253341196
308,11.3,2.0049244329843887,6.42553275020675,4.874467249793251,43.13687831675443
5255,1.99,0.7928593987828942,1.209705831569451,0.7802941684305489,39.2107622326909
381,4.5,2.089274601511293,7.079052505702473,2.5790525057024727,57.312277904499396
4118,7.5,1.9656862927492476,6.139810909583876,1.3601890904161236,18.13585453888165
3617,7.2,1.9615714538664681,6.110492100493829,1.089507899506171,15.13205415980793
1400,9.8,1.973924647118287,6.198874159924309,3.6011258400756914,36.74618204158868
7075,23.5,3.000583083549753,19.097251884424217,4.402748115575783,18.735098364152268
6806,14.4,2.7712036957573396,14.977854915585192,0.577854915585192,4.0128813582305
2465,4.3,1.4445325120982742,3.2398695917081923,1.0601304082918075,24.654195541669942
994,10.5,2.475595867145071,10.888789141760007,0.38878914176000734,3.7027537310476886
683,4.7,2.037628851398416,6.67239522418583,1.9723952241858296,41.96585583374105
3428,7.9,2.198839024540361,8.014541760130747,0.1145417601307468,1.4498956978575541
2906,11.9,2.413802131203551,10.176374505640267,1.7236254943597338,14.484247851762468
2984,12.8,2.4833711480862273,10.981588118933653,1.818411881066348,14.206342820830844
457,2.7,1.6163693617662187,4.034777637134613,1.3347776371346125,49.43620878276342
4028,4.8,1.6233743388856727,4.070169955751237,0.7298300442487626,15.20479258851589
3622,3.8,1.971364614132348,6.1804683743746205,2.3804683743746207,62.64390458880581
756,2.95,1.6256642270403574,4.081793380967973,1.1317933809679728,38.36587732094823
5845,21.99,3.2467385046884285,24.706361865921544,2.716361865921545,12.352714260670966
4100,1.5,1.122134083601999,2.071401842510511,0.571401842510511,38.09345616736739
1046,11.89,2.199602511938641,8.021426877181478,3.868573122818523,32.53635931722896
1024,4.49,1.3418162536227256,2.825986159870479,1.6640138401295212,37.06044187370871
2344,13.4,2.5648711700338396,11.998983603175182,1.4010163968248186,10.455346244961333
2997,3.2,2.1411850894104245,7.509516193235061,4.309516193235061,134.67238103859563
4591,3.55,1.7513406635693758,4.762322836082028,1.212322836082028,34.14993904456417
4974,26.9,2.9320503178231587,17.766067481818506,9.133932518181492,33.955139472793654
1515,28.2,3.3197318131438154,26.652933410694732,1.5470665893052669,5.48605173512506
5186,24.19,3.075616087436306,20.663224241354115,3.5267757586458863,14.579478125861456
1737,4.3,1.9518843025872796,6.041944240639573,1.7419442406395733,40.5103311776645
6156,22.85,3.151991066400536,22.382574521875785,0.4674254781242162,2.0456257248324556
1869,5.6,1.976087921454763,6.2144641562857315,0.6144641562857318,10.972574219388068
6526,22.99,3.2014551287009874,23.568254171093436,0.5782541710934375,2.515242153516475
1042,3.5,0.8282086549806434,1.2892142924996128,2.210785707500387,63.16530592858249
3442,6.5,1.777743224925026,4.916489155553843,1.583510844446157,24.361705299171646
50,7.5,2.1567010567382976,7.64257919958172,0.1425791995817196,1.9010559944229282
786,6.5,1.9379432246725103,5.944453092132981,0.5555469078670194,8.546875505646453
245,18.5,3.0589128953765234,20.30438447387893,1.8043844738789296,9.753429588534756
5303,4.25,2.2605882225664344,8.5887278142957,4.3387278142957,102.08771327754587
3076,14.0,2.4781781200805284,10.919528673962974,3.080471326037026,22.003366614550185
5462,37.19,3.1788663425013843,23.01950821594056,14.170491784059436,38.102962581498886
7234,54.95,3.699067126858482,39.409589750391376,15.540410249608627,28.281001364164926
625,7.5,2.3197610187595195,9.173242801358523,1.6732428013585228,22.309904018113638
6414,26.59,2.9697061694182674,18.486193115305912,8.103806884694087,30.476896896179344
2272,5.7,1.9095742719335704,5.750214430987542,0.05021443098754208,0.8809549296060013
4812,12.99,2.6069360088733173,12.557447249771407,0.4325527502285933,3.32989030199071
7182,57.28,3.51312465201893,32.55294543685757,24.72705456314243,43.168740508279384
4894,6.9,1.9798228466886263,6.241460022901624,0.6585399770983766,9.544057639106908
6403,5.3,1.9700738590203408,6.171206127046281,0.871206127046281,16.437851453703413
1025,12.5,2.2858547867861945,8.834088681410114,3.6659113185898864,29.32729054871909
5457,53.99,3.7596314014019407,41.93259816639233,12.05740183360767,22.33265759142002
2926,7.5,2.3299793743286794,9.277729545785732,1.777729545785732,23.703060610476427
321,31.8,3.558527850338556,34.111469740916505,2.311469740916504,7.268772770177685
3326,17.0,3.1831597077938674,23.122854431636956,6.122854431636956,36.016790774335036
3105,11.9,2.6822426643012083,13.617839469557751,1.7178394695577506,14.435625794602947
1893,4.5,1.3951377737602018,3.0355305245483066,1.4644694754516934,32.54376612114874
4920,6.8,1.9482355766494248,6.016296934485397,0.7837030655146027,11.5250450810971
2138,11.49,2.3627129287860735,9.61972295937922,1.8702770406207794,16.277432903575104
5476,40.49,2.951971160309362,18.14365176812701,22.34634823187299,55.189795583781155
3475,1.55,1.137398858845624,2.1186457679020543,0.5686457679020542,36.6868237356164
4098,11.0,2.5866855619429012,12.285664037178044,1.2856640371780443,11.687854883436767
7001,45.499,3.693023105718097,39.16608993593632,6.332910064063682,13.91878956474578
5321,14.799,2.976889306013731,18.62666902699369,3.8276690269936893,25.864376153751532
5339,2.7,1.3038783421887168,2.6835550873311704,0.016444912668829748,0.6090708395862868
4296,24.5,3.1832918727293884,23.126042837830607,1.3739571621693933,5.607988417017932
3767,5.9,1.9101785462678167,5.754294644978987,0.145705355021013,2.469582288491746
2126,16.3,3.1201623890363757,21.65005746555398,5.350057465553981,32.82243843898148
4279,5.9,1.5090845878003356,3.5225888657957256,2.3774111342042747,40.295103969563975
233,3.8,1.8628890535820644,5.44232212527333,1.6423221252733304,43.21900329666659
65,15.0,2.5045670620126996,11.238259411296987,3.761740588703013,25.07827059135342
5856,20.709,3.325387773148115,26.809780438198068,6.100780438198068,29.459560761978214
1595,14.5,2.858632193903274,16.43765928046192,1.9376592804619186,13.363167451461507
5133,9.8,2.7495771969733513,14.636019530042962,4.836019530042961,49.34713806166287
2656,20.9,3.09907770368791,21.17748763106403,0.2774876310640302,1.3276920146604316
3218,32.99,3.6072710639872945,35.86531234171968,2.8753123417196775,8.715708826067528
509,5.0,1.8195393993152866,5.169016342244192,0.16901634224419215,3.380326844883843
6253,15.5,3.065952424526632,20.454886419314494,4.954886419314494,31.967009156867704
6481,18.99,3.378199436955919,28.317934770104884,9.327934770104886,49.120246288072074
576,26.7,2.622574661057885,12.771133983019674,13.928866016980326,52.16803751678025
217,4.999999,1.6129559611436604,4.017621221531306,0.9823777784686936,19.647559498885773
5697,15.59,3.186338145457554,23.199649400076606,7.609649400076606,48.811093008830056
7082,11.9,2.4461175905872667,10.543443236098321,1.3565567639016791,11.399636671442682
3757,4.0,1.6737247904754646,4.331991405670727,0.3319914056707267,8.299785141768169
3954,9.2,2.6527974303341306,13.193689016150437,3.9936890161504373,43.4096632190265
6731,24.5,3.3047672894002798,26.242201302101034,1.7422013021010336,7.1110257228613625
6889,39.9,3.2526729581808085,24.859368631594844,15.040631368405155,37.69581796592771
2115,10.5,2.011800631511328,6.476768138038368,4.023231861961632,38.31649392344411
3467,2.0,1.4367564497261078,3.2070279561031505,1.2070279561031505,60.351397805157525
4871,17.5,2.8990116928878655,17.15619260520105,0.34380739479895084,1.9646136845654332
6130,20.5,3.5289506599590226,33.08817874980766,12.58817874980766,61.405749999061754
3478,9.0,2.2858547867861945,8.834088681410114,0.1659113185898864,1.8434590954431822
4487,4.499999,2.0190849640547395,6.531430250303191,2.031431250303191,45.142926705165735
3933,29.99,3.1770436061513756,22.97576686179454,7.014233138205459,23.38857331845768
3347,7.6,1.923334529020385,5.843741116842976,1.7562588831570238,23.108669515223998
1261,6.5,1.8642276979561787,5.450951878339068,1.049048121660932,16.139201871706646
4382,9.5,2.3208165200962174,9.183986341647044,0.31601365835295603,3.3264595616100636
3163,9.65,2.407606939834387,10.107348761381395,0.4573487613813949,4.739365402916009
1412,4.0,1.427789214497383,3.1694711886564093,0.8305288113435907,20.763220283589767
1281,14.0,2.0168562232428386,6.514663335826152,7.485336664173848,53.466690458384626
4588,6.0,2.2080862209354226,8.098287608589565,2.0982876085895654,34.97146014315942
2917,6.2,1.8768569873147294,5.532939448883417,0.6670605511165828,10.759041147041657
1565,13.6,2.9742210677365843,18.57437020133564,4.97437020133564,36.57625148040912
6580,22.562,2.815775963367091,15.706134100157797,6.855865899842204,30.38678264268329
4002,7.6,1.939041631481405,5.952085117460387,1.647914882539613,21.683090559731752
6500,7.899,2.5189270884430277,11.415269029545032,3.5162690295450316,44.51536940809003
6365,25.4,3.4375407997155945,30.110357418809333,4.710357418809334,18.544714247280844
6900,21.699,3.0838633587538054,20.842625497835485,0.8563745021645168,3.9466081485990907
3007,5.0,2.2755558227172874,8.733327513883706,3.7333275138837063,74.66655027767413
1315,9.2,2.4944389998841143,11.114935131806964,1.9149351318069652,20.814512302249625
3885,2.3,1.5306812604668971,3.6213240755258314,1.3213240755258315,57.44887284894921
3745,12.4,2.5085554859180346,11.287168247443468,1.1128317525565325,8.974449617391391
6498,18.006229,3.7087094139443058,39.80111518263526,21.794886182635256,121.04081416844834
1702,40.99,3.4850736003709186,31.62482822095523,9.365171779044772,22.84745493789893
1839,6.2,2.108277825203704,7.2340485960256355,1.0340485960256354,16.678203161703795
503,10.5,1.8337958487843842,5.257594516875965,5.242405483124035,49.92767126784795
7023,38.9,3.8194637884801734,44.579761373947555,5.6797613739475565,14.600928981870325
5818,9.79,2.467135106684328,10.788625273425742,0.998625273425743,10.200462445615353
4694,11.0,1.5758328213420651,3.8347664385734017,7.165233561426598,65.13848692205998
1721,36.0,3.6713224136135434,38.303847451535844,2.3038474515358445,6.399576254266234
7187,50.999,4.358263057986673,77.12132429976131,26.12232429976131,51.22124806321949
4618,14.99,2.6455934919702764,13.091805975510908,1.8981940244890918,12.663068875844507
1803,18.8,2.9320503178231587,17.766067481818506,1.0339325181814942,5.499641054156884
1385,4.2,1.7529721324511305,4.771731559408456,0.5717315594084562,13.612656176391813
1373,1.2,1.2909999742216416,2.636421065566489,1.436421065566489,119.7017554638741
5834,26.9,3.3115439659202375,26.427439829910757,0.4725601700892419,1.7567292568373305
5654,44.99,4.016053462031003,54.48171250453042,9.491712504530419,21.09738276179244
5670,16.0,3.0101176014319404,19.28978589281634,3.28978589281634,20.561161830102126
856,6.9,2.1235751501418623,7.360975861609969,0.4609758616099686,6.68080958855027
2458,13.899999,2.219962849712253,8.206988817244845,5.693010182755154,40.956910736145765
2726,7.8,2.5009294955629966,11.193822799023016,3.393822799023016,43.51054870542328
5886,37.99,3.519548450894618,32.769176579147455,5.220823420852547,13.742625482633711
4252,24.79,3.09907770368791,21.17748763106403,3.6125123689359704,14.57245812398536
3269,8.1,1.9637942285392427,6.1263147007687495,1.9736852992312501,24.366485175694446
2505,6.0,2.107918666038246,7.23109179301678,1.2310917930167804,20.518196550279676
318,1.7,1.0452052309047437,1.8439821367890028,0.14398213678900285,8.469537458176639
6053,30.49,3.5475268992885503,33.727327022723536,3.2373270227235373,10.61766816242551
176,4.7,1.8642276979561787,5.450951878339068,0.7509518783390678,15.977699539129103
5683,80.49,4.103051831894155,59.524717292624,20.965282707375998,26.047065110418682
4967,2.0,1.3965448461133327,3.0412128047317823,1.0412128047317823,52.060640236589116
3100,2.6,1.6345197684892891,4.1269952610531595,1.5269952610531594,58.73058696358305
2840,1.85,1.4458386787514814,3.245411186318009,1.3954111863180088,75.42763169286533
6504,14.2,2.890885038644797,17.00924142499526,2.8092414249952604,19.783390316868033
3043,2.7,1.302805577768441,2.679605619296511,0.0203943807034892,0.755347433462563
3169,12.5,2.2390106044536773,8.38404216336861,4.11595783663139,32.92766269305112
468,4.6,1.9054040050470074,5.722122850674387,1.122122850674387,24.393975014660587
472,28.5,3.1671978579796076,22.740865785053526,5.759134214946474,20.2074884734964
91,7.9,1.5427768158502757,3.677560979487681,4.2224390205123195,53.448595196358475
4304,2.7,1.7415186822200899,4.706002450321154,2.006002450321154,74.29638704893163
4149,5.8,2.029442170563362,6.609840181707334,0.809840181707334,13.962761753574723
1047,5.6,1.9935595715816772,6.34162032935178,0.7416203293517807,13.243220166996084
6571,129.29,4.72573620985484,111.81352223565574,17.476477764344253,13.517269521497605
6768,9.49,2.3403799751143946,9.38518192380437,0.104818076195631,1.104510813441844
435,5.5,2.053347629057559,6.793948732335894,1.2939487323358936,23.526340587925336
6016,151.89,4.853869736767219,127.23566921159889,24.654330788401097,16.231701091843505
1335,20.49,2.858641203132621,16.43781638104133,4.052183618958669,19.776396383400044
1352,8.9,2.2074769374864553,8.0927458609547,0.8072541390453001,9.07027122522809
4074,2.55,1.7078450246745185,4.517059530870948,1.967059530870948,77.13958944591953
4868,5.9,2.0088070988825937,6.454419655804222,0.5544196558042218,9.396943318715625
6046,25.09,3.258190601585796,25.00244576769918,0.08755423230082116,0.3489606707884462
5546,18.99,3.015293712432017,19.39508034957487,0.40508034957487027,2.1331245369924714
4207,8.8,2.20893672421915,8.106029023659787,0.6939709763402142,7.886033822047889
3758,11.5,2.854834242126831,16.371557496571196,4.871557496571196,42.36136953540171
106,7.7,1.940185141621284,5.960039444345464,1.7399605556545366,22.596890333175796
5694,19.0,3.204820568820465,23.651076447881206,4.651076447881206,24.479349725690554
5676,26.99,3.25241661145039,24.85274051657955,2.137259483420447,7.918708719601508
4791,4.1,1.6765568877652006,4.347113527632341,0.24711352763234107,6.027159210544904
5900,27.9,2.7858642861196126,15.213825206792308,12.686174793207691,45.47016054913151
5313,12.9,2.657624035976663,13.262361950913645,0.36236195091364465,2.809007371423602
3333,10.99,2.4048781864224624,10.077080861150822,0.912919138849178,8.306816550038015
4086,15.0,2.7512809048314337,14.662681444993314,0.3373185550066857,2.2487903667112383
1617,12.99,2.5338632789982714,11.602097634101101,1.3879023658988991,10.68439080753579
2252,4.0,1.1478278205914236,2.1513401934420577,1.8486598065579423,46.21649516394856
4860,7.8,2.4429038212688887,10.506404820737846,2.7064048207378457,34.697497701767254
5584,9.299,2.5447279566240795,11.73976184678196,2.4407618467819603,26.247573360382408
3494,15.9,2.9353864639869816,17.828778374045612,1.9287783740456117,12.130681597771142
1498,6.666,1.8482654953139146,5.348797947087617,1.3172020529123838,19.760006794365193
996,6.5,2.199602511938641,8.021426877181478,1.5214268771814776,23.4065673412535
5912,15.3205,2.559209917943623,11.925600994794792,3.3948990052052075,22.159191966353628
6638,87.999,4.739341546699155,113.35887690397804,25.359876903978048,28.818369417809347
41,18.0,2.737221906229295,14.444020506978516,3.555979493021484,19.755441627897135
5253,17.2,3.0495585568031993,20.106025254490184,2.906025254490185,16.89549566564061
5689,13.69,2.5829969548690928,12.236748712996752,1.4532512870032477,10.615422111053672
3282,3.7,2.2106533415436065,8.121674015228733,4.421674015228732,119.50470311429007
1539,7.3,1.504498118407449,3.501893645661201,3.798106354338799,52.02885416902464
1805,8.9,2.3987106979437747,10.008973334643587,1.1089733346435864,12.46037454655715
1144,2.9,2.3143753897114414,9.118600762364899,6.218600762364899,214.4345090470655
6198,34.79,3.5686582938312097,34.46897227325948,0.3210277267405175,0.9227586281705016
2615,6.5,1.9892476992410608,6.3100323503258045,0.18996764967419555,2.922579225756855
2114,14.99,2.797643575829699,15.405941828514536,0.4159418285145353,2.7747953870215833
5792,10.89,2.360641751630185,9.59775039417622,1.2922496058237805,11.86638756495666
4546,11.0,2.660924555393494,13.309512922007343,2.309512922007343,20.995572018248573
3172,1.0,1.8557613968255005,5.396566722562822,4.396566722562822,439.6566722562822
167,9.2,2.9435007804461204,17.98218258375941,8.782182583759411,95.458506345211
2337,11.3,2.4754612717308024,10.887189072943698,0.4128109270563023,3.653194044746038
6928,39.18,3.4300455943653936,29.87805058270308,9.301949417296921,23.741575848128946
3964,5.4,1.448585436216184,3.257088330985211,2.142911669014789,39.6835494261998
2445,25.0,3.345087747534532,27.36306434643237,2.3630643464323704,9.452257385729482
7257,17.99,3.1204843693002786,21.65735151124052,3.667351511240522,20.385500340414243
3341,1.9,1.40590591271657,3.079220485621538,1.179220485621538,62.064236085344106
4103,1.3,1.303444317964085,2.6819566820888934,1.3819566820888933,106.3043601606841
3017,18.5,2.6822426643012083,13.617839469557751,4.882160530442249,26.39005692130946
6151,13.09,2.656228739901586,13.242475610155118,0.15247561015511835,1.1648251348748537
4958,8.99,2.383085479795416,9.838292658688152,0.8482926586881518,9.435958383627941
6935,25.4,3.6984453080366584,39.38447011764204,13.98447011764204,55.05696896709465
789,3.6,1.9394054802292464,5.954615085160141,2.3546150851601406,65.40597458778169
4617,19.2,2.7526748532723495,14.684529639464678,4.515470360535321,23.518074794454797
1097,3.5,1.5516949901515962,3.719462849982457,0.2194628499824569,6.270367142355912
3206,15.3,2.516686834079906,11.38748680018185,3.91251319981815,25.571981698157842
6535,19.99,3.178061368443927,23.000180914985428,3.0101809149854297,15.058433791823061
6251,31.49,3.2176741224215646,23.96997548271521,7.520024517284789,23.880674872292122
544,4.0,1.7586598985471733,4.804653355471753,0.8046533554717534,20.116333886793836
6770,19.299,3.0065229712312216,19.216982544630163,0.08201745536983651,0.42498292849285724
5924,14.25,2.8131751711369146,15.662741368592844,1.4127413685928438,9.91397451644101
4838,2.4,1.4710715565093309,3.3538980901493005,0.9538980901493006,39.74575375622086
6194,19.59,2.824190327924183,15.847298675025922,3.742701324974078,19.10516245520203
6068,7.39,2.0125984758449316,6.48273581545321,0.9072641845467899,12.276917246911907
4229,16.7,2.8720203686945283,16.672687499708328,0.027312500291671427,0.16354790593815227
877,9.5,1.7237985880406324,4.6057821287145675,4.8942178712854325,51.51808285563612
3908,9.7,2.168098341244083,7.7416445994919645,1.9583554005080348,20.189230933072526
3914,12.8,2.287276343621965,8.848078338589255,3.9519216614107453,30.874387979771445
5397,10.9,2.272418824941887,8.702841928731905,2.1971580712680954,20.157413497872433
1078,8.2,1.8975174259545846,5.669316800392461,2.5306831996075383,30.86199023911632
5983,42.7,4.1648785955707615,63.38486536112703,20.684865361127024,48.44230763729982
4990,10.5,2.163405163694972,7.700714630248335,2.799285369751665,26.659860664301572
511,13.0,2.226319760939536,8.265703251326975,4.7342967486730245,36.417667297484805
2375,4.4,1.5186719230621217,3.566156958740038,0.8338430412599624,18.95097821045369
2877,15.6,2.9320503178231587,17.766067481818506,2.166067481818507,13.885047960375044
2069,1.5,1.2626545136351826,2.5347921986112314,1.0347921986112314,68.9861465740821
4851,3.5,1.2293938781070144,2.4191564824919127,1.0808435175080873,30.881243357373922
3262,11.0,2.1987333830668163,8.013589500955796,2.9864104990442044,27.149186354947314
4934,10.89,2.937090056181368,17.860882272124158,6.9708822721241575,64.01177476698032
1302,8.9,2.535924390146403,11.628098744408968,2.7280987444089675,30.652794880999636
6045,47.89,3.868898796808383,46.88962083021664,1.0003791697833577,2.088910356615907
4394,2.5,1.6576341590497234,4.24688285859663,1.7468828585966296,69.87531434386518
3689,16.3,2.8098107135579484,15.60677448400687,0.6932255159931309,4.252917276031478
3159,8.5,2.142581130562021,7.521404124110621,0.9785958758893791,11.512892657522107
858,7.99,2.4106010066953116,10.140654741505484,2.150654741505484,26.91683030670193
4678,19.9,3.0552237091068735,20.225933430427883,0.3259334304278845,1.6378564343109776
7140,24.85,3.472312590614481,31.2111475748533,6.361147574853298,25.598179375667197
7028,12.5,2.8681207148177075,16.603904337815376,4.103904337815376,32.831234702523005
7112,25.99,3.52056916658004,32.80366290473815,6.813662904738148,26.21647904862697
4357,9.9,2.6822426643012083,13.617839469557751,3.7178394695577506,37.55393403593688
2890,7.9,2.2901528629171968,8.87644730833433,0.976447308334329,12.360092510561126
4794,8.8,2.473710158801854,10.866391477253037,2.0663914772530365,23.481721332420868
2024,12.0,2.7470088836437805,14.59591285795886,2.5959128579588597,21.632607149657165
4194,16.5,2.780486563731046,15.126865787353204,1.3731342126467965,8.322025531192706
4921,4.5,1.58589058300237,3.8836387280285,0.6163612719714999,13.69691715492222
5356,9.5,2.1518421058139774,7.600687189422562,1.8993128105774382,19.992766427130928
743,5.3,1.9570993968985773,6.078764571287044,0.7787645712870441,14.693671156359322
2499,1.15,1.1243562138526295,2.0782344861571107,0.9282344861571108,80.71604227453138
4241,9.3,2.491141923453605,11.075057041407975,1.7750570414079743,19.086634853849187
179,25.99,2.8655981607274077,16.559553499135596,9.430446500864402,36.28490381248327
3613,8.5,1.940185141621284,5.960039444345464,2.5399605556545364,29.88188889005337
3693,20.0,2.6100518849903267,12.59975645675782,7.40024354324218,37.0012177162109
3771,7.0,2.1070437406057576,7.223893350979127,0.223893350979127,3.198476442558957
6566,35.55,3.6391937024288397,37.06113574869103,1.5111357486910322,4.250733470298263
31,11.0,2.1297449453293122,7.412720834039069,3.587279165960931,32.61162878146301
5151,6.8,1.9635378850829688,6.124488150749933,0.6755118492500669,9.93399778308922
2484,3.2,1.8093345736360587,5.106382731943077,1.9063827319430766,59.574460373221136
168,11.5,2.2748420437239574,8.726382548049317,2.773617451950683,24.118412625658113
3248,2.8,1.2592088738858855,2.522633537318921,0.277366462681079,9.905945095752822
642,5.0,1.9859196874390324,6.285744913245949,1.2857449132459493,25.714898264918983
1483,14.9,2.5782766764285014,12.174414805860842,2.7255851941391587,18.292518081470863
1790,6.0,1.9570993968985773,6.078764571287044,0.07876457128704395,1.3127428547840658
5035,8.0,1.9189475687686657,5.813783655731211,2.1862163442687894,27.327704303359866
3982,3.0,2.222904748105626,8.234114724121,5.2341147241209995,174.47049080403332
7092,62.49,4.093231506931351,58.93325383553174,3.556746164468265,5.691704535874964
6492,22.89,3.207919059155739,23.72757602540612,0.8375760254061184,3.6591351044391365
6912,19.899,3.040516240307845,19.916038150441484,0.017038150441482713,0.0856231491104212
6178,24.5,3.1863440620522847,23.199792580018297,1.300207419981703,5.306969061149808
6644,18.15,2.8456909634328684,16.213448424174015,1.936551575825984,10.669705651933796
2758,9.5,1.9798228466886263,6.241460022901624,3.2585399770983763,34.30042081156186
3412,12.6,2.249512186502402,8.483108719432709,4.116891280567291,32.67374032196263
6122,20.7,3.1517362380296454,22.376616737641616,1.6766167376416163,8.099597766384619
800,2.5,1.7095727455439067,4.526599708769182,2.026599708769182,81.06398835076727
1954,10.5,2.3476504544064207,9.460962320014481,1.039037679985519,9.895596952243038
7248,48.99,3.436784951261036,30.08685158777568,18.903148412224322,38.58572854097637
5306,4.0,1.4311764774724147,3.1836182303881415,0.8163817696118585,20.409544240296462
6637,15.69,2.718080862691246,14.151217059531389,1.5387829404686109,9.807411985140924
2119,20.5,3.040568004218108,19.917120874386132,0.5828791256138679,2.8433128078725263
5309,3.5,1.610753880073687,4.006584169524757,0.506584169524757,14.47383341499306
5660,25.49,3.4790684601502413,31.429498630595447,5.939498630595448,23.301289253022553
5679,19.5,3.1204843693002786,21.65735151124052,2.1573515112405204,11.063341083284719
1406,8.7,2.1931540682334902,7.9634398777112345,0.7365601222887648,8.46620830216971
1501,9.8,2.1660331694630433,7.723610230190118,2.0763897698098823,21.187650712345736
1074,5.3,1.70882628093858,4.522475837052402,0.7775241629475982,14.67026722542638
500,13.6,2.527958243258576,11.52790107942943,2.0720989205705695,15.236021474783602
437,17.5,2.7495771969733513,14.636019530042962,2.8639804699570384,16.36560268546879
5437,9.5,2.469742733992482,10.819405729151239,1.3194057291512387,13.888481359486724
4113,8.9,1.9101785462678167,5.754294644978987,3.145705355021013,35.34500398900015
3386,3.6,1.5017244501092768,3.48942418703973,0.11057581296027008,3.0715503600075023
6683,22.99,2.9557105944682096,18.21537220682859,4.774627793171408,20.768280962033096
80,16.9,2.605274470733714,12.534939737813081,4.365060262186917,25.828758947851583
1608,19.99,2.658943276027267,13.281189846541828,6.70881015345817,33.560831182882296
960,5.0,2.219834238954375,8.205804775577164,3.205804775577164,64.11609551154328
3114,22.5,3.342927953262608,27.30187206767633,4.801872067676332,21.34165363411703
5198,3.8,1.8642276979561787,5.450951878339068,1.6509518783390682,43.44610206155443
4628,13.0,2.9435007804461204,17.98218258375941,4.9821825837594105,38.32448141353393
1632,12.19,2.6829699549790615,13.628474754937475,1.4384747549374755,11.80044917914254
3305,4.8,1.875959032811853,5.527075799527443,0.7270757995274435,15.147412490155073
5935,21.3,3.064617847724307,20.426272323703905,0.8737276762960953,4.102007869934719
5419,9.5,2.28268798454018,8.80299532652469,0.6970046734753108,7.336891299740114
2477,3.0,1.4919551441637924,3.445779166537064,0.44577916653706406,14.859305551235469
5506,16.45,2.7284648793587905,14.309367246017672,2.1406327539823273,13.012965069801382
6399,22.45,2.7994034005354744,15.434838829636327,7.0151611703636725,31.247933943713463
5517,51.999,3.4972561687982147,32.024713291068544,19.97428670893146,38.41282853310921
534,6.9,2.2425498612552213,8.417313541666552,1.5173135416665513,21.990051328500744
5701,26.69,3.1884956661154997,23.251917007518692,3.438082992481309,12.881539874414797
2794,20.3,2.6781430419369574,13.558034520565823,6.741965479434178,33.21165260805014
585,4.5,1.5228854815059838,3.58543731888628,0.9145626811137202,20.323615135860447
6722,50.9,3.9751587047079227,52.25856862063172,1.358568620631722,2.669093557233246
4970,25.0,2.8498816320116735,16.285735641713156,8.714264358286844,34.857057433147375
1451,2.75,1.679071438504524,4.3605760348917055,1.6105760348917055,58.56640126878929
6275,25.49,3.197201086498099,23.46396177041578,2.02603822958422,7.94836496502244
1410,30.5,3.0554061088552777,20.22980538845659,10.27019461154341,33.67276921817511
5684,20.59,3.7478270642849605,41.42878673449765,20.83878673449765,101.20828914277635
4536,10.0,2.407606939834387,10.107348761381395,0.10734876138139526,1.0734876138139526
866,15.0,2.3299793743286794,9.277729545785732,5.722270454214268,38.148469694761786
4638,2.0,0.9801992745678012,1.6649872532022165,0.3350127467977835,16.750637339889174
6358,54.8,3.8440349394003097,45.71358115411138,9.086418845888616,16.581056288117914
4679,3.95,2.3173468042057896,9.148712033711647,5.198712033711646,131.61296287877585
742,7.1,1.9518843025872796,6.041944240639573,1.0580557593604265,14.902193793808824
1544,6.9,1.9042475760584696,5.714353686054773,1.1856463139452273,17.18327991224967
5509,53.29,3.7999604196626278,43.699415240351684,9.590584759648316,17.99696896162191
2706,18.9,2.661496028313189,13.317692758191118,5.582307241808881,29.53601715242794
3734,7.89,1.9534483043047175,6.052966470672595,1.837033529327405,23.283061208205385
2589,8.2,2.2858547867861945,8.834088681410114,0.6340886814101143,7.7327887976843215
5283,2.5,1.2518218007756643,2.49670746263902,0.003292537360979786,0.13170149443919144
6816,50.709,3.6726138369522516,38.35463814652128,12.354361853478721,24.36325278250157
5944,15.9,2.8171223180989693,15.728641631015382,0.17135836898461854,1.0777255910982297
4253,3.7,1.2914084046262946,2.6379065938405932,1.062093406159407,28.705227193497485
748,16.5,2.623519083517339,12.784145894649035,3.7158541053509655,22.520327911217972
4055,5.79,2.2987119410829644,8.961343390674285,3.171343390674285,54.77277013254378
401,5.3,1.8794774460939307,5.5500811972296225,0.25008119722962263,4.7185131552758985
3749,20.8,3.064656158219132,20.42709319052269,0.3729068094773105,1.7928211994101464
157,7.5,2.2018067143291447,8.04133385931887,0.5413338593188701,7.217784790918268
5434,98.19,4.725675442575125,111.80666707308133,13.61666707308133,13.867671935106763
6483,29.5,3.211920718524136,23.826725610790426,5.673274389209574,19.23143860749008
5749,14.3,2.6827757184195953,13.625633646263356,0.6743663537366444,4.715848627528982
4528,12.0,2.7303125146012115,14.337679519803736,2.3376795198037357,19.480662665031133
1820,8.9,1.8943471107921408,5.648206445138209,3.2517935548617913,36.53700623440215
2922,9.0,2.3594129416048144,9.584735770133378,0.5847357701333777,6.497064112593086
2864,15.3,2.030764430129326,6.6199090210256015,8.680090978974398,56.73262077761044
3362,3.3,1.3829351623612964,2.986585748148814,0.313414251851186,9.49740157124806
5281,1.6,1.079004581200992,1.941749820079901,0.34174982007990096,21.359363754993808
3803,1.4,1.246412013008029,2.477842092214876,1.0778420922148761,76.98872087249116
4237,5.4,2.307928503471815,9.053577119570809,3.6535771195708087,67.65883554760757
7295,47.59,3.564567193105131,34.3241615546331,13.265838445366903,27.875264646704984
2666,4.8,1.5802925291659675,3.8563762351592867,0.9436237648407131,19.658828434181526
1782,13.0,1.8023844339822606,5.064089660797085,7.935910339202915,61.04546414771473
5910,45.3565,3.742375973680414,41.19813280265209,4.158367197347907,9.168183606203979
2415,8.0,2.3129770450733136,9.10446135942661,1.10446135942661,13.805766992832623
535,11.9,2.4613447365513768,10.720562015632312,1.1794379843676879,9.911243566115024
5978,119.9,4.635305063878571,102.05935288607506,17.840647113924945,14.87960559960379
2406,1.5,1.144929046776453,2.142218398404995,0.642218398404995,42.814559893666335
3098,5.8,1.873863297831797,5.513411102250334,0.2865888977496658,4.941187892235617
5359,8.0,2.457799887094822,10.679087940846529,2.6790879408465287,33.48859926058161
5154,8.4,2.0930581666047856,7.1096780270436835,1.290321972956317,15.360975868527582
1966,8.9,1.6567837414459305,4.242422713810263,4.6575772861897375,52.33232905831166
5416,10.5,2.4944389998841143,11.114935131806964,0.6149351318069645,5.856525064828233
1176,7.86,2.6535793406255017,13.204791547690862,5.344791547690861,67.99989246426033
5902,21.5,3.3132909612215875,26.4753973169768,4.9753973169767995,23.141382869659534
1760,2.8,1.283125937795097,2.607900188206372,0.19209981179362767,6.860707564058131
997,5.2,2.173030000516856,7.784861891027051,2.5848618910270504,49.70888251975097
473,6.2,1.8968956299399087,5.665171134798108,0.5348288652018924,8.626272019385361
2266,2.1,0.9075373270602032,1.4782119867353116,0.6217880132646885,29.60895301260421
4205,15.7,2.8237379879771463,15.839679692150611,0.1396796921506116,0.8896795678382905
1882,5.2,2.0807946366703924,7.010832086692897,1.8108320866928969,34.8236939748634
4222,18.9,2.5715124789793515,12.085601177928769,6.8143988220712295,36.0550202225991
2578,10.8,2.3269769848290336,9.246918075679849,1.5530819243201517,14.380388188149551
3783,2.6,1.4827837149411698,3.4051914258703118,0.8051914258703117,30.96890099501199
469,14.9,2.622952132149337,12.776333169204284,2.1236668307957167,14.252797522118904
5097,14.9,2.552548070305702,11.839778794948968,3.0602212050510325,20.53839734933579
7040,17.29,3.1000167010971698,21.198322014678773,3.908322014678774,22.604522930472957
4712,10.0,2.5518713031670788,11.831092194327828,1.8310921943278284,18.310921943278284
3997,7.0,2.1316146009670303,7.4284644379477545,0.42846443794775446,6.120920542110778
247,6.5,1.4113389604748778,3.1014433997488258,3.3985566002511742,52.28548615771037
3780,17.9,2.3328037025073103,9.306798257421926,8.593201742578072,48.00671364568756
2182,9.9,2.7595837096860647,14.793266995527018,4.893266995527018,49.426939348757756
3395,6.5,2.3870019827886417,9.880824097214724,3.380824097214724,52.01267841868806
7097,83.99,4.322135147420421,74.34933860681826,9.64066139318173,11.478344318587606
811,4.0,1.2385898145995915,2.4507438434466415,1.5492561565533585,38.73140391383396
6502,26.8,3.202031878517666,23.58242799416476,3.2175720058352404,12.005865693415076
1419,7.4,2.199602511938641,8.021426877181478,0.6214268771814773,8.397660502452394
6733,13.9,2.777085180500899,15.07210531997249,1.1721053199724896,8.432412373902801
3625,3.9,1.4936835165611024,3.453469772734284,0.4465302272657161,11.449493006813235
228,9.0,2.089701173263715,7.082499536438442,1.9175004635615576,21.30556070623953
7107,45.5,3.7491682184234216,41.48572845269195,4.014271547308049,8.822574829248458
17,18.0,3.3568817564684474,27.699558990660776,9.699558990660776,53.88643883700431
1407,10.6,2.457799887094822,10.679087940846529,0.07908794084652904,0.746112649495557
7070,59.99,4.289632109612759,71.93962977443807,11.949629774438073,19.919369518983284
2392,13.5,2.6649890887239343,13.367792774188047,0.13220722581195332,0.9793127837922468
6272,47.9,3.5439292477205546,33.60261467051632,14.297385329483681,29.84840361061312
5439,109.0,4.612158974030181,99.7013266613193,9.2986733386807,8.530892971266697
6745,45.49,3.686252436123649,38.895057184074005,6.594942815925997,14.497566093484274
5879,10.99,2.9989943554916234,19.065348166340737,8.075348166340737,73.47905519873281
2440,3.9,1.922612469492089,5.8388013119915705,1.9388013119915706,49.71285415363001
5831,17.9,2.9974143373403606,19.033669584983638,1.1336695849836396,6.33334963678011
5853,13.5,2.388435914522066,9.896437647881083,3.6035623521189173,26.693054460140125
4844,9.0,2.256844351510358,8.552895970521844,0.4471040294781563,4.967822549757292
6915,25.49,3.6997584970769273,39.43753739725653,13.947537397256529,54.71768300218333
6092,21.69,3.0920939239133456,21.023144517967868,0.6668554820321333,3.0744835501712
5461,23.2,2.9899309525135878,18.88430948257505,4.315690517424951,18.60211429924548
2585,5.7,1.785248960949808,4.961063834974136,0.7389361650258639,12.963792368874804
543,9.9,1.9042475760584696,5.714353686054773,4.185646313945227,42.279255696416435
6112,17.0,3.105546021228418,21.321403608657274,4.321403608657274,25.42002122739573
3794,16.5,2.391298598895351,9.927675400240235,6.5723245997597655,39.83227030157433
4119,7.799999,1.7959129920814247,5.024972964106513,2.775026035893487,35.57726143161668
3153,12.0,2.008897908030229,6.455096616035907,5.544903383964093,46.207528199700775
1535,10.499,2.477175761476966,10.907587017756974,0.4085870177569735,3.89167556678706
1832,14.5,2.9279562190634043,17.68939440887934,3.189394408879341,21.995823509512697
6746,33.79,3.6501685017260175,37.48114964290237,3.6911496429023742,10.923792965085452
3590,8.99,2.219962849712253,8.206988817244845,0.7830111827551551,8.70980181040217
3289,2.0,1.6341328524789407,4.125011928218034,2.1250119282180338,106.2505964109017
96,3.8,1.2278000124118875,2.4137111469877084,1.3862888530122914,36.48128560558661
6679,62.99,4.033908696096388,55.48124838623238,7.508751613767622,11.920545505266903
2094,5.7,1.9042475760584696,5.714353686054773,0.01435368605477283,0.2518190535925058
4773,8.0,2.311626031632066,9.090819313682037,1.0908193136820366,13.635241421025457
2927,9.5,2.306168152711213,9.035894865492509,0.46410513450749136,4.885317205342014
7038,44.5,3.4699964564823182,31.13662856783983,13.363371432160172,30.03004816215769
156,12.99,2.4566469270096225,10.665630178241559,2.3243698217584416,17.893532115153516
1022,6.4,1.9726180555238058,6.189474313674545,0.21052568632545565,3.2894638488352443
5447,24.49,3.4133610259182396,29.367137667049935,4.8771376670499365,19.914812850346824
4966,5.8,1.9049351628413678,5.71897197446009,0.08102802553990962,1.39703492310189
6458,49.5,3.974149515987435,52.20484778570019,2.7048477857001885,5.4643389610104816
2716,12.5,2.4257999722605033,10.311274506724002,2.1887254932759976,17.50980394620798
1287,15.0,2.7629638888762633,14.846741393579505,0.15325860642049527,1.0217240428033019
696,18.0,2.9209497423939093,17.558905271352046,0.44109472864795407,2.4505262702664115
425,25.0,3.250898453522584,24.813521751281154,0.18647824871884566,0.7459129948753827
6872,47.39,3.637425488120067,36.993894969425554,10.396105030574446,21.93733916559284
712,10.9,2.608345000107139,12.576563037925826,1.6765630379258258,15.381312274548861
4173,2.45,0.9316047303990928,1.5385796466711628,0.9114203533288374,37.20083074811581
1811,16.0,2.664047365922174,13.354268665102056,2.6457313348979437,16.53582084311215
5096,18.7,3.2399962890836513,24.53362699402186,5.833626994021859,31.195866278191765
6480,17.9,3.1899529234995647,23.287284055843006,5.387284055843008,30.096558971189992
447,31.49,3.336257261522259,27.11370729578076,4.376292704219239,13.897404586278942
6748,15.899,2.6335680422784375,12.923360517797486,2.9756394822025136,18.715890824595974
4080,5.99,2.121010193426363,7.339557800368068,1.3495578003680677,22.530180306645537
1009,5.3,1.2683485737835796,2.554976930003231,2.745023069996769,51.79288811314658
592,1.5,1.111033430630958,2.0374958142194184,0.5374958142194184,35.83305428129456
6096,29.85,3.4831888435238976,31.5633962629201,1.7133962629200994,5.740020981306865
1242,8.5,1.9251083970951977,5.855891784376924,2.644108215623076,31.107155477918543
3058,8.4,2.2901528629171968,8.87644730833433,0.476447308334329,5.6719917658848695
131,15.8,2.9435007804461204,17.98218258375941,2.1821825837594098,13.811282175692465
2404,4.5,1.85743275793692,5.407266634647187,0.9072666346471872,20.161480769937494
2306,8.95,2.25952920597238,8.578578567483431,0.3714214325165681,4.149960139849924
6277,62.5,4.314857197920109,73.80294066569057,11.30294066569057,18.084705065104913
7103,20.89,2.916407809858991,17.474803113430912,3.4151968865690883,16.348477197554274
624,8.5,1.7019001358727903,4.484358523682176,4.015641476317824,47.24284089785675
2986,6.0,1.8750469203123616,5.521125086378047,0.47887491362195256,7.981248560365876
2127,8.3,2.0671441749994504,6.902223495507554,1.3977765044924464,16.840680777017425
6539,43.9,3.6256629386801618,36.54960799769534,7.350392002304659,16.743489754680315
4739,3.9,1.7415186822200899,4.706002450321154,0.8060024503211545,20.66672949541422
3686,17.9,3.0495585568031993,20.106025254490184,2.2060252544901857,12.324163432906067
3844,6.0,2.037628851398416,6.67239522418583,0.6723952241858298,11.20658706976383
2815,9.9,2.1244572993482076,7.368354743989665,2.5316452560103357,25.572174303134705
2579,3.999999,1.6817360484308685,4.374878926355771,0.3748799263557707,9.372000501894394
1945,5.6,2.264414471124099,8.625486950213702,3.0254869502137023,54.02655268238754
2436,6.99,1.7415186822200899,4.706002450321154,2.283997549678846,32.67521530298778
93,6.5,1.9577701384024002,6.083514185184313,0.4164858148156867,6.407474074087488
6701,35.19,3.16242048083182,22.62771720730037,12.562282792699627,35.698444992042134
1375,4.868,1.9570993968985773,6.078764571287044,1.2107645712870436,24.871909845666465
3903,5.6,2.3671585550213634,9.66703937600199,4.06703937600199,72.62570314289269
3477,13.5,2.312522763946712,9.099872135814309,4.400127864185691,32.59353973470883
6022,42.99,3.6943023732988247,39.217505993071484,3.772494006928518,8.775282639982596
2223,8.8,1.8794774460939307,5.5500811972296225,3.2499188027703783,36.93089548602702
1087,13.9,2.7864299559614762,15.222999473291345,1.322999473291345,9.517981822239891
2531,2.5,1.8212602405067064,5.179641379054981,2.6796413790549813,107.18565516219924
6729,78.99,4.195484619070741,65.38589565406504,13.604104345934957,17.222565319578372
6880,17.375,2.9239288496141977,17.614276677772782,0.23927667777278216,1.3771319584045016
764,1.8,1.2142581833634618,2.3677948512082083,0.5677948512082083,31.544158400456013
4669,6.5,1.8962893461068964,5.661131374039383,0.8388686259606173,12.905671168624883
476,12.99,2.6829699549790615,13.628474754937475,0.6384747549374747,4.915125134237681
5594,56.5,3.9396609602791903,50.40117130719456,6.098828692805441,10.794387066912284
2622,1.5,1.2728760274486555,2.5711084130502235,1.0711084130502235,71.40722753668157
5111,5.7,2.068220164052843,6.910730777536575,1.2107307775365745,21.24089083397499
6466,21.6,3.140846261609929,22.12342704963761,0.5234270496376077,2.423273377951887
4461,10.0,2.1300140105666543,7.414984709318384,2.585015290681616,25.85015290681616
6338,13.5,2.7897176925388827,15.276424197141047,1.776424197141047,13.158697756600349
7034,23.29,2.958679125760022,18.272498388987543,5.017501611012456,21.543587853209345
2181,20.0,2.85233528812642,16.328200969018386,3.6717990309816138,18.35899515490807
6334,34.0,3.466191432732185,31.01458027846318,2.9854197215368217,8.780646239814182
2620,10.0,1.9969758495524073,6.366744235841555,3.633255764158445,36.33255764158445
5170,8.9,2.6822426643012083,13.617839469557751,4.717839469557751,53.00943224222191
752,6.8,1.939041631481405,5.952085117460387,0.8479148825396132,12.469336507935488
2283,11.5,2.431205367577094,10.372581963211513,1.1274180367884874,9.803635102508586
2799,8.0,1.8536973793643388,5.383377713011254,2.616622286988746,32.70777858735933
3049,14.9,2.9986843832114145,19.0591294284844,4.1591294284844,27.913620325398657
351,3.5,1.994694442079239,6.349956847207206,2.8499568472072063,81.42733849163447
487,1.8,1.3211902943649325,2.7478798035252217,0.9478798035252216,52.65998908473454
927,5.0,1.8794774460939307,5.5500811972296225,0.5500811972296225,11.001623944592449
3318,6.5,1.7198139493866293,4.58348955597765,1.9165104440223502,29.48477606188231
1061,18.0,2.6722655030409763,13.472720071520612,4.527279928479388,25.15155515821882
6018,39.39,3.814053168764594,44.3338125861148,4.943812586114802,12.55093319653415
2191,3.5,1.854619411285599,5.389266105253753,1.8892661052537534,53.97903157867867
4608,2.1,1.543055838992062,3.6788663093482246,1.5788663093482245,75.18410996896307
6128,27.9,2.909126487996231,17.34077068441193,10.55922931558807,37.84670005587122
561,12.99,2.587803006233482,12.300518324476538,0.6894816755234618,5.307788110265295
3535,9.9,2.230268489294031,8.302363329189255,1.5976366708107452,16.137744149603485
5501,21.99,3.103314433436393,21.271646975659653,0.7183530243403453,3.2667258951357225
2966,9.5,2.3237069920404845,9.213465452194958,0.28653454780504184,3.016153134789914
6026,37.49,3.87045968336262,46.96442946416504,9.474429464165041,25.27188440694863
334,13.5,2.7947362858299987,15.35831426501737,1.8583142650173698,13.765290851980517
2225,6.8,1.8658254224342523,5.461266960197058,1.3387330398029418,19.68725058533738
4847,13.0,2.4956640740959264,11.129785921216936,1.8702140787830643,14.38626214448511
5507,25.5,3.0293065713635117,19.682885510528518,5.817114489471482,22.81221368420189
3213,12.5,1.9232881688293901,5.8434238470520805,6.6565761529479195,53.252609223583356
1103,7.9,2.387627250998864,9.88762965805243,1.9876296580524304,25.159869089271268
2110,26.99,3.0554061088552777,20.22980538845659,6.760194611543408,25.047034499975577
23,12.99,2.7119697054797856,14.058907935204104,1.0689079352041038,8.228698500416504
4151,21.99,3.1462040412289807,22.247649757594004,0.257649757594006,1.1716678380809733
1005,3.2,1.1577573193025201,2.1827872904088257,1.0172127095911745,31.7878971747242
1643,9.7,2.419480410277301,10.240017599737918,0.5400175997379186,5.567191749875451
2550,59.7,3.914424004534505,49.120194190648874,10.579805809351129,17.721617771107418
3038,8.69,1.971364614132348,6.1804683743746205,2.509531625625379,28.878384644710923
4030,1.7,1.6213413135626338,4.059872642734875,2.3598726427348744,138.81603780793378
3817,7.999,2.1853826343010265,7.8940510713848,0.10494892861520011,1.3120256108913628
1671,14.9,2.7857781585981933,15.212428810349468,0.3124288103494681,2.096837653352135
1372,14.3,2.608345000107139,12.576563037925826,1.7234369620741745,12.05200672779143
3203,30.99,3.4489940295630506,30.468719778818397,0.5212802211816019,1.6820917108151079
445,6.9,2.124820775857972,7.371396997224778,0.4713969972247778,6.831840539489533
5433,62.99,3.844107224970255,45.71695799399622,17.273042006003784,27.42187967296997
7125,59.999,4.245875390771163,68.8168504276027,8.8178504276027,14.696662323709894
3399,22.5,3.204738638586077,23.64905686214361,1.1490568621436097,5.106919387304932
3939,2.0,1.1775577483849964,2.2464358998492764,0.24643589984927639,12.321794992463818
5206,20.49,3.1903176765139145,23.296144531757157,2.806144531757159,13.69519049173821
6378,83.79,4.420731717743627,82.15711063552338,1.6328893644766254,1.9487878797906972
2592,16.99,2.6829699549790615,13.628474754937475,3.3615252450625235,19.785316333505143
3887,11.0,2.7526748532723495,14.684529639464678,3.684529639464678,33.49572399513344
3518,1.2,1.4332746820723148,3.192405532958891,1.9924055329588912,166.03379441324094
4295,10.9,2.4647098298780006,10.760069236116243,0.1399307638837577,1.283768475997777
1128,10.8,2.023512952823114,6.564853282656595,4.235146717343405,39.21432145688338
2570,7.5,1.9042475760584696,5.714353686054773,1.785646313945227,23.808617519269692
5277,9.6,2.2634297689476846,8.616013377354177,0.9839866226458227,10.249860652560654
1783,10.6,2.346896340153013,9.453076532990506,1.1469234670094934,10.82003270763673
2523,18.0,2.7902331946651886,15.284816891463354,2.715183108536646,15.084350602981367
4248,5.15,1.3472695938520103,2.8469075580155767,2.3030924419844236,44.72024159193055
1844,6.49,1.94020684090644,5.960190473864673,0.5298095261353275,8.163474978972689
5291,7.9,1.8796925991350972,5.551490618734318,2.348509381265682,29.727966851464327
6129,24.49,3.251465258225211,24.82815712410839,0.3381571241083918,1.380796750136349
6060,5.69,2.411940934526982,10.15559242032752,4.46559242032752,78.48141336252232
2515,6.699,2.142581130562021,7.521404124110621,0.822404124110621,12.276520736089283
5040,17.5,2.6822426643012083,13.617839469557751,3.882160530442249,22.183774459669994
6799,56.99,3.4414916224027574,30.23351204555867,26.756487954441333,46.949443682122
3554,3.5,1.635202875844924,4.130498745720125,0.630498745720125,18.014249877717855
3878,4.2,2.2493017454682,8.481113294193381,4.281113294193381,101.93126890936621
5945,29.7,3.336154125352279,27.11080790520491,2.589192094795088,8.717818500993562
2264,14.5,2.6028779500529953,12.50254181147532,1.9974581885246803,13.775573713963313
2462,4.9,1.7033867483589584,4.492517702808227,0.4074822971917733,8.315965248811699
1775,6.6,2.3476504544064207,9.460962320014481,2.8609623200144814,43.347913939613356
6861,28.05,3.202125522732266,23.58473010411519,4.465269895884809,15.918965760730158
378,7.8,2.199602511938641,8.021426877181478,0.2214268771814778,2.838806117711254
6853,9.999,2.7343661413870968,14.399978932314115,4.400978932314114,44.01419074221536
4913,1.6,0.8588649026125079,1.360479798002849,0.23952020199715118,14.97001262482195
5246,8.2,2.391298598895351,9.927675400240235,1.7276754002402352,21.069212198051652
199,1.5,1.117316064683167,2.056639361838697,0.5566393618386969,37.10929078924646
2446,11.0,2.67593981534074,13.525995179645946,2.525995179645946,22.963592542235876
2957,3.8,1.9125436682038381,5.770288281400913,1.9702882814009133,51.84969161581351
1328,11.49,2.63052535353762,12.881060451118287,1.3910604511182871,12.106705405729217
1193,10.5,2.2901528629171968,8.87644730833433,1.6235526916656706,15.462406587292103
5686,12.75,2.608853859873902,12.583473362670757,0.1665266373292429,1.3060912731705323
1075,9.3,2.587803006233482,12.300518324476538,3.0005183244765377,32.26363789759718
5427,3.4,1.5604878689086514,3.7611434924952674,0.36114349249526745,10.621867426331395
6969,24.5,3.1222263180008025,21.696853850798593,2.8031461492014067,11.441412853883293
2063,10.5,2.8079878944747514,15.576530911221997,5.076530911221997,48.3479134402095
965,14.5,2.7864299559614762,15.222999473291345,0.7229994732913454,4.986203264078244
5060,9.49,2.2901528629171968,8.87644730833433,0.6135526916656708,6.465254917446478
1467,9.4,2.2540698924869136,8.526428585412122,0.8735714145878788,9.293312921147647
5975,18.46,3.095919650537165,21.10756042141459,2.647560421414589,14.342147461617492
3296,51.0,3.252033807342289,24.842845875279632,26.157154124720368,51.28853749945171
5414,7.5,2.089274601511293,7.079052505702473,0.4209474942975273,5.612633257300364
7126,29.95,3.3406304491216483,27.236923038305488,2.7130769616945116,9.058687685123578
5724,62.05,3.7013405917098865,39.50156404289401,22.548435957105987,36.33913933457855
2755,6.0,1.9635378850829688,6.124488150749933,0.12448815074993291,2.0748025124988816
4022,6.5,2.0525002009959024,6.787346719229678,0.2873467192296779,4.42071875737966
3091,6.5,2.1942808648500667,7.973545543884313,1.4735455438843132,22.66993144437405
2022,5.89,1.8642276979561787,5.450951878339068,0.43904812166093166,7.454127702222949
5090,8.6,2.467033256186452,10.787424657215087,2.1874246572150877,25.435170432733578
2907,7.0,1.9853509094360142,6.281602120080191,0.7183978799198094,10.262826855997277
5744,42.345,3.4349692953066207,30.03045977014784,12.31454022985216,29.08145053690438
5769,15.1,2.9297338576519536,17.722646944315766,2.6226469443157665,17.36852281003819
6155,18.49,2.910903117491855,17.37338440124945,1.116615598750549,6.0390243307222775
6547,13.79,2.4522243682077645,10.614152159006059,3.1758478409939404,23.03007861489442
2850,6.699999,1.939041631481405,5.952085117460387,0.7479138825396134,11.162895435351757
2132,16.5,2.4382903201335426,10.453442274357151,6.046557725642849,36.64580439783545
6114,86.19,4.516443351680898,90.50955121351348,4.319551213513478,5.011661693367534
6570,20.79,3.131381147725605,21.90559371415655,1.1155937141565495,5.366011131104134
6434,31.0,3.5283351772596734,33.06720452083449,2.067204520834487,6.6684016801112485
4246,7.5,1.9363519456393927,5.933411317133493,1.5665886828665068,20.887849104886758
1701,4.5,2.2500992946859926,8.488677964882582,3.988677964882582,88.63728810850182
6332,39.999,3.7236154766630625,40.413854585150226,0.41485458515022344,1.037162391935357
3927,19.5,3.1831597077938674,23.122854431636956,3.6228544316369558,18.57874067506131
5780,66.99,4.348160094537569,76.3360409397763,9.346040939776302,13.951397133566656
547,12.4,2.500661382925645,11.19055391926654,1.2094460807334606,9.753597425269843
6811,37.99,3.751123454250579,41.568879334406915,3.5788793344069134,9.420582612284583
6203,33.3,3.717312444985471,40.15364267125579,6.853642671255791,20.581509523290666
1263,19.9,2.801709606827163,15.472784697028981,4.4272153029710175,22.24731308025637
5231,2.299,1.4154697030472334,3.1184204463729097,0.8194204463729098,35.6424726564989
3011,13.29,2.475285998053416,10.885105744182773,2.4048942558172257,18.09551735001675
5865,13.69,2.6661063685505777,13.383854590308758,0.3061454096912417,2.236270341060933
1789,11.9,2.3925205355492847,9.941036488893573,1.9589635111064272,16.461878244591823
6610,21.49,3.372628803233615,28.15506934698457,6.66506934698457,31.01474800830419
3018,6.4,1.7926254894561873,5.005198371991549,1.3948016280084516,21.793775437632057
5494,26.59,3.253084581127962,24.870015132144154,1.719984867855846,6.468540307844475
4715,13.8,2.6738435506891363,13.495576743107168,0.30442325689283223,2.205965629658204
2199,5.9,2.1931540682334902,7.9634398777112345,2.063439877711234,34.97355724934295
1244,2.5,0.9321065044776531,1.5398537597659527,0.9601462402340473,38.405849609361894
7130,10.89,3.1704362779454756,22.81787330285995,11.92787330285995,109.53051701432462
5008,38.0,1.5758328213420651,3.8347664385734017,34.1652335614266,89.90850937217525
5482,12.726,2.6098959588116566,12.597636064019337,0.12836393598066387,1.008674650170233
4837,8.5,2.3299793743286794,9.277729545785732,0.7777295457857321,9.149759362185083
7202,35.29,3.5929612810064655,35.34153423590291,0.051534235902913395,0.14603070530720713
6764,20.99,2.954380011417219,18.18982156064977,2.80017843935023,13.340535680563267
3915,5.2,1.9011333820323644,5.693476410732219,0.49347641073221915,9.489930975619599
6083,32.299,3.3612095613536375,27.82403424027607,4.474965759723929,13.854812098591069
518,13.29,2.8355866434006733,16.0403940034266,2.7503940034265995,20.69521447273589
611,12.5,2.413228167328744,10.16996151101239,2.3300384889876096,18.640307911900877
5806,11.22,2.4036637466184647,10.06363657852929,1.1563634214707115,10.306269353571402
5672,16.5,2.8724023431397243,16.679439304137432,0.17943930413743203,1.0875109341662548
2288,7.5,1.908102235966598,5.740285182458798,1.7597148175412016,23.462864233882687
957,10.99,2.4199238705072967,10.245003205905176,0.7449967940948241,6.778860728797308
4401,6.15,2.2398843792907104,8.392245286600039,2.2422452866000384,36.45927295284615
491,25.8,2.6100518849903267,12.59975645675782,13.20024354324218,51.16373466372938
1330,4.9,2.037628851398416,6.67239522418583,1.7723952241858294,36.17133110583325
3458,21.5,3.0200166136620905,19.491632122416735,2.0083678775832645,9.341245942247742
323,5.89,1.306325439148816,2.692580141875792,3.1974198581242077,54.28556635185412
5362,7.2,2.130055526492909,7.4153340724550265,0.21533407245502634,2.99075100631981
7010,22.79,3.073435813316045,20.616043925879367,2.173956074120632,9.53907886845385
4247,10.5,2.4338407660267425,10.402592775940963,0.09740722405903668,0.9276878481813017
2031,4.75,1.464592789474667,3.3257813778932936,1.4242186221067064,29.983549939088554
5516,32.0,3.799489842855663,43.67838568065428,11.67838568065428,36.494955252044626
1153,6.3,1.772865447936978,4.887700111250508,1.4122998887494917,22.417458551579234
6685,15.7,2.8304597203822737,15.95325278919433,0.25325278919433103,1.613075090409752
7286,6.6,2.068541118806521,6.913270171678201,0.3132701716782016,4.746517752700025
6854,21.69,3.148871778744369,22.30975118331813,0.6197511833181295,2.8573129705768996
1606,6.4,2.0172792832603625,6.517843162009926,0.11784316200992606,1.8412994064050947
324,23.9,3.022920347562887,19.55122084231692,4.348779157683079,18.195728693234642
2083,7.99,2.038094321653618,6.675967327238207,1.314032672761793,16.445965866855982
2687,10.8,2.331152399899946,9.289792659144494,1.5102073408555068,13.983401304217654
6858,35.35,3.505907257006422,32.311652376898344,3.0383476231016573,8.595042781051363
586,7.89,1.9363304817131552,5.933262500501509,1.956737499498491,24.800221793390254
4125,9.8,2.585468255199101,12.26950114834241,2.4695011483424096,25.198991309616424
3245,8.99,2.491141923453605,11.075057041407975,2.0850570414079748,23.19307053846468
4556,4.4,2.0825929200212303,7.0252507932350845,2.625250793235084,59.664790755342814
706,24.9,3.170582774727957,22.8213628002582,2.0786371997417987,8.347940561212043
1978,6.4,2.0773115039590877,6.982977833598159,0.582977833598159,9.109028649971235
4160,7.4,1.317051315431894,2.732399466469,4.667600533531001,63.075682885554066
4995,4.39,1.3873692897695238,3.0043020263699916,1.3856979736300081,31.56487411457877
6812,9.8,2.5155769537311325,11.373745798855863,1.573745798855862,16.05863060057002
6202,17.34,2.8966048638198294,17.112546298743155,0.22745370125684516,1.3117283809506641
5939,27.79,3.1239307954295734,21.7355731145729,6.054426885427098,21.786350793188554
6218,29.3,3.292882988647304,25.920362988248556,3.379637011751445,11.534597309731893
4453,9.5,2.1658813917167494,7.722286280765406,1.777713719234594,18.712775991943094
3801,8.9,2.3299793743286794,9.277729545785732,0.3777295457857317,4.244152199839682
2572,56.99,3.4778349589440993,31.3895214659293,25.600478534070703,44.92100111259993
208,2.25,1.5020237110007422,3.4907678971740284,1.2407678971740284,55.14523987440126
3682,29.8,3.196444425694774,23.445457850928204,6.354542149071797,21.323966943193952
747,2.5,1.6728148435087324,4.327141783048818,1.827141783048818,73.08567132195272
5101,9.9,1.9798228466886263,6.241460022901624,3.6585399770983766,36.954949263619966
6260,40.99,3.746959277552112,41.39198356723829,0.40198356723828965,0.98068691690239
798,5.0,1.3729271300477808,2.9468868544215874,2.0531131455784126,41.062262911568254
88,6.99,2.582367242722222,12.228415995429188,5.238415995429188,74.94157361129024
734,1.7,1.8979771773623015,5.672383733139253,3.972383733139253,233.66963136113253
1221,4.8,2.077710751670217,6.986165655549183,2.186165655549183,45.54511782394131
3574,14.5,2.3476504544064207,9.460962320014481,5.039037679985519,34.75198399990013
1480,6.9,1.6940318569489246,4.441375384519622,2.458624615480378,35.63224080406345
3936,10.49,2.9598036873564553,18.29418369148698,7.8041836914869815,74.3964126929169
6199,28.99,3.1618095868932126,22.61328758600814,6.376712413991857,21.99624840976839
852,13.5,2.4139628141611764,10.178170502840567,3.321829497159433,24.606144423403205
486,7.89,2.029860214726531,6.613022096021959,1.2769779039780405,16.184764308973897
2678,3.6,1.5826636044291826,3.86790473078364,0.26790473078363997,7.441798077323332
3195,4.0,1.620661770910724,4.0564354114658006,0.056435411465800556,1.410885286645014
1430,8.4,2.2868317200506985,8.84370062411788,0.4437006241178789,5.282150287117606
1536,14.9,2.9303827748182663,17.734800334161918,2.8348003341619172,19.02550559840213
1891,6.0,2.4582836029779522,10.684738667746986,4.684738667746986,78.0789777957831
6513,39.99,2.933745621282138,17.797908643521552,22.19209135647845,55.494101916675284
1919,5.6,2.176415785468618,7.814655953903754,2.2146559539037547,39.547427748281336
4302,14.8,2.792594852972151,15.323321514036916,0.5233215140369154,3.5359561759251044
198,5.0,1.4784384006118565,3.386091013146764,1.613908986853236,32.27817973706472
4629,6.6,1.9278954170354716,5.8750259427434495,0.7249740572565502,10.984455412978033
2882,3.85,2.1681695460496675,7.7422670687573,3.8922670687573,101.09784594174806
1057,8.9,2.3476504544064207,9.460962320014481,0.5609623200144807,6.302947415893041
73,7.0,2.102801853179001,7.189082405428607,0.1890824054286071,2.701177220408673
548,27.8,3.2237019500131128,24.12094474110244,3.6790552588975594,13.234011722653092
6352,13.69,2.802691637290615,15.488969419063704,1.7989694190637042,13.140755435089147
2963,4.0,1.8578804890480092,5.410136009562838,1.4101360095628381,35.253400239070956
6569,27.3,3.674542550233062,38.430615205204546,11.130615205204546,40.77148426814852
1512,34.99,2.956899819589611,18.238237203293377,16.751762796706625,47.875858235800585
3912,10.9,2.372956208792035,9.729062798495226,1.170937201504774,10.742543133071322
1582,1.9,1.2289832052791971,2.417752616115116,0.517752616115116,27.250137690269266
6697,15.44,2.958679125760022,18.272498388987543,2.8324983889875437,18.345196819867514
5822,10.08,2.399780954892453,10.020762072216671,0.059237927783328814,0.5876778549933414
2865,6.9,2.037628851398416,6.67239522418583,0.2276047758141706,3.2986199393358056
3647,10.8,2.457799887094822,10.679087940846529,0.12091205915347203,1.1195561032728891
5349,20.499,2.656460887118137,13.245782345034616,7.253217654965383,35.383275549857956
4428,3.0,1.451207069794816,3.268263498898106,0.2682634988981061,8.94211662993687
6213,25.55,3.0614828801094713,20.35920683286013,5.190793167139869,20.316215918355653
4359,28.8,3.536286283573891,33.33915621147743,4.5391562114774295,15.760959067629962
1452,3.6,1.954213030578112,6.058362122273409,2.458362122273409,68.2878367298169
7037,24.89,3.0401545297716153,19.90847396717115,4.9815260328288495,20.014166463755924
2020,1.9,1.228269435067076,2.415313996515881,0.5153139965158813,27.121789290309543
4903,29.49,3.349470672895895,27.487650366654428,2.0023496333455704,6.789927546102308
5220,6.9,1.9278954170354716,5.8750259427434495,1.0249740572565509,14.854696481979
6818,12.35,2.7636895172056577,14.858244411016205,2.5082444110162054,20.309671344260774
4814,10.0,2.7473839466226546,14.601763404586766,4.601763404586766,46.01763404586766
5267,8.8,2.2942313904869556,8.9168109270866,0.11681092708659868,1.3273968987113485
2098,9.2,2.5650532312532217,12.001350429427802,2.801350429427803,30.449461189432643
1880,13.5,2.271490696463279,8.69384062264484,4.80615937735516,35.60118057300119
937,9.5,2.2901528629171968,8.87644730833433,0.6235526916656706,6.5637125438491655
7120,29.999,3.328454057288247,26.89518399576893,3.103816004231067,10.346398227377804
2855,13.5,2.5041532209040174,11.233195764298788,2.266804235701212,16.791142486675646
6139,14.99,3.0168745695569323,19.42734755586025,4.437347555860251,29.60205174022849
5985,12.49,2.5611695962432592,11.950955850139684,0.5390441498603167,4.315805843557379
1295,7.0,2.5674766983492834,12.032896984977658,5.032896984977658,71.89852835682368
1175,45.9,3.465001363866064,30.976503384768606,14.923496615231393,32.513064521201294
2197,5.5,1.6384753182200422,4.147315508156729,1.352684491843271,24.59426348805947
2614,41.9,3.6038709197378855,35.740177820226606,6.159822179773393,14.701246252442465
6148,27.36,2.946376492009474,18.036848429643193,9.323151570356806,34.075846382883064
4335,4.0,1.9237365653756116,5.846493102739828,1.846493102739828,46.1623275684957
4914,11.5,2.4944389998841143,11.114935131806964,0.38506486819303554,3.3483901582003086
1321,7.2,1.8912071505627817,5.627364080526235,1.5726359194737656,21.842165548246744
1181,12.79,2.7119697054797856,14.058907935204104,1.2689079352041048,9.92109409854656
6150,22.799,3.1026871966639558,21.25768175990006,1.5413182400999403,6.760464231325673
3438,12.6,2.2982663233828107,8.95690542863275,3.64309457136725,28.913448979105162
6343,34.99,3.312075122464208,26.442011963760304,8.547988036239698,24.42980290437181
4301,12.6,2.4944389998841143,11.114935131806964,1.4850648681930352,11.786229112643138
620,7.9,2.1437681111624194,7.531524870870848,0.3684751291291519,4.6642421408753405
6864,24.89,3.1481681399419705,22.293355306975165,2.5966446930248352,10.432481691542126
5159,16.0,2.5458129059674333,11.753591343827404,4.246408656172596,26.540054101078724
2492,15.5,2.481267405137125,10.956408432489859,4.543591567510141,29.313493983936397
478,14.0,2.7480086167224,14.611512404326215,0.6115124043262146,4.367945745187247
3968,5.3,2.064183954372528,6.878865759600219,1.5788657596002196,29.789919992456976
2276,3.7,1.9276003413460792,5.87299758899746,2.17299758899746,58.729664567498915
5227,6.9,2.155026511013719,7.628118916115664,0.7281189161156636,10.552448059647299
1897,12.5,1.8029380435935054,5.067447728560281,7.432552271439719,59.460418171517745
7044,14.766,2.8047119775047227,15.522316421872713,0.7563164218727128,5.1220128800806775
2206,1.4,1.091696382470781,1.9793238609383135,0.5793238609383136,41.380275781308114
1033,4.5,1.750729477032123,4.758802057976998,0.2588020579769976,5.7511568439332805
5948,10.59,2.1785484220799396,7.833474471304408,2.756525528695592,26.02951396313118
286,12.3,2.9435007804461204,17.98218258375941,5.68218258375941,46.19660637202772
550,3.2,1.2111623607796715,2.357384877879728,0.842615122120272,26.3317225662585
7008,10.099,2.499479159060331,11.176150471219385,1.077150471219385,10.665912181596047
5668,25.79,3.379579867701157,28.35843409547411,2.5684340954741103,9.959031002226098
5015,2.5,0.9863648054814359,1.6814690718662124,0.8185309281337876,32.7412371253515
2825,12.5,2.5242539348690753,11.48157971763071,1.0184202823692896,8.147362258954317
1055,10.799,2.431181321534878,10.372308500913377,0.4266914990866226,3.9512130668267678
2091,6.5,1.8563992324457985,5.400647982114078,1.0993520178859217,16.913107967475717
6540,25.79,3.148871778744369,22.30975118331813,3.4802488166818684,13.49456695107355
2571,3.5,1.4319277613351515,3.1867624962226824,0.3132375037773176,8.949642965066218
1677,10.3,2.1184478924437133,7.318216696063635,2.981783303936366,28.949352465401606
1174,1.8,0.9321065044776531,1.5398537597659527,0.2601462402340473,14.452568901891516
6021,78.2,4.249809495150054,69.09205819768383,9.107941802316176,11.646984401938845
5916,12.54,2.999192140431476,19.069317182513814,6.5293171825138145,52.06792011574015
5389,3.9,1.6931563137511951,4.436613310320458,0.5366133103204578,13.759315649242506
2087,14.0,2.558360823532819,11.914630597344509,2.085369402655491,14.895495733253508
1370,46.5,3.4778349589440993,31.3895214659293,15.110478534070701,32.495652761442365
6314,16.899,3.009718100819663,19.281681729846003,2.382681729846002,14.099542753097829
2934,5.0,1.8400829845729934,5.297060798246549,0.29706079824654896,5.941215964930979
3107,16.99,2.7610146602805905,14.815882557340577,2.174117442659421,12.796453458854746
1188,7.8,1.8969479037314552,5.665519557671243,2.1344804423287567,27.3651338760097
2029,6.699999,2.173030000516856,7.784861891027051,1.0848628910270506,16.19198586487924
4209,4.888888,1.8962893461068964,5.661131374039383,0.772243374039383,15.795890068240121
5027,4.5,1.8786264321635224,5.544509358078114,1.0445093580781144,23.211319068402542
7009,23.5,3.3989251752445173,28.931911192678104,5.431911192678104,23.114515713523847
7093,40.9,3.896968134877493,48.25289437257155,7.352894372571548,17.977736852253173
3956,7.2,2.4680617711919126,10.799554437111807,3.5995544371118067,49.99381162655287
833,9.0,2.0905253635906464,7.089163800307464,1.910836199692536,21.231513329917068
1393,5.4,2.1509661757564116,7.593156887488,2.1931568874879996,40.61401643496295
549,24.9,3.102135561907106,21.245407034928125,3.654592965071874,14.677080181011542
1020,5.5,1.9042475760584696,5.714353686054773,0.214353686054773,3.8973397464504185
248,3.6,1.5275286383675226,3.6067777287321814,0.0067777287321812985,0.1882702425605916
2648,6.5,1.5847372752868614,3.8780096364650207,2.6219903635349793,40.338313285153525
296,6.3,2.027135505794177,6.592307060751306,0.2923070607513063,4.6397946151001
1559,7.39,1.7095727455439067,4.526599708769182,2.8634002912308176,38.74695928593799
1563,12.8,2.366327823265401,9.658181607374491,3.1418183926255097,24.545456192386794
6766,13.69,2.7220011413640837,14.210730631310568,0.5207306313105686,3.803729958440969
3260,9.7,2.323081155121012,9.20707548818548,0.49292451181452,5.081695998087835
100,1.4,1.056301991475914,1.8757168763875787,0.47571687638757876,33.979776884827054
4204,43.5,3.548637559266551,33.76591870214042,9.734081297859582,22.377198385884096
3197,7.0,1.6985378324731524,4.4659494122252275,2.5340505877747725,36.20072268249675
2937,17.5,2.729150550626195,14.319868038894983,3.180131961105017,18.17218263488581
7017,15.99,2.6622581466158572,13.328608692982607,2.661391307017393,16.644098230252613
1499,6.0,1.9360732741019981,5.931479441934177,0.06852055806582324,1.1420093010970542
4872,7.0,2.2060358827150592,8.079652152787903,1.0796521527879026,15.423602182684323
1656,5.0,1.8801378003688656,5.5544079998034395,0.5544079998034395,11.08815999606879
6788,13.29,2.795132407640383,15.364795433660241,2.074795433660242,15.611703789768564
346,4.0,1.5275286383675226,3.6067777287321814,0.3932222712678186,9.830556781695465
1718,7.5,2.199602511938641,8.021426877181478,0.5214268771814776,6.952358362419702
1665,1.7,1.1363247457762686,2.1152977881003765,0.41529778810037654,24.42928165296333
681,6.0,1.9956519654595688,6.35699797321624,0.35699797321623983,5.949966220270664
6514,69.99,3.8466114203466084,45.834092987443846,24.15590701255615,34.51336907066174
3898,3.9,1.7782715696469265,4.9196159273053,1.0196159273053005,26.143998136033346
6186,20.45,3.1265126682792643,21.79434931720997,1.3443493172099714,6.573835291980301
6408,54.999,3.8307142754249397,45.09545132639264,9.90354867360736,18.006779529823017
7289,23.79,3.2738155167630483,25.41192246585807,1.62192246585807,6.817664841774149
5761,17.75,2.701947269709672,13.908734804993795,3.841265195006205,21.640930676091294
7063,49.59,3.6470124017615553,37.35989074114435,12.230109258855656,24.662450612735743
1793,3.8,1.9547345218510082,6.062043956459873,2.2620439564598733,59.527472538417726
3542,5.9,2.1387045282928296,7.488433976909851,1.588433976909851,26.922609778133065
6741,18.8,3.0207299955175664,19.50625569643796,0.7062556964379603,3.756679236372129
1706,6.2,2.1353357558410324,7.4598864863672905,1.2598864863672903,20.320749780117584
1414,5.6,1.7750817583231495,4.900763553131359,0.6992364468686407,12.4863651226543
4761,2.9,1.4838955460247303,3.4100919784151262,0.5100919784151263,17.58937856603884
3066,8.8,1.9042475760584696,5.714353686054773,3.0856463139452277,35.0641626584685
2991,8.0,2.084893307750299,7.043733231919697,0.9562667680803028,11.953334601003785
6041,9.75,2.3488011655175516,9.473006794115287,0.2769932058847129,2.840955957791927
84,37.9,3.402918112969619,29.051666378453067,8.848333621546931,23.34652670592858
5327,9.5,2.1316146009670303,7.4284644379477545,2.0715355620522455,21.805637495286796
3207,9.0,2.3617800973096887,9.609821166602236,0.6098211666022362,6.7757907400248465
5025,3.99,1.5663143352043505,3.7889651067254517,0.2010348932745485,5.038468503121515
1561,1.2,1.0056559046308695,1.7336997312339038,0.5336997312339038,44.47497760282532
6072,8.39,3.6062728321052933,35.82853057302165,27.43853057302165,327.03850504197436
2948,8.9,2.477175761476966,10.907587017756974,2.0075870177569737,22.557157502887343
3528,7.8,2.1509661757564116,7.593156887488,0.20684311251199983,2.6518347757948697
1297,5.0,1.872962886933582,5.507548995457787,0.5075489954577872,10.150979909155744
4866,8.499,2.206687372877173,8.085569384140575,0.41343061585942564,4.864461887980063
6289,13.28,2.6969546256271912,13.834486300799433,0.5544863007994341,4.175348650598148
4506,14.2,2.6157054741965085,12.676861648231124,1.5231383517688748,10.72632642090757
1912,18.5,2.7495771969733513,14.636019530042962,3.8639804699570384,20.886380918686694
6456,79.99,3.9152500800881063,49.16161436355221,30.828385636447784,38.54029958300761
5998,9.494,2.3895808351550234,9.90892034865714,0.4149203486571409,4.370342833970307
6127,18.99,2.9016984108784345,17.20503876305641,1.7849612369435874,9.399479920713995
6875,44.199,3.3489979134263397,27.474185743193107,16.72481425680689,37.839802386494924
1817,12.2,2.324058366267256,9.217054831291604,2.9829451687083957,24.45037023531472
3722,7.6,2.2559952357271635,8.544787898611133,0.9447878986111338,12.43141971856755
5451,9.79,2.551191589328457,11.822373686779496,2.032373686779497,20.759690365469837
6187,36.99,3.59894960696168,35.5598120958196,1.4301879041804,3.8664176917556095
7164,8.99,2.557011371985075,11.897214682705757,2.9072146827057566,32.33831682653789
3089,1.2,1.031884385376137,1.8063490984847257,0.6063490984847257,50.529091540393814
4845,6.0,1.8908565800346775,5.625041129203512,0.3749588707964877,6.249314513274795
3142,3.2,1.2622465457212046,2.533350410933172,0.6666495890668283,20.832799658338384
1623,5.5,1.8731039734854662,5.508467187877552,0.008467187877552185,0.15394887050094883
6834,18.38,2.92915441708512,17.711801425627918,0.6681985743720809,3.635465584178895
5459,16.79,3.242608145699394,24.600404335068326,7.810404335068327,46.51819139409367
5605,47.95,3.84748836236078,45.87518178489334,2.07481821510666,4.327045286979478
6392,26.4,3.379918946180277,28.36839059657879,1.968390596578793,7.456024987040882
1199,2.0,1.3753170267473964,2.956330786805142,0.9563307868051418,47.816539340257094
373,6.0,1.6147310267634474,4.026535738039948,1.9734642619600518,32.891071032667526
2457,5.7,1.8912071505627817,5.627364080526235,0.07263591947376558,1.2743143767327294
5260,4.99,1.7095727455439067,4.526599708769182,0.46340029123081816,9.286578982581526
3819,21.09,3.1135152872162037,21.499999505131164,0.40999950513116445,1.9440469660083664
7284,23.3,3.3752667334533135,28.23207991506715,4.932079915067149,21.16772495736974
1317,8.0,2.336154199752714,9.341389072448365,1.341389072448365,16.767363405604563
1446,13.0,2.7470088836437805,14.59591285795886,1.5959128579588597,12.27625275352969
3799,18.9,2.9645010650802757,18.385028960385508,0.5149710396144904,2.7247144953147644
3482,3.7,1.7558556706637014,4.788398586368706,1.0883985863687062,29.416178009965034
1488,6.399,1.971364614132348,6.1804683743746205,0.21853162562537953,3.4150902582494065
4486,4.0,1.4938808340781102,3.454348607033759,0.5456513929662412,13.641284824156031
6067,102.0,4.247319791431115,68.91776679672613,33.08223320327387,32.433561963993995
812,5.123,1.5296863413817807,3.616728518487366,1.5062714815126341,29.402137058610855
3580,34.5,3.299633233909025,26.102696747402405,8.397303252597595,24.34000942781912
4317,3.95,1.415283751014628,3.1176546889190675,0.8323453110809327,21.072033191922344
3366,3.9,1.4701982456609293,3.3500974435288544,0.5499025564711455,14.100065550542192
3651,4.0,1.5758328213420651,3.8347664385734017,0.16523356142659829,4.130839035664957
6684,40.5,3.4890151139863548,31.753673180865093,8.746326819134907,21.59586868922199
1511,3.5,1.1884383239965812,2.2819518577738265,1.2180481422261735,34.80137549217638
7149,18.29,2.939463239611851,17.905695759697284,0.3843042403027148,2.1011713521198185
1801,3.4,1.3846409285581158,2.9933917344191396,0.4066082655808603,11.959066634731185
4516,4.6,1.8912071505627817,5.627364080526235,1.027364080526235,22.334001750570327
921,7.8,2.2634297689476846,8.616013377354177,0.8160133773541771,10.461709966079194
322,15.0,2.7378983600371583,14.45447120776884,0.5455287922311598,3.636858614874398
3838,2.5,1.3495589423207661,2.8557245586855458,0.35572455868554576,14.228982347421832
5634,27.49,3.312396756719999,26.45083967442664,1.0391603255733592,3.780139416418186
7262,9.08,2.4893753694669023,11.0537446315556,1.9737446315556006,21.737275677925116
4402,6.85,2.006130200290932,6.434491614898268,0.4155083851017318,6.065815840901195
6217,10.45,2.5067837276263027,11.265417629327983,0.8154176293279836,7.803039515100322
1569,5.9,2.1234157635609763,7.359643340450333,1.4596433404503326,24.739717634751397
4661,17.5,2.8648357078979547,16.546170270574834,0.9538297294251663,5.450455596715236
231,12.9,2.4651421204146162,10.76515410174742,2.13484589825258,16.549193009709924
1545,1.8,1.2352172404565587,2.4391255567650734,0.6391255567650733,35.506975375837406
1420,1.0,1.120390195726599,2.0660503296522967,1.0660503296522967,106.60503296522967
1079,5.9,2.2886847104247425,8.861957816596352,2.9619578165963514,50.20267485756528
3103,7.9,1.9232800471097182,5.843368266907702,2.0566317330922983,26.033313077117697
1115,4.75,1.9726180555238058,6.189474313674545,1.4394743136745447,30.30472239314831
6946,14.45,2.755573367455576,14.730057420666977,0.2800574206669779,1.9381136378337573
1941,10.9,2.324058366267256,9.217054831291604,1.6829451687083967,15.439863933104556
1867,10.95,2.274020246389432,8.718392716257654,2.2316072837423455,20.379975193994024
2586,6.65,2.310357711365545,9.07802903583957,2.42802903583957,36.511714824655186
2751,11.5,2.324916277870515,9.225823922197074,2.2741760778029256,19.77544415480805
1425,9.59,2.2901528629171968,8.87644730833433,0.7135526916656705,7.440591153969453
5395,14.5,2.5324567032365475,11.58438428952309,2.91561571047691,20.107694555013172
4053,32.5,3.249993334603741,24.79016801493076,7.70983198506924,23.7225599540592
7283,16.95,2.8800124517534447,16.81449499993065,0.13550500006935096,0.799439528432749
4333,4.49,2.034250558569259,6.646519359151952,2.156519359151952,48.02938439091207
1618,9.0,2.7260315023909913,14.272159073484795,5.272159073484795,58.57954526094217
2402,16.8,2.797643575829699,15.405941828514536,1.3940581714854652,8.297965306461103
265,15.3,2.747747543785051,14.607437192913217,0.6925628070867837,4.526554294684861
0,9.99,2.2901528629171968,8.87644730833433,1.1135526916656708,11.146673590246955
4015,16.5,2.5836299772611793,12.245130523987628,4.254869476012372,25.787087733408313
5187,3.5,1.4456255557526219,3.244506487964026,0.25549351203597404,7.299814629599258
838,1.2,1.442183427826466,3.22992146979879,2.02992146979879,169.1601224832325
14,21.9,2.788700983043312,15.259884211710776,6.640115788289222,30.320163416845762
3263,2.6,1.0550150913550609,1.872018496225166,0.7279815037748341,27.999288606724388
4912,21.0,2.7425654326544833,14.526766920602602,6.473233079397398,30.824919425701893
6477,29.155,3.5334828274147907,33.24302270849093,4.088022708490932,14.021686532296112
8,16.5,2.6843938121883637,13.649318449879555,2.850681550120445,17.27685787951785
1039,8.5,2.626604191153463,12.826737133903238,4.326737133903238,50.90278981062634
2759,11.9,2.457799887094822,10.679087940846529,1.2209120591534717,10.25976520297035
3992,15.5,2.6706219577186054,13.448953036594661,2.051046963405339,13.232561054227993
6472,12.99,2.9193251995721803,17.528780011527022,4.538780011527022,34.940569757713796
4141,32.79,3.465678459121475,30.99816185509136,1.7918381449086382,5.464587206186759
6629,18.1,2.9771652840913747,18.63208630487289,0.5320863048728874,2.9397033418391567
339,4.1,1.5006469910476092,3.4845896212588006,0.6154103787411991,15.010009237590221
1956,3.3,1.4963290912230687,3.4652673583386306,0.16526735833863082,5.0081017678372985
4220,6.5,1.7315434818877906,4.649366877996866,1.850633122003134,28.471278800048218
2770,29.999999,2.543384562728496,11.722658819109453,18.277340180890548,60.9244693004508
1090,23.5,3.3083217053449383,26.33920370809978,2.839203708099781,12.08171790680758
4512,8.999,1.9964806922026201,6.363097441232263,2.6359025587677376,29.291060770838286
1883,6.0,2.127119075416004,7.390659101808012,1.390659101808012,23.177651696800204
622,5.3,2.1157260539396248,7.295606637996952,1.9956066379969526,37.652955433904765
7220,12.5,2.7160459487903568,14.120416985699022,1.6204169856990216,12.963335885592173
5192,3.8,2.077710751670217,6.986165655549183,3.186165655549183,83.84646461971535
5045,2.8,1.950156110137742,6.029784915625978,3.229784915625978,115.34946127235636
4331,16.5,3.0116173625530145,19.32023855500464,2.8202385550046394,17.092354878815996
4952,4.7,1.4093100971410033,3.093130567271121,1.606869432728879,34.188711334657
3032,8.4,2.097606291529739,7.146645859246725,1.2533541407532756,14.920882628015184
4568,5.999,1.8794774460939307,5.5500811972296225,0.4489188027703772,7.48322725071474
889,4.5,2.13070123529649,7.420769682472448,2.9207696824724483,64.90599294383217
1507,3.1,1.3532620654998635,2.870029251343677,0.22997074865632294,7.41841124697816
3688,10.0,2.114748078946996,7.287497707968006,2.712502292031994,27.125022920319942
196,1.9,0.9124400287682886,1.490391753360441,0.40960824663955897,21.558328770503106
5533,12.99,2.6753168327149868,13.516948555264747,0.526948555264747,4.056570864239777
3980,11.2,2.608345000107139,12.576563037925826,1.376563037925827,12.290741410052027
2789,3.8,1.691178103018153,4.425869174105139,0.625869174105139,16.47024142381945
6575,38.0,2.8059569939746445,15.542899788595694,22.457100211404306,59.097632135274495
4236,21.5,2.558143528473538,11.911824616797166,9.588175383202834,44.59616457303644
432,4.2,1.9291004890419952,5.883315838008318,1.6833158380083182,40.07894852400757
2598,10.9,2.531432193210486,11.571498063807521,0.6714980638075208,6.160532695481842
6091,28.99,3.1265250222818564,21.794630920399978,7.19536907960002,24.820176197309486
1694,23.5,3.304350479352422,26.23084884494602,2.7308488449460206,11.620633382749023
5357,29.9,3.4318903805362093,29.935066558371613,0.03506655837161432,0.11727945943683721
1108,13.9,2.7857781585981933,15.212428810349468,1.3124288103494681,9.441933887406245
6353,37.5,3.7693451404336504,42.35166628495123,4.851666284951229,12.937776759869942
6690,60.89,3.8018020223583506,43.78180964955188,17.10819035044812,28.096880194528033
6262,110.99,4.419622644818118,82.06493446005267,28.925065539947326,26.06096543828032
4825,1.65,1.3472174267145745,2.8467068810947103,1.1967068810947104,72.52768976331578
1277,4.6,1.8059248810829398,5.08559730031881,0.4855973003188101,10.556463050408917
1195,5.9,1.8642276979561787,5.450951878339068,0.44904812166093233,7.610985112897158
6062,18.19,3.1718370697738845,22.85126056399454,4.661260563994539,25.62540167121791
604,9.0,2.265952922245741,8.640306688206891,0.3596933117931087,3.9965923532567635
3742,6.2,1.542990044141326,3.678558474164883,2.521441525835117,40.668411707018016
1593,17.9,2.9210860711198285,17.56143555573345,0.33856444426654875,1.8914214763494346
1219,19.4,3.2029488436845175,23.60497956227309,4.204979562273092,21.67515238285099
2229,7.0,2.0884179207429465,7.07213430056413,0.07213430056413017,1.0304900080590025
4519,4.1,1.4609839818995372,3.3101985998240107,0.789801400175989,19.26344878478022
1652,3.3,1.4500411731005607,3.263290044424969,0.03670995557503076,1.1124228962130536
4657,5.9,2.028590454048412,6.603361514534004,0.703361514534004,11.921381602271254
4865,5.9,1.5987365761866583,3.9467785967311624,1.953221403268838,33.10544751303115
6264,11.09,2.43245932288073,10.38685161756489,0.7031483824351099,6.340382168035257
4955,38.0,3.6089158048412924,35.925996117886406,2.074003882113594,5.457904952930511
1158,12.0,2.3587165450833454,9.577367162996373,2.4226328370036274,20.18860697503023
4818,10.8,2.4321718867907447,10.383579095801657,0.4164209041983433,3.8557491129476227
3256,8.8,2.2080862209354226,8.098287608589565,0.7017123914104353,7.9740044478458545
5728,38.699,3.7502953854806282,41.53364396552597,2.83464396552597,7.324850682255278
4650,17.5,2.9435007804461204,17.98218258375941,0.4821825837594105,2.755329050053774
7219,15.49,2.8856532410118514,16.91526676090321,1.4252667609032112,9.201205686915502
5702,14.19,2.6575080240138025,13.260707442281943,0.9292925577180569,6.54892570625833
2807,4.59,1.3568954966305362,2.884116312788016,1.7058836872119838,37.1652219436162
2851,8.6,2.565057147419007,12.001401344971216,3.401401344971216,39.55117842989786
4559,10.49,2.2703058685542907,8.682361891233352,1.807638108766648,17.23201247632648
2995,6.5,2.0999388246107737,7.165670359225102,0.6656703592251016,10.241082449616949
904,5.95,1.739429243348582,4.694092553833846,1.2559074461661544,21.10768817085974
6841,21.169,3.004373345429128,19.173570274097134,1.9954297259028664,9.426187944177174
2357,23.8,3.1770436061513756,22.97576686179454,0.8242331382054608,3.4631644462414317
3383,12.8,2.492777034029612,11.094817245539096,1.705182754460905,13.32174026922582
3470,9.0,2.6570836087647765,13.254656264778376,4.254656264778376,47.273958497537514
1616,7.8,2.2901528629171968,8.87644730833433,1.0764473083343296,13.80060651710679
3575,5.8,1.9935595715816772,6.34162032935178,0.5416203293517805,9.33828154054794
6977,26.95,3.262425652786332,25.11280097189349,1.837199028106511,6.8170650393562555
5006,10.9,2.3299793743286794,9.277729545785732,1.6222704542142683,14.88321517627769
3820,3.65,1.642878501506033,4.170030053223393,0.5200300532233935,14.247398718449137
1860,7.5,1.9112829243502116,5.761758060404584,1.738241939595416,23.17655919460555
2088,4.99,1.6341328524789407,4.125011928218034,0.8649880717819665,17.334430296231794
7077,27.52,3.2333951272082744,24.365630485085433,3.154369514914567,11.462098528032584
6930,27.699,3.209233300877655,23.760095401980585,3.938904598019416,14.220385566336027
5213,4.1,2.1712411263764624,7.769160926475012,3.669160926475012,89.49172991402469
2251,3.2,1.2293838851704133,2.4191223152486696,0.7808776847513306,24.40242764847908
3784,14.0,2.904848409053172,17.262475016485258,3.262475016485258,23.3033929748947
3127,6.5,1.9042475760584696,5.714353686054773,0.785646313945227,12.086866368388108
254,11.7,2.2634297689476846,8.616013377354177,3.0839866226458224,26.358860022613868
6705,16.78,2.833655367318526,16.007516056472795,0.772483943527206,4.603599186693718
4989,2.999999,1.5275286383675226,3.6067777287321814,0.6067787287321815,20.225964366394177
221,14.85,2.837530037808305,16.07354240961745,1.2235424096174494,8.23934282570673
267,2.9,1.224277159213911,2.401706301825663,0.4982936981743369,17.182541316356446
107,8.1,1.908102235966598,5.740285182458798,2.3597148175412013,29.132281698039524
4800,5.5,1.5744321705271658,3.8279993592852426,1.6720006407147574,30.400011649359225
1226,5.4,2.1297449453293122,7.412720834039069,2.0127208340390688,37.27260803776053
4938,4.9,1.9433923121258008,5.982397311142801,1.0823973111428007,22.089741043730623
3418,9.5,2.2700385283210363,8.67977375231914,0.8202262476808606,8.633960501903797
4154,8.5,1.8351685188234967,5.26619002743645,3.2338099725635496,38.04482320663
1758,6.99,2.2664583515477092,8.64518041324504,1.6551804132450396,23.679261992060653
2284,9.99,2.312791749801186,9.102589223963593,0.8874107760364076,8.88299075111519
2526,3.3,1.4671860351209323,3.337013749472823,0.03701374947282332,1.121628771903737
4004,15.0,1.919714642297165,5.819012333936382,9.180987666063618,61.20658444042413
1210,15.5,3.005006767907793,19.18635271489896,3.686352714898959,23.782920741283604
6664,11.5,2.6782156407569007,13.559091455058343,2.0590914550583435,17.905143087463856
2464,13.6,2.5693184250585848,12.05692213654511,1.54307786345489,11.346160760697721
4240,13.5,2.5359877388692613,11.628898743675755,1.8711012563242448,13.860009306105518
4198,14.5,2.6446273558145768,13.078197946921575,1.4218020530784248,9.805531400540861
376,4.5,1.6238462687239836,4.072563284935971,0.4274367150640286,9.498593668089523
755,1.8,1.3030986554839765,2.680684187749955,0.8806841877499549,48.926899319441944
291,12.49,2.6829699549790615,13.628474754937475,1.1384747549374747,9.115090111589069
5091,1.7,1.7138412795276345,4.550240607534911,2.8502406075349107,167.66121220793593
1465,1.35,1.4329925317506884,3.1912228112498804,1.8412228112498803,136.38687490739855
188,4.7,1.8245654081502876,5.2000999206204614,0.5000999206204613,10.640423842988538
1870,33.0,2.9028564978673126,17.226133994278648,15.773866005721352,47.79959395673137
1201,8.7,2.431205367577094,10.372581963211513,1.6725819632115133,19.225080036913948
1649,4.0,1.5053767268912768,3.505850785745433,0.49414921425456715,12.353730356364178
6030,128.96,4.898378972667728,133.0722686249381,4.112268624938082,3.1887939089160064
3706,30.49,3.263075070775535,25.12976460224027,5.360235397759727,17.580306322596677
4176,6.5,1.976349763743465,6.216353455430583,0.2836465445694172,4.3637929933756485
501,10.0,2.3667962534831073,9.663175391233505,0.336824608766495,3.36824608766495
6193,26.99,3.1128954556324318,21.486057616060986,5.5039423839390125,20.39252457924792
2605,5.5,1.9726180555238058,6.189474313674545,0.6894743136745447,12.53589661226445
6874,64.89,4.30934319311016,73.39161196744976,8.501611967449762,13.101574922869105
3312,23.5,2.8655981607274077,16.559553499135596,6.940446500864404,29.533814897295336
2812,6.5,2.0226163206992687,6.558073432161285,0.0580734321612848,0.89343741786592
4763,5.5,2.1115138701535723,7.260737507369669,1.7607375073696687,32.013409224903064
6753,76.79,3.74256354930161,41.20604888603477,35.583951113965234,46.33930344311138
672,7.9,1.9042475760584696,5.714353686054773,2.1856463139452273,27.66640903728136
4766,13.8,2.7474590763630853,14.60293560505462,0.8029356050546195,5.818373949671155
3753,7.35,2.0603234127078984,6.848507707032796,0.5014922929672032,6.823024394111608
1374,12.8,2.5878058461965088,12.300556097510457,0.49944390248954385,3.9019054881995614
7043,23.99,3.454139302340389,30.63105219017262,6.641052190172623,27.682585202887132
6988,15.58,2.8547949574864937,16.370875074587282,0.7908750745872819,5.076219990932489
5718,79.99,4.432345093065229,83.12847486333015,3.13847486333016,3.923584027166096
1192,4.9,1.9379432246725103,5.944453092132981,1.0444530921329802,21.315369227203675
3053,52.9,3.7317176109045023,40.7507581705029,12.1492418294971,22.96643067957864
3950,2.8,1.181390818811878,2.2589035968049425,0.5410964031950574,19.324871542680622
216,13.0,2.434038155901895,10.404843754458298,2.595156245541702,19.962740350320786
4697,6.49,2.170833373524541,7.765586004990032,1.275586004990032,19.654637981356426
421,1.2,0.8292257885767429,1.2915439138324025,0.09154391383240257,7.628659486033548
505,3.9,1.854619411285599,5.389266105253753,1.4892661052537535,38.186310391121886
4836,2.9,1.4275638935675217,3.168531825364231,0.26853182536423104,9.259718116007967
6453,19.9,2.948547127223025,18.078215363218728,1.8217846367812705,9.154696667242566
6845,49.5,3.496191089205654,31.989558067770837,17.510441932229163,35.374630166119516
6252,20.59,3.045687492599239,20.024480410133688,0.5655195898663123,2.746574015863586
506,16.3,2.7470088836437805,14.59591285795886,1.704087142041141,10.45452234381068
1807,8.9,1.9615714538664681,6.110492100493829,2.7895078995061713,31.34278538770979
4436,20.89,3.1532489902012295,22.412006526616945,1.522006526616945,7.285813913915486
1438,5.99,1.3302167839057222,2.7818631457740253,3.208136854225975,53.55821125585935
5520,76.49,4.271208045186448,70.6080891962557,5.88191080374429,7.689777492148372
7069,41.599,3.3355971848740014,27.09515621733926,14.503843782660738,34.865847214261734
4704,3.8,1.4966908225196054,3.466882877463844,0.333117122536156,8.766240066740947
1426,27.9,3.5341176677353667,33.26476846181486,5.364768461814862,19.22856079503535
2859,7.5,2.027135505794177,6.592307060751306,0.9076929392486939,12.102572523315919
3016,5.0,1.7164695674400994,4.564847424887177,0.4351525751128227,8.703051502256454
2688,20.49,3.0554061088552777,20.22980538845659,0.26019461154340817,1.2698614521396203
4664,12.0,1.8049011283874106,5.079370341655418,6.920629658344582,57.67191381953819
2280,2.95,1.5921823438572298,3.9144622805349716,0.9644622805349714,32.69363662830411
347,6.5,2.0351349330012494,6.653284736489333,0.15328473648933283,2.358226715220505
4320,12.99,2.7582534596189245,14.772271968459943,1.782271968459943,13.720338479291325
333,11.5,2.0950960134218066,7.126221159057566,4.373778840942434,38.03285948645595
4386,6.5,2.0861883123123377,7.054156650881705,0.5541566508817048,8.525486936641613
3381,7.75,1.9496992664967674,6.026574136557698,1.7234258634423023,22.237753076674867
5781,18.355,3.0861262500271818,20.89210895118382,2.537108951183818,13.82244048588296
6380,15.89,2.796497720365983,15.387153756696001,0.5028462433039991,3.1645452693769607
5832,83.49,4.444472090396069,84.15491187358481,0.6649118735848134,0.7963970219006029
6831,8.29,2.4645239049280283,10.757882949080798,2.467882949080799,29.769396249466823
3023,9.79,2.4539928951424166,10.634710273353605,0.8447102733536056,8.62829696990404
6726,5.65,1.7159667027862984,4.562049763294925,1.0879502367050753,19.25575640185974
746,14.5,2.7512809048314337,14.662681444993314,0.16268144499331427,1.1219409999538914
3410,34.0,3.178738901084344,23.016447330822825,10.983552669177175,32.30456667405052
5257,5.7,1.873863297831797,5.513411102250334,0.18658889774966614,3.273489434204669
3704,5.0,1.6560470331348267,4.238561999711374,0.7614380002886261,15.228760005772521
3589,2.5,1.302242210701043,2.677533234481076,0.17753323448107583,7.101329379243033
5019,7.8,2.0564639887101697,6.81827536528082,0.9817246347191801,12.586213265630514
4038,24.2,3.0554061088552777,20.22980538845659,3.970194611543409,16.405762857617393
3608,9.3,2.032679275705293,6.634513948731811,2.6654860512681893,28.661140336217088
6968,28.59,3.3837771835165538,28.48191968794163,0.10808031205836954,0.3780353692143041
259,4.8,1.8825593367733533,5.5702989699009535,0.7702989699009537,16.047895206269867
1795,11.49,2.2901528629171968,8.87644730833433,2.613552691665671,22.74632455757764
4210,20.0,2.865460893504102,16.557143313407817,3.442856686592183,17.214283432960915
3653,8.3,1.742040047230005,4.708978135987031,3.59102186401297,43.265323662806864
3265,4.59,1.9042475760584696,5.714353686054773,1.1243536860547731,24.495723007729264
3246,5.0,1.9519762861437733,6.042592013507226,1.0425920135072264,20.85184027014453
1730,25.0,2.685864837080908,13.67088381968724,11.32911618031276,45.31646472125104
599,11.5,2.7460904582969423,14.581595751885967,3.081595751885967,26.796484799008407
45,13.0,2.5886874925681806,12.312287655317819,0.6877123446821809,5.2900949590936985
4651,23.5,2.587803006233482,12.300518324476538,11.199481675523462,47.65736883201473
5070,6.0,1.8966064362914135,5.663243888326942,0.33675611167305775,5.6126018612176285
4575,6.0,1.5500704809982262,3.7118022634148797,2.2881977365851203,38.13662894308534
3921,14.2,2.2460098864903455,8.449954120216733,5.750045879783267,40.493280843544134
3881,2.686686,1.4947221422066126,3.458097663558772,0.771411663558772,28.712386321243795
6979,5.85,2.562211745539676,11.964459714966257,6.114459714966257,104.52067888831209
6997,28.9,3.1540604430511037,22.43101197600442,6.468988023995578,22.384041605521034
1421,1.9,1.224745708501463,2.4033005423508094,0.5033005423508095,26.489502228989974
4251,17.2,2.87795685119144,16.777913125738912,0.4220868742610868,2.453993455006319
3529,2.3,1.1811122098819387,2.257995763632148,0.04200423636785189,1.8262711464283432
6651,12.09,2.814330501832586,15.682003470075998,3.5920034700759977,29.71053325124895
6497,96.79,4.592358052114225,97.7269592112909,0.9369592112908975,0.9680330729320152
7180,15.99,2.9473863530972384,18.056082712448216,2.0660827124482157,12.921092635698662
3044,13.2,2.7857781585981933,15.212428810349468,2.012428810349469,15.245672805677799
1298,4.1,1.9042475760584696,5.714353686054773,1.6143536860547734,39.3744801476774
426,6.5,1.8533565335819517,5.381202336395424,1.1187976636045764,17.212271747762713
4603,8.2,1.8971542648283666,5.666895203533661,2.533104796466338,30.891521908126073
805,19.9,2.8594654361513197,16.452195129982382,3.4478048700176167,17.325652613153856
410,7.7,2.464871510650215,10.761970766907973,3.061970766907973,39.765854115687965
6097,12.38,2.76585318668234,14.892593557101197,2.512593557101196,20.29558608320837
3858,15.0,1.863001335232796,5.443045520447344,9.556954479552656,63.713029863684376
438,8.8,2.505447157172703,11.249034985241439,2.449034985241438,27.829943014107243
2389,2.0,1.256943806663974,2.5146635652275195,0.5146635652275195,25.733178261375976
4161,9.2,2.4405068343133767,10.478857147374251,1.2788571473742518,13.900621167111435
434,5.8,2.037628851398416,6.67239522418583,0.8723952241858299,15.041296968721207
751,10.5,2.173030000516856,7.784861891027051,2.7151381089729494,25.858458180694754
3411,8.5,1.9493875304013129,6.024384041155575,2.4756159588444246,29.12489363346382
2874,6.99,1.9278954170354716,5.8750259427434495,1.1149740572565507,15.950987943584416
4383,14.6,2.7578182537445404,14.765409276497133,0.1654092764971331,1.1329402499803638
2142,9.0,2.172108959050448,7.776774393980547,1.2232256060194526,13.591395622438363
6044,24.0,3.4964297334866212,31.997431776605765,7.997431776605765,33.32263240252402
4937,7.5,1.9798228466886263,6.241460022901624,1.2585399770983763,16.78053302797835
4856,5.9,2.2040386228187514,8.061535825200234,2.161535825200234,36.63620042712261
1049,6.0,2.1554687957671157,7.631935845585392,1.6319358455853923,27.19893075975654
626,6.5,1.9297892121713143,5.888058169721676,0.6119418302783242,9.414489696589602
1926,10.2,2.402037198352536,10.045655667012122,0.1543443329878773,1.5131797351752678
1223,7.6,1.9278954170354716,5.8750259427434495,1.7249740572565502,22.697027069165134
210,7.89,2.4382903201335426,10.453442274357151,2.5634422743571514,32.489762666123596
2431,3.89,1.3459308531692662,2.8417609920921456,1.0482390079078545,26.94701819814536
6216,14.59,2.8263649690393455,15.883975368272736,1.2939753682727364,8.868919590628762
4927,16.0,2.8402538782057003,16.12011140862732,0.12011140862732006,0.7506963039207504
51,18.8,2.8270402897386178,15.895381317228164,2.9046186827718365,15.45009937644594
1109,12.5,2.59917850560928,12.452682191506277,0.047317808493723135,0.3785424679497851
1436,7.2,2.1816209111590705,7.860656962718293,0.660656962718293,9.17579114886518
7277,10.49,2.5471112283471937,11.770160370533052,1.2801603705330518,12.203626029867033
3882,2.8,1.5492705250062841,3.708034536170331,0.908034536170331,32.42980486322611
1786,10.8,1.873863297831797,5.513411102250334,5.286588897749667,48.9498972013858
5456,22.0,3.1790798977639647,23.024638256078706,1.0246382560787062,4.6574466185395735
4338,6.0,1.7704204250204743,4.873322133957777,1.1266778660422228,18.777964434037045
6336,19.592,3.2064335862765208,23.69087115064907,4.098871150649071,20.921147155211674
1558,2.8,1.4367564497261078,3.2070279561031505,0.4070279561031507,14.53671271796967
2249,26.49,2.8538685596577356,16.354790185288174,10.135209814711825,38.2605127018189
5044,36.0,3.133200729392612,21.94731025436677,14.05268974563323,39.035249293425636
3786,8.5,2.579693986453888,12.193100274466886,3.693100274466886,43.448238523139835
4233,12.8,2.821449123624072,15.801180026650037,3.0011800266500366,23.446718958203412
4561,13.0,2.149275956744004,7.578644838065969,5.421355161934031,41.70273201487716
3733,3.5,1.5859178862444796,3.88377206901938,0.38377206901938,10.96491625769657
5661,63.05,4.419985241973594,82.09505903021929,19.045059030219292,30.206279191465967
5664,70.99,4.271208045186448,70.6080891962557,0.3819108037442902,0.5379783120781663
6291,8.89,2.3425743858558477,9.407996301472515,0.5179963014725146,5.8267300503095
6970,20.49,3.345417865383911,27.37242904587839,6.882429045878393,33.58920959433086
4693,29.5,2.6106214292698766,12.607504326419022,16.892495673580978,57.26269719857958
3164,1.0,0.8226632004985104,1.2765546928997655,0.27655469289976553,27.65546928997655
2112,5.4,1.735626120047757,4.6724783445686136,0.7275216554313868,13.472623248729384
705,7.2,2.1218826582463044,7.346836946100305,0.14683694610030518,2.039402029170905
2943,26.5,2.8655981607274077,16.559553499135596,9.940446500864404,37.511118871186426
6952,20.99,2.7144293635438363,14.09599328949115,6.894006710508849,32.84424349932753
57,3.8,1.8502439491272589,5.361371184279455,1.561371184279455,41.08871537577514
4881,9.8,2.3742879790045737,9.7433609635606,0.05663903643940138,0.577949351422463
5640,17.2,3.172520429372556,22.86756512214503,5.667565122145032,32.950960012471114
527,4.5,2.2493017454682,8.481113294193381,3.9811132941933813,88.46918431540848
1935,3.8,1.5724150392776204,3.8182704664305014,0.018270466430501564,0.4808017481710938
5058,1.95,1.5539206657511022,3.7299785412082196,1.7799785412082196,91.28095083119075
565,4.0,1.926345193997073,5.864376375872122,1.864376375872122,46.609409396803045
1871,4.9,1.8864535536997142,5.5959350231396225,0.6959350231396222,14.202755574278003
6095,18.85,3.116112807887942,21.558519689750952,2.7085196897509505,14.36880472016419
640,5.5,1.6254970363661312,4.08094382352735,1.4190561764726501,25.801021390411822
5282,5.0,1.5926958513667135,3.9169865418792105,1.0830134581207895,21.66026916241579
1747,41.0,3.381083429585683,28.40260951988935,12.59739048011065,30.72534263441622
730,6.5,2.1572354596817984,7.647199053667279,1.1471990536672791,17.649216210265834
