sample_id,y_true_price,raw_prediction,y_pred_price,absolute_error,absolute_percentage_error
3909,5.5,3.5789171393992127,3.5789171393992127,1.9210828606007873,34.92877928365068
6004,37.499,28.933748484917373,28.933748484917373,8.565251515082629,22.84127980768188
1768,27.49,19.5385148990538,19.5385148990538,7.951485100946197,28.925009461426693
3360,7.8,7.491334234530376,7.491334234530376,0.3086657654696241,3.9572534034567197
4700,12.99,10.870185197853369,10.870185197853369,2.1198148021466316,16.318820647780075
865,3.5,2.9640335402708957,2.9640335402708957,0.5359664597291043,15.313327420831552
7074,52.5,36.19876977479492,36.19876977479492,16.30123022520508,31.04996233372396
2233,26.0,30.636693316118457,30.636693316118457,4.636693316118457,17.833435831224833
1720,22.0,11.539273823510902,11.539273823510902,10.460726176489098,47.54875534767772
1662,4.7,8.863502576201624,8.863502576201624,4.163502576201624,88.58516119577922
1566,11.49,15.774437742757135,15.774437742757135,4.2844377427571345,37.288405071863664
5141,3.2,5.431374862061498,5.431374862061498,2.2313748620614975,69.7304644394218
7264,63.86,55.27203940528513,55.27203940528513,8.587960594714872,13.448106161470202
5464,127.0,106.5221894418253,106.5221894418253,20.477810558174696,16.12426028202732
6348,31.79,28.517525811444425,28.517525811444425,3.2724741885555737,10.294036453462013
6283,17.99,32.49207735267141,32.49207735267141,14.50207735267141,80.61188078194226
6419,30.9,31.151387829696887,31.151387829696887,0.25138782969688833,0.8135528469154962
763,7.9,12.503326425203037,12.503326425203037,4.603326425203036,58.269954749405514
3297,4.8,5.724988131357661,5.724988131357661,0.9249881313576616,19.270586069951285
2654,3.59,2.560862739111695,2.560862739111695,1.0291372608883047,28.66677606931211
2189,3.1399,5.448048496243566,5.448048496243566,2.3081484962435663,73.51025498403027
3945,1.9,2.054689786382221,2.054689786382221,0.15468978638222097,8.14156770432742
6006,20.04,25.104584782878327,25.104584782878327,5.0645847828783275,25.272379156079477
1197,19.8,12.867650757064798,12.867650757064798,6.932349242935203,35.01186486330911
429,7.5,7.058051868966132,7.058051868966132,0.4419481310338682,5.892641747118243
4271,5.7,5.817436719177529,5.817436719177529,0.11743671917752874,2.0602933189040127
3905,5.1,6.503304164512205,6.503304164512205,1.403304164512205,27.51576793161187
2316,2.7,6.160933719665826,6.160933719665826,3.4609337196658254,128.18273035799353
4584,13.5,9.24698337261843,9.24698337261843,4.2530166273815695,31.503826869493107
7086,51.49,56.49579607285226,56.49579607285226,5.005796072852256,9.721880118182668
1992,16.5,15.225825475392886,15.225825475392886,1.2741745246071137,7.7222698461037185
7240,13.1,13.783474106280355,13.783474106280355,0.6834741062803555,5.217359589926378
554,7.2,9.704771597161313,9.704771597161313,2.504771597161313,34.78849440501824
1905,11.999,10.964086714244868,10.964086714244868,1.0349132857551329,8.624996130970354
2034,14.5,12.126547924643761,12.126547924643761,2.373452075356239,16.36863500245682
1215,6.2,5.965993022860435,5.965993022860435,0.23400697713956475,3.774306082896205
1615,7.0,8.402517094605145,8.402517094605145,1.4025170946051446,20.03595849435921
1002,3.2,2.3125774960977648,2.3125774960977648,0.8874225039022354,27.731953246944858
2388,9.95,8.036013833195502,8.036013833195502,1.9139861668044968,19.23604187743213
6001,38.9,32.94130621227546,32.94130621227546,5.958693787724542,15.317978888752037
1533,4.95,4.727692605125438,4.727692605125438,0.2223073948745622,4.491058482314387
5326,26.5,29.362188302320597,29.362188302320597,2.8621883023205967,10.800710574794705
2764,22.5,20.321582186314973,20.321582186314973,2.1784178136850265,9.681856949711229
6702,12.99,12.820449066634476,12.820449066634476,0.16955093336552451,1.3052419812588492
496,10.89,13.697727139959351,13.697727139959351,2.8077271399593506,25.782618365099637
2691,29.5,30.71967166677351,30.71967166677351,1.219671666773511,4.134480226350885
7213,26.25,32.05413074095824,32.05413074095824,5.804130740958243,22.110974251269496
5400,13.99,13.20886091187334,13.20886091187334,0.7811390881266593,5.58355316745289
5931,44.99,35.812966606767326,35.812966606767326,9.177033393232676,20.397940416165095
828,4.8,3.7547814723609507,3.7547814723609507,1.045218527639049,21.77538599248019
3552,1.55,3.284568468671586,3.284568468671586,1.734568468671586,111.90764314010234
61,6.9,9.365797332217925,9.365797332217925,2.4657973322179245,35.73619322054963
1429,10.0,15.122287950296283,15.122287950296283,5.122287950296283,51.222879502962826
2970,3.2,3.5011193008260446,3.5011193008260446,0.30111930082604443,9.409978150813888
3955,29.9,32.92098092539689,32.92098092539689,3.0209809253968913,10.103615135106661
4121,14.5,12.95455237320057,12.95455237320057,1.5454476267994295,10.65825949516848
3550,16.4,15.898436259486498,15.898436259486498,0.5015637405135003,3.0583154909359775
5189,4.6,3.237725988274669,3.237725988274669,1.3622740117253307,29.61465242881154
465,5.95,6.898565535429112,6.898565535429112,0.948565535429112,15.94227790637163
5636,7.5,15.00765509524309,15.00765509524309,7.50765509524309,100.10206793657453
6951,12.9,17.927036048258056,17.927036048258056,5.027036048258056,38.96927169192291
4230,8.2,7.442774901321183,7.442774901321183,0.7572250986788163,9.234452422912394
6145,42.45,57.05788200770664,57.05788200770664,14.607882007706635,34.41197174960338
1902,8.9,8.361780696938162,8.361780696938162,0.5382193030618385,6.047407899571219
185,4.7,4.727692605125438,4.727692605125438,0.027692605125437808,0.5892043643710172
2662,4.8,5.052891876891053,5.052891876891053,0.2528918768910531,5.268580768563607
932,2.0,3.9738874176013455,3.9738874176013455,1.9738874176013455,98.69437088006727
6485,20.95,26.22063781588473,26.22063781588473,5.270637815884729,25.15817573214668
5510,12.99,27.324482212129368,27.324482212129368,14.334482212129368,110.35013250292045
1487,18.99,9.365797332217925,9.365797332217925,9.624202667782074,50.68037213155384
1084,17.0,11.52065910301289,11.52065910301289,5.479340896987109,32.23141704110064
7123,11.999,15.511891869821103,15.511891869821103,3.512891869821102,29.276538626728076
5735,99.69,75.59758950948648,75.59758950948648,24.092410490513515,24.167329211067827
2939,12.5,11.275125720326617,11.275125720326617,1.224874279673383,9.798994237387063
1940,7.5,8.120115560729472,8.120115560729472,0.6201155607294719,8.26820747639296
5481,17.86,18.775134352783365,18.775134352783365,0.9151343527833653,5.123932546379425
3268,2.2,2.7737145040739404,2.7737145040739404,0.5737145040739402,26.077932003360914
1703,22.5,24.211170129974427,24.211170129974427,1.7111701299744269,7.605200577664119
6381,19.8,20.305550312100454,20.305550312100454,0.5055503121004534,2.5532844045477443
3244,1.5,2.7081604772752756,2.7081604772752756,1.2081604772752756,80.54403181835171
4438,1.5,2.505827078555988,2.505827078555988,1.005827078555988,67.0551385703992
5549,17.5,15.675523396397084,15.675523396397084,1.8244766036029159,10.425580592016662
4063,8.0,8.641028939211518,8.641028939211518,0.6410289392115178,8.012861740143972
5269,5.299999,5.82783582097363,5.82783582097363,0.5278368209736302,9.95918718048117
7091,24.299,33.01498888135167,33.01498888135167,8.71598888135167,35.86974312256336
2718,22.0,17.92074759246491,17.92074759246491,4.07925240753509,18.542056397886775
1740,7.8,8.783650200445383,8.783650200445383,0.9836502004453829,12.610900005710038
5023,17.5,14.867421713861088,14.867421713861088,2.632578286138912,15.043304492222356
3994,7.0,8.071322964282164,8.071322964282164,1.0713229642821638,15.304613775459483
101,12.6,12.163090154057851,12.163090154057851,0.4369098459421483,3.46753845985832
4505,15.0,16.251116290674762,16.251116290674762,1.2511162906747622,8.34077527116508
736,8.2,10.744677280434738,10.744677280434738,2.5446772804347386,31.032649761399256
7111,48.49,55.009293413052646,55.009293413052646,6.519293413052644,13.444614174165073
538,25.5,19.56608620277554,19.56608620277554,5.933913797224459,23.27025018519396
4520,9.0,6.508844806426489,6.508844806426489,2.491155193573511,27.679502150816788
5153,8.5,8.672274167071166,8.672274167071166,0.1722741670711656,2.0267549067195954
733,10.8,14.889177622080151,14.889177622080151,4.08917762208015,37.862755760001384
5218,4.4,7.642969456614287,7.642969456614287,3.2429694566142864,73.70385128668832
79,3.7,3.241691378710291,3.241691378710291,0.4583086212897092,12.386719494316463
5808,17.79,17.21464815858824,17.21464815858824,0.5753518414117593,3.234130643123999
3113,5.5,5.817436719177529,5.817436719177529,0.3174367191775289,5.771576712318708
5278,5.3,3.9137924180811963,3.9137924180811963,1.3862075819188036,26.154860036203843
3082,5.9,6.0138794843661145,6.0138794843661145,0.11387948436611417,1.9301607519680366
4939,11.5,9.652583166618571,9.652583166618571,1.8474168333814287,16.06449420331677
132,8.9,6.827968778847032,6.827968778847032,2.072031221152969,23.281249675876055
737,12.2,8.155101509138968,8.155101509138968,4.044898490861032,33.15490566279534
1041,9.0,9.297088140360524,9.297088140360524,0.29708814036052367,3.300979337339152
2095,13.5,16.29048905781112,16.29048905781112,2.7904890578111186,20.670289317119398
7199,21.99,22.571565029867703,22.571565029867703,0.5815650298677042,2.644679535551179
6848,42.499,35.92326175005054,35.92326175005054,6.57573824994946,15.472689357277721
1634,9.3,15.225825475392886,15.225825475392886,5.925825475392886,63.71855349884823
6425,20.34,19.27622756575989,19.27622756575989,1.0637724342401107,5.229952970698676
5527,23.9,30.421592061012205,30.421592061012205,6.521592061012207,27.286996071180784
6243,47.499,32.69860615365758,32.69860615365758,14.800393846342423,31.159379873981397
6607,41.0,46.759035715500296,46.759035715500296,5.759035715500296,14.046428574390967
3308,17.2,16.040632398805528,16.040632398805528,1.1593676011944716,6.740509309270185
4726,5.0,8.289285722576516,8.289285722576516,3.2892857225765155,65.78571445153031
5241,1.8,4.212456496009195,4.212456496009195,2.412456496009195,134.02536088939974
5112,14.499,8.063184318265701,8.063184318265701,6.435815681734299,44.38799697726946
2647,7.5,8.259342586033556,8.259342586033556,0.7593425860335561,10.124567813780748
3139,6.2,6.281051300184851,6.281051300184851,0.08105130018485074,1.307279035239528
5239,6.6,7.047324854562081,7.047324854562081,0.4473248545620816,6.777649311546691
319,9.0,8.193820896891808,8.193820896891808,0.8061791031081924,8.957545590091026
5857,4.845,11.45303717070574,11.45303717070574,6.60803717070574,136.38879609299772
6898,38.8,41.96554446597917,41.96554446597917,3.165544465979174,8.158619757678284
842,7.5,5.81983064619553,5.81983064619553,1.6801693538044704,22.402258050726275
1894,5.5,4.200405561290556,4.200405561290556,1.2995944387094438,23.62898979471716
177,7.5,11.601757208952574,11.601757208952574,4.101757208952574,54.690096119367645
5163,3.8,1.9843890522333503,1.9843890522333503,1.8156109477666496,47.779235467543415
4671,7.3,6.527516914328199,6.527516914328199,0.7724830856718006,10.581960077695898
3832,22.9,14.669616626630651,14.669616626630651,8.230383373369348,35.940538748337765
3961,3.95,4.3633661177468355,4.3633661177468355,0.4133661177468353,10.464965006248994
1509,4.0,2.091717581313728,2.091717581313728,1.9082824186862721,47.7070604671568
6654,19.49,16.762602753142062,16.762602753142062,2.7273972468579366,13.993828870487105
2177,11.4,8.265017916150805,8.265017916150805,3.134982083849195,27.499842840782414
3671,1.4,2.393810156438204,2.393810156438204,0.993810156438204,70.98643974558601
1755,6.9,4.856971048061516,4.856971048061516,2.043028951938484,29.609115245485274
2245,4.0,5.732747657545836,5.732747657545836,1.7327476575458363,43.31869143864591
3193,4.799,5.724988131357661,5.724988131357661,0.925988131357661,19.295439286469286
1038,13.5,11.752492172516261,11.752492172516261,1.747507827483739,12.944502425805474
6559,8.1,6.7539080018972815,6.7539080018972815,1.3460919981027182,16.618419729663188
3450,7.29,6.48293407120464,6.48293407120464,0.8070659287953603,11.070863220786837
5444,41.29,39.274703682199736,39.274703682199736,2.0152963178002636,4.8808339011873665
3433,17.49,14.943379655954443,14.943379655954443,2.5466203440455555,14.560436501118101
3002,15.9,15.926792716470658,15.926792716470658,0.026792716470657396,0.16850765075885155
2516,1.5,1.8388984063579226,1.8388984063579226,0.33889840635792257,22.59322709052817
3698,5.35,4.218016245183692,4.218016245183692,1.131983754816308,21.15857485637959
2045,4.99,6.018920835996498,6.018920835996498,1.028920835996498,20.619656031993948
4239,9.49,6.015877375812511,6.015877375812511,3.4741226241874896,36.608246830215904
4710,4.99,5.884414253857049,5.884414253857049,0.8944142538570485,17.924133343828625
1728,31.5,29.801488979618785,29.801488979618785,1.6985110203812148,5.392098477400682
3319,9.19,10.860313531099386,10.860313531099386,1.6703135310993869,18.17533766158201
5372,2.899,5.625328881569755,5.625328881569755,2.7263288815697546,94.0437696298639
2771,27.5,19.992854519465276,19.992854519465276,7.507145480534724,27.29871083830809
4552,1.5,2.5321702068056635,2.5321702068056635,1.0321702068056635,68.81134712037756
3379,5.0,10.295587773721714,10.295587773721714,5.295587773721714,105.91175547443427
3857,6.7,7.418448540896783,7.418448540896783,0.7184485408967829,10.723112550698252
5435,23.49,31.23787092111274,31.23787092111274,7.747870921112742,32.98369911073964
4104,3.2,3.5389591400276967,3.5389591400276967,0.33895914002769656,10.592473125865517
6784,28.799,17.256488365369428,17.256488365369428,11.542511634630571,40.07955704930925
2412,21.49,14.000646189643536,14.000646189643536,7.489353810356462,34.85041326364106
6248,27.89,34.86936829498565,34.86936829498565,6.9793682949856475,25.024626371407845
3045,11.5,10.917890008891632,10.917890008891632,0.5821099911083678,5.061826009637981
1918,14.9,12.865724346038833,12.865724346038833,2.034275653961167,13.652856737994409
3824,4.0,6.578890076443065,6.578890076443065,2.5788900764430647,64.47225191107661
1550,13.5,12.957062096360936,12.957062096360936,0.5429379036390642,4.021762249178254
1934,7.9,8.248055022507229,8.248055022507229,0.34805502250722853,4.405759778572513
7148,19.199,16.39330913928821,16.39330913928821,2.805690860711792,14.613734364872085
3370,8.99,8.56327529257646,8.56327529257646,0.4267247074235403,4.746659704377533
2481,10.7,11.282931716647589,11.282931716647589,0.5829317166475896,5.447959968669061
6017,21.999,14.126337249817349,14.126337249817349,7.87266275018265,35.78645733980022
5643,21.1,19.535793584863786,19.535793584863786,1.5642064151362156,7.4133005456692675
3889,2.9,6.352909098786239,6.352909098786239,3.452909098786239,119.06583099262895
3664,26.0,23.74734461273014,23.74734461273014,2.2526553872698614,8.664059181807158
1600,14.8,15.225825475392886,15.225825475392886,0.4258254753928856,2.8771991580600376
2275,23.49,16.929249775596713,16.929249775596713,6.560750224403286,27.929971155399258
4024,8.2,7.560733954538225,7.560733954538225,0.639266045461774,7.795927383680172
2312,8.0,7.875813880996249,7.875813880996249,0.12418611900375076,1.5523264875468845
3935,6.9,5.853770541251171,5.853770541251171,1.0462294587488294,15.162745778968542
4352,1.0,4.5501055982029825,4.5501055982029825,3.5501055982029825,355.0105598202982
1672,1.3,5.517069526656804,5.517069526656804,4.217069526656804,324.3899635889849
3792,15.9,15.687372768913791,15.687372768913791,0.21262723108620918,1.3372781829321332
1034,4.6,5.732747657545836,5.732747657545836,1.1327476575458366,24.624949077083407
3439,10.5,8.761409651898074,8.761409651898074,1.7385903481019263,16.55800331525644
3221,8.9,11.156814294507775,11.156814294507775,2.256814294507775,25.357463983233426
2955,5.5,5.347697811766373,5.347697811766373,0.15230218823362662,2.7691306951568477
4490,2.0,1.7803254812414817,1.7803254812414817,0.2196745187585183,10.983725937925914
7244,46.49,35.10995842617256,35.10995842617256,11.380041573827441,24.478471873150013
6285,16.09,16.282408662344835,16.282408662344835,0.19240866234483534,1.1958276093526126
2268,16.49,20.010073403833662,20.010073403833662,3.5200734038336634,21.346715608451568
1699,2.6,2.771357363817803,2.771357363817803,0.17135736381780298,6.590667839146268
3519,10.5,10.108364348509928,10.108364348509928,0.3916356514900716,3.729863347524492
87,8.5,9.843489218815739,9.843489218815739,1.3434892188157388,15.80575551547928
7113,22.59,21.751763311223755,21.751763311223755,0.8382366887762451,3.710653779443316
676,5.3,5.799852956523812,5.799852956523812,0.4998529565238119,9.431187858939847
4407,24.99,15.133849774516372,15.133849774516372,9.856150225483626,39.44037705275561
3317,4.9,5.724988131357661,5.724988131357661,0.824988131357661,16.83649247668696
6902,67.0,68.08628456739072,68.08628456739072,1.0862845673907202,1.6213202498368957
2569,4.1,4.499308017897355,4.499308017897355,0.39930801789735515,9.739219948715979
393,2.999,3.5997890911583696,3.5997890911583696,0.6007890911583695,20.032980698845265
1149,5.6,5.005033772773345,5.005033772773345,0.5949662272266547,10.624396914761691
1168,5.9,6.242353395756804,6.242353395756804,0.34235339575680346,5.802599928081414
2208,3.4,2.5954268710060977,2.5954268710060977,0.8045731289939022,23.663915558644185
230,18.5,31.874003466220884,31.874003466220884,13.374003466220884,72.291910628221
2802,4.999999,5.724988131357661,5.724988131357661,0.7249891313576615,14.499785527110337
1543,4.4,4.959484292060401,4.959484292060401,0.5594842920604011,12.715552092281843
2345,28.5,26.607299062081786,26.607299062081786,1.8927009379182138,6.641055922520049
3599,6.0,6.443946816448269,6.443946816448269,0.4439468164482694,7.399113607471157
2892,2.2,2.9982031169839582,2.9982031169839582,0.7982031169839581,36.28195986290718
4691,25.9,26.569061889906024,26.569061889906024,0.6690618899060254,2.5832505401777044
2942,16.0,21.439109204319173,21.439109204319173,5.439109204319173,33.994432526994835
5121,24.49,17.25945639800676,17.25945639800676,7.23054360199324,29.524473670858477
7189,54.99,54.902257943940825,54.902257943940825,0.08774205605917729,0.1595600219297641
970,3.2,2.4239681672894107,2.4239681672894107,0.7760318327105895,24.25099477220592
3718,5.6,5.51770435919525,5.51770435919525,0.08229564080474994,1.4695650143705348
5329,7.0,6.681685950870949,6.681685950870949,0.31831404912905104,4.5473435589864435
169,10.5,12.984702497843388,12.984702497843388,2.4847024978433883,23.663833312794175
1056,9.0,5.722135227831503,5.722135227831503,3.2778647721684973,36.42071969076108
5968,24.1145,21.009776250438687,21.009776250438687,3.1047237495613125,12.874924835934035
251,3.7,5.127638832174243,5.127638832174243,1.4276388321742433,38.58483330200657
5889,51.0,29.446847105807663,29.446847105807663,21.553152894192337,42.26108410625948
2705,10.5,6.298470000019123,6.298470000019123,4.201529999980877,40.0145714283893
1729,4.3,5.087608067282816,5.087608067282816,0.7876080672828163,18.316466680995728
2533,8.6,5.812002299883913,5.812002299883913,2.7879977001160867,32.41857790832659
95,7.5,2.0596912015283926,2.0596912015283926,5.440308798471607,72.5374506462881
5646,17.5,22.571994391201557,22.571994391201557,5.071994391201557,28.98282509258032
5174,23.49,11.746584489055463,11.746584489055463,11.743415510944535,49.993254623007815
3692,2.8,4.18882270425947,4.18882270425947,1.3888227042594705,49.60081086640967
1172,6.69,6.503304164512205,6.503304164512205,0.18669583548779567,2.790670186663612
1383,11.9,14.586265153994752,14.586265153994752,2.6862651539947517,22.573656756258416
5263,7.2,9.351083800048725,9.351083800048725,2.151083800048725,29.87616388956562
711,13.7,15.225825475392886,15.225825475392886,1.525825475392887,11.137412229145163
2354,7.9,8.32497264910773,8.32497264910773,0.4249726491077297,5.379400621616831
2215,7.0,8.155101509138968,8.155101509138968,1.1551015091389676,16.50145013055668
3779,7.49,8.863952095387726,8.863952095387726,1.3739520953877253,18.34381969810047
5242,5.5,12.873911186873741,12.873911186873741,7.373911186873741,134.07111248861347
69,5.5,6.1808615776099485,6.1808615776099485,0.6808615776099485,12.379301411089973
263,6.5,9.635509387762218,9.635509387762218,3.1355093877622178,48.23860596557258
408,16.0,9.869470558503359,9.869470558503359,6.130529441496641,38.315809009354005
7137,54.99,45.2710700630214,45.2710700630214,9.718929936978604,17.673995157262418
6024,24.39,20.06347615677525,20.06347615677525,4.326523843224752,17.738925146472948
3217,1.79,5.107453057774757,5.107453057774757,3.317453057774757,185.3325730600423
5196,11.6,13.778643770949985,13.778643770949985,2.1786437709499857,18.78141181853436
37,13.8,14.000646189643536,14.000646189643536,0.20064618964353542,1.453957895967648
3504,6.99,6.371841042556743,6.371841042556743,0.6181589574432573,8.843475786026572
1862,31.0,24.222389256178733,24.222389256178733,6.777610743821267,21.86326046393957
4602,13.3,12.957062096360936,12.957062096360936,0.34293790363906496,2.57848047848921
6222,20.66,23.201294504480202,23.201294504480202,2.541294504480202,12.300554232721211
6474,9.29,11.278932710966675,11.278932710966675,1.988932710966676,21.4093940900611
2333,28.5,32.76770661261241,32.76770661261241,4.2677066126124075,14.97440916706108
1575,6.8,9.24698337261843,9.24698337261843,2.4469833726184307,35.98504959732986
6763,35.89,49.839559288362025,49.839559288362025,13.949559288362025,38.8675377218223
5733,20.0,29.60703845417791,29.60703845417791,9.60703845417791,48.03519227088955
3295,11.0,11.094776989411951,11.094776989411951,0.09477698941195101,0.8616089946541
3985,19.5,15.387438744355688,15.387438744355688,4.112561255644312,21.090057721252883
5958,89.09,109.56917942023328,109.56917942023328,20.47917942023328,22.98706860504353
3641,13.8,10.497376671276673,10.497376671276673,3.302623328723328,23.93205310669078
1163,5.39,5.724988131357661,5.724988131357661,0.3349881313576617,6.214993160624522
3781,8.5,10.474537263720315,10.474537263720315,1.9745372637203147,23.229850161415467
1554,23.99,21.8686015622579,21.8686015622579,2.121398437742098,8.842844675873689
19,10.0,5.5383948456445635,5.5383948456445635,4.4616051543554365,44.61605154355436
3257,7.1,13.205213851188091,13.205213851188091,6.105213851188092,85.98892748152242
3279,6.699999,8.193820896891808,8.193820896891808,1.4938218968918076,22.295852535079597
982,1.7,2.60086232140445,2.60086232140445,0.90086232140445,52.991901259085296
6602,12.15,16.43254340871288,16.43254340871288,4.282543408712881,35.24727085360396
239,4.8,5.411773981469238,5.411773981469238,0.6117739814692378,12.745291280609122
7053,20.99,23.064043484775073,23.064043484775073,2.074043484775075,9.881102833611601
2509,22.05,19.396253248166285,19.396253248166285,2.6537467518337152,12.035132661377393
3800,7.3,4.714210539790552,4.714210539790552,2.5857894602094476,35.42177342752668
6775,25.99,40.59152821329527,40.59152821329527,14.601528213295271,56.1813321019441
1322,2.5,2.6872287896824933,2.6872287896824933,0.18722878968249335,7.489151587299733
3842,10.9,14.115963914085405,14.115963914085405,3.215963914085405,29.50425609252665
3166,10.9,8.264732219872648,8.264732219872648,2.635267780127352,24.176768625021573
4381,12.0,11.049927384915273,11.049927384915273,0.9500726150847267,7.9172717923727225
5635,15.999,26.580505614958216,26.580505614958216,10.581505614958216,66.13854375247338
5514,28.49,34.566437051274654,34.566437051274654,6.076437051274656,21.32831537828942
1965,4.5,5.234143248456166,5.234143248456166,0.7341432484561663,16.314294410137027
2486,4.686,9.261659199794515,9.261659199794515,4.575659199794515,97.64530942796661
4706,3.0,4.6741509661926885,4.6741509661926885,1.6741509661926885,55.80503220642296
2676,6.2,5.8168436369308205,5.8168436369308205,0.38315636306917966,6.179941339825478
1726,6.799999,9.016751740473381,9.016751740473381,2.2167527404733818,32.59930980097764
332,4.0,3.284759485357121,3.284759485357121,0.7152405146428791,17.881012866071977
4728,4.99,5.724988131357661,5.724988131357661,0.7349881313576612,14.729221069291807
3544,4.75,8.8315104238278,8.8315104238278,4.081510423827799,85.92653523847999
6459,13.19,11.56419281793774,11.56419281793774,1.6258071820622604,12.326058999713878
1562,25.0,27.376529480798396,27.376529480798396,2.3765294807983963,9.506117923193585
3989,4.5,5.432366272765143,5.432366272765143,0.932366272765143,20.719250505892063
1320,29.5,35.79016185676676,35.79016185676676,6.290161856766758,21.322582565311045
6674,35.99,39.3766456557616,39.3766456557616,3.3866456557615976,9.409962922371763
2036,10.799,12.508675568836775,12.508675568836775,1.7096755688367757,15.83179524804867
3774,5.5,4.868358495274281,4.868358495274281,0.6316415047257191,11.484390995013074
3121,8.2,8.815857503722103,8.815857503722103,0.6158575037221041,7.5104573624646855
2650,3.6,5.9253598078775545,5.9253598078775545,2.3253598078775544,64.59332799659873
4595,3.95,4.177684834637656,4.177684834637656,0.22768483463765588,5.764173028801414
2471,3.55,2.9909221949655826,2.9909221949655826,0.5590778050344172,15.748670564349782
4397,10.8,7.152595824159224,7.152595824159224,3.6474041758407765,33.772260887414596
6418,5.8,6.50977749877555,6.50977749877555,0.7097774987755505,12.237543082337078
1888,13.8,22.889199090633333,22.889199090633333,9.089199090633333,65.86376152632849
5537,25.99,16.10820899569729,16.10820899569729,9.881791004302709,38.02151213660142
7214,57.99,56.724928138237345,56.724928138237345,1.2650718617626566,2.181534508988889
2519,29.5,33.535431926400584,33.535431926400584,4.035431926400584,13.679430258985029
1142,13.89,13.892005951918158,13.892005951918158,0.0020059519181572227,0.014441698474854013
308,11.3,7.146353676703657,7.146353676703657,4.153646323296344,36.75793206456941
5255,1.99,2.138162823651334,2.138162823651334,0.14816282365133415,7.445368022680109
381,4.5,7.2977685582446234,7.2977685582446234,2.7977685582446234,62.1726346276583
4118,7.5,7.759434044277735,7.759434044277735,0.259434044277735,3.4591205903697997
3617,7.2,6.015877375812511,6.015877375812511,1.1841226241874896,16.446147558159577
1400,9.8,6.653532859669106,6.653532859669106,3.146467140330895,32.10680755439688
7075,23.5,18.47823738030093,18.47823738030093,5.0217626196990715,21.369202637017327
6806,14.4,15.069489970254415,15.069489970254415,0.6694899702544141,4.649235904544543
2465,4.3,3.1653241308980817,3.1653241308980817,1.134675869101918,26.387810909346932
994,10.5,11.735934318422478,11.735934318422478,1.235934318422478,11.770803032595028
683,4.7,6.29302508249066,6.29302508249066,1.5930250824906595,33.894150691290626
3428,7.9,8.252584764655989,8.252584764655989,0.35258476465598854,4.463098286784665
2906,11.9,10.57853795239857,10.57853795239857,1.3214620476014307,11.104723089087653
2984,12.8,10.354790124598644,10.354790124598644,2.445209875401357,19.1032021515731
457,2.7,4.630892487950899,4.630892487950899,1.9308924879508984,71.51453659077401
4028,4.8,4.034109630200765,4.034109630200765,0.7658903697992345,15.956049370817388
3622,3.8,6.640327058840543,6.640327058840543,2.8403270588405434,74.7454489168564
756,2.95,3.054473888872284,3.054473888872284,0.10447388887228382,3.541487758382502
5845,21.99,23.919154401231655,23.919154401231655,1.9291544012316564,8.772871310739685
4100,1.5,3.1813039190428087,3.1813039190428087,1.6813039190428087,112.08692793618724
1046,11.89,8.250023561930993,8.250023561930993,3.6399764380690076,30.613763146080803
1024,4.49,2.5565373554362503,2.5565373554362503,1.93346264456375,43.061528832154785
2344,13.4,12.800433536966999,12.800433536966999,0.5995664630330015,4.474376589798519
2997,3.2,7.336428426616153,7.336428426616153,4.136428426616153,129.26338833175478
4591,3.55,6.42863773748466,6.42863773748466,2.8786377374846603,81.08838697139889
4974,26.9,18.54597100909042,18.54597100909042,8.35402899090958,31.055869854682456
1515,28.2,29.406980335365926,29.406980335365926,1.2069803353659267,4.280072111226691
5186,24.19,21.054064413174405,21.054064413174405,3.135935586825596,12.963768444917717
1737,4.3,5.751154974012948,5.751154974012948,1.4511549740129484,33.74779009332438
6156,22.85,23.950116961828517,23.950116961828517,1.1001169618285154,4.814516244326106
1869,5.6,6.225212656905347,6.225212656905347,0.6252126569053473,11.164511730452633
6526,22.99,23.676826693295425,23.676826693295425,0.6868266932954263,2.9875019282097712
1042,3.5,1.5255186191268115,1.5255186191268115,1.9744813808731885,56.413753739233954
3442,6.5,5.513979625547108,5.513979625547108,0.9860203744528917,15.16954422235218
50,7.5,11.649862263728847,11.649862263728847,4.149862263728847,55.331496849717965
786,6.5,5.884414253857049,5.884414253857049,0.6155857461429513,9.470549940660788
245,18.5,30.838938031677362,30.838938031677362,12.338938031677362,66.69696233339114
5303,4.25,8.849332781114688,8.849332781114688,4.599332781114688,108.21959484975736
3076,14.0,11.380998150810226,11.380998150810226,2.6190018491897735,18.70715606564124
5462,37.19,23.16297253903226,23.16297253903226,14.027027460967737,37.71720209994014
7234,54.95,37.483899983101466,37.483899983101466,17.466100016898537,31.78544134103464
625,7.5,9.606461171420342,9.606461171420342,2.1064611714203423,28.086148952271227
6414,26.59,17.923891538013848,17.923891538013848,8.666108461986152,32.59160760431046
2272,5.7,4.783698118804543,4.783698118804543,0.9163018811954569,16.075471599920295
4812,12.99,13.380380216069794,13.380380216069794,0.39038021606979356,3.0052364593517593
7182,57.28,36.96443378646624,36.96443378646624,20.315566213533764,35.46711978619721
4894,6.9,6.681685950870949,6.681685950870949,0.2183140491290514,3.1639717265079907
6403,5.3,6.865088814102592,6.865088814102592,1.5650888141025918,29.529977624577203
1025,12.5,9.261659199794515,9.261659199794515,3.238340800205485,25.90672640164388
5457,53.99,40.482814925335866,40.482814925335866,13.507185074664136,25.017938645423477
2926,7.5,9.67953263673109,9.67953263673109,2.179532636731089,29.06043515641452
321,31.8,35.429357008739835,35.429357008739835,3.6293570087398344,11.413072354527781
3326,17.0,23.61150951808821,23.61150951808821,6.611509518088209,38.891232459342405
3105,11.9,14.414874451794748,14.414874451794748,2.514874451794748,21.133398754577716
1893,4.5,2.9733143822523656,2.9733143822523656,1.5266856177476344,33.92634706105854
4920,6.8,5.92956373441561,5.92956373441561,0.8704362655843898,12.800533317417498
2138,11.49,10.715485047183702,10.715485047183702,0.7745149528162987,6.740774175946898
5476,40.49,30.62524321624781,30.62524321624781,9.864756783752192,24.363439821566292
3475,1.55,1.6812804560633603,1.6812804560633603,0.13128045606336025,8.469706842797436
4098,11.0,12.066137092147244,12.066137092147244,1.066137092147244,9.692155383156763
7001,45.499,42.16564926378209,42.16564926378209,3.333350736217909,7.3262065896347375
5321,14.799,19.457485317705654,19.457485317705654,4.658485317705654,31.478379064164162
5339,2.7,2.972488424887312,2.972488424887312,0.2724884248873116,10.092163884715244
4296,24.5,22.831189607758294,22.831189607758294,1.6688103922417064,6.811470988741658
3767,5.9,5.81983064619553,5.81983064619553,0.08016935380447077,1.3588026068554366
2126,16.3,22.26788911955376,22.26788911955376,5.96788911955376,36.6128166843789
4279,5.9,3.864987422319394,3.864987422319394,2.0350125776806065,34.49173860475604
233,3.8,5.722135227831503,5.722135227831503,1.922135227831503,50.582505995565874
65,15.0,13.839892859678566,13.839892859678566,1.1601071403214345,7.734047602142896
5856,20.709,28.507049677935576,28.507049677935576,7.798049677935577,37.65536567644781
1595,14.5,17.571782066188916,17.571782066188916,3.0717820661889164,21.18470390475115
5133,9.8,15.387438744355688,15.387438744355688,5.587438744355687,57.014681064853946
2656,20.9,22.13297542150887,22.13297542150887,1.232975421508872,5.89940393066446
3218,32.99,40.46380791258015,40.46380791258015,7.473807912580149,22.654767846560013
509,5.0,4.838639367677858,4.838639367677858,0.16136063232214237,3.2272126464428474
6253,15.5,19.34084454870918,19.34084454870918,3.8408445487091782,24.779642249736632
6481,18.99,28.351959098322222,28.351959098322222,9.361959098322224,49.29941599959044
576,26.7,14.11243683573336,14.11243683573336,12.587563164266639,47.14443132684135
217,4.999999,3.9920100802553167,3.9920100802553167,1.0079889197446832,20.15978242685015
5697,15.59,26.44719884864815,26.44719884864815,10.85719884864815,69.64207087009717
7082,11.9,10.852387462132194,10.852387462132194,1.0476125378678063,8.803466704771482
3757,4.0,5.203208989412822,5.203208989412822,1.203208989412822,30.08022473532055
3954,9.2,13.757034545711635,13.757034545711635,4.557034545711636,49.53298419251778
6731,24.5,27.05765864053552,27.05765864053552,2.5576586405355215,10.439423022593965
6889,39.9,25.908008682010962,25.908008682010962,13.991991317989037,35.06764741350636
2115,10.5,6.397155097037622,6.397155097037622,4.102844902962378,39.07471336154645
3467,2.0,3.5453440196439,3.5453440196439,1.5453440196439,77.26720098219499
4871,17.5,16.456311882711663,16.456311882711663,1.0436881172883368,5.963932098790496
6130,20.5,28.521096988801567,28.521096988801567,8.021096988801567,39.127302384397886
3478,9.0,9.261659199794515,9.261659199794515,0.261659199794515,2.9073244421612783
4487,4.499999,6.528441473023753,6.528441473023753,2.0284424730237536,45.076509417529955
3933,29.99,22.861067585834267,22.861067585834267,7.128932414165732,23.771031724460595
3347,7.6,6.578890076443065,6.578890076443065,1.021109923556935,13.43565688890704
1261,6.5,5.861121443763988,5.861121443763988,0.638878556236012,9.828900865169416
4382,9.5,10.906415936627456,10.906415936627456,1.4064159366274556,14.804378280289008
3163,9.65,9.932941080615462,9.932941080615462,0.28294108061546197,2.93203192347629
1412,4.0,3.4961812635089253,3.4961812635089253,0.5038187364910747,12.595468412276867
1281,14.0,8.555315954203952,8.555315954203952,5.444684045796048,38.89060032711463
4588,6.0,8.39797579534978,8.39797579534978,2.3979757953497796,39.96626325582966
2917,6.2,5.457085503852362,5.457085503852362,0.7429144961476384,11.982491873349007
1565,13.6,19.04544951627036,19.04544951627036,5.44544951627036,40.04006997257618
6580,22.562,15.450731953276799,15.450731953276799,7.111268046723202,31.51878400285082
4002,7.6,6.217297579224841,6.217297579224841,1.3827024207751588,18.1934529049363
6500,7.899,10.465432532846616,10.465432532846616,2.5664325328466164,32.49060049179157
6365,25.4,34.717254267989496,34.717254267989496,9.317254267989497,36.68210341728149
6900,21.699,19.927092563840727,19.927092563840727,1.7719074361592746,8.16584836240967
3007,5.0,8.831726226577828,8.831726226577828,3.8317262265778282,76.63452453155656
1315,9.2,10.284716793547783,10.284716793547783,1.0847167935477842,11.79039992986722
3885,2.3,3.504258613332454,3.504258613332454,1.204258613332454,52.35907014488931
3745,12.4,11.282931716647589,11.282931716647589,1.1170682833524115,9.008615188325898
6498,18.006229,41.60470876235912,41.60470876235912,23.598479762359116,131.05731223544427
1702,40.99,27.795623462022714,27.795623462022714,13.194376537977288,32.189257228536924
1839,6.2,7.146070441360056,7.146070441360056,0.9460704413600558,15.259200667097675
503,10.5,5.610148790750995,5.610148790750995,4.889851209249005,46.57001151665719
7023,38.9,51.198356412521036,51.198356412521036,12.298356412521038,31.615312114449967
5818,9.79,9.563373420556148,9.563373420556148,0.22662657944385067,2.31487823742442
4694,11.0,4.067231291249078,4.067231291249078,6.932768708750922,63.02517007955384
1721,36.0,42.49745419713012,42.49745419713012,6.497454197130118,18.048483880916994
7187,50.999,79.68541831601168,79.68541831601168,28.686418316011675,56.248981972218424
4618,14.99,13.892005951918158,13.892005951918158,1.0979940480818424,7.324843549578669
1803,18.8,18.54597100909042,18.54597100909042,0.25402899090958186,1.351218036753095
1385,4.2,5.6183819861112765,5.6183819861112765,1.4183819861112763,33.7709996693161
1373,1.2,1.9251342255945532,1.9251342255945532,0.7251342255945532,60.42785213287944
5834,26.9,26.709931590044494,26.709931590044494,0.19006840995550434,0.7065740147044771
5654,44.99,68.48312541594913,68.48312541594913,23.49312541594913,52.218549490884925
5670,16.0,19.959476061089482,19.959476061089482,3.9594760610894824,24.746725381809263
856,6.9,7.589555787092734,7.589555787092734,0.6895557870927336,9.993562131778747
2458,13.899999,8.155101509138968,8.155101509138968,5.744897490861032,41.330200749374384
2726,7.8,12.080202320059339,12.080202320059339,4.280202320059339,54.874388718709476
5886,37.99,32.47838847466335,32.47838847466335,5.511611525336654,14.508058766350763
4252,24.79,22.13297542150887,22.13297542150887,2.6570245784911286,10.718130611097736
3269,8.1,5.997702991040333,5.997702991040333,2.102297008959667,25.954284061230453
2505,6.0,7.778697218523433,7.778697218523433,1.7786972185234333,29.64495364205722
318,1.7,2.004011971774905,2.004011971774905,0.30401197177490524,17.883057163229722
6053,30.49,37.54594508688662,37.54594508688662,7.05594508688662,23.14183367296366
176,4.7,5.861121443763988,5.861121443763988,1.1611214437639878,24.70471156944655
5683,80.49,56.542880195724564,56.542880195724564,23.94711980427543,29.751670771866607
4967,2.0,2.967231997487239,2.967231997487239,0.967231997487239,48.36159987436195
3100,2.6,6.573478674096821,6.573478674096821,3.9734786740968207,152.8261028498777
2840,1.85,3.168677552529675,3.168677552529675,1.318677552529675,71.27986770430675
6504,14.2,18.321396249868272,18.321396249868272,4.121396249868273,29.023917252593474
3043,2.7,3.0537663921132894,3.0537663921132894,0.3537663921132892,13.102458967158858
3169,12.5,9.10690811649052,9.10690811649052,3.3930918835094808,27.14473506807585
468,4.6,5.942615544769205,5.942615544769205,1.3426155447692052,29.187294451504464
472,28.5,23.54889142163327,23.54889142163327,4.951108578366728,17.372310801286766
91,7.9,4.938264584275444,4.938264584275444,2.961735415724556,37.490321718032355
4304,2.7,4.832635027200907,4.832635027200907,2.132635027200907,78.98648248892248
4149,5.8,7.233730309861534,7.233730309861534,1.4337303098615344,24.71948810106094
1047,5.6,6.448264877236417,6.448264877236417,0.8482648772364172,15.14758709350745
6571,129.29,120.2078281659239,120.2078281659239,9.082171834076092,7.024651430177194
6768,9.49,9.30920395002218,9.30920395002218,0.18079604997782006,1.9051217068263442
435,5.5,7.41366603838677,7.41366603838677,1.9136660383867703,34.793927970668555
6016,151.89,132.39782464761427,132.39782464761427,19.492175352385715,12.833086676137809
1335,20.49,17.76083942834874,17.76083942834874,2.72916057165126,13.319475703520059
1352,8.9,8.289305087312467,8.289305087312467,0.6106949126875332,6.861740591994754
4074,2.55,4.837314831311313,4.837314831311313,2.2873148313113134,89.69862083573778
4868,5.9,6.381984058040115,6.381984058040115,0.4819840580401147,8.169221322713808
6046,25.09,24.054063301462907,24.054063301462907,1.0359366985370926,4.128882816010732
5546,18.99,19.585292823911054,19.585292823911054,0.5952928239110555,3.134770004797555
4207,8.8,8.259543898645012,8.259543898645012,0.5404561013549891,6.141546606306695
3758,11.5,15.730157013179506,15.730157013179506,4.230157013179506,36.78397402764787
106,7.7,5.869331448996932,5.869331448996932,1.8306685510030682,23.774916246793094
5694,19.0,25.13233375583729,25.13233375583729,6.132333755837291,32.275440820196266
5676,26.99,28.309203676308414,28.309203676308414,1.3192036763084154,4.8877498195939815
4791,4.1,4.8581763798759905,4.8581763798759905,0.7581763798759908,18.49210682624368
5900,27.9,15.864975024629242,15.864975024629242,12.035024975370757,43.136290234303786
5313,12.9,13.289116517521343,13.289116517521343,0.3891165175213427,3.016407112568548
3333,10.99,9.666198924739552,9.666198924739552,1.323801075260448,12.045505689358036
4086,15.0,16.29048905781112,16.29048905781112,1.2904890578111186,8.603260385407458
1617,12.99,11.961873300373998,11.961873300373998,1.028126699626002,7.9147551934257265
2252,4.0,2.1177994047854414,2.1177994047854414,1.8822005952145586,47.05501488036396
4860,7.8,10.654795089233255,10.654795089233255,2.8547950892332556,36.599937041451994
5584,9.299,10.8171727542439,10.8171727542439,1.518172754243901,16.326193722377685
3494,15.9,15.619576154355979,15.619576154355979,0.28042384564402134,1.763671985182524
1498,6.666,5.789403518953741,5.789403518953741,0.876596481046259,13.150262241918076
996,6.5,8.250023561930993,8.250023561930993,1.750023561930993,26.92343941432297
5912,15.3205,11.808901541301662,11.808901541301662,3.5115984586983373,22.920912885991562
6638,87.999,104.60708483776007,104.60708483776007,16.608084837760074,18.873038145615375
41,18.0,14.485067122573469,14.485067122573469,3.5149328774265314,19.52740487459184
5253,17.2,17.84917310764736,17.84917310764736,0.6491731076473606,3.7742622537637245
5689,13.69,12.78778657936206,12.78778657936206,0.9022134206379402,6.590309865872464
3282,3.7,8.166391864723831,8.166391864723831,4.466391864723831,120.71329364118462
1539,7.3,3.9583953215178576,3.9583953215178576,3.3416046784821423,45.775406554549896
1805,8.9,9.132503440545461,9.132503440545461,0.2325034405454609,2.612398208375965
1144,2.9,9.507077739504195,9.507077739504195,6.607077739504195,227.830266879455
6198,34.79,34.7447826016615,34.7447826016615,0.045217398338500914,0.12997240108795896
2615,6.5,6.487655686559818,6.487655686559818,0.012344313440181942,0.18991251446433757
2114,14.99,15.903999473037281,15.903999473037281,0.9139994730372809,6.097394750081928
5792,10.89,8.416517978670916,8.416517978670916,2.473482021329085,22.7133335291927
4546,11.0,13.22416131956485,13.22416131956485,2.2241613195648497,20.219648359680452
3172,1.0,6.63116539476519,6.63116539476519,5.63116539476519,563.1165394765189
167,9.2,19.5385148990538,19.5385148990538,10.338514899053802,112.37516194623697
2337,11.3,11.427609449103683,11.427609449103683,0.12760944910368188,1.129287160209574
6928,39.18,28.933748484917373,28.933748484917373,10.246251515082626,26.15173944635688
3964,5.4,3.237725988274669,3.237725988274669,2.1622740117253314,40.042111328246875
2445,25.0,25.98432781187948,25.98432781187948,0.9843278118794814,3.937311247517925
7257,17.99,21.38426789302324,21.38426789302324,3.3942678930232404,18.867525808911843
3341,1.9,3.9027466068293415,3.9027466068293415,2.0027466068293416,105.40771614891271
4103,1.3,0.8378386395568418,0.8378386395568418,0.46216136044315825,35.55087388024294
3017,18.5,14.414874451794748,14.414874451794748,4.0851255482052515,22.081759720028387
6151,13.09,15.573356573834984,15.573356573834984,2.4833565738349836,18.971402397517064
4958,8.99,10.750583227402425,10.750583227402425,1.7605832274024245,19.58379563295244
6935,25.4,40.90060404423409,40.90060404423409,15.500604044234095,61.026000174149985
789,3.6,6.343317337122172,6.343317337122172,2.7433173371221717,76.20325936450477
4617,19.2,15.869519278504022,15.869519278504022,3.3304807214959773,17.346253757791548
1097,3.5,3.6079742382552835,3.6079742382552835,0.10797423825528352,3.0849782358652433
3206,15.3,11.700241555190196,11.700241555190196,3.5997584448098046,23.5278329726131
6535,19.99,22.44155878345584,22.44155878345584,2.451558783455841,12.263925880219317
6251,31.49,26.38313282410376,26.38313282410376,5.106867175896237,16.21742513780958
544,4.0,5.942802730253494,5.942802730253494,1.9428027302534936,48.570068256337336
6770,19.299,20.116376986192503,20.116376986192503,0.8173769861925031,4.235333365420504
5924,14.25,16.069647787226483,16.069647787226483,1.819647787226483,12.769458155975318
4838,2.4,3.9424453128881716,3.9424453128881716,1.5424453128881717,64.26855470367381
6194,19.59,17.17206113535255,17.17206113535255,2.41793886464745,12.342720084979327
6068,7.39,7.796391197339135,7.796391197339135,0.4063911973391354,5.499204294169627
4229,16.7,16.293218357536844,16.293218357536844,0.4067816424631552,2.4358182183422468
877,9.5,4.376581856900101,4.376581856900101,5.123418143099899,53.93071729578841
3908,9.7,8.039995164728827,8.039995164728827,1.660004835271172,17.113451910012085
3914,12.8,9.184983935766715,9.184983935766715,3.615016064233286,28.242313001822545
5397,10.9,8.816533135129795,8.816533135129795,2.0834668648702053,19.114374907066104
1078,8.2,5.817436719177529,5.817436719177529,2.3825632808224704,29.05564976612769
5983,42.7,69.80140070071096,69.80140070071096,27.101400700710954,63.46932248410059
4990,10.5,9.633789392840995,9.633789392840995,0.8662106071590046,8.249624830085759
511,13.0,10.63588685245436,10.63588685245436,2.3641131475456394,18.18548575035107
2375,4.4,3.872696640054845,3.872696640054845,0.5273033599451553,11.984167271480802
2877,15.6,18.54597100909042,18.54597100909042,2.945971009090419,18.884429545451408
2069,1.5,3.0468334726633763,3.0468334726633763,1.5468334726633763,103.12223151089175
4851,3.5,2.6041618308982395,2.6041618308982395,0.8958381691017605,25.5953762600503
3262,11.0,8.526823792867894,8.526823792867894,2.4731762071321057,22.483420064837325
4934,10.89,20.089886543548285,20.089886543548285,9.199886543548285,84.48013354957102
1302,8.9,11.749763249171274,11.749763249171274,2.849763249171273,32.019811788441274
6045,47.89,50.35560109412727,50.35560109412727,2.4656010941272726,5.148467517492739
4394,2.5,11.087043316642134,11.087043316642134,8.587043316642134,343.4817326656854
3689,16.3,16.117962137394315,16.117962137394315,0.18203786260568577,1.1167967031023667
3159,8.5,8.186079205493408,8.186079205493408,0.3139207945065916,3.693185817724607
858,7.99,10.043024190548158,10.043024190548158,2.0530241905481574,25.694921033143398
4678,19.9,20.291538285590114,20.291538285590114,0.3915382855901157,1.9675290733171646
7140,24.85,32.06348524073191,32.06348524073191,7.213485240731906,29.02810962065153
7028,12.5,17.76872744432849,17.76872744432849,5.268727444328491,42.149819554627925
7112,25.99,33.07041420765114,33.07041420765114,7.080414207651142,27.242840352640023
4357,9.9,14.414874451794748,14.414874451794748,4.514874451794748,45.60479244237119
2890,7.9,8.786429763392675,8.786429763392675,0.886429763392675,11.220629916362974
4794,8.8,11.193999533861552,11.193999533861552,2.3939995338615514,27.204540157517627
2024,12.0,15.225825475392886,15.225825475392886,3.2258254753928863,26.881878961607384
4194,16.5,14.985981788483812,14.985981788483812,1.5140182115161878,9.175867948582956
4921,4.5,3.996626870514849,3.996626870514849,0.5033731294851509,11.186069544114465
5356,9.5,8.233277720323784,8.233277720323784,1.266722279676216,13.333918733433853
743,5.3,6.192660888564833,6.192660888564833,0.8926608885648335,16.84265827480818
2499,1.15,2.448704502096792,2.448704502096792,1.298704502096792,112.93082626928627
4241,9.3,11.341883459919032,11.341883459919032,2.041883459919031,21.955736128161625
179,25.99,17.891897049197386,17.891897049197386,8.098102950802613,31.15853386226477
3613,8.5,5.869331448996932,5.869331448996932,2.630668551003068,30.949041776506682
3693,20.0,13.935802296814504,13.935802296814504,6.064197703185496,30.32098851592748
3771,7.0,8.429678589903826,8.429678589903826,1.4296785899038262,20.423979855768945
6566,35.55,41.36416654294238,41.36416654294238,5.814166542942381,16.354898854971538
31,11.0,7.875813880996249,7.875813880996249,3.1241861190037508,28.40169199094319
5151,6.8,6.4178514498841395,6.4178514498841395,0.38214855011586035,5.6198316193508875
2484,3.2,4.478483280523592,4.478483280523592,1.2784832805235915,39.952602516362234
168,11.5,9.078141474285761,9.078141474285761,2.4218585257142387,21.059639354036857
3248,2.8,3.296282087536721,3.296282087536721,0.4962820875367213,17.72436026916862
642,5.0,6.660647738499912,6.660647738499912,1.6606477384999119,33.212954769998234
1483,14.9,13.022166394581971,13.022166394581971,1.8778336054180294,12.602910103476706
1790,6.0,6.192660888564833,6.192660888564833,0.19266088856483332,3.211014809413889
5035,8.0,6.034108997313391,6.034108997313391,1.9658910026866092,24.573637533582616
3982,3.0,8.815435712772308,8.815435712772308,5.815435712772308,193.84785709241027
7092,62.49,59.09733567977688,59.09733567977688,3.392664320223119,5.429131573408736
6492,22.89,27.472177007376768,27.472177007376768,4.582177007376767,20.018248175521045
6912,19.899,19.727940276696575,19.727940276696575,0.17105972330342567,0.8596397974944754
6178,24.5,25.275745523069496,25.275745523069496,0.7757455230694958,3.166308257426514
6644,18.15,15.523579635341957,15.523579635341957,2.626420364658042,14.470635617950645
2758,9.5,6.681685950870949,6.681685950870949,2.818314049129051,29.666463675042642
3412,12.6,8.665122643538835,8.665122643538835,3.9348773564611648,31.229185368739405
6122,20.7,22.656290149345573,22.656290149345573,1.9562901493455733,9.450677049978616
800,2.5,4.852955706860276,4.852955706860276,2.3529557068602758,94.11822827441102
1954,10.5,9.480410986632654,9.480410986632654,1.0195890133673462,9.710371555879489
7248,48.99,32.83001330297957,32.83001330297957,16.15998669702043,32.98629658505905
5306,4.0,3.5997890911583696,3.5997890911583696,0.40021090884163035,10.00527272104076
6637,15.69,14.595070797094033,14.595070797094033,1.0949292029059663,6.978516270911193
2119,20.5,22.794432777279244,22.794432777279244,2.294432777279244,11.192355011118265
5309,3.5,4.358706000571689,4.358706000571689,0.8587060005716891,24.534457159191117
5660,25.49,34.31820374812806,34.31820374812806,8.828203748128065,34.63398881180096
5679,19.5,21.38426789302324,21.38426789302324,1.8842678930232388,9.662912271914045
1406,8.7,8.227788950154455,8.227788950154455,0.4722110498455443,5.427713216615452
1501,9.8,7.491334234530376,7.491334234530376,2.308665765469625,23.55781393336352
1074,5.3,4.626274611113647,4.626274611113647,0.6737253888863526,12.71179979030854
500,13.6,13.242875987776248,13.242875987776248,0.35712401222375156,2.6259118545864086
437,17.5,15.387438744355688,15.387438744355688,2.1125612556443123,12.071778603681786
5437,9.5,9.873762273826678,9.873762273826678,0.3737622738266779,3.9343397244913465
4113,8.9,5.81983064619553,5.81983064619553,3.0801693538044708,34.60864442476933
3386,3.6,4.3852724792777815,4.3852724792777815,0.7852724792777814,21.813124424382817
6683,22.99,18.17563295321465,18.17563295321465,4.81436704678535,20.94113547971009
80,16.9,11.400933938530992,11.400933938530992,5.499066061469007,32.53885243472786
1608,19.99,14.265209522406687,14.265209522406687,5.724790477593311,28.63827152372842
960,5.0,8.714100489068196,8.714100489068196,3.714100489068196,74.28200978136393
3114,22.5,26.78885697856525,26.78885697856525,4.288856978565249,19.061586571401108
5198,3.8,5.861121443763988,5.861121443763988,2.061121443763988,54.24003799378917
4628,13.0,19.5385148990538,19.5385148990538,6.538514899053801,50.29626845426001
1632,12.19,13.778643770949985,13.778643770949985,1.5886437709499859,13.032352509844019
3305,4.8,3.7429709690851545,3.7429709690851545,1.0570290309148453,22.02143814405928
5935,21.3,21.739383849797438,21.739383849797438,0.43938384979743716,2.0628349755748223
5419,9.5,10.054784067393639,10.054784067393639,0.5547840673936388,5.839832288354093
2477,3.0,4.236745916141065,4.236745916141065,1.2367459161410652,41.22486387136884
5506,16.45,14.535798659070359,14.535798659070359,1.9142013409296403,11.636482315681706
6399,22.45,15.567795778436732,15.567795778436732,6.882204221563267,30.655698091595845
5517,51.999,36.61459156834233,36.61459156834233,15.384408431657675,29.585969791068432
534,6.9,8.81683316392849,8.81683316392849,1.916833163928489,27.7801907815723
5701,26.69,23.515531786722367,23.515531786722367,3.1744682132776347,11.893848682194209
2794,20.3,13.532603105712367,13.532603105712367,6.767396894287634,33.336930513732185
585,4.5,4.1229860231707525,4.1229860231707525,0.37701397682924753,8.378088373983278
6722,50.9,53.86176362191049,53.86176362191049,2.9617636219104924,5.8187890410815175
4970,25.0,22.0954099187572,22.0954099187572,2.9045900812428016,11.618360324971206
1451,2.75,4.712062877256235,4.712062877256235,1.9620628772562352,71.34774099113582
6275,25.49,22.487080312424307,22.487080312424307,3.002919687575691,11.780775549531938
1410,30.5,19.8822619113399,19.8822619113399,10.6177380886601,34.812256028393776
5684,20.59,44.005924872290066,44.005924872290066,23.415924872290066,113.72474440160305
4536,10.0,9.932941080615462,9.932941080615462,0.06705891938453767,0.6705891938453767
866,15.0,9.67953263673109,9.67953263673109,5.320467363268911,35.469782421792736
4638,2.0,1.3833846781685206,1.3833846781685206,0.6166153218314794,30.83076609157397
6358,54.8,47.53308675877759,47.53308675877759,7.2669132412224045,13.260790586172272
4679,3.95,9.164396702932667,9.164396702932667,5.2143967029326665,132.0100431122194
742,7.1,5.751154974012948,5.751154974012948,1.3488450259870515,18.99781726742326
1544,6.9,5.80862106069261,5.80862106069261,1.0913789393073907,15.817086076918704
5509,53.29,43.826008783262,43.826008783262,9.463991216738002,17.759413054490526
2706,18.9,12.855711547349214,12.855711547349214,6.044288452650784,31.980362183337483
3734,7.89,7.627416635376356,7.627416635376356,0.2625833646236435,3.3280527835696265
2589,8.2,9.261659199794515,9.261659199794515,1.0616591997945157,12.947063412128243
5283,2.5,2.7684080538887623,2.7684080538887623,0.2684080538887623,10.736322155550493
6816,50.709,38.20263608390527,38.20263608390527,12.506363916094735,24.66300640141737
5944,15.9,16.935986940061607,16.935986940061607,1.0359869400616066,6.515641132462935
4253,3.7,2.76562708955239,2.76562708955239,0.9343729104476104,25.253321903989466
748,16.5,12.787168050859822,12.787168050859822,3.7128319491401776,22.502011812970775
4055,5.79,8.56327529257646,8.56327529257646,2.77327529257646,47.89767344691641
401,5.3,5.732747657545836,5.732747657545836,0.43274765754583644,8.165050142374271
3749,20.8,20.321582186314973,20.321582186314973,0.4784178136850272,2.300085642716477
157,7.5,8.154271794903032,8.154271794903032,0.6542717949030319,8.723623932040425
5434,98.19,103.0681819234718,103.0681819234718,4.8781819234718,4.968104617040228
6483,29.5,25.195606361156358,25.195606361156358,4.304393638843642,14.591164877436075
5749,14.3,12.790108848227243,12.790108848227243,1.5098911517727576,10.558679383026275
4528,12.0,14.115963914085405,14.115963914085405,2.1159639140854054,17.633032617378376
1820,8.9,5.812002299883913,5.812002299883913,3.0879977001160874,34.69660337209087
2922,9.0,9.600989152658482,9.600989152658482,0.6009891526584816,6.677657251760907
2864,15.3,9.247155603896164,9.247155603896164,6.052844396103836,39.561074484338796
3362,3.3,3.2035588302882463,3.2035588302882463,0.09644116971175354,2.922459688234956
5281,1.6,2.176661040011093,2.176661040011093,0.5766610400110928,36.041315000693295
3803,1.4,2.6160789318516793,2.6160789318516793,1.2160789318516794,86.86278084654853
4237,5.4,9.313633320391803,9.313633320391803,3.913633320391803,72.47469111836672
7295,47.59,42.24848880254794,42.24848880254794,5.341511197452064,11.224020166951174
2666,4.8,3.7704698252774906,3.7704698252774906,1.0295301747225092,21.44854530671894
1782,13.0,6.30992967129355,6.30992967129355,6.69007032870645,51.462079451588075
5910,45.3565,43.37359828038431,43.37359828038431,1.9829017196156897,4.371813785489819
2415,8.0,11.252675270182769,11.252675270182769,3.2526752701827686,40.658440877284605
535,11.9,10.306689014958234,10.306689014958234,1.5933109850417662,13.389167941527447
5978,119.9,102.87308007545715,102.87308007545715,17.026919924542852,14.200934048826399
2406,1.5,1.982758343766935,1.982758343766935,0.48275834376693494,32.18388958446233
3098,5.8,5.644627058748567,5.644627058748567,0.15537294125143308,2.6788438146798805
5359,8.0,10.326597843972543,10.326597843972543,2.326597843972543,29.082473049656787
5154,8.4,7.45446978418401,7.45446978418401,0.9455302158159906,11.256312093047507
1966,8.9,4.069847495836645,4.069847495836645,4.8301525041633555,54.27137645127365
5416,10.5,10.284716793547783,10.284716793547783,0.21528320645221655,2.0503162519258717
1176,7.86,11.604432232639276,11.604432232639276,3.7444322326392756,47.63908692925287
5902,21.5,25.80137252771772,25.80137252771772,4.301372527717721,20.006383849849865
1760,2.8,2.3379537231620153,2.3379537231620153,0.4620462768379845,16.501652744213732
997,5.2,8.258466061810335,8.258466061810335,3.0584660618103348,58.816655034814126
473,6.2,5.660639033223413,5.660639033223413,0.5393609667765871,8.699370431880435
2266,2.1,1.7901969623243965,1.7901969623243965,0.3098030376756036,14.75252560360017
4205,15.7,15.598476659212986,15.598476659212986,0.10152334078701308,0.6466454827198286
1882,5.2,7.796975282463335,7.796975282463335,2.596975282463335,49.94183235506413
4222,18.9,12.446999726621762,12.446999726621762,6.453000273378237,34.14285858930285
2578,10.8,9.752464631648413,9.752464631648413,1.0475353683515873,9.699401558810994
3783,2.6,4.3331736080733,4.3331736080733,1.7331736080732996,66.6605233874346
469,14.9,12.929401724729322,12.929401724729322,1.970598275270678,13.225491780340121
5097,14.9,12.428222882350523,12.428222882350523,2.471777117649477,16.589108172144144
7040,17.29,20.293978242762922,20.293978242762922,3.0039782427629227,17.37407890551141
4712,10.0,12.882254188589258,12.882254188589258,2.8822541885892576,28.822541885892576
3997,7.0,7.447069836559882,7.447069836559882,0.44706983655988175,6.386711950855453
247,6.5,2.751635099068376,2.751635099068376,3.748364900931624,57.66715232202498
3780,17.9,11.906693018460198,11.906693018460198,5.993306981539801,33.48216190804359
2182,9.9,16.07602170756719,16.07602170756719,6.176021707567189,62.384057652193825
3395,6.5,9.819935743459538,9.819935743459538,3.3199357434595385,51.07593451476213
7097,83.99,70.94712124651998,70.94712124651998,13.04287875348001,15.5290853119181
811,4.0,2.644075238847219,2.644075238847219,1.3559247611527812,33.89811902881953
6502,26.8,23.855513470021908,23.855513470021908,2.944486529978093,10.986890037231689
1419,7.4,8.250023561930993,8.250023561930993,0.8500235619309926,11.486804890959359
6733,13.9,14.63527342815504,14.63527342815504,0.7352734281550397,5.289736893201724
3625,3.9,3.921134958031529,3.921134958031529,0.021134958031529205,0.5419220008084411
228,9.0,6.713585369150058,6.713585369150058,2.286414630849942,25.404607009443797
7107,45.5,46.80816501155953,46.80816501155953,1.308165011559531,2.8750879374934746
17,18.0,26.607299062081786,26.607299062081786,8.607299062081786,47.81832812267659
1407,10.6,10.326597843972543,10.326597843972543,0.27340215602745666,2.5792656229005346
7070,59.99,70.56243763570414,70.56243763570414,10.57243763570414,17.62366667061867
2392,13.5,14.378605896293816,14.378605896293816,0.8786058962938164,6.50819182439864
6272,47.9,38.69146256096817,38.69146256096817,9.20853743903183,19.22450404808315
5439,109.0,122.89995199035627,122.89995199035627,13.899951990356271,12.752249532436947
6745,45.49,37.755042138838874,37.755042138838874,7.734957861161128,17.003644451882014
5879,10.99,20.68110364760627,20.68110364760627,9.69110364760627,88.18110689359663
2440,3.9,6.253686465068481,6.253686465068481,2.353686465068481,60.35093500175592
5831,17.9,17.72980515788269,17.72980515788269,0.17019484211730784,0.9508091738397086
5853,13.5,9.215071342953173,9.215071342953173,4.284928657046827,31.740212274420937
4844,9.0,8.573404751182,8.573404751182,0.4265952488179998,4.7399472090888874
6915,25.49,42.989318695543325,42.989318695543325,17.499318695543327,68.65170143406563
6092,21.69,23.745584139654017,23.745584139654017,2.055584139654016,9.477105300387349
5461,23.2,18.176722932816062,18.176722932816062,5.023277067183937,21.652056324068695
2585,5.7,5.927185514194875,5.927185514194875,0.22718551419487465,3.9857107753486782
543,9.9,5.80862106069261,5.80862106069261,4.091378939307391,41.32705999300394
6112,17.0,24.048189748268143,24.048189748268143,7.048189748268143,41.459939695694956
3794,16.5,11.363967788288608,11.363967788288608,5.136032211711392,31.127467949766007
4119,7.799999,5.1856682919316865,5.1856682919316865,2.614330708068313,33.51706465690974
3153,12.0,6.529035588731037,6.529035588731037,5.470964411268963,45.591370093908026
1535,10.499,10.855597994682316,10.855597994682316,0.3565979946823159,3.3964948536271633
1832,14.5,22.58159365909686,22.58159365909686,8.08159365909686,55.73512868342662
6746,33.79,37.199667471680556,37.199667471680556,3.4096674716805566,10.09075901651541
3590,8.99,8.155101509138968,8.155101509138968,0.8348984908610326,9.286968752625501
3289,2.0,4.262812519061165,4.262812519061165,2.262812519061165,113.14062595305825
96,3.8,2.0689057123060994,2.0689057123060994,1.7310942876939004,45.55511283405001
6679,62.99,59.44348900580007,59.44348900580007,3.5465109941999344,5.630276225114994
2094,5.7,5.80862106069261,5.80862106069261,0.10862106069260946,1.9056326437299906
4773,8.0,8.76990515166607,8.76990515166607,0.7699051516660695,9.62381439582587
2927,9.5,9.401501663013876,9.401501663013876,0.09849833698612365,1.0368245998539332
7038,44.5,32.51544735728125,32.51544735728125,11.984552642718747,26.931578972401677
156,12.99,9.991547736539584,9.991547736539584,2.9984522634604165,23.08277339076533
1022,6.4,6.278420443704259,6.278420443704259,0.12157955629574158,1.8996805671209622
5447,24.49,28.221206653178285,28.221206653178285,3.731206653178287,15.235633536865198
4966,5.8,5.724988131357661,5.724988131357661,0.07501186864233844,1.293308080040318
6458,49.5,56.657493727672616,56.657493727672616,7.157493727672616,14.459583288227506
2716,12.5,13.618732309441759,13.618732309441759,1.118732309441759,8.949858475534072
1287,15.0,13.477163889688976,13.477163889688976,1.5228361103110242,10.152240735406828
696,18.0,18.3724040492483,18.3724040492483,0.3724040492482992,2.068911384712773
425,25.0,23.444091366342565,23.444091366342565,1.5559086336574346,6.223634534629738
6872,47.39,41.60015206177612,41.60015206177612,5.789847938223879,12.217446588360158
712,10.9,13.328072170724566,13.328072170724566,2.4280721707245654,22.275891474537296
4173,2.45,1.9642705550171902,1.9642705550171902,0.48572944498281,19.82569163195143
1811,16.0,13.904947652664399,13.904947652664399,2.095052347335601,13.094077170847507
5096,18.7,25.082077641028054,25.082077641028054,6.382077641028054,34.1287574386527
6480,17.9,25.104584782878327,25.104584782878327,7.204584782878328,40.24907699932027
447,31.49,28.93751403753031,28.93751403753031,2.5524859624696887,8.105703278722416
6748,15.899,12.75129310138316,12.75129310138316,3.147706898616839,19.79814389972224
4080,5.99,7.312709418388772,7.312709418388772,1.3227094183887722,22.081960240213224
1009,5.3,2.258456922948314,2.258456922948314,3.041543077051686,57.3876052273903
592,1.5,2.036919715764197,2.036919715764197,0.536919715764197,35.79464771761313
6096,29.85,32.76395583442053,32.76395583442053,2.913955834420527,9.761996095211146
1242,8.5,5.841177674061352,5.841177674061352,2.6588223259386483,31.280262658101744
3058,8.4,8.786429763392675,8.786429763392675,0.386429763392675,4.6003543261032736
131,15.8,19.5385148990538,19.5385148990538,3.7385148990538006,23.661486702872157
2404,4.5,5.928892277709369,5.928892277709369,1.4288922777093687,31.753161726874858
2306,8.95,9.257528708838935,9.257528708838935,0.30752870883893557,3.4360749590942525
6277,62.5,75.92332035257819,75.92332035257819,13.423320352578187,21.4773125641251
7103,20.89,18.844977850567236,18.844977850567236,2.0450221494327643,9.789478934575225
624,8.5,4.65383028653332,4.65383028653332,3.84616971346668,45.24905545254918
2986,6.0,5.596597116744113,5.596597116744113,0.4034028832558869,6.723381387598115
2127,8.3,7.306046377177079,7.306046377177079,0.9939536228229215,11.97534485328821
6539,43.9,40.79652096253332,40.79652096253332,3.103479037466677,7.069428331359173
4739,3.9,4.832635027200907,4.832635027200907,0.9326350272009072,23.913718646177106
3686,17.9,17.84917310764736,17.84917310764736,0.05082689235263871,0.28394911928848443
3844,6.0,6.29302508249066,6.29302508249066,0.2930250824906597,4.883751374844328
2815,9.9,8.621382829707754,8.621382829707754,1.2786171702922466,12.915324952446936
2579,3.999999,5.190198455634254,5.190198455634254,1.1901994556342546,29.75499382960482
1945,5.6,8.740998179840092,8.740998179840092,3.1409981798400928,56.08925321143023
2436,6.99,4.832635027200907,4.832635027200907,2.157364972799093,30.863590454922647
93,6.5,6.201532548034658,6.201532548034658,0.2984674519653421,4.591806953312956
6701,35.19,25.35193504628771,25.35193504628771,9.838064953712287,27.95699049079934
1375,4.868,6.192660888564833,6.192660888564833,1.324660888564833,27.21160412006641
3903,5.6,9.316064900134048,9.316064900134048,3.7160649001340484,66.35830178810801
3477,13.5,11.453707162369282,11.453707162369282,2.046292837630718,15.157724723190501
6022,42.99,41.06751036073323,41.06751036073323,1.9224896392667716,4.471946125300701
2223,8.8,5.732747657545836,5.732747657545836,3.0672523424541644,34.855140255160954
1087,13.9,15.790316643123104,15.790316643123104,1.8903166431231035,13.599400310238154
2531,2.5,4.586679747275287,4.586679747275287,2.086679747275287,83.46718989101149
6729,78.99,64.43877068274637,64.43877068274637,14.551229317253629,18.421609466076248
6880,17.375,18.008032140197876,18.008032140197876,0.6330321401978765,3.643350447182023
764,1.8,3.9214975662443283,3.9214975662443283,2.1214975662443285,117.8609759024627
4669,6.5,6.45970367495428,6.45970367495428,0.04029632504571978,0.6199434622418428
476,12.99,13.778643770949985,13.778643770949985,0.7886437709499852,6.071160669360933
5594,56.5,56.3530681419898,56.3530681419898,0.14693185801019837,0.2600563858587582
2622,1.5,3.1020333280600014,3.1020333280600014,1.6020333280600014,106.80222187066677
5111,5.7,6.371841042556743,6.371841042556743,0.6718410425567427,11.786684957135837
6466,21.6,21.675929338957076,21.675929338957076,0.07592933895707432,0.35152471739386254
4461,10.0,8.777542245370304,8.777542245370304,1.222457754629696,12.22457754629696
6338,13.5,14.896109164824546,14.896109164824546,1.396109164824546,10.34154936907071
7034,23.29,18.792707486646364,18.792707486646364,4.497292513353635,19.30997214836254
2181,20.0,16.874741936489386,16.874741936489386,3.125258063510614,15.626290317553071
6334,34.0,30.444983951847675,30.444983951847675,3.555016048152325,10.455929553389192
2620,10.0,6.846442266255062,6.846442266255062,3.153557733744938,31.53557733744938
5170,8.9,14.414874451794748,14.414874451794748,5.514874451794748,61.964881480839864
752,6.8,6.217297579224841,6.217297579224841,0.582702420775159,8.569153246693514
2283,11.5,10.29651392018942,10.29651392018942,1.2034860798105793,10.465096346178951
2799,8.0,5.925635643698583,5.925635643698583,2.074364356301417,25.92955445376771
3049,14.9,19.716515451373827,19.716515451373827,4.816515451373826,32.32560705620017
351,3.5,6.375700460337868,6.375700460337868,2.8757004603378684,82.16287029536767
487,1.8,2.745617681376425,2.745617681376425,0.9456176813764248,52.5343156320236
927,5.0,5.732747657545836,5.732747657545836,0.7327476575458363,14.654953150916725
3318,6.5,7.001908458725797,7.001908458725797,0.5019084587257971,7.721668595781495
1061,18.0,13.795229883219848,13.795229883219848,4.204770116780152,23.359833982111954
6018,39.39,42.18787069530763,42.18787069530763,2.7978706953076298,7.102997449371998
2191,3.5,5.439385322000877,5.439385322000877,1.9393853220008772,55.41100920002506
4608,2.1,4.026464094756996,4.026464094756996,1.9264640947569958,91.73638546461885
6128,27.9,22.9750255603234,22.9750255603234,4.9249744396766,17.652238135041575
561,12.99,12.461840701428915,12.461840701428915,0.5281592985710848,4.065891443965241
3535,9.9,10.536871019948391,10.536871019948391,0.6368710199483907,6.433040605539301
5501,21.99,20.187126855235974,20.187126855235974,1.8028731447640247,8.198604569186106
2966,9.5,9.874062471110275,9.874062471110275,0.3740624711102747,3.9374996958976283
6026,37.49,47.912404884161795,47.912404884161795,10.422404884161793,27.800493155939698
334,13.5,15.804095327383177,15.804095327383177,2.304095327383177,17.067372795430938
2225,6.8,5.766110708860681,5.766110708860681,1.0338892911393192,15.204254281460578
4847,13.0,10.496893797854938,10.496893797854938,2.5031062021450623,19.254663093423556
5507,25.5,19.3205813468833,19.3205813468833,6.179418653116699,24.23301432594784
3213,12.5,6.555791238388294,6.555791238388294,5.944208761611706,47.55367009289365
1103,7.9,8.736855968673842,8.736855968673842,0.8368559686738415,10.59311352751698
2110,26.99,19.8822619113399,19.8822619113399,7.107738088660099,26.33470948003001
23,12.99,14.586265153994752,14.586265153994752,1.5962651539947519,12.288415350229037
4151,21.99,22.947029849024048,22.947029849024048,0.9570298490240496,4.352113910977943
1005,3.2,2.6732267949912454,2.6732267949912454,0.5267732050087548,16.461662656523586
1643,9.7,10.458641745988068,10.458641745988068,0.7586417459880685,7.821048927712047
2550,59.7,54.50201252098036,54.50201252098036,5.197987479019645,8.706846698525368
3038,8.69,6.640327058840543,6.640327058840543,2.0496729411594563,23.586570093894778
4030,1.7,4.676779628127892,4.676779628127892,2.9767796281278915,175.10468400752305
3817,7.999,8.264732219872648,8.264732219872648,0.26573221987264883,3.3220680069089745
1671,14.9,16.79892911625383,16.79892911625383,1.8989291162538304,12.744490713112954
1372,14.3,13.328072170724566,13.328072170724566,0.971927829275435,6.796698106821224
3203,30.99,30.71967166677351,30.71967166677351,0.2703283332264874,0.87230827114065
445,6.9,7.814763007452841,7.814763007452841,0.9147630074528408,13.257434890620882
5433,62.99,46.14770398922478,46.14770398922478,16.84229601077522,26.738047326202924
7125,59.999,66.05649529974698,66.05649529974698,6.057495299746982,10.095993766141072
3399,22.5,24.703459776280436,24.703459776280436,2.203459776280436,9.793154561246382
3939,2.0,2.5774833801855968,2.5774833801855968,0.5774833801855968,28.87416900927984
5206,20.49,23.147069809267467,23.147069809267467,2.657069809267469,12.96764182170556
6378,83.79,79.2504135026174,79.2504135026174,4.539586497382601,5.417814175179139
2592,16.99,13.778643770949985,13.778643770949985,3.211356229050013,18.901449258681655
3887,11.0,15.869519278504022,15.869519278504022,4.869519278504022,44.26835707730929
3518,1.2,3.543123630931756,3.543123630931756,2.343123630931756,195.26030257764634
4295,10.9,10.870185197853369,10.870185197853369,0.02981480214663179,0.2735302949232274
1128,10.8,8.214294832774426,8.214294832774426,2.5857051672255746,23.94171451134791
2570,7.5,5.80862106069261,5.80862106069261,1.6913789393073904,22.551719190765205
5277,9.6,9.016751740473381,9.016751740473381,0.5832482595266182,6.0755027034022735
1783,10.6,8.786429763392675,8.786429763392675,1.8135702366073243,17.109153175540794
2523,18.0,15.859728559150719,15.859728559150719,2.140271440849281,11.890396893607116
4248,5.15,2.9342757816627745,2.9342757816627745,2.215724218337226,43.02377122984905
1844,6.49,6.170551388795402,6.170551388795402,0.31944861120459844,4.922166582505369
5291,7.9,5.861121443763988,5.861121443763988,2.0388785562360123,25.808589319443193
6129,24.49,29.445372376619336,29.445372376619336,4.955372376619337,20.234268585624083
6060,5.69,11.852519100719284,11.852519100719284,6.162519100719284,108.30437786852872
2515,6.699,8.186079205493408,8.186079205493408,1.4870792054934086,22.198525235011324
5040,17.5,14.414874451794748,14.414874451794748,3.0851255482052515,17.62928884688715
6799,56.99,31.246224895095974,31.246224895095974,25.743775104904028,45.1724427178523
3554,3.5,4.949196961194798,4.949196961194798,1.4491969611947981,41.405627462708516
3878,4.2,11.406635816205211,11.406635816205211,7.206635816205211,171.58656705250505
5945,29.7,29.10189610393839,29.10189610393839,0.598103896061609,2.0138178318572693
2264,14.5,11.640260834035965,11.640260834035965,2.8597391659640348,19.72233907561403
2462,4.9,4.640713523899581,4.640713523899581,0.259286476100419,5.291560736743244
1775,6.6,9.480410986632654,9.480410986632654,2.880410986632654,43.64259070655537
6861,28.05,23.187156678940774,23.187156678940774,4.862843321059227,17.33633982552309
378,7.8,8.250023561930993,8.250023561930993,0.45002356193099313,5.7695328452691435
6853,9.999,13.176525487514978,13.176525487514978,3.177525487514977,31.778432718421612
4913,1.6,1.0894183574468839,1.0894183574468839,0.5105816425531162,31.911352659569765
5246,8.2,11.363967788288608,11.363967788288608,3.163967788288609,38.58497302790987
199,1.5,2.7491121620975734,2.7491121620975734,1.2491121620975734,83.27414413983823
2446,11.0,14.738985837737188,14.738985837737188,3.7389858377371876,33.99078034306534
2957,3.8,6.395164584993397,6.395164584993397,2.5951645849933973,68.29380486824729
1328,11.49,11.582496895718077,11.582496895718077,0.09249689571807629,0.8050208504619346
1193,10.5,8.786429763392675,8.786429763392675,1.7135702366073247,16.319716539117376
5686,12.75,11.868125928967396,11.868125928967396,0.8818740710326036,6.916659380647872
1075,9.3,12.461840701428915,12.461840701428915,3.1618407014289147,33.99828711213886
5427,3.4,4.594477649907894,4.594477649907894,1.1944776499078942,35.1316955855263
6969,24.5,22.632125889055025,22.632125889055025,1.8678741109449746,7.623975963040712
2063,10.5,14.9524545149516,14.9524545149516,4.452454514951601,42.40432871382477
965,14.5,15.790316643123104,15.790316643123104,1.290316643123104,8.89873546981451
5060,9.49,8.786429763392675,8.786429763392675,0.7035702366073249,7.413806497442834
1467,9.4,8.906174513763654,8.906174513763654,0.4938254862363465,5.2534626195356005
5975,18.46,23.426939133662213,23.426939133662213,4.966939133662212,26.906495848657702
3296,51.0,25.226099702829213,25.226099702829213,25.773900297170787,50.53705940621723
5414,7.5,7.2977685582446234,7.2977685582446234,0.20223144175537655,2.696419223405021
7126,29.95,27.36544018741571,27.36544018741571,2.5845598125842884,8.629582011967575
5724,62.05,42.70586729294785,42.70586729294785,19.344132707052147,31.175072855845524
2755,6.0,6.4178514498841395,6.4178514498841395,0.41785144988413947,6.964190831402324
4022,6.5,7.1828013963546296,7.1828013963546296,0.6828013963546296,10.5046368669943
3091,6.5,8.36191570705948,8.36191570705948,1.8619157070594792,28.644857031684296
2022,5.89,5.861121443763988,5.861121443763988,0.028878556236011654,0.49029806852311814
5090,8.6,11.5328678495861,11.5328678495861,2.932867849586101,34.10311453007095
2907,7.0,6.361866461436486,6.361866461436486,0.6381335385635136,9.116193408050195
5744,42.345,30.697156519198778,30.697156519198778,11.647843480801221,27.507010227420526
5769,15.1,17.230410493504678,17.230410493504678,2.1304104935046784,14.108678764931645
6155,18.49,17.258260228683998,17.258260228683998,1.2317397713160005,6.66165371182261
6547,13.79,10.859889219570785,10.859889219570785,2.9301107804292137,21.248083977006626
2850,6.699999,6.217297579224841,6.217297579224841,0.4827014207751592,7.204499892838181
2132,16.5,10.497376671276673,10.497376671276673,6.0026233287233275,36.379535325595924
6114,86.19,87.26625669726872,87.26625669726872,1.0762566972687182,1.2487025145245598
6570,20.79,22.18160073139885,22.18160073139885,1.3916007313988494,6.693606211634677
6434,31.0,33.93277459963305,33.93277459963305,2.932774599633049,9.460563224622739
4246,7.5,5.869331448996932,5.869331448996932,1.630668551003068,21.742247346707575
1701,4.5,8.892660453857722,8.892660453857722,4.392660453857722,97.61467675239382
6332,39.999,39.79366135198055,39.79366135198055,0.205338648019449,0.5133594540349734
3927,19.5,23.61150951808821,23.61150951808821,4.111509518088209,21.084664195324144
5780,66.99,67.51121175683161,67.51121175683161,0.5212117568316188,0.7780441212593205
547,12.4,11.418354631938524,11.418354631938524,0.9816453680614767,7.916494903721587
6811,37.99,43.502659600940426,43.502659600940426,5.512659600940424,14.510817586050075
6203,33.3,43.637725354490215,43.637725354490215,10.337725354490217,31.04422028375441
1263,19.9,16.83945375810085,16.83945375810085,3.06054624189915,15.379629356277135
5231,2.299,2.737046420946883,2.737046420946883,0.43804642094688306,19.05378081543641
3011,13.29,12.57653749954389,12.57653749954389,0.7134625004561084,5.368416105764548
5865,13.69,13.347271342738036,13.347271342738036,0.3427286572619632,2.5034964007448006
1789,11.9,10.026039251127283,10.026039251127283,1.873960748872717,15.747569318258126
6610,21.49,28.98650213176821,28.98650213176821,7.49650213176821,34.88367674159242
3018,6.4,5.494751457423365,5.494751457423365,0.9052485425766355,14.14450847775993
5494,26.59,26.98412263233861,26.98412263233861,0.3941226323386111,1.4822212573847728
4715,13.8,14.81316661884504,14.81316661884504,1.0131666188450392,7.3417870930799936
2199,5.9,8.227788950154455,8.227788950154455,2.3277889501544546,39.454050002617876
1244,2.5,1.9457837506693638,1.9457837506693638,0.5542162493306362,22.168649973225445
7130,10.89,23.91617177736554,23.91617177736554,13.02617177736554,119.61590245514728
5008,38.0,4.067231291249078,4.067231291249078,33.93276870875092,89.29675975987085
5482,12.726,12.267025424327073,12.267025424327073,0.45897457567292754,3.6065894678054966
4837,8.5,9.67953263673109,9.67953263673109,1.1795326367310892,13.876854549777521
7202,35.29,34.01254638931203,34.01254638931203,1.2774536106879708,3.6198742156077386
6764,20.99,18.569097160154517,18.569097160154517,2.420902839845482,11.533600952098533
3915,5.2,6.268514004345998,6.268514004345998,1.0685140043459977,20.548346237423033
6083,32.299,29.937105429597548,29.937105429597548,2.361894570402452,7.312593487112455
518,13.29,16.20797439316402,16.20797439316402,2.9179743931640196,21.956165486561474
611,12.5,11.52562852249335,11.52562852249335,0.9743714775066508,7.794971820053206
5806,11.22,10.322969644944695,10.322969644944695,0.8970303550553052,7.994922950582042
5672,16.5,19.77761449810935,19.77761449810935,3.277614498109351,19.864330291571825
2288,7.5,5.824250788561812,5.824250788561812,1.6757492114381876,22.343322819175835
957,10.99,9.667412168636494,9.667412168636494,1.3225878313635064,12.034466163453198
4401,6.15,8.32497264910773,8.32497264910773,2.1749726491077297,35.36540892858097
491,25.8,13.935802296814504,13.935802296814504,11.864197703185496,45.98526241544766
1330,4.9,6.29302508249066,6.29302508249066,1.3930250824906594,28.429083316135905
3458,21.5,18.70647365378797,18.70647365378797,2.7935263462120297,12.993145796335021
323,5.89,3.5630560417165418,3.5630560417165418,2.326943958283458,39.50668859564445
5362,7.2,8.455030019024907,8.455030019024907,1.2550300190249066,17.430972486457037
7010,22.79,20.950085482154446,20.950085482154446,1.8399145178455534,8.073341456101595
4247,10.5,11.332957051302643,11.332957051302643,0.8329570513026425,7.932924298120406
2031,4.75,3.369617199737504,3.369617199737504,1.3803828002624958,29.060690531842013
5516,32.0,41.07555582194369,41.07555582194369,9.075555821943688,28.361111943574024
1153,6.3,5.442927915514159,5.442927915514159,0.857072084485841,13.604318801362556
6685,15.7,16.068739178315862,16.068739178315862,0.3687391783158631,2.3486571867252426
7286,6.6,7.1623557226705366,7.1623557226705366,0.5623557226705369,8.520541252583893
6854,21.69,21.520817208623708,21.520817208623708,0.16918279137629355,0.7800036485767337
1606,6.4,7.466443945118808,7.466443945118808,1.0664439451188077,16.66318664248137
324,23.9,32.74725266499571,32.74725266499571,8.847252664995715,37.017793577387934
2083,7.99,6.277395354621457,6.277395354621457,1.7126046453785433,21.434351005989278
2687,10.8,9.883967004381585,9.883967004381585,0.9160329956184157,8.481786996466811
6858,35.35,33.948929079823785,33.948929079823785,1.4010709201762168,3.9634255167644037
586,7.89,5.853770541251171,5.853770541251171,2.0362294587488288,25.807724445485793
4125,9.8,12.957062096360936,12.957062096360936,3.157062096360935,32.214919350621784
3245,8.99,11.341883459919032,11.341883459919032,2.3518834599190317,26.16110633947755
4556,4.4,6.859991237180672,6.859991237180672,2.459991237180672,55.90889175410618
706,24.9,23.182763667499906,23.182763667499906,1.717236332500093,6.896531455823666
1978,6.4,6.429498666506062,6.429498666506062,0.029498666506061255,0.4609166641572071
4160,7.4,2.970314912133097,2.970314912133097,4.429685087866903,59.86060929549869
4995,4.39,3.401070557267356,3.401070557267356,0.9889294427326436,22.526866577053386
6812,9.8,10.122184051507155,10.122184051507155,0.3221840515071541,3.287592362317899
6202,17.34,17.21464815858824,17.21464815858824,0.12535184141176003,0.7229056598140717
5939,27.79,24.11758604708831,24.11758604708831,3.6724139529116897,13.214875685180605
6218,29.3,22.977678711794734,22.977678711794734,6.322321288205266,21.57788835564937
4453,9.5,8.768688000423216,8.768688000423216,0.7313119995767838,7.698021048176671
3801,8.9,9.67953263673109,9.67953263673109,0.7795326367310889,8.75879367113583
2572,56.99,29.98393937281713,29.98393937281713,27.006060627182872,47.3873673051112
208,2.25,4.630647953106385,4.630647953106385,2.3806479531063847,105.80657569361709
3682,29.8,22.15119195513145,22.15119195513145,7.648808044868552,25.667141090162925
747,2.5,4.112974515724769,4.112974515724769,1.612974515724769,64.51898062899076
5101,9.9,6.681685950870949,6.681685950870949,3.2183140491290514,32.50822271847527
6260,40.99,39.47781880124758,39.47781880124758,1.5121811987524225,3.68914661808349
798,5.0,3.921028306274531,3.921028306274531,1.0789716937254692,21.579433874509384
88,6.99,10.547841366050008,10.547841366050008,3.557841366050008,50.89901811230341
734,1.7,5.379454653431975,5.379454653431975,3.679454653431975,216.4385090254103
1221,4.8,8.39862220337474,8.39862220337474,3.598622203374741,74.97129590364044
3574,14.5,9.480410986632654,9.480410986632654,5.019589013367346,34.61785526460239
1480,6.9,6.000187478529227,6.000187478529227,0.8998125214707731,13.04076118073584
3936,10.49,19.550074142727688,19.550074142727688,9.060074142727688,86.36867628911045
6199,28.99,24.972277082073607,24.972277082073607,4.017722917926392,13.858995922478067
852,13.5,11.018131043401242,11.018131043401242,2.481868956598758,18.384214493324134
486,7.89,6.461981251882168,6.461981251882168,1.4280187481178315,18.099096934319792
2678,3.6,4.279276047578098,4.279276047578098,0.6792760475780981,18.868779099391613
3195,4.0,4.463538964915063,4.463538964915063,0.4635389649150632,11.58847412287658
1430,8.4,8.783650200445383,8.783650200445383,0.38365020044538234,4.567264291016456
1536,14.9,17.73524206743258,17.73524206743258,2.8352420674325796,19.028470251225365
1891,6.0,9.133667817796585,9.133667817796585,3.133667817796585,52.22779696327642
6513,39.99,20.683151614687926,20.683151614687926,19.306848385312076,48.27919076097043
1919,5.6,8.193820896891808,8.193820896891808,2.593820896891808,46.31823030163943
4302,14.8,15.651127414481165,15.651127414481165,0.851127414481164,5.750860908656513
198,5.0,4.291264062837279,4.291264062837279,0.7087359371627207,14.174718743254413
4629,6.6,5.697978364180625,5.697978364180625,0.9020216358193744,13.666994482111736
2882,3.85,7.582642733764119,7.582642733764119,3.7326427337641186,96.95175931854854
1057,8.9,9.480410986632654,9.480410986632654,0.5804109866326534,6.521471759917455
73,7.0,8.600242321505581,8.600242321505581,1.600242321505581,22.86060459293687
548,27.8,24.300371846923948,24.300371846923948,3.4996281530760527,12.588590478690836
6352,13.69,15.941948758852638,15.941948758852638,2.251948758852638,16.449589180808168
2963,4.0,5.661122880671804,5.661122880671804,1.6611228806718037,41.52807201679509
6569,27.3,36.29830858444279,36.29830858444279,8.998308584442793,32.96083730565125
1512,34.99,18.815510135617718,18.815510135617718,16.174489864382284,46.226035622698724
3912,10.9,10.108364348509928,10.108364348509928,0.791635651490072,7.262712398991486
1582,1.9,2.692311450285782,2.692311450285782,0.7923114502857822,41.70060264662012
6697,15.44,18.792707486646364,18.792707486646364,3.3527074866463646,21.71442672698423
5822,10.08,9.841729318052364,9.841729318052364,0.23827068194763612,2.3637964478932156
2865,6.9,6.29302508249066,6.29302508249066,0.6069749175093406,8.79673793491798
3647,10.8,10.326597843972543,10.326597843972543,0.4734021560274577,4.383353296550534
5349,20.499,13.823111945051753,13.823111945051753,6.6758880549482456,32.566896214197016
4428,3.0,3.4038953309889903,3.4038953309889903,0.40389533098899033,13.463177699633011
6213,25.55,21.021211033325468,21.021211033325468,4.528788966674533,17.725201435125374
4359,28.8,30.843895068311376,30.843895068311376,2.0438950683113752,7.096857876081164
1452,3.6,7.00443218582572,7.00443218582572,3.4044321858257196,94.5675607173811
7037,24.89,21.67052141933337,21.67052141933337,3.2194785806666317,12.934827563947898
2020,1.9,2.7268612192857478,2.7268612192857478,0.8268612192857479,43.51901154135515
4903,29.49,29.258510680629612,29.258510680629612,0.23148931937038597,0.78497565062864
5220,6.9,5.697978364180625,5.697978364180625,1.2020216358193752,17.420603417672105
6818,12.35,16.6550928812268,16.6550928812268,4.3050928812268,34.85905166985263
4814,10.0,14.475285821882244,14.475285821882244,4.4752858218822436,44.75285821882243
5267,8.8,9.203744350872716,9.203744350872716,0.40374435087271543,4.588003987189947
2098,9.2,12.853467110066509,12.853467110066509,3.6534671100665097,39.71159902246206
1880,13.5,9.886391385906707,9.886391385906707,3.613608614093293,26.76747121550587
937,9.5,8.786429763392675,8.786429763392675,0.7135702366073247,7.511265648498154
7120,29.999,26.531707734115766,26.531707734115766,3.4672922658842324,11.558026153819236
2855,13.5,12.750380859261842,12.750380859261842,0.749619140738158,5.552734375838208
6139,14.99,18.713619863855396,18.713619863855396,3.7236198638553955,24.84069288762772
5985,12.49,12.68954765839131,12.68954765839131,0.19954765839131028,1.5976593946461992
1295,7.0,10.650848851369826,10.650848851369826,3.650848851369826,52.15498359099752
1175,45.9,33.83873311639557,33.83873311639557,12.061266883604432,26.27726989892033
2197,5.5,5.024226367782402,5.024226367782402,0.4757736322175976,8.650429676683592
2614,41.9,37.12261328245143,37.12261328245143,4.777386717548566,11.401877607514479
6148,27.36,18.728791954833973,18.728791954833973,8.631208045166026,31.54681303057758
4335,4.0,8.257660262082029,8.257660262082029,4.2576602620820285,106.44150655205071
4914,11.5,10.284716793547783,10.284716793547783,1.2152832064522165,10.56768005610623
1321,7.2,5.724988131357661,5.724988131357661,1.4750118686423388,20.486275953365816
1181,12.79,14.586265153994752,14.586265153994752,1.796265153994753,14.044293619974614
6150,22.799,22.422679559584783,22.422679559584783,0.37632044041521695,1.6506006422001709
3438,12.6,9.301836692552222,9.301836692552222,3.298163307447778,26.175899265458558
6343,34.99,27.785586570165673,27.785586570165673,7.204413429834329,20.58992120558539
4301,12.6,10.284716793547783,10.284716793547783,2.315283206452216,18.375263543271558
620,7.9,7.640158437304715,7.640158437304715,0.2598415626952857,3.289133705003616
6864,24.89,23.895571231277064,23.895571231277064,0.994428768722937,3.9952943701202766
5159,16.0,11.447317571126584,11.447317571126584,4.552682428873416,28.454265180458847
2492,15.5,10.879783622554568,10.879783622554568,4.620216377445432,29.807847596422143
478,14.0,15.45043368027819,15.45043368027819,1.4504336802781896,10.36024057341564
3968,5.3,7.820662353424656,7.820662353424656,2.5206623534246564,47.559667045748235
2276,3.7,6.1396557609238585,6.1396557609238585,2.4396557609238583,65.9366421871313
5227,6.9,8.530865117079163,8.530865117079163,1.6308651170791624,23.635726334480616
1897,12.5,5.088453915336303,5.088453915336303,7.411546084663697,59.29236867730957
7044,14.766,14.859549099486898,14.859549099486898,0.09354909948689816,0.6335439488480168
2206,1.4,0.8448703601122408,0.8448703601122408,0.5551296398877591,39.65211713483994
1033,4.5,5.648156655837181,5.648156655837181,1.1481566558371812,25.51459235193736
5948,10.59,7.64209211520332,7.64209211520332,2.94790788479668,27.836712793169788
286,12.3,19.5385148990538,19.5385148990538,7.238514899053801,58.84971462645366
550,3.2,3.098770430360855,3.098770430360855,0.1012295696391452,3.1634240512232874
7008,10.099,10.22410208855803,10.22410208855803,0.1251020885580303,1.2387571894051914
5668,25.79,32.006828538426234,32.006828538426234,6.216828538426235,24.105577892308006
5015,2.5,3.1334686048760325,3.1334686048760325,0.6334686048760325,25.3387441950413
2825,12.5,11.629851389915572,11.629851389915572,0.8701486100844278,6.961188880675423
1055,10.799,11.033778472204064,11.033778472204064,0.23477847220406467,2.1740760459678183
2091,6.5,5.602772216150964,5.602772216150964,0.8972277838490363,13.803504366908252
6540,25.79,21.520817208623708,21.520817208623708,4.269182791376291,16.55363625969869
2571,3.5,4.1637357517936255,4.1637357517936255,0.6637357517936255,18.963878622675015
1677,10.3,8.210232517621474,8.210232517621474,2.0897674823785266,20.289004683286667
1174,1.8,1.9457837506693638,1.9457837506693638,0.14578375066936378,8.099097259409097
6021,78.2,71.55304782592302,71.55304782592302,6.646952174076986,8.499938841530673
5916,12.54,20.57703137998469,20.57703137998469,8.03703137998469,64.09115933002145
5389,3.9,4.949281394644284,4.949281394644284,1.0492813946442845,26.904651144725243
2087,14.0,13.577533803218198,13.577533803218198,0.42246619678180153,3.0176156912985825
1370,46.5,29.98393937281713,29.98393937281713,16.51606062718287,35.51840995093091
6314,16.899,17.702300411428087,17.702300411428087,0.8033004114280864,4.753538146802097
2934,5.0,6.10359076735736,6.10359076735736,1.1035907673573604,22.071815347147208
3107,16.99,15.066190889683124,15.066190889683124,1.9238091103168742,11.323184875320038
1188,7.8,5.895085466418038,5.895085466418038,1.9049145335819615,24.421981199768737
2029,6.699999,8.258466061810335,8.258466061810335,1.558467061810335,23.26070588682677
4209,4.888888,6.45970367495428,6.45970367495428,1.5708156749542805,32.130326465942375
5027,4.5,5.509267132869555,5.509267132869555,1.0092671328695548,22.428158508212327
7009,23.5,28.724041568951428,28.724041568951428,5.224041568951428,22.229964123197565
7093,40.9,41.758625438600376,41.758625438600376,0.8586254386003773,2.0993287007344192
3956,7.2,12.338479859654088,12.338479859654088,5.138479859654088,71.36777582852899
833,9.0,7.846132732049842,7.846132732049842,1.153867267950158,12.820747421668422
1393,5.4,7.933203445316011,7.933203445316011,2.533203445316011,46.911174913259465
549,24.9,21.8686015622579,21.8686015622579,3.031398437742098,12.174290914626901
1020,5.5,5.80862106069261,5.80862106069261,0.30862106069260964,5.6112920125929024
248,3.6,4.517181172940281,4.517181172940281,0.9171811729402806,25.47725480389668
2648,6.5,4.771122012106655,4.771122012106655,1.7288779878933447,26.598122890666843
296,6.3,6.75687568576366,6.75687568576366,0.4568756857636602,7.251995012121591
1559,7.39,4.852955706860276,4.852955706860276,2.537044293139724,34.33077527929262
1563,12.8,11.639280503097574,11.639280503097574,1.160719496902427,9.06812106955021
6766,13.69,14.430707549528783,14.430707549528783,0.7407075495287838,5.410573773037135
3260,9.7,11.983320876513984,11.983320876513984,2.2833208765139847,23.53939047952562
100,1.4,1.2293006297787359,1.2293006297787359,0.17069937022126402,12.192812158661717
4204,43.5,35.41040921615521,35.41040921615521,8.089590783844791,18.596760422631704
3197,7.0,6.308382975919604,6.308382975919604,0.6916170240803963,9.880243201148518
2937,17.5,18.828216046126556,18.828216046126556,1.3282160461265562,7.5898059778660345
7017,15.99,13.721901198204012,13.721901198204012,2.268098801795988,14.18448281298304
1499,6.0,6.160933719665826,6.160933719665826,0.1609337196658256,2.682228661097093
4872,7.0,8.66888392830817,8.66888392830817,1.6688839283081691,23.841198975830988
1656,5.0,5.700590299319661,5.700590299319661,0.7005902993196607,14.011805986393213
6788,13.29,15.24416669004259,15.24416669004259,1.954166690042591,14.704038299793762
346,4.0,4.517181172940281,4.517181172940281,0.5171811729402807,12.929529323507015
1718,7.5,8.250023561930993,8.250023561930993,0.750023561930993,10.000314159079906
1665,1.7,2.362510087014711,2.362510087014711,0.6625100870147109,38.971181589100645
681,6.0,6.016099415786598,6.016099415786598,0.01609941578659768,0.26832359644329473
6514,69.99,44.48998583462102,44.48998583462102,25.50001416537898,36.43379649289753
3898,3.9,5.437332979054372,5.437332979054372,1.5373329790543724,39.418794334727494
6186,20.45,21.203627438465077,21.203627438465077,0.7536274384650774,3.6852197479954887
6408,54.999,48.68306138488378,48.68306138488378,6.315938615116224,11.483733549912223
7289,23.79,25.900348147696747,25.900348147696747,2.1103481476967474,8.870736224030045
5761,17.75,18.704709971647443,18.704709971647443,0.9547099716474428,5.378647727591227
7063,49.59,46.98433006776851,46.98433006776851,2.6056699322314927,5.254426158966511
1793,3.8,6.6385431643683726,6.6385431643683726,2.8385431643683727,74.6985043254835
3542,5.9,7.341062065315465,7.341062065315465,1.4410620653154647,24.42478076805872
6741,18.8,19.17078864227346,19.17078864227346,0.3707886422734603,1.9722800120928738
1706,6.2,7.7395100014198706,7.7395100014198706,1.5395100014198704,24.830806474514038
1414,5.6,5.282340740179747,5.282340740179747,0.31765925982025234,5.672486782504507
4761,2.9,3.543123630931756,3.543123630931756,0.6431236309317563,22.176676928681253
3066,8.8,5.80862106069261,5.80862106069261,2.991378939307391,33.992942492129444
2991,8.0,7.612433357355638,7.612433357355638,0.38756664264436225,4.844583033054528
6041,9.75,14.149119477729437,14.149119477729437,4.399119477729437,45.119174130558335
84,37.9,34.511565154467725,34.511565154467725,3.3884348455322737,8.940461333858241
5327,9.5,7.447069836559882,7.447069836559882,2.0529301634401182,21.60979119410651
3207,9.0,11.9931644797758,11.9931644797758,2.9931644797757997,33.25738310862
5025,3.99,4.405003381170657,4.405003381170657,0.4150033811706564,10.401087247384872
1561,1.2,2.592948804568665,2.592948804568665,1.3929488045686649,116.07906704738875
6072,8.39,40.06283290211316,40.06283290211316,31.672832902113157,377.50694758180157
2948,8.9,10.855597994682316,10.855597994682316,1.955597994682316,21.973011176205798
3528,7.8,7.933203445316011,7.933203445316011,0.13320344531601158,1.707736478410405
1297,5.0,5.7948944412155985,5.7948944412155985,0.7948944412155985,15.89788882431197
4866,8.499,8.662296778856877,8.662296778856877,0.16329677885687666,1.921364617682982
6289,13.28,14.737017172574113,14.737017172574113,1.4570171725741137,10.971514853720736
4506,14.2,13.490907531148551,13.490907531148551,0.7090924688514484,4.99360893557358
1912,18.5,15.387438744355688,15.387438744355688,3.1125612556443123,16.8246554359152
6456,79.99,47.87413971218369,47.87413971218369,32.115860287816304,40.14984409028167
5998,9.494,8.879174865970045,8.879174865970045,0.6148251340299549,6.475933579418106
6127,18.99,18.08533646028409,18.08533646028409,0.9046635397159086,4.763894363959499
6875,44.199,27.712976386317802,27.712976386317802,16.486023613682196,37.29953983954885
1817,12.2,9.88472637312074,9.88472637312074,2.315273626879259,18.977652679338192
3722,7.6,8.991825114286012,8.991825114286012,1.3918251142860125,18.313488345868585
5451,9.79,10.868031551074697,10.868031551074697,1.078031551074698,11.011558233653709
6187,36.99,34.238712929228086,34.238712929228086,2.751287070771916,7.437921251073035
7164,8.99,11.887221364669971,11.887221364669971,2.8972213646699707,32.22715644794183
3089,1.2,2.18651282544211,2.18651282544211,0.9865128254421098,82.20940212017582
4845,6.0,5.803405350764741,5.803405350764741,0.1965946492352586,3.27657748725431
3142,3.2,1.8314061031418918,1.8314061031418918,1.3685938968581084,42.768559276815886
1623,5.5,5.464772114672294,5.464772114672294,0.035227885327706154,0.6405070059582937
6834,18.38,19.171275699483257,19.171275699483257,0.7912756994832577,4.305090856818595
5459,16.79,24.090969072796508,24.090969072796508,7.300969072796509,43.48403259557182
5605,47.95,45.92721395273375,45.92721395273375,2.0227860472662513,4.2185319025364985
6392,26.4,28.646776782976943,28.646776782976943,2.2467767829769443,8.510518117336911
1199,2.0,3.1471495524147532,3.1471495524147532,1.1471495524147532,57.35747762073766
373,6.0,4.44997460949087,4.44997460949087,1.5500253905091297,25.833756508485493
2457,5.7,5.724988131357661,5.724988131357661,0.024988131357661203,0.43838826943265263
5260,4.99,4.852955706860276,4.852955706860276,0.13704429313972444,2.746378620034558
3819,21.09,21.698993432307038,21.698993432307038,0.6089934323070381,2.8875933253060126
7284,23.3,30.831168158338798,30.831168158338798,7.531168158338797,32.322610121625736
1317,8.0,9.660386031342568,9.660386031342568,1.6603860313425685,20.754825391782106
1446,13.0,15.225825475392886,15.225825475392886,2.2258254753928863,17.121734426099124
3799,18.9,19.172624829528072,19.172624829528072,0.2726248295280733,1.4424594154924515
3482,3.7,4.251357525345458,4.251357525345458,0.5513575253454581,14.901554739066436
1488,6.399,6.640327058840543,6.640327058840543,0.24132705884054317,3.7713245638465884
4486,4.0,4.737814758501393,4.737814758501393,0.7378147585013934,18.445368962534836
6067,102.0,70.54887030128003,70.54887030128003,31.451129698719967,30.834440881098008
812,5.123,4.386520482706923,4.386520482706923,0.7364795172930769,14.375942168516042
3580,34.5,24.63256949726663,24.63256949726663,9.86743050273337,28.60124783400977
4317,3.95,2.9608807481329937,2.9608807481329937,0.9891192518670064,25.04099371815206
3366,3.9,3.129460135868698,3.129460135868698,0.7705398641313019,19.75743241362313
3651,4.0,4.067231291249078,4.067231291249078,0.06723129124907778,1.6807822812269446
6684,40.5,33.50495238001657,33.50495238001657,6.995047619983431,17.27172251847761
1511,3.5,3.0716876921324054,3.0716876921324054,0.42831230786759455,12.237494510502701
7149,18.29,21.285572443544883,21.285572443544883,2.9955724435448836,16.378198160442228
1801,3.4,3.0436936859016592,3.0436936859016592,0.3563063140983407,10.47959747348061
4516,4.6,5.724988131357661,5.724988131357661,1.1249881313576617,24.45626372516656
921,7.8,9.016751740473381,9.016751740473381,1.2167517404733816,15.599381288120279
322,15.0,15.771958759574174,15.771958759574174,0.7719587595741739,5.146391730494493
3838,2.5,2.9005319526114515,2.9005319526114515,0.40053195261145147,16.02127810445806
5634,27.49,28.450730111638666,28.450730111638666,0.960730111638668,3.494834891373838
7262,9.08,13.28799388523917,13.28799388523917,4.207993885239169,46.3435449916208
4402,6.85,6.6513672442912615,6.6513672442912615,0.19863275570873817,2.8997482585217256
6217,10.45,9.852260037988966,9.852260037988966,0.5977399620110333,5.719999636469218
1569,5.9,7.877325874527864,7.877325874527864,1.977325874527864,33.513997873353624
4661,17.5,16.163016804438364,16.163016804438364,1.3369831955616363,7.639903974637921
231,12.9,10.601326922315483,10.601326922315483,2.2986730776845175,17.81917114484122
1545,1.8,3.213583587687264,3.213583587687264,1.413583587687264,78.53242153818132
1420,1.0,2.5830861138256256,2.5830861138256256,1.5830861138256256,158.30861138256256
1079,5.9,8.933102685058746,8.933102685058746,3.0331026850587453,51.408520085741436
3103,7.9,7.3704486443690005,7.3704486443690005,0.5295513556309999,6.703181716848099
1115,4.75,6.278420443704259,6.278420443704259,1.5284204437042588,32.17727249903703
6946,14.45,13.216209634943185,13.216209634943185,1.233790365056814,8.538341626690755
1941,10.9,9.88472637312074,9.88472637312074,1.0152736268792601,9.314436943846422
1867,10.95,8.672274167071166,8.672274167071166,2.2777258329288337,20.80114915916743
2586,6.65,8.92317957348816,8.92317957348816,2.273179573488159,34.18315148102495
2751,11.5,9.24698337261843,9.24698337261843,2.2530166273815695,19.59144893375278
1425,9.59,8.786429763392675,8.786429763392675,0.8035702366073245,8.379251685165011
5395,14.5,12.606913331149157,12.606913331149157,1.8930866688508434,13.055770130005817
4053,32.5,24.944498841073187,24.944498841073187,7.555501158926813,23.247695873620962
7283,16.95,18.062832496474392,18.062832496474392,1.1128324964743932,6.565383460025918
4333,4.49,8.170961872338967,8.170961872338967,3.680961872338967,81.9813334596652
1618,9.0,14.077145009062733,14.077145009062733,5.077145009062733,56.41272232291925
2402,16.8,15.903999473037281,15.903999473037281,0.8960005269627196,5.333336470016188
265,15.3,14.711750882645294,14.711750882645294,0.5882491173547066,3.844765472906579
0,9.99,8.786429763392675,8.786429763392675,1.2035702366073249,12.047750116189437
4015,16.5,12.95455237320057,12.95455237320057,3.5454476267994295,21.487561374541997
5187,3.5,3.6941198187664046,3.6941198187664046,0.1941198187664046,5.546280536182989
838,1.2,2.663130246316984,2.663130246316984,1.463130246316984,121.92752052641534
14,21.9,15.836382220965532,15.836382220965532,6.063617779034466,27.687752415682493
3263,2.6,2.561961948582702,2.561961948582702,0.03803805141729821,1.4630019775883927
4912,21.0,13.775155096335327,13.775155096335327,7.224844903664673,34.40402335078416
6477,29.155,38.11997280708393,38.11997280708393,8.964972807083932,30.749349364033378
8,16.5,14.668111917208423,14.668111917208423,1.8318880827915773,11.10235201691865
1039,8.5,15.699532643389977,15.699532643389977,7.199532643389977,84.70038403988208
2759,11.9,10.326597843972543,10.326597843972543,1.5734021560274574,13.221866857373591
3992,15.5,13.893201993596351,13.893201993596351,1.6067980064036487,10.366438750991282
6472,12.99,22.139157732021463,22.139157732021463,9.149157732021463,70.43231510409133
4141,32.79,29.047220798567707,29.047220798567707,3.742779201432292,11.414392197109764
6629,18.1,20.093755700592606,20.093755700592606,1.9937557005926045,11.015224865152511
339,4.1,3.494998463853671,3.494998463853671,0.6050015361463288,14.75613502795924
1956,3.3,4.825628118184054,4.825628118184054,1.5256281181840539,46.23115509648648
4220,6.5,5.419810615845035,5.419810615845035,1.0801893841549646,16.618298217768686
2770,29.999999,12.250246641472716,12.250246641472716,17.74975235852728,59.165843167285715
1090,23.5,26.18571203328159,26.18571203328159,2.6857120332815896,11.428561843751444
4512,8.999,6.306398860354072,6.306398860354072,2.6926011396459284,29.92111500884463
1883,6.0,8.446968699632981,8.446968699632981,2.446968699632981,40.78281166054968
622,5.3,7.242209017763255,7.242209017763255,1.942209017763255,36.645453165344435
7220,12.5,15.829188669848469,15.829188669848469,3.3291886698484685,26.633509358787748
5192,3.8,8.39862220337474,8.39862220337474,4.598622203374741,121.01637377301951
5045,2.8,7.74724373830255,7.74724373830255,4.94724373830255,176.68727636794824
4331,16.5,19.812712033319663,19.812712033319663,3.312712033319663,20.077042626179775
4952,4.7,3.284759485357121,3.284759485357121,1.4152405146428793,30.11150031155062
3032,8.4,6.338105742925779,6.338105742925779,2.061894257074221,24.546360203264538
4568,5.999,5.732747657545836,5.732747657545836,0.2662523424541634,4.438278754028395
889,4.5,7.941351758179348,7.941351758179348,3.441351758179348,76.47448351509661
1507,3.1,2.0646981237884003,2.0646981237884003,1.0353018762115997,33.396834716503214
3688,10.0,7.548411966422886,7.548411966422886,2.4515880335771136,24.515880335771136
196,1.9,0.8175988323536784,0.8175988323536784,1.0824011676463217,56.96848250770115
5533,12.99,13.291957201962088,13.291957201962088,0.30195720196208775,2.3245358118713453
3980,11.2,13.328072170724566,13.328072170724566,2.1280721707245664,19.000644381469346
2789,3.8,3.8994839919789537,3.8994839919789537,0.09948399197895386,2.6179997889198385
6575,38.0,17.351245619243777,17.351245619243777,20.648754380756223,54.33882731777954
4236,21.5,13.349794988680047,13.349794988680047,8.150205011319953,37.90793028520908
432,4.2,7.092433167140836,7.092433167140836,2.892433167140836,68.86745636049609
2598,10.9,11.094776989411951,11.094776989411951,0.19477698941195065,1.7869448569903728
6091,28.99,22.574349193584503,22.574349193584503,6.415650806415496,22.130565044551556
1694,23.5,25.913804694245623,25.913804694245623,2.4138046942456235,10.271509337215418
5357,29.9,30.521709921254452,30.521709921254452,0.6217099212544532,2.079297395499844
1108,13.9,16.79892911625383,16.79892911625383,2.8989291162538304,20.855605152905255
6353,37.5,42.817116963997364,42.817116963997364,5.317116963997364,14.178978570659636
6690,60.89,44.8175475696245,44.8175475696245,16.0724524303755,26.39588180386845
6262,110.99,97.32117505577789,97.32117505577789,13.66882494422211,12.315366198956761
4825,1.65,3.3795403713327397,3.3795403713327397,1.7295403713327397,104.8206285656206
1277,4.6,4.916644107176206,4.916644107176206,0.3166441071762067,6.883567547308843
1195,5.9,5.861121443763988,5.861121443763988,0.03887855623601233,0.6589585802713954
6062,18.19,26.87783897342875,26.87783897342875,8.68783897342875,47.761621624127265
604,9.0,8.089093493579643,8.089093493579643,0.910906506420357,10.121183404670633
3742,6.2,4.498877995933076,4.498877995933076,1.7011220040669244,27.437451678498782
1593,17.9,18.711868306061653,18.711868306061653,0.8118683060616547,4.53557712883606
1219,19.4,22.206440486035678,22.206440486035678,2.8064404860356795,14.466188072348865
2229,7.0,8.068734268897588,8.068734268897588,1.0687342688975878,15.267632412822682
4519,4.1,3.103794378660284,3.103794378660284,0.9962056213397155,24.297698081456474
1652,3.3,3.624641326293282,3.624641326293282,0.32464132629328235,9.837615948281284
4657,5.9,7.301737466474173,7.301737466474173,1.4017374664741729,23.758262143630045
4865,5.9,3.8808456240202474,3.8808456240202474,2.019154375979753,34.22295552508056
6264,11.09,10.262252527548581,10.262252527548581,0.8277474724514189,7.463908678552018
4955,38.0,34.6391120611332,34.6391120611332,3.360887938866803,8.844441944386324
1158,12.0,10.484318425676276,10.484318425676276,1.5156815743237235,12.63067978603103
4818,10.8,10.818394301883846,10.818394301883846,0.018394301883844832,0.17031761003560028
3256,8.8,8.39797579534978,8.39797579534978,0.40202420465022115,4.56845687102524
5728,38.699,40.09742395368745,40.09742395368745,1.3984239536874554,3.6135919628090014
4650,17.5,19.5385148990538,19.5385148990538,2.0385148990538013,11.648656566021721
7219,15.49,18.571854226375542,18.571854226375542,3.081854226375542,19.895766471113895
5702,14.19,13.298470154794373,13.298470154794373,0.8915298452056266,6.282803701237678
2807,4.59,3.3809600556622446,3.3809600556622446,1.2090399443377553,26.340739528055675
2851,8.6,13.354710533896121,13.354710533896121,4.754710533896121,55.28733178948978
4559,10.49,9.058632923516871,9.058632923516871,1.431367076483129,13.645062692880161
2995,6.5,8.862450759440621,8.862450759440621,2.3624507594406214,36.34539629908649
904,5.95,4.419668694161984,4.419668694161984,1.5303313058380166,25.719853879630527
6841,21.169,19.835732382681055,19.835732382681055,1.3332676173189455,6.2982078384380245
2357,23.8,22.861067585834267,22.861067585834267,0.938932414165734,3.9450941771669497
3383,12.8,11.293210982134008,11.293210982134008,1.5067890178659926,11.771789202078068
3470,9.0,14.33446467406434,14.33446467406434,5.334464674064341,59.27182971182601
1616,7.8,8.786429763392675,8.786429763392675,0.9864297633926755,12.646535428111225
3575,5.8,6.448264877236417,6.448264877236417,0.648264877236417,11.17698064200719
6977,26.95,19.728657420639923,19.728657420639923,7.221342579360076,26.79533424623405
5006,10.9,9.67953263673109,9.67953263673109,1.2204673632689111,11.196948286870743
3820,3.65,4.04071004371971,4.04071004371971,0.3907100437197104,10.704384759444121
1860,7.5,5.599632419281064,5.599632419281064,1.9003675807189362,25.338234409585812
2088,4.99,4.262812519061165,4.262812519061165,0.7271874809388352,14.572895409595896
7077,27.52,22.328111884059656,22.328111884059656,5.191888115940344,18.86587251431811
6930,27.699,24.486836732112547,24.486836732112547,3.2121632678874548,11.596675937353169
5213,4.1,8.053089015257978,8.053089015257978,3.9530890152579783,96.4168052501946
2251,3.2,2.305594998241276,2.305594998241276,0.8944050017587242,27.950156304960128
3784,14.0,17.976760559387643,17.976760559387643,3.9767605593876425,28.40543256705459
3127,6.5,5.80862106069261,5.80862106069261,0.6913789393073904,10.636599066267543
254,11.7,9.016751740473381,9.016751740473381,2.683248259526618,22.933745807919813
6705,16.78,16.175526462238288,16.175526462238288,0.604473537761713,3.6023452786752856
4989,2.999999,4.517181172940281,4.517181172940281,1.5171821729402808,50.57275595559469
221,14.85,14.828152056644257,14.828152056644257,0.021847943355743027,0.14712419768177123
267,2.9,3.174410728467895,3.174410728467895,0.27441072846789494,9.462438912686032
107,8.1,5.824250788561812,5.824250788561812,2.275749211438187,28.095669277014657
4800,5.5,4.200320403116974,4.200320403116974,1.299679596883026,23.630538125145925
1226,5.4,7.875813880996249,7.875813880996249,2.475813880996249,45.848405203634236
4938,4.9,6.1285267733848725,6.1285267733848725,1.2285267733848722,25.07197496703821
3418,9.5,8.762717111421816,8.762717111421816,0.7372828885781839,7.760872511349303
4154,8.5,6.498353059748187,6.498353059748187,2.0016469402518133,23.548787532374273
1758,6.99,8.449077372912516,8.449077372912516,1.4590773729125157,20.873782158977335
2284,9.99,8.8315104238278,8.8315104238278,1.158489576172201,11.596492253975985
2526,3.3,4.017038838110435,4.017038838110435,0.7170388381104349,21.72844963971015
4004,15.0,7.506661524142823,7.506661524142823,7.493338475857177,49.955589839047846
1210,15.5,24.49548481428047,24.49548481428047,8.99548481428047,58.035385898583684
6664,11.5,14.511969461064544,14.511969461064544,3.0119694610645436,26.191038791865594
2464,13.6,11.649025192215374,11.649025192215374,1.9509748077846254,14.345402998416363
4240,13.5,12.779045997572139,12.779045997572139,0.7209540024278613,5.340400017984158
4198,14.5,13.23937247398797,13.23937247398797,1.2606275260120299,8.693982938013999
376,4.5,3.9089813084127627,3.9089813084127627,0.5910186915872373,13.133748701938607
755,1.8,2.729719364129818,2.729719364129818,0.929719364129818,51.651075784989885
291,12.49,13.778643770949985,13.778643770949985,1.2886437709499852,10.31740409087258
5091,1.7,4.2490680763732405,4.2490680763732405,2.5490680763732403,149.94518096313178
1465,1.35,3.50988624522798,3.50988624522798,2.15988624522798,159.9915737205911
188,4.7,6.245346167122066,6.245346167122066,1.5453461671220659,32.87970568344821
1870,33.0,17.468256579674662,17.468256579674662,15.531743420325338,47.06588915250102
1201,8.7,10.29651392018942,10.29651392018942,1.5965139201894214,18.350734714820938
1649,4.0,3.7863829986579476,3.7863829986579476,0.21361700134205241,5.340425033551311
6030,128.96,134.3595611551989,134.3595611551989,5.399561155198882,4.187004617865138
3706,30.49,25.750303033623947,25.750303033623947,4.7396969663760515,15.545086803463601
4176,6.5,6.617398457961472,6.617398457961472,0.11739845796147197,1.8061301224841841
501,10.0,11.055385420083283,11.055385420083283,1.055385420083283,10.55385420083283
6193,26.99,22.717233191180412,22.717233191180412,4.272766808819586,15.830925560650561
2605,5.5,6.278420443704259,6.278420443704259,0.7784204437042588,14.15309897644107
6874,64.89,74.72751048609898,74.72751048609898,9.837510486098978,15.160287388039725
3312,23.5,17.891897049197386,17.891897049197386,5.608102950802614,23.864267875755804
2812,6.5,6.44346650831379,6.44346650831379,0.056533491686209913,0.869746025941691
4763,5.5,8.111649058033475,8.111649058033475,2.611649058033475,47.48452832788136
6753,76.79,49.574907875839486,49.574907875839486,27.21509212416052,35.44093257476301
672,7.9,5.80862106069261,5.80862106069261,2.0913789393073907,26.473151130473298
4766,13.8,17.26672177821965,17.26672177821965,3.46672177821965,25.121172305939492
3753,7.35,6.719450358766177,6.719450358766177,0.6305496412338227,8.57890668345337
1374,12.8,12.687952825291573,12.687952825291573,0.11204717470842773,0.8753685524095917
7043,23.99,27.119492867171207,27.119492867171207,3.1294928671712086,13.044989025307249
6988,15.58,16.78367835345238,16.78367835345238,1.2036783534523803,7.7257917423130955
5718,79.99,80.27283757929533,80.27283757929533,0.2828375792953324,0.35359117301579246
1192,4.9,5.884414253857049,5.884414253857049,0.9844142538570484,20.09008681340915
3053,52.9,42.78767003688906,42.78767003688906,10.112329963110938,19.115935658054703
3950,2.8,2.560862739111695,2.560862739111695,0.23913726088830467,8.540616460296595
216,13.0,11.463768492688313,11.463768492688313,1.5362315073116868,11.817165440859128
4697,6.49,7.955347376662503,7.955347376662503,1.4653473766625025,22.578542013289717
421,1.2,1.3056014478284887,1.3056014478284887,0.10560144782848879,8.800120652374066
505,3.9,5.439385322000877,5.439385322000877,1.5393853220008773,39.47141851284301
4836,2.9,3.4152577870724254,3.4152577870724254,0.5152577870724255,17.76750989904916
6453,19.9,18.592854255784836,18.592854255784836,1.3071457442151626,6.5685715789706665
6845,49.5,31.32970125003018,31.32970125003018,18.17029874996982,36.707674242363275
6252,20.59,24.246292917458856,24.246292917458856,3.656292917458856,17.757614946376183
506,16.3,15.225825475392886,15.225825475392886,1.0741745246071144,6.590027758325855
1807,8.9,6.015877375812511,6.015877375812511,2.8841226241874898,32.405872181881904
4436,20.89,21.841203559446107,21.841203559446107,0.9512035594461068,4.553391859483518
1438,5.99,2.3698235158109116,2.3698235158109116,3.6201764841890887,60.43700307494305
5520,76.49,69.17875374628888,69.17875374628888,7.3112462537111185,9.55843411388563
7069,41.599,27.951713322029008,27.951713322029008,13.647286677970989,32.806766215464286
4704,3.8,3.0903145921861404,3.0903145921861404,0.7096854078138595,18.67593178457525
1426,27.9,35.16184958081006,35.16184958081006,7.261849580810065,26.02813469824396
2859,7.5,6.75687568576366,6.75687568576366,0.74312431423634,9.908324189817867
3016,5.0,4.376581856900101,4.376581856900101,0.6234181430998991,12.468362861997981
2688,20.49,19.8822619113399,19.8822619113399,0.6077380886600992,2.9660228826749595
4664,12.0,5.344754841985478,5.344754841985478,6.655245158014522,55.46037631678769
2280,2.95,4.348882378550557,4.348882378550557,1.3988823785505566,47.41974164578158
347,6.5,6.992699187710183,6.992699187710183,0.4926991877101834,7.57998750323359
4320,12.99,15.08851170862726,15.08851170862726,2.09851170862726,16.154824546784145
333,11.5,6.88341981256447,6.88341981256447,4.61658018743553,40.14417554291765
4386,6.5,6.503304164512205,6.503304164512205,0.0033041645122047214,0.05083330018776494
3381,7.75,6.576426707204927,6.576426707204927,1.1735732927950728,15.142881197355779
5781,18.355,23.75286507677795,23.75286507677795,5.397865076777951,29.408145337934897
6380,15.89,15.901041016721534,15.901041016721534,0.011041016721533126,0.06948405740423616
5832,83.49,96.2271754505361,96.2271754505361,12.7371754505361,15.25592939338376
6831,8.29,9.897998443186998,9.897998443186998,1.6079984431869985,19.396844911785266
3023,9.79,9.831116499287738,9.831116499287738,0.04111649928773886,0.4199846709677105
6726,5.65,5.093011300222202,5.093011300222202,0.556988699777798,9.858207075713239
746,14.5,16.29048905781112,16.29048905781112,1.7904890578111186,12.348200398697369
3410,34.0,26.276123418776695,26.276123418776695,7.723876581223305,22.717284062421484
5257,5.7,5.644627058748567,5.644627058748567,0.05537294125143344,0.9714551096742707
3704,5.0,4.4280948430288465,4.4280948430288465,0.5719051569711535,11.43810313942307
3589,2.5,3.1620581944480004,3.1620581944480004,0.6620581944480004,26.482327777920016
5019,7.8,6.533491900720989,6.533491900720989,1.2665080992790108,16.237283324089884
4038,24.2,19.8822619113399,19.8822619113399,4.3177380886601,17.841892928347523
3608,9.3,8.218797199192926,8.218797199192926,1.081202800807075,11.625836567818011
6968,28.59,28.095755924691854,28.095755924691854,0.4942440753081456,1.7287305886958575
259,4.8,5.789403518953741,5.789403518953741,0.9894035189537416,20.612573311536284
1795,11.49,8.786429763392675,8.786429763392675,2.703570236607325,23.52976707230048
4210,20.0,16.176071221367167,16.176071221367167,3.8239287786328333,19.119643893164167
3653,8.3,4.780056707658617,4.780056707658617,3.5199432923413836,42.408955329414255
3265,4.59,5.80862106069261,5.80862106069261,1.2186210606926098,26.54947844646209
3246,5.0,5.884931808697745,5.884931808697745,0.8849318086977451,17.698636173954903
1730,25.0,16.008928731128247,16.008928731128247,8.991071268871753,35.96428507548701
599,11.5,15.334809474015572,15.334809474015572,3.8348094740155716,33.34616933926584
45,13.0,13.344785094837528,13.344785094837528,0.34478509483752795,2.6521930372117533
4651,23.5,12.461840701428915,12.461840701428915,11.038159298571085,46.97089063221738
5070,6.0,6.143286885334054,6.143286885334054,0.14328688533405387,2.388114755567565
4575,6.0,4.832302464780251,4.832302464780251,1.167697535219749,19.461625586995815
3921,14.2,7.8135257863953145,7.8135257863953145,6.386474213604685,44.97517051834286
3881,2.686686,3.543285450989455,3.543285450989455,0.8565994509894552,31.88312482327504
6979,5.85,13.64939134643825,13.64939134643825,7.7993913464382505,133.32292899894446
6997,28.9,21.676308082532252,21.676308082532252,7.223691917467747,24.995473762864176
1421,1.9,3.008591227683994,3.008591227683994,1.108591227683994,58.346906720210214
4251,17.2,16.84914694531911,16.84914694531911,0.3508530546808899,2.0398433411679644
3529,2.3,2.3358711749884793,2.3358711749884793,0.03587117498847947,1.5596163038469337
6651,12.09,13.010141773074261,13.010141773074261,0.9201417730742616,7.610767353798689
6497,96.79,96.6437633561084,96.6437633561084,0.14623664389161206,0.15108652122286606
7180,15.99,17.81227689118826,17.81227689118826,1.8222768911882614,11.396353290733343
3044,13.2,16.79892911625383,16.79892911625383,3.5989291162538315,27.26461451707448
1298,4.1,5.80862106069261,5.80862106069261,1.70862106069261,41.67368440713683
426,6.5,5.520458472666343,5.520458472666343,0.979541527333657,15.06986965128703
4603,8.2,6.1468796149918035,6.1468796149918035,2.053120385008196,25.03805347570971
805,19.9,18.891174498072235,18.891174498072235,1.0088255019277632,5.069474884059113
410,7.7,11.48874109761443,11.48874109761443,3.7887410976144293,49.20442983914843
6097,12.38,14.909087728423108,14.909087728423108,2.5290877284231073,20.428818484839315
3858,15.0,6.443384211174726,6.443384211174726,8.556615788825274,57.04410525883517
438,8.8,10.859366610632028,10.859366610632028,2.0593666106320274,23.401893302636672
2389,2.0,2.2254930825992396,2.2254930825992396,0.2254930825992396,11.27465412996198
4161,9.2,10.779812336855933,10.779812336855933,1.5798123368559338,17.171873226694935
434,5.8,6.29302508249066,6.29302508249066,0.4930250824906599,8.500432456735515
751,10.5,8.258466061810335,8.258466061810335,2.241533938189665,21.347942268473
3411,8.5,6.015877375812511,6.015877375812511,2.4841226241874894,29.22497204926458
2874,6.99,5.697978364180625,5.697978364180625,1.292021635819375,18.483857450920958
4383,14.6,14.867421713861088,14.867421713861088,0.26742171386108815,1.8316555743910148
2142,9.0,8.233100850878229,8.233100850878229,0.7668991491217714,8.521101656908572
6044,24.0,37.722366879792375,37.722366879792375,13.722366879792375,57.17652866580156
4937,7.5,6.681685950870949,6.681685950870949,0.818314049129051,10.910853988387347
4856,5.9,8.780473313602021,8.780473313602021,2.880473313602021,48.821581586474935
1049,6.0,7.181341244698318,7.181341244698318,1.1813412446983182,19.689020744971973
626,6.5,6.317825677162124,6.317825677162124,0.18217432283787627,2.8026818898134813
1926,10.2,10.11357618567639,10.11357618567639,0.08642381432360935,0.8472922972902877
1223,7.6,5.697978364180625,5.697978364180625,1.9020216358193744,25.02660047130756
210,7.89,10.497376671276673,10.497376671276673,2.607376671276673,33.04659912898191
2431,3.89,2.5071547367570406,2.5071547367570406,1.3828452632429595,35.54872142012749
6216,14.59,17.555632486448474,17.555632486448474,2.9656324864484738,20.326473519180766
4927,16.0,17.762731629336105,17.762731629336105,1.7627316293361055,11.017072683350658
51,18.8,14.760826826571233,14.760826826571233,4.039173173428768,21.484963688450893
1109,12.5,12.54679016852551,12.54679016852551,0.04679016852550966,0.37432134820407725
1436,7.2,9.294576024051597,9.294576024051597,2.094576024051597,29.091333667383296
7277,10.49,12.183192131259569,12.183192131259569,1.6931921312595684,16.141011737460136
3882,2.8,4.6773883588152785,4.6773883588152785,1.8773883588152787,67.04958424340282
1786,10.8,5.644627058748567,5.644627058748567,5.155372941251434,47.73493464121698
5456,22.0,26.197309394541527,26.197309394541527,4.197309394541527,19.078679066097852
4338,6.0,5.371942136634747,5.371942136634747,0.6280578633652532,10.467631056087551
6336,19.592,25.031036461293354,25.031036461293354,5.439036461293355,27.761517258541012
1558,2.8,3.5453440196439,3.5453440196439,0.7453440196439001,26.61942927299643
2249,26.49,17.698351787547505,17.698351787547505,8.791648212452493,33.1885549733956
5044,36.0,23.37666914423407,23.37666914423407,12.623330855765929,35.06480793268313
3786,8.5,12.481035622040581,12.481035622040581,3.981035622040581,46.83571320047742
4233,12.8,16.34789097965999,16.34789097965999,3.5478909796599893,27.717898278593665
4561,13.0,7.927907258515489,7.927907258515489,5.072092741484511,39.01609801141932
3733,3.5,4.097433141379592,4.097433141379592,0.5974331413795921,17.069518325131202
5661,63.05,80.76558820512581,80.76558820512581,17.715588205125812,28.097681530730867
5664,70.99,69.17875374628888,69.17875374628888,1.8112462537111185,2.5514104151445536
6291,8.89,8.867509202706088,8.867509202706088,0.022490797293912124,0.25298984582578316
6970,20.49,27.564674880870545,27.564674880870545,7.074674880870546,34.527451834409696
4693,29.5,13.266852912611164,13.266852912611164,16.233147087388836,55.02761724538588
3164,1.0,1.696653312198868,1.696653312198868,0.6966533121988681,69.66533121988681
2112,5.4,4.797568386020384,4.797568386020384,0.6024316139796166,11.15614099962253
705,7.2,7.386337277565206,7.386337277565206,0.18633727756520546,2.5880177439611867
2943,26.5,17.891897049197386,17.891897049197386,8.608102950802614,32.4834073615193
6952,20.99,13.87610480446821,13.87610480446821,7.113895195531789,33.89183037413906
57,3.8,5.766110708860681,5.766110708860681,1.9661107088606808,51.73975549633371
4881,9.8,10.162697598065545,10.162697598065545,0.36269759806554447,3.7009958986280047
5640,17.2,23.892493833392987,23.892493833392987,6.692493833392987,38.90984786856388
527,4.5,11.406635816205211,11.406635816205211,6.9066358162052115,153.48079591567137
1935,3.8,3.793762635370551,3.793762635370551,0.006237364629448905,0.16414117445918172
5058,1.95,3.739151744491748,3.739151744491748,1.789151744491748,91.75137151239733
565,4.0,7.102788346942504,7.102788346942504,3.1027883469425044,77.56970867356262
1871,4.9,5.764853465676748,5.764853465676748,0.8648534656767479,17.650070728096896
6095,18.85,20.621466221293144,20.621466221293144,1.7714662212931422,9.397698786701019
640,5.5,4.239831715673513,4.239831715673513,1.260168284326487,22.912150624117945
5282,5.0,4.633825248585809,4.633825248585809,0.3661747514141913,7.323495028283826
1747,41.0,30.333231988097946,30.333231988097946,10.666768011902054,26.016507346102568
730,6.5,8.095115622251825,8.095115622251825,1.595115622251825,24.54024034233577
