sample_id,y_true_price,raw_prediction,y_pred_price,absolute_error,absolute_percentage_error
3909,5.5,3.332785581770779,3.332785581770779,2.167214418229221,39.40389851325856
6004,37.499,28.903434983270195,28.903434983270195,8.595565016729807,22.922117967758627
1768,27.49,20.071383394297207,20.071383394297207,7.418616605702791,26.98660096654344
3360,7.8,7.849158802411931,7.849158802411931,0.049158802411930935,0.630241056563217
4700,12.99,11.527163645343284,11.527163645343284,1.4628363546567158,11.261249843392731
865,3.5,3.4245398632201063,3.4245398632201063,0.07546013677989372,2.1560039079969635
7074,52.5,34.290437741232175,34.290437741232175,18.209562258767825,34.6848804928911
2233,26.0,29.37474447805752,29.37474447805752,3.3747444780575186,12.97978645406738
1720,22.0,11.196155850696616,11.196155850696616,10.803844149303384,49.10838249683356
1662,4.7,7.703557880728588,7.703557880728588,3.0035578807285876,63.905486824012506
1566,11.49,15.737886263651172,15.737886263651172,4.247886263651171,36.97028950088052
5141,3.2,5.39474719238314,5.39474719238314,2.19474719238314,68.58584976197312
7264,63.86,55.879758221943696,55.879758221943696,7.980241778056303,12.496463792759634
5464,127.0,102.7505945500562,102.7505945500562,24.249405449943794,19.09402003932582
6348,31.79,27.666625485665197,27.666625485665197,4.123374514334802,12.970665348646751
6283,17.99,33.77512905028163,33.77512905028163,15.785129050281629,87.74390800601239
6419,30.9,30.070423792637605,30.070423792637605,0.8295762073623933,2.6847126451857393
763,7.9,12.158885472072972,12.158885472072972,4.258885472072972,53.90994268446801
3297,4.8,5.739766647246234,5.739766647246234,0.939766647246234,19.57847181762988
2654,3.59,2.551746262177979,2.551746262177979,1.038253737822021,28.920716930975516
2189,3.1399,5.432209741199225,5.432209741199225,2.292309741199225,73.00581996876414
3945,1.9,2.017258879372688,2.017258879372688,0.11725887937268809,6.171519966983584
6006,20.04,24.902167528017696,24.902167528017696,4.862167528017697,24.262313014060364
1197,19.8,12.586659814939198,12.586659814939198,7.213340185060803,36.43101103566062
429,7.5,6.4646833434752455,6.4646833434752455,1.0353166565247545,13.804222086996726
4271,5.7,5.881854745219738,5.881854745219738,0.18185474521973788,3.190434126662068
3905,5.1,6.674077148427542,6.674077148427542,1.5740771484275422,30.86425781230475
2316,2.7,6.306894450199555,6.306894450199555,3.6068944501995546,133.58868334072423
4584,13.5,9.61265049991663,9.61265049991663,3.8873495000833707,28.795181482099043
7086,51.49,57.1672764431653,57.1672764431653,5.677276443165297,11.025978720460861
1992,16.5,15.166133957513845,15.166133957513845,1.3338660424861555,8.084036621128215
7240,13.1,14.792480587158225,14.792480587158225,1.6924805871582258,12.919699138612412
554,7.2,8.370861396208534,8.370861396208534,1.170861396208534,16.261963836229636
1905,11.999,11.56300497288296,11.56300497288296,0.4359950271170412,3.633594692199693
2034,14.5,12.329344731624301,12.329344731624301,2.1706552683756986,14.970036333625508
1215,6.2,6.275316008100057,6.275316008100057,0.07531600810005656,1.2147743241944609
1615,7.0,7.5150685787768525,7.5150685787768525,0.5150685787768525,7.358122553955036
1002,3.2,2.4417137839357217,2.4417137839357217,0.7582862160642785,23.696444252008703
2388,9.95,6.747691727087761,6.747691727087761,3.202308272912238,32.18400274283656
6001,38.9,32.22984110107806,32.22984110107806,6.67015889892194,17.146938043501134
1533,4.95,4.567666326107311,4.567666326107311,0.38233367389268924,7.723912603892711
5326,26.5,29.02991855187915,29.02991855187915,2.529918551879149,9.546862459921316
2764,22.5,19.872235558915943,19.872235558915943,2.6277644410840573,11.678953071484699
6702,12.99,12.082442507144709,12.082442507144709,0.9075574928552914,6.986585780256285
496,10.89,13.708256559808964,13.708256559808964,2.8182565598089635,25.879307252607557
2691,29.5,32.202895813358225,32.202895813358225,2.702895813358225,9.162358689349915
7213,26.25,33.80002293942482,33.80002293942482,7.550022939424821,28.76199215018979
5400,13.99,13.7688843430797,13.7688843430797,0.22111565692030055,1.5805264969285242
5931,44.99,36.85739405444954,36.85739405444954,8.13260594555046,18.07647465114572
828,4.8,3.3971291834725665,3.3971291834725665,1.4028708165274333,29.22647534432153
3552,1.55,3.1662697711333387,3.1662697711333387,1.6162697711333387,104.27546910537669
61,6.9,9.43458752013658,9.43458752013658,2.5345875201365793,36.73315246574752
1429,10.0,15.319398963207213,15.319398963207213,5.319398963207213,53.19398963207214
2970,3.2,3.490246609574891,3.490246609574891,0.2902466095748908,9.070206549215337
3955,29.9,33.95084644198976,33.95084644198976,4.050846441989762,13.547981411336998
4121,14.5,13.05658668872714,13.05658668872714,1.4434133112728595,9.95457456050248
3550,16.4,15.911630516261448,15.911630516261448,0.48836948373855016,2.9778627057228673
5189,4.6,3.04286829132065,3.04286829132065,1.5571317086793495,33.85068931911629
465,5.95,7.003917916682917,7.003917916682917,1.0539179166829165,17.71290616273809
5636,7.5,14.785067368682997,14.785067368682997,7.285067368682997,97.13423158243995
6951,12.9,17.319547116113746,17.319547116113746,4.419547116113746,34.26005516367245
4230,8.2,7.465996122943022,7.465996122943022,0.7340038770569777,8.951266793377776
6145,42.45,60.08743504705195,60.08743504705195,17.637435047051945,41.54872802603521
1902,8.9,8.220266441878513,8.220266441878513,0.6797335581214874,7.637455709230196
185,4.7,4.567666326107311,4.567666326107311,0.13233367389268924,2.8156100828231754
2662,4.8,5.152688035451366,5.152688035451366,0.35268803545136596,7.347667405236791
932,2.0,4.089619676791244,4.089619676791244,2.0896196767912443,104.48098383956221
6485,20.95,26.620638622533683,26.620638622533683,5.670638622533684,27.067487458394673
5510,12.99,27.58131728910118,27.58131728910118,14.591317289101179,112.32730784527467
1487,18.99,9.43458752013658,9.43458752013658,9.555412479863419,50.318127856047504
1084,17.0,12.085491364088202,12.085491364088202,4.9145086359117975,28.908874328892924
7123,11.999,14.462650438010499,14.462650438010499,2.4636504380104984,20.532131327698128
5735,99.69,74.39348914318474,74.39348914318474,25.29651085681526,25.375173895892527
2939,12.5,11.527353043497278,11.527353043497278,0.9726469565027216,7.781175652021773
1940,7.5,8.138840128565173,8.138840128565173,0.6388401285651728,8.51786838086897
5481,17.86,18.831757232967778,18.831757232967778,0.9717572329677786,5.440969949427652
3268,2.2,2.7207302652696863,2.7207302652696863,0.5207302652696861,23.669557512258457
1703,22.5,25.927833493005913,25.927833493005913,3.427833493005913,15.234815524470724
6381,19.8,20.813738969022214,20.813738969022214,1.0137389690222136,5.119893782940473
3244,1.5,2.858303925300623,2.858303925300623,1.358303925300623,90.55359502004153
4438,1.5,2.4006097385770095,2.4006097385770095,0.9006097385770095,60.0406492384673
5549,17.5,15.351569210056855,15.351569210056855,2.148430789943145,12.276747371103685
4063,8.0,8.269796230495848,8.269796230495848,0.26979623049584767,3.372452881198096
5269,5.299999,5.3053840006013715,5.3053840006013715,0.005385000601371814,0.10160380410207276
7091,24.299,33.42464325911232,33.42464325911232,9.125643259112323,37.55563298535875
2718,22.0,16.92954172527168,16.92954172527168,5.0704582747283204,23.047537612401456
1740,7.8,9.137075736892392,9.137075736892392,1.337075736892392,17.141996626825538
5023,17.5,15.133835161650332,15.133835161650332,2.3661648383496683,13.520941933426675
3994,7.0,7.9867888577053625,7.9867888577053625,0.9867888577053625,14.09698368150518
101,12.6,11.457896720639786,11.457896720639786,1.1421032793602137,9.064311740954077
4505,15.0,17.04121937797967,17.04121937797967,2.041219377979669,13.608129186531126
736,8.2,10.289995968026455,10.289995968026455,2.0899959680264555,25.487755707639703
7111,48.49,53.61041854869917,53.61041854869917,5.1204185486991705,10.559741284180594
538,25.5,20.570613041727388,20.570613041727388,4.929386958272612,19.330929248127894
4520,9.0,7.039796706061972,7.039796706061972,1.9602032939380276,21.780036599311416
5153,8.5,9.890122120731856,9.890122120731856,1.3901221207318564,16.354377890963015
733,10.8,14.378574327450334,14.378574327450334,3.578574327450333,33.13494747639197
5218,4.4,7.55447624465424,7.55447624465424,3.15447624465424,71.69264192395998
79,3.7,3.1764912969768697,3.1764912969768697,0.5235087030231305,14.148883865490012
5808,17.79,16.607784055908702,16.607784055908702,1.182215944091297,6.645395975780197
3113,5.5,5.881854745219738,5.881854745219738,0.38185474521973806,6.942813549449784
5278,5.3,4.166088413818061,4.166088413818061,1.1339115861819389,21.394558229847902
3082,5.9,6.503945415186287,6.503945415186287,0.6039454151862866,10.236362969259096
4939,11.5,9.977706969125462,9.977706969125462,1.522293030874538,13.237330703256852
132,8.9,6.281041553348013,6.281041553348013,2.6189584466519875,29.426499400584127
737,12.2,8.333418714799068,8.333418714799068,3.8665812852009314,31.693289222958455
1041,9.0,7.893135068922146,7.893135068922146,1.1068649310778538,12.298499234198374
2095,13.5,15.789236980070134,15.789236980070134,2.289236980070134,16.957310963482474
7199,21.99,23.8694040427523,23.8694040427523,1.8794040427523022,8.54663048091088
6848,42.499,36.57705374052405,36.57705374052405,5.921946259475952,13.934319065097888
1634,9.3,15.166133957513845,15.166133957513845,5.866133957513844,63.07670922057896
6425,20.34,18.41928174940922,18.41928174940922,1.920718250590781,9.443059245775718
5527,23.9,28.269968109302415,28.269968109302415,4.369968109302416,18.28438539457078
6243,47.499,34.50678676916422,34.50678676916422,12.99221323083578,27.352603698679506
6607,41.0,47.65400813783924,47.65400813783924,6.6540081378392415,16.229288141071322
3308,17.2,16.557281909103043,16.557281909103043,0.6427180908969561,3.7367330866102098
4726,5.0,8.283265243842688,8.283265243842688,3.2832652438426884,65.66530487685377
5241,1.8,3.913562842660774,3.913562842660774,2.113562842660774,117.42015792559855
5112,14.499,9.075338116617493,9.075338116617493,5.423661883382508,37.40714451605288
2647,7.5,7.006316263719941,7.006316263719941,0.493683736280059,6.582449817067454
3139,6.2,6.272415878745251,6.272415878745251,0.07241587874525113,1.167998044278244
5239,6.6,6.611829256033814,6.611829256033814,0.01182925603381424,0.1792311520274885
319,9.0,8.051134246484144,8.051134246484144,0.9488657535158556,10.542952816842838
5857,4.845,11.670432288297098,11.670432288297098,6.825432288297098,140.87579542408872
6898,38.8,41.332649701858905,41.332649701858905,2.532649701858908,6.527447685203372
842,7.5,5.946140381235812,5.946140381235812,1.5538596187641884,20.71812825018918
1894,5.5,3.9271207896977915,3.9271207896977915,1.5728792103022085,28.597803823676514
177,7.5,11.444846550787384,11.444846550787384,3.9448465507873838,52.59795401049845
5163,3.8,2.035960575660784,2.035960575660784,1.7640394243392157,46.42209011418989
4671,7.3,6.143792569206664,6.143792569206664,1.1562074307933354,15.838457956073087
3832,22.9,14.98580064460498,14.98580064460498,7.914199355395018,34.559822512642
3961,3.95,4.336155852293364,4.336155852293364,0.38615585229336347,9.776097526414265
1509,4.0,1.8278860965200687,1.8278860965200687,2.1721139034799313,54.30284758699828
6654,19.49,16.5038436381151,16.5038436381151,2.9861563618848983,15.321479537634165
2177,11.4,8.294668462158045,8.294668462158045,3.1053315378419555,27.239750331946976
3671,1.4,2.502513970380061,2.502513970380061,1.1025139703800613,78.7509978842901
1755,6.9,4.818495381461339,4.818495381461339,2.081504618538661,30.166733602009575
2245,4.0,5.753540791383609,5.753540791383609,1.7535407913836094,43.83851978459023
3193,4.799,5.739766647246234,5.739766647246234,0.9407666472462335,19.60338919037786
1038,13.5,11.534772557504782,11.534772557504782,1.9652274424952179,14.55724031477939
6559,8.1,5.519251150049712,5.519251150049712,2.5807488499502877,31.86109691296652
3450,7.29,6.763300670801675,6.763300670801675,0.5266993291983253,7.224956504778126
5444,41.29,38.515586794683685,38.515586794683685,2.774413205316314,6.719334476426046
3433,17.49,14.97816342079475,14.97816342079475,2.511836579205248,14.361558486022002
3002,15.9,15.258762941132515,15.258762941132515,0.6412370588674854,4.032937477153996
2516,1.5,1.0991687373454309,1.0991687373454309,0.40083126265456914,26.72208417697128
3698,5.35,4.502636747463825,4.502636747463825,0.8473632525361747,15.838565467965884
2045,4.99,5.5225301812788326,5.5225301812788326,0.5325301812788323,10.671947520617882
4239,9.49,6.100116080819881,6.100116080819881,3.389883919180119,35.72058924320463
4710,4.99,6.089624965929776,6.089624965929776,1.0996249659297757,22.036572463522557
1728,31.5,30.284292767124445,30.284292767124445,1.2157072328755554,3.859388040874779
3319,9.19,11.150896340473103,11.150896340473103,1.960896340473104,21.337283356617018
5372,2.899,6.030937824601304,6.030937824601304,3.1319378246013043,108.03510950677145
2771,27.5,20.092656516611967,20.092656516611967,7.407343483388033,26.935794485047392
4552,1.5,2.1820861296409078,2.1820861296409078,0.6820861296409078,45.47240864272719
3379,5.0,10.820311517277185,10.820311517277185,5.820311517277185,116.40623034554369
3857,6.7,6.154992772626082,6.154992772626082,0.5450072273739179,8.13443622946146
5435,23.49,30.359421545993317,30.359421545993317,6.869421545993319,29.244025312870665
4104,3.2,3.422825004442528,3.422825004442528,0.22282500444252795,6.963281388828999
6784,28.799,17.507369709558233,17.507369709558233,11.291630290441766,39.20841102274998
2412,21.49,15.352004085285106,15.352004085285106,6.137995914714892,28.562102907002757
6248,27.89,31.85677733517997,31.85677733517997,3.9667773351799696,14.222937738185621
3045,11.5,12.240963563836214,12.240963563836214,0.740963563836214,6.44316142466273
1918,14.9,12.722084255424019,12.722084255424019,2.177915744575982,14.616884191785113
3824,4.0,6.469326340982138,6.469326340982138,2.469326340982138,61.73315852455345
1550,13.5,12.896957724488454,12.896957724488454,0.6030422755115463,4.466979818604047
1934,7.9,7.610284543076602,7.610284543076602,0.28971545692339795,3.6672842648531385
7148,19.199,15.117824353738637,15.117824353738637,4.081175646261364,21.257230305022993
3370,8.99,8.93793713519317,8.93793713519317,0.05206286480682998,0.579119742011457
2481,10.7,11.718782433290897,11.718782433290897,1.0187824332908981,9.521331152251385
6017,21.999,14.078437462849918,14.078437462849918,7.920562537150081,36.0041935412977
5643,21.1,21.84039606425711,21.84039606425711,0.7403960642571086,3.5089860865265803
3889,2.9,6.398867575388186,6.398867575388186,3.498867575388186,120.65060604786851
3664,26.0,23.258161105336438,23.258161105336438,2.7418388946635623,10.54553421024447
1600,14.8,15.166133957513845,15.166133957513845,0.3661339575138438,2.4738780913097553
2275,23.49,17.696901736736876,17.696901736736876,5.793098263263122,24.661976429387494
4024,8.2,6.815204496226041,6.815204496226041,1.384795503773958,16.887750046023882
2312,8.0,8.048461096783468,8.048461096783468,0.048461096783467994,0.6057637097933499
3935,6.9,6.08495856991477,6.08495856991477,0.8150414300852304,11.812194638916383
4352,1.0,4.794156008606828,4.794156008606828,3.7941560086068282,379.41560086068284
1672,1.3,5.503414238514108,5.503414238514108,4.2034142385141084,323.33955680877756
3792,15.9,14.905307588029594,14.905307588029594,0.9946924119704068,6.255927119310735
1034,4.6,5.753540791383609,5.753540791383609,1.1535407913836098,25.07697372573065
3439,10.5,8.12841141928317,8.12841141928317,2.37158858071683,22.58655791158886
3221,8.9,11.41562879990673,11.41562879990673,2.515628799906729,28.26549213378347
2955,5.5,5.243745403623548,5.243745403623548,0.2562545963764524,4.659174479571862
4490,2.0,1.8078924422446172,1.8078924422446172,0.1921075577553828,9.60537788776914
7244,46.49,36.94964522701173,36.94964522701173,9.540354772988273,20.52130516882829
6285,16.09,17.001597900739238,17.001597900739238,0.9115979007392383,5.665617779609933
2268,16.49,19.825174307342106,19.825174307342106,3.3351743073421076,20.225435459927883
1699,2.6,2.76950796710862,2.76950796710862,0.1695079671086197,6.5195371964853726
3519,10.5,10.462931575588122,10.462931575588122,0.03706842441187774,0.3530326134464547
87,8.5,10.532281142853494,10.532281142853494,2.0322811428534937,23.909189915923456
7113,22.59,23.10757481380436,23.10757481380436,0.5175748138043588,2.291167834459313
676,5.3,5.9142820678193555,5.9142820678193555,0.6142820678193557,11.590227694704824
4407,24.99,16.54856879784918,16.54856879784918,8.44143120215082,33.779236503204565
3317,4.9,5.739766647246234,5.739766647246234,0.8397666472462335,17.138094841759866
6902,67.0,66.97681494162026,66.97681494162026,0.023185058379738166,0.034604564745877864
2569,4.1,4.280339143222877,4.280339143222877,0.18033914322287714,4.398515688362858
393,2.999,3.3617295541574364,3.3617295541574364,0.36272955415743624,12.095016810851492
1149,5.6,5.074265963926466,5.074265963926466,0.5257340360735334,9.388107787027383
1168,5.9,6.454523199025628,6.454523199025628,0.5545231990256276,9.398698288569959
2208,3.4,2.6161363165985834,2.6161363165985834,0.7838636834014165,23.054814217688723
230,18.5,26.220139466883918,26.220139466883918,7.720139466883918,41.73048360477794
2802,4.999999,5.739766647246234,5.739766647246234,0.739767647246234,14.79535590399586
1543,4.4,5.148095009143719,5.148095009143719,0.7480950091437188,17.00215929872088
2345,28.5,26.01636355570535,26.01636355570535,2.4836364442946497,8.71451383963035
3599,6.0,6.518829018008163,6.518829018008163,0.5188290180081632,8.647150300136053
2892,2.2,2.658449327982344,2.658449327982344,0.45844932798234383,20.838605817379264
4691,25.9,28.03011054176651,28.03011054176651,2.1301105417665127,8.224365026125533
2942,16.0,19.30621570682162,19.30621570682162,3.3062157068216216,20.663848167635134
5121,24.49,16.92000222929593,16.92000222929593,7.56999777070407,30.910566642319605
7189,54.99,51.59048960674329,51.59048960674329,3.399510393256712,6.182051997193511
970,3.2,1.9840937483990528,1.9840937483990528,1.2159062516009473,37.9970703625296
3718,5.6,5.379967832103725,5.379967832103725,0.22003216789627444,3.9291458552906153
5329,7.0,6.6509555579001525,6.6509555579001525,0.34904444209984753,4.986349172854965
169,10.5,13.027336701080444,13.027336701080444,2.5273367010804435,24.06987334362327
1056,9.0,5.671525194952659,5.671525194952659,3.3284748050473407,36.9830533894149
5968,24.1145,21.22288569785679,21.22288569785679,2.8916143021432106,11.99118498058517
251,3.7,4.346671355050709,4.346671355050709,0.6466713550507084,17.477604190559685
5889,51.0,30.02926837133854,30.02926837133854,20.97073162866146,41.11908162482639
2705,10.5,6.272576892123253,6.272576892123253,4.227423107876747,40.26117245596901
1729,4.3,4.690985186698143,4.690985186698143,0.39098518669814286,9.092678760421927
2533,8.6,5.732899043025427,5.732899043025427,2.8671009569745722,33.33838322063456
95,7.5,2.262685976445519,2.262685976445519,5.237314023554481,69.83085364739307
5646,17.5,23.328573744834898,23.328573744834898,5.828573744834898,33.30613568477085
5174,23.49,11.094558684241028,11.094558684241028,12.395441315758971,52.76901368990622
3692,2.8,4.434792229604625,4.434792229604625,1.6347922296046251,58.38543677159376
1172,6.69,6.674077148427542,6.674077148427542,0.01592285157245854,0.23800973949863286
1383,11.9,15.351776448753444,15.351776448753444,3.451776448753444,29.006524779440706
5263,7.2,9.083277513129167,9.083277513129167,1.8832775131291664,26.156632126793976
711,13.7,15.166133957513845,15.166133957513845,1.4661339575138452,10.701707719079163
2354,7.9,8.568381190841714,8.568381190841714,0.6683811908417141,8.460521403059671
2215,7.0,8.333418714799068,8.333418714799068,1.333418714799068,19.048838782843827
3779,7.49,8.887219570809291,8.887219570809291,1.3972195708092912,18.654466899990535
5242,5.5,12.489205536968043,12.489205536968043,6.9892055369680435,127.07646430850987
69,5.5,5.881617996521815,5.881617996521815,0.3816179965218147,6.938509027669358
263,6.5,10.199226905065863,10.199226905065863,3.6992269050658635,56.91118315485944
408,16.0,9.799794085041173,9.799794085041173,6.200205914958827,38.75128696849267
7137,54.99,47.875530119335735,47.875530119335735,7.1144698806642666,12.937752101589863
6024,24.39,20.11583684006631,20.11583684006631,4.274163159933689,17.52424419817011
3217,1.79,4.601966970179009,4.601966970179009,2.811966970179009,157.09312682564297
5196,11.6,13.437417874777825,13.437417874777825,1.8374178747778256,15.839809265326082
37,13.8,15.352004085285106,15.352004085285106,1.5520040852851054,11.246406415109458
3504,6.99,6.507616554351953,6.507616554351953,0.4823834456480469,6.9010507245786386
1862,31.0,24.25766460067174,24.25766460067174,6.742335399328262,21.749469030091166
4602,13.3,12.896957724488454,12.896957724488454,0.40304227551154703,3.030393048959
6222,20.66,22.73956119009903,22.73956119009903,2.0795611900990316,10.065639835910124
6474,9.29,11.123006388091294,11.123006388091294,1.8330063880912952,19.730962196892307
2333,28.5,33.956895631969836,33.956895631969836,5.456895631969836,19.14700221743802
1575,6.8,9.61265049991663,9.61265049991663,2.8126504999166295,41.36250735171514
6763,35.89,49.7995328399392,49.7995328399392,13.909532839939196,38.756012370964605
5733,20.0,30.30145527837401,30.30145527837401,10.30145527837401,51.50727639187005
3295,11.0,11.430637323899422,11.430637323899422,0.4306373238994219,3.9148847627220174
3985,19.5,15.481557275980062,15.481557275980062,4.018442724019938,20.60739858471763
5958,89.09,113.23423779381612,113.23423779381612,24.144237793816117,27.100951615014164
3641,13.8,10.33515430022006,10.33515430022006,3.464845699779941,25.107577534637255
1163,5.39,5.739766647246234,5.739766647246234,0.3497666472462342,6.48917712887262
3781,8.5,10.651029360194878,10.651029360194878,2.151029360194878,25.306227766998564
1554,23.99,21.64320959179109,21.64320959179109,2.346790408208907,9.782369354768267
19,10.0,5.3740533781971305,5.3740533781971305,4.6259466218028695,46.25946621802869
3257,7.1,13.440664544913831,13.440664544913831,6.340664544913832,89.30513443540609
3279,6.699999,8.051134246484144,8.051134246484144,1.3511352464841444,20.166200718599278
982,1.7,2.6179853851603565,2.6179853851603565,0.9179853851603565,53.999140303550384
6602,12.15,15.933444544023729,15.933444544023729,3.7834445440237285,31.139461267685007
239,4.8,5.306688190472592,5.306688190472592,0.506688190472592,10.556003968178999
7053,20.99,22.00911702775259,22.00911702775259,1.0191170277525927,4.8552502513225
2509,22.05,19.283358574016443,19.283358574016443,2.7666414259835577,12.54712664845151
3800,7.3,4.492015264791881,4.492015264791881,2.8079847352081186,38.46554431791944
6775,25.99,42.18522358321826,42.18522358321826,16.19522358321826,62.313288123194546
1322,2.5,2.6198534544182737,2.6198534544182737,0.11985345441827366,4.7941381767309466
3842,10.9,14.758945502535374,14.758945502535374,3.8589455025353736,35.40316974803095
3166,10.9,8.37790398959287,8.37790398959287,2.5220960104071306,23.1384955083223
4381,12.0,11.082521253205458,11.082521253205458,0.9174787467945418,7.645656223287848
5635,15.999,25.269460590453566,25.269460590453566,9.270460590453565,57.94400019034668
5514,28.49,36.62024770503155,36.62024770503155,8.130247705031554,28.537197981858736
1965,4.5,5.323066940025939,5.323066940025939,0.8230669400259387,18.29037644502086
2486,4.686,8.955461860742043,8.955461860742043,4.269461860742043,91.11100855190018
4706,3.0,4.69653867277177,4.69653867277177,1.6965386727717702,56.551289092392345
2676,6.2,5.770393075707816,5.770393075707816,0.42960692429218383,6.929143940196514
1726,6.799999,8.943377711879624,8.943377711879624,2.143378711879624,31.520279810035618
332,4.0,2.745961247751807,2.745961247751807,1.254038752248193,31.350968806204826
4728,4.99,5.739766647246234,5.739766647246234,0.7497666472462337,15.025383712349372
3544,4.75,9.069537547424968,9.069537547424968,4.319537547424968,90.93763257736775
6459,13.19,11.90360999691609,11.90360999691609,1.286390003083909,9.752767271295749
1562,25.0,26.538382320913964,26.538382320913964,1.5383823209139642,6.153529283655857
3989,4.5,5.1334364757255715,5.1334364757255715,0.6334364757255715,14.076366127234921
1320,29.5,35.831550792792505,35.831550792792505,6.331550792792505,21.462884043364426
6674,35.99,40.23397797837563,40.23397797837563,4.243977978375625,11.792103301960614
2036,10.799,12.24600083174338,12.24600083174338,1.447000831743381,13.399396534340042
3774,5.5,5.147150571582999,5.147150571582999,0.3528494284170014,6.415444153036389
3121,8.2,8.566368714703621,8.566368714703621,0.3663687147036221,4.467911154922221
2650,3.6,5.304137945462981,5.304137945462981,1.7041379454629806,47.33716515174946
4595,3.95,4.449373639555861,4.449373639555861,0.499373639555861,12.642370621667368
2471,3.55,2.7985213235328326,2.7985213235328326,0.7514786764671673,21.168413421610346
4397,10.8,6.60237597983417,6.60237597983417,4.197624020165831,38.86688907560954
6418,5.8,6.129351353099261,6.129351353099261,0.3293513530992609,5.678471605159671
1888,13.8,22.55902953792028,22.55902953792028,8.75902953792028,63.4712285356542
5537,25.99,14.937827574994222,14.937827574994222,11.052172425005777,42.52471113892181
7214,57.99,60.27826410918289,60.27826410918289,2.28826410918289,3.945963285364529
2519,29.5,31.99335281681006,31.99335281681006,2.4933528168100594,8.45204344681376
1142,13.89,13.76748008204028,13.76748008204028,0.12251991795972117,0.8820728434825138
308,11.3,7.331882104883708,7.331882104883708,3.9681178951162925,35.11608756740082
5255,1.99,2.2437036668092842,2.2437036668092842,0.25370366680928425,12.748927980366043
381,4.5,7.364680196925401,7.364680196925401,2.864680196925401,63.65955993167558
4118,7.5,6.292804778730492,6.292804778730492,1.207195221269508,16.09593628359344
3617,7.2,6.100116080819881,6.100116080819881,1.0998839191801189,15.276165544168316
1400,9.8,5.959454135733339,5.959454135733339,3.8405458642666614,39.18924351292512
7075,23.5,18.157035041103885,18.157035041103885,5.342964958896115,22.736021101685594
6806,14.4,15.362787376333065,15.362787376333065,0.9627873763330648,6.686023446757394
2465,4.3,3.1628462348884203,3.1628462348884203,1.1371537651115795,26.445436397943713
994,10.5,11.741576543925166,11.741576543925166,1.2415765439251665,11.824538513573014
683,4.7,6.509021961560817,6.509021961560817,1.8090219615608172,38.48982896937908
3428,7.9,8.27058598010943,8.27058598010943,0.3705859801094302,4.690961773537091
2906,11.9,10.349881019326572,10.349881019326572,1.5501189806734281,13.026209921625446
2984,12.8,10.937361493062678,10.937361493062678,1.8626385069373228,14.551863335447834
457,2.7,4.589871465870831,4.589871465870831,1.889871465870831,69.99523947669745
4028,4.8,4.012443310700948,4.012443310700948,0.787556689299052,16.407431027063584
3622,3.8,6.653821504812682,6.653821504812682,2.8538215048126823,75.10056591612322
756,2.95,2.1454582702206104,2.1454582702206104,0.8045417297793898,27.272601009470836
5845,21.99,23.870254332720844,23.870254332720844,1.8802543327208454,8.550497192909711
4100,1.5,2.986644551777976,2.986644551777976,1.4866445517779758,99.10963678519839
1046,11.89,8.244734882688922,8.244734882688922,3.6452651173110784,30.65824320698972
1024,4.49,2.625960799795088,2.625960799795088,1.8640392002049122,41.51534967048802
2344,13.4,12.504931843157257,12.504931843157257,0.8950681568427434,6.679613110766742
2997,3.2,7.84224675959014,7.84224675959014,4.64224675959014,145.07021123719187
4591,3.55,7.228055757622278,7.228055757622278,3.6780557576222783,103.6072044400642
4974,26.9,19.56557715875467,19.56557715875467,7.334422841245328,27.265512420986347
1515,28.2,28.725439605893,28.725439605893,0.525439605893002,1.8632610138049714
5186,24.19,20.36223292399347,20.36223292399347,3.8277670760065305,15.823758065343243
1737,4.3,5.983820325999926,5.983820325999926,1.6838203259999265,39.158612232556436
6156,22.85,22.571197600188377,22.571197600188377,0.27880239981162447,1.2201417934863215
1869,5.6,5.8243222561493,5.8243222561493,0.2243222561493008,4.005754574094658
6526,22.99,24.336703861209013,24.336703861209013,1.346703861209015,5.8577810404915835
1042,3.5,1.0651339280603063,1.0651339280603063,2.4348660719396937,69.56760205541983
3442,6.5,4.589781479795404,4.589781479795404,1.9102185202045963,29.387977233916867
50,7.5,9.975692614845194,9.975692614845194,2.475692614845194,33.00923486460258
786,6.5,6.138578315965692,6.138578315965692,0.3614216840343083,5.560333600527819
245,18.5,25.970319407519035,25.970319407519035,7.470319407519035,40.380104905508304
5303,4.25,8.549492069369258,8.549492069369258,4.299492069369258,101.16451927927666
3076,14.0,11.13192156731462,11.13192156731462,2.8680784326853797,20.486274519181283
5462,37.19,20.537928242641975,20.537928242641975,16.652071757358023,44.77567022682985
7234,54.95,33.28964260128942,33.28964260128942,21.66035739871058,39.418302818399596
625,7.5,9.02734392063295,9.02734392063295,1.5273439206329495,20.364585608439327
6414,26.59,17.921809422275977,17.921809422275977,8.668190577724022,32.59943805086131
2272,5.7,5.5002137304324,5.5002137304324,0.19978626956759982,3.5050222731157863
4812,12.99,13.233922823380837,13.233922823380837,0.24392282338083682,1.8777738520464728
7182,57.28,38.66928994647076,38.66928994647076,18.61071005352924,32.490764758256354
4894,6.9,6.6509555579001525,6.6509555579001525,0.24904444209984788,3.6093397405775054
6403,5.3,6.216462975943184,6.216462975943184,0.9164629759431842,17.291754263078946
1025,12.5,8.955461860742043,8.955461860742043,3.5445381392579574,28.356305114063655
5457,53.99,38.912913892878244,38.912913892878244,15.077086107121758,27.925701254161435
2926,7.5,9.689164463375006,9.689164463375006,2.189164463375006,29.18885951166674
321,31.8,35.66269293206235,35.66269293206235,3.862692932062348,12.146833119692918
3326,17.0,23.397075188990083,23.397075188990083,6.397075188990083,37.62985405288284
3105,11.9,14.714139790518288,14.714139790518288,2.814139790518288,23.648233533767126
1893,4.5,2.8116511270971136,2.8116511270971136,1.6883488729028864,37.518863842286365
4920,6.8,6.175193468132214,6.175193468132214,0.6248065318677858,9.188331350996851
2138,11.49,11.09473496562854,11.09473496562854,0.39526503437146054,3.4400786281241125
5476,40.49,28.832702147506765,28.832702147506765,11.657297852493237,28.790560267950692
3475,1.55,2.1481307275703854,2.1481307275703854,0.5981307275703853,38.58907919808938
4098,11.0,11.98396159685223,11.98396159685223,0.9839615968522306,8.945105425929368
7001,45.499,39.07228758944747,39.07228758944747,6.426712410552533,14.124953099084667
5321,14.799,18.90197165513872,18.90197165513872,4.10297165513872,27.724654741122514
5339,2.7,3.591952247674879,3.591952247674879,0.8919522476748787,33.035268432402916
4296,24.5,23.335462140719862,23.335462140719862,1.1645378592801379,4.753215752163828
3767,5.9,5.946140381235812,5.946140381235812,0.04614038123581121,0.7820403599290036
2126,16.3,22.366126102783507,22.366126102783507,6.066126102783507,37.215497563088995
4279,5.9,3.785773769178693,3.785773769178693,2.1142262308213073,35.83434289527639
233,3.8,5.671525194952659,5.671525194952659,1.8715251949526595,49.25066302506999
65,15.0,13.517039263671027,13.517039263671027,1.4829607363289732,9.88640490885982
5856,20.709,32.75503114528512,32.75503114528512,12.046031145285124,58.168096698465035
1595,14.5,17.39090160160401,17.39090160160401,2.8909016016040106,19.937252424855245
5133,9.8,15.481557275980062,15.481557275980062,5.681557275980062,57.975074244694504
2656,20.9,21.916744469146494,21.916744469146494,1.016744469146495,4.864806072471269
3218,32.99,37.443147960798996,37.443147960798996,4.453147960798994,13.49847820793875
509,5.0,4.896151823202137,4.896151823202137,0.10384817679786273,2.0769635359572547
6253,15.5,19.301207901052475,19.301207901052475,3.801207901052475,24.523921942274033
6481,18.99,28.869960879734712,28.869960879734712,9.879960879734714,52.02717682851351
576,26.7,13.753462839745875,13.753462839745875,12.946537160254124,48.48890322192556
217,4.999999,4.022471464095331,4.022471464095331,0.9775275359046685,19.550554628204296
5697,15.59,25.206841512877517,25.206841512877517,9.616841512877517,61.68596223782885
7082,11.9,10.176086869207523,10.176086869207523,1.7239131307924769,14.486664964642662
3757,4.0,5.365539612393989,5.365539612393989,1.365539612393989,34.13849030984972
3954,9.2,13.889465069490456,13.889465069490456,4.689465069490456,50.97244640750497
6731,24.5,27.535263380777923,27.535263380777923,3.0352633807779235,12.388830125624176
6889,39.9,30.553693728983014,30.553693728983014,9.346306271016985,23.424326493776906
2115,10.5,6.164006947469826,6.164006947469826,4.335993052530174,41.29517192885881
3467,2.0,3.46512722293819,3.46512722293819,1.46512722293819,73.2563611469095
4871,17.5,15.82087612675432,15.82087612675432,1.6791238732456808,9.594993561403891
6130,20.5,27.481792417686655,27.481792417686655,6.9817924176866555,34.057523988715396
3478,9.0,8.955461860742043,8.955461860742043,0.044538139257957354,0.49486821397730396
4487,4.499999,5.923093004958697,5.923093004958697,1.4230940049586973,31.62431824893066
3933,29.99,23.02454976028395,23.02454976028395,6.9654502397160485,23.225909435532007
3347,7.6,6.469326340982138,6.469326340982138,1.1306736590178614,14.877284987077125
1261,6.5,5.819087709296341,5.819087709296341,0.6809122907036587,10.475573703133211
4382,9.5,11.418377731616049,11.418377731616049,1.918377731616049,20.19344980648473
3163,9.65,10.032833288555857,10.032833288555857,0.3828332885558563,3.967184337366386
1412,4.0,3.241897852906952,3.241897852906952,0.758102147093048,18.9525536773262
1281,14.0,9.194672504958138,9.194672504958138,4.805327495041862,34.323767821727586
4588,6.0,8.518067658878431,8.518067658878431,2.518067658878431,41.96779431464052
2917,6.2,5.539585180226808,5.539585180226808,0.6604148197731918,10.651851931825675
1565,13.6,20.312665811783766,20.312665811783766,6.712665811783767,49.35783685135123
6580,22.562,15.075882835746945,15.075882835746945,7.486117164253056,33.180201951303324
4002,7.6,6.232794210020968,6.232794210020968,1.3672057899790317,17.989549868145154
6500,7.899,11.541338453241691,11.541338453241691,3.642338453241691,46.11138692545501
6365,25.4,36.27508547886932,36.27508547886932,10.875085478869323,42.81529716090285
6900,21.699,18.821627671388935,18.821627671388935,2.8773723286110666,13.26039139412446
3007,5.0,9.693636540088203,9.693636540088203,4.693636540088203,93.87273080176406
1315,9.2,10.732116967264117,10.732116967264117,1.532116967264118,16.65344529634911
3885,2.3,3.5425489448729395,3.5425489448729395,1.2425489448729397,54.02386716838868
3745,12.4,11.718782433290897,11.718782433290897,0.6812175667091029,5.493690054105669
6498,18.006229,42.416024100931665,42.416024100931665,24.409795100931664,135.5630604327628
1702,40.99,26.082080424664525,26.082080424664525,14.907919575335477,36.36965009840321
1839,6.2,7.814566090259703,7.814566090259703,1.6145660902597028,26.04138855257585
503,10.5,5.590160603961726,5.590160603961726,4.909839396038274,46.760375200364514
7023,38.9,53.82591164238803,53.82591164238803,14.92591164238803,38.36995280819545
5818,9.79,10.967699128814463,10.967699128814463,1.1776991288144636,12.029613164601264
4694,11.0,4.303626351129646,4.303626351129646,6.696373648870354,60.876124080639585
1721,36.0,39.56362733322603,39.56362733322603,3.56362733322603,9.89896481451675
7187,50.999,79.19975609800464,79.19975609800464,28.20075609800464,55.29668444088048
4618,14.99,13.76748008204028,13.76748008204028,1.2225199179597208,8.155569832953441
1803,18.8,19.56557715875467,19.56557715875467,0.7655771587546703,4.072218929546119
1385,4.2,5.240978595520988,5.240978595520988,1.040978595520988,24.78520465526162
1373,1.2,1.8302148322402787,1.8302148322402787,0.6302148322402787,52.5179026866899
5834,26.9,23.753091284021718,23.753091284021718,3.146908715978281,11.698545412558666
5654,44.99,65.06718112548397,65.06718112548397,20.077181125483968,44.62587491772386
5670,16.0,19.925295109117336,19.925295109117336,3.925295109117336,24.53309443198335
856,6.9,7.261010515177843,7.261010515177843,0.3610105151778429,5.232036451852795
2458,13.899999,8.333418714799068,8.333418714799068,5.566580285200931,40.04734306240548
2726,7.8,11.446319208701278,11.446319208701278,3.6463192087012777,46.747682162836895
5886,37.99,34.40862251768046,34.40862251768046,3.581377482319539,9.427158416213578
4252,24.79,21.916744469146494,21.916744469146494,2.8732555308535055,11.590381326557102
3269,8.1,5.676851883364496,5.676851883364496,2.4231481166355033,29.915408847351895
2505,6.0,7.693014231095184,7.693014231095184,1.6930142310951837,28.216903851586395
318,1.7,2.2706424590987537,2.2706424590987537,0.5706424590987538,33.56720347639728
6053,30.49,36.22653679959066,36.22653679959066,5.736536799590663,18.814486059661082
176,4.7,5.819087709296341,5.819087709296341,1.1190877092963412,23.810376793539174
5683,80.49,57.78975634379799,57.78975634379799,22.700243656202005,28.20256386656977
4967,2.0,3.4245398632201063,3.4245398632201063,1.4245398632201063,71.22699316100531
3100,2.6,4.914768226383172,4.914768226383172,2.314768226383172,89.02954716858355
2840,1.85,3.4453861820446283,3.4453861820446283,1.5953861820446282,86.23709092133124
6504,14.2,18.876833037622255,18.876833037622255,4.676833037622256,32.935443926917294
3043,2.7,2.6974404811396395,2.6974404811396395,0.0025595188603606545,0.09479699482817237
3169,12.5,8.799431449123865,8.799431449123865,3.7005685508761346,29.60454840700908
468,4.6,5.952910477364527,5.952910477364527,1.352910477364527,29.41109733401146
472,28.5,24.26165175713577,24.26165175713577,4.23834824286423,14.871397343383263
91,7.9,5.202463537829894,5.202463537829894,2.697536462170106,34.1460311667102
4304,2.7,5.0016298409100965,5.0016298409100965,2.3016298409100964,85.24554966333689
4149,5.8,8.336931644916698,8.336931644916698,2.536931644916698,43.74020077442582
1047,5.6,6.47227559003928,6.47227559003928,0.8722755900392807,15.576349822130013
6571,129.29,121.59025898586879,121.59025898586879,7.699741014131206,5.955403367724655
6768,9.49,9.417868284738075,9.417868284738075,0.07213171526192497,0.7600812988611693
435,5.5,7.778566152917593,7.778566152917593,2.278566152917593,41.4284755075926
6016,151.89,132.22954904062254,132.22954904062254,19.660450959377442,12.943874487706527
1335,20.49,17.463282729274187,17.463282729274187,3.026717270725811,14.771680188998593
1352,8.9,8.555677873677496,8.555677873677496,0.3443221263225045,3.8687879362079154
4074,2.55,4.709829152125912,4.709829152125912,2.159829152125912,84.69918243631028
4868,5.9,6.427748331005596,6.427748331005596,0.5277483310055953,8.94488696619653
6046,25.09,25.241486446018065,25.241486446018065,0.15148644601806538,0.603772204137367
5546,18.99,19.18462702642088,19.18462702642088,0.19462702642088203,1.0248921875770514
4207,8.8,8.343358898855652,8.343358898855652,0.4566411011443492,5.189103422094877
3758,11.5,15.912693441815936,15.912693441815936,4.412693441815936,38.37124732013857
106,7.7,6.07454581869447,6.07454581869447,1.62545418130553,21.10979456240948
5694,19.0,25.35637150001539,25.35637150001539,6.356371500015388,33.45458684218626
5676,26.99,26.753837912012976,26.753837912012976,0.23616208798702232,0.8749984734606238
4791,4.1,4.615948166749694,4.615948166749694,0.5159481667496948,12.584101628041338
5900,27.9,15.328980934599564,15.328980934599564,12.571019065400435,45.05741600501948
5313,12.9,13.641655538686827,13.641655538686827,0.7416555386868264,5.749267741758344
3333,10.99,9.693961637102749,9.693961637102749,1.2960383628972512,11.792887742468164
4086,15.0,15.789236980070134,15.789236980070134,0.7892369800701342,5.261579867134228
1617,12.99,12.179075789409655,12.179075789409655,0.8109242105903451,6.242680605006505
2252,4.0,1.4394926314511207,1.4394926314511207,2.5605073685488793,64.01268421372198
4860,7.8,10.4879343472416,10.4879343472416,2.6879343472416,34.4606967595077
5584,9.299,10.495739786254456,10.495739786254456,1.1967397862544562,12.869553567635835
3494,15.9,15.907008597283077,15.907008597283077,0.007008597283077123,0.0440792281954536
1498,6.666,5.900027077686512,5.900027077686512,0.7659729223134883,11.490742908993223
996,6.5,8.244734882688922,8.244734882688922,1.7447348826889222,26.84207511829111
5912,15.3205,12.580646921930068,12.580646921930068,2.739853078069931,17.88357480545629
6638,87.999,104.58954107643075,104.58954107643075,16.590541076430753,18.853101826646615
41,18.0,13.04272154754735,13.04272154754735,4.95727845245265,27.540435846959166
5253,17.2,16.09536839073263,16.09536839073263,1.1046316092673685,6.422276798066095
5689,13.69,11.279839833127749,11.279839833127749,2.4101601668722505,17.60526053230278
3282,3.7,7.640290913625077,7.640290913625077,3.940290913625077,106.49434901689396
1539,7.3,4.752861128108534,4.752861128108534,2.547138871891466,34.89231331358173
1805,8.9,9.054635775565202,9.054635775565202,0.15463577556520214,1.7374806243281138
1144,2.9,9.892999227451002,9.892999227451002,6.992999227451001,241.13790439486215
6198,34.79,35.65045222455757,35.65045222455757,0.8604522245575694,2.4732745747558766
2615,6.5,6.571633441630675,6.571633441630675,0.07163344163067542,1.1020529481642374
2114,14.99,15.020344085316294,15.020344085316294,0.030344085316293956,0.20242885467841196
5792,10.89,8.866557779034448,8.866557779034448,2.0234422209655527,18.58073664798487
4546,11.0,13.673087094852983,13.673087094852983,2.673087094852983,24.300791771390752
3172,1.0,5.961868983998308,5.961868983998308,4.961868983998308,496.18689839983074
167,9.2,20.071383394297207,20.071383394297207,10.871383394297208,118.16721080757834
2337,11.3,11.564430003129928,11.564430003129928,0.26443000312992737,2.3400885232736934
6928,39.18,28.903434983270195,28.903434983270195,10.276565016729805,26.22910928210772
3964,5.4,3.0514029348706595,3.0514029348706595,2.348597065129341,43.49253824313594
2445,25.0,25.32888265945808,25.32888265945808,0.32888265945808115,1.3155306378323246
7257,17.99,21.622961465111096,21.622961465111096,3.632961465111098,20.194338327465804
3341,1.9,2.6826108021530226,2.6826108021530226,0.7826108021530227,41.19004221858014
4103,1.3,0.4070796491581646,0.4070796491581646,0.8929203508418355,68.68618083398734
3017,18.5,14.714139790518288,14.714139790518288,3.7858602094817115,20.464109240441683
6151,13.09,14.781513645225123,14.781513645225123,1.6915136452251236,12.922182163675505
4958,8.99,10.647864637928425,10.647864637928425,1.6578646379284248,18.44120843079449
6935,25.4,45.0584045429502,45.0584045429502,19.6584045429502,77.3952934761819
789,3.6,6.294491968533622,6.294491968533622,2.694491968533622,74.84699912593395
4617,19.2,16.135616718086368,16.135616718086368,3.0643832819136314,15.960329593300166
1097,3.5,3.7649840893906186,3.7649840893906186,0.26498408939061857,7.570973982589102
3206,15.3,12.081479628219208,12.081479628219208,3.2185203717807926,21.03608086131237
6535,19.99,22.63978203401444,22.63978203401444,2.649782034014443,13.255537939041737
6251,31.49,27.971628772116134,27.971628772116134,3.518371227883865,11.172979447074834
544,4.0,5.263323240773093,5.263323240773093,1.2633232407730928,31.58308101932732
6770,19.299,21.098953715108173,21.098953715108173,1.799953715108174,9.326668299436106
5924,14.25,14.926912239798181,14.926912239798181,0.676912239798181,4.75026133191706
4838,2.4,3.811868824428349,3.811868824428349,1.4118688244283493,58.82786768451456
6194,19.59,17.469586103232835,17.469586103232835,2.1204138967671646,10.823960677729273
6068,7.39,6.9116312322242175,6.9116312322242175,0.4783687677757822,6.473190362324523
4229,16.7,16.823845477413915,16.823845477413915,0.12384547741391572,0.7415896851132678
877,9.5,4.411545261309747,4.411545261309747,5.088454738690253,53.56268145989741
3908,9.7,7.9790405217934435,7.9790405217934435,1.7209594782065558,17.741850290789237
3914,12.8,9.46467002815353,9.46467002815353,3.3353299718464715,26.057265405050558
5397,10.9,9.003143351466102,9.003143351466102,1.8968566485338982,17.402354573705487
1078,8.2,5.881854745219738,5.881854745219738,2.3181452547802612,28.270064082686115
5983,42.7,76.70223854321037,76.70223854321037,34.00223854321037,79.63053523000086
4990,10.5,10.295713060256336,10.295713060256336,0.20428693974366396,1.9455899023206091
511,13.0,8.302888437804402,8.302888437804402,4.697111562195598,36.1316274015046
2375,4.4,3.8652379772147074,3.8652379772147074,0.534762022785293,12.153682336029384
2877,15.6,19.56557715875467,19.56557715875467,3.9655771587546713,25.420366402273537
2069,1.5,2.865429122675387,2.865429122675387,1.365429122675387,91.02860817835912
4851,3.5,2.451214164537619,2.451214164537619,1.0487858354623811,29.96530958463946
3262,11.0,8.405790488044,8.405790488044,2.5942095119560005,23.58372283596364
4934,10.89,20.8224988655889,20.8224988655889,9.9324988655889,91.20751942689532
1302,8.9,11.203535810784187,11.203535810784187,2.3035358107841866,25.882424840271756
6045,47.89,51.279401279013626,51.279401279013626,3.389401279013626,7.0774718709827225
4394,2.5,8.11669721297183,8.11669721297183,5.616697212971831,224.6678885188732
3689,16.3,16.40872616590343,16.40872616590343,0.10872616590343043,0.6670316926590824
3159,8.5,7.842147931759522,7.842147931759522,0.6578520682404783,7.739436096946803
858,7.99,10.839448642635546,10.839448642635546,2.8494486426355454,35.66268639093298
4678,19.9,20.93715764124932,20.93715764124932,1.0371576412493226,5.211847443463933
7140,24.85,31.563204285732795,31.563204285732795,6.713204285732793,27.014906582425724
7028,12.5,17.409139367353646,17.409139367353646,4.909139367353646,39.27311493882917
7112,25.99,31.24089900190125,31.24089900190125,5.250899001901253,20.20353598269047
4357,9.9,14.714139790518288,14.714139790518288,4.814139790518288,48.62767465169988
2890,7.9,8.981031812080866,8.981031812080866,1.081031812080866,13.683946988365392
4794,8.8,10.680271492008059,10.680271492008059,1.8802714920080579,21.366721500091565
2024,12.0,15.166133957513845,15.166133957513845,3.1661339575138445,26.384449645948706
4194,16.5,15.34224552072781,15.34224552072781,1.1577544792721906,7.0166938137708526
4921,4.5,3.1553740355110795,3.1553740355110795,1.3446259644889205,29.880576988642677
5356,9.5,8.052112033792808,8.052112033792808,1.4478879662071922,15.240925960075707
743,5.3,6.150359408000114,6.150359408000114,0.8503594080001138,16.04451713207762
2499,1.15,2.561861206820305,2.561861206820305,1.411861206820305,122.77053972350478
4241,9.3,11.470912049518137,11.470912049518137,2.1709120495181367,23.343140317399317
179,25.99,20.25720103570134,20.25720103570134,5.732798964298659,22.057710520579686
3613,8.5,6.07454581869447,6.07454581869447,2.42545418130553,28.534755074182705
3693,20.0,14.97819912930355,14.97819912930355,5.021800870696451,25.109004353482256
3771,7.0,8.364992930976127,8.364992930976127,1.3649929309761273,19.499899013944674
6566,35.55,44.13694787734073,44.13694787734073,8.586947877340734,24.154565055810785
31,11.0,8.048461096783468,8.048461096783468,2.951538903216532,26.83217184742302
5151,6.8,6.41931176431145,6.41931176431145,0.3806882356885497,5.598356407184554
2484,3.2,5.3690328097114435,5.3690328097114435,2.1690328097114433,67.78227530348259
168,11.5,9.19617288904096,9.19617288904096,2.3038271109590394,20.033279225730777
3248,2.8,3.0908145459605274,3.0908145459605274,0.2908145459605276,10.386233784304558
642,5.0,6.70933613882273,6.70933613882273,1.7093361388227297,34.186722776454594
1483,14.9,12.496761701584576,12.496761701584576,2.403238298415424,16.12911609674781
1790,6.0,6.150359408000114,6.150359408000114,0.1503594080001136,2.505990133335227
5035,8.0,6.0576360018642585,6.0576360018642585,1.9423639981357415,24.279549976696767
3982,3.0,8.78540649108918,8.78540649108918,5.78540649108918,192.846883036306
7092,62.49,57.803771465332076,57.803771465332076,4.686228534667926,7.499165521952193
6492,22.89,27.59877155431776,27.59877155431776,4.70877155431776,20.571304300208652
6912,19.899,17.496119092420756,17.496119092420756,2.402880907579245,12.075385233324514
6178,24.5,26.347182974544754,26.347182974544754,1.8471829745447543,7.539522345080629
6644,18.15,16.30022070693811,16.30022070693811,1.8497792930618893,10.191621449376802
2758,9.5,6.6509555579001525,6.6509555579001525,2.8490444420998475,29.98994149578787
3412,12.6,9.406588648512427,9.406588648512427,3.1934113514875726,25.344534535615654
6122,20.7,22.82069481563545,22.82069481563545,2.1206948156354493,10.244902490992509
800,2.5,5.0036308666478,5.0036308666478,2.5036308666478,100.14523466591201
1954,10.5,9.777572804431252,9.777572804431252,0.7224271955687485,6.880259005416652
7248,48.99,34.593275988994385,34.593275988994385,14.396724011005617,29.387066770781008
5306,4.0,3.3617295541574364,3.3617295541574364,0.6382704458425636,15.95676114606409
6637,15.69,13.775574099974127,13.775574099974127,1.914425900025872,12.20156724044533
2119,20.5,23.54351591045541,23.54351591045541,3.0435159104554117,14.846419075392253
5309,3.5,4.138694422178155,4.138694422178155,0.6386944221781548,18.248412062232994
5660,25.49,31.258559080072825,31.258559080072825,5.768559080072826,22.630675088555616
5679,19.5,21.622961465111096,21.622961465111096,2.1229614651110964,10.886981872364597
1406,8.7,8.303206381115832,8.303206381115832,0.39679361888416764,4.560846194070893
1501,9.8,7.849158802411931,7.849158802411931,1.95084119758807,19.906542832531322
1074,5.3,4.776588053885148,4.776588053885148,0.5234119461148516,9.875697096506634
500,13.6,13.826049035697732,13.826049035697732,0.2260490356977325,1.6621252624833271
437,17.5,15.481557275980062,15.481557275980062,2.0184427240199376,11.533958422971072
5437,9.5,10.96304095742399,10.96304095742399,1.4630409574239902,15.400431130778843
4113,8.9,5.946140381235812,5.946140381235812,2.953859618764189,33.18943391869875
3386,3.6,4.413027332609692,4.413027332609692,0.8130273326096922,22.58409257249145
6683,22.99,18.91852432734583,18.91852432734583,4.07147567265417,17.709768041122967
80,16.9,12.299522879185062,12.299522879185062,4.600477120814936,27.221758111330985
1608,19.99,14.970933184848072,14.970933184848072,5.019066815151927,25.10788801976952
960,5.0,9.019279045258317,9.019279045258317,4.019279045258317,80.38558090516634
3114,22.5,26.375259051332318,26.375259051332318,3.8752590513323177,17.22337356147697
5198,3.8,5.819087709296341,5.819087709296341,2.0190877092963415,53.13388708674584
4628,13.0,20.071383394297207,20.071383394297207,7.071383394297207,54.395256879209285
1632,12.19,13.437417874777825,13.437417874777825,1.2474178747778257,10.233124485462065
3305,4.8,3.321734497136288,3.321734497136288,1.478265502863712,30.797197976327332
5935,21.3,21.36164663455582,21.36164663455582,0.06164663455582087,0.2894208195108961
5419,9.5,8.868532753728514,8.868532753728514,0.6314672462714856,6.647023644963007
2477,3.0,3.5153275833396016,3.5153275833396016,0.5153275833396016,17.177586111320053
5506,16.45,15.06898228248537,15.06898228248537,1.381017717514629,8.395244483371606
6399,22.45,14.962985352989893,14.962985352989893,7.487014647010106,33.34973116708288
5517,51.999,33.6985428941803,33.6985428941803,18.300457105819703,35.19386354702918
534,6.9,8.925848605689861,8.925848605689861,2.025848605689861,29.36012472014291
5701,26.69,25.292357297341447,25.292357297341447,1.3976427026585547,5.236578129106611
2794,20.3,14.738254749745199,14.738254749745199,5.561745250254802,27.397759853471932
585,4.5,3.691298886053874,3.691298886053874,0.808701113946126,17.971135865469467
6722,50.9,52.183323905868725,52.183323905868725,1.283323905868727,2.5212650409994635
4970,25.0,20.36716973942091,20.36716973942091,4.632830260579091,18.531321042316364
1451,2.75,4.828858607992576,4.828858607992576,2.0788586079925757,75.59485847245729
6275,25.49,21.275018618626635,21.275018618626635,4.214981381373363,16.53582338710617
1410,30.5,20.81433626563937,20.81433626563937,9.68566373436063,31.756274538887315
5684,20.59,44.51522596511429,44.51522596511429,23.92522596511429,116.19828054936518
4536,10.0,10.032833288555857,10.032833288555857,0.032833288555856655,0.32833288555856655
866,15.0,9.689164463375006,9.689164463375006,5.310835536624994,35.405570244166626
4638,2.0,1.3869394158093553,1.3869394158093553,0.6130605841906447,30.653029209532235
6358,54.8,48.231143441816556,48.231143441816556,6.568856558183441,11.986964522232558
4679,3.95,9.457980896005155,9.457980896005155,5.507980896005155,139.44255432924444
742,7.1,5.983820325999926,5.983820325999926,1.1161796740000733,15.720840478874273
1544,6.9,5.92341054137776,5.92341054137776,0.9765894586222403,14.153470414815075
5509,53.29,42.316287029040545,42.316287029040545,10.973712970959454,20.59244318063324
2706,18.9,11.336854901624815,11.336854901624815,7.563145098375184,40.016640732143834
3734,7.89,7.136604001912027,7.136604001912027,0.7533959980879725,9.548745222914734
2589,8.2,8.955461860742043,8.955461860742043,0.7554618607420434,9.212949521244433
5283,2.5,2.412521889011065,2.412521889011065,0.08747811098893488,3.4991244395573955
6816,50.709,39.607880016702374,39.607880016702374,11.101119983297629,21.891814043459007
5944,15.9,16.313431128798108,16.313431128798108,0.4134311287981074,2.6001957786044487
4253,3.7,2.8787500579160237,2.8787500579160237,0.8212499420839765,22.195944380648015
748,16.5,15.494620576108462,15.494620576108462,1.0053794238915383,6.093208629645687
4055,5.79,8.93793713519317,8.93793713519317,3.14793713519317,54.368517015426086
401,5.3,5.753540791383609,5.753540791383609,0.4535407913836096,8.557373422332256
3749,20.8,19.872235558915943,19.872235558915943,0.927764441084058,4.460405966750279
157,7.5,8.488810360167726,8.488810360167726,0.9888103601677258,13.184138135569679
5434,98.19,100.14434653643593,100.14434653643593,1.954346536435935,1.9903722746063093
6483,29.5,24.062852314249046,24.062852314249046,5.437147685750954,18.431009104240523
5749,14.3,13.646817237606305,13.646817237606305,0.6531827623936959,4.56771162513074
4528,12.0,14.758945502535374,14.758945502535374,2.758945502535374,22.991212521128116
1820,8.9,5.732899043025427,5.732899043025427,3.167100956974573,35.585404010950256
2922,9.0,9.673542771784515,9.673542771784515,0.6735427717845148,7.483808575383498
2864,15.3,8.646922881809493,8.646922881809493,6.653077118190508,43.484164171179785
3362,3.3,3.274633669190489,3.274633669190489,0.025366330809510895,0.7686766911972999
5281,1.6,2.5321981908659117,2.5321981908659117,0.9321981908659116,58.26238692911947
3803,1.4,2.512065463510285,2.512065463510285,1.1120654635102851,79.4332473935918
4237,5.4,8.932335700732171,8.932335700732171,3.5323357007321707,65.41362408763278
7295,47.59,43.93509159851638,43.93509159851638,3.654908401483624,7.679992438503097
2666,4.8,3.9080325630924833,3.9080325630924833,0.8919674369075166,18.582654935573263
1782,13.0,6.744297209844682,6.744297209844682,6.255702790155318,48.12079069350245
5910,45.3565,43.89836958456184,43.89836958456184,1.4581304154381556,3.2148212834723924
2415,8.0,9.910914068924738,9.910914068924738,1.910914068924738,23.886425861559225
535,11.9,10.161116578561995,10.161116578561995,1.7388834214380058,14.612465726369797
5978,119.9,103.707443894637,103.707443894637,16.19255610536301,13.505050963605514
2406,1.5,2.3408622846380465,2.3408622846380465,0.8408622846380465,56.057485642536435
3098,5.8,5.614701658901947,5.614701658901947,0.18529834109805243,3.19479898444918
5359,8.0,10.538069208674946,10.538069208674946,2.538069208674946,31.725865108436825
5154,8.4,7.255180277426408,7.255180277426408,1.144819722573592,13.628806221114193
1966,8.9,4.0262423074446,4.0262423074446,4.8737576925554,54.761322388262926
5416,10.5,10.732116967264117,10.732116967264117,0.23211696726411724,2.210637783467783
1176,7.86,13.10444374596167,13.10444374596167,5.244443745961669,66.72320287483039
5902,21.5,24.35652709878545,24.35652709878545,2.856527098785449,13.286172552490461
1760,2.8,2.520179507989507,2.520179507989507,0.27982049201049275,9.993589000374742
997,5.2,8.13972245522314,8.13972245522314,2.93972245522314,56.53312413890653
473,6.2,5.606893511922547,5.606893511922547,0.5931064880774528,9.566233678668594
2266,2.1,1.761263438963318,1.761263438963318,0.33873656103668215,16.1303124303182
4205,15.7,15.325183798312775,15.325183798312775,0.3748162016872243,2.3873643419568427
1882,5.2,7.378170431463477,7.378170431463477,2.178170431463477,41.88789291275917
4222,18.9,11.452353865491402,11.452353865491402,7.447646134508597,39.40553510322009
2578,10.8,9.780698229918535,9.780698229918535,1.0193017700814657,9.437979352606163
3783,2.6,4.524911704779841,4.524911704779841,1.924911704779841,74.03506556845542
469,14.9,13.527269424690799,13.527269424690799,1.3727305753092018,9.212956881269811
5097,14.9,12.78456990706628,12.78456990706628,2.115430092933721,14.197517402239738
7040,17.29,19.935249328369224,19.935249328369224,2.645249328369225,15.299302072696502
4712,10.0,13.272782501812141,13.272782501812141,3.2727825018121415,32.727825018121415
3997,7.0,8.121031841787486,8.121031841787486,1.1210318417874863,16.01474059696409
247,6.5,2.9510296923933055,2.9510296923933055,3.5489703076066945,54.59954319394915
3780,17.9,10.49433308309206,10.49433308309206,7.405666916907938,41.37244087658066
2182,9.9,16.397120368381984,16.397120368381984,6.497120368381983,65.62747846850489
3395,6.5,9.799104212361584,9.799104212361584,3.299104212361584,50.75544942094745
7097,83.99,69.54640243644727,69.54640243644727,14.443597563552729,17.1968062430679
811,4.0,2.73745135623618,2.73745135623618,1.2625486437638198,31.563716094095497
6502,26.8,25.264670103251866,25.264670103251866,1.5353298967481344,5.728842898313935
1419,7.4,8.244734882688922,8.244734882688922,0.8447348826889218,11.415336252552997
6733,13.9,15.894404608575918,15.894404608575918,1.994404608575918,14.348234594071352
3625,3.9,3.5533306873956225,3.5533306873956225,0.3466693126043774,8.888956733445575
228,9.0,7.1682778023321205,7.1682778023321205,1.8317221976678795,20.35246886297644
7107,45.5,49.043720784523174,49.043720784523174,3.543720784523174,7.788397328622361
17,18.0,26.01636355570535,26.01636355570535,8.01636355570535,44.53535308725194
1407,10.6,10.538069208674946,10.538069208674946,0.06193079132505375,0.5842527483495636
7070,59.99,71.3493658313509,71.3493658313509,11.359365831350893,18.93543229096665
2392,13.5,14.463868229454526,14.463868229454526,0.9638682294545262,7.139764662626121
6272,47.9,41.59150843542936,41.59150843542936,6.308491564570637,13.170128527287345
5439,109.0,123.44991266160216,123.44991266160216,14.449912661602156,13.256800606974457
6745,45.49,40.308464492046355,40.308464492046355,5.181535507953647,11.39049353254264
5879,10.99,21.18139702861942,21.18139702861942,10.191397028619418,92.73336695741054
2440,3.9,6.1802420903893225,6.1802420903893225,2.2802420903893226,58.46774590741853
5831,17.9,18.061804237107154,18.061804237107154,0.1618042371071553,0.9039342855148341
5853,13.5,8.911537071289374,8.911537071289374,4.588462928710626,33.98861428674538
4844,9.0,8.746832304210585,8.746832304210585,0.2531676957894149,2.8129743976601658
6915,25.49,42.63737386940822,42.63737386940822,17.147373869408224,67.27098418755678
6092,21.69,22.950772228532724,22.950772228532724,1.2607722285327227,5.8126889282283205
5461,23.2,19.079433079429954,19.079433079429954,4.120566920570045,17.76106431280192
2585,5.7,5.98874679049382,5.98874679049382,0.28874679049381946,5.065733166558236
543,9.9,5.92341054137776,5.92341054137776,3.9765894586222403,40.167570289113534
6112,17.0,24.649153582868685,24.649153582868685,7.649153582868685,44.99502107569815
3794,16.5,10.1725347055363,10.1725347055363,6.3274652944637,38.34827451190121
4119,7.799999,5.145137798032271,5.145137798032271,2.654861201967729,34.0366864401871
3153,12.0,6.723293656314532,6.723293656314532,5.276706343685468,43.972552864045575
1535,10.499,11.640805732162477,11.640805732162477,1.1418057321624762,10.875376056409907
1832,14.5,23.957181750756753,23.957181750756753,9.457181750756753,65.22194310866726
6746,33.79,37.92819990296397,37.92819990296397,4.138199902963969,12.246818298206477
3590,8.99,8.333418714799068,8.333418714799068,0.6565812852009323,7.303462571756755
3289,2.0,3.9621075573014295,3.9621075573014295,1.9621075573014295,98.10537786507147
96,3.8,1.6175178215043289,1.6175178215043289,2.182482178495671,57.43374153935976
6679,62.99,58.55059082937265,58.55059082937265,4.43940917062735,7.047799921618273
2094,5.7,5.92341054137776,5.92341054137776,0.22341054137775984,3.9194831820659624
4773,8.0,8.468575773158278,8.468575773158278,0.46857577315827825,5.857197164478478
2927,9.5,8.981917968896639,8.981917968896639,0.5180820311033614,5.453495064245909
7038,44.5,31.33351912212709,31.33351912212709,13.16648087787291,29.58759747836609
156,12.99,11.140505177342066,11.140505177342066,1.8494948226579346,14.237835432316665
1022,6.4,6.3803927589648355,6.3803927589648355,0.01960724103516487,0.30636314117445107
5447,24.49,28.122560654881525,28.122560654881525,3.6325606548815266,14.83283240049623
4966,5.8,5.870407968774233,5.870407968774233,0.07040796877423361,1.213930496107476
6458,49.5,59.92700057375292,59.92700057375292,10.42700057375292,21.064647623743273
2716,12.5,12.217067720491995,12.217067720491995,0.2829322795080049,2.2634582360640394
1287,15.0,14.576590991853742,14.576590991853742,0.42340900814625826,2.822726720975055
696,18.0,18.777890973114108,18.777890973114108,0.7778909731141077,4.3216165173005985
425,25.0,23.83825582327103,23.83825582327103,1.1617441767289698,4.646976706915879
6872,47.39,40.94833176540546,40.94833176540546,6.4416682345945375,13.592885069834432
712,10.9,13.200063016847364,13.200063016847364,2.300063016847364,21.10149556740701
4173,2.45,1.2363109506495393,1.2363109506495393,1.2136890493504608,49.538328544916766
1811,16.0,14.876369608835379,14.876369608835379,1.123630391164621,7.0226899447788815
5096,18.7,23.86075094333985,23.86075094333985,5.160750943339849,27.597598627485826
6480,17.9,24.902167528017696,24.902167528017696,7.002167528017697,39.11825434646759
447,31.49,28.273599556233112,28.273599556233112,3.2164004437668865,10.21403761120002
6748,15.899,13.643820528123888,13.643820528123888,2.2551794718761116,14.184410792352423
4080,5.99,8.192363481694734,8.192363481694734,2.202363481694734,36.767336923117426
1009,5.3,1.8866269905378827,1.8866269905378827,3.4133730094621173,64.40326432947391
592,1.5,2.3227379905010026,2.3227379905010026,0.8227379905010026,54.8491993667335
6096,29.85,28.604756762973615,28.604756762973615,1.2452432370263864,4.1716691357667885
1242,8.5,5.77203236182662,5.77203236182662,2.7279676381733804,32.093736919686826
3058,8.4,8.981031812080866,8.981031812080866,0.581031812080866,6.917045381915071
131,15.8,20.071383394297207,20.071383394297207,4.271383394297207,27.034072115805102
2404,4.5,5.960644606737347,5.960644606737347,1.4606446067373469,32.45876903860771
2306,8.95,9.959887082769553,9.959887082769553,1.0098870827695539,11.283654556084402
6277,62.5,72.79018024828527,72.79018024828527,10.290180248285267,16.46428839725643
7103,20.89,19.56060491402305,19.56060491402305,1.3293950859769517,6.363786912287944
624,8.5,4.814439061557708,4.814439061557708,3.6855609384422916,43.35954045226225
2986,6.0,6.47329160001226,6.47329160001226,0.47329160001226,7.888193333537667
2127,8.3,7.426043657249498,7.426043657249498,0.8739563427505024,10.529594490969906
6539,43.9,39.05110686482656,39.05110686482656,4.848893135173441,11.045314658709433
4739,3.9,5.0016298409100965,5.0016298409100965,1.1016298409100966,28.246918997694788
3686,17.9,16.09536839073263,16.09536839073263,1.8046316092673678,10.081740833895909
3844,6.0,6.509021961560817,6.509021961560817,0.5090219615608174,8.483699359346957
2815,9.9,8.254422100789114,8.254422100789114,1.6455778992108865,16.621998981928147
2579,3.999999,4.982771528525363,4.982771528525363,0.9827725285253628,24.569319355463907
1945,5.6,8.92142446060652,8.92142446060652,3.3214244606065204,59.31115108225929
2436,6.99,5.0016298409100965,5.0016298409100965,1.9883701590899037,28.4459250227454
93,6.5,6.499659592669195,6.499659592669195,0.00034040733080509256,0.005237035858539886
6701,35.19,26.013311123597447,26.013311123597447,9.176688876402551,26.077547247520748
1375,4.868,6.150359408000114,6.150359408000114,1.2823594080001133,26.34263368940249
3903,5.6,9.100704173844438,9.100704173844438,3.500704173844438,62.512574532936405
3477,13.5,9.795510750463523,9.795510750463523,3.7044892495364774,27.44066110767761
6022,42.99,41.62868206817616,41.62868206817616,1.3613179318238409,3.1665920721652494
2223,8.8,5.753540791383609,5.753540791383609,3.0464592086163913,34.61885464336808
1087,13.9,15.712042083459421,15.712042083459421,1.8120420834594206,13.036273981722452
2531,2.5,4.987690073393978,4.987690073393978,2.4876900733939777,99.50760293575911
6729,78.99,64.57030868200633,64.57030868200633,14.419691317993667,18.255084590446472
6880,17.375,18.248255617455232,18.248255617455232,0.8732556174552322,5.025931611253135
764,1.8,2.6138114032168835,2.6138114032168835,0.8138114032168835,45.21174462316019
4669,6.5,6.109049812422032,6.109049812422032,0.3909501875779684,6.014618270430283
476,12.99,13.437417874777825,13.437417874777825,0.447417874777825,3.444325440937837
5594,56.5,55.86360369609663,55.86360369609663,0.6363963039033678,1.1263651396519783
2622,1.5,2.365196506025897,2.365196506025897,0.8651965060258968,57.67976706839312
5111,5.7,6.507616554351953,6.507616554351953,0.8076165543519531,14.168711479858825
6466,21.6,21.101665284163982,21.101665284163982,0.4983347158360196,2.307105165907498
4461,10.0,7.752567590612046,7.752567590612046,2.2474324093879536,22.474324093879535
6338,13.5,14.68409523603405,14.68409523603405,1.1840952360340502,8.771075822474446
7034,23.29,18.579173979954835,18.579173979954835,4.710826020045165,20.22681846305352
2181,20.0,17.93528614117612,17.93528614117612,2.064713858823879,10.323569294119395
6334,34.0,31.50132358354566,31.50132358354566,2.498676416454341,7.349048283689238
2620,10.0,6.746746004515638,6.746746004515638,3.2532539954843616,32.532539954843614
5170,8.9,14.714139790518288,14.714139790518288,5.814139790518288,65.32741337660998
752,6.8,6.232794210020968,6.232794210020968,0.5672057899790319,8.341261617338706
2283,11.5,10.405231387837238,10.405231387837238,1.0947686121627616,9.519727062284883
2799,8.0,5.298894734000506,5.298894734000506,2.7011052659994936,33.76381582499367
3049,14.9,20.36966107900622,20.36966107900622,5.469661079006221,36.70913475843101
351,3.5,6.668214716368069,6.668214716368069,3.1682147163680687,90.52042046765911
487,1.8,2.909879497315924,2.909879497315924,1.109879497315924,61.65997207310689
927,5.0,5.753540791383609,5.753540791383609,0.7535407913836094,15.070815827672188
3318,6.5,7.69392613254966,7.69392613254966,1.1939261325496604,18.36809434691785
1061,18.0,13.531617385222983,13.531617385222983,4.468382614777017,24.82434785987232
6018,39.39,42.69964614715555,42.69964614715555,3.309646147155547,8.402249675439318
2191,3.5,5.532877372723668,5.532877372723668,2.032877372723668,58.082210649247656
4608,2.1,4.26763730550023,4.26763730550023,2.16763730550023,103.22082407143954
6128,27.9,21.35698066750796,21.35698066750796,6.54301933249204,23.451682195311975
561,12.99,12.086069805996111,12.086069805996111,0.9039301940038893,6.958662001569587
3535,9.9,10.133109400887623,10.133109400887623,0.23310940088762244,2.3546404130062872
5501,21.99,21.222707854342854,21.222707854342854,0.7672921456571444,3.489277606444495
2966,9.5,9.793151514751187,9.793151514751187,0.2931515147511874,3.0858054184335515
6026,37.49,46.33229403146192,46.33229403146192,8.842294031461918,23.585740281306798
334,13.5,15.23318004288337,15.23318004288337,1.7331800428833706,12.838370688024966
2225,6.8,5.783827553152803,5.783827553152803,1.0161724468471967,14.943712453635245
4847,13.0,10.855821345739809,10.855821345739809,2.144178654260191,16.493681955847624
5507,25.5,19.641009112827824,19.641009112827824,5.858990887172176,22.97643485165559
3213,12.5,6.816348404077346,6.816348404077346,5.683651595922654,45.46921276738123
1103,7.9,8.800725351243017,8.800725351243017,0.9007253512430164,11.401586724595145
2110,26.99,20.81433626563937,20.81433626563937,6.175663734360629,22.881303202521785
23,12.99,15.351776448753444,15.351776448753444,2.361776448753444,18.181496911111964
4151,21.99,22.909392803328405,22.909392803328405,0.9193928033284067,4.180958632689435
1005,3.2,2.780133605454225,2.780133605454225,0.419866394545775,13.120824829555469
1643,9.7,9.023739936577027,9.023739936577027,0.6762600634229727,6.9717532311646675
2550,59.7,54.387940192030584,54.387940192030584,5.312059807969419,8.897922626414436
3038,8.69,6.653821504812682,6.653821504812682,2.0361784951873174,23.431283028622758
4030,1.7,4.9358444559480095,4.9358444559480095,3.2358444559480093,190.3437915263535
3817,7.999,8.37790398959287,8.37790398959287,0.3789039895928701,4.736891981408553
1671,14.9,16.737388042171055,16.737388042171055,1.837388042171055,12.331463370275536
1372,14.3,13.200063016847364,13.200063016847364,1.0999369831526362,7.6918670150534
3203,30.99,32.202895813358225,32.202895813358225,1.2128958133582266,3.9138296655638163
445,6.9,8.023993810141636,8.023993810141636,1.123993810141636,16.289765364371537
5433,62.99,47.864310351312,47.864310351312,15.125689648688002,24.01284275073504
7125,59.999,67.79635212976324,67.79635212976324,7.797352129763233,12.995803479663381
3399,22.5,22.0219125779718,22.0219125779718,0.4780874220281994,2.1248329867919975
3939,2.0,3.074139238676964,3.074139238676964,1.0741392386769641,53.706961933848206
5206,20.49,22.28201901077429,22.28201901077429,1.7920190107742933,8.745822404950188
6378,83.79,81.63842824507144,81.63842824507144,2.1515717549285682,2.5678144825499083
2592,16.99,13.437417874777825,13.437417874777825,3.552582125222173,20.909841820024564
3887,11.0,16.135616718086368,16.135616718086368,5.135616718086368,46.687424709876076
3518,1.2,3.434766787460961,3.434766787460961,2.234766787460961,186.23056562174676
4295,10.9,11.527163645343284,11.527163645343284,0.6271636453432841,5.753794911406276
1128,10.8,6.745498643765048,6.745498643765048,4.054501356234953,37.541679224397704
2570,7.5,5.92341054137776,5.92341054137776,1.57658945862224,21.021192781629868
5277,9.6,8.943377711879624,8.943377711879624,0.656622288120376,6.839815501253918
1783,10.6,9.174127915659776,9.174127915659776,1.4258720843402237,13.451623437171921
2523,18.0,15.527414230838138,15.527414230838138,2.472585769161862,13.736587606454787
4248,5.15,3.1334824586220495,3.1334824586220495,2.016517541377951,39.155680415105834
1844,6.49,6.1325417472338195,6.1325417472338195,0.3574582527661807,5.5078313215128
5291,7.9,5.823484903106797,5.823484903106797,2.0765150968932033,26.285001226496245
6129,24.49,27.83247565154893,27.83247565154893,3.3424756515489307,13.648328507753904
6060,5.69,12.83385968965356,12.83385968965356,7.143859689653559,125.55113690076554
2515,6.699,7.842147931759522,7.842147931759522,1.143147931759522,17.064456363032125
5040,17.5,14.714139790518288,14.714139790518288,2.7858602094817115,15.919201197038351
6799,56.99,31.23923573975731,31.23923573975731,25.750764260242693,45.18470654543375
3554,3.5,4.055796220836827,4.055796220836827,0.555796220836827,15.879892023909342
3878,4.2,12.362771802394647,12.362771802394647,8.162771802394648,194.35170958082495
5945,29.7,28.943062947795088,28.943062947795088,0.7569370522049113,2.5486096033835395
2264,14.5,12.210194925750626,12.210194925750626,2.289805074249374,15.791759132754304
2462,4.9,4.55064670857357,4.55064670857357,0.34935329142643035,7.12965900870266
1775,6.6,9.777572804431252,9.777572804431252,3.177572804431252,48.145042491382604
6861,28.05,23.24245853742553,23.24245853742553,4.80754146257447,17.139185249819857
378,7.8,8.244734882688922,8.244734882688922,0.44473488268892236,5.701729265242594
6853,9.999,14.268228114654933,14.268228114654933,4.269228114654933,42.696550801629485
4913,1.6,1.0597078511125002,1.0597078511125002,0.5402921488874999,33.76825930546874
5246,8.2,10.1725347055363,10.1725347055363,1.972534705536301,24.055301287028065
199,1.5,2.5546461414973485,2.5546461414973485,1.0546461414973485,70.3097427664899
2446,11.0,14.957738165893055,14.957738165893055,3.957738165893055,35.979437871755046
2957,3.8,6.237237656359606,6.237237656359606,2.4372376563596063,64.13783306209491
1328,11.49,12.247614975827986,12.247614975827986,0.7576149758279858,6.5936899549868215
1193,10.5,8.981031812080866,8.981031812080866,1.5189681879191337,14.46636369446794
5686,12.75,11.830629583894323,11.830629583894323,0.9193704161056768,7.2107483616131525
1075,9.3,12.086069805996111,12.086069805996111,2.78606980599611,29.95773984942054
5427,3.4,5.115974089635822,5.115974089635822,1.715974089635822,50.46982616575947
6969,24.5,22.254844186180605,22.254844186180605,2.2451558138193946,9.163901280895487
2063,10.5,15.22977878774012,15.22977878774012,4.72977878774012,45.045512264191615
965,14.5,15.712042083459421,15.712042083459421,1.212042083459421,8.3589109204098
5060,9.49,8.981031812080866,8.981031812080866,0.5089681879191339,5.363205352151041
1467,9.4,8.940445050080399,8.940445050080399,0.45955494991960144,4.8888824459532065
5975,18.46,23.327875214528568,23.327875214528568,4.867875214528567,26.369854899938066
3296,51.0,24.73267026558723,24.73267026558723,26.26732973441277,51.50456810669171
5414,7.5,7.364680196925401,7.364680196925401,0.1353198030745988,1.8042640409946507
7126,29.95,24.429021338670168,24.429021338670168,5.520978661329831,18.43398551362214
5724,62.05,40.43978153806336,40.43978153806336,21.61021846193664,34.82710469288742
2755,6.0,6.41931176431145,6.41931176431145,0.4193117643114501,6.988529405190835
4022,6.5,6.006791048790951,6.006791048790951,0.4932089512090494,7.5878300186007595
3091,6.5,8.368410238580585,8.368410238580585,1.8684102385805854,28.744772901239774
2022,5.89,5.819087709296341,5.819087709296341,0.07091229070365834,1.2039438150026884
5090,8.6,10.474973417501795,10.474973417501795,1.8749734175017956,21.80201648257902
2907,7.0,6.322224860253269,6.322224860253269,0.6777751397467311,9.682501996381873
5744,42.345,30.890112598814547,30.890112598814547,11.454887401185452,27.051334044599013
5769,15.1,17.397895171113674,17.397895171113674,2.297895171113675,15.217848815322348
6155,18.49,15.989348518613916,15.989348518613916,2.5006514813860825,13.524345491541819
6547,13.79,11.380043663654984,11.380043663654984,2.409956336345015,17.476115564503374
2850,6.699999,6.232794210020968,6.232794210020968,0.46720478997903214,6.973206861359713
2132,16.5,10.33515430022006,10.33515430022006,6.16484569977994,37.36270121078752
6114,86.19,90.44496042240748,90.44496042240748,4.254960422407478,4.9367216874434146
6570,20.79,23.147773043440388,23.147773043440388,2.357773043440389,11.340899679847952
6434,31.0,34.06070641119548,34.06070641119548,3.0607064111954827,9.873246487727364
4246,7.5,5.92989664815003,5.92989664815003,1.57010335184997,20.9347113579996
1701,4.5,8.758962617173852,8.758962617173852,4.258962617173852,94.64361371497448
6332,39.999,38.81650366871363,38.81650366871363,1.182496331286373,2.9563147360843343
3927,19.5,23.397075188990083,23.397075188990083,3.897075188990083,19.985000969179914
5780,66.99,66.72390018929396,66.72390018929396,0.26609981070603794,0.3972231836185072
547,12.4,11.627028171262426,11.627028171262426,0.7729718287375746,6.233643780141731
6811,37.99,43.63317016578911,43.63317016578911,5.643170165789108,14.854356845983437
6203,33.3,40.15801845851687,40.15801845851687,6.858018458516874,20.5946500255762
1263,19.9,16.89742090318155,16.89742090318155,3.0025790968184474,15.088337169941948
5231,2.299,2.871944765826449,2.871944765826449,0.572944765826449,24.9214774174184
3011,13.29,11.231184314266374,11.231184314266374,2.0588156857336255,15.491464903939997
5865,13.69,13.589058610645239,13.589058610645239,0.1009413893547606,0.7373366643883171
1789,11.9,10.44841381674113,10.44841381674113,1.4515861832588701,12.198203220662773
6610,21.49,28.458264142987932,28.458264142987932,6.968264142987934,32.42561257788709
3018,6.4,5.39062699386302,5.39062699386302,1.0093730061369808,15.771453220890324
5494,26.59,26.97540611404558,26.97540611404558,0.3854061140455798,1.449440067866039
4715,13.8,14.841448169927038,14.841448169927038,1.0414481699270368,7.546725869036498
2199,5.9,8.303206381115832,8.303206381115832,2.4032063811158313,40.73231154433612
1244,2.5,1.555066869240411,1.555066869240411,0.944933130759589,37.797325230383564
7130,10.89,22.109921694134854,22.109921694134854,11.219921694134854,103.02958396818048
5008,38.0,4.303626351129646,4.303626351129646,33.696373648870356,88.67466749702724
5482,12.726,12.365982106132678,12.365982106132678,0.3600178938673224,2.828994922735521
4837,8.5,9.689164463375006,9.689164463375006,1.1891644633750058,13.99017015735301
7202,35.29,33.49804272936355,33.49804272936355,1.791957270636452,5.077804677348971
6764,20.99,17.774613538161823,17.774613538161823,3.2153864618381753,15.318658703373872
3915,5.2,5.240958199315064,5.240958199315064,0.04095819931506384,0.787657679135843
6083,32.299,29.408965639314363,29.408965639314363,2.890034360685636,8.947751821064541
518,13.29,16.080312236831887,16.080312236831887,2.7903122368318876,20.99557740279825
611,12.5,10.329132027688253,10.329132027688253,2.170867972311747,17.366943778493976
5806,11.22,10.174023598183409,10.174023598183409,1.045976401816592,9.32242782367729
5672,16.5,18.90463658437536,18.90463658437536,2.4046365843753605,14.573555056820368
2288,7.5,5.9142820678193555,5.9142820678193555,1.5857179321806445,21.142905762408592
957,10.99,10.523760012028472,10.523760012028472,0.46623998797152844,4.242402074354216
4401,6.15,8.568381190841714,8.568381190841714,2.418381190841714,39.32327139580023
491,25.8,14.97819912930355,14.97819912930355,10.821800870696451,41.94496461510253
1330,4.9,6.509021961560817,6.509021961560817,1.609021961560817,32.83718288899627
3458,21.5,20.77510136487019,20.77510136487019,0.7248986351298115,3.3716215587433087
323,5.89,4.2459812472064336,4.2459812472064336,1.6440187527935661,27.91203315438992
5362,7.2,8.038874823064518,8.038874823064518,0.8388748230645175,11.651039209229411
7010,22.79,20.46715479629431,20.46715479629431,2.3228452037056897,10.192387905685344
4247,10.5,10.520301572424875,10.520301572424875,0.020301572424875403,0.19334830880833717
2031,4.75,3.3582545264763626,3.3582545264763626,1.3917454735236374,29.299904705760788
5516,32.0,40.78004767245831,40.78004767245831,8.78004767245831,27.437648976432214
1153,6.3,5.390342746635387,5.390342746635387,0.909657253364613,14.439004021660523
6685,15.7,16.44935652106099,16.44935652106099,0.7493565210609923,4.772971471726065
7286,6.6,7.476177695698098,7.476177695698098,0.8761776956980984,13.27541963178937
6854,21.69,22.36806839229354,22.36806839229354,0.6780683922935395,3.126179770832363
1606,6.4,6.130649470473743,6.130649470473743,0.2693505295262577,4.208602023847777
324,23.9,26.758220203446427,26.758220203446427,2.858220203446429,11.959080349148238
2083,7.99,6.582298982382443,6.582298982382443,1.4077010176175575,17.618285577190957
2687,10.8,9.432958379811268,9.432958379811268,1.3670416201887328,12.657792779525304
6858,35.35,31.248941839128463,31.248941839128463,4.101058160871538,11.601296070357957
586,7.89,6.08495856991477,6.08495856991477,1.8050414300852298,22.87758466521204
4125,9.8,12.896957724488454,12.896957724488454,3.096957724488453,31.601609433555637
3245,8.99,11.470912049518137,11.470912049518137,2.480912049518137,27.59635205248206
4556,4.4,6.206406344345928,6.206406344345928,1.8064063443459277,41.054689644225625
706,24.9,23.15402860968077,23.15402860968077,1.7459713903192302,7.011933294454741
1978,6.4,6.78901233517108,6.78901233517108,0.38901233517107947,6.078317737048117
4160,7.4,2.9848143390936657,2.9848143390936657,4.415185660906335,59.66467109332885
4995,4.39,3.142844289012545,3.142844289012545,1.2471557109874545,28.409013917709668
6812,9.8,10.892648710102744,10.892648710102744,1.0926487101027433,11.149476633701463
6202,17.34,16.607784055908702,16.607784055908702,0.7322159440912976,4.2226986395115205
5939,27.79,25.297343065837843,25.297343065837843,2.492656934162156,8.969618330918157
6218,29.3,23.55278830406015,23.55278830406015,5.74721169593985,19.61505698272986
4453,9.5,7.155159392066426,7.155159392066426,2.344840607933574,24.682532715090254
3801,8.9,9.689164463375006,9.689164463375006,0.7891644633750055,8.86701644241579
2572,56.99,30.492239877320625,30.492239877320625,26.497760122679377,46.49545555830738
208,2.25,5.177174508046423,5.177174508046423,2.9271745080464227,130.09664480206322
3682,29.8,22.555712259052882,22.555712259052882,7.244287740947119,24.309690405862813
747,2.5,4.9613435562570825,4.9613435562570825,2.4613435562570825,98.4537422502833
5101,9.9,6.6509555579001525,6.6509555579001525,3.249044442099848,32.81863072828129
6260,40.99,39.94481370855029,39.94481370855029,1.0451862914497099,2.549856773480629
798,5.0,3.512540723736538,3.512540723736538,1.4874592762634622,29.749185525269244
88,6.99,10.168192685217132,10.168192685217132,3.178192685217132,45.46770651240532
734,1.7,4.55314536278619,4.55314536278619,2.85314536278619,167.83208016389352
1221,4.8,8.213237259931448,8.213237259931448,3.4132372599314484,71.10910958190519
3574,14.5,9.777572804431252,9.777572804431252,4.7224271955687485,32.568463417715506
1480,6.9,5.600728281565592,5.600728281565592,1.299271718434408,18.830024904846493
3936,10.49,20.683420375760097,20.683420375760097,10.193420375760097,97.17273952106859
6199,28.99,24.426588055425103,24.426588055425103,4.563411944574895,15.741331302431513
852,13.5,10.88132259933082,10.88132259933082,2.6186774006691795,19.397610375327258
486,7.89,6.4744075757414725,6.4744075757414725,1.4155924242585272,17.941602335342548
2678,3.6,3.994623333906365,3.994623333906365,0.39462333390636495,10.961759275176803
3195,4.0,4.359169695659864,4.359169695659864,0.35916969565986356,8.979242391496589
1430,8.4,9.137075736892392,9.137075736892392,0.7370757368923915,8.774711153480851
1536,14.9,18.519957442908932,18.519957442908932,3.619957442908932,24.29501639536196
1891,6.0,10.5730922847264,10.5730922847264,4.5730922847264,76.21820474544
6513,39.99,21.340351818006262,21.340351818006262,18.64964818199374,46.635779399834306
1919,5.6,8.051134246484144,8.051134246484144,2.451134246484145,43.77025440150259
4302,14.8,15.728907586803754,15.728907586803754,0.9289075868037528,6.27640261353887
198,5.0,4.402839272804136,4.402839272804136,0.5971607271958641,11.943214543917282
4629,6.6,5.733536180543562,5.733536180543562,0.8664638194564374,13.1282396887339
2882,3.85,8.467147890431823,8.467147890431823,4.6171478904318235,119.92591923199541
1057,8.9,9.777572804431252,9.777572804431252,0.8775728044312512,9.86036858911518
73,7.0,7.499500758082759,7.499500758082759,0.4995007580827586,7.135725115467981
548,27.8,23.929085941289536,23.929085941289536,3.870914058710465,13.924151290325412
6352,13.69,16.254015824838486,16.254015824838486,2.564015824838487,18.729114863685076
2963,4.0,5.7600744129763815,5.7600744129763815,1.7600744129763815,44.001860324409535
6569,27.3,34.911309667552054,34.911309667552054,7.611309667552053,27.88025519249836
1512,34.99,18.4430484366869,18.4430484366869,16.5469515633131,47.290516042621036
3912,10.9,10.462931575588122,10.462931575588122,0.4370684244118781,4.00980205882457
1582,1.9,2.7618957005726514,2.7618957005726514,0.8618957005726515,45.36293160908693
6697,15.44,18.579173979954835,18.579173979954835,3.139173979954835,20.331437694008
5822,10.08,10.625899789760307,10.625899789760307,0.5458997897603073,5.415672517463365
2865,6.9,6.509021961560817,6.509021961560817,0.390978038439183,5.666348383176565
3647,10.8,10.538069208674946,10.538069208674946,0.2619307913250548,2.4252851048616186
5349,20.499,13.471371302241465,13.471371302241465,7.027628697758534,34.28278792994065
4428,3.0,2.683120983269499,2.683120983269499,0.3168790167305011,10.562633891016704
6213,25.55,20.43666976940632,20.43666976940632,5.113330230593682,20.013034170621065
4359,28.8,31.32631435134098,31.32631435134098,2.5263143513409787,8.771924831045066
1452,3.6,6.674229618546777,6.674229618546777,3.074229618546777,85.3952671818549
7037,24.89,20.3695755631873,20.3695755631873,4.5204244368127,18.161608826085576
2020,1.9,2.6463505944790304,2.6463505944790304,0.7463505944790305,39.28161023573845
4903,29.49,28.082398544959656,28.082398544959656,1.4076014550403428,4.773148372466405
5220,6.9,5.733536180543562,5.733536180543562,1.166463819456438,16.905272745745478
6818,12.35,15.660164671147093,15.660164671147093,3.310164671147094,26.802952802810477
4814,10.0,14.19922076010742,14.19922076010742,4.199220760107419,41.99220760107419
5267,8.8,9.466430510185802,9.466430510185802,0.6664305101858012,7.5730739793841035
2098,9.2,12.99247170052707,12.99247170052707,3.79247170052707,41.222518483989894
1880,13.5,8.565587763713792,8.565587763713792,4.934412236286208,36.551201750268206
937,9.5,8.981031812080866,8.981031812080866,0.5189681879191337,5.462823030727723
7120,29.999,28.303323276695778,28.303323276695778,1.6956767233042207,5.652444159152708
2855,13.5,12.084129264012123,12.084129264012123,1.4158707359878768,10.487931377687977
6139,14.99,18.442705672171893,18.442705672171893,3.452705672171893,23.033393410086013
5985,12.49,13.446354386492535,13.446354386492535,0.956354386492535,7.656960660468655
1295,7.0,9.95186978704898,9.95186978704898,2.951869787048979,42.169568386413985
1175,45.9,32.580345936822354,32.580345936822354,13.319654063177644,29.018854168143015
2197,5.5,5.230619709141821,5.230619709141821,0.26938029085817927,4.897823470148714
2614,41.9,36.42421210114122,36.42421210114122,5.475787898858776,13.068706202526915
6148,27.36,18.708785716237873,18.708785716237873,8.651214283762126,31.61993524766859
4335,4.0,8.320923126208005,8.320923126208005,4.320923126208005,108.02307815520011
4914,11.5,10.732116967264117,10.732116967264117,0.7678830327358828,6.677243762920719
1321,7.2,5.739766647246234,5.739766647246234,1.4602333527537663,20.281018788246755
1181,12.79,15.351776448753444,15.351776448753444,2.561776448753445,20.029526573521856
6150,22.799,23.968860401623093,23.968860401623093,1.1698604016230938,5.131191726054186
3438,12.6,9.187019846173087,9.187019846173087,3.412980153826913,27.087144077991375
6343,34.99,29.198167642086936,29.198167642086936,5.791832357913066,16.55282182884557
4301,12.6,10.732116967264117,10.732116967264117,1.8678830327358824,14.824468513776845
620,7.9,7.700602006191555,7.700602006191555,0.19939799380844558,2.5240252380815895
6864,24.89,23.975611706993774,23.975611706993774,0.9143882930062261,3.673717529153178
5159,16.0,12.162550290034273,12.162550290034273,3.8374497099657265,23.98406068728579
2492,15.5,10.605955438834751,10.605955438834751,4.8940445611652486,31.574481039775797
478,14.0,15.638829829740379,15.638829829740379,1.638829829740379,11.705927355288422
3968,5.3,7.178166916787646,7.178166916787646,1.878166916787646,35.43711163750275
2276,3.7,5.920390513442632,5.920390513442632,2.2203905134426316,60.010554417368425
5227,6.9,8.49208936851946,8.49208936851946,1.59208936851946,23.073758964050143
1897,12.5,4.481645813246816,4.481645813246816,8.018354186753184,64.14683349402547
7044,14.766,14.742392012968386,14.742392012968386,0.02360798703161393,0.15988071943392881
2206,1.4,1.1011801954441198,1.1011801954441198,0.2988198045558801,21.344271753991436
1033,4.5,5.9840124747461205,5.9840124747461205,1.4840124747461205,32.97805499435824
5948,10.59,7.723812521248963,7.723812521248963,2.866187478751037,27.065037570831326
286,12.3,20.071383394297207,20.071383394297207,7.771383394297207,63.18197881542444
550,3.2,2.9576006725268513,2.9576006725268513,0.24239932747314885,7.574978983535901
7008,10.099,10.44388608243727,10.44388608243727,0.34488608243727015,3.4150518114394504
5668,25.79,33.42143250255627,33.42143250255627,7.631432502556272,29.59066499634072
5015,2.5,2.217587821684624,2.217587821684624,0.28241217831537613,11.296487132615045
2825,12.5,11.656875909191443,11.656875909191443,0.8431240908085567,6.744992726468453
1055,10.799,10.239197421488942,10.239197421488942,0.5598025785110572,5.183837193361026
2091,6.5,5.4253148161193945,5.4253148161193945,1.0746851838806055,16.533618213547776
6540,25.79,22.36806839229354,22.36806839229354,3.4219316077064583,13.268443612665601
2571,3.5,3.4126017049817814,3.4126017049817814,0.08739829501821861,2.4970941433776743
1677,10.3,7.256684695898019,7.256684695898019,3.0433153041019816,29.546750525261956
1174,1.8,1.555066869240411,1.555066869240411,0.244933130759589,13.6073961533105
6021,78.2,71.88890310386527,71.88890310386527,6.311096896134728,8.070456388919089
5916,12.54,21.16095998552302,21.16095998552302,8.620959985523022,68.7476872848726
5389,3.9,3.7513572838824594,3.7513572838824594,0.14864271611754054,3.811351695321553
2087,14.0,14.271574282552955,14.271574282552955,0.27157428255295457,1.9398163039496756
1370,46.5,30.492239877320625,30.492239877320625,16.007760122679375,34.42529058640726
6314,16.899,16.195234068787364,16.195234068787364,0.7037659312126365,4.164541873558415
2934,5.0,5.903913130726456,5.903913130726456,0.9039131307264556,18.078262614529113
3107,16.99,15.405203134962314,15.405203134962314,1.584796865037685,9.327821454018158
1188,7.8,6.148742658327711,6.148742658327711,1.6512573416722889,21.169965918875498
2029,6.699999,8.13972245522314,8.13972245522314,1.43972345522314,21.488412986675666
4209,4.888888,6.109049812422032,6.109049812422032,1.220161812422032,24.95785979187971
5027,4.5,5.433005199584003,5.433005199584003,0.9330051995840032,20.733448879644513
7009,23.5,28.06110401225353,28.06110401225353,4.56110401225353,19.408953243632045
7093,40.9,37.21853444736385,37.21853444736385,3.6814655526361477,9.001138270504029
3956,7.2,11.75351085870259,11.75351085870259,4.55351085870259,63.24320637086931
833,9.0,7.643681004418162,7.643681004418162,1.3563189955818382,15.070211062020425
1393,5.4,7.989279355866165,7.989279355866165,2.5892793558661644,47.949617701225264
549,24.9,21.64320959179109,21.64320959179109,3.256790408208907,13.079479551039789
1020,5.5,5.92341054137776,5.92341054137776,0.42341054137776,7.698373479595637
248,3.6,4.005742225778266,4.005742225778266,0.4057422257782659,11.270617382729608
2648,6.5,5.485888581290661,5.485888581290661,1.014111418709339,15.60171413398983
296,6.3,7.229042392092446,7.229042392092446,0.9290423920924464,14.746704636388039
1559,7.39,5.0036308666478,5.0036308666478,2.3863691333521997,32.29186919285792
1563,12.8,10.703311100847476,10.703311100847476,2.096688899152525,16.380382024629103
6766,13.69,14.145230418515345,14.145230418515345,0.4552304185153453,3.325276979659206
3260,9.7,10.431494710120429,10.431494710120429,0.7314947101204297,7.5411825785611315
100,1.4,1.3924134836115598,1.3924134836115598,0.007586516388440101,0.5418940277457216
4204,43.5,37.04822948800294,37.04822948800294,6.451770511997061,14.831656349418532
3197,7.0,6.14793011955573,6.14793011955573,0.8520698804442697,12.172426863489568
2937,17.5,17.633160209050903,17.633160209050903,0.13316020905090298,0.7609154802908742
7017,15.99,12.404724138850275,12.404724138850275,3.585275861149725,22.42198787460741
1499,6.0,6.306894450199555,6.306894450199555,0.30689445019955475,5.114907503325913
4872,7.0,8.462736809413808,8.462736809413808,1.4627368094138085,20.896240134482976
1656,5.0,5.739766647246234,5.739766647246234,0.7397666472462339,14.795332944924677
6788,13.29,14.874684918300206,14.874684918300206,1.5846849183002067,11.923889528218261
346,4.0,4.005742225778266,4.005742225778266,0.005742225778265997,0.14355564445664992
1718,7.5,8.244734882688922,8.244734882688922,0.7447348826889222,9.929798435852295
1665,1.7,1.7863210666206908,1.7863210666206908,0.08632106662069083,5.077709801217108
681,6.0,5.90433074102113,5.90433074102113,0.09566925897887035,1.5944876496478393
6514,69.99,49.412388610675336,49.412388610675336,20.57761138932466,29.400787811579743
3898,3.9,5.22742203235732,5.22742203235732,1.3274220323573203,34.03646236813642
6186,20.45,21.081580388973613,21.081580388973613,0.6315803889736138,3.0884126600176716
6408,54.999,49.43911223188107,49.43911223188107,5.559887768118934,10.109070652409923
7289,23.79,25.873406751598804,25.873406751598804,2.0834067515988046,8.757489498103425
5761,17.75,16.7902806047385,16.7902806047385,0.9597193952615015,5.406869832459163
7063,49.59,46.59276996587911,46.59276996587911,2.9972300341208964,6.0440210407761565
1793,3.8,5.821994848191846,5.821994848191846,2.021994848191846,53.21039074189069
3542,5.9,7.9897450214379955,7.9897450214379955,2.089745021437995,35.41940714301686
6741,18.8,19.169001244847856,19.169001244847856,0.3690012448478548,1.9627725789779509
1706,6.2,8.165064310003709,8.165064310003709,1.9650643100037088,31.694585645221107
1414,5.6,5.2709856407445494,5.2709856407445494,0.3290143592554502,5.875256415275897
4761,2.9,3.539828157147126,3.539828157147126,0.639828157147126,22.063039901625036
3066,8.8,5.92341054137776,5.92341054137776,2.8765894586222407,32.688516575252734
2991,8.0,7.178253888737312,7.178253888737312,0.821746111262688,10.2718263907836
6041,9.75,16.544751082662103,16.544751082662103,6.794751082662103,69.68975469397029
84,37.9,35.13018405153477,35.13018405153477,2.7698159484652294,7.3082214999082575
5327,9.5,8.121031841787486,8.121031841787486,1.3789681582125137,14.515454296973829
3207,9.0,11.468008205228312,11.468008205228312,2.468008205228312,27.42231339142569
5025,3.99,4.024681701508743,4.024681701508743,0.03468170150874261,0.8692155766602159
1561,1.2,3.4515841953729023,3.4515841953729023,2.251584195372902,187.63201628107518
6072,8.39,40.693499366019935,40.693499366019935,32.303499366019935,385.0238303458871
2948,8.9,11.640805732162477,11.640805732162477,2.7408057321624764,30.795570024297486
3528,7.8,7.989279355866165,7.989279355866165,0.18927935586616496,2.4266584085405762
1297,5.0,5.9617330862375875,5.9617330862375875,0.9617330862375875,19.23466172475175
4866,8.499,8.456624728896058,8.456624728896058,0.04237527110394268,0.49859125901803364
6289,13.28,14.622387104690407,14.622387104690407,1.342387104690408,10.10833663170488
4506,14.2,13.390610843675391,13.390610843675391,0.8093891563246078,5.699923636088788
1912,18.5,15.481557275980062,15.481557275980062,3.0184427240199376,16.31590661632399
6456,79.99,47.2134181394755,47.2134181394755,32.776581860524495,40.97584930681897
5998,9.494,8.857373297495112,8.857373297495112,0.6366267025048877,6.705568806666186
6127,18.99,18.17153424102027,18.17153424102027,0.8184657589797268,4.309982933015939
6875,44.199,25.55182425480358,25.55182425480358,18.647175745196417,42.18913492431145
1817,12.2,10.217222722027657,10.217222722027657,1.9827772779723425,16.2522727702651
3722,7.6,8.976513985522573,8.976513985522573,1.376513985522573,18.112026125297014
5451,9.79,11.39936500113448,11.39936500113448,1.6093650011344813,16.43886620157795
6187,36.99,35.933340345776145,35.933340345776145,1.056659654223857,2.856608959783339
7164,8.99,11.721477638499723,11.721477638499723,2.7314776384997224,30.383510995547525
3089,1.2,1.7288103425744026,1.7288103425744026,0.5288103425744026,44.067528547866885
4845,6.0,5.6316800216565035,5.6316800216565035,0.3683199783434965,6.138666305724941
3142,3.2,2.2583358123606208,2.2583358123606208,0.9416641876393794,29.427005863730603
1623,5.5,5.615800147927467,5.615800147927467,0.11580014792746685,2.105457235044852
6834,18.38,19.28445003222041,19.28445003222041,0.9044500322204101,4.9208380425484775
5459,16.79,24.17690593121483,24.17690593121483,7.38690593121483,43.995866177574925
5605,47.95,45.106124904382234,45.106124904382234,2.8438750956177685,5.930917821934866
6392,26.4,29.64240599959649,29.64240599959649,3.2424059995964924,12.281840907562472
1199,2.0,2.8233820412718855,2.8233820412718855,0.8233820412718855,41.16910206359427
373,6.0,4.336082102414052,4.336082102414052,1.6639178975859483,27.731964959765804
2457,5.7,5.739766647246234,5.739766647246234,0.03976664724623369,0.6976604780040998
5260,4.99,5.0036308666478,5.0036308666478,0.013630866647799778,0.27316366027654865
3819,21.09,21.807875154941346,21.807875154941346,0.7178751549413462,3.403865125373856
7284,23.3,32.39283958019214,32.39283958019214,9.092839580192138,39.02506257593192
1317,8.0,9.770793428506027,9.770793428506027,1.7707934285060265,22.13491785632533
1446,13.0,15.166133957513845,15.166133957513845,2.1661339575138445,16.66256890395265
3799,18.9,18.767513801363574,18.767513801363574,0.13248619863642475,0.7009851779705013
3482,3.7,4.4662848754944955,4.4662848754944955,0.7662848754944953,20.710402040391767
1488,6.399,6.653821504812682,6.653821504812682,0.25482150481268206,3.9822082327345223
4486,4.0,4.634750087894219,4.634750087894219,0.6347500878942194,15.868752197355484
6067,102.0,75.42055312691393,75.42055312691393,26.57944687308607,26.0582812481236
812,5.123,3.47733116416362,3.47733116416362,1.6456688358363802,32.12314729331213
3580,34.5,23.1021053339196,23.1021053339196,11.3978946660804,33.03737584371131
4317,3.95,3.222203106877832,3.222203106877832,0.7277968931221683,18.425237800561224
3366,3.9,2.660348551744073,2.660348551744073,1.2396514482559269,31.785934570664793
3651,4.0,4.303626351129646,4.303626351129646,0.30362635112964576,7.590658778241144
6684,40.5,34.36037645506434,34.36037645506434,6.1396235449356595,15.159564308483109
1511,3.5,2.673294227339452,2.673294227339452,0.826705772660548,23.620164933158513
7149,18.29,22.153943390980803,22.153943390980803,3.863943390980804,21.125989015750708
1801,3.4,3.0285239351758584,3.0285239351758584,0.3714760648241415,10.925766612474751
4516,4.6,5.739766647246234,5.739766647246234,1.1397666472462342,24.777535809700744
921,7.8,8.943377711879624,8.943377711879624,1.1433777118796238,14.658688613841331
322,15.0,16.450823784348195,16.450823784348195,1.450823784348195,9.6721585623213
3838,2.5,2.9202400560974278,2.9202400560974278,0.42024005609742776,16.80960224389711
5634,27.49,29.797986360305487,29.797986360305487,2.307986360305488,8.395730666807887
7262,9.08,13.722252075927377,13.722252075927377,4.642252075927377,51.12612418422222
4402,6.85,6.341199368695757,6.341199368695757,0.5088006313042426,7.427746442397702
6217,10.45,10.823511677274077,10.823511677274077,0.3735116772740774,3.5742744236753823
1569,5.9,7.553871663815326,7.553871663815326,1.653871663815326,28.031723115513994
4661,17.5,15.837864546691307,15.837864546691307,1.662135453308693,9.497916876049674
231,12.9,10.699576161246318,10.699576161246318,2.2004238387536823,17.057549137625443
1545,1.8,3.0279209076234594,3.0279209076234594,1.2279209076234594,68.2178282013033
1420,1.0,2.6141478094026547,2.6141478094026547,1.6141478094026547,161.41478094026547
1079,5.9,9.01293470500008,9.01293470500008,3.112934705000079,52.76160516949285
3103,7.9,6.40838159186042,6.40838159186042,1.4916184081395807,18.88124567265292
1115,4.75,6.3803927589648355,6.3803927589648355,1.6303927589648355,34.32405808347022
6946,14.45,9.468780984646342,9.468780984646342,4.981219015353657,34.47210391248206
1941,10.9,10.217222722027657,10.217222722027657,0.6827772779723436,6.264011724516913
1867,10.95,9.890122120731856,9.890122120731856,1.059877879268143,9.679250038978475
2586,6.65,8.287546143966482,8.287546143966482,1.6375461439664818,24.62475404460875
2751,11.5,9.61265049991663,9.61265049991663,1.8873495000833707,16.41173478333366
1425,9.59,8.981031812080866,8.981031812080866,0.6089681879191335,6.35003324211818
5395,14.5,14.992336206902369,14.992336206902369,0.4923362069023689,3.3954221165680614
4053,32.5,24.83549580776663,24.83549580776663,7.66450419223337,23.58308982225652
7283,16.95,17.425649728123418,17.425649728123418,0.4756497281234182,2.8061930862738538
4333,4.49,6.61415139469256,6.61415139469256,2.12415139469256,47.308494313865474
1618,9.0,13.766686067892381,13.766686067892381,4.7666860678923815,52.96317853213757
2402,16.8,15.020344085316294,15.020344085316294,1.7796559146837065,10.593189968355397
265,15.3,14.661224258947314,14.661224258947314,0.6387757410526866,4.175004843481612
0,9.99,8.981031812080866,8.981031812080866,1.008968187919134,10.09978166085219
4015,16.5,13.05658668872714,13.05658668872714,3.4434133112728595,20.869171583471875
5187,3.5,3.5684813763319996,3.5684813763319996,0.06848137633199958,1.9566107523428449
838,1.2,2.9117511689191944,2.9117511689191944,1.7117511689191944,142.6459307432662
14,21.9,15.908086489350305,15.908086489350305,5.9919135106496935,27.360335665067094
3263,2.6,2.211030898847264,2.211030898847264,0.3889691011527363,14.960350044336012
4912,21.0,13.733602182802386,13.733602182802386,7.266397817197614,34.60189436760769
6477,29.155,39.22176906277764,39.22176906277764,10.066769062777638,34.52844816593256
8,16.5,14.77572800544445,14.77572800544445,1.7242719945555507,10.45013330033667
1039,8.5,12.521175113821256,12.521175113821256,4.021175113821256,47.30794251554419
2759,11.9,10.538069208674946,10.538069208674946,1.3619307913250545,11.444796565756759
3992,15.5,14.97543095316517,14.97543095316517,0.5245690468348307,3.3843164311924565
6472,12.99,21.12833336461316,21.12833336461316,8.138333364613159,62.650757233357645
4141,32.79,29.345712741559716,29.345712741559716,3.4442872584402835,10.504078250809037
6629,18.1,19.43837664491224,19.43837664491224,1.3383766449122376,7.394346104487499
339,4.1,3.4257146767125195,3.4257146767125195,0.6742853232874801,16.44598349481659
1956,3.3,3.565941517160996,3.565941517160996,0.265941517160996,8.058833853363517
4220,6.5,5.434242067300682,5.434242067300682,1.0657579326993183,16.396275887681817
2770,29.999999,12.250521390804062,12.250521390804062,17.749477609195935,59.1649273361507
1090,23.5,25.40938060858336,25.40938060858336,1.9093806085833585,8.125023866312162
4512,8.999,6.519257342702294,6.519257342702294,2.479742657297707,27.555757943079307
1883,6.0,6.649066510599528,6.649066510599528,0.6490665105995284,10.817775176658806
622,5.3,7.2866136176242735,7.2866136176242735,1.9866136176242737,37.48327580423158
7220,12.5,14.94899846264076,14.94899846264076,2.448998462640761,19.591987701126087
5192,3.8,8.213237259931448,8.213237259931448,4.413237259931448,116.13782262977497
5045,2.8,7.277053512069981,7.277053512069981,4.477053512069981,159.8947682882136
4331,16.5,18.59187465995912,18.59187465995912,2.091874659959121,12.67802824217649
4952,4.7,2.745961247751807,2.745961247751807,1.9540387522481932,41.57529260102539
3032,8.4,6.517205860266534,6.517205860266534,1.8827941397334662,22.41421594920793
4568,5.999,5.753540791383609,5.753540791383609,0.24545920861639026,4.091668755065682
889,4.5,7.722651876199791,7.722651876199791,3.222651876199791,71.61448613777313
1507,3.1,2.373323593939706,2.373323593939706,0.7266764060602942,23.44117438904175
3688,10.0,6.7946989291954,6.7946989291954,3.2053010708046,32.053010708045996
196,1.9,0.9002318592705914,0.9002318592705914,0.9997681407294086,52.619375827863614
5533,12.99,16.2527984746056,16.2527984746056,3.262798474605601,25.1177711670947
3980,11.2,13.200063016847364,13.200063016847364,2.000063016847365,17.857705507565765
2789,3.8,3.8984975928616676,3.8984975928616676,0.09849759286166782,2.592041917412311
6575,38.0,16.69291375930805,16.69291375930805,21.30708624069195,56.0712795807683
4236,21.5,13.980818058969934,13.980818058969934,7.519181941030066,34.97293926060496
432,4.2,6.528825438705438,6.528825438705438,2.3288254387054375,55.448224731081844
2598,10.9,11.430637323899422,11.430637323899422,0.5306373238994215,4.868232329352491
6091,28.99,20.4169407129659,20.4169407129659,8.573059287034098,29.57247080729251
1694,23.5,26.56968584929443,26.56968584929443,3.06968584929443,13.06249297572098
5357,29.9,30.626195612735447,30.626195612735447,0.7261956127354487,2.4287478686804307
1108,13.9,16.737388042171055,16.737388042171055,2.837388042171055,20.412863612741404
6353,37.5,42.066801750183686,42.066801750183686,4.566801750183686,12.17813800048983
6690,60.89,46.780235610952296,46.780235610952296,14.109764389047704,23.172547855226973
6262,110.99,92.57294115288492,92.57294115288492,18.417058847115072,16.593439811798426
4825,1.65,3.0746619563056905,3.0746619563056905,1.4246619563056906,86.34314886701155
1277,4.6,4.600742455561781,4.600742455561781,0.0007424555617809858,0.01614033829958665
1195,5.9,5.819087709296341,5.819087709296341,0.08091229070365902,1.3713947576891359
6062,18.19,26.872600657039232,26.872600657039232,8.682600657039231,47.73282384298642
604,9.0,8.970482835813776,8.970482835813776,0.029517164186223965,0.3279684909580441
3742,6.2,4.373589014917477,4.373589014917477,1.8264109850825232,29.458241694879405
1593,17.9,19.04934614529866,19.04934614529866,1.1493461452986615,6.4209281860260425
1219,19.4,21.822740379374892,21.822740379374892,2.4227403793748934,12.488352471004607
2229,7.0,7.604245663875228,7.604245663875228,0.6042456638752283,8.63208091250326
4519,4.1,3.373165424736019,3.373165424736019,0.7268345752639807,17.727672567414164
1652,3.3,3.650785078832704,3.650785078832704,0.35078507883270404,10.629850873718304
4657,5.9,6.766381554678672,6.766381554678672,0.8663815546786715,14.684433130146973
4865,5.9,4.037233224877835,4.037233224877835,1.8627667751221653,31.572318222409578
6264,11.09,10.395430184355426,10.395430184355426,0.6945698156445737,6.263028094180105
4955,38.0,35.67238078345051,35.67238078345051,2.3276192165494933,6.125313727761824
1158,12.0,9.565120852025537,9.565120852025537,2.4348791479744634,20.29065956645386
4818,10.8,10.761393895326213,10.761393895326213,0.038606104673787556,0.35746393216469957
3256,8.8,8.518067658878431,8.518067658878431,0.2819323411215695,3.2037766036541986
5728,38.699,44.02537023799083,44.02537023799083,5.3263702379908295,13.763586237346779
4650,17.5,20.071383394297207,20.071383394297207,2.5713833942972073,14.693619395984042
7219,15.49,18.627759892687138,18.627759892687138,3.1377598926871375,20.256681037360476
5702,14.19,12.918579697967601,12.918579697967601,1.2714203020323982,8.959973939622257
2807,4.59,3.0543981833361604,3.0543981833361604,1.5356018166638394,33.455377269364696
2851,8.6,12.422644475113795,12.422644475113795,3.822644475113796,44.44935436178832
4559,10.49,9.25990126692436,9.25990126692436,1.230098733075641,11.72639402360001
2995,6.5,8.719119495880676,8.719119495880676,2.219119495880676,34.14029993662579
904,5.95,4.5347917299189096,4.5347917299189096,1.4152082700810906,23.78501294253934
6841,21.169,21.536902129516974,21.536902129516974,0.367902129516974,1.7379287142376778
2357,23.8,23.02454976028395,23.02454976028395,0.7754502397160508,3.2581942845212217
3383,12.8,11.224985111424557,11.224985111424557,1.5750148885754438,12.304803816995655
3470,9.0,13.89295957165308,13.89295957165308,4.89295957165308,54.366217462811996
1616,7.8,8.981031812080866,8.981031812080866,1.1810318120808665,15.141433488216238
3575,5.8,6.47227559003928,6.47227559003928,0.6722755900392805,11.590958448953112
6977,26.95,18.817490721538316,18.817490721538316,8.132509278461683,30.17628674753871
5006,10.9,9.689164463375006,9.689164463375006,1.2108355366249945,11.108582904816464
3820,3.65,4.130079936166159,4.130079936166159,0.4800799361661592,13.152874963456416
1860,7.5,6.364278570896886,6.364278570896886,1.1357214291031141,15.142952388041522
2088,4.99,3.9621075573014295,3.9621075573014295,1.0278924426985707,20.599046947867148
7077,27.52,23.738082283058112,23.738082283058112,3.781917716941887,13.742433564469067
6930,27.699,25.235677802873422,25.235677802873422,2.4633221971265797,8.893180970889128
5213,4.1,7.754703555873195,7.754703555873195,3.654703555873195,89.13911111885842
2251,3.2,2.502424605165227,2.502424605165227,0.6975753948347734,21.79923108858667
3784,14.0,18.90463547326123,18.90463547326123,4.90463547326123,35.0331105232945
3127,6.5,5.92341054137776,5.92341054137776,0.57658945862224,8.870607055726769
254,11.7,8.943377711879624,8.943377711879624,2.7566222881203757,23.56087425743911
6705,16.78,15.849054493666651,15.849054493666651,0.9309455063333498,5.547946998410905
4989,2.999999,4.005742225778266,4.005742225778266,1.0057432257782661,33.524785367537326
221,14.85,15.327603541279984,15.327603541279984,0.4776035412799846,3.21618546316488
267,2.9,2.9963088551945503,2.9963088551945503,0.09630885519455035,3.3209950067086327
107,8.1,5.9142820678193555,5.9142820678193555,2.185717932180644,26.984172002230178
4800,5.5,3.9310467652779058,3.9310467652779058,1.5689532347220942,28.52642244949262
1226,5.4,8.048461096783468,8.048461096783468,2.6484610967834676,49.04557586636051
4938,4.9,5.912849093258265,5.912849093258265,1.0128490932582643,20.67038965833192
3418,9.5,8.822981382291958,8.822981382291958,0.6770186177080415,7.126511765347805
4154,8.5,6.332225235324484,6.332225235324484,2.1677747646755163,25.50323252559431
1758,6.99,8.079979200807392,8.079979200807392,1.0899792008073916,15.593407736872555
2284,9.99,9.214186717969403,9.214186717969403,0.7758132820305974,7.7658987190249995
2526,3.3,4.0103747650097805,4.0103747650097805,0.7103747650097807,21.526508030599416
4004,15.0,6.663661683948935,6.663661683948935,8.336338316051066,55.575588773673765
1210,15.5,23.982170256414385,23.982170256414385,8.482170256414385,54.72367907364119
6664,11.5,14.635473076941048,14.635473076941048,3.1354730769410484,27.264983277748243
2464,13.6,13.286696666684918,13.286696666684918,0.31330333331508164,2.3037009802579536
4240,13.5,12.799742410611318,12.799742410611318,0.7002575893886824,5.187093254730981
4198,14.5,12.678068544202599,12.678068544202599,1.821931455797401,12.565044522740695
376,4.5,3.93037945483842,3.93037945483842,0.5696205451615799,12.658234336923998
755,1.8,2.7310324546960394,2.7310324546960394,0.9310324546960393,51.72402526089107
291,12.49,13.437417874777825,13.437417874777825,0.947417874777825,7.585411327284428
5091,1.7,5.1395075490197035,5.1395075490197035,3.4395075490197033,202.32397347174725
1465,1.35,3.1567086280649423,3.1567086280649423,1.8067086280649423,133.83026874555125
188,4.7,5.7719776471655875,5.7719776471655875,1.0719776471655873,22.808035046076323
1870,33.0,18.401108297696858,18.401108297696858,14.598891702303142,44.23906576455497
1201,8.7,10.405231387837238,10.405231387837238,1.7052313878372392,19.60036077973838
1649,4.0,3.8348071605949423,3.8348071605949423,0.1651928394050577,4.129820985126442
6030,128.96,137.21994283682557,137.21994283682557,8.259942836825559,6.405042522352325
3706,30.49,27.292674339987805,27.292674339987805,3.1973256600121935,10.486473138774004
4176,6.5,6.489834857186887,6.489834857186887,0.010165142813113093,0.1563868125094322
501,10.0,9.779005594149638,9.779005594149638,0.22099440585036234,2.2099440585036234
6193,26.99,23.087214260442497,23.087214260442497,3.902785739557501,14.460117597471292
2605,5.5,6.3803927589648355,6.3803927589648355,0.8803927589648355,16.00714107208792
6874,64.89,73.95865224403276,73.95865224403276,9.068652244032762,13.975423399649811
3312,23.5,20.25720103570134,20.25720103570134,3.242798964298661,13.799144528930471
2812,6.5,6.207227875986748,6.207227875986748,0.29277212401325237,4.504186523280806
4763,5.5,8.292999819700265,8.292999819700265,2.792999819700265,50.781814903641184
6753,76.79,48.48413378197291,48.48413378197291,28.3058662180271,36.86139629903255
672,7.9,5.92341054137776,5.92341054137776,1.9765894586222403,25.020119729395446
4766,13.8,19.056973762473337,19.056973762473337,5.256973762473336,38.09401277154591
3753,7.35,7.197596881718227,7.197596881718227,0.15240311828177244,2.073511813357448
1374,12.8,12.265595705304424,12.265595705304424,0.5344042946955767,4.175033552309193
7043,23.99,23.608399936056767,23.608399936056767,0.38160006394323176,1.5906630426979231
6988,15.58,16.033649683240117,16.033649683240117,0.45364968324011734,2.911743794865965
5718,79.99,79.29262314392084,79.29262314392084,0.6973768560791598,0.8718300488550567
1192,4.9,6.138578315965692,6.138578315965692,1.2385783159656913,25.27710848909574
3053,52.9,43.05439356975997,43.05439356975997,9.845606430240032,18.6117323823063
3950,2.8,2.5347419222791325,2.5347419222791325,0.2652580777208673,9.473502775745262
216,13.0,10.582979675394022,10.582979675394022,2.4170203246059785,18.592464035430602
4697,6.49,7.983883969653707,7.983883969653707,1.493883969653707,23.01824298387838
421,1.2,0.9798527036290239,0.9798527036290239,0.22014729637097608,18.345608030914672
505,3.9,5.532877372723668,5.532877372723668,1.632877372723668,41.868650582658155
4836,2.9,3.170799955764614,3.170799955764614,0.2707999557646139,9.337929509124617
6453,19.9,18.298110475870782,18.298110475870782,1.6018895241292164,8.049696101151842
6845,49.5,32.92795505386723,32.92795505386723,16.57204494613277,33.4788786790561
6252,20.59,25.09654714025951,25.09654714025951,4.50654714025951,21.887067218356044
506,16.3,15.166133957513845,15.166133957513845,1.1338660424861562,6.956233389485621
1807,8.9,6.100116080819881,6.100116080819881,2.799883919180119,31.4593698784283
4436,20.89,21.697376043830236,21.697376043830236,0.8073760438302351,3.8648925027775736
1438,5.99,2.351226097423168,2.351226097423168,3.6387739025768324,60.747477505456295
5520,76.49,71.18656693295537,71.18656693295537,5.303433067044622,6.9334985841869825
7069,41.599,30.421373315757915,30.421373315757915,11.177626684242082,26.869940826082555
4704,3.8,2.787442857834844,2.787442857834844,1.0125571421651558,26.646240583293572
1426,27.9,36.401086069608084,36.401086069608084,8.501086069608085,30.46984254339816
2859,7.5,7.229042392092446,7.229042392092446,0.27095760790755374,3.61276810543405
3016,5.0,4.388730428032058,4.388730428032058,0.6112695719679424,12.225391439358848
2688,20.49,20.81433626563937,20.81433626563937,0.3243362656393707,1.582900271544025
4664,12.0,6.2297924614719955,6.2297924614719955,5.7702075385280045,48.08506282106671
2280,2.95,4.314939456756765,4.314939456756765,1.3649394567567645,46.26913412734795
347,6.5,6.759682706158144,6.759682706158144,0.25968270615814415,3.995118556279141
4320,12.99,15.137981440679559,15.137981440679559,2.1479814406795583,16.535653892837246
333,11.5,6.888696755483092,6.888696755483092,4.611303244516908,40.09828908275573
4386,6.5,6.674077148427542,6.674077148427542,0.17407714842754185,2.6781099758083364
3381,7.75,6.7847020796614315,6.7847020796614315,0.9652979203385685,12.45545703662669
5781,18.355,21.448654329589043,21.448654329589043,3.093654329589043,16.85455913696019
6380,15.89,17.243935721540723,17.243935721540723,1.3539357215407222,8.520677920331794
5832,83.49,95.2566708094046,95.2566708094046,11.766670809404602,14.09350917403833
6831,8.29,8.814808207933817,8.814808207933817,0.5248082079338179,6.33061770728369
3023,9.79,10.399263396509859,10.399263396509859,0.60926339650986,6.2233237641456585
6726,5.65,4.8541100502607915,4.8541100502607915,0.7958899497392089,14.086547782994845
746,14.5,15.789236980070134,15.789236980070134,1.2892369800701342,8.891289517725063
3410,34.0,24.466347737209368,24.466347737209368,9.533652262790632,28.040153714090092
5257,5.7,5.614701658901947,5.614701658901947,0.08529834109805279,1.4964621245272418
3704,5.0,4.821314389545075,4.821314389545075,0.1786856104549246,3.573712209098492
3589,2.5,2.6995013634324865,2.6995013634324865,0.19950136343248648,7.980054537299459
5019,7.8,6.076034631467941,6.076034631467941,1.7239653685320588,22.10212010938537
4038,24.2,20.81433626563937,20.81433626563937,3.38566373436063,13.99034600975467
3608,9.3,8.718166213392339,8.718166213392339,0.5818337866076622,6.256277275351206
6968,28.59,29.405673656355095,29.405673656355095,0.815673656355095,2.853003345068538
259,4.8,5.919755215935625,5.919755215935625,1.1197552159356254,23.32823366532553
1795,11.49,8.981031812080866,8.981031812080866,2.508968187919134,21.836102592855823
4210,20.0,16.634797879407344,16.634797879407344,3.365202120592656,16.82601060296328
3653,8.3,5.498823882717928,5.498823882717928,2.801176117282073,33.74910984677196
3265,4.59,5.92341054137776,5.92341054137776,1.3334105413777602,29.050338592108066
3246,5.0,6.164841383135562,6.164841383135562,1.1648413831355624,23.296827662711248
1730,25.0,17.947809629556723,17.947809629556723,7.052190370443277,28.20876148177311
599,11.5,15.162748285816692,15.162748285816692,3.6627482858166918,31.84998509405819
45,13.0,12.737565431833113,12.737565431833113,0.2624345681668867,2.0187274474375902
4651,23.5,12.086069805996111,12.086069805996111,11.413930194003889,48.569915719165486
5070,6.0,5.986649644100111,5.986649644100111,0.013350355899889088,0.22250593166481814
4575,6.0,4.647115679075299,4.647115679075299,1.3528843209247006,22.548072015411677
3921,14.2,8.14142288267725,8.14142288267725,6.0585771173227485,42.66603603748415
3881,2.686686,3.558958228300221,3.558958228300221,0.8722722283002211,32.466474619669775
6979,5.85,12.539156338244712,12.539156338244712,6.689156338244713,114.34455279050792
6997,28.9,23.614209755434334,23.614209755434334,5.285790244565664,18.289931642095723
1421,1.9,3.4557102851766612,3.4557102851766612,1.5557102851766613,81.87948869350849
4251,17.2,17.50453908591318,17.50453908591318,0.3045390859131807,1.7705760808905853
3529,2.3,2.362492841322868,2.362492841322868,0.06249284132286803,2.7170800575160015
6651,12.09,13.617196160154581,13.617196160154581,1.5271961601545812,12.63189545206436
6497,96.79,94.6938923527724,94.6938923527724,2.096107647227612,2.1656241835185575
7180,15.99,17.091820689722752,17.091820689722752,1.1018206897227518,6.890685989510644
3044,13.2,16.737388042171055,16.737388042171055,3.537388042171056,26.79839425887164
1298,4.1,5.92341054137776,5.92341054137776,1.8234105413777604,44.47342783848197
426,6.5,5.226560293379837,5.226560293379837,1.273439706620163,19.591380101848664
4603,8.2,5.433270128539826,5.433270128539826,2.766729871460173,33.7406081885387
805,19.9,17.703189719210002,17.703189719210002,2.1968102807899967,11.03924764216079
410,7.7,12.489382874586141,12.489382874586141,4.789382874586141,62.19977759202781
6097,12.38,15.260336124550463,15.260336124550463,2.880336124550462,23.266043009292908
3858,15.0,4.790190897730192,4.790190897730192,10.209809102269809,68.06539401513206
438,8.8,10.894824691982572,10.894824691982572,2.0948246919825717,23.804826045256494
2389,2.0,2.1081406562636764,2.1081406562636764,0.10814065626367642,5.407032813183821
4161,9.2,10.830022635570533,10.830022635570533,1.6300226355705334,17.717637343157975
434,5.8,6.509021961560817,6.509021961560817,0.7090219615608175,12.224516578634786
751,10.5,8.13972245522314,8.13972245522314,2.36027754477686,22.478833759779622
3411,8.5,6.103404422632758,6.103404422632758,2.3965955773672416,28.19524208667343
2874,6.99,5.733536180543562,5.733536180543562,1.256463819456438,17.975161937860342
4383,14.6,15.133835161650332,15.133835161650332,0.5338351616503321,3.6564052167830963
2142,9.0,8.265074706152946,8.265074706152946,0.7349252938470539,8.165836598300597
6044,24.0,37.62873093378912,37.62873093378912,13.628730933789122,56.786378890788
4937,7.5,6.6509555579001525,6.6509555579001525,0.8490444420998475,11.320592561331301
4856,5.9,8.497986385530103,8.497986385530103,2.5979863855301026,44.03366755135767
1049,6.0,7.8176266676589234,7.8176266676589234,1.8176266676589234,30.29377779431539
626,6.5,6.022222619125421,6.022222619125421,0.47777738087457866,7.350421244224287
1926,10.2,9.611374724420147,9.611374724420147,0.5886252755798527,5.770836035096595
1223,7.6,5.733536180543562,5.733536180543562,1.8664638194564374,24.558734466532073
210,7.89,10.33515430022006,10.33515430022006,2.44515430022006,30.990548798733336
2431,3.89,2.661927677947362,2.661927677947362,1.228072322052638,31.569982572047245
6216,14.59,17.320870707629478,17.320870707629478,2.730870707629478,18.717414034472093
4927,16.0,18.498941512686336,18.498941512686336,2.4989415126863364,15.618384454289602
51,18.8,15.669085553553971,15.669085553553971,3.1309144464460292,16.653800247053347
1109,12.5,12.729678888854005,12.729678888854005,0.22967888885400534,1.8374311108320427
1436,7.2,9.050628693105796,9.050628693105796,1.8506286931057963,25.70317629313606
7277,10.49,13.050749926665778,13.050749926665778,2.5607499266657783,24.411343438186638
3882,2.8,4.543021066969571,4.543021066969571,1.743021066969571,62.25075239177039
1786,10.8,5.614701658901947,5.614701658901947,5.185298341098053,48.01202167683382
5456,22.0,25.943475042545906,25.943475042545906,3.9434750425459058,17.924886557026845
4338,6.0,6.096600110525698,6.096600110525698,0.09660011052569839,1.610001842094973
6336,19.592,25.119646998132826,25.119646998132826,5.527646998132827,28.21379643799932
1558,2.8,3.46512722293819,3.46512722293819,0.6651272229381902,23.754543676363934
2249,26.49,20.56444179248101,20.56444179248101,5.925558207518989,22.369038155979577
5044,36.0,24.02445273630067,24.02445273630067,11.97554726369933,33.26540906583147
3786,8.5,12.601204464857432,12.601204464857432,4.101204464857432,48.24946429244037
4233,12.8,16.966840722887667,16.966840722887667,4.166840722887667,32.553443147559896
4561,13.0,7.516360228391801,7.516360228391801,5.483639771608199,42.18184439698614
3733,3.5,3.7091440756238723,3.7091440756238723,0.20914407562387227,5.975545017824922
5661,63.05,82.39741566221123,82.39741566221123,19.347415662211233,30.685829757670476
5664,70.99,71.18656693295537,71.18656693295537,0.19656693295537764,0.27689383428000797
6291,8.89,9.08587797815663,9.08587797815663,0.19587797815662888,2.2033518352826644
6970,20.49,28.099812737262752,28.099812737262752,7.609812737262754,37.13915440342974
4693,29.5,14.194612670381453,14.194612670381453,15.305387329618547,51.88266891396117
3164,1.0,1.2725969247223738,1.2725969247223738,0.27259692472237385,27.259692472237383
2112,5.4,4.87177910794644,4.87177910794644,0.52822089205356,9.781868371362222
705,7.2,7.663547210932462,7.663547210932462,0.4635472109324619,6.438155707395303
2943,26.5,20.25720103570134,20.25720103570134,6.242798964298661,23.557731940749665
6952,20.99,13.637767987075044,13.637767987075044,7.352232012924954,35.02730830359674
57,3.8,5.806642386430492,5.806642386430492,2.0066423864304923,52.80637859027612
4881,9.8,9.495260919302947,9.495260919302947,0.304739080697054,3.109582456092388
5640,17.2,23.7878996502442,23.7878996502442,6.5878996502442,38.301742152582555
527,4.5,12.362771802394647,12.362771802394647,7.862771802394647,174.7282622754366
1935,3.8,3.8311724401370357,3.8311724401370357,0.031172440137035906,0.8203273720272608
5058,1.95,3.773454009830054,3.773454009830054,1.8234540098300542,93.51046204256689
565,4.0,6.9741170260756,6.9741170260756,2.9741170260756,74.35292565189
1871,4.9,5.639524599778007,5.639524599778007,0.7395245997780062,15.092338770979719
6095,18.85,19.960582091800298,19.960582091800298,1.1105820918002962,5.891682184616956
640,5.5,4.658883750747768,4.658883750747768,0.8411162492522317,15.29302271367694
5282,5.0,3.5005749110709417,3.5005749110709417,1.4994250889290583,29.988501778581167
1747,41.0,30.392047819658053,30.392047819658053,10.607952180341947,25.87305409839499
730,6.5,7.9793681691762535,7.9793681691762535,1.4793681691762535,22.759510295019282
