sample_id,y_true_price,raw_prediction,y_pred_price,absolute_error,absolute_percentage_error
3909,5.5,4.057039901412512,4.057039901412512,1.4429600985874877,26.235638156136144
6004,37.499,29.811732569206328,29.811732569206328,7.687267430793675,20.499926480155935
1768,27.49,18.244766801089032,18.244766801089032,9.245233198910967,33.631259363081
3360,7.8,7.558553442459859,7.558553442459859,0.241446557540141,3.095468686412064
4700,12.99,11.673877481440156,11.673877481440156,1.316122518559844,10.131813075903342
865,3.5,3.0453505702187598,3.0453505702187598,0.45464942978124023,12.989983708035435
7074,52.5,42.46063087588137,42.46063087588137,10.039369124118629,19.122607855464054
2233,26.0,20.009612932036013,20.009612932036013,5.990387067963987,23.039950261399948
1720,22.0,12.129497497489153,12.129497497489153,9.870502502510847,44.865920465958396
1662,4.7,11.451092219935022,11.451092219935022,6.751092219935022,143.6402599986175
1566,11.49,15.895731621710082,15.895731621710082,4.405731621710082,38.344052408268766
5141,3.2,5.114187185786822,5.114187185786822,1.9141871857868216,59.81834955583817
7264,63.86,50.9086799052309,50.9086799052309,12.951320094769102,20.280801902237865
5464,127.0,110.48722924370622,110.48722924370622,16.512770756293776,13.002181697869114
6348,31.79,28.02260325697952,28.02260325697952,3.7673967430204804,11.850886263040202
6283,17.99,33.018747326986684,33.018747326986684,15.028747326986686,83.53945151187709
6419,30.9,33.32861999280856,33.32861999280856,2.4286199928085637,7.85961162721218
763,7.9,13.481546135587173,13.481546135587173,5.581546135587173,70.65248272895155
3297,4.8,5.660254154182212,5.660254154182212,0.8602541541822122,17.921961545462757
2654,3.59,3.271539459868985,3.271539459868985,0.318460540131015,8.870767134568663
2189,3.1399,4.8363264243139685,4.8363264243139685,1.6964264243139686,54.02803988388065
3945,1.9,2.1327928149183224,2.1327928149183224,0.2327928149183225,12.252253416753815
6006,20.04,23.441011273478853,23.441011273478853,3.4010112734788542,16.97111413911604
1197,19.8,13.105156058421434,13.105156058421434,6.694843941578567,33.81234313928569
429,7.5,6.860038989895071,6.860038989895071,0.6399610101049289,8.532813468065719
4271,5.7,5.786149973591245,5.786149973591245,0.08614997359124477,1.5114030454604344
3905,5.1,5.931610466626787,5.931610466626787,0.8316104666267874,16.3060875809174
2316,2.7,6.387631162898372,6.387631162898372,3.687631162898372,136.57893195919894
4584,13.5,9.157311908560951,9.157311908560951,4.342688091439049,32.16805993658555
7086,51.49,60.20020311999059,60.20020311999059,8.710203119990588,16.916300485512892
1992,16.5,14.990038388644505,14.990038388644505,1.5099616113554948,9.151282493063604
7240,13.1,14.605670554070203,14.605670554070203,1.5056705540702033,11.493668351680942
554,7.2,11.355506591292745,11.355506591292745,4.1555065912927445,57.71536932351034
1905,11.999,9.22996152155898,9.22996152155898,2.7690384784410202,23.07724375732161
2034,14.5,12.233344243056054,12.233344243056054,2.266655756943946,15.632108668578937
1215,6.2,5.766350402583876,5.766350402583876,0.4336495974161245,6.994348345421362
1615,7.0,7.470223778506124,7.470223778506124,0.4702237785061243,6.717482550087491
1002,3.2,2.8500245309338887,2.8500245309338887,0.34997546906611143,10.936733408315982
2388,9.95,9.037245813689012,9.037245813689012,0.9127541863109876,9.173408907648117
6001,38.9,38.624450457651115,38.624450457651115,0.27554954234888385,0.7083535793030433
1533,4.95,4.519139315491655,4.519139315491655,0.43086068450834514,8.704256252693842
5326,26.5,27.859097726195696,27.859097726195696,1.3590977261956958,5.128670664889419
2764,22.5,20.839395499065738,20.839395499065738,1.6606045009342623,7.3804644485967215
6702,12.99,18.21043448234797,18.21043448234797,5.2204344823479705,40.18810225056174
496,10.89,13.421282059561518,13.421282059561518,2.5312820595615175,23.24409604739685
2691,29.5,26.018825747179054,26.018825747179054,3.4811742528209457,11.80059068752863
7213,26.25,30.118119809030702,30.118119809030702,3.868119809030702,14.73569451059315
5400,13.99,13.650271502265547,13.650271502265547,0.3397284977344537,2.4283666742991685
5931,44.99,37.472695726443796,37.472695726443796,7.517304273556206,16.708833682054248
828,4.8,3.758041993074225,3.758041993074225,1.0419580069257748,21.70745847762031
3552,1.55,3.78098730611931,3.78098730611931,2.23098730611931,143.93466491092323
61,6.9,9.086803726782477,9.086803726782477,2.186803726782477,31.692807634528652
1429,10.0,14.451842185305532,14.451842185305532,4.451842185305532,44.518421853055315
2970,3.2,3.2316102395873436,3.2316102395873436,0.031610239587343436,0.9878199871044824
3955,29.9,29.421951197379205,29.421951197379205,0.4780488026207941,1.5988254268253983
4121,14.5,14.056095300778143,14.056095300778143,0.44390469922185716,3.0614117187714287
3550,16.4,14.979891225982287,14.979891225982287,1.4201087740177112,8.65919984157141
5189,4.6,3.3325071645926108,3.3325071645926108,1.2674928354073889,27.554192074073676
465,5.95,6.768538371214323,6.768538371214323,0.8185383712143226,13.756947415366765
5636,7.5,13.344606934133079,13.344606934133079,5.844606934133079,77.92809245510772
6951,12.9,21.32377486864127,21.32377486864127,8.423774868641269,65.3005803770641
4230,8.2,7.323875318093233,7.323875318093233,0.8761246819067665,10.684447340326422
6145,42.45,63.50911839306803,63.50911839306803,21.059118393068026,49.609230607934094
1902,8.9,8.157727217091738,8.157727217091738,0.7422727829082625,8.340143628182723
185,4.7,4.519139315491655,4.519139315491655,0.18086068450834514,3.848099670390322
2662,4.8,5.751245859223376,5.751245859223376,0.9512458592233761,19.81762206715367
932,2.0,4.117780068272067,4.117780068272067,2.117780068272067,105.88900341360335
6485,20.95,26.603101891621392,26.603101891621392,5.653101891621393,26.983779912273953
5510,12.99,22.654825919335746,22.654825919335746,9.664825919335746,74.40204710805038
1487,18.99,9.086803726782477,9.086803726782477,9.903196273217521,52.14953277102434
1084,17.0,12.404184226817698,12.404184226817698,4.595815773182302,27.03421043048413
7123,11.999,17.24010490718324,17.24010490718324,5.2411049071832405,43.6795141860425
5735,99.69,79.656498939459,79.656498939459,20.033501060541,20.09579803444779
2939,12.5,11.511668616361556,11.511668616361556,0.9883313836384442,7.9066510691075536
1940,7.5,7.701962934320176,7.701962934320176,0.20196293432017587,2.6928391242690117
5481,17.86,18.933035928611208,18.933035928611208,1.0730359286112083,6.008039913836552
3268,2.2,3.0267320007492833,3.0267320007492833,0.8267320007492831,37.578727306785595
1703,22.5,26.962131890073266,26.962131890073266,4.462131890073266,19.831697289214517
6381,19.8,23.451543571433607,23.451543571433607,3.6515435714336064,18.442139249664677
3244,1.5,2.573924007957814,2.573924007957814,1.0739240079578138,71.59493386385427
4438,1.5,2.6811928826973936,2.6811928826973936,1.1811928826973936,78.74619217982625
5549,17.5,13.122874340155848,13.122874340155848,4.377125659844152,25.01214662768087
4063,8.0,9.155764320062946,9.155764320062946,1.1557643200629464,14.44705400078683
5269,5.299999,5.711703400299897,5.711703400299897,0.4117044002998975,7.768009018490335
7091,24.299,30.978791417609123,30.978791417609123,6.679791417609124,27.489984845504438
2718,22.0,18.518949913590994,18.518949913590994,3.481050086409006,15.822954938222756
1740,7.8,8.047839289194348,8.047839289194348,0.2478392891943484,3.1774267845429285
5023,17.5,14.511185703228476,14.511185703228476,2.9888142967715243,17.078938838694423
3994,7.0,7.88398262221663,7.88398262221663,0.8839826222166298,12.628323174523285
101,12.6,13.410690988886305,13.410690988886305,0.8106909888863054,6.434055467351631
4505,15.0,16.176634507675438,16.176634507675438,1.1766345076754376,7.844230051169585
736,8.2,11.740298441324432,11.740298441324432,3.540298441324433,43.17437123566382
7111,48.49,54.851857180047624,54.851857180047624,6.361857180047622,13.119936440601407
538,25.5,17.037672596869392,17.037672596869392,8.462327403130608,33.18559765933572
4520,9.0,6.407597267423143,6.407597267423143,2.592402732576857,28.80447480640952
5153,8.5,7.759359354897526,7.759359354897526,0.7406406451024736,8.713419354146748
733,10.8,14.413499394189996,14.413499394189996,3.6134993941899953,33.458327723981434
5218,4.4,7.645737318627089,7.645737318627089,3.2457373186270884,73.76675724152473
79,3.7,3.0769688858202313,3.0769688858202313,0.6230311141797689,16.838678761615373
5808,17.79,16.607192972216808,16.607192972216808,1.1828070277831912,6.648718537286066
3113,5.5,5.786149973591245,5.786149973591245,0.28614997359124494,5.2027267925680905
5278,5.3,3.5064837352837963,3.5064837352837963,1.7935162647162035,33.83992952294724
3082,5.9,6.342873062022829,6.342873062022829,0.4428730620228283,7.506323085132682
4939,11.5,9.254005676074351,9.254005676074351,2.2459943239256486,19.53038542544042
132,8.9,6.7912085325567215,6.7912085325567215,2.108791467443279,23.694286151048075
737,12.2,7.117473645800202,7.117473645800202,5.082526354199797,41.660052083604896
1041,9.0,10.909612496310894,10.909612496310894,1.9096124963108938,21.217916625676597
2095,13.5,15.274030507929067,15.274030507929067,1.7740305079290675,13.1409667254005
7199,21.99,22.182084481361525,22.182084481361525,0.19208448136152612,0.8735083281560987
6848,42.499,30.716702491860193,30.716702491860193,11.78229750813981,27.723705282806204
1634,9.3,14.990038388644505,14.990038388644505,5.6900383886445045,61.183208480048435
6425,20.34,21.763310844989523,21.763310844989523,1.4233108449895226,6.997595108109747
5527,23.9,30.051977198188048,30.051977198188048,6.15197719818805,25.740490368987658
6243,47.499,28.243486456248082,28.243486456248082,19.25551354375192,40.53877669793452
6607,41.0,46.1066026634004,46.1066026634004,5.106602663400402,12.455128447318053
3308,17.2,15.053823928621837,15.053823928621837,2.1461760713781626,12.477767856849784
4726,5.0,8.105108835893597,8.105108835893597,3.1051088358935974,62.10217671787195
5241,1.8,4.367183219975498,4.367183219975498,2.5671832199754983,142.6212899986388
5112,14.499,10.901500864256212,10.901500864256212,3.5974991357437887,24.81205004306358
2647,7.5,8.445064163894733,8.445064163894733,0.9450641638947328,12.600855518596438
3139,6.2,6.767044773484997,6.767044773484997,0.567044773484997,9.145883443306403
5239,6.6,7.243443774245954,7.243443774245954,0.643443774245954,9.749148094635668
319,9.0,7.861769766903784,7.861769766903784,1.1382302330962162,12.647002589957957
5857,4.845,12.135191284985012,12.135191284985012,7.290191284985013,150.46834437533568
6898,38.8,41.66327773731334,41.66327773731334,2.8632777373133393,7.379581797199329
842,7.5,5.735522759436693,5.735522759436693,1.7644772405633073,23.526363207510766
1894,5.5,3.989274885389454,3.989274885389454,1.5107251146105458,27.467729356555378
177,7.5,12.323290900656833,12.323290900656833,4.823290900656833,64.3105453420911
5163,3.8,2.334033161155735,2.334033161155735,1.465966838844265,38.578074706428026
4671,7.3,6.2510269212136675,6.2510269212136675,1.0489730787863323,14.369494229949758
3832,22.9,14.695381084675585,14.695381084675585,8.204618915324414,35.828030197923205
3961,3.95,4.903000290876458,4.903000290876458,0.9530002908764574,24.12658964244196
1509,4.0,2.3258186327974144,2.3258186327974144,1.6741813672025856,41.85453418006464
6654,19.49,15.804769900069594,15.804769900069594,3.685230099930404,18.90831246757519
2177,11.4,7.886521258421161,7.886521258421161,3.5134787415788393,30.819988961217888
3671,1.4,2.718842913380994,2.718842913380994,1.318842913380994,94.20306524149959
1755,6.9,4.668428630768977,4.668428630768977,2.2315713692310233,32.34161404682642
2245,4.0,5.710771267919315,5.710771267919315,1.7107712679193154,42.76928169798288
3193,4.799,5.660254154182212,5.660254154182212,0.8612541541822116,17.946533739991903
1038,13.5,11.867699088023485,11.867699088023485,1.6323009119765146,12.0911178664927
6559,8.1,4.720516520579588,4.720516520579588,3.3794834794204114,41.722018264449524
3450,7.29,6.767829495740612,6.767829495740612,0.522170504259388,7.162832705890097
5444,41.29,35.95155389177644,35.95155389177644,5.3384461082235575,12.929150177339688
3433,17.49,14.894286394146755,14.894286394146755,2.595713605853243,14.841129821916772
3002,15.9,16.16282931495184,16.16282931495184,0.2628293149518388,1.653014559445527
2516,1.5,2.015250401475032,2.015250401475032,0.5152504014750319,34.35002676500212
3698,5.35,4.588289594898269,4.588289594898269,0.7617104051017307,14.23757766545291
2045,4.99,5.79940689913006,5.79940689913006,0.8094068991300594,16.22057914088295
4239,9.49,5.796058058073333,5.796058058073333,3.693941941926667,38.924572623041804
4710,4.99,5.816867516320979,5.816867516320979,0.8268675163209789,16.570491309037653
1728,31.5,28.46422997072127,28.46422997072127,3.03577002927873,9.637365172313428
3319,9.19,11.94805911024217,11.94805911024217,2.7580591102421703,30.011524594582923
5372,2.899,6.253522995353183,6.253522995353183,3.354522995353183,115.7131078079746
2771,27.5,19.394706515261248,19.394706515261248,8.105293484738752,29.473794489959097
4552,1.5,2.797126696670996,2.797126696670996,1.297126696670996,86.47511311139974
3379,5.0,9.337077249211696,9.337077249211696,4.337077249211696,86.74154498423391
3857,6.7,7.451633326147282,7.451633326147282,0.7516333261472816,11.218407852944502
5435,23.49,30.11583320026739,30.11583320026739,6.62583320026739,28.207037889601494
4104,3.2,3.736657890486062,3.736657890486062,0.5366578904860617,16.770559077689427
6784,28.799,17.61256675583502,17.61256675583502,11.18643324416498,38.843130817615126
2412,21.49,13.872477889164292,13.872477889164292,7.617522110835706,35.446822293325766
6248,27.89,34.493284553571804,34.493284553571804,6.603284553571804,23.67617265533096
3045,11.5,11.781647963567272,11.781647963567272,0.28164796356727173,2.449112726671928
1918,14.9,14.351132603274012,14.351132603274012,0.5488673967259885,3.683673803530124
3824,4.0,7.138400741438118,7.138400741438118,3.138400741438118,78.46001853595294
1550,13.5,14.514035052678047,14.514035052678047,1.0140350526780466,7.5113707605781235
1934,7.9,7.845578037538539,7.845578037538539,0.05442196246146125,0.6888856007779904
7148,19.199,16.16518268237706,16.16518268237706,3.0338173176229404,15.80195488110287
3370,8.99,8.24574738504944,8.24574738504944,0.744252614950561,8.278672023921702
2481,10.7,10.456171072126546,10.456171072126546,0.24382892787345334,2.2787750268547042
6017,21.999,16.21118594725073,16.21118594725073,5.787814052749269,26.309441578022952
5643,21.1,17.575201797369274,17.575201797369274,3.524798202630727,16.70520475180439
3889,2.9,5.0894356942694445,5.0894356942694445,2.1894356942694446,75.49778256101534
3664,26.0,24.888602421431518,24.888602421431518,1.1113975785684822,4.274606071417239
1600,14.8,14.990038388644505,14.990038388644505,0.1900383886445045,1.2840431665169223
2275,23.49,15.894366186530748,15.894366186530748,7.5956338134692505,32.33560584703811
4024,8.2,7.099670350231699,7.099670350231699,1.1003296497683,13.418654265467072
2312,8.0,8.150016908625512,8.150016908625512,0.15001690862551165,1.8752113578188956
3935,6.9,5.678126338859343,5.678126338859343,1.2218736611406573,17.708313929574743
4352,1.0,4.218806533607905,4.218806533607905,3.2188065336079053,321.8806533607905
1672,1.3,5.712293311681359,5.712293311681359,4.412293311681359,339.40717782164296
3792,15.9,14.920878784523497,14.920878784523497,0.9791212154765034,6.157995065889959
1034,4.6,5.710771267919315,5.710771267919315,1.1107712679193158,24.147201476506865
3439,10.5,10.311001312210577,10.311001312210577,0.18899868778942341,1.7999875027564134
3221,8.9,11.260600957292718,11.260600957292718,2.360600957292718,26.523606261715933
2955,5.5,5.097498388934354,5.097498388934354,0.4025016110656461,7.318211110284474
4490,2.0,1.4350201967788947,1.4350201967788947,0.5649798032211053,28.248990161055264
7244,46.49,35.53540482143583,35.53540482143583,10.954595178564169,23.563336585425184
6285,16.09,20.475831870868863,20.475831870868863,4.385831870868863,27.258122255244643
2268,16.49,18.371011036233003,18.371011036233003,1.881011036233005,11.406980207598576
1699,2.6,3.0935253071282225,3.0935253071282225,0.4935253071282224,18.981742581854707
3519,10.5,8.602802073715983,8.602802073715983,1.8971979262840168,18.068551678895396
87,8.5,9.42721454280451,9.42721454280451,0.92721454280451,10.908406385935411
7113,22.59,20.46120995223126,20.46120995223126,2.1287900477687387,9.423594722305173
676,5.3,5.602857733604862,5.602857733604862,0.30285773360486257,5.714296860469105
4407,24.99,14.563001791774774,14.563001791774774,10.426998208225225,41.7246827059833
3317,4.9,5.660254154182212,5.660254154182212,0.7602541541822116,15.515390901677787
6902,67.0,65.01859656817425,65.01859656817425,1.981403431825754,2.957318554963812
2569,4.1,4.973271134560229,4.973271134560229,0.8732711345602295,21.29929596488365
393,2.999,4.253467129167555,4.253467129167555,1.2544671291675553,41.82951414363305
1149,5.6,4.588411476632065,4.588411476632065,1.0115885233679345,18.064080774427403
1168,5.9,5.738410142158316,5.738410142158316,0.16158985784168411,2.738811149859053
2208,3.4,2.9131641320108708,2.9131641320108708,0.48683586798912915,14.31870199968027
230,18.5,27.971227529188162,27.971227529188162,9.471227529188162,51.195824482098175
2802,4.999999,5.660254154182212,5.660254154182212,0.6602551541822121,13.205105724665389
1543,4.4,4.531015056054715,4.531015056054715,0.1310150560547143,2.977614910334416
2345,28.5,26.148041590053257,26.148041590053257,2.351958409946743,8.252485648935941
3599,6.0,6.380645618230365,6.380645618230365,0.380645618230365,6.34409363717275
2892,2.2,3.177984207576799,3.177984207576799,0.9779842075767986,44.4538276171272
4691,25.9,26.815616486108233,26.815616486108233,0.9156164861082345,3.5351987880626816
2942,16.0,24.336090606704666,24.336090606704666,8.336090606704666,52.10056629190416
5121,24.49,17.52448377245355,17.52448377245355,6.965516227546448,28.442287576751525
7189,54.99,50.4569787625562,50.4569787625562,4.533021237443805,8.243355587277332
970,3.2,2.6603020447835157,2.6603020447835157,0.5396979552164844,16.86556110051514
3718,5.6,5.674389318377558,5.674389318377558,0.07438931837755813,1.3283806853135383
5329,7.0,7.388629396527166,7.388629396527166,0.38862939652716566,5.551848521816653
169,10.5,13.794145467427192,13.794145467427192,3.2941454674271924,31.37281397549707
1056,9.0,5.769689732258708,5.769689732258708,3.2303102677412916,35.89233630823657
5968,24.1145,17.778950048065635,17.778950048065635,6.3355499519343645,26.27278173685693
251,3.7,7.032905423182497,7.032905423182497,3.3329054231824964,90.07852495087828
5889,51.0,30.107539302201605,30.107539302201605,20.892460697798395,40.965609211369404
2705,10.5,6.836402629205651,6.836402629205651,3.663597370794349,34.891403531374756
1729,4.3,5.0640038805579985,5.0640038805579985,0.7640038805579987,17.767532105999972
2533,8.6,5.685005645699589,5.685005645699589,2.9149943543004104,33.89528318953966
95,7.5,3.333945386231025,3.333945386231025,4.166054613768975,55.547394850253006
5646,17.5,24.22831921235956,24.22831921235956,6.728319212359558,38.44753835634033
5174,23.49,12.460550220340616,12.460550220340616,11.029449779659382,46.953809193952246
3692,2.8,5.933889289525817,5.933889289525817,3.1338892895258175,111.92461748306492
1172,6.69,5.931610466626787,5.931610466626787,0.7583895333732134,11.336166418134729
1383,11.9,13.720111787631913,13.720111787631913,1.8201117876319124,15.295057038923632
5263,7.2,9.287267551806945,9.287267551806945,2.087267551806945,28.98982710842979
711,13.7,14.990038388644505,14.990038388644505,1.290038388644506,9.416338603244569
2354,7.9,8.025262435882794,8.025262435882794,0.12526243588279407,1.585600454212583
2215,7.0,7.117473645800202,7.117473645800202,0.11747364580020214,1.678194940002888
3779,7.49,8.197108748846833,8.197108748846833,0.7071087488468333,9.440704256967066
5242,5.5,11.523036776617314,11.523036776617314,6.023036776617314,109.50975957486024
69,5.5,7.093033331948503,7.093033331948503,1.5930333319485026,28.964242399063682
263,6.5,8.543927745420865,8.543927745420865,2.0439277454208646,31.44504223724407
408,16.0,9.086803726782477,9.086803726782477,6.9131962732175225,43.207476707609516
7137,54.99,47.54182056905793,47.54182056905793,7.448179430942069,13.544607075726622
6024,24.39,24.88741939471276,24.88741939471276,0.497419394712761,2.039439912721447
3217,1.79,5.150873835945705,5.150873835945705,3.3608738359457053,187.75831485730197
5196,11.6,13.529158562037786,13.529158562037786,1.9291585620377862,16.630677258946434
37,13.8,13.872477889164292,13.872477889164292,0.07247788916429165,0.5252020953934178
3504,6.99,5.952419924874433,5.952419924874433,1.0375800751255673,14.843777898792093
1862,31.0,24.712720226196463,24.712720226196463,6.287279773803537,20.281547657430764
4602,13.3,14.514035052678047,14.514035052678047,1.214035052678046,9.128083102842451
6222,20.66,21.799336730217398,21.799336730217398,1.1393367302173978,5.514698597373658
6474,9.29,10.309929017152538,10.309929017152538,1.0199290171525384,10.978783822955204
2333,28.5,30.917942807307693,30.917942807307693,2.4179428073076927,8.48400985020243
1575,6.8,9.157311908560951,9.157311908560951,2.357311908560951,34.666351596484574
6763,35.89,42.29884972407338,42.29884972407338,6.408849724073377,17.85692316543153
5733,20.0,30.368590307366976,30.368590307366976,10.368590307366976,51.84295153683488
3295,11.0,11.196363024203356,11.196363024203356,0.1963630242033556,1.7851184018486874
3985,19.5,15.3053255319691,15.3053255319691,4.1946744680309,21.51115111810718
5958,89.09,109.6347437918858,109.6347437918858,20.544743791885793,23.060662018055666
3641,13.8,11.133258101670025,11.133258101670025,2.6667418983299758,19.324216654565042
1163,5.39,5.660254154182212,5.660254154182212,0.2702541541822123,5.013991728798003
3781,8.5,9.74069098287694,9.74069098287694,1.2406909828769397,14.596364504434584
1554,23.99,22.898865499833942,22.898865499833942,1.0911345001660564,4.548288871054842
19,10.0,5.02633077173611,5.02633077173611,4.97366922826389,49.73669228263889
3257,7.1,12.450052385440587,12.450052385440587,5.350052385440588,75.35285049916321
3279,6.699999,7.861769766903784,7.861769766903784,1.1617707669037838,17.339864780633306
982,1.7,3.08332938678652,3.08332938678652,1.3833293867865202,81.3723168697953
6602,12.15,14.727648398237996,14.727648398237996,2.5776483982379954,21.215213154222184
239,4.8,5.148015502671457,5.148015502671457,0.34801550267145753,7.2503229723220315
7053,20.99,27.453359772391128,27.453359772391128,6.463359772391129,30.79256680510305
2509,22.05,18.453558763209152,18.453558763209152,3.5964412367908487,16.310391096557137
3800,7.3,4.453425255306802,4.453425255306802,2.846574744693198,38.99417458483833
6775,25.99,36.50593160710903,36.50593160710903,10.515931607109028,40.46145289384005
1322,2.5,2.773473166722998,2.773473166722998,0.27347316672299815,10.938926668919926
3842,10.9,13.942858918224259,13.942858918224259,3.0428589182242582,27.916136864442738
3166,10.9,8.075779549619902,8.075779549619902,2.824220450380098,25.910279361285305
4381,12.0,13.814186057593437,13.814186057593437,1.814186057593437,15.118217146611975
5635,15.999,26.956079627991407,26.956079627991407,10.957079627991407,68.48602805169952
5514,28.49,27.45538388812975,27.45538388812975,1.0346161118702497,3.6315061841707608
1965,4.5,5.119091585171905,5.119091585171905,0.6190915851719048,13.757590781597884
2486,4.686,9.970578958965744,9.970578958965744,5.284578958965744,112.77377206499668
4706,3.0,4.935618942157762,4.935618942157762,1.9356189421577623,64.52063140525874
2676,6.2,5.079894662828761,5.079894662828761,1.120105337171239,18.066215115665145
1726,6.799999,8.640179153574884,8.640179153574884,1.8401801535748845,27.061476826318426
332,4.0,3.7392153720472856,3.7392153720472856,0.2607846279527144,6.51961569881786
4728,4.99,5.660254154182212,5.660254154182212,0.6702541541822118,13.431946977599434
3544,4.75,8.022073666974613,8.022073666974613,3.272073666974613,68.88576140999186
6459,13.19,9.903710865392457,9.903710865392457,3.286289134607543,24.91500481127781
1562,25.0,27.207029270087034,27.207029270087034,2.207029270087034,8.828117080348136
3989,4.5,5.219152726988821,5.219152726988821,0.7191527269888214,15.981171710862697
1320,29.5,32.50068187185078,32.50068187185078,3.00068187185078,10.171802955426374
6674,35.99,36.13161278017313,36.13161278017313,0.1416127801731264,0.39347813329571096
2036,10.799,12.305329156808362,12.305329156808362,1.5063291568083628,13.94878374672065
3774,5.5,4.683850858677483,4.683850858677483,0.8161491413225166,14.83907529677303
3121,8.2,8.017593268738864,8.017593268738864,0.1824067312611355,2.224472332452872
2650,3.6,6.523377288395636,6.523377288395636,2.923377288395636,81.20492467765655
4595,3.95,3.9188524293166935,3.9188524293166935,0.031147570683306647,0.7885460932482695
2471,3.55,3.0778387004249206,3.0778387004249206,0.47216129957507924,13.300318297889557
4397,10.8,7.6910466523725685,7.6910466523725685,3.1089533476274323,28.786605070624372
6418,5.8,7.282945775307686,7.282945775307686,1.4829457753076865,25.56803060875322
1888,13.8,20.407110658216812,20.407110658216812,6.607110658216811,47.87761346533921
5537,25.99,18.39036977859539,18.39036977859539,7.59963022140461,29.24059338747445
7214,57.99,48.49560615884166,48.49560615884166,9.494393841158342,16.372467392926957
2519,29.5,33.697796680859085,33.697796680859085,4.197796680859085,14.22981925714944
1142,13.89,15.3751663042912,15.3751663042912,1.4851663042911998,10.692342003536355
308,11.3,7.169765540157506,7.169765540157506,4.1302344598424945,36.55074743223446
5255,1.99,2.72072441200394,2.72072441200394,0.73072441200394,36.71981969869045
381,4.5,7.348750162343929,7.348750162343929,2.8487501623439293,63.30555916319843
4118,7.5,7.8333288846796885,7.8333288846796885,0.33332888467968846,4.444385129062513
3617,7.2,5.796058058073333,5.796058058073333,1.403941941926667,19.499193637870373
1400,9.8,6.566800601959031,6.566800601959031,3.23319939804097,32.99183059225479
7075,23.5,20.334833834498202,20.334833834498202,3.165166165501798,13.468792193624674
6806,14.4,13.927208069639358,13.927208069639358,0.4727919303606427,3.2832772941711297
2465,4.3,3.1111358586422453,3.1111358586422453,1.1888641413577545,27.648003287389646
994,10.5,11.168048567935475,11.168048567935475,0.6680485679354753,6.362367313671194
683,4.7,5.738410142158316,5.738410142158316,1.038410142158316,22.093832811879064
3428,7.9,7.861769766903784,7.861769766903784,0.03823023309621654,0.48392700121793086
2906,11.9,11.240631024142086,11.240631024142086,0.6593689758579142,5.540915763511884
2984,12.8,9.766016026641857,9.766016026641857,3.0339839733581435,23.702999791860496
457,2.7,4.072334966988875,4.072334966988875,1.3723349669888751,50.827220999587965
4028,4.8,4.681858746643657,4.681858746643657,0.11814125335634262,2.4612761115904713
3622,3.8,6.3286167219615805,6.3286167219615805,2.5286167219615807,66.54254531477845
756,2.95,4.2815063578008985,4.2815063578008985,1.3315063578008983,45.1358087390135
5845,21.99,25.371083576384017,25.371083576384017,3.381083576384018,15.375550597471662
4100,1.5,3.270954368897886,3.270954368897886,1.7709543688978862,118.06362459319242
1046,11.89,7.861769766903784,7.861769766903784,4.028230233096217,33.879144096688115
1024,4.49,2.032570458589416,2.032570458589416,2.4574295414105842,54.731170187318135
2344,13.4,13.531226837156373,13.531226837156373,0.1312268371563725,0.9793047548983023
2997,3.2,9.915762513132622,9.915762513132622,6.7157625131326215,209.86757853539441
4591,3.55,8.112471717260714,8.112471717260714,4.562471717260714,128.5203300636821
4974,26.9,17.067077333515474,17.067077333515474,9.832922666484524,36.55361586053727
1515,28.2,28.84419236116904,28.84419236116904,0.6441923611690399,2.284370075067517
5186,24.19,19.561252186446225,19.561252186446225,4.628747813553776,19.134964090755584
1737,4.3,5.669975368262333,5.669975368262333,1.3699753682623328,31.85989228517053
6156,22.85,26.899437783239176,26.899437783239176,4.049437783239174,17.721828373037958
1869,5.6,5.954954699142832,5.954954699142832,0.35495469914283273,6.338476770407728
6526,22.99,22.366603489196685,22.366603489196685,0.6233965108033139,2.71159856808749
1042,3.5,1.2001582709514744,1.2001582709514744,2.2998417290485254,65.70976368710072
3442,6.5,5.325609117089771,5.325609117089771,1.1743908829102292,18.067552044772757
50,7.5,12.675708262053112,12.675708262053112,5.175708262053112,69.00944349404149
786,6.5,5.816867516320979,5.816867516320979,0.6831324836790209,10.509730518138785
245,18.5,26.80900665816727,26.80900665816727,8.30900665816727,44.913549503606866
5303,4.25,10.205714098154814,10.205714098154814,5.9557140981548145,140.13444936834858
3076,14.0,11.735527738504256,11.735527738504256,2.2644722614957438,16.17480186782674
5462,37.19,26.694721283061323,26.694721283061323,10.495278716938675,28.22070104043742
7234,54.95,40.5507934033165,40.5507934033165,14.399206596683506,26.204197628177443
625,7.5,9.812377198704654,9.812377198704654,2.312377198704654,30.831695982728725
6414,26.59,17.328298663754786,17.328298663754786,9.261701336245213,34.83152063273867
2272,5.7,4.281608096333889,4.281608096333889,1.4183919036661115,24.884068485370374
4812,12.99,13.667121349340334,13.667121349340334,0.6771213493403341,5.212635483759308
7182,57.28,33.97105898129062,33.97105898129062,23.308941018709383,40.6929836220485
4894,6.9,7.388629396527166,7.388629396527166,0.4886293965271653,7.081585456915438
6403,5.3,7.063179916996109,7.063179916996109,1.7631799169961093,33.26754560370018
1025,12.5,9.970578958965744,9.970578958965744,2.529421041034256,20.23536832827405
5457,53.99,44.74582672626262,44.74582672626262,9.244173273737381,17.12201013842819
2926,7.5,9.463501773336727,9.463501773336727,1.963501773336727,26.18002364448969
321,31.8,32.498407860076874,32.498407860076874,0.6984078600768733,2.1962511323172116
3326,17.0,21.534341762917418,21.534341762917418,4.534341762917418,26.672598605396576
3105,11.9,14.174737401527032,14.174737401527032,2.274737401527032,19.115440348966654
1893,4.5,2.529806928555646,2.529806928555646,1.970193071444354,43.78206825431898
4920,6.8,5.775059578277313,5.775059578277313,1.024940421722687,15.07265326062775
2138,11.49,10.385325762523658,10.385325762523658,1.1046742374763419,9.614223128601756
5476,40.49,26.99133579775901,26.99133579775901,13.498664202240992,33.33826673806123
3475,1.55,1.8670030155197554,1.8670030155197554,0.3170030155197554,20.451807452887444
4098,11.0,13.061113031801552,13.061113031801552,2.0611130318015523,18.73739119819593
7001,45.499,40.08626634133747,40.08626634133747,5.412733658662532,11.896379390014136
5321,14.799,21.242039107434547,21.242039107434547,6.443039107434547,43.536989711700436
5339,2.7,4.026979202380755,4.026979202380755,1.3269792023807545,49.14737786595387
4296,24.5,23.376906085242567,23.376906085242567,1.1230939147574333,4.5840567949282995
3767,5.9,5.735522759436693,5.735522759436693,0.1644772405633077,2.7877498400560627
2126,16.3,21.35392926232486,21.35392926232486,5.053929262324861,31.00570099585804
4279,5.9,4.130854083844425,4.130854083844425,1.7691459161555754,29.985524002636872
233,3.8,5.769689732258708,5.769689732258708,1.9696897322587086,51.83394032259759
65,15.0,11.858119262385156,11.858119262385156,3.1418807376148443,20.945871584098963
5856,20.709,26.97475477215834,26.97475477215834,6.265754772158342,30.256191859376802
1595,14.5,16.429299370242703,16.429299370242703,1.9292993702427026,13.305512898225535
5133,9.8,15.3053255319691,15.3053255319691,5.505325531969099,56.17679114254182
2656,20.9,22.898865499833942,22.898865499833942,1.9988654998339435,9.563949759971022
3218,32.99,39.349921306307685,39.349921306307685,6.359921306307683,19.278330725394614
509,5.0,4.830428979856661,4.830428979856661,0.1695710201433389,3.391420402866778
6253,15.5,17.148116963392948,17.148116963392948,1.6481169633929476,10.633012667051274
6481,18.99,27.49490710629354,27.49490710629354,8.50490710629354,44.7862406861166
576,26.7,13.967735811977908,13.967735811977908,12.732264188022091,47.686382726674495
217,4.999999,4.4343419828723,4.4343419828723,0.5656570171277,11.313142605182522
5697,15.59,23.76167153081192,23.76167153081192,8.17167153081192,52.41610988333496
7082,11.9,13.770408531937166,13.770408531937166,1.8704085319371657,15.717718755774502
3757,4.0,4.878379001155573,4.878379001155573,0.8783790011555732,21.95947502888933
3954,9.2,13.844307660156847,13.844307660156847,4.644307660156848,50.48160500170488
6731,24.5,20.913158114214124,20.913158114214124,3.5868418857858764,14.640170962391332
6889,39.9,26.25482877861759,26.25482877861759,13.645171221382409,34.19842411374037
2115,10.5,7.111360947523177,7.111360947523177,3.3886390524768233,32.272752880731645
3467,2.0,3.71570731929615,3.71570731929615,1.71570731929615,85.7853659648075
4871,17.5,18.84521346990115,18.84521346990115,1.3452134699011502,7.686934113720858
6130,20.5,33.45122230866087,33.45122230866087,12.951222308660867,63.1766941885896
3478,9.0,9.970578958965744,9.970578958965744,0.9705789589657439,10.784210655174933
4487,4.499999,8.183283995746736,8.183283995746736,3.683284995746736,81.85079587232656
3933,29.99,26.830744001524632,26.830744001524632,3.1592559984753663,10.534364783178948
3347,7.6,7.138400741438118,7.138400741438118,0.4615992585618818,6.073674454761602
1261,6.5,5.846196802594677,5.846196802594677,0.6538031974053231,10.058510729312662
4382,9.5,10.549215715608291,10.549215715608291,1.049215715608291,11.044375953771485
3163,9.65,10.21886202229468,10.21886202229468,0.5688620222946792,5.894943236214292
1412,4.0,4.345481231046053,4.345481231046053,0.3454812310460529,8.637030776151322
1281,14.0,10.276059652441932,10.276059652441932,3.7239403475580684,26.59957391112906
4588,6.0,8.234492111467771,8.234492111467771,2.2344921114677714,37.24153519112952
2917,6.2,5.712293311681359,5.712293311681359,0.4877066883186414,7.866236908365183
1565,13.6,17.681436850280505,17.681436850280505,4.081436850280506,30.010565075591956
6580,22.562,14.717059280612837,14.717059280612837,7.844940719387164,34.770590902345376
4002,7.6,6.74229328196762,6.74229328196762,0.8577067180323796,11.285614710952364
6500,7.899,10.866747333146835,10.866747333146835,2.9677473331468347,37.571177783856626
6365,25.4,28.612051744541752,28.612051744541752,3.2120517445417534,12.645873010006902
6900,21.699,17.493709064038335,17.493709064038335,4.205290935961667,19.380113995860025
3007,5.0,7.9753918031742215,7.9753918031742215,2.9753918031742215,59.50783606348443
1315,9.2,10.352636907493274,10.352636907493274,1.1526369074932745,12.528662037970376
3885,2.3,3.756302749554306,3.756302749554306,1.4563027495543062,63.31751085018723
3745,12.4,10.456171072126546,10.456171072126546,1.9438289278734544,15.676039740914954
6498,18.006229,39.27429578381401,39.27429578381401,21.26806678381401,118.11505220673362
1702,40.99,29.540925060962472,29.540925060962472,11.44907493903753,27.931385555104978
1839,6.2,7.266765778311423,7.266765778311423,1.0667657783114226,17.205899650184232
503,10.5,5.642322422535502,5.642322422535502,4.857677577464498,46.26359597585236
7023,38.9,45.03005400587406,45.03005400587406,6.130054005874058,15.758493588365189
5818,9.79,10.815316048920321,10.815316048920321,1.0253160489203221,10.473095494589604
4694,11.0,4.035105560784614,4.035105560784614,6.964894439215386,63.31722217468533
1721,36.0,46.76750436543268,46.76750436543268,10.767504365432679,29.909734348424106
7187,50.999,86.4931799818243,86.4931799818243,35.494179981824296,69.59779599957704
4618,14.99,15.3751663042912,15.3751663042912,0.38516630429120013,2.5694883541774525
1803,18.8,17.067077333515474,17.067077333515474,1.7329226664845265,9.217673757896417
1385,4.2,5.4640389907808435,5.4640389907808435,1.2640389907808434,30.096166447162936
1373,1.2,2.170082621065138,2.170082621065138,0.9700826210651379,80.84021842209482
5834,26.9,30.809431493430395,30.809431493430395,3.9094314934303966,14.533202577808165
5654,44.99,69.12652179068586,69.12652179068586,24.136521790685855,53.64863700974851
5670,16.0,18.570972649500753,18.570972649500753,2.570972649500753,16.068579059379708
856,6.9,7.049153236494596,7.049153236494596,0.14915323649459555,2.161641108617327
2458,13.899999,7.117473645800202,7.117473645800202,6.782525354199797,48.79514994353451
2726,7.8,13.135003368316212,13.135003368316212,5.335003368316213,68.39747908097709
5886,37.99,33.56549209286665,33.56549209286665,4.4245079071333535,11.646506731069632
4252,24.79,22.898865499833942,22.898865499833942,1.891134500166057,7.628618395183773
3269,8.1,5.9172018198636795,5.9172018198636795,2.18279818013632,26.948125680695313
2505,6.0,7.693647286147714,7.693647286147714,1.6936472861477139,28.227454769128563
318,1.7,2.2753631620703376,2.2753631620703376,0.5753631620703377,33.84489188649045
6053,30.49,37.599763346174186,37.599763346174186,7.109763346174187,23.318344854621802
176,4.7,5.846196802594677,5.846196802594677,1.1461968025946767,24.387166012652695
5683,80.49,56.405960800691894,56.405960800691894,24.0840391993081,29.92177810822227
4967,2.0,3.0453505702187598,3.0453505702187598,1.0453505702187598,52.267528510937986
3100,2.6,7.333912765185465,7.333912765185465,4.733912765185465,182.07356789174867
2840,1.85,2.79273932462295,2.79273932462295,0.9427393246229498,50.958882412051345
6504,14.2,19.081431926450165,19.081431926450165,4.8814319264501655,34.376281172184264
3043,2.7,2.3490059962838274,2.3490059962838274,0.35099400371617273,12.999777915413805
3169,12.5,8.85503996274252,8.85503996274252,3.64496003725748,29.159680298059843
468,4.6,5.819960547677917,5.819960547677917,1.2199605476779176,26.520881471259077
472,28.5,20.657683619041773,20.657683619041773,7.842316380958227,27.516899582309566
91,7.9,4.330961879696991,4.330961879696991,3.5690381203030093,45.17769772535454
4304,2.7,4.453425255306802,4.453425255306802,1.7534252553068015,64.94167612247412
4149,5.8,6.012090499619543,6.012090499619543,0.21209049961954296,3.6567327520610857
1047,5.6,6.8695869651315915,6.8695869651315915,1.2695869651315919,22.671195805921286
6571,129.29,112.07744129805985,112.07744129805985,17.21255870194014,13.313139996859883
6768,9.49,9.172296446198192,9.172296446198192,0.3177035538018078,3.347771905182379
435,5.5,7.602856505031062,7.602856505031062,2.1028565050310624,38.23375463692841
6016,151.89,130.57877176919376,130.57877176919376,21.311228230806222,14.030698683788415
1335,20.49,16.685849685315393,16.685849685315393,3.8041503146846054,18.565887333746247
1352,8.9,7.9370383721582645,7.9370383721582645,0.9629616278417359,10.81979357125546
4074,2.55,4.861373811035819,4.861373811035819,2.3113738110358195,90.64211023669881
4868,5.9,6.3221091977462,6.3221091977462,0.4221091977461997,7.154393182138978
6046,25.09,26.40989744736433,26.40989744736433,1.3198974473643297,5.26065144425799
5546,18.99,20.689194258716412,20.689194258716412,1.699194258716414,8.947837065383961
4207,8.8,7.861769766903784,7.861769766903784,0.9382302330962169,10.661707194275191
3758,11.5,18.616194229255722,18.616194229255722,7.116194229255722,61.87994981961498
106,7.7,5.62760922512224,5.62760922512224,2.0723907748777606,26.914165907503385
5694,19.0,26.35822227747362,26.35822227747362,7.358222277473619,38.72748567091378
5676,26.99,28.06317145598276,28.06317145598276,1.073171455982763,3.9761817561421378
4791,4.1,6.031426330025763,6.031426330025763,1.9314263300257632,47.10795926892106
5900,27.9,15.902942094355833,15.902942094355833,11.997057905644166,43.00020754711171
5313,12.9,12.85411835169635,12.85411835169635,0.04588164830365038,0.35567169227635953
3333,10.99,13.059718057042602,13.059718057042602,2.0697180570426017,18.832739372544147
4086,15.0,15.274030507929067,15.274030507929067,0.27403050792906747,1.82687005286045
1617,12.99,12.34474599734261,12.34474599734261,0.6452540026573903,4.967313338394074
2252,4.0,1.4528070115712315,1.4528070115712315,2.5471929884287685,63.67982471071921
4860,7.8,10.636422035281218,10.636422035281218,2.8364220352812177,36.36438506770792
5584,9.299,12.968250772672347,12.968250772672347,3.6692507726723473,39.458552238653056
3494,15.9,18.226158418797787,18.226158418797787,2.326158418797787,14.629927162250233
1498,6.666,5.874263936898329,5.874263936898329,0.7917360631016717,11.877228669392013
996,6.5,7.861769766903784,7.861769766903784,1.3617697669037838,20.95030410621206
5912,15.3205,11.110896099647535,11.110896099647535,4.209603900352464,27.4769354809077
6638,87.999,108.32131495978359,108.32131495978359,20.322314959783597,23.093802156596777
41,18.0,16.733905229737687,16.733905229737687,1.2660947702623133,7.033859834790629
5253,17.2,20.006076187522435,20.006076187522435,2.806076187522436,16.314396439083932
5689,13.69,13.316594601601171,13.316594601601171,0.3734053983988286,2.727577782314307
3282,3.7,7.748644798120569,7.748644798120569,4.048644798120569,109.422832381637
1539,7.3,5.149596551252784,5.149596551252784,2.150403448747216,29.457581489687897
1805,8.9,9.45886200643835,9.45886200643835,0.5588620064383498,6.27934838694775
1144,2.9,8.664930645092262,8.664930645092262,5.764930645092262,198.7907118997332
6198,34.79,37.35363279018019,37.35363279018019,2.5636327901801934,7.36887838511122
2615,6.5,6.822834157308941,6.822834157308941,0.32283415730894127,4.966679343214482
2114,14.99,16.26037281957433,16.26037281957433,1.2703728195743285,8.474801998494518
5792,10.89,6.820431201441486,6.820431201441486,4.069568798558515,37.369777764541
4546,11.0,13.104158165960524,13.104158165960524,2.1041581659605235,19.12871059964112
3172,1.0,4.387651374319946,4.387651374319946,3.3876513743199457,338.76513743199456
167,9.2,18.244766801089032,18.244766801089032,9.044766801089033,98.31268262053297
2337,11.3,11.47925196808773,11.47925196808773,0.1792519680877298,1.5863006025462816
6928,39.18,29.811732569206328,29.811732569206328,9.368267430793672,23.9108408136643
3964,5.4,3.3325071645926108,3.3325071645926108,2.0674928354073896,38.286904359396104
2445,25.0,25.660638104345068,25.660638104345068,0.6606381043450682,2.642552417380273
7257,17.99,22.548647648736935,22.548647648736935,4.558647648736937,25.339897991867353
3341,1.9,4.266226373400295,4.266226373400295,2.3662263734002953,124.5382301789629
4103,1.3,1.605284534078074,1.605284534078074,0.3052845340780739,23.483425698313372
3017,18.5,14.174737401527032,14.174737401527032,4.325262598472968,23.37979782958361
6151,13.09,13.63145099397344,13.63145099397344,0.5414509939734398,4.136371229743619
4958,8.99,11.274797996964098,11.274797996964098,2.284797996964098,25.414883169789743
6935,25.4,42.36359287724791,42.36359287724791,16.963592877247912,66.7857987293225
789,3.6,6.933099653624138,6.933099653624138,3.333099653624138,92.5861014895594
4617,19.2,13.88043021756718,13.88043021756718,5.3195697824328185,27.706092616837598
1097,3.5,3.7463791045661803,3.7463791045661803,0.24637910456618028,7.0394029876051505
3206,15.3,13.063470704215828,13.063470704215828,2.236529295784173,14.617838534537078
6535,19.99,25.90733254158059,25.90733254158059,5.917332541580592,29.601463439622773
6251,31.49,25.427568216647643,25.427568216647643,6.0624317833523556,19.251926908073532
544,4.0,6.56727321509551,6.56727321509551,2.5672732150955104,64.18183037738775
6770,19.299,17.70098239250823,17.70098239250823,1.5980176074917694,8.280313008403386
5924,14.25,16.42748905608881,16.42748905608881,2.1774890560888096,15.28062495500919
4838,2.4,3.628883377230086,3.628883377230086,1.228883377230086,51.203474051253586
6194,19.59,14.691779843210467,14.691779843210467,4.898220156789533,25.00367614491849
6068,7.39,7.7767016569816025,7.7767016569816025,0.38670165698160286,5.232769377288267
4229,16.7,15.376716097115127,15.376716097115127,1.3232839028848726,7.923855705897441
877,9.5,4.773620794630043,4.773620794630043,4.726379205369957,49.75136005652587
3908,9.7,7.027216506557934,7.027216506557934,2.672783493442065,27.554469004557376
3914,12.8,8.715447758829367,8.715447758829367,4.084552241170634,31.91056438414558
5397,10.9,8.211331958173346,8.211331958173346,2.688668041826654,24.666679282813337
1078,8.2,5.786149973591245,5.786149973591245,2.4138500264087543,29.437195444009202
5983,42.7,69.80271021063162,69.80271021063162,27.102710210631614,63.472389252064666
4990,10.5,8.351894096496977,8.351894096496977,2.1481059035030228,20.45815146193355
511,13.0,10.053919361779656,10.053919361779656,2.9460806382203444,22.66215875554111
2375,4.4,3.87246179437718,3.87246179437718,0.5275382056228204,11.989504673245916
2877,15.6,17.067077333515474,17.067077333515474,1.4670773335154745,9.404341881509453
2069,1.5,3.131708290903594,3.131708290903594,1.6317082909035938,108.78055272690625
4851,3.5,2.6793880572897577,2.6793880572897577,0.8206119427102423,23.44605550600692
3262,11.0,7.861769766903784,7.861769766903784,3.138230233096216,28.529365755420148
4934,10.89,20.423739035762573,20.423739035762573,9.533739035762572,87.54581300057458
1302,8.9,13.784468307601522,13.784468307601522,4.884468307601521,54.88166637754518
6045,47.89,47.0544074337259,47.0544074337259,0.8355925662741015,1.7448163839509323
4394,2.5,9.310608982487555,9.310608982487555,6.810608982487555,272.4243592995022
3689,16.3,15.479022104641874,15.479022104641874,0.8209778953581264,5.0366742046510815
3159,8.5,7.861769766903784,7.861769766903784,0.6382302330962162,7.508590977602543
858,7.99,9.38061131921774,9.38061131921774,1.39061131921774,17.404396986454817
4678,19.9,19.695728264668666,19.695728264668666,0.20427173533133214,1.026491132318252
7140,24.85,30.42997897554994,30.42997897554994,5.579978975549938,22.454643764788482
7028,12.5,19.327006474513077,19.327006474513077,6.827006474513077,54.616051796104614
7112,25.99,31.19126573530224,31.19126573530224,5.20126573530224,20.012565353221394
4357,9.9,14.174737401527032,14.174737401527032,4.274737401527032,43.17916567199022
2890,7.9,7.997322175457238,7.997322175457238,0.09732217545723731,1.2319262716105988
4794,8.8,13.172478428521181,13.172478428521181,4.37247842852118,49.68725486955886
2024,12.0,14.990038388644505,14.990038388644505,2.990038388644505,24.916986572037544
4194,16.5,15.709949182498246,15.709949182498246,0.7900508175017542,4.788186772737904
4921,4.5,5.896602182001579,5.896602182001579,1.3966021820015788,31.03560404447953
5356,9.5,7.7689158914021945,7.7689158914021945,1.7310841085978055,18.221937985240057
743,5.3,6.025788882511187,6.025788882511187,0.7257888825111873,13.694129858701649
2499,1.15,2.399687925143425,2.399687925143425,1.2496879251434252,108.66851522986308
4241,9.3,11.652177109344592,11.652177109344592,2.3521771093445913,25.292226982199907
179,25.99,16.994788189838264,16.994788189838264,8.995211810161734,34.61028014683238
3613,8.5,5.62760922512224,5.62760922512224,2.8723907748777604,33.79283264562071
3693,20.0,13.720111787631913,13.720111787631913,6.279888212368087,31.399441061840438
3771,7.0,8.637280819686117,8.637280819686117,1.6372808196861168,23.389725995515956
6566,35.55,38.45094166252211,38.45094166252211,2.900941662522115,8.160173452945472
31,11.0,8.150016908625512,8.150016908625512,2.8499830913744884,25.90893719431353
5151,6.8,6.1577210126884125,6.1577210126884125,0.6422789873115873,9.4452792251704
2484,3.2,4.019516836980648,4.019516836980648,0.8195168369806476,25.609901155645236
168,11.5,8.794064211561935,8.794064211561935,2.7059357884380653,23.52987642120057
3248,2.8,3.173902125238199,3.173902125238199,0.3739021252381991,13.353647329935683
642,5.0,6.3286167219615805,6.3286167219615805,1.3286167219615805,26.57233443923161
1483,14.9,13.37232495737772,13.37232495737772,1.5276750426222812,10.252852635048866
1790,6.0,6.025788882511187,6.025788882511187,0.02578888251118716,0.42981470851978604
5035,8.0,6.444144921055757,6.444144921055757,1.5558550789442434,19.44818848680304
3982,3.0,8.839694700924836,8.839694700924836,5.839694700924836,194.65649003082788
7092,62.49,57.01521051802099,57.01521051802099,5.474789481979009,8.761064941557063
6492,22.89,23.953988525299536,23.953988525299536,1.0639885252995356,4.648267913060444
6912,19.899,20.958975217691084,20.958975217691084,1.0599752176910826,5.326776308814928
6178,24.5,27.416852974548757,27.416852974548757,2.916852974548757,11.905522345096967
6644,18.15,13.755793287300431,13.755793287300431,4.394206712699567,24.21050530412985
2758,9.5,7.388629396527166,7.388629396527166,2.1113706034728343,22.224953720766678
3412,12.6,8.139817565956994,8.139817565956994,4.460182434043006,35.398273286055606
6122,20.7,21.197703684542812,21.197703684542812,0.4977036845428131,2.4043656258106916
800,2.5,4.453425255306802,4.453425255306802,1.9534252553068017,78.13701021227206
1954,10.5,9.106794794823847,9.106794794823847,1.3932052051761534,13.268621001677653
7248,48.99,29.842436245060192,29.842436245060192,19.14756375493981,39.08463718093449
5306,4.0,4.253467129167555,4.253467129167555,0.2534671291675554,6.336678229188886
6637,15.69,13.787653258221686,13.787653258221686,1.902346741778313,12.124580890875164
2119,20.5,23.13474277879956,23.13474277879956,2.634742778799559,12.852403799022241
5309,3.5,3.922189858541923,3.922189858541923,0.4221898585419228,12.06256738691208
5660,25.49,35.797490588820004,35.797490588820004,10.307490588820006,40.4373895206748
5679,19.5,22.548647648736935,22.548647648736935,3.048647648736935,15.634090506343256
1406,8.7,7.912286880640887,7.912286880640887,0.787713119359112,9.05417378573692
1501,9.8,7.558553442459859,7.558553442459859,2.241446557540142,22.871903648368793
1074,5.3,4.568591646769672,4.568591646769672,0.7314083532303277,13.80015760811939
500,13.6,13.210462446519411,13.210462446519411,0.38953755348058827,2.8642467167690313
437,17.5,15.3053255319691,15.3053255319691,2.1946744680309003,12.540996960176573
5437,9.5,10.842997789159842,10.842997789159842,1.342997789159842,14.136818833261493
4113,8.9,5.735522759436693,5.735522759436693,3.1644772405633077,35.55592405127312
3386,3.6,4.731041790896006,4.731041790896006,1.1310417908960058,31.41782752488905
6683,22.99,21.799200829574644,21.799200829574644,1.190799170425354,5.17963971476883
80,16.9,10.613017216016253,10.613017216016253,6.2869827839837455,37.201081562034
1608,19.99,14.585873669041433,14.585873669041433,5.404126330958565,27.03414872915741
960,5.0,7.742000103062266,7.742000103062266,2.7420001030622663,54.84000206124533
3114,22.5,28.33824695795108,28.33824695795108,5.838246957951078,25.947764257560348
5198,3.8,5.846196802594677,5.846196802594677,2.046196802594677,53.847284278807294
4628,13.0,18.244766801089032,18.244766801089032,5.244766801089032,40.344360008377166
1632,12.19,13.529158562037786,13.529158562037786,1.3391585620377864,10.985714208677495
3305,4.8,4.727762383147476,4.727762383147476,0.07223761685252406,1.5049503510942512
5935,21.3,21.50538983959245,21.50538983959245,0.20538983959244916,0.9642715473823903
5419,9.5,9.036686682215365,9.036686682215365,0.46331331778463536,4.8769822924698465
2477,3.0,4.969084951743463,4.969084951743463,1.9690849517434632,65.63616505811544
5506,16.45,15.455118260113208,15.455118260113208,0.9948817398867913,6.04791331238171
6399,22.45,15.569812628133594,15.569812628133594,6.8801873718664055,30.646714351298023
5517,51.999,36.778329715884304,36.778329715884304,15.220670284115698,29.271082682581778
534,6.9,8.072590780711725,8.072590780711725,1.1725907807117242,16.99406928567716
5701,26.69,25.892735889235695,25.892735889235695,0.7972641107643064,2.9871266795215674
2794,20.3,12.354244437976778,12.354244437976778,7.945755562023223,39.14165301489272
585,4.5,3.76604214425743,3.76604214425743,0.7339578557425699,16.31017457205711
6722,50.9,55.36991622169701,55.36991622169701,4.469916221697012,8.781760749895898
4970,25.0,20.642318198448848,20.642318198448848,4.357681801551152,17.430727206204608
1451,2.75,4.5696564292287585,4.5696564292287585,1.8196564292287585,66.16932469922759
6275,25.49,23.674030613111125,23.674030613111125,1.8159693868888738,7.1242423965824795
1410,30.5,18.17268942267203,18.17268942267203,12.327310577327971,40.41741172894417
5684,20.59,38.95392907221678,38.95392907221678,18.36392907221678,89.18858218657981
4536,10.0,10.21886202229468,10.21886202229468,0.21886202229467955,2.1886202229467955
866,15.0,9.463501773336727,9.463501773336727,5.536498226663273,36.90998817775515
4638,2.0,-0.13225648950519223,0.0,2.0,100.0
6358,54.8,44.0977615124504,44.0977615124504,10.7022384875496,19.529632276550366
4679,3.95,8.022073666974613,8.022073666974613,4.072073666974613,103.09047258163577
742,7.1,5.669975368262333,5.669975368262333,1.430024631737667,20.14119199630517
1544,6.9,5.653374847341966,5.653374847341966,1.2466251526580345,18.06703119794253
5509,53.29,46.24851434351151,46.24851434351151,7.04148565648849,13.21352159220959
2706,18.9,13.984062996575197,13.984062996575197,4.915937003424801,26.01024869536932
3734,7.89,7.049153236494596,7.049153236494596,0.8408467635054038,10.65711994303427
2589,8.2,9.970578958965744,9.970578958965744,1.7705789589657446,21.592426328850543
5283,2.5,3.288756996503853,3.288756996503853,0.788756996503853,31.550279860154117
6816,50.709,38.440285535305875,38.440285535305875,12.268714464694128,24.19435300379445
5944,15.9,17.124478777935916,17.124478777935916,1.224478777935916,7.701124389534063
4253,3.7,3.392315469664266,3.392315469664266,0.30768453033573406,8.315798117182
748,16.5,12.544196573022846,12.544196573022846,3.9558034269771536,23.97456622410396
4055,5.79,8.24574738504944,8.24574738504944,2.455747385049439,42.41359905094023
401,5.3,5.710771267919315,5.710771267919315,0.4107712679193156,7.750401281496522
3749,20.8,20.839395499065738,20.839395499065738,0.03939549906573703,0.1894014378160434
157,7.5,7.220616266689915,7.220616266689915,0.2793837333100848,3.7251164441344646
5434,98.19,103.83459976898433,103.83459976898433,5.644599768984335,5.748650340140885
6483,29.5,23.890405706209833,23.890405706209833,5.609594293790167,19.015573877254802
5749,14.3,13.994580927200504,13.994580927200504,0.30541907279949676,2.1357977118845928
4528,12.0,13.942858918224259,13.942858918224259,1.9428589182242586,16.190490985202153
1820,8.9,5.685005645699589,5.685005645699589,3.214994354300411,36.123532070791136
2922,9.0,8.596225125903837,8.596225125903837,0.40377487409616286,4.486387489957365
2864,15.3,7.039576683484244,7.039576683484244,8.260423316515757,53.98969487918796
3362,3.3,3.3933181644336656,3.3933181644336656,0.0933181644336658,2.8278231646565395
5281,1.6,2.637756937572873,2.637756937572873,1.037756937572873,64.85980859830455
3803,1.4,2.8493926787594375,2.8493926787594375,1.4493926787594376,103.52804848281698
4237,5.4,10.423107838214618,10.423107838214618,5.023107838214617,93.02051552249291
7295,47.59,39.817227154323504,39.817227154323504,7.772772845676499,16.33278597536562
2666,4.8,3.9871879600879137,3.9871879600879137,0.8128120399120862,16.933584164835132
1782,13.0,6.99256853135133,6.99256853135133,6.00743146864867,46.21101129729746
5910,45.3565,42.17879081763453,42.17879081763453,3.1777091823654686,7.006072299153305
2415,8.0,9.793005446920462,9.793005446920462,1.7930054469204624,22.41256808650578
535,11.9,11.018439187891799,11.018439187891799,0.8815608121082015,7.408074051329423
5978,119.9,100.38514966851359,100.38514966851359,19.514850331486414,16.275938558370655
2406,1.5,1.924526080600498,1.924526080600498,0.424526080600498,28.30173870669987
3098,5.8,5.642322422535502,5.642322422535502,0.15767757746449806,2.718578921801691
5359,8.0,10.155861681652729,10.155861681652729,2.1558616816527287,26.94827102065911
5154,8.4,7.378245286979517,7.378245286979517,1.0217547130204832,12.16374658357718
1966,8.9,1.5074890281929314,1.5074890281929314,7.392510971807069,83.0619210315401
5416,10.5,10.352636907493274,10.352636907493274,0.1473630925067262,1.4034580238735828
1176,7.86,10.725230880578016,10.725230880578016,2.8652308805780153,36.45331909132335
5902,21.5,25.817622483587765,25.817622483587765,4.3176224835877655,20.081965039943096
1760,2.8,1.9906863801630914,1.9906863801630914,0.8093136198369084,28.90405785131816
997,5.2,7.912286880640887,7.912286880640887,2.712286880640887,52.159363089247826
473,6.2,5.602857733604862,5.602857733604862,0.5971422663951378,9.631326877340932
2266,2.1,1.5070102870954023,1.5070102870954023,0.5929897129045978,28.23760537640942
4205,15.7,14.51647873507649,14.51647873507649,1.1835212649235096,7.538352005882228
1882,5.2,7.831679967039553,7.831679967039553,2.6316799670395525,50.609230135376
4222,18.9,13.696711920169198,13.696711920169198,5.2032880798308,27.530624761009527
2578,10.8,9.463501773336727,9.463501773336727,1.3364982266632737,12.374983580215495
3783,2.6,4.8891610606588864,4.8891610606588864,2.2891610606588864,88.04465617918792
469,14.9,14.233048264322138,14.233048264322138,0.6669517356778627,4.476186145489011
5097,14.9,11.02711017912849,11.02711017912849,3.87288982087151,25.992549133365838
7040,17.29,21.12396325517912,21.12396325517912,3.833963255179121,22.17445491717248
4712,10.0,12.926354273923272,12.926354273923272,2.9263542739232715,29.26354273923272
3997,7.0,7.480963641711946,7.480963641711946,0.48096364171194583,6.870909167313512
247,6.5,2.7226747632920185,2.7226747632920185,3.7773252367079815,58.112695949353565
3780,17.9,11.244354793582904,11.244354793582904,6.655645206417095,37.182375454844106
2182,9.9,15.738325708120106,15.738325708120106,5.838325708120106,58.97298695070814
3395,6.5,10.704077705900898,10.704077705900898,4.2040777059008985,64.67811855232152
7097,83.99,70.0765100827947,70.0765100827947,13.913489917205297,16.565650574122273
811,4.0,2.8188077869493404,2.8188077869493404,1.1811922130506596,29.52980532626649
6502,26.8,23.979675105588807,23.979675105588807,2.8203248944111934,10.523600352280573
1419,7.4,7.861769766903784,7.861769766903784,0.46176976690378346,6.240131985186262
6733,13.9,14.44697842803319,14.44697842803319,0.5469784280331904,3.9350966045553264
3625,3.9,3.918336950913046,3.918336950913046,0.018336950913046213,0.4701782285396465
228,9.0,5.7631616336756935,5.7631616336756935,3.2368383663243065,35.96487073693674
7107,45.5,34.87510313731578,34.87510313731578,10.624896862684217,23.351421676229048
17,18.0,26.148041590053257,26.148041590053257,8.148041590053257,45.266897722518095
1407,10.6,10.155861681652729,10.155861681652729,0.4441383183472709,4.1899841353516125
7070,59.99,66.19533106292742,66.19533106292742,6.205331062927421,10.343942428617137
2392,13.5,14.490024544851627,14.490024544851627,0.9900245448516269,7.333515147049089
6272,47.9,32.511488738265115,32.511488738265115,15.388511261734884,32.12632831259892
5439,109.0,116.64353010793889,116.64353010793889,7.643530107938886,7.0124129430631985
6745,45.49,36.56588137186267,36.56588137186267,8.924118628137329,19.617759129780893
5879,10.99,17.29740684841752,17.29740684841752,6.30740684841752,57.39223701926769
2440,3.9,5.659720856000414,5.659720856000414,1.7597208560004138,45.121047589754205
5831,17.9,20.035158747197364,20.035158747197364,2.135158747197366,11.928261157527183
5853,13.5,10.713980919170313,10.713980919170313,2.7860190808296874,20.637178376516204
4844,9.0,8.04234476025624,8.04234476025624,0.9576552397437599,10.640613774930666
6915,25.49,41.08220256868312,41.08220256868312,15.592202568683124,61.16988061468468
6092,21.69,23.083663283601016,23.083663283601016,1.3936632836010148,6.42537244629329
5461,23.2,17.152207370843538,17.152207370843538,6.047792629156461,26.068071677398542
2585,5.7,4.770859805564492,4.770859805564492,0.929140194435508,16.300705165535227
543,9.9,5.653374847341966,5.653374847341966,4.2466251526580345,42.89520356220237
6112,17.0,22.184554933823968,22.184554933823968,5.184554933823968,30.4973819636704
3794,16.5,13.135003368316212,13.135003368316212,3.3649966316837876,20.39391897990174
4119,7.799999,5.125970892012151,5.125970892012151,2.6740281079878487,34.2824160360514
3153,12.0,5.852385103158994,5.852385103158994,6.147614896841006,51.230124140341715
1535,10.499,11.776967368295026,11.776967368295026,1.277967368295025,12.172277057767644
1832,14.5,22.701911105233552,22.701911105233552,8.201911105233552,56.5649041740245
6746,33.79,40.5880385040881,40.5880385040881,6.7980385040880975,20.118492169541575
3590,8.99,7.117473645800202,7.117473645800202,1.872526354199798,20.828991704113438
3289,2.0,3.5542929266340817,3.5542929266340817,1.5542929266340817,77.71464633170409
96,3.8,3.0889939581751595,3.0889939581751595,0.7110060418248403,18.710685311180008
6679,62.99,52.432277466903805,52.432277466903805,10.557722533096197,16.760950203359577
2094,5.7,5.653374847341966,5.653374847341966,0.04662515265803435,0.8179851343514798
4773,8.0,8.926296427929854,8.926296427929854,0.926296427929854,11.578705349123176
2927,9.5,8.521939434085304,8.521939434085304,0.9780605659146957,10.295374378049429
7038,44.5,33.86537220396942,33.86537220396942,10.634627796030578,23.89803999107995
156,12.99,9.602100723305648,9.602100723305648,3.387899276694352,26.080825840603172
1022,6.4,6.019330880085698,6.019330880085698,0.38066911991430263,5.947954998660979
5447,24.49,29.290206863007814,29.290206863007814,4.800206863007816,19.600681351603985
4966,5.8,5.660254154182212,5.660254154182212,0.13974584581778782,2.409411134789445
6458,49.5,49.25349572009614,49.25349572009614,0.24650427990385992,0.4979884442502221
2716,12.5,16.771739474803116,16.771739474803116,4.271739474803116,34.17391579842493
1287,15.0,17.27693692535777,17.27693692535777,2.27693692535777,15.179579502385135
696,18.0,16.751790190190892,16.751790190190892,1.248209809809108,6.934498943383932
425,25.0,25.304168591330193,25.304168591330193,0.3041685913301926,1.2166743653207703
6872,47.39,37.7704019106674,37.7704019106674,9.619598089332598,20.298793182807763
712,10.9,13.3433870076664,13.3433870076664,2.4433870076664004,22.416394565746792
4173,2.45,2.2818840075192077,2.2818840075192077,0.16811599248079245,6.861877244113977
1811,16.0,15.977003111591491,15.977003111591491,0.022996888408508553,0.14373055255317846
5096,18.7,25.7903226949995,25.7903226949995,7.0903226949995,37.91616414438235
6480,17.9,23.441011273478853,23.441011273478853,5.541011273478855,30.955370242898635
447,31.49,25.591190776486528,25.591190776486528,5.898809223513471,18.732325257267295
6748,15.899,14.283449558043886,14.283449558043886,1.6155504419561133,10.161333681087575
4080,5.99,6.285015712121958,6.285015712121958,0.2950157121219581,4.925137097194625
1009,5.3,2.132351649158153,2.132351649158153,3.167648350841847,59.7669500158839
592,1.5,1.9792605687136022,1.9792605687136022,0.47926056871360223,31.950704580906812
6096,29.85,30.488158945315867,30.488158945315867,0.6381589453158654,2.137885913955998
1242,8.5,5.860317864110578,5.860317864110578,2.639682135889422,31.05508395164026
3058,8.4,7.997322175457238,7.997322175457238,0.4026778245427627,4.7937836255090795
131,15.8,18.244766801089032,18.244766801089032,2.444766801089031,15.473207601829312
2404,4.5,6.469278579202879,6.469278579202879,1.9692785792028786,43.76174620450841
2306,8.95,9.000371119004337,9.000371119004337,0.05037111900433722,0.5628057989311421
6277,62.5,78.29313727642037,78.29313727642037,15.793137276420367,25.26901964227259
7103,20.89,19.932344277269184,19.932344277269184,0.9576557227308164,4.584278232316019
624,8.5,4.935618942157762,4.935618942157762,3.5643810578422377,41.933894798143974
2986,6.0,4.803262765775771,4.803262765775771,1.196737234224229,19.94562057040382
2127,8.3,7.497550116933087,7.497550116933087,0.802449883066914,9.668070880324265
6539,43.9,37.77006757703936,37.77006757703936,6.129932422960636,13.963399596721265
4739,3.9,4.453425255306802,4.453425255306802,0.5534252553068018,14.190391161712865
3686,17.9,20.006076187522435,20.006076187522435,2.1060761875224365,11.765788757108584
3844,6.0,5.738410142158316,5.738410142158316,0.26158985784168376,4.359830964028063
2815,9.9,8.021476160399466,8.021476160399466,1.8785238396005344,18.974988278793276
2579,3.999999,7.145831523716449,7.145831523716449,3.1458325237164493,78.64583275436942
1945,5.6,10.839297210059293,10.839297210059293,5.239297210059293,93.55887875105881
2436,6.99,4.453425255306802,4.453425255306802,2.5365747446931985,36.28862295698424
93,6.5,5.62760922512224,5.62760922512224,0.8723907748777604,13.421396536580929
6701,35.19,22.517109697638762,22.517109697638762,12.672890302361235,36.01276016584608
1375,4.868,6.025788882511187,6.025788882511187,1.1577888825111868,23.783666444354697
3903,5.6,10.556091225367242,10.556091225367242,4.956091225367242,88.50162902441504
3477,13.5,9.55130979277976,9.55130979277976,3.94869020722024,29.249557090520295
6022,42.99,44.787609237848926,44.787609237848926,1.7976092378489241,4.18145903198168
2223,8.8,5.710771267919315,5.710771267919315,3.0892287320806853,35.10487195546233
1087,13.9,15.070342529613589,15.070342529613589,1.1703425296135883,8.419730428874736
2531,2.5,3.973916899560556,3.973916899560556,1.4739168995605558,58.95667598242223
6729,78.99,62.862050330798745,62.862050330798745,16.12794966920125,20.41771068388562
6880,17.375,18.09972058443813,18.09972058443813,0.7247205844381313,4.171053723384928
764,1.8,6.708772383500224,6.708772383500224,4.908772383500224,272.7095768611236
4669,6.5,7.449510153548087,7.449510153548087,0.9495101535480872,14.607848516124418
476,12.99,13.529158562037786,13.529158562037786,0.5391585620377857,4.150566297442538
5594,56.5,50.225220460126366,50.225220460126366,6.274779539873634,11.105804495351565
2622,1.5,3.1010952395857343,3.1010952395857343,1.6010952395857343,106.73968263904897
5111,5.7,5.952419924874433,5.952419924874433,0.25241992487443277,4.428419734639171
6466,21.6,25.99583265618903,25.99583265618903,4.395832656189029,20.351077111986243
4461,10.0,9.20628143380005,9.20628143380005,0.7937185661999493,7.937185661999494
6338,13.5,15.017788427929403,15.017788427929403,1.5177884279294034,11.242877243921507
7034,23.29,20.158277597892514,20.158277597892514,3.131722402107485,13.446639768602338
2181,20.0,16.300553490834286,16.300553490834286,3.699446509165714,18.49723254582857
6334,34.0,33.990898874890945,33.990898874890945,0.00910112510905492,0.026768015026632116
2620,10.0,6.782215333907361,6.782215333907361,3.217784666092639,32.17784666092639
5170,8.9,14.174737401527032,14.174737401527032,5.274737401527032,59.26671237670822
752,6.8,6.74229328196762,6.74229328196762,0.05770671803237981,0.8486282063585266
2283,11.5,10.155861681652729,10.155861681652729,1.3441383183472713,11.688159289976271
2799,8.0,5.9172018198636795,5.9172018198636795,2.0827981801363205,26.034977251704007
3049,14.9,18.391149671084307,18.391149671084307,3.4911496710843064,23.4305347052638
351,3.5,6.818346609477715,6.818346609477715,3.3183466094777154,94.80990312793473
487,1.8,2.6793880572897577,2.6793880572897577,0.8793880572897577,48.8548920716532
927,5.0,5.710771267919315,5.710771267919315,0.7107712679193154,14.215425358386307
3318,6.5,7.098544169249199,7.098544169249199,0.5985441692491991,9.208371834603064
1061,18.0,11.474798300419765,11.474798300419765,6.525201699580235,36.25112055322353
6018,39.39,39.86748955132608,39.86748955132608,0.4774895513260802,1.2122100820667179
2191,3.5,5.40807153161,5.40807153161,1.90807153161,54.516329474571435
4608,2.1,3.5599275172167624,3.5599275172167624,1.4599275172167623,69.52035796270296
6128,27.9,21.26323371952504,21.26323371952504,6.6367662804749585,23.787692761558993
561,12.99,13.2045459124062,13.2045459124062,0.2145459124061997,1.6516236520877574
3535,9.9,9.679639211124236,9.679639211124236,0.22036078887576416,2.225866554300648
5501,21.99,19.20265682910493,19.20265682910493,2.787343170895067,12.675503278285891
2966,9.5,10.711240071798063,10.711240071798063,1.2112400717980627,12.749895492611184
6026,37.49,45.85814022512402,45.85814022512402,8.368140225124016,22.320992865094734
334,13.5,16.991376231929845,16.991376231929845,3.491376231929845,25.8620461624433
2225,6.8,5.9035932231720265,5.9035932231720265,0.8964067768279733,13.182452600411374
4847,13.0,9.717476159818673,9.717476159818673,3.2825238401813266,25.250183386010207
5507,25.5,18.231697199095066,18.231697199095066,7.268302800904934,28.50314823884288
3213,12.5,6.338114351163212,6.338114351163212,6.161885648836788,49.2950851906943
1103,7.9,8.61191813613916,8.61191813613916,0.7119181361391593,9.011621976445054
2110,26.99,18.17268942267203,18.17268942267203,8.81731057732797,32.668805399510816
23,12.99,13.720111787631913,13.720111787631913,0.7301117876319125,5.62056803411788
4151,21.99,23.50257608133763,23.50257608133763,1.512576081337631,6.878472402626789
1005,3.2,2.96827366608969,2.96827366608969,0.23172633391031017,7.2414479346971925
1643,9.7,13.169224553363028,13.169224553363028,3.469224553363029,35.76520158106216
2550,59.7,50.460207169461064,50.460207169461064,9.239792830538939,15.47703991715065
3038,8.69,6.3286167219615805,6.3286167219615805,2.361383278038419,27.1735705182787
4030,1.7,4.8580494297038985,4.8580494297038985,3.1580494297038983,185.76761351199403
3817,7.999,8.075779549619902,8.075779549619902,0.07677954961990263,0.9598643532929446
1671,14.9,16.14618189611193,16.14618189611193,1.2461818961119295,8.363636886657245
1372,14.3,13.3433870076664,13.3433870076664,0.9566129923336,6.689601344990209
3203,30.99,26.018825747179054,26.018825747179054,4.971174252820944,16.041220564120504
445,6.9,7.3493576200740165,7.3493576200740165,0.44935762007401614,6.512429276435016
5433,62.99,49.08901839756395,49.08901839756395,13.900981602436055,22.068553107534616
7125,59.999,61.991189961898165,61.991189961898165,1.9921899618981627,3.320371942695983
3399,22.5,22.078639826375642,22.078639826375642,0.4213601736243575,1.8727118827749225
3939,2.0,2.7005928558035452,2.7005928558035452,0.7005928558035452,35.02964279017726
5206,20.49,21.844499353193378,21.844499353193378,1.354499353193379,6.610538570977936
6378,83.79,78.18512634603441,78.18512634603441,5.604873653965598,6.689191614710105
2592,16.99,13.529158562037786,13.529158562037786,3.4608414379622126,20.369873089830566
3887,11.0,13.88043021756718,13.88043021756718,2.8804302175671808,26.185729250610734
3518,1.2,3.7014743252215547,3.7014743252215547,2.5014743252215546,208.4561937684629
4295,10.9,11.673877481440156,11.673877481440156,0.7738774814401559,7.099793407707852
1128,10.8,8.981642422443159,8.981642422443159,1.8183575775568421,16.836644236637426
2570,7.5,5.653374847341966,5.653374847341966,1.8466251526580342,24.621668702107122
5277,9.6,8.640179153574884,8.640179153574884,0.9598208464251154,9.998133816928286
1783,10.6,7.997322175457238,7.997322175457238,2.602677824542762,24.55356438247889
2523,18.0,14.922570603080402,14.922570603080402,3.077429396919598,17.096829982886653
4248,5.15,2.941776152823117,2.941776152823117,2.208223847176883,42.87813295489093
1844,6.49,5.9011129508336415,5.9011129508336415,0.5888870491663587,9.07376038777132
5291,7.9,5.846196802594677,5.846196802594677,2.0538031974053235,25.997508827915482
6129,24.49,24.55909130780247,24.55909130780247,0.06909130780246997,0.2821204891893425
6060,5.69,12.294337437379081,12.294337437379081,6.604337437379081,116.06919925095045
2515,6.699,7.861769766903784,7.861769766903784,1.162769766903784,17.357363291592538
5040,17.5,14.174737401527032,14.174737401527032,3.3252625984729676,19.001500562702674
6799,56.99,31.541275985355906,31.541275985355906,25.448724014644096,44.65471839734005
3554,3.5,4.047113078068109,4.047113078068109,0.5471130780681088,15.631802230517394
3878,4.2,10.125674974016036,10.125674974016036,5.925674974016036,141.08749938133417
5945,29.7,25.180940679983994,25.180940679983994,4.519059320016005,15.215687946181836
2264,14.5,10.74644522837035,10.74644522837035,3.7535547716296502,25.88658463192862
2462,4.9,5.884534181967116,5.884534181967116,0.9845341819671161,20.09253432585951
1775,6.6,9.106794794823847,9.106794794823847,2.506794794823847,37.98173931551283
6861,28.05,22.011815513743816,22.011815513743816,6.038184486256185,21.526504407330428
378,7.8,7.861769766903784,7.861769766903784,0.061769766903783996,0.7919200885100514
6853,9.999,14.0169152794402,14.0169152794402,4.017915279440199,40.18317111151315
4913,1.6,0.11175784878245447,0.11175784878245447,1.4882421512175457,93.0151344510966
5246,8.2,13.135003368316212,13.135003368316212,4.935003368316213,60.18296790629528
199,1.5,3.1859747640882325,3.1859747640882325,1.6859747640882325,112.39831760588217
2446,11.0,14.01311521575804,14.01311521575804,3.01311521575804,27.391956506891272
2957,3.8,6.481500742576648,6.481500742576648,2.681500742576648,70.56580901517495
1328,11.49,10.80050251451556,10.80050251451556,0.6894974854844396,6.00084843763655
1193,10.5,7.997322175457238,7.997322175457238,2.5026778245427623,23.83502690040726
5686,12.75,11.19508107428849,11.19508107428849,1.55491892571151,12.195442554600078
1075,9.3,13.2045459124062,13.2045459124062,3.904545912406199,41.98436464952902
5427,3.4,4.032283875618382,4.032283875618382,0.632283875618382,18.596584577011235
6969,24.5,21.888877016648056,21.888877016648056,2.611122983351944,10.657644830007934
2063,10.5,13.142372039166599,13.142372039166599,2.642372039166599,25.165447992062845
965,14.5,15.070342529613589,15.070342529613589,0.5703425296135887,3.9333967559557843
5060,9.49,7.997322175457238,7.997322175457238,1.4926778245427625,15.728954947763569
1467,9.4,8.80701242220892,8.80701242220892,0.5929875777910798,6.308378487139146
5975,18.46,21.911549271145518,21.911549271145518,3.4515492711455167,18.6974500062054
3296,51.0,24.627132917767884,24.627132917767884,26.372867082232116,51.71150408280807
5414,7.5,7.348750162343929,7.348750162343929,0.1512498376560707,2.0166645020809426
7126,29.95,27.976985636966504,27.976985636966504,1.9730143630334958,6.587694033500821
5724,62.05,42.21788070809017,42.21788070809017,19.832119291909827,31.96151376617216
2755,6.0,6.1577210126884125,6.1577210126884125,0.15772101268841254,2.6286835448068757
4022,6.5,8.019294407915119,8.019294407915119,1.519294407915119,23.373760121771063
3091,6.5,7.9370383721582645,7.9370383721582645,1.4370383721582645,22.108282648588684
2022,5.89,5.846196802594677,5.846196802594677,0.04380319740532279,0.7436875620598097
5090,8.6,12.681748618908014,12.681748618908014,4.081748618908014,47.46219324311644
2907,7.0,6.691776168230517,6.691776168230517,0.3082238317694834,4.403197596706906
5744,42.345,28.943827175372256,28.943827175372256,13.401172824627743,31.647591981645395
5769,15.1,16.46000996291064,16.46000996291064,1.36000996291064,9.006688496096952
6155,18.49,18.23721377845719,18.23721377845719,0.2527862215428094,1.3671510088848533
6547,13.79,10.746306984086305,10.746306984086305,3.0436930159136946,22.07174050698836
2850,6.699999,6.74229328196762,6.74229328196762,0.04229428196761997,0.6312580340328405
2132,16.5,11.133258101670025,11.133258101670025,5.366741898329975,32.525708474727125
6114,86.19,90.22763931293328,90.22763931293328,4.03763931293328,4.68457978063961
6570,20.79,21.700498684253578,21.700498684253578,0.9104986842535787,4.379503050762764
6434,31.0,31.802935025793733,31.802935025793733,0.8029350257937331,2.590112986431397
4246,7.5,5.62760922512224,5.62760922512224,1.8723907748777604,24.96521033170347
1701,4.5,8.718795606307452,8.718795606307452,4.218795606307452,93.75101347349894
6332,39.999,32.842838792555646,32.842838792555646,7.156161207444356,17.890850289868133
3927,19.5,21.534341762917418,21.534341762917418,2.0343417629174176,10.432521861114964
5780,66.99,71.09702638879033,71.09702638879033,4.107026388790331,6.130805178071848
547,12.4,11.735527738504256,11.735527738504256,0.6644722614957441,5.358647270126968
6811,37.99,41.45904371234541,41.45904371234541,3.4690437123454103,9.13146541812427
6203,33.3,41.06864390305188,41.06864390305188,7.768643903051881,23.32926097012577
1263,19.9,15.621712282708444,15.621712282708444,4.278287717291555,21.498933252721383
5231,2.299,3.2614493670499307,3.2614493670499307,0.9624493670499308,41.86382631796132
3011,13.29,13.37232495737772,13.37232495737772,0.08232495737772005,0.6194503941137702
5865,13.69,14.063811197038408,14.063811197038408,0.3738111970384086,2.730541979827674
1789,11.9,9.477731656541614,9.477731656541614,2.422268343458386,20.35519616351585
6610,21.49,28.851524926937856,28.851524926937856,7.361524926937857,34.25558365257263
3018,6.4,5.148015502671457,5.148015502671457,1.251984497328543,19.562257770758485
5494,26.59,25.95973796954957,25.95973796954957,0.6302620304504316,2.3702972186928606
4715,13.8,12.225229331448253,12.225229331448253,1.5747706685517482,11.411381656172088
2199,5.9,7.912286880640887,7.912286880640887,2.012286880640887,34.106557298998084
1244,2.5,2.3102833961622697,2.3102833961622697,0.18971660383773026,7.58866415350921
7130,10.89,24.08363384162169,24.08363384162169,13.19363384162169,121.15366245749944
5008,38.0,4.035105560784614,4.035105560784614,33.964894439215385,89.38130115582996
5482,12.726,10.844211525264333,10.844211525264333,1.881788474735668,14.786959568879993
4837,8.5,9.463501773336727,9.463501773336727,0.963501773336727,11.335314980432083
7202,35.29,33.91937655596199,33.91937655596199,1.37062344403801,3.8838862114990365
6764,20.99,22.47798419463216,22.47798419463216,1.487984194632162,7.089014743364279
3915,5.2,6.341438732495131,6.341438732495131,1.1414387324951312,21.950744855675598
6083,32.299,32.23310477065289,32.23310477065289,0.06589522934710601,0.20401631427321593
518,13.29,15.795719053107144,15.795719053107144,2.5057190531071445,18.854168947382576
611,12.5,13.131984189131359,13.131984189131359,0.6319841891313587,5.055873513050869
5806,11.22,10.059500979768353,10.059500979768353,1.1604990202316472,10.343128522563699
5672,16.5,21.861836320782704,21.861836320782704,5.361836320782704,32.49597770171336
2288,7.5,5.602857733604862,5.602857733604862,1.8971422663951376,25.295230218601834
957,10.99,9.02595040961962,9.02595040961962,1.9640495903803803,17.871242860604006
4401,6.15,8.025262435882794,8.025262435882794,1.875262435882794,30.49207212817551
491,25.8,13.720111787631913,13.720111787631913,12.079888212368088,46.821272140961575
1330,4.9,5.738410142158316,5.738410142158316,0.8384101421583159,17.110411064455423
3458,21.5,16.62995320133966,16.62995320133966,4.87004679866034,22.651380458885303
323,5.89,4.522497573656179,4.522497573656179,1.3675024263438207,23.217358681558924
5362,7.2,11.476155883128422,11.476155883128422,4.276155883128422,59.3910539323392
7010,22.79,20.2367953063545,20.2367953063545,2.5532046936454975,11.203179875583578
4247,10.5,12.343257394186315,12.343257394186315,1.843257394186315,17.554832325583952
2031,4.75,3.0769688858202313,3.0769688858202313,1.6730311141797687,35.2217076669425
5516,32.0,48.262607688333645,48.262607688333645,16.262607688333645,50.820649026042645
1153,6.3,5.712293311681359,5.712293311681359,0.587706688318641,9.328677592359382
6685,15.7,17.042095709536497,17.042095709536497,1.3420957095364976,8.548380315519093
7286,6.6,9.179538630930532,9.179538630930532,2.579538630930532,39.083918650462614
6854,21.69,23.380102353484187,23.380102353484187,1.6901023534841855,7.7920809289266275
1606,6.4,7.074918858714322,7.074918858714322,0.6749188587143218,10.545607167411278
324,23.9,27.9069895960988,27.9069895960988,4.006989596098801,16.76564684560168
2083,7.99,5.78892725589542,5.78892725589542,2.2010727441045805,27.547844106440305
2687,10.8,12.572495314393556,12.572495314393556,1.7724953143935558,16.41199365179218
6858,35.35,32.48130995516492,32.48130995516492,2.868690044835084,8.115106208868696
586,7.89,5.678126338859343,5.678126338859343,2.2118736611406566,28.0338867064722
4125,9.8,14.514035052678047,14.514035052678047,4.714035052678046,48.10239849671475
3245,8.99,11.652177109344592,11.652177109344592,2.662177109344592,29.61264860227577
4556,4.4,7.803375596897876,7.803375596897876,3.4033755968978756,77.34944538404262
706,24.9,21.773254346388025,21.773254346388025,3.126745653611973,12.55721146028905
1978,6.4,5.884857658804136,5.884857658804136,0.5151423411958644,8.049099081185382
4160,7.4,3.169729699256026,3.169729699256026,4.230270300743975,57.165814874918574
4995,4.39,3.2319751401762624,3.2319751401762624,1.1580248598237373,26.378698401451878
6812,9.8,12.186403020694804,12.186403020694804,2.3864030206948037,24.35105123157963
6202,17.34,16.607192972216808,16.607192972216808,0.732807027783192,4.226107426662007
5939,27.79,24.31979880228645,24.31979880228645,3.47020119771355,12.487229930599316
6218,29.3,26.4520711924749,26.4520711924749,2.8479288075251006,9.719893541041298
4453,9.5,10.523436872376445,10.523436872376445,1.023436872376445,10.773019709225737
3801,8.9,9.463501773336727,9.463501773336727,0.5635017733367267,6.331480599289064
2572,56.99,31.31583561768318,31.31583561768318,25.67416438231682,45.05029721410216
208,2.25,5.948175951769704,5.948175951769704,3.698175951769704,164.36337563420906
3682,29.8,23.574228270960557,23.574228270960557,6.225771729039444,20.891851439729678
747,2.5,3.914696719616924,3.914696719616924,1.414696719616924,56.587868784676964
5101,9.9,7.388629396527166,7.388629396527166,2.5113706034728347,25.367379833058934
6260,40.99,43.394182464792735,43.394182464792735,2.404182464792733,5.865290228818572
798,5.0,4.499552793525702,4.499552793525702,0.5004472064742984,10.008944129485968
88,6.99,11.067199539294236,11.067199539294236,4.077199539294236,58.32903489691324
734,1.7,6.9632376299944845,6.9632376299944845,5.263237629994484,309.6022135290873
1221,4.8,8.118952760870725,8.118952760870725,3.318952760870725,69.14484918480677
3574,14.5,9.106794794823847,9.106794794823847,5.393205205176153,37.19451865638727
1480,6.9,5.610083759225253,5.610083759225253,1.2899162407747475,18.694438272097788
3936,10.49,20.323139379393893,20.323139379393893,9.833139379393893,93.73822096657666
6199,28.99,25.160225830605473,25.160225830605473,3.8297741693945255,13.210673230060454
852,13.5,12.689492332377036,12.689492332377036,0.8105076676229643,6.003760500910847
486,7.89,5.65802682370081,5.65802682370081,2.2319731762991895,28.28863341317097
2678,3.6,4.088450824628384,4.088450824628384,0.4884508246283841,13.568078461899557
3195,4.0,6.007490952718564,6.007490952718564,2.0074909527185643,50.187273817964105
1430,8.4,8.047839289194348,8.047839289194348,0.35216071080565214,4.192389414353002
1536,14.9,19.659650554172973,19.659650554172973,4.759650554172973,31.94396345082532
1891,6.0,8.129494660563829,8.129494660563829,2.1294946605638287,35.49157767606381
6513,39.99,19.049046160321467,19.049046160321467,20.940953839678535,52.36547596818838
1919,5.6,7.861769766903784,7.861769766903784,2.261769766903784,40.388745837567576
4302,14.8,15.414567622649502,15.414567622649502,0.6145676226495009,4.152483936820952
198,5.0,4.731041790896006,4.731041790896006,0.26895820910399415,5.379164182079883
4629,6.6,5.62760922512224,5.62760922512224,0.97239077487776,14.73319355875394
2882,3.85,6.49270342428484,6.49270342428484,2.6427034242848397,68.64164738402181
1057,8.9,9.106794794823847,9.106794794823847,0.20679479482384622,2.3235370204926538
73,7.0,8.313138855736051,8.313138855736051,1.3131388557360513,18.759126510515017
548,27.8,23.01538590702909,23.01538590702909,4.784614092970912,17.210842061046446
6352,13.69,15.679122782984118,15.679122782984118,1.9891227829841185,14.52975005832081
2963,4.0,4.269324245896415,4.269324245896415,0.26932424589641535,6.733106147410384
6569,27.3,36.94617749071072,36.94617749071072,9.646177490710716,35.33398348245684
1512,34.99,17.939639029065546,17.939639029065546,17.050360970934456,48.72923969972693
3912,10.9,8.602802073715983,8.602802073715983,2.297197926284017,21.075210332880893
1582,1.9,3.223379591027591,3.223379591027591,1.323379591027591,69.6515574225048
6697,15.44,20.158277597892514,20.158277597892514,4.718277597892515,30.558792732464475
5822,10.08,9.124793291256173,9.124793291256173,0.9552067087438267,9.476257031188757
2865,6.9,5.738410142158316,5.738410142158316,1.1615898578416841,16.834635620893973
3647,10.8,10.155861681652729,10.155861681652729,0.644138318347272,5.964243688400666
5349,20.499,12.76184218673067,12.76184218673067,7.737157813269329,37.7440744098216
4428,3.0,3.2616754033438364,3.2616754033438364,0.26167540334383643,8.722513444794549
6213,25.55,20.81494941550555,20.81494941550555,4.735050584494452,18.5324876105458
4359,28.8,28.381197389747857,28.381197389747857,0.4188026102521434,1.4541757300421645
1452,3.6,7.4689335374962535,7.4689335374962535,3.8689335374962535,107.4703760415626
7037,24.89,25.81999962998395,25.81999962998395,0.9299996299839499,3.7364388508796704
2020,1.9,3.0480689130029557,3.0480689130029557,1.1480689130029558,60.42467963173451
4903,29.49,28.84419236116904,28.84419236116904,0.6458076388309593,2.189920782743165
5220,6.9,5.62760922512224,5.62760922512224,1.2723907748777608,18.44044601272117
6818,12.35,16.174855648538447,16.174855648538447,3.8248556485384473,30.970491081282976
4814,10.0,14.319241916015416,14.319241916015416,4.319241916015416,43.19241916015416
5267,8.8,8.522528940986192,8.522528940986192,0.2774710590138092,3.1530802160660136
2098,9.2,12.40220684379671,12.40220684379671,3.202206843796711,34.806596128225124
1880,13.5,11.49557689446526,11.49557689446526,2.0044231055347392,14.847578559516586
937,9.5,7.997322175457238,7.997322175457238,1.5026778245427623,15.817661310976447
7120,29.999,27.63777380474727,27.63777380474727,2.36122619525273,7.871016351387479
2855,13.5,13.156243843497775,13.156243843497775,0.34375615650222535,2.546341900016484
6139,14.99,22.58330068800254,22.58330068800254,7.593300688002541,50.655775103419224
5985,12.49,12.605573862297996,12.605573862297996,0.11557386229799604,0.9253311633146201
1295,7.0,13.464110421032773,13.464110421032773,6.464110421032773,92.34443458618247
1175,45.9,36.9833818189984,36.9833818189984,8.916618181001596,19.426183400874937
2197,5.5,4.667305082580042,4.667305082580042,0.8326949174199578,15.13990758945378
2614,41.9,34.36189251194388,34.36189251194388,7.53810748805612,17.990709995360668
6148,27.36,17.653253708228192,17.653253708228192,9.706746291771807,35.477873873434966
4335,4.0,8.900343313645367,8.900343313645367,4.900343313645367,122.50858284113417
4914,11.5,10.352636907493274,10.352636907493274,1.1473630925067262,9.977070369623705
1321,7.2,5.660254154182212,5.660254154182212,1.5397458458177882,21.385358969691502
1181,12.79,13.720111787631913,13.720111787631913,0.9301117876319136,7.272179731289395
6150,22.799,23.767719360611324,23.767719360611324,0.968719360611324,4.248955483184894
3438,12.6,8.15314567729232,8.15314567729232,4.446854322707679,35.29249462466412
6343,34.99,26.23615771912329,26.23615771912329,8.753842280876711,25.018125981356704
4301,12.6,10.352636907493274,10.352636907493274,2.247363092506726,17.83621501989465
620,7.9,6.750183195565027,6.750183195565027,1.1498168044349732,14.554643094113583
6864,24.89,21.96329604872722,21.96329604872722,2.9267039512727813,11.758553440228129
5159,16.0,11.90502726075795,11.90502726075795,4.094972739242049,25.59357962026281
2492,15.5,11.652177109344592,11.652177109344592,3.847822890655408,24.82466381068005
478,14.0,15.27870992134872,15.27870992134872,1.2787099213487192,9.133642295347995
3968,5.3,7.804438669422063,7.804438669422063,2.504438669422063,47.253559800416284
2276,3.7,6.240180809743299,6.240180809743299,2.5401808097432985,68.65353539846753
5227,6.9,8.061556340293373,8.061556340293373,1.161556340293373,16.834149859324246
1897,12.5,5.711439918257376,5.711439918257376,6.788560081742624,54.308480653941
7044,14.766,13.498875784911863,13.498875784911863,1.2671242150881366,8.581364046377736
2206,1.4,0.9754590804675344,0.9754590804675344,0.42454091953246553,30.324351395176112
1033,4.5,4.991987538986821,4.991987538986821,0.49198753898682135,10.933056421929363
5948,10.59,7.785770593798111,7.785770593798111,2.8042294062018884,26.479975507099983
286,12.3,18.244766801089032,18.244766801089032,5.944766801089031,48.33143740722789
550,3.2,3.086384367124867,3.086384367124867,0.11361563287513299,3.550488527347906
7008,10.099,10.892678490729041,10.892678490729041,0.7936784907290413,7.8589809954356005
5668,25.79,28.644449617249222,28.644449617249222,2.854449617249223,11.068048147534794
5015,2.5,2.710192607308592,2.710192607308592,0.21019260730859202,8.40770429234368
2825,12.5,12.209917284539184,12.209917284539184,0.2900827154608159,2.320661723686527
1055,10.799,15.539869215099623,15.539869215099623,4.7408692150996234,43.901002084448784
2091,6.5,5.702724031288853,5.702724031288853,0.7972759687111468,12.265784134017643
6540,25.79,23.380102353484187,23.380102353484187,2.4098976465158124,9.344310378114821
2571,3.5,4.445929156080661,4.445929156080661,0.9459291560806609,27.02654731659031
1677,10.3,7.8960951512756425,7.8960951512756425,2.403904848724358,23.33888202645008
1174,1.8,2.3102833961622697,2.3102833961622697,0.5102833961622697,28.34907756457054
6021,78.2,69.4739222414678,69.4739222414678,8.726077758532199,11.158667210399232
5916,12.54,22.44449458447721,22.44449458447721,9.90449458447721,78.9832104025296
5389,3.9,6.182109349202486,6.182109349202486,2.282109349202486,58.515624338525285
2087,14.0,12.72176690759935,12.72176690759935,1.2782330924006509,9.130236374290364
1370,46.5,31.31583561768318,31.31583561768318,15.184164382316819,32.65411695121897
6314,16.899,20.233136867662942,20.233136867662942,3.3341368676629415,19.72978796179029
2934,5.0,5.886052490535252,5.886052490535252,0.8860524905352518,17.721049810705036
3107,16.99,15.003848062028405,15.003848062028405,1.9861519379715933,11.690123237031157
1188,7.8,5.775059578277313,5.775059578277313,2.024940421722687,25.960774637470347
2029,6.699999,7.912286880640887,7.912286880640887,1.2122878806408872,18.093851665364234
4209,4.888888,7.449510153548087,7.449510153548087,2.5606221535480875,52.376371754642115
5027,4.5,5.097498388934354,5.097498388934354,0.5974983889343539,13.277741976318977
7009,23.5,30.109628973598515,30.109628973598515,6.6096289735985145,28.126080738717086
7093,40.9,56.03235584999207,56.03235584999207,15.132355849992074,36.998425061105316
3956,7.2,13.458289709439658,13.458289709439658,6.258289709439658,86.92069040888413
833,9.0,7.721005923881569,7.721005923881569,1.2789940761184306,14.211045290204785
1393,5.4,7.859747101343205,7.859747101343205,2.459747101343205,45.550872247096386
549,24.9,22.898865499833942,22.898865499833942,2.0011345001660565,8.036684739622718
1020,5.5,5.653374847341966,5.653374847341966,0.15337484734196583,2.7886335880357422
248,3.6,4.8580494297038985,4.8580494297038985,1.2580494297038984,34.94581749177495
2648,6.5,4.025036090120453,4.025036090120453,2.4749639098795466,38.07636784430072
296,6.3,6.670896256322642,6.670896256322642,0.37089625632264234,5.887242163851466
1559,7.39,4.453425255306802,4.453425255306802,2.936574744693198,39.73714133549659
1563,12.8,12.068235293644966,12.068235293644966,0.731764706355035,5.7169117683987105
6766,13.69,14.156279136773549,14.156279136773549,0.46627913677354904,3.405983468031768
3260,9.7,12.86520470474067,12.86520470474067,3.1652047047406704,32.63097633753269
100,1.4,0.9221782406439357,0.9221782406439357,0.4778217593560642,34.130125668290304
4204,43.5,34.74313770140163,34.74313770140163,8.75686229859837,20.13071792781235
3197,7.0,7.299891872202481,7.299891872202481,0.2998918722024806,4.28416960289258
2937,17.5,19.596620327010825,19.596620327010825,2.0966203270108252,11.980687582919002
7017,15.99,13.846043891967913,13.846043891967913,2.1439561080320875,13.408105741288853
1499,6.0,6.387631162898372,6.387631162898372,0.38763116289837196,6.460519381639533
4872,7.0,8.017593268738864,8.017593268738864,1.0175932687388638,14.537046696269481
1656,5.0,5.660254154182212,5.660254154182212,0.660254154182212,13.20508308364424
6788,13.29,14.557779687159819,14.557779687159819,1.2677796871598197,9.539350542963279
346,4.0,4.8580494297038985,4.8580494297038985,0.8580494297038985,21.45123574259746
1718,7.5,7.861769766903784,7.861769766903784,0.3617697669037838,4.823596892050451
1665,1.7,2.7086137444282548,2.7086137444282548,1.0086137444282548,59.330220260485575
681,6.0,7.588798261113594,7.588798261113594,1.5887982611135936,26.479971018559894
6514,69.99,45.248850379015565,45.248850379015565,24.74114962098443,35.349549394176925
3898,3.9,5.189823440715124,5.189823440715124,1.2898234407151237,33.072395915772404
6186,20.45,24.300504571803828,24.300504571803828,3.850504571803828,18.82887321175466
6408,54.999,41.07718127516377,41.07718127516377,13.921818724836236,25.312857915300707
7289,23.79,24.551526370814095,24.551526370814095,0.7615263708140958,3.2010356066166286
5761,17.75,20.462299883083915,20.462299883083915,2.712299883083915,15.280562721599523
7063,49.59,39.39699579421557,39.39699579421557,10.193004205784433,20.554555768873627
1793,3.8,7.0385798606801435,7.0385798606801435,3.2385798606801437,85.2257858073722
3542,5.9,9.891011021615244,9.891011021615244,3.9910110216152432,67.64425460364819
6741,18.8,23.785726556070564,23.785726556070564,4.9857265560705635,26.51982210675832
1706,6.2,7.174870066377553,7.174870066377553,0.9748700663775525,15.723710748025038
1414,5.6,5.04096589095233,5.04096589095233,0.55903410904767,9.982751947279823
4761,2.9,3.7014743252215547,3.7014743252215547,0.8014743252215548,27.637045697294994
3066,8.8,5.653374847341966,5.653374847341966,3.146625152658035,35.757104007477665
2991,8.0,7.574552301443266,7.574552301443266,0.42544769855673437,5.31809623195918
6041,9.75,13.927602969842505,13.927602969842505,4.177602969842505,42.84720994710261
84,37.9,31.943572750003117,31.943572750003117,5.956427249996882,15.716166886535307
5327,9.5,7.480963641711946,7.480963641711946,2.019036358288054,21.253014297768992
3207,9.0,13.701830964445174,13.701830964445174,4.701830964445174,52.24256627161304
5025,3.99,4.515814934159734,4.515814934159734,0.525814934159734,13.178319151873033
1561,1.2,1.032227370157752,1.032227370157752,0.16777262984224794,13.981052486853995
6072,8.39,33.23406259221892,33.23406259221892,24.84406259221892,296.1151679644686
2948,8.9,11.776967368295026,11.776967368295026,2.876967368295025,32.325476048258714
3528,7.8,7.859747101343205,7.859747101343205,0.0597471013432056,0.7659884787590462
1297,5.0,5.678126338859343,5.678126338859343,0.678126338859343,13.562526777186863
4866,8.499,9.150474774919033,9.150474774919033,0.6514747749190324,7.6653109179789665
6289,13.28,16.3674491399227,16.3674491399227,3.087449139922702,23.248864005442034
4506,14.2,14.229204154168404,14.229204154168404,0.029204154168404273,0.20566305752397376
1912,18.5,15.3053255319691,15.3053255319691,3.1946744680309003,17.268510638004866
6456,79.99,46.67318216268504,46.67318216268504,33.31681783731496,41.65122870023123
5998,9.494,9.973036646412288,9.973036646412288,0.47903664641228794,5.045677758713798
6127,18.99,18.870912231892397,18.870912231892397,0.11908776810760102,0.6271077836103266
6875,44.199,30.618426355038217,30.618426355038217,13.580573644961781,30.72597489753565
1817,12.2,9.514018887073831,9.514018887073831,2.685981112926168,22.01623863054236
3722,7.6,8.769312720044557,8.769312720044557,1.169312720044557,15.385693684796802
5451,9.79,10.417859863854298,10.417859863854298,0.6278598638542991,6.413277465314598
6187,36.99,37.08830958340261,37.08830958340261,0.0983095834026102,0.26577340741446387
7164,8.99,11.921456124097425,11.921456124097425,2.9314561240974246,32.60796578528837
3089,1.2,2.497655006589043,2.497655006589043,1.297655006589043,108.13791721575359
4845,6.0,6.151241855281076,6.151241855281076,0.15124185528107592,2.5206975880179323
3142,3.2,1.924526080600498,1.924526080600498,1.2754739193995022,39.85855998123444
1623,5.5,5.000565149516384,5.000565149516384,0.4994348504836159,9.080633645156654
6834,18.38,18.37972635614276,18.37972635614276,0.00027364385723771534,0.001488813151456558
5459,16.79,25.045415723875276,25.045415723875276,8.255415723875277,49.16864636018629
5605,47.95,40.90954181391667,40.90954181391667,7.040458186083335,14.682915925095589
6392,26.4,25.519557273491316,25.519557273491316,0.8804427265086829,3.3350103276844054
1199,2.0,3.8364402019953596,3.8364402019953596,1.8364402019953596,91.82201009976798
373,6.0,3.807227082872141,3.807227082872141,2.192772917127859,36.54621528546432
2457,5.7,5.660254154182212,5.660254154182212,0.03974584581778817,0.6972955406629504
5260,4.99,4.453425255306802,4.453425255306802,0.5365747446931985,10.75300089565528
3819,21.09,22.229929317758195,22.229929317758195,1.1399293177581953,5.405070259640565
7284,23.3,29.688500734748438,29.688500734748438,6.388500734748437,27.418458089049086
1317,8.0,10.570868374925798,10.570868374925798,2.570868374925798,32.13585468657247
1446,13.0,14.990038388644505,14.990038388644505,1.9900383886445052,15.307987604957733
3799,18.9,17.517960847164225,17.517960847164225,1.3820391528357732,7.3123764700305465
3482,3.7,5.912932809914963,5.912932809914963,2.212932809914963,59.808994862566564
1488,6.399,6.3286167219615805,6.3286167219615805,0.07038327803841948,1.0999105803784885
4486,4.0,4.578343162294969,4.578343162294969,0.5783431622949688,14.458579057374221
6067,102.0,74.03875622326368,74.03875622326368,27.961243776736325,27.412984094839533
812,5.123,4.045361201299643,4.045361201299643,1.0776387987003568,21.035307411679813
3580,34.5,27.17516705868576,27.17516705868576,7.3248329413142415,21.231399829896354
4317,3.95,2.5225729489213595,2.5225729489213595,1.4274270510786407,36.137393698193435
3366,3.9,2.1593510196829437,2.1593510196829437,1.7406489803170562,44.632025136334775
3651,4.0,4.035105560784614,4.035105560784614,0.03510556078461402,0.8776390196153505
6684,40.5,31.16342035067614,31.16342035067614,9.336579649323859,23.05328308475027
1511,3.5,2.35380909080372,2.35380909080372,1.1461909091962799,32.74831169132228
7149,18.29,19.0477039300537,19.0477039300537,0.757703930053701,4.142722416914713
1801,3.4,3.239951219030955,3.239951219030955,0.16004878096904473,4.707317087324845
4516,4.6,5.660254154182212,5.660254154182212,1.0602541541822124,23.049003351787228
921,7.8,8.640179153574884,8.640179153574884,0.8401791535748844,10.771527609934415
322,15.0,15.741724448064062,15.741724448064062,0.7417244480640619,4.944829653760412
3838,2.5,2.971105439096814,2.971105439096814,0.4711054390968141,18.844217563872565
5634,27.49,26.90538208563709,26.90538208563709,0.5846179143629087,2.126656654648631
7262,9.08,14.45905185067461,14.45905185067461,5.37905185067461,59.24065914839879
4402,6.85,8.626792262556307,8.626792262556307,1.7767922625563077,25.938573176004493
6217,10.45,11.479783469953976,11.479783469953976,1.0297834699539763,9.854387272286855
1569,5.9,7.801619239280595,7.801619239280595,1.9016192392805946,32.23083456407787
4661,17.5,15.870228592495524,15.870228592495524,1.6297714075044762,9.312979471454149
231,12.9,11.404123693121093,11.404123693121093,1.4958763068789072,11.59594036340238
1545,1.8,3.052217394302853,3.052217394302853,1.2522173943028532,69.56763301682517
1420,1.0,2.554927780882734,2.554927780882734,1.5549277808827342,155.4927780882734
1079,5.9,8.416633045987327,8.416633045987327,2.5166330459873265,42.6547973896157
3103,7.9,7.697776476126235,7.697776476126235,0.20222352387376574,2.5597914414400726
1115,4.75,6.019330880085698,6.019330880085698,1.2693308800856977,26.722755370225215
6946,14.45,18.03944785750477,18.03944785750477,3.5894478575047692,24.84046960210913
1941,10.9,9.514018887073831,9.514018887073831,1.385981112926169,12.715423054368522
1867,10.95,7.759359354897526,7.759359354897526,3.190640645102473,29.13827073152944
2586,6.65,9.977087226256431,9.977087226256431,3.327087226256431,50.031386860998964
2751,11.5,9.157311908560951,9.157311908560951,2.342688091439049,20.371200795122167
1425,9.59,7.997322175457238,7.997322175457238,1.5926778245427622,16.607693686577292
5395,14.5,13.11268203765629,13.11268203765629,1.38731796234371,9.567710085129034
4053,32.5,23.257632857185303,23.257632857185303,9.242367142814697,28.438052747122143
7283,16.95,18.65898927112801,18.65898927112801,1.7089892711280115,10.082532573026617
4333,4.49,8.834080007457477,8.834080007457477,4.344080007457476,96.7501115246654
1618,9.0,14.616686417110131,14.616686417110131,5.616686417110131,62.40762685677923
2402,16.8,16.26037281957433,16.26037281957433,0.539627180425672,3.2120665501528096
265,15.3,15.000889176144543,15.000889176144543,0.2991108238554574,1.9549727049376302
0,9.99,7.997322175457238,7.997322175457238,1.9926778245427625,19.946724970398023
4015,16.5,14.056095300778143,14.056095300778143,2.443904699221857,14.81154363164762
5187,3.5,3.7040129614260904,3.7040129614260904,0.20401296142609038,5.8289417550311535
838,1.2,2.4656985104779774,2.4656985104779774,1.2656985104779774,105.47487587316479
14,21.9,15.537995774470563,15.537995774470563,6.362004225529436,29.050247605157242
3263,2.6,2.0523439816838995,2.0523439816838995,0.5476560183161006,21.063693012157714
4912,21.0,14.731271284722343,14.731271284722343,6.268728715277657,29.851089120369796
6477,29.155,31.60014118479058,31.60014118479058,2.445141184790579,8.38669588334961
8,16.5,14.227727839818611,14.227727839818611,2.272272160181389,13.771346425341752
1039,8.5,16.648939818858405,16.648939818858405,8.148939818858405,95.8698802218636
2759,11.9,10.155861681652729,10.155861681652729,1.7441383183472716,14.65662452392665
3992,15.5,14.945285945219087,14.945285945219087,0.5547140547809128,3.578800353425244
6472,12.99,17.1693588269173,17.1693588269173,4.1793588269173,32.173663024767514
4141,32.79,27.214349520956247,27.214349520956247,5.575650479043752,17.00411856981931
6629,18.1,19.300487028324326,19.300487028324326,1.200487028324325,6.632525018366437
339,4.1,3.8285329776572206,3.8285329776572206,0.2714670223427791,6.621146886409246
1956,3.3,4.725027252452198,4.725027252452198,1.4250272524521979,43.18264401370297
4220,6.5,6.866499725310699,6.866499725310699,0.36649972531069874,5.638457312472289
2770,29.999999,13.407075582428272,13.407075582428272,16.592923417571726,55.30974656889731
1090,23.5,25.77383182453962,25.77383182453962,2.27383182453962,9.675880104423914
4512,8.999,5.813678747412797,5.813678747412797,3.1853212525872037,35.39639129444609
1883,6.0,10.31001584340098,10.31001584340098,4.310015843400979,71.83359739001632
622,5.3,7.278083307943135,7.278083307943135,1.9780833079431348,37.32232656496481
7220,12.5,14.582503418805706,14.582503418805706,2.0825034188057057,16.660027350445645
5192,3.8,8.118952760870725,8.118952760870725,4.318952760870725,113.65665160186118
5045,2.8,9.131013541730756,9.131013541730756,6.331013541730756,226.10762649038415
4331,16.5,22.123039984688425,22.123039984688425,5.623039984688425,34.07903021023288
4952,4.7,3.7392153720472856,3.7392153720472856,0.9607846279527146,20.4422261266535
3032,8.4,5.7631616336756935,5.7631616336756935,2.636838366324307,31.390932932432225
4568,5.999,5.710771267919315,5.710771267919315,0.2882287320806842,4.804612970173099
889,4.5,7.726714425837553,7.726714425837553,3.226714425837553,71.70476501861229
1507,3.1,2.7424138726340397,2.7424138726340397,0.3575861273659604,11.535036366643883
3688,10.0,8.229949059893187,8.229949059893187,1.7700509401068132,17.700509401068132
196,1.9,-0.5790815358005876,0.0,1.9,100.0
5533,12.99,15.507908767611147,15.507908767611147,2.5179087676111465,19.383439319562328
3980,11.2,13.3433870076664,13.3433870076664,2.1433870076664014,19.13738399702144
2789,3.8,5.60364696803908,5.60364696803908,1.8036469680390805,47.46439389576528
6575,38.0,18.620824160401703,18.620824160401703,19.379175839598297,50.99783115683763
4236,21.5,13.440903899312906,13.440903899312906,8.059096100687094,37.48416791017253
432,4.2,7.243443774245954,7.243443774245954,3.0434437742459535,72.46294700585602
2598,10.9,11.196363024203356,11.196363024203356,0.29636302420335525,2.7189268275537177
6091,28.99,30.287956120785875,30.287956120785875,1.2979561207858765,4.477254642241727
1694,23.5,27.22866721723198,27.22866721723198,3.7286672172319797,15.866669009497786
5357,29.9,29.4174312181665,29.4174312181665,0.4825687818334998,1.6139424141588623
1108,13.9,16.14618189611193,16.14618189611193,2.2461818961119295,16.15958198641676
6353,37.5,44.662541562581474,44.662541562581474,7.162541562581474,19.100110833550595
6690,60.89,42.33923524320078,42.33923524320078,18.550764756799218,30.466028505171977
6262,110.99,93.32068555816073,93.32068555816073,17.669314441839262,15.919735509360539
4825,1.65,4.253467129167555,4.253467129167555,2.6034671291675555,157.7858866162155
1277,4.6,5.747426760339657,5.747426760339657,1.1474267603396573,24.944060007383857
1195,5.9,5.846196802594677,5.846196802594677,0.053803197405323466,0.9119186000902282
6062,18.19,26.06609434526081,26.06609434526081,7.87609434526081,43.299034333484386
604,9.0,11.20547175938505,11.20547175938505,2.20547175938505,24.505241770945002
3742,6.2,5.647113537214969,5.647113537214969,0.5528864627850316,8.917523593306962
1593,17.9,15.545948102873451,15.545948102873451,2.3540518971265474,13.151127916908086
1219,19.4,19.85917223623351,19.85917223623351,0.4591722362335098,2.3668671970799475
2229,7.0,7.946636212172112,7.946636212172112,0.9466362121721117,13.523374459601595
4519,4.1,3.706946803708863,3.706946803708863,0.3930531962911368,9.586663324174069
1652,3.3,3.679261469908713,3.679261469908713,0.37926146990871334,11.492771815415557
4657,5.9,8.582140892611534,8.582140892611534,2.6821408926115335,45.460015129009044
4865,5.9,3.9160507357705523,3.9160507357705523,1.983949264229448,33.62625871575335
6264,11.09,10.261108136847675,10.261108136847675,0.8288918631523252,7.4742278011931935
4955,38.0,35.07860617298473,35.07860617298473,2.9213938270152724,7.687878492145455
1158,12.0,11.23019134108799,11.23019134108799,0.7698086589120106,6.415072157600088
4818,10.8,11.673877481440156,11.673877481440156,0.8738774814401555,8.09145816148292
3256,8.8,8.234492111467771,8.234492111467771,0.5655078885322293,6.42622600604806
5728,38.699,40.15666588645006,40.15666588645006,1.4576658864500587,3.7666758480840814
4650,17.5,18.244766801089032,18.244766801089032,0.7447668010890318,4.255810291937324
7219,15.49,18.527929506855113,18.527929506855113,3.0379295068551126,19.612198236637266
5702,14.19,13.44396571017773,13.44396571017773,0.7460342898222692,5.257465044554398
2807,4.59,3.2450393495555603,3.2450393495555603,1.3449606504444396,29.301974955216547
2851,8.6,13.667121349340334,13.667121349340334,5.067121349340335,58.92001569000389
4559,10.49,8.690696267311989,8.690696267311989,1.7993037326880117,17.15256179874177
2995,6.5,11.13075671445097,11.13075671445097,4.630756714450969,71.24241099155337
904,5.95,4.088450824628384,4.088450824628384,1.861549175371616,31.286540762548164
6841,21.169,18.06203032185481,18.06203032185481,3.106969678145191,14.67697896993335
2357,23.8,26.830744001524632,26.830744001524632,3.0307440015246314,12.734218493800972
3383,12.8,11.899020407483263,11.899020407483263,0.9009795925167374,7.038903066537011
3470,9.0,14.564846524010353,14.564846524010353,5.564846524010353,61.83162804455947
1616,7.8,7.997322175457238,7.997322175457238,0.19732217545723785,2.5297714802209983
3575,5.8,6.8695869651315915,6.8695869651315915,1.0695869651315917,18.44115457123434
6977,26.95,26.66799450814104,26.66799450814104,0.2820054918589605,1.0464025671946586
5006,10.9,9.463501773336727,9.463501773336727,1.4364982266632733,13.178882813424526
3820,3.65,4.460786905808565,4.460786905808565,0.8107869058085648,22.21333988516616
1860,7.5,5.759199585712401,5.759199585712401,1.740800414287599,23.21067219050132
2088,4.99,3.5542929266340817,3.5542929266340817,1.4357070733659185,28.771684836992357
7077,27.52,22.508027684558925,22.508027684558925,5.011972315441074,18.21210870436437
6930,27.699,27.545694624703597,27.545694624703597,0.1533053752964051,0.5534689891202033
5213,4.1,7.798933255912449,7.798933255912449,3.6989332559124497,90.21788429054756
2251,3.2,1.9405554420474678,1.9405554420474678,1.2594445579525324,39.35764243601664
3784,14.0,17.320626159170963,17.320626159170963,3.3206261591709634,23.718758279792596
3127,6.5,5.653374847341966,5.653374847341966,0.8466251526580342,13.02500234858514
254,11.7,8.640179153574884,8.640179153574884,3.059820846425115,26.152314926710385
6705,16.78,16.538292036161515,16.538292036161515,0.24170796383848625,1.4404527046393696
4989,2.999999,4.8580494297038985,4.8580494297038985,1.8580504297038987,61.935034968474945
221,14.85,13.455003580158472,13.455003580158472,1.3949964198415277,9.393915285128132
267,2.9,3.217798051938072,3.217798051938072,0.31779805193807187,10.958553515105928
107,8.1,5.602857733604862,5.602857733604862,2.4971422663951373,30.82891686907577
4800,5.5,4.355097926607782,4.355097926607782,1.1449020733922177,20.81640133440396
1226,5.4,8.150016908625512,8.150016908625512,2.7500169086255113,50.92623904862058
4938,4.9,6.193482790713359,6.193482790713359,1.2934827907133588,26.397607973742016
3418,9.5,7.997322175457238,7.997322175457238,1.5026778245427623,15.817661310976447
4154,8.5,6.380645618230365,6.380645618230365,2.119354381769635,24.933580961995705
1758,6.99,9.864687735308289,9.864687735308289,2.8746877353082887,41.12571867393832
2284,9.99,8.022073666974613,8.022073666974613,1.967926333025387,19.69896229254642
2526,3.3,3.814813878462166,3.814813878462166,0.5148138784621663,15.600420559459586
4004,15.0,8.214658943050692,8.214658943050692,6.785341056949308,45.235607046328724
1210,15.5,23.175436865997984,23.175436865997984,7.675436865997984,49.518947522567636
6664,11.5,15.60808289176767,15.60808289176767,4.108082891767671,35.72245992841453
2464,13.6,11.303735946675417,11.303735946675417,2.296264053324583,16.88429450973958
4240,13.5,12.784026592025715,12.784026592025715,0.7159734079742854,5.303506725735447
4198,14.5,13.420720517190048,13.420720517190048,1.0792794828099517,7.443306777999667
376,4.5,4.516376468679107,4.516376468679107,0.016376468679107248,0.36392152620238327
755,1.8,3.084128421326633,3.084128421326633,1.2841284213266329,71.3404678514796
291,12.49,13.529158562037786,13.529158562037786,1.0391585620377857,8.319924435850966
5091,1.7,3.8565956866649524,3.8565956866649524,2.1565956866649527,126.85856980382076
1465,1.35,1.46034227797773,1.46034227797773,0.11034227797772989,8.173502072424435
188,4.7,7.712430300912353,7.712430300912353,3.012430300912353,64.09426172153943
1870,33.0,17.531386782091268,17.531386782091268,15.468613217908732,46.87458550881434
1201,8.7,10.155861681652729,10.155861681652729,1.4558616816527294,16.734042317847468
1649,4.0,3.800946200844058,3.800946200844058,0.199053799155942,4.976344978898551
6030,128.96,133.4155695463461,133.4155695463461,4.455569546346084,3.455001199089705
3706,30.49,22.21667968062177,22.21667968062177,8.273320319378229,27.134536960899407
4176,6.5,6.83271190717846,6.83271190717846,0.3327119071784601,5.118644725822463
501,10.0,11.44396078956991,11.44396078956991,1.4439607895699105,14.439607895699105
6193,26.99,20.358624326942742,20.358624326942742,6.631375673057256,24.56975054856338
2605,5.5,6.019330880085698,6.019330880085698,0.5193308800856977,9.442379637921777
6874,64.89,74.1347807040107,74.1347807040107,9.244780704010694,14.24684959779734
3312,23.5,16.994788189838264,16.994788189838264,6.505211810161736,27.681752383666964
2812,6.5,7.111360947523177,7.111360947523177,0.6113609475231767,9.405553038818102
4763,5.5,7.67619731210045,7.67619731210045,2.1761973121004496,39.56722385637181
6753,76.79,46.67699951789712,46.67699951789712,30.113000482102883,39.21474213061972
672,7.9,5.653374847341966,5.653374847341966,2.2466251526580345,28.43829307162069
4766,13.8,15.578101452838805,15.578101452838805,1.7781014528388042,12.884793136513073
3753,7.35,6.252759697840927,6.252759697840927,1.097240302159073,14.928439485157458
1374,12.8,14.430684423518382,14.430684423518382,1.6306844235183817,12.739722058737357
7043,23.99,34.824802796376474,34.824802796376474,10.834802796376476,45.16382991403283
6988,15.58,17.055723698202343,17.055723698202343,1.4757236982023425,9.471910771516962
5718,79.99,77.2110742576405,77.2110742576405,2.7789257423594904,3.474091439379286
1192,4.9,5.816867516320979,5.816867516320979,0.9168675163209787,18.711581965734258
3053,52.9,36.39120829110194,36.39120829110194,16.50879170889806,31.2075457635124
3950,2.8,3.271539459868985,3.271539459868985,0.47153945986898504,16.840694995320895
216,13.0,12.627300810185412,12.627300810185412,0.37269918981458794,2.8669168447275997
4697,6.49,8.018459663191079,8.018459663191079,1.5284596631910787,23.550996351172245
421,1.2,1.441177798150601,1.441177798150601,0.24117779815060114,20.098149845883427
505,3.9,5.40807153161,5.40807153161,1.5080715316100002,38.668500810512825
4836,2.9,3.1804919582711113,3.1804919582711113,0.2804919582711114,9.67213649210729
6453,19.9,20.827359594380578,20.827359594380578,0.9273595943805795,4.660098464224018
6845,49.5,33.13917868114533,33.13917868114533,16.36082131885467,33.05216428051448
6252,20.59,26.40975815512486,26.40975815512486,5.819758155124859,28.26497404140291
506,16.3,14.990038388644505,14.990038388644505,1.3099616113554955,8.03657430279445
1807,8.9,5.796058058073333,5.796058058073333,3.103941941926667,34.87575215647941
4436,20.89,22.229929317758195,22.229929317758195,1.3399293177581946,6.414214062988006
1438,5.99,2.637225308865853,2.637225308865853,3.3527746911341474,55.97286629606256
5520,76.49,67.96328316245163,67.96328316245163,8.526716837548364,11.14749227029463
7069,41.599,25.98319288733169,25.98319288733169,15.615807112668307,37.53890024440085
4704,3.8,3.367914024131391,3.367914024131391,0.43208597586860886,11.370683575489707
1426,27.9,31.1219593699659,31.1219593699659,3.2219593699659015,11.548241469411833
2859,7.5,6.670896256322642,6.670896256322642,0.8291037436773578,11.05471658236477
3016,5.0,4.773620794630043,4.773620794630043,0.22637920536995715,4.527584107399143
2688,20.49,18.17268942267203,18.17268942267203,2.3173105773279694,11.30947085079536
4664,12.0,4.299334575663591,4.299334575663591,7.700665424336409,64.17221186947008
2280,2.95,4.9322945608258415,4.9322945608258415,1.9822945608258413,67.19642579070648
347,6.5,6.972688006964339,6.972688006964339,0.4726880069643391,7.272123184066756
4320,12.99,16.81137617087649,16.81137617087649,3.821376170876489,29.41783041475357
333,11.5,6.975136407351615,6.975136407351615,4.524863592648385,39.34663993607291
4386,6.5,5.931610466626787,5.931610466626787,0.568389533373213,8.744454359587891
3381,7.75,7.199244220180985,7.199244220180985,0.5507557798190152,7.1065261912131
5781,18.355,24.087591891034453,24.087591891034453,5.732591891034453,31.231772765101894
6380,15.89,14.213038367431487,14.213038367431487,1.6769616325685135,10.553565969594167
5832,83.49,95.2856302359302,95.2856302359302,11.795630235930204,14.12819527599737
6831,8.29,11.549405776543338,11.549405776543338,3.259405776543339,39.31731937929239
3023,9.79,9.241974266123904,9.241974266123904,0.548025733876095,5.597811377692493
6726,5.65,5.056507855350839,5.056507855350839,0.5934921446491614,10.504285746002857
746,14.5,15.274030507929067,15.274030507929067,0.7740305079290675,5.338141433993568
3410,34.0,22.495835661197066,22.495835661197066,11.504164338802934,33.83577746706745
5257,5.7,5.642322422535502,5.642322422535502,0.05767757746449842,1.0118873239385686
3704,5.0,4.163153814174774,4.163153814174774,0.8368461858252259,16.736923716504517
3589,2.5,5.169816609770447,5.169816609770447,2.6698166097704474,106.79266439081789
5019,7.8,7.330641586266649,7.330641586266649,0.4693584137333504,6.01741556068398
4038,24.2,18.17268942267203,18.17268942267203,6.02731057732797,24.90624205507426
3608,9.3,8.793005849464842,8.793005849464842,0.5069941505351583,5.451550005754389
6968,28.59,28.770468168653352,28.770468168653352,0.18046816865335202,0.631228291896999
259,4.8,5.874263936898329,5.874263936898329,1.0742639368983289,22.380498685381852
1795,11.49,7.997322175457238,7.997322175457238,3.4926778245427625,30.39754416486303
4210,20.0,18.262592366288615,18.262592366288615,1.7374076337113848,8.687038168556924
3653,8.3,4.035105560784614,4.035105560784614,4.264894439215387,51.38427035199261
3265,4.59,5.653374847341966,5.653374847341966,1.063374847341966,23.16720800309294
3246,5.0,5.7586812354399415,5.7586812354399415,0.7586812354399415,15.17362470879883
1730,25.0,15.328997464061452,15.328997464061452,9.671002535938548,38.68401014375419
599,11.5,17.070439140954715,17.070439140954715,5.570439140954715,48.438601225693176
45,13.0,14.064590074179621,14.064590074179621,1.0645900741796215,8.189154416766318
4651,23.5,13.2045459124062,13.2045459124062,10.2954540875938,43.81044292593106
5070,6.0,6.510438692287966,6.510438692287966,0.5104386922879662,8.507311538132772
4575,6.0,4.667305082580042,4.667305082580042,1.3326949174199578,22.211581956999296
3921,14.2,10.363762762775762,10.363762762775762,3.8362372372242373,27.015755191719983
3881,2.686686,3.736657890486062,3.736657890486062,1.049971890486062,39.08055837139368
6979,5.85,12.750588824351473,12.750588824351473,6.900588824351473,117.95878332224741
6997,28.9,25.809890583874385,25.809890583874385,3.090109416125614,10.692420125002124
1421,1.9,3.8672704970739074,3.8672704970739074,1.9672704970739074,103.54055247757408
4251,17.2,18.36224183594833,18.36224183594833,1.162241835948329,6.757219976443773
3529,2.3,2.6858383422503422,2.6858383422503422,0.3858383422503424,16.775580097840976
6651,12.09,13.767635914102527,13.767635914102527,1.6776359141025274,13.876227577357547
6497,96.79,94.09225488938951,94.09225488938951,2.697745110610498,2.7872147025627623
7180,15.99,18.670490746696405,18.670490746696405,2.680490746696405,16.76354438209134
3044,13.2,16.14618189611193,16.14618189611193,2.9461818961119306,22.319559819029777
1298,4.1,5.653374847341966,5.653374847341966,1.5533748473419662,37.88719139858455
426,6.5,5.13930632697802,5.13930632697802,1.3606936730219799,20.933748815722765
4603,8.2,6.458114381160247,6.458114381160247,1.7418856188397527,21.242507546826253
805,19.9,18.889691030644258,18.889691030644258,1.0103089693557408,5.0769294942499545
410,7.7,12.0906886171424,12.0906886171424,4.390688617142399,57.02193009275843
6097,12.38,14.564512496639534,14.564512496639534,2.184512496639533,17.645496741837903
3858,15.0,8.407742939326203,8.407742939326203,6.592257060673797,43.94838040449198
438,8.8,11.804536374413795,11.804536374413795,3.004536374413794,34.14245880015675
2389,2.0,2.709476416511266,2.709476416511266,0.7094764165112659,35.473820825563294
4161,9.2,11.722184196308913,11.722184196308913,2.5221841963089133,27.415045612053408
434,5.8,5.738410142158316,5.738410142158316,0.06158985784168358,1.0618941007186826
751,10.5,7.912286880640887,7.912286880640887,2.5877131193591127,24.644886851039168
3411,8.5,5.796058058073333,5.796058058073333,2.703941941926667,31.811081669725493
2874,6.99,5.62760922512224,5.62760922512224,1.3623907748777606,19.49056902543291
4383,14.6,14.511185703228476,14.511185703228476,0.08881429677152397,0.6083171011748217
2142,9.0,7.886521258421161,7.886521258421161,1.113478741578839,12.371986017542655
6044,24.0,36.228794752778136,36.228794752778136,12.228794752778136,50.953311469908904
4937,7.5,7.388629396527166,7.388629396527166,0.11137060347283434,1.4849413796377913
4856,5.9,8.74354709782483,8.74354709782483,2.84354709782483,48.19571352245474
1049,6.0,7.33520126301436,7.33520126301436,1.3352012630143602,22.253354383572667
626,6.5,6.404826090652441,6.404826090652441,0.09517390934755898,1.4642139899624458
1926,10.2,11.095842758341504,11.095842758341504,0.8958427583415052,8.782772140602994
1223,7.6,5.62760922512224,5.62760922512224,1.97239077487776,25.952510195760002
210,7.89,11.133258101670025,11.133258101670025,3.2432581016700253,41.105932847528834
2431,3.89,2.676063675957838,2.676063675957838,1.2139363240421623,31.206589306996463
6216,14.59,17.898932364067786,17.898932364067786,3.308932364067786,22.67945417455645
4927,16.0,15.81985180393833,15.81985180393833,0.18014819606167087,1.125926225385443
51,18.8,13.779632543092005,13.779632543092005,5.020367456907996,26.70408221759572
1109,12.5,12.906366618277627,12.906366618277627,0.40636661827762666,3.2509329462210133
1436,7.2,8.626965164152738,8.626965164152738,1.4269651641527377,19.818960613232466
7277,10.49,12.778779558379323,12.778779558379323,2.288779558379323,21.818680251471147
3882,2.8,4.531015056054715,4.531015056054715,1.7310150560547148,61.821966287668396
1786,10.8,5.642322422535502,5.642322422535502,5.157677577464499,47.75627386541203
5456,22.0,23.60366138291412,23.60366138291412,1.6036613829141189,7.2893699223369035
4338,6.0,3.9191290905349723,3.9191290905349723,2.0808709094650277,34.68118182441713
6336,19.592,22.23831797320802,22.23831797320802,2.6463179732080206,13.507135428787368
1558,2.8,3.71570731929615,3.71570731929615,0.9157073192961502,32.70383283200537
2249,26.49,16.091030506438344,16.091030506438344,10.398969493561655,39.256207978715196
5044,36.0,21.858434379127736,21.858434379127736,14.141565620872264,39.28212672464518
3786,8.5,13.013739540749688,13.013739540749688,4.513739540749688,53.102818126466914
4233,12.8,15.753196020781536,15.753196020781536,2.953196020781535,23.071843912355742
4561,13.0,9.125634179343082,9.125634179343082,3.8743658206569176,29.802814005053214
3733,3.5,4.542715293811466,4.542715293811466,1.042715293811466,29.791865537470457
5661,63.05,87.27335989122936,87.27335989122936,24.223359891229364,38.41928610821469
5664,70.99,67.96328316245163,67.96328316245163,3.0267168375483635,4.263581965837955
6291,8.89,8.422737232952898,8.422737232952898,0.467262767047103,5.256049123139516
6970,20.49,26.787279657446046,26.787279657446046,6.2972796574460475,30.733429270112484
4693,29.5,15.947475004545241,15.947475004545241,13.552524995454759,45.94076269645681
3164,1.0,1.272896255843405,1.272896255843405,0.27289625584340493,27.28962558434049
2112,5.4,5.147469040031123,5.147469040031123,0.252530959968877,4.676499258682907
705,7.2,6.803042187495709,6.803042187495709,0.39695781250429096,5.513302951448486
2943,26.5,16.994788189838264,16.994788189838264,9.505211810161736,35.86872381193108
6952,20.99,14.074727707672112,14.074727707672112,6.915272292327886,32.9455564189037
57,3.8,5.9035932231720265,5.9035932231720265,2.1035932231720267,55.357716399263865
4881,9.8,10.997700408498556,10.997700408498556,1.1977004084985552,12.221432739781173
5640,17.2,25.73459183263718,25.73459183263718,8.53459183263718,49.619719957192906
527,4.5,10.125674974016036,10.125674974016036,5.625674974016036,125.01499942257857
1935,3.8,3.9578586738142167,3.9578586738142167,0.15785867381421692,4.154175626689919
5058,1.95,3.758041993074225,3.758041993074225,1.808041993074225,92.72010220893462
565,4.0,6.251004082744591,6.251004082744591,2.2510040827445907,56.27510206861477
1871,4.9,6.201758969018179,6.201758969018179,1.301758969018179,26.566509571799568
6095,18.85,22.075725344879046,22.075725344879046,3.225725344879045,17.112601299093075
640,5.5,3.8305175418347326,3.8305175418347326,1.6694824581652674,30.35422651209577
5282,5.0,4.872952138999675,4.872952138999675,0.1270478610003254,2.540957220006508
1747,41.0,28.97209564781225,28.97209564781225,12.02790435218775,29.33635207850671
730,6.5,7.861769766903784,7.861769766903784,1.3617697669037838,20.95030410621206
