sample_id,y_true_price,raw_prediction,y_pred_price,absolute_error,absolute_percentage_error
3909,5.5,1.5285605825190667,3.6115341198096944,1.8884658801903056,34.33574327618737
6004,37.499,3.386915350600617,28.574584200195055,8.924415799804947,23.79907677486052
1768,27.49,2.940088072141976,17.9175123447215,9.572487655278497,34.821708458634035
3360,7.8,2.1527067997960296,7.608127368152074,0.19187263184792602,2.4599055365118723
4700,12.99,2.475854006770799,10.891858505484578,2.0981414945154224,16.15197455362142
865,3.5,1.4017235275397453,3.062195242209926,0.4378047577900741,12.508707365430688
7074,52.5,3.612083193635442,36.04314052721157,16.45685947278843,31.34639899578749
2233,26.0,2.946945498458608,18.047683601519847,7.9523163984801535,30.585832301846743
1720,22.0,2.4797754042165585,10.938582761367536,11.061417238632464,50.279169266511204
1662,4.7,2.196685881497574,7.995153043087164,3.295153043087164,70.10963921462051
1566,11.49,2.840377794205917,16.12223299580293,4.632232995802928,40.315343740669526
5141,3.2,1.833925743430317,5.258407397693416,2.058407397693416,64.32523117791924
7264,63.86,3.9986404475301898,53.52397141970403,10.336028580295967,16.18545032930781
5464,127.0,4.685975128892232,107.41594029561769,19.584059704382312,15.420519452269538
6348,31.79,3.3043106481168816,26.229764228192664,5.560235771807335,17.490518313329144
6283,17.99,3.6466913808757555,37.34757839140589,19.35757839140589,107.60188099725343
6419,30.9,3.475532129809959,31.3150197475442,0.4150197475441999,1.3431059791074431
763,7.9,2.5074214399118824,11.273241931399586,3.373241931399585,42.699264954425125
3297,4.8,1.8927901844959611,5.63786373121223,0.8378637312122299,17.45549440025479
2654,3.59,1.203388773683882,2.3313871329021496,1.2586128670978503,35.05885423670892
2189,3.1399,1.561752730731889,3.7671694913584313,0.6272694913584314,19.977371615606593
3945,1.9,1.0975024537537514,1.9966723421739099,0.09667234217390996,5.088018009153156
6006,20.04,3.2168658335020313,23.949800682843506,3.909800682843507,19.50998344732289
1197,19.8,2.465407653894087,10.76827855885819,9.03172144114181,45.61475475324146
429,7.5,2.0598987262129795,6.845175259477175,0.6548247405228249,8.730996540304332
4271,5.7,1.896449466569912,5.662198042874677,0.03780195712532297,0.663192230268824
3905,5.1,2.0639503691284955,6.877025587745926,1.7770255877459267,34.84363897541033
2316,2.7,1.9210642156109992,5.828221303701163,3.128221303701163,115.86004828522825
4584,13.5,2.346661938654124,9.450626603327981,4.049373396672019,29.99535849386681
7086,51.49,4.078859820650129,58.078071836733905,6.588071836733903,12.794856936752577
1992,16.5,2.749303893653805,14.631746737911643,1.8682532620883574,11.322747042959742
7240,13.1,2.678814024572695,13.567805986815074,0.46780598681507435,3.571038067290644
554,7.2,2.3221415451065566,9.197489322172546,1.9974893221725454,27.742907252396463
1905,11.999,2.5095734731795813,11.2996827969451,0.6993172030548997,5.828129036210515
2034,14.5,2.604333379198224,12.52220811234459,1.9777918876554104,13.639944052795933
1215,6.2,1.9927157970740428,6.335428269991435,0.13542826999143465,2.18432693534572
1615,7.0,2.066245206545693,6.895122837982306,0.10487716201769359,1.498245171681337
1002,3.2,1.337301511380487,2.8087517522642313,0.39124824773576883,12.226507741742775
2388,9.95,2.0620414650020225,6.862003443575261,3.0879965564247387,31.03514127060039
6001,38.9,3.7432119085624262,41.23342244168273,2.3334224416827283,5.99851527424866
1533,4.95,1.6673897770615722,4.298319935809315,0.6516800641906855,13.165253822034048
5326,26.5,3.3494394963245577,27.486762233235083,0.9867622332350834,3.7236310688116356
2764,22.5,3.0753475972075304,20.657408658070118,1.8425913419298823,8.189294853021698
6702,12.99,2.7489744231135433,14.626597386195096,1.6365973861950955,12.598902126213208
496,10.89,2.6602570598856516,13.29996457350688,2.4099645735068798,22.13006954551772
2691,29.5,3.4719372116015994,31.19905845521572,1.6990584552157202,5.759520187171932
7213,26.25,3.4193908570918206,29.550799548999947,3.3007995489999473,12.57447447238075
5400,13.99,2.6260654505677077,12.819290115626247,1.1707098843737533,8.368190738911746
5931,44.99,3.5712433988867285,34.560781910447226,10.429218089552776,23.181191574911704
828,4.8,1.480664867303116,3.395867378029176,1.404132621970824,29.252762957725498
3552,1.55,1.7251680768555144,4.613464443860159,3.063464443860159,197.6428673458167
61,6.9,2.266346427847999,8.644100949378736,1.7441009493787352,25.276825353315
1429,10.0,2.514817703228318,11.36435459172689,1.3643545917268902,13.6435459172689
2970,3.2,1.553741903521674,3.729133075269985,0.5291330752699848,16.535408602187022
3955,29.9,3.5667723182401043,34.402141697536955,4.502141697536956,15.057330092096844
4121,14.5,2.547005034863226,11.768804334714838,2.7311956652851617,18.835832174380425
3550,16.4,2.7387942162616303,14.468322395406208,1.9316776045937907,11.778521979230431
5189,4.6,1.413178125974132,3.1089935738284042,1.4910064261715954,32.413183177643376
465,5.95,2.035284963345112,6.6544330475686255,0.7044330475686253,11.839210883506308
5636,7.5,2.731220685082127,14.35161507456129,6.851615074561289,91.35486766081719
6951,12.9,2.961834235940388,18.333401271986222,5.433401271986222,42.11938970531955
4230,8.2,2.05949752908495,6.8420284289860716,1.3579715710139277,16.560628914804
6145,42.45,3.9913548771975322,53.12817673682461,10.678176736824604,25.154715516665732
1902,8.9,2.275374601602632,8.731563789239233,0.16843621076076687,1.8925416939412008
185,4.7,1.6673897770615722,4.298319935809315,0.40168006419068547,8.546384344482668
2662,4.8,1.6722385756465223,4.32407280680293,0.47592719319706944,9.915149858272281
932,2.0,1.517928882011515,3.562765376874501,1.5627653768745011,78.13826884372506
6485,20.95,3.302430146898055,26.1786067393089,5.228606739308901,24.957550068300247
5510,12.99,3.1916656810016484,23.328917928000447,10.338917928000447,79.591362032336
1487,18.99,2.266346427847999,8.644100949378736,10.345899050621263,54.48077435819517
1084,17.0,2.4428433147047683,10.505708628779068,6.494291371220932,38.201713948358424
7123,11.999,2.826307967887197,15.883012989652503,3.8840129896525024,32.36947236980166
5735,99.69,4.3172556774753685,73.98256932126698,25.70743067873302,25.7873715304775
2939,12.5,2.5002026767965266,11.184963319785576,1.3150366802144244,10.520293441715395
1940,7.5,2.1699124354148336,7.757517158808376,0.2575171588083762,3.4335621174450166
5481,17.86,2.93566553074838,17.834033593491977,0.02596640650802229,0.14538861426664215
3268,2.2,1.2761769093739062,2.5829156967678406,0.38291569676784043,17.405258943992745
1703,22.5,3.259310970617062,25.031594428253754,2.5315944282537544,11.251530792238908
6381,19.8,3.183821815877822,23.138831657305662,3.3388316573056613,16.86278614800839
3244,1.5,1.264335312972543,2.5407384708416823,1.0407384708416823,69.38256472277882
4438,1.5,1.0471916869816056,1.8496371972921888,0.3496371972921888,23.309146486145917
5549,17.5,2.775788042111197,15.05127109051929,2.4487289094807103,13.99273662560406
4063,8.0,2.1292192586394276,7.408299540880201,0.5917004591197994,7.396255738997493
5269,5.299999,1.6929597454683725,4.43554474960369,0.8644542503963093,16.31046063209275
7091,24.299,3.4778439903762557,31.389813991015956,7.090813991015956,29.181505374772442
2718,22.0,2.8934313722379197,17.05515739530199,4.94484260469801,22.476557294081864
1740,7.8,2.2866997390712864,8.842401528598305,1.0424015285983055,13.364122161516736
5023,17.5,2.7458040717765324,14.577134031814888,2.9228659681851124,16.70209124677207
3994,7.0,2.1951313588440127,7.981180736856434,0.9811807368564338,14.016867669377625
101,12.6,2.519665854348764,11.424444395821183,1.1755556041788164,9.32980638237156
4505,15.0,2.912100398046222,17.39539567131439,2.3953956713143896,15.969304475429263
736,8.2,2.4213383845947045,10.260920676441991,2.0609206764419916,25.133178980999897
7111,48.49,3.91705050404213,49.252007884537335,0.7620078845373328,1.571474292714648
538,25.5,3.0125054973241294,19.3382936819289,6.161706318071101,24.16355418851412
4520,9.0,2.023061495429591,6.561438844505889,2.438561155494111,27.095123949934564
5153,8.5,2.258184864167305,8.565710335471104,0.06571033547110439,0.773062770248287
733,10.8,2.745187346117886,14.567530175346048,3.7675301753460477,34.884538660611554
5218,4.4,2.1066554237539905,7.220700494563902,2.8207004945639014,64.10682942190684
79,3.7,1.328861885859211,2.7767425764936404,0.9232574235063598,24.952903338009722
5808,17.79,2.894955838233094,17.082702859515773,0.7072971404842257,3.975813043756187
3113,5.5,1.896449466569912,5.662198042874677,0.1621980428746772,2.949055324994131
5278,5.3,1.5667083226904965,3.7908522707841916,1.5091477292158082,28.474485456902045
3082,5.9,1.6271663358144004,4.089432523368442,1.810567476631558,30.687584349687423
4939,11.5,2.341203775809576,9.393740768799974,2.106259231200026,18.31529766260892
132,8.9,2.066243551880689,6.895109774209654,2.004890225790346,22.52685646955445
737,12.2,2.213525197886951,8.147907804417843,4.052092195582157,33.21387045559145
1041,9.0,2.245476655773588,8.44491645764546,0.5550835423545397,6.167594915050442
2095,13.5,2.743091544506176,14.534937885930377,1.0349378859303773,7.666206562447239
7199,21.99,3.17722310121358,22.980070779813254,0.9900707798132551,4.502368257450001
6848,42.499,3.454539252571333,30.643705566992917,11.855294433007085,27.895466794529483
1634,9.3,2.749303893653805,14.631746737911643,5.331746737911642,57.33061008507141
6425,20.34,3.04068309756914,19.919528434465928,0.42047156553407206,2.0672151697840317
5527,23.9,3.4808540716372924,31.487456845897512,7.587456845897513,31.746681363587925
6243,47.499,3.405627459588236,29.133197156835237,18.365802843164765,38.665662104812235
6607,41.0,3.9026874665767814,48.5353951002545,7.535395100254497,18.379012439645116
3308,17.2,2.7987301957319963,15.423778540529419,1.7762214594705803,10.32686895041035
4726,5.0,2.1941108024266427,7.972019610738036,2.9720196107380357,59.44039221476072
5241,1.8,1.4662989551426961,3.3331681773275355,1.5331681773275354,85.17600985152974
5112,14.499,2.221237026064688,8.21872762173827,6.280272378261731,43.315210554257064
2647,7.5,2.0029568183358664,6.410936527774012,1.0890634722259884,14.520846296346512
3139,6.2,1.9549316464439177,6.063436196217738,0.13656380378226185,2.2026419964880946
5239,6.6,1.9719237561792489,6.184484398818609,0.41551560118139097,6.295690926990773
319,9.0,2.1791191410085236,7.83851734128414,1.16148265871586,12.905362874620666
5857,4.845,2.5661268592475834,12.015316539074954,7.170316539074954,147.99414941331176
6898,38.8,3.7242267760162338,40.43917858715488,1.6391785871548805,4.224687080296084
842,7.5,1.9213140705839782,5.829927581902664,1.6700724180973356,22.267632241297807
1894,5.5,1.5626758349583025,3.771572117392653,1.7284278826073471,31.425961501951765
177,7.5,2.486972818152053,11.024819652329159,3.5248196523291586,46.997595364388786
5163,3.8,1.246549815578944,2.4783213808192626,1.3216786191807373,34.78101629422993
4671,7.3,1.8800897439185318,5.554093025789257,1.745906974210743,23.91653389329785
3832,22.9,2.7186283999667715,14.159515187200855,8.740484812799144,38.168055951087965
3961,3.95,1.634381760998962,4.126287746126565,0.1762877461265644,4.462980914596567
1509,4.0,0.9979165429715133,1.7126243007326005,2.2873756992673995,57.18439248168499
6654,19.49,2.8162203968840243,15.713560516242161,3.7764394837578372,19.376292887418355
2177,11.4,2.2186457685609278,8.19487044800286,3.205129551997141,28.11517150874685
3671,1.4,1.0295998607345855,1.7999452424850295,0.3999452424850296,28.567517320359258
1755,6.9,1.7026311078045437,4.48836890138486,2.41163109861514,34.951175342248405
2245,4.0,1.8785210326914827,5.543819606597373,1.5438196065973733,38.59549016493433
3193,4.799,1.8927901844959611,5.63786373121223,0.8388637312122293,17.4799693938785
1038,13.5,2.4438773257829953,10.517611811915138,2.9823881880848617,22.09176435618416
6559,8.1,1.8822440036565944,5.56822746367316,2.53177253632684,31.256451065763457
3450,7.29,2.053081724274898,6.79187655960468,0.49812344039531986,6.832969004051027
5444,41.29,3.4904474804137906,31.800622058675778,9.489377941324221,22.98226675060359
3433,17.49,2.7840154155029095,15.183875636754564,2.3061243632454342,13.18538801169488
3002,15.9,2.8604549146620206,16.469472248287083,0.5694722482870826,3.581586467214356
2516,1.5,0.9249890533689201,1.5218406545477654,0.021840654547765403,1.4560436365176934
3698,5.35,1.702698796645315,4.488740415287051,0.8612595847129487,16.09830999463456
2045,4.99,1.805432578719031,5.082602083718666,0.09260208371866607,1.855753180734791
4239,9.49,1.9553878177177575,6.066659067939915,3.4233409320600856,36.07313943161313
4710,4.99,1.9447769700367494,5.9920722395043144,1.0020722395043142,20.08160800609848
1728,31.5,3.3604789469530885,27.802982677002287,3.697017322997713,11.736562930151468
3319,9.19,2.453226740833524,10.625799703816453,1.4357997038164534,15.623500585597972
5372,2.899,1.7318876846466555,4.651311740356405,1.7523117403564052,60.44538600746482
2771,27.5,2.9891049841732484,18.86789245337945,8.63210754662055,31.389481987711086
4552,1.5,1.321795999576153,2.7501506015009034,1.2501506015009034,83.34337343339357
3379,5.0,2.406363308033646,10.093543895104412,5.093543895104412,101.87087790208824
3857,6.7,2.049660012038349,6.765260562345346,0.06526056234534572,0.9740382439603839
5435,23.49,3.432109251453987,29.94183808579894,6.45183808579894,27.46631794720707
4104,3.2,1.442433690532944,3.230980193868061,0.030980193868060724,0.9681310583768976
6784,28.799,2.8615722217505835,16.48900192175315,12.30999807824685,42.74453306797753
2412,21.49,2.6494780672990683,13.146653117298499,8.3433468827015,38.824322395074454
6248,27.89,3.5507329639927585,33.83884374956154,5.94884374956154,21.32966564919878
3045,11.5,2.4555175727415577,10.652462985622186,0.8475370143778136,7.369887081546205
1918,14.9,2.586885457261957,12.288320044682512,2.611679955317488,17.528053391392536
3824,4.0,1.949559960524794,6.025595360994184,2.025595360994184,50.639884024854595
1550,13.5,2.599325940994381,12.454665739104781,1.0453342608952187,7.74321674737199
1934,7.9,2.162085436727721,7.689239636111527,0.21076036388847363,2.667852707449033
7148,19.199,2.8773535885959167,16.76719160999355,2.431808390006452,12.666328402554573
3370,8.99,2.2768753215996367,8.746179105625652,0.24382089437434828,2.712134531416555
2481,10.7,2.4781180743142457,10.918812978217483,0.2188129782174837,2.044981104836296
6017,21.999,2.751171334437724,14.660965372837904,7.338034627162095,33.35621904251146
5643,21.1,2.951073786020886,18.126480452943444,2.973519547056558,14.092509701689846
3889,2.9,1.9205794405332397,5.824911954397545,2.9249119543975453,100.8590329102602
3664,26.0,3.1701460160836925,22.810960885865395,3.189039114134605,12.265535054363866
1600,14.8,2.749303893653805,14.631746737911643,0.1682532620883581,1.136846365461879
2275,23.49,2.849521222350097,16.279506818111955,7.210493181888044,30.696011842860983
4024,8.2,2.017440490837015,6.519055192979391,1.680944807020608,20.49932691488546
2312,8.0,2.1497819538074694,7.5829867055560065,0.4170132944439935,5.212666180549919
3935,6.9,1.9398833172636518,5.957939051901824,0.9420609480981765,13.653057218814151
4352,1.0,1.7624984812446758,4.826977817141169,3.8269778171411692,382.6977817141169
1672,1.3,1.81943960474614,5.168400738633719,3.868400738633719,297.56928758720915
3792,15.9,2.7031463476227664,13.926622261694574,1.9733777383054267,12.411180744059287
1034,4.6,1.8785210326914827,5.543819606597373,0.9438196065973736,20.517817534725516
3439,10.5,2.309957870354857,9.074000232018307,1.4259997679816934,13.580950171254221
3221,8.9,2.466539491345658,10.781605878028358,1.881605878028358,21.141639078970314
2955,5.5,1.786138571494923,4.966369219735054,0.5336307802649456,9.70237782299901
4490,2.0,0.9473832965631435,1.5789524686013015,0.42104753139869855,21.05237656993493
7244,46.49,3.6516605221823775,37.53860715858925,8.951392841410751,19.25444792731932
6285,16.09,2.9502836668848023,18.11137422337805,2.02137422337805,12.562922457290554
2268,16.49,2.986709630074424,18.820358768487633,2.330358768487635,14.13195129464909
1699,2.6,1.2685852350544715,2.555818354923895,0.044181645076105,1.6992940413886537
3519,10.5,2.3654076374467135,9.648378610787328,0.8516213892126725,8.110679897263548
87,8.5,2.439178805498032,10.463623012239516,1.9636230122395162,23.101447202817837
7113,22.59,3.0520850841204332,20.159417624092246,2.430582375907754,10.759550136820515
676,5.3,1.9078028708224246,5.738267678013703,0.4382676780137036,8.269201471956672
4407,24.99,2.692587362641998,13.76984146112881,11.220158538871189,44.89859359292193
3317,4.9,1.8927901844959611,5.63786373121223,0.7378637312122294,15.05844349412713
6902,67.0,4.160916271728795,63.13025642868004,3.869743571319958,5.7757366736118785
2569,4.1,1.80557190885658,5.083449632546823,0.9834496325468232,23.986576403581054
393,2.999,1.4264373215399402,3.163838318296982,0.1648383182969817,5.496442757485219
1149,5.6,1.8054631439572635,5.082788002741743,0.517211997258257,9.235928522468875
1168,5.9,2.0215099387646034,6.549715940396542,0.6497159403965416,11.01213458299223
2208,3.4,1.4077731177738801,3.0868443421789147,0.31315565782108523,9.210460524149566
230,18.5,2.921082196458745,17.56136363660078,0.938636363399219,5.07371007242821
2802,4.999999,1.8927901844959611,5.63786373121223,0.6378647312122299,12.757297175704032
1543,4.4,1.792097604577422,5.002029155141409,0.602029155141409,13.682480798668383
2345,28.5,3.295978412853213,26.003822035412014,2.496177964587986,8.758519173992934
3599,6.0,1.9096428185167955,5.75067715098158,0.24932284901842028,4.155380816973672
2892,2.2,1.499489050615146,3.479399738980499,1.2793997389804987,58.15453359002266
4691,25.9,3.2542839650976507,24.901061828322327,0.998938171677672,3.8569041377516293
2942,16.0,3.011326480171237,19.314328615205824,3.314328615205824,20.7145538450364
5121,24.49,2.8774450280593995,16.76881630674153,7.721183693258467,31.527904014938617
7189,54.99,3.970572918451746,52.01489535241557,2.9751046475844305,5.410264861946591
970,3.2,1.0520893740115649,1.8636280619045755,1.3363719380954246,41.76162306548202
3718,5.6,1.7620324644040908,4.824262979977717,0.7757370200222828,13.852446786112193
5329,7.0,1.9754475761169348,6.2098458865998625,0.7901541134001375,11.28791590571625
169,10.5,2.66389374856529,13.352063769649163,2.8520637696491633,27.162512091896794
1056,9.0,1.823336616000577,5.192485965452796,3.8075140345472036,42.305711494968925
5968,24.1145,3.0716692270084174,20.577891028770026,3.536608971229974,14.665902138671646
251,3.7,1.7199690900211766,4.584355849287261,0.8843558492872612,23.901509440196246
5889,51.0,3.3411873194503032,27.25265172193018,23.74734827806982,46.56342799621533
2705,10.5,1.9431160358701747,5.980468507012045,4.519531492987955,43.04315707607576
1729,4.3,1.8248784994091998,5.202041421627627,0.9020414216276276,20.977707479712272
2533,8.6,1.9157123183071145,5.791774980000036,2.8082250199999637,32.65377930232516
95,7.5,1.2355867430717415,2.440396557456819,5.059603442543181,67.46137923390908
5646,17.5,3.105587873331542,21.322337825892316,3.8223378258923155,21.841930433670377
5174,23.49,2.402271189239727,10.048240552189244,13.441759447810755,57.22332672546086
3692,2.8,1.6740753570165325,4.333860951135714,1.533860951135714,54.780748254846934
1172,6.69,2.0639503691284955,6.877025587745926,0.18702558774592593,2.7955992189226597
1383,11.9,2.734836069446169,14.40721751519692,2.5072175151969205,21.069054749553953
5263,7.2,2.261977687643658,8.602060277079394,1.4020602770793937,19.47305940388047
711,13.7,2.749303893653805,14.631746737911643,0.9317467379116433,6.801071079647032
2354,7.9,2.2310046652466586,8.309214026724801,0.40921402672480056,5.179924388921526
2215,7.0,2.213525197886951,8.147907804417843,1.1479078044178426,16.398682920254895
3779,7.49,2.2222868338872894,8.22841059585169,0.7384105958516898,9.858619437272226
5242,5.5,2.5075128083585843,11.27436336968211,5.77436336968211,104.98842490331108
69,5.5,1.8856641949512118,5.590730518505424,0.09073051850542413,1.6496457910077114
263,6.5,2.247696282162241,8.465903927007236,1.9659039270072363,30.244675800111327
408,16.0,2.244764034686542,8.438188208643147,7.5618117913568526,47.26132369598033
7137,54.99,3.843800194891798,45.702616684437416,9.287383315562586,16.889222250522977
6024,24.39,3.0550977578596297,20.223260165992436,4.166739834007565,17.08380415747259
3217,1.79,1.656137502136639,4.239035948624939,2.449035948624939,136.81765076116977
5196,11.6,2.692822095600451,13.773308836648603,2.1733088366486033,18.73542100559141
37,13.8,2.6494780672990683,13.146653117298499,0.6533468827015021,4.7343977007355225
3504,6.99,2.0345497166464623,6.648807219379606,0.3411927806203945,4.881155659805357
1862,31.0,3.0372356848907947,19.847534354869374,11.152465645130626,35.97569562945363
4602,13.3,2.599325940994381,12.454665739104781,0.8453342608952195,6.355896698460296
6222,20.66,3.120785103921853,21.664166385956154,1.0041663859561538,4.860437492527367
6474,9.29,2.51983296356396,11.426520808462426,2.1365208084624268,22.998071135225263
2333,28.5,3.516040653781091,32.650928675095,4.1509286750950025,14.564662017877202
1575,6.8,2.346661938654124,9.450626603327981,2.6506266033279813,38.97980299011737
6763,35.89,3.7045737334397923,39.63272325363347,3.7427232536334714,10.428317786663337
5733,20.0,3.490531955473384,31.803393010215373,11.803393010215373,59.016965051076866
3295,11.0,2.48429377575698,10.992647764854887,0.007352235145113184,0.06683850131921076
3985,19.5,2.7617001748939964,14.826728292987958,4.6732717070120415,23.965495933395083
5958,89.09,4.680473080288758,106.82106853009238,17.731068530092372,19.90242286462271
3641,13.8,2.429189750238464,10.349682276077596,3.4503177239224048,25.0023023472638
1163,5.39,1.8927901844959611,5.63786373121223,0.24786373121223004,4.59858499466104
3781,8.5,2.458641647622824,10.688923074911283,2.1889230749112834,25.752036175426863
1554,23.99,3.136742903611497,22.028737755200417,1.9612622447995811,8.175332408501799
19,10.0,1.8203287716015708,5.173887915267802,4.826112084732198,48.26112084732198
3257,7.1,2.6237381124179855,12.787165351632789,5.687165351632789,80.10092044553224
3279,6.699999,2.1791191410085236,7.83851734128414,1.13851834128414,16.992813600183222
982,1.7,1.2464658638078205,2.4780293818358934,0.7780293818358934,45.766434225640786
6602,12.15,2.7284252649131178,14.308760785932991,2.1587607859329907,17.767578485045192
239,4.8,1.7614197452777312,4.82069543571585,0.020695435715849975,0.4311549107468745
7053,20.99,3.174803883214222,22.922127877472786,1.9321278774727872,9.204992269998987
2509,22.05,2.983423787008787,18.7553390608477,3.294660939152301,14.941772966677103
3800,7.3,1.6483741991784813,4.198521192989571,3.1014788070104284,42.48601105493738
6775,25.99,3.6117369033273996,36.03031506746191,10.040315067461915,38.63145466510933
1322,2.5,1.479203600291316,3.3894485330068376,0.8894485330068376,35.5779413202735
3842,10.9,2.7164396665073554,14.12637133384396,3.226371333843959,29.599737007742743
3166,10.9,2.1972978245927797,8.000659249452855,2.899340750547145,26.599456427038028
4381,12.0,2.449879203955967,10.586946977326168,1.4130530226738323,11.77544185561527
5635,15.999,3.3222629929229472,26.72301661575548,10.72401661575548,67.02929317929545
5514,28.49,3.3545290370079144,27.63211634763363,0.8578836523663682,3.0111746309805834
1965,4.5,1.799631149525662,5.04741646055483,0.54741646055483,12.164810234551776
2486,4.686,2.2776951923687707,8.754172989513181,4.068172989513181,86.81547139379389
4706,3.0,1.6949855825628157,4.446567439102804,1.4465674391028038,48.21891463676013
2676,6.2,1.7712876795141426,4.878418008361805,1.3215819916381948,21.315838574809593
1726,6.799999,2.2608318153554676,8.591063843755679,1.791064843755679,26.339192752170685
332,4.0,1.4284261201923394,3.172127594451614,0.8278724055483861,20.696810138709655
4728,4.99,1.8927901844959611,5.63786373121223,0.6478637312122295,12.983241106457506
3544,4.75,2.3164801113322175,9.139920027850854,4.389920027850854,92.4193690073864
6459,13.19,2.516139770077862,11.380711905397167,1.8092880946028327,13.717119746799339
1562,25.0,3.34190442577785,27.272919143329485,2.272919143329485,9.09167657331794
3989,4.5,1.7504534753815735,4.757212838427506,0.2572128384275061,5.715840853944579
1320,29.5,3.6143466922931244,36.12708259160705,6.627082591607049,22.464686751210337
6674,35.99,3.6722487085871363,38.34027127487093,2.350271274870927,6.530345303892545
2036,10.799,2.6070549565450833,12.559059972469763,1.7600599724697634,16.298360704414886
3774,5.5,1.7552823775286601,4.785081088236573,0.7149189117634274,12.998525668425954
3121,8.2,2.208039029052499,8.097858253397055,0.1021417466029444,1.2456310561334683
2650,3.6,1.7573455200791568,4.797028855923707,1.197028855923707,33.250801553436304
4595,3.95,1.5146252588182194,3.5477165907960284,0.40228340920397176,10.184390106429664
2471,3.55,1.2883882729838203,2.6269362113623775,0.9230637886376223,26.00179686303162
4397,10.8,1.9949119664265285,6.351555815673983,4.448444184326018,41.189298003018685
6418,5.8,1.9766416153632913,6.2184598672406874,0.4184598672406876,7.214825297253236
1888,13.8,3.029692783520158,19.69087503507365,5.890875035073648,42.687500254156866
5537,25.99,2.8591624500275565,16.44690815800881,9.543091841991188,36.718321823744475
7214,57.99,3.9064958218395156,48.72440315935354,9.26559684064646,15.977921780731952
2519,29.5,3.474401517329301,31.27850462901901,1.778504629019011,6.028829250911902
1142,13.89,2.661822751244558,13.322371441014376,0.5676285589856249,4.086598696800755
308,11.3,2.037089350996966,6.668257080247828,4.631742919752173,40.98887539603693
5255,1.99,0.8752287866835348,1.3994241874771869,0.5905758125228131,29.677176508684077
381,4.5,2.078428123831748,6.9918967638908605,2.4918967638908605,55.37548364201912
4118,7.5,1.9584764290357475,6.088518972113505,1.411481027886495,18.8197470384866
3617,7.2,1.9553878177177575,6.066659067939915,1.1333409320600856,15.7408462786123
1400,9.8,2.006100145355428,6.434268175090029,3.3657318249099717,34.34420229499971
7075,23.5,3.029973138828395,19.696676644939863,3.8033233550601366,16.184354702383562
6806,14.4,2.79506506770332,15.363693466469307,0.9636934664693069,6.692315739370186
2465,4.3,1.4270172705090818,3.166253832407106,1.1337461675928937,26.366189944020785
994,10.5,2.484249056169033,10.992111470579967,0.4921114705799674,4.686775910285404
683,4.7,2.017484676411536,6.5193874340930265,1.8193874340930263,38.710370938149495
3428,7.9,2.194262635264122,7.973381961355617,0.07338196135561681,0.9288855867799597
2906,11.9,2.4152326427669397,10.192373879523641,1.707626120476359,14.34979933173411
2984,12.8,2.4141568329695327,10.18033948856634,2.6196605114336613,20.46609774557548
457,2.7,1.6559264617562652,4.237930417145544,1.5379304171455441,56.96038582020534
4028,4.8,1.6285903833155257,4.096685279944769,0.7033147200552312,14.65239000115065
3622,3.8,1.9975806828455622,6.371201235752643,2.5712012357526435,67.66319041454325
756,2.95,1.6381440920507748,4.145610864885766,1.195610864885766,40.529181860534436
5845,21.99,3.2393411853918077,24.51690529853217,2.5269052985321707,11.49115642806808
4100,1.5,1.3028769419526744,2.6798682207198894,1.1798682207198894,78.65788138132595
1046,11.89,2.1935074690784107,7.966608124735025,3.9233918752649757,32.99740853881392
1024,4.49,1.2668135663154696,2.5495241999280758,1.9404758000719244,43.217723832336844
2344,13.4,2.5656192188784446,12.008711115714226,1.3912888842857747,10.382752867804289
2997,3.2,2.1894503791594997,7.930303484697676,4.730303484697676,147.82198389680238
4591,3.55,1.6836899412313282,4.385391130108567,0.835391130108567,23.53214451010048
4974,26.9,2.932847512056182,17.781033647269325,9.118966352730673,33.899503170002504
1515,28.2,3.3681101936349465,28.023626164644803,0.17637383535519646,0.6254391324652356
5186,24.19,3.0031060266563827,19.148020123288024,5.041979876711977,20.843240499016026
1737,4.3,1.9526254552883457,6.04716533120797,1.7471653312079702,40.631751888557446
6156,22.85,3.1282467937119174,21.833911871383062,1.0160881286169392,4.446775179942841
1869,5.6,1.972249517636492,6.186825208177941,0.5868252081779417,10.479021574606103
6526,22.99,3.2035636366028,23.62011118039169,0.6301111803916903,2.7408054823475005
1042,3.5,0.8142663689131583,1.2575188786578169,2.242481121342183,64.07088918120523
3442,6.5,1.8078471465552304,5.097306684554369,1.4026933154456307,21.57989716070201
50,7.5,2.1928765708392515,7.960952891583798,0.4609528915837977,6.146038554450636
786,6.5,1.9349061239592595,5.92339408404529,0.5766059159547101,8.870860245457077
245,18.5,2.957921789681939,18.257908156194972,0.2420918438050279,1.308604561108259
5303,4.25,2.2800066857588384,8.776745774274868,4.526745774274868,106.51166527705573
3076,14.0,2.477349790403837,10.90965946267475,3.0903405373252504,22.073860980894647
5462,37.19,3.166391612920542,22.721732543393593,14.468267456606405,38.903650058097355
7234,54.95,3.6930302344096466,39.166376268622805,15.783623731377197,28.72361006620054
625,7.5,2.3242030391468558,9.218533068962948,1.718533068962948,22.913774252839307
6414,26.59,2.977065388174367,18.630125237561625,7.959874762438375,29.93559519533048
2272,5.7,1.890537657584565,5.622928591740208,0.0770714082597923,1.3521299694700404
4812,12.99,2.6173760918895295,12.69972955172913,0.2902704482708707,2.2345685009304903
7182,57.28,3.5071983295920397,32.354687913086394,24.925312086913607,43.51486048693018
4894,6.9,1.9754475761169348,6.2098458865998625,0.6901541134001379,10.002233527538229
6403,5.3,1.9599310537654544,6.098837610160916,0.7988376101609163,15.072407738885213
1025,12.5,2.2776951923687707,8.754172989513181,3.7458270104868188,29.96661608389455
5457,53.99,3.7851020334765075,43.04016390053911,10.949836099460889,20.28123004160194
2926,7.5,2.3295910096439063,9.273738813570388,1.7737388135703878,23.64985084760517
321,31.8,3.6253512556666116,36.537906246430275,4.737906246430274,14.899076246636081
3326,17.0,3.173018582381665,22.879457783467302,5.879457783467302,34.58504578510178
3105,11.9,2.684650165283162,13.653074329395965,1.7530743293959645,14.7317170537476
1893,4.5,1.4300856847129733,3.1790572579042786,1.3209427420957214,29.354283157682698
4920,6.8,1.9478389328905292,6.013514515946728,0.786485484053272,11.565963000783412
2138,11.49,2.354703899184481,9.535008975068765,1.9549910249312354,17.01471736232581
5476,40.49,3.0236012067074607,19.565218093497073,20.92478190650293,51.67888838355873
3475,1.55,1.113030763892437,2.043568768478608,0.49356876847860787,31.84314635345857
4098,11.0,2.597714730578024,12.43300489629108,1.4330048962910809,13.027317239009825
7001,45.499,3.6866733060275436,38.91185134678787,6.587148653212132,14.477567975586567
5321,14.799,2.9454609154991425,18.019426715063616,3.220426715063617,21.761110311937408
5339,2.7,1.3164708767181907,2.730233665941699,0.03023366594169863,1.1197654052480972
4296,24.5,3.1994746809773913,23.51964617673087,0.9803538232691302,4.001444176608695
3767,5.9,1.9213140705839782,5.829927581902664,0.070072418097336,1.1876681033446779
2126,16.3,3.0939815945187816,21.064756222753438,4.764756222753437,29.231633268425995
4279,5.9,1.4218842735877846,3.1449232560376412,2.755076743962359,46.69621599936202
233,3.8,1.823336616000577,5.192485965452796,1.3924859654527966,36.644367511915696
65,15.0,2.5882649398596818,12.30666370040512,2.693336299594881,17.955575330632538
5856,20.709,3.323142021716898,26.74739665942624,6.03839665942624,29.158320823923127
1595,14.5,2.855991153603028,16.391666480712765,1.8916664807127646,13.045975729053549
5133,9.8,2.7617001748939964,14.826728292987958,5.026728292987958,51.29314584681589
2656,20.9,3.0959963184668107,21.10925542727708,0.2092554272770819,1.0012221400817316
3218,32.99,3.5942041226876738,35.38672908861617,2.396729088616169,7.265016940333948
509,5.0,1.7794628843758935,4.926672255268499,0.07332774473150128,1.4665548946300255
6253,15.5,3.0477671278746024,20.068249156981178,4.568249156981178,29.47257520633018
6481,18.99,3.3816675724987806,28.41978986326636,9.429789863266361,49.65660802141317
576,26.7,2.594611003486901,12.391377149079744,14.308622850920255,53.59034775625564
217,4.999999,1.6135493600578459,4.020599556098811,0.9793994439011886,19.58799279562233
5697,15.59,3.188235403507735,23.24560596165527,7.655605961655269,49.10587531529999
7082,11.9,2.457629487532942,10.677097998925678,1.2229020010743223,10.2764874039859
3757,4.0,1.7125273486274468,4.542952763807215,0.5429527638072154,13.573819095180383
3954,9.2,2.6082175218940247,12.574832432239122,3.3748324322391223,36.68296121999046
6731,24.5,3.262952731507082,25.126568101486754,0.6265681014867539,2.557420822394914
6889,39.9,3.3764728610655856,28.267358804961663,11.632641195038335,29.154489210622398
2115,10.5,1.9984157643795522,6.3773593606982875,4.1226406393017125,39.26324418382583
3467,2.0,1.3641979058205624,2.912583532587868,0.9125835325878682,45.629176629393406
4871,17.5,2.8869525780218606,16.938559859565324,0.5614401404346765,3.2082293739124372
6130,20.5,3.510046532792966,32.44982426147812,11.94982426147812,58.291825665746934
3478,9.0,2.2776951923687707,8.754172989513181,0.24582701048681876,2.7314112276313196
4487,4.499999,2.053166871927288,6.792540047848277,2.2925410478482773,50.94536794004348
3933,29.99,3.2019796256055315,23.581143524273667,6.408856475726331,21.369978245169495
3347,7.6,1.949559960524794,6.025595360994184,1.5744046390058157,20.715850513234418
1261,6.5,1.8735563842337262,5.511412354550341,0.9885876454496589,15.209040699225524
4382,9.5,2.305063230550298,9.024812106771407,0.47518789322859334,5.001977823458877
3163,9.65,2.419035345606605,10.235016178066875,0.5850161780668746,6.062343814164503
1412,4.0,1.370889050548732,2.9388509768987405,1.0611490231012595,26.528725577531485
1281,14.0,2.0341313353638966,6.645607770946403,7.354392229053597,52.53137306466855
4588,6.0,2.2416648394964467,8.408982701304238,2.4089827013042378,40.14971168840396
2917,6.2,1.836383905330026,5.273810500214981,0.9261894997850195,14.938540319113217
1565,13.6,2.914693943129163,17.44316688092172,3.8431668809217197,28.25858000677735
6580,22.562,2.7881188820241896,15.250422070768451,7.31157792923155,32.406603710803786
4002,7.6,1.956091425431745,6.071632973406165,1.528367026593835,20.11009245518204
6500,7.899,2.498878576992543,11.168839889113682,3.2698398891136824,41.395618294894064
6365,25.4,3.4450960638349293,30.346294547303167,4.946294547303168,19.473600579933734
6900,21.699,3.067030710746817,20.47803340499117,1.2209665950088322,5.626833471629256
3007,5.0,2.2620925128932385,8.603162899350426,3.6031628993504263,72.06325798700853
1315,9.2,2.501939791284744,11.20614839122676,2.006148391226761,21.80596077420392
3885,2.3,1.561201378299825,3.7645418253169067,1.464541825316907,63.6757315355177
3745,12.4,2.4781180743142457,10.918812978217483,1.4811870217825174,11.945056627278365
6498,18.006229,3.705632866617874,39.67578151713984,21.669552517139838,120.34475690129143
1702,40.99,3.4387349142744252,30.14752893864313,10.842471061356871,26.451502955249744
1839,6.2,2.0792640850588096,6.998580472987748,0.7985804729877479,12.880330209479803
503,10.5,1.8343952846791318,5.261346668118873,5.238653331881127,49.89193649410598
7023,38.9,3.804929719476947,43.92209285388541,5.022092853885411,12.910264405875093
5818,9.79,2.4171725602504,10.2141072349363,0.42410723493630087,4.332045300677231
4694,11.0,1.564399151294043,3.779802134994802,7.220197865005198,65.63816240913816
1721,36.0,3.613478541471342,36.09486467137525,0.09486467137524812,0.2635129760423559
7187,50.999,4.416382517247176,81.79622903074711,30.79722903074711,60.38790766632113
4618,14.99,2.661822751244558,13.322371441014376,1.6676285589856246,11.124940353473145
1803,18.8,2.932847512056182,17.781033647269325,1.0189663527306756,5.4200337911206145
1385,4.2,1.7758787126517652,4.905468066579342,0.7054680665793418,16.796858728079567
1373,1.2,1.2512611468974348,2.49474756950124,1.2947475695012403,107.89563079177003
5834,26.9,3.357580114940514,27.719608570908736,0.8196085709087377,3.0468720108131517
5654,44.99,4.102467825376853,59.48938078264763,14.499380782647627,32.22800796320877
5670,16.0,3.0334804196015246,19.769393145055144,3.769393145055144,23.55870715659465
856,6.9,2.1090753003907228,7.240617664456066,0.34061766445606523,4.936487890667611
2458,13.899999,2.213525197886951,8.147907804417843,5.752091195582157,41.38195402447265
2726,7.8,2.510416550572734,11.310056753863964,3.5100567538639647,45.00072761364057
5886,37.99,3.4971673160608634,32.02177908525043,5.968220914749573,15.709978717424514
4252,24.79,3.0959963184668107,21.10925542727708,3.6807445727229187,14.847698962173936
3269,8.1,1.9436851349215263,5.984442215627029,2.115557784372971,26.117997337937915
2505,6.0,2.0898545430522493,7.083739242747491,1.083739242747491,18.06232071245818
318,1.7,1.0937501608797768,1.9854490196636894,0.2854490196636894,16.791118803746436
6053,30.49,3.5472493525161117,33.71768990263062,3.227689902630619,10.586060684259165
176,4.7,1.8735563842337262,5.511412354550341,0.8114123545503409,17.26409265000725
5683,80.49,4.088485939796921,58.64951035025089,21.840489649749102,27.134413777797374
4967,2.0,1.3877605671305047,3.0058691256646854,1.0058691256646854,50.29345628323427
3100,2.6,1.6961875272412972,4.453117847677989,1.8531178476779888,71.27376337223033
2840,1.85,1.424275866632806,3.15484808901909,1.30484808901909,70.53232913616702
6504,14.2,2.878255966242666,16.7832315625068,2.5832315625068,18.191771566949296
3043,2.7,1.346690751503998,2.8446814493572465,0.14468144935724636,5.358572198416532
3169,12.5,2.211213501341625,8.126785041664817,4.373214958335183,34.98571966668146
468,4.6,1.8993105463650328,5.681286416745544,1.0812864167455443,23.506226450990095
472,28.5,3.146579298865883,22.256375252757532,6.2436247472424675,21.90745525348234
91,7.9,1.5492753263140138,3.708057140947207,4.191942859052793,53.062567836111306
4304,2.7,1.7517484554102207,4.764673143504422,2.0646731435044217,76.46937568534895
4149,5.8,2.032180712915687,6.630708612838505,0.8307086128385048,14.322562290319048
1047,5.6,2.0035776853275387,6.415539162305562,0.8155391623055621,14.563199326885037
6571,129.29,4.723888629552182,111.60528262303933,17.684717376960663,13.67833349598628
6768,9.49,2.368435385883591,9.680668080009243,0.1906680800092424,2.0091473130584023
435,5.5,2.093131618656175,7.110273721408095,1.6102737214080953,29.277704025601732
6016,151.89,4.850933992339273,126.85975412554497,25.03024587445502,16.479192754266258
1335,20.49,2.842745072989443,16.16281410915339,4.327185890846607,21.118525577582272
1352,8.9,2.2169936284214105,8.179691775557657,0.7203082244423431,8.09335083643082
4074,2.55,1.6860438486615028,4.398082773921223,1.8480827739212229,72.47383427142051
4868,5.9,2.0044761585549624,6.422204819718764,0.5222048197187634,8.85092914777565
6046,25.09,3.259990125118118,25.049279907686056,0.04072009231394347,0.16229610328395164
5546,18.99,3.0464794330307785,20.041137140921315,1.0511371409213162,5.5352140122238875
4207,8.8,2.201694532576033,8.040319643525379,0.7596803564746217,8.632731323575246
3758,11.5,2.834466645169789,16.021319476001594,4.521319476001594,39.315821530448645
106,7.7,1.9445123279860355,5.990222087992855,1.7097779120071452,22.204907948144744
5694,19.0,3.2543730113217726,24.903368322769673,5.903368322769673,31.070359593524593
5676,26.99,3.3041148180059556,26.22443234253229,0.7655676574677095,2.836486318887401
4791,4.1,1.7001714982919978,4.4748862448589195,0.37488624485891986,9.143566947778533
5900,27.9,2.800121877881156,15.446651131943018,12.453348868056981,44.63565902529384
5313,12.9,2.648702269026125,13.135682424314744,0.23568242431474395,1.8269955373235964
3333,10.99,2.3937718455622927,9.954735686588945,1.035264313411055,9.420057446870382
4086,15.0,2.743091544506176,14.534937885930377,0.4650621140696227,3.1004140937974847
1617,12.99,2.552372310013713,11.837522269988446,1.1524777300115545,8.872037952359927
2252,4.0,1.1575559920670153,2.18214657314153,1.8178534268584698,45.446335671461746
4860,7.8,2.4033447561287455,10.060107946508978,2.2601079465089784,28.97574290396126
5584,9.299,2.5510323786291025,11.82033239019988,2.5213323901998805,27.11401645553157
3494,15.9,2.898915798487281,17.15445161147138,1.2544516114713797,7.889632776549559
1498,6.666,1.868325842230211,5.477443055097385,1.188556944902615,17.83013718725795
996,6.5,2.1935074690784107,7.966608124735025,1.4666081247350249,22.563201919000385
5912,15.3205,2.5214700789317286,11.446881118186443,3.873618881813556,25.28389335735489
6638,87.999,4.759459314961354,115.68282018522851,27.683820185228512,31.45924406553315
41,18.0,2.61322505479297,12.642979333766148,5.357020666233852,29.7612259235214
5253,17.2,3.0066792803430955,19.220142890205455,2.020142890205456,11.745016803520093
5689,13.69,2.5635949713395703,11.982404898384805,1.707595101615194,12.473302422316976
3282,3.7,2.147285523430094,7.56158659986669,3.8615865998666896,104.36720540180242
1539,7.3,1.4880894807548972,3.4286264553528607,3.871373544647139,53.03251431023478
1805,8.9,2.303592059846934,9.010074740142272,0.11007474014227192,1.236794833059235
1144,2.9,2.3164231992123585,9.139342959928102,6.239342959928102,215.14975723890007
6198,34.79,3.6058438921454385,35.812736732143044,1.022736732143045,2.939743409436749
2615,6.5,1.9905097445075202,6.319263766058177,0.1807362339418228,2.7805574452588124
2114,14.99,2.8231336890386145,15.82950656570177,0.83950656570177,5.60044406739006
5792,10.89,2.333002647819555,9.308848950600625,1.5811510493993755,14.519293382914375
4546,11.0,2.6876018859590034,13.696390008301652,2.696390008301652,24.512636439105925
3172,1.0,1.7486271854846744,4.746708094060379,3.746708094060379,374.6708094060379
167,9.2,2.940088072141976,17.9175123447215,8.717512344721502,94.75556896436416
2337,11.3,2.483533686122114,10.983535741010352,0.31646425898964914,2.800568663625213
6928,39.18,3.386915350600617,28.574584200195055,10.605415799804945,27.068442572243352
3964,5.4,1.4235559818144696,3.151858153291105,2.2481418467088954,41.6322564205351
2445,25.0,3.3296124282845985,26.92751569028083,1.9275156902808313,7.710062761123325
7257,17.99,3.105193928870015,21.31354579643683,3.3235457964368322,18.474406872911796
3341,1.9,1.3927626360490573,3.025956957585535,1.1259569575855353,59.26089250450186
4103,1.3,1.310029489057068,2.706283005389771,1.4062830053897708,108.17561579921313
3017,18.5,2.684650165283162,13.653074329395965,4.846925670604035,26.199598219481267
6151,13.09,2.691695693500861,13.756677519091074,0.6666775190910741,5.093029175638457
4958,8.99,2.380124407862592,9.806247162420991,0.816247162420991,9.07950125051158
6935,25.4,3.82782839564502,44.96261715937212,19.562617159372124,77.01817779280364
789,3.6,1.9540411580097348,6.057149087693587,2.4571490876935873,68.25414132482187
4617,19.2,2.7926720385027988,15.324581486895124,3.8754185131048757,20.18447142242123
1097,3.5,1.5258210058313995,3.598917758076702,0.098917758076702,2.826221659334343
3206,15.3,2.525129467385038,11.492512531842856,3.807487468157145,24.88553900756304
6535,19.99,3.1789233364244684,23.020877220956454,3.030877220956455,15.161967088326438
6251,31.49,3.2397602785476582,24.52760150009715,6.96239849990285,22.10987138743363
544,4.0,1.7590854956672892,4.807124325004574,0.8071243250045743,20.178108125114356
6770,19.299,3.0224362219108167,19.54127387711058,0.24227387711058057,1.2553701078324295
5924,14.25,2.8190977910532515,15.761721273330942,1.5117212733309415,10.608570339164503
4838,2.4,1.4760560895401236,3.3756544165103683,0.9756544165103684,40.652267354598685
6194,19.59,2.8570540572068674,16.410161973413516,3.1798380265864843,16.231945005546116
6068,7.39,2.1114354990758137,7.260090129836303,0.12990987016369626,1.7579143459228181
4229,16.7,2.833298938533935,16.001455168397523,0.6985448316024758,4.182903183248358
877,9.5,1.712032177259392,4.540208731743222,4.959791268256778,52.20832913954503
3908,9.7,2.141891137659774,7.515526443759859,2.1844735562401407,22.52034594062001
3914,12.8,2.2911866682220343,8.886662911517186,3.9133370884828143,30.572946003771982
5397,10.9,2.2849734444189598,8.82542530067507,2.0745746993249305,19.032795406650738
1078,8.2,1.896449466569912,5.662198042874677,2.537801957125322,30.94880435518686
5983,42.7,4.104115453608284,59.58912694385757,16.88912694385757,39.552990500837396
4990,10.5,2.1700182893150957,7.758444225222181,2.7415557747778188,26.110054997883985
511,13.0,2.264322323941241,8.624600029571846,4.375399970428154,33.656922849447334
2375,4.4,1.5038381824357834,3.4989236642104027,0.9010763357895977,20.479007631581762
2877,15.6,2.932847512056182,17.781033647269325,2.1810336472693255,13.980984918393114
2069,1.5,1.264927842182533,2.5428370834938394,1.0428370834938394,69.52247223292262
4851,3.5,1.2570299023310068,2.514966175558096,0.9850338244419041,28.143823555482978
3262,11.0,2.2108705936860327,8.123655933731278,2.8763440662687216,26.148582420624745
4934,10.89,2.945050133274541,18.011615477115647,7.121615477115647,65.39591806350455
1302,8.9,2.5341659325525665,11.605912280970735,2.7059122809707343,30.40350877495207
6045,47.89,3.8317452258979547,45.14299795864165,2.74700204135835,5.736066070909062
4394,2.5,1.6424514812611273,4.167822817024708,1.6678228170247076,66.7129126809883
3689,16.3,2.8469714072768313,16.2355033953048,0.06449660469520069,0.39568469138159934
3159,8.5,2.1229038969805223,7.355365413357202,1.1446345866427983,13.466289254621156
858,7.99,2.3886400163223156,9.898661857396185,1.9086618573961847,23.888133384182535
4678,19.9,3.022574118811699,19.544106650429246,0.3558933495707528,1.7884087918128282
7140,24.85,3.490755748470526,31.810735001366027,6.960735001366025,28.01100604171439
7028,12.5,2.8782034927548237,16.782298438803945,4.282298438803945,34.25838751043156
7112,25.99,3.5122854104717307,32.52479822382343,6.534798223823433,25.143509903129797
4357,9.9,2.684650165283162,13.653074329395965,3.7530743293959645,37.90984171107035
2890,7.9,2.292309561781155,8.897770816952304,0.9977708169523041,12.630010341168404
4794,8.8,2.468387183017638,10.803394776475963,2.0033947764759628,22.765849732681392
2024,12.0,2.749303893653805,14.631746737911643,2.6317467379116426,21.931222815930354
4194,16.5,2.7540767412107776,14.7065330119138,1.7934669880862,10.869496897492121
4921,4.5,1.5450388202921237,3.6881536189825095,0.8118463810174905,18.04103068927757
5356,9.5,2.136296715863017,7.468020006439126,2.031979993560874,21.389263090114465
743,5.3,1.966690763129283,6.146986241262373,0.846986241262373,15.980872476648548
2499,1.15,1.1127291813939635,2.0426510198005596,0.8926510198005597,77.62182780874433
4241,9.3,2.500121668362385,11.183976274966984,1.883976274966983,20.25780940824713
179,25.99,2.8801122102525603,16.816272235860065,9.173727764139933,35.29714414828754
3613,8.5,1.9445123279860355,5.990222087992855,2.509777912007145,29.52679896478994
3693,20.0,2.640135512055375,13.015102694428549,6.984897305571451,34.924486527857255
3771,7.0,2.103816669115159,7.197397034951848,0.19739703495184813,2.819957642169259
6566,35.55,3.619023971186406,36.30114305873069,0.7511430587306904,2.112919996429509
31,11.0,2.1497819538074694,7.5829867055560065,3.4170132944439935,31.063757222218126
5151,6.8,1.969694638949714,6.16848717732504,0.63151282267496,9.286953274631765
2484,3.2,1.7013826176699476,4.481521002612987,1.2815210026129868,40.04753133165584
168,11.5,2.237319449023297,8.368185701155333,3.1318142988446667,27.23316781604058
3248,2.8,1.2821792123019053,2.6044861134720994,0.19551388652790047,6.982638804567874
642,5.0,2.0016236346327343,6.401062971065106,1.4010629710651061,28.021259421302126
1483,14.9,2.5647087359031806,11.99687229605296,2.9031277039470407,19.48407854998014
1790,6.0,1.966690763129283,6.146986241262373,0.1469862412623728,2.4497706877062138
5035,8.0,1.9678806798345592,6.155495621305926,1.844504378694074,23.056304733675926
3982,3.0,2.2394175398784903,8.387861639640215,5.3878616396402155,179.5953879880072
7092,62.49,4.0922137585283584,58.872287891413016,3.6177121085869857,5.789265656244176
6492,22.89,3.220612668569705,24.043458822203498,1.153458822203497,5.0391385854237525
6912,19.899,3.0597207787446963,20.321602886062447,0.422602886062446,2.123739313847158
6178,24.5,3.1636919135131385,22.65777736482657,1.8422226351734317,7.519276061932374
6644,18.15,2.82743848822025,15.90211037207608,2.247889627923918,12.385066820517455
2758,9.5,1.9754475761169348,6.2098458865998625,3.2901541134001375,34.63320119368566
3412,12.6,2.28880524488003,8.863146593952719,3.736853406047281,29.65756671466096
6122,20.7,3.168246218340591,22.76576781854968,2.0657678185496806,9.979554678983964
800,2.5,1.7364467431184567,4.677135221675269,2.177135221675269,87.08540886701076
1954,10.5,2.3496722598550703,9.482133745671215,1.0178662543287853,9.693964326940813
7248,48.99,3.4125523957570976,29.3425918092228,19.647408190777202,40.104936090584204
5306,4.0,1.4264373215399402,3.163838318296982,0.8361616817030182,20.904042042575455
6637,15.69,2.622468354081867,12.769670093221826,2.920329906778173,18.612682643583003
2119,20.5,2.961908652763819,18.334840055829197,2.165159944170803,10.561755825223429
5309,3.5,1.5707095542289697,3.8100599816093403,0.31005998160934034,8.858856617409725
5660,25.49,3.4213435011027444,29.61051266502449,4.120512665024492,16.1652124951922
5679,19.5,3.105193928870015,21.31354579643683,1.8135457964368307,9.300234853522209
1406,8.7,2.1858808533426948,7.8984833610199985,0.8015166389800008,9.212834930804608
1501,9.8,2.1527067997960296,7.608127368152074,2.191872631847927,22.366047263754353
1074,5.3,1.7363083061324973,4.676349350584364,0.6236506494156355,11.76699338520067
500,13.6,2.5044806699039857,11.237202167928857,2.362797832071143,17.373513471111345
437,17.5,2.7617001748939964,14.826728292987958,2.6732717070120415,15.275838325783095
5437,9.5,2.446094640664763,10.543178318010563,1.043178318010563,10.980824400111189
4113,8.9,1.9213140705839782,5.829927581902664,3.070072418097336,34.49519570895883
3386,3.6,1.5003294242638614,3.483165690664845,0.11683430933515515,3.2453974815320876
6683,22.99,2.9588614238620274,18.276012049121814,4.713987950878185,20.50451479285857
80,16.9,2.592174297543926,12.358786024415453,4.5412139755845455,26.871088612926307
1608,19.99,2.6576572636364344,13.262835863697548,6.72716413630245,33.652647005014764
960,5.0,2.232241000547986,8.320730454269682,3.3207304542696825,66.41460908539365
3114,22.5,3.3643788211443177,27.91553000333689,5.41553000333689,24.069022237052845
5198,3.8,1.8735563842337262,5.511412354550341,1.7114123545503412,45.037167225008986
4628,13.0,2.940088072141976,17.9175123447215,4.9175123447215014,37.827018036319245
1632,12.19,2.692822095600451,13.773308836648603,1.5833088366486034,12.98858766733883
3305,4.8,1.882463353034175,5.569668358303017,0.7696683583030168,16.034757464646184
5935,21.3,3.0536055644163365,20.191614572872666,1.1083854271273346,5.20368745130204
5419,9.5,2.277624856321615,8.753486943668983,0.7465130563310165,7.858032171905436
2477,3.0,1.5342257809316475,3.637733517907775,0.6377335179077752,21.257783930259176
5506,16.45,2.7675603122781425,14.919747381245836,1.5302526187541634,9.302447530420446
6399,22.45,2.788549954968015,15.257428698124144,7.192571301875855,32.03817951837797
5517,51.999,3.542013644761645,33.53639324669531,18.46260675330469,35.5056957889665
534,6.9,2.2696488021055323,8.676002025745815,1.7760020257458144,25.7391597934176
5701,26.69,3.1786566177041777,23.01447125765696,3.6755287423430403,13.771182998662571
2794,20.3,2.6632100006103627,13.342253929508932,6.957746070491069,34.274611184685064
585,4.5,1.5038560547131075,3.4990040709403125,1.0009959290596875,22.24435397910417
6722,50.9,3.9925216990510517,53.19137153769981,2.29137153769981,4.501712254812986
4970,25.0,2.8532330414812614,16.343764404589642,8.656235595410358,34.62494238164143
1451,2.75,1.669807613239123,4.311145904727874,1.5611459047278737,56.7689419901045
6275,25.49,3.1680380402179384,22.760820820568064,2.7291791794319344,10.706862218250038
1410,30.5,3.0370570523355065,19.84381063913444,10.656189360865561,34.93832577332971
5684,20.59,3.720131673301758,40.26982788536194,19.67982788536194,95.57954291093706
4536,10.0,2.419035345606605,10.235016178066875,0.23501617806687491,2.350161780668749
866,15.0,2.3295910096439063,9.273738813570388,5.726261186429612,38.17507457619742
4638,2.0,0.9666677229653113,1.629168727319151,0.3708312726808489,18.541563634042447
6358,54.8,3.8471771064746774,45.86059387905423,8.939406120945769,16.312784892236806
4679,3.95,2.3197155118082993,9.172779858628246,5.222779858628246,132.2222749019809
742,7.1,1.9526254552883457,6.04716533120797,1.0528346687920296,14.828657306929996
1544,6.9,1.9130447061775309,5.77368130286806,1.12631869713194,16.32345937872377
5509,53.29,3.806288011644995,43.98315163922856,9.30684836077144,17.464530607565095
2706,18.9,2.724785478881269,14.253141454895468,4.64685854510453,24.58655314870122
3734,7.89,1.9623491152144652,6.116023805983618,1.7739761940163818,22.483855437469984
2589,8.2,2.2776951923687707,8.754172989513181,0.554172989513182,6.758207189185146
5283,2.5,1.2499515052874144,2.4901736983874123,0.009826301612587685,0.3930520645035074
6816,50.709,3.7321699620441438,40.76964844573887,9.93935155426113,19.60076427115725
5944,15.9,2.8340382584816752,16.01402933093598,0.11402933093597944,0.7171656033709399
4253,3.7,1.2770390555017337,2.5860060256282527,1.1139939743717475,30.107945253290474
748,16.5,2.5492289473056697,11.797232636860677,4.702767363139323,28.501620382662562
4055,5.79,2.2768753215996367,8.746179105625652,2.956179105625652,51.05663394862957
401,5.3,1.8785210326914827,5.543819606597373,0.24381960659737345,4.600369935799499
3749,20.8,3.0753475972075304,20.657408658070118,0.142591341929883,0.685535297739822
157,7.5,2.240499466353727,8.398024112226754,0.8980241122267536,11.973654829690048
5434,98.19,4.613792185269046,99.86592757723639,1.6759275772363935,1.7068210380246394
6483,29.5,3.252152724338033,24.84591921160493,4.6540807883950706,15.776545045407019
5749,14.3,2.7020929518199424,13.910906899155437,0.3890931008445637,2.720930775136809
4528,12.0,2.7164396665073554,14.12637133384396,2.1263713338439594,17.719761115366328
1820,8.9,1.9157123183071145,5.791774980000036,3.1082250199999644,34.92387662921308
2922,9.0,2.3455172443896517,9.438670675241678,0.4386706752416778,4.87411861379642
2864,15.3,2.014889573835782,6.49989915037943,8.80010084962057,57.5169990171279
3362,3.3,1.3525960944513309,2.867452781927553,0.4325472180724468,13.107491456740814
5281,1.6,1.08591199702055,1.9621400501510227,0.3621400501510226,22.633753134438912
3803,1.4,1.2629515659082955,2.53584237263938,1.13584237263938,81.13159804567
4237,5.4,2.1966527936456477,7.994855417719139,2.5948554177191383,48.05287810590996
7295,47.59,3.6680538640729723,38.17559060012691,9.414409399873094,19.782326959178594
2666,4.8,1.5618363811315457,3.7675682836709505,1.0324317163290493,21.508994090188526
1782,13.0,1.8506608225239365,5.364023623519838,7.635976376480162,58.738279819078166
5910,45.3565,3.74609938847531,41.35554683164547,4.000953168354528,8.821124135139458
2415,8.0,2.2882184371101664,8.857360520718482,0.8573605207184816,10.717006508981019
535,11.9,2.4331700056875647,10.39494693349367,1.5050530665063295,12.647504760557391
5978,119.9,4.60442110078761,98.92511952937947,20.974880470620533,17.4936450964308
2406,1.5,1.1568439965168476,2.1798817053250543,0.6798817053250543,45.32544702167029
3098,5.8,1.8822512756641616,5.56827522804665,0.23172477195334995,3.9952546888508613
5359,8.0,2.451811734055217,10.609360751789481,2.609360751789481,32.61700939736851
5154,8.4,2.1212020295662604,7.341157782407224,1.058842217592776,12.605264495152097
1966,8.9,1.5434432457495846,3.6806792849308323,5.219320715069168,58.64405297830526
5416,10.5,2.501939791284744,11.20614839122676,0.7061483912267601,6.725222773588191
1176,7.86,2.602780255610392,12.50122275261273,4.641222752612729,59.04863552942403
5902,21.5,3.281145948004493,25.60624460984482,4.106244609844818,19.09881213881311
1760,2.8,1.2214769473632254,2.392194127793524,0.4078058722064757,14.56449543594556
997,5.2,2.169858445686116,7.757044355596108,2.5570443555961075,49.17392991530976
473,6.2,1.8890164821883841,5.612861614476082,0.5871383855239181,9.469973960063193
2266,2.1,0.9471288781330942,1.5782964190221591,0.521703580977841,24.843027665611476
4205,15.7,2.8374542115702703,16.072247836208536,0.37224783620853685,2.371005326169025
1882,5.2,2.061616191418467,6.8586606520477345,1.6586606520477343,31.8973202316872
4222,18.9,2.549212346906811,11.797020199457895,7.102979800542103,37.58190370657198
2578,10.8,2.3372322086396156,9.352543192811623,1.4474568071883773,13.402377844336828
3783,2.6,1.4783629315644236,3.3857600115263935,0.7857600115263934,30.221538904861283
469,14.9,2.646134997894821,13.099438838367895,1.8005611616321051,12.084303098202048
5097,14.9,2.5300621342809144,11.554286163977956,3.3457138360220444,22.454455275315734
7040,17.29,3.0499987695818693,20.115318441853983,2.825318441853984,16.340766002625703
4712,10.0,2.591459590272863,12.3492418139758,2.3492418139758,23.492418139757998
3997,7.0,2.136016304292903,7.465645808545201,0.4656458085452009,6.652082979217155
247,6.5,1.4279013875373923,3.169938917147645,3.330061082852355,51.23170896695931
3780,17.9,2.3904459223352235,9.91836159896409,7.981638401035909,44.59015866500508
2182,9.9,2.7973772888914845,15.401573722107148,5.501573722107148,55.571451738456034
3395,6.5,2.4122305927968064,10.158824197959822,3.658824197959822,56.28960304553572
7097,83.99,4.351228540797646,76.57370687146083,7.4162931285391664,8.829971578210701
811,4.0,1.2565961524472298,2.5134418899912094,1.4865581100087906,37.163952750219764
6502,26.8,3.1924351005751386,23.347644276941953,3.452355723058048,12.881924339768835
1419,7.4,2.1935074690784107,7.966608124735025,0.5666081247350245,7.656866550473304
6733,13.9,2.7793016751754283,15.107768564918253,1.2077685649182524,8.688982481426276
3625,3.9,1.448528437233617,3.2568456881969086,0.6431543118030913,16.491136200079264
228,9.0,2.087912865725241,7.068058457981051,1.931941542018949,21.466017133543875
7107,45.5,3.688711358439981,38.99327673813323,6.506723261866767,14.300490685421465
17,18.0,3.295978412853213,26.003822035412014,8.003822035412014,44.465677974511195
1407,10.6,2.451811734055217,10.609360751789481,0.00936075178948137,0.08830897914605065
7070,59.99,4.250367551954419,69.13118446401712,9.141184464017122,15.237847081208738
2392,13.5,2.6865622716192346,13.681119369669007,0.1811193696690072,1.3416249605111645
6272,47.9,3.535414437584635,33.30923080292929,14.590769197070706,30.460896027287486
5439,109.0,4.652864587899398,103.88500797636242,5.114992023637583,4.69265323269503
6745,45.49,3.729472866987797,40.65714351984999,4.832856480150014,10.623997538250194
5879,10.99,3.0086129572196074,19.259279939961278,8.269279939961278,75.24367552285057
2440,3.9,1.9469417243023632,6.007224752526602,2.107224752526602,54.031403910938515
5831,17.9,2.9713746244014554,18.518732088670294,0.6187320886702956,3.4566038473200873
5853,13.5,2.4212929272435573,10.260408796451003,3.239591203548997,23.99697187814072
4844,9.0,2.2382224551964196,8.376649051328062,0.6233509486719377,6.926121651910419
6915,25.49,3.757021116413885,41.8206779852329,16.3306779852329,64.06699876513495
6092,21.69,3.045045114400529,20.010979079223603,1.6790209207763986,7.740990874948818
5461,23.2,2.9942180758247186,18.969738961794082,4.230261038205917,18.233883785370335
2585,5.7,1.8337737522847974,5.25745624746895,0.4425437525310505,7.763925483000886
543,9.9,1.9130447061775309,5.77368130286806,4.12631869713194,41.67998683971656
6112,17.0,3.038503200680664,19.87397568770741,2.8739756877074107,16.90573933945536
3794,16.5,2.474908864338772,10.880624315206632,5.6193756847933685,34.05682233208102
4119,7.799999,1.7618340636536545,4.823107556453988,2.9768914435460117,38.16527981024115
3153,12.0,1.953716840325597,6.054860700547119,5.945139299452881,49.542827495440676
1535,10.499,2.5346781702482204,11.612371158528205,1.1133711585282047,10.604544799773356
1832,14.5,2.953079440843918,18.16488006602375,3.6648800660237484,25.275034938094816
6746,33.79,3.6470744453130184,37.36227079883252,3.5722707988325197,10.571976320901214
3590,8.99,2.213525197886951,8.147907804417843,0.8420921955821576,9.366987715040684
3289,2.0,1.576169031363767,3.8363922087874434,1.8363922087874434,91.81961043937217
96,3.8,1.230533322985318,2.42305464328192,1.3769453567180796,36.23540412415999
6679,62.99,4.011030374043435,54.20372175143353,8.786278248566475,13.948687487801992
2094,5.7,1.9130447061775309,5.77368130286806,0.07368130286806007,1.2926544362817556
4773,8.0,2.2983899227875524,8.958136172274823,0.9581361722748234,11.976702153435292
2927,9.5,2.346130790193769,9.445077242995445,0.05492275700455451,0.5781342842584686
7038,44.5,3.492709688928667,31.87490789853954,12.62509210146046,28.370993486428
156,12.99,2.4599199249453303,10.7038743140816,2.2861256859183996,17.59911998397536
1022,6.4,1.9585756263603464,6.089222169107961,0.3107778308920395,4.855903607688116
5447,24.49,3.4532955273533563,30.604373956317062,6.114373956317063,24.966818931470247
4966,5.8,1.8909458296408168,5.625632437901593,0.1743675620984071,3.006337277558743
6458,49.5,3.951581996691305,51.017593437283224,1.5175934372832245,3.065845327844898
2716,12.5,2.4284424565883596,10.341203898895257,2.158796101104743,17.270368808837944
1287,15.0,2.7890017191896073,15.26477488199162,0.26477488199162025,1.765165879944135
696,18.0,2.928438594529858,17.69841188895579,0.3015881110442109,1.6754895058011716
425,25.0,3.202172106450757,23.585875378936915,1.4141246210630847,5.656498484252339
6872,47.39,3.657161145868504,37.75117763307356,9.63882236692644,20.33935928872429
712,10.9,2.6262055840200365,12.821226796152576,1.9212267961525757,17.62593390965666
4173,2.45,1.0239443410449425,1.7841547907296214,0.6658452092703788,27.177355480423625
1811,16.0,2.708314336788912,14.00396255860406,1.9960374413959396,12.475234008724623
5096,18.7,3.220798722778431,24.04811869659961,5.3481186965996095,28.599565222457805
6480,17.9,3.2168658335020313,23.949800682843506,6.049800682843507,33.79776917789669
447,31.49,3.356469377337055,27.687726331391424,3.8022736686085743,12.07454324740735
6748,15.899,2.6342137049686367,12.932353215018152,2.9666467849818474,18.659329423119992
4080,5.99,2.096233696988309,7.135471488304031,1.1454714883040307,19.123063243806858
1009,5.3,1.1747047769747974,2.2371871105809773,3.0628128894190225,57.78892244186835
592,1.5,1.143351087390856,2.1372640153272906,0.6372640153272906,42.484267688486035
6096,29.85,3.4460550594887875,30.37636992631251,0.5263699263125083,1.763383337730346
1242,8.5,1.8867361350869964,5.597799174983787,2.9022008250162132,34.143539117837804
3058,8.4,2.292309561781155,8.897770816952304,0.4977708169523041,5.9258430589560005
131,15.8,2.940088072141976,17.9175123447215,2.1175123447215007,13.401976865325954
2404,4.5,1.8699513988694587,5.4879810684092,0.9879810684091996,21.955134853537768
2306,8.95,2.2432579760276683,8.423984442104997,0.5260155578950023,5.877268803296116
6277,62.5,4.35508925758833,76.87377585205702,14.373775852057022,22.998041363291236
7103,20.89,2.9325962742541933,17.776315734340564,3.113684265659437,14.905142487599027
624,8.5,1.695762280456869,4.450799419835087,4.049200580164913,47.637653884293094
2986,6.0,1.857526698895239,5.407868567687691,0.5921314323123088,9.868857205205146
2127,8.3,2.0705105949738147,6.928870525907006,1.371129474092995,16.51963221798789
6539,43.9,3.5976953237751936,35.51398448461591,8.386015515384088,19.102541037321387
4739,3.9,1.7517484554102207,4.764673143504422,0.8646731435044219,22.171106243703125
3686,17.9,3.0066792803430955,19.220142890205455,1.3201428902054566,7.375099945281881
3844,6.0,2.017484676411536,6.5193874340930265,0.5193874340930265,8.656457234883774
2815,9.9,2.200931594745373,8.033425072067203,1.8665749279327972,18.854292201341387
2579,3.999999,1.6048980889758755,3.9773523298184124,0.022646670181587503,0.5661668960814116
1945,5.6,2.2647038313955425,8.628272586737223,3.0282725867372235,54.07629619173614
2436,6.99,1.7517484554102207,4.764673143504422,2.2253268564955784,31.835863469178516
93,6.5,1.9302406165770376,5.891168171407789,0.6088318285922112,9.366643516803249
6701,35.19,3.2053616526217636,23.66441835525119,11.525581644748808,32.75243434142884
1375,4.868,1.966690763129283,6.146986241262373,1.2789862412623725,26.273341028397134
3903,5.6,2.401441581008982,10.0390786418155,4.439078641815501,79.26926146099109
3477,13.5,2.27197075983884,8.698495397700414,4.801504602299586,35.56670075777471
6022,42.99,3.7617540600647055,42.02382620654639,0.9661737934536134,2.2474384588360397
2223,8.8,1.8785210326914827,5.543819606597373,3.2561803934026274,37.00204992502986
1087,13.9,2.7923550918058426,15.319408284571661,1.4194082845716611,10.211570392601878
2531,2.5,1.8337827795878907,5.257512735678056,2.7575127356780564,110.30050942712226
6729,78.99,4.13976579699636,61.78811456204701,17.20188543795299,21.777295148693494
6880,17.375,2.9496034545324967,18.09837885086929,0.7233788508692918,4.163331515794485
764,1.8,1.317782934632295,2.7351311607403757,0.9351311607403756,51.951731152243084
4669,6.5,1.8841223189757306,5.580576259773576,0.9194237402264243,14.144980618868066
476,12.99,2.692822095600451,13.773308836648603,0.7833088366486027,6.030091121236357
5594,56.5,3.9916060588986584,53.141774452013344,3.358225547986656,5.9437620318347895
2622,1.5,1.2460518564609182,2.4765897501486815,0.9765897501486815,65.10598334324543
5111,5.7,2.0345497166464623,6.648807219379606,0.9488072193796055,16.645740690870273
6466,21.6,3.1632216833658258,22.64665537984247,1.0466553798424698,4.845626758529953
4461,10.0,2.0973711279377283,7.1447302899885266,2.8552697100114734,28.55269710011473
6338,13.5,2.8273627285035037,15.900829921485776,2.4008299214857765,17.783925344339085
7034,23.29,2.9481762937545946,18.071141834075856,5.218858165924143,22.40815013277863
2181,20.0,2.9149155228890278,17.447253966201306,2.5527460337986945,12.763730168993472
6334,34.0,3.430227172443769,29.88365786885658,4.116342131143419,12.106888621010055
2620,10.0,1.947372385693578,6.010243143592676,3.9897568564073236,39.89756856407324
5170,8.9,2.684650165283162,13.653074329395965,4.7530743293959645,53.40532954377488
752,6.8,1.956091425431745,6.071632973406165,0.7283670265938351,10.711279802850516
2283,11.5,2.4359824341761445,10.427039514766506,1.0729604852334944,9.33009117594343
2799,8.0,1.879372081180894,5.549391084851346,2.4506089151486536,30.632611439358172
3049,14.9,3.000607838499484,19.09774939704227,4.197749397042271,28.17281474525014
351,3.5,1.9839801070722982,6.271627320983405,2.771627320983405,79.18935202809728
487,1.8,1.3514006962225475,2.8628323978717938,1.0628323978717937,59.04624432621076
927,5.0,1.8785210326914827,5.543819606597373,0.5438196065973733,10.876392131947465
3318,6.5,1.7847403458937616,4.958032719058554,1.5419672809414458,23.72257355294532
1061,18.0,2.6755321549323114,13.520074713370024,4.479925286629976,24.88847381461098
6018,39.39,3.778598032385731,42.75465610446316,3.364656104463158,8.54190430175973
2191,3.5,1.8453248862236702,5.330156036850967,1.8301560368509673,52.29017248145621
4608,2.1,1.5543782189887738,3.7321432534016363,1.6321432534016362,77.72110730483982
6128,27.9,2.955972057226541,18.220396967913473,9.679603032086526,34.69391767772949
561,12.99,2.5964328880464014,12.415796930594905,0.5742030694050957,4.420346954619674
3535,9.9,2.3366200075046564,9.346207293739457,0.553792706260543,5.593865719803465
5501,21.99,3.0493191163132334,20.100972222436393,1.889027777563605,8.590394622844952
2966,9.5,2.3454054119136347,9.437503358126937,0.062496641873062586,0.6578593881375009
6026,37.49,3.810215791484855,44.16018299787603,6.670182997876026,17.791899167447387
334,13.5,2.7915038605120595,15.30552260434504,1.8055226043450396,13.37424151366696
2225,6.8,1.859407423588704,5.419931344160583,1.380068655839417,20.295127291756135
4847,13.0,2.5078954328771492,11.279060740664473,1.7209392593355268,13.237994302580974
5507,25.5,3.0106300522723406,19.30018607521216,6.19981392478784,24.312995783481725
3213,12.5,1.8797570152940426,5.55191265418815,6.94808734581185,55.5846987664948
1103,7.9,2.357780332024069,9.567469127783493,1.6674691277834928,21.107204149158136
2110,26.99,3.0370570523355065,19.84381063913444,7.146189360865559,26.477174364081364
23,12.99,2.734836069446169,14.40721751519692,1.4172175151969206,10.910065551939342
4151,21.99,3.130238702960367,21.879440280794245,0.11055971920575303,0.5027727112585404
1005,3.2,1.1414794232112349,2.1313976023378816,1.0686023976621186,33.39382492694121
1643,9.7,2.3708921226486033,9.706939928250257,0.006939928250258021,0.07154565206451569
2550,59.7,3.9038019175789285,48.59063064390233,11.109369356097673,18.6086588879358
3038,8.69,1.9975806828455622,6.371201235752643,2.318798764247356,26.68353008339881
4030,1.7,1.6291965586378856,4.099775701361274,2.399775701361274,141.1632765506632
3817,7.999,2.1972978245927797,8.000659249452855,0.0016592494528557822,0.020743211062080037
1671,14.9,2.794810161757,15.359522795287969,0.4595227952879686,3.0840456059595205
1372,14.3,2.6262055840200365,12.821226796152576,1.4787732038474246,10.341071355576394
3203,30.99,3.4719372116015994,31.19905845521572,0.20905845521572175,0.6745997264140747
445,6.9,2.124485001437113,7.368586568107766,0.46858656810776544,6.791109682721238
5433,62.99,3.803537198488493,43.85958143107664,19.13041856892336,30.370564484717192
7125,59.999,4.23719279582213,68.21328305202519,8.214283052025188,13.690699931707506
3399,22.5,3.20786961453256,23.726353409953543,1.2263534099535427,5.450459599793523
3939,2.0,1.1490048698803328,2.1550516600369147,0.15505166003691473,7.7525830018457365
5206,20.49,3.145380161673683,22.228504382074696,1.738504382074698,8.484648033551478
6378,83.79,4.4547878583358465,85.0378966863897,1.2478966863896943,1.4893145797704908
2592,16.99,2.692822095600451,13.773308836648603,3.2166911633513955,18.93284969600586
3887,11.0,2.7926720385027988,15.324581486895124,4.324581486895124,39.314377153592034
3518,1.2,1.4325167800647653,3.1892293041761253,1.9892293041761253,165.76910868134377
4295,10.9,2.475854006770799,10.891858505484578,0.008141494515422565,0.07469261023323454
1128,10.8,1.9869359435410747,6.293152859519699,4.506847140480302,41.730066115558344
2570,7.5,1.9130447061775309,5.77368130286806,1.7263186971319398,23.017582628425863
5277,9.6,2.2608318153554676,8.591063843755679,1.0089361562443209,10.50975162754501
1783,10.6,2.294686110624449,8.92132132612178,1.6786786738782205,15.83659126300208
2523,18.0,2.811522665518858,15.63522883343935,2.364771166560651,13.137617592003615
4248,5.15,1.3313491353006108,2.786147969287521,2.3638520307124793,45.900039431310276
1844,6.49,1.9671925900008165,6.1505736910727915,0.3394263089272087,5.229989351728948
5291,7.9,1.8723872873048384,5.503804330489243,2.3961956695107576,30.33159075330073
6129,24.49,3.257158507829569,24.975622650142814,0.48562265014281536,1.982942630227911
6060,5.69,2.4146382373890174,10.185723049138431,4.495723049138431,79.01094989698473
2515,6.699,2.1229038969805223,7.355365413357202,0.6563654133572019,9.79796108907601
5040,17.5,2.684650165283162,13.653074329395965,3.846925670604035,21.98243240345163
6799,56.99,3.4465369938123773,30.39149492026377,26.59850507973623,46.67223211043382
3554,3.5,1.656910056328296,4.243084951643033,0.7430849516430333,21.230998618372382
3878,4.2,2.21338598750696,8.14663440933323,3.946634409333229,93.96748593650544
5945,29.7,3.3002992335826606,26.120753146701418,3.5792468532985815,12.05133620639253
2264,14.5,2.5938178588540595,12.380760061167324,2.119239938832676,14.615447854018454
2462,4.9,1.7152373474635882,4.55799453172702,0.34200546827298073,6.979703434142463
1775,6.6,2.3496722598550703,9.482133745671215,2.882133745671215,43.668693116230536
6861,28.05,3.1895603245196815,23.277750764401244,4.772249235598757,17.013366258819097
378,7.8,2.1935074690784107,7.966608124735025,0.16660812473502506,2.1360015991669883
6853,9.999,2.6448123075447794,13.080801974792301,3.0818019747923007,30.82110185810882
4913,1.6,0.9184880117458643,1.5054992391504758,0.0945007608495243,5.906297553095269
5246,8.2,2.474908864338772,10.880624315206632,2.6806243152066322,32.69054042934918
199,1.5,1.1367062889054098,2.1164866353504825,0.6164866353504825,41.09910902336551
2446,11.0,2.6843911174401294,13.649278973707718,2.649278973707718,24.0843543064338
2957,3.8,1.8767326897719798,5.532127471027461,1.7321274710274608,45.582301869143706
1328,11.49,2.615158615442022,12.669384381395645,1.1793843813956446,10.264441961667925
1193,10.5,2.292309561781155,8.897770816952304,1.6022291830476956,15.259325552835195
5686,12.75,2.633836728948115,12.927102041792029,0.17710204179202904,1.389035621898267
1075,9.3,2.5964328880464014,12.415796930594905,3.115796930594904,33.50319280209574
5427,3.4,1.5500722956625488,3.7118108137621,0.3118108137621003,9.170906287120598
6969,24.5,3.126578863582466,21.79585824601575,2.704141753984249,11.037313281568364
2063,10.5,2.720222267111217,14.183696706328622,3.6836967063286217,35.0828257745583
965,14.5,2.7923550918058426,15.319408284571661,0.8194082845716615,5.651091617735596
5060,9.49,2.292309561781155,8.897770816952304,0.5922291830476958,6.240560411461494
1467,9.4,2.259847447742424,8.58162735638151,0.8183726436184902,8.706091953388192
5975,18.46,3.125700718334073,21.7758489582303,3.3158489582302977,17.962345385862932
3296,51.0,3.303986379471542,26.220935900885696,24.779064099114304,48.58640019434177
5414,7.5,2.078428123831748,6.9918967638908605,0.5081032361091395,6.774709814788528
7126,29.95,3.3674093546156856,28.003292401127908,1.9467075988720914,6.499858426951892
5724,62.05,3.7463801788060374,41.367441529528385,20.682558470471612,33.33208456159809
2755,6.0,1.969694638949714,6.16848717732504,0.16848717732503982,2.8081196220839972
4022,6.5,2.0926933101225207,7.106719698161989,0.6067196981619887,9.334149202492133
3091,6.5,2.21456483250887,8.15742323151611,1.6574232315161108,25.498818946401702
2022,5.89,1.8735563842337262,5.511412354550341,0.3785876454496586,6.4276340483813
5090,8.6,2.470890190441471,10.832975766502882,2.232975766502882,25.964834494219563
2907,7.0,1.986679548666248,6.2912831722045555,0.7087168277954445,10.124526111363494
5744,42.345,3.535713565012122,33.319495169978744,9.025504830021255,21.31421615307889
5769,15.1,2.9637446327211223,18.370371041757657,3.2703710417576577,21.65808636925601
6155,18.49,2.8923202067595573,17.035106269820222,1.4548937301797764,7.868543700269208
6547,13.79,2.4345319512418233,10.410476803829162,3.3795231961708367,24.507057260122096
2850,6.699999,1.956091425431745,6.071632973406165,0.6283660265938353,9.378598811639156
2132,16.5,2.429189750238464,10.349682276077596,6.150317723922404,37.27465287225699
6114,86.19,4.578725887989719,96.3902290631671,10.2002290631671,11.834585291991067
6570,20.79,3.115062618519745,21.534841407726763,0.7448414077267635,3.5826907538564865
6434,31.0,3.5175996154822298,32.70343009732737,1.7034300973273702,5.494935797830227
4246,7.5,1.9357148605650298,5.928995551027623,1.571004448972377,20.946725986298357
1701,4.5,2.208881629511395,8.105527343472007,3.6055273434720068,80.12282985493349
6332,39.999,3.5521435414939946,33.88802131495324,6.11097868504676,15.277828658333355
3927,19.5,3.173018582381665,22.879457783467302,3.379457783467302,17.330552735729754
5780,66.99,4.2989584407213,72.62307095820734,5.633070958207341,8.408823642644188
547,12.4,2.494882037013258,11.120303687034356,1.279696312965644,10.320131556174548
6811,37.99,3.7364333579991773,40.94810914997138,2.958109149971378,7.7865468543600365
6203,33.3,3.7125207524177313,39.956918764177715,6.656918764177718,19.990747039572728
1263,19.9,2.8235996189471573,15.837349763205005,4.062650236794994,20.415327823090422
5231,2.299,1.4214380246496374,3.1430740010806515,0.8440740010806516,36.71483258289045
3011,13.29,2.508481783239871,11.286262683608232,2.003737316391767,15.077030221157015
5865,13.69,2.655369496978015,13.230243119865925,0.45975688013407456,3.358340979796016
1789,11.9,2.3882960339862804,9.894913554942697,2.0050864450573034,16.84946592485129
6610,21.49,3.3744607794737576,28.208529695400312,6.7185296954003135,31.26351649790746
3018,6.4,1.8108588448335465,5.11569761266089,1.2843023873391104,20.067224802173598
5494,26.59,3.2976060128518085,26.04780924319812,0.5421907568018796,2.03907768635532
4715,13.8,2.6747204444809562,13.508293399125542,0.2917066008744591,2.1138159483656453
2199,5.9,2.1858808533426948,7.8984833610199985,1.9984833610199981,33.872599339322
1244,2.5,0.9315987246031221,1.5385644005255323,0.9614355994744677,38.4574239789787
7130,10.89,3.212904325490988,23.85115736471724,12.961157364717238,119.01889223799115
5008,38.0,1.564399151294043,3.779802134994802,34.2201978650052,90.05315227632946
5482,12.726,2.5615006364850763,11.955243847406742,0.7707561525932594,6.0565468536324
4837,8.5,2.3295910096439063,9.273738813570388,0.7737388135703878,9.102809571416326
7202,35.29,3.609451455996511,35.94578086875383,0.6557808687538298,1.85826259210493
6764,20.99,2.9663984319206436,18.42184438667441,2.5681556133255867,12.23513870093181
3915,5.2,1.8669542888290014,5.468564985808845,0.2685649858088448,5.164711265554708
6083,32.299,3.4041615512324213,29.089057011943584,3.209942988056415,9.938211672362659
518,13.29,2.8531750936059934,16.342759399412486,3.052759399412487,22.970349130267024
611,12.5,2.4386768097803895,10.457869766751822,2.0421302332481783,16.337041865985427
5806,11.22,2.416137095098099,10.202501427421948,1.0174985725780523,9.068614728859647
5672,16.5,2.829248972381985,15.932739093245537,0.5672609067544627,3.437944889420986
2288,7.5,1.9176737168999145,5.805109430699945,1.694890569300055,22.598540924000734
957,10.99,2.4259263946663046,10.312704595655557,0.6772954043444432,6.162833524517227
4401,6.15,2.2310046652466586,8.309214026724801,2.1592140267248006,35.10917116625692
491,25.8,2.640135512055375,13.015102694428549,12.784897305571452,49.55386552547074
1330,4.9,2.017484676411536,6.5193874340930265,1.619387434093026,33.048723144755634
3458,21.5,2.9876552289732654,18.8391097419665,2.6608902580335005,12.376233758295353
323,5.89,1.333447081975084,2.794099443797049,3.0959005562029507,52.561978882902395
5362,7.2,2.116090040176166,7.298626674229414,0.09862667422941396,1.3698149198529717
7010,22.79,3.033083820037455,19.76115764599344,3.02884235400656,13.290225335702328
4247,10.5,2.486950304071755,11.02454892762151,0.5245489276215096,4.995704072585807
2031,4.75,1.431719184546128,3.185889325809521,1.564110674190479,32.92864577243114
5516,32.0,3.8329732878422162,45.19969922763802,13.199699227638021,41.249060086368814
1153,6.3,1.766558973389143,4.850686316306292,1.449313683693708,23.004979106249333
6685,15.7,2.8759149552145185,16.741649512312193,1.041649512312194,6.634710269504421
7286,6.6,2.1232180278779227,7.357990504082075,0.7579905040820751,11.484704607304169
6854,21.69,3.1432692915196387,22.179523739526942,0.48952373952694117,2.256909818012638
1606,6.4,2.025716242774603,6.581539223111091,0.1815392231110904,2.8365503611107874
324,23.9,2.990630767543973,18.898229691437376,5.001770308562623,20.927909240847796
2083,7.99,2.012020517042672,6.478412351935933,1.5115876480640669,18.91849371794827
2687,10.8,2.3276606872970227,9.253926314359514,1.5460736856404864,14.315497089263761
6858,35.35,3.4968225667298007,32.01039681112872,3.33960318887128,9.447250887896123
586,7.89,1.9398833172636518,5.957939051901824,1.9320609480981759,24.48746448793632
4125,9.8,2.599325940994381,12.454665739104781,2.6546657391047805,27.088425909232456
3245,8.99,2.500121668362385,11.183976274966984,2.1939762749669836,24.404630422324622
4556,4.4,2.01015767892859,6.464494247986028,2.064494247986028,46.920323817864265
706,24.9,3.2051749040793336,23.659812741132708,1.2401872588672909,4.980671722358599
1978,6.4,2.06218924679861,6.863165390424111,0.46316539042411087,7.236959225376732
4160,7.4,1.3172109672547117,2.732995398416851,4.66700460158315,63.06762975112365
4995,4.39,1.4384754323185496,3.214265983164564,1.1757340168354355,26.782096055476895
6812,9.8,2.473123265428594,10.859429213983457,1.0594292139834565,10.810502183504656
6202,17.34,2.894955838233094,17.082702859515773,0.25729714048422636,1.4838358736114554
5939,27.79,3.0652802378535395,20.440469576538348,7.349530423461651,26.44667298834707
6218,29.3,3.280768148516858,25.596194682811507,3.7038053171884933,12.64097377880032
4453,9.5,2.1932934999163978,7.9646897523520614,1.5353102476479386,16.161160501557248
3801,8.9,2.3295910096439063,9.273738813570388,0.3737388135703874,4.199312512026824
2572,56.99,3.477990757585243,31.394568102480335,25.595431897519667,44.912145810703045
208,2.25,1.4905028028625247,3.439327064298583,1.189327064298583,52.85898063549257
3682,29.8,3.1575579958882387,22.51310665997764,7.28689334002236,24.45266221484013
747,2.5,1.6028039947512345,3.9669401908555395,1.4669401908555395,58.67760763422159
5101,9.9,1.9754475761169348,6.2098458865998625,3.690154113400138,37.27428397373876
6260,40.99,3.7788950232316356,42.767652766641206,1.7776527666412036,4.336796210395715
798,5.0,1.4435057388281056,3.235518441147243,1.764481558852757,35.289631177055135
88,6.99,2.5392980212690657,11.670773234873186,4.680773234873186,66.96385171492398
734,1.7,1.8426526296190577,5.313262817135054,3.6132628171350536,212.5448715961796
1221,4.8,2.0980723460291757,7.150443525095632,2.350443525095632,48.96757343949234
3574,14.5,2.3496722598550703,9.482133745671215,5.017866254328785,34.60597416778472
1480,6.9,1.769433968078839,4.867531211285803,2.0324687887141977,29.45606940165504
3936,10.49,2.9875214872670264,18.836456603000965,8.346456603000965,79.56583987608164
6199,28.99,3.208130034406496,23.73279348231648,5.257206517683517,18.134551630505406
852,13.5,2.4326364051038216,10.388868205108977,3.1111317948910227,23.045420702896465
486,7.89,1.992241903010852,6.3319528776322676,1.5580471223677321,19.74711181708152
2678,3.6,1.5799949618947622,3.8549313515207464,0.2549313515207463,7.081426431131842
3195,4.0,1.6101409504565478,4.003516426058011,0.0035164260580113904,0.08791065145028476
1430,8.4,2.2866997390712864,8.842401528598305,0.44240152859830495,5.266684864265534
1536,14.9,2.9472611596261977,18.053697164639626,3.1536971646396257,21.16575278281628
1891,6.0,2.374600742994292,9.746721625518171,3.7467216255181715,62.44536042530285
6513,39.99,2.9590244809543518,18.27915539586368,21.710844604136323,54.29068418138615
1919,5.6,2.1791191410085236,7.83851734128414,2.2385173412841404,39.97352395150251
4302,14.8,2.8023330435504734,15.483057637875852,0.6830576378758515,4.615254309971969
198,5.0,1.4772344161069537,3.3808134052464354,1.6191865947535646,32.38373189507129
4629,6.6,1.9112205311846764,5.761336186075786,0.8386638139242137,12.707027483700209
2882,3.85,2.124267237788978,7.366764392575957,3.5167643925759573,91.34452967729759
1057,8.9,2.3496722598550703,9.482133745671215,0.5821337456712143,6.540828603047352
73,7.0,2.1393183461923897,7.493645929055228,0.4936459290552282,7.052084700788974
548,27.8,3.1991888711008225,23.512639221059853,4.2873607789401476,15.422161075324272
6352,13.69,2.80019762414716,15.447896951537025,1.7578969515370257,12.840737410789085
2963,4.0,1.813811561561924,5.133782221531787,1.1337822215317868,28.34455553829467
6569,27.3,3.68198799355571,38.72528924405867,11.425289244058671,41.85087635186326
1512,34.99,2.9752580237161026,18.594678489141703,16.3953215108583,46.85716350631123
3912,10.9,2.3654076374467135,9.648378610787328,1.2516213892126729,11.482765038648376
1582,1.9,1.1818598082406686,2.2604323465970166,0.36043234659701673,18.970123505106145
6697,15.44,2.9481762937545946,18.071141834075856,2.631141834075857,17.041074054895446
5822,10.08,2.425519012030796,10.308096934846875,0.22809693484687443,2.262866417131691
2865,6.9,2.017484676411536,6.5193874340930265,0.3806125659069739,5.516124143579332
3647,10.8,2.451811734055217,10.609360751789481,0.1906392482105197,1.7651782241714784
5349,20.499,2.6728823872771623,13.481650818722835,7.017349181277163,34.232641500937426
4428,3.0,1.3550662685687063,2.8770178725456224,0.12298212745437764,4.099404248479255
6213,25.55,3.096827005952011,21.127628939334343,4.422371060665657,17.30869299673447
4359,28.8,3.5366524246311837,33.351731488461354,4.551731488461353,15.804623223824144
1452,3.6,1.9008810520264408,5.691787658860195,2.0917876588601954,58.10521274611654
7037,24.89,3.0838197496334425,20.841672980920475,4.048327019079526,16.264873519805246
2020,1.9,1.2573655886728548,2.5161462997599946,0.6161462997599947,32.42875261894709
4903,29.49,3.387150378508188,28.581535869723076,0.9084641302769221,3.08058369032527
5220,6.9,1.9112205311846764,5.761336186075786,1.1386638139242145,16.502374114843686
6818,12.35,2.714085554397381,14.090804041030054,1.7408040410300547,14.095579279595585
4814,10.0,2.7447966580924,14.56144931565703,4.561449315657031,45.614493156570305
5267,8.8,2.3113385286266293,9.087918589805433,0.2879185898054324,3.271802156879913
2098,9.2,2.535079879913756,11.617438687697488,2.417438687697489,26.27650747497271
1880,13.5,2.288525424128248,8.860387066962327,4.639612933037673,34.36750320768647
937,9.5,2.292309561781155,8.897770816952304,0.6022291830476956,6.339254558396795
7120,29.999,3.3321141423366254,26.997469814845203,3.0015301851547953,10.005434131653706
2855,13.5,2.5283543590319666,11.532864561646369,1.9671354383536315,14.571373617434308
6139,14.99,3.0063212069354273,19.21290389086115,4.222903890861149,28.171473588133082
5985,12.49,2.562025550378766,11.962046020019653,0.5279539799803477,4.227013450603264
1295,7.0,2.4553621807839754,10.65065242726494,3.6506524272649408,52.15217753235629
1175,45.9,3.5356125580251807,33.31602883624319,12.583971163756807,27.416059180298056
2197,5.5,1.592534022692189,3.9161908968453094,1.5838091031546906,28.7965291482671
2614,41.9,3.5823371992218673,34.95748251480546,6.942517485194536,16.569254141275742
6148,27.36,2.963505337269554,18.365736354624065,8.994263645375934,32.87377063368397
4335,4.0,1.9800363012149504,6.24300591030317,2.24300591030317,56.075147757579245
4914,11.5,2.501939791284744,11.20614839122676,0.2938516087732399,2.5552313806368687
1321,7.2,1.8927901844959611,5.63786373121223,1.5621362687877705,21.696337066496813
1181,12.79,2.734836069446169,14.40721751519692,1.6172175151969217,12.644390267372335
6150,22.799,3.1045107497832714,21.298306854653482,1.500693145346517,6.582276175913493
3438,12.6,2.3444556826310494,9.427595261300235,3.1724047386997647,25.17781538650607
6343,34.99,3.314113129533283,26.497996006692365,8.492003993307637,24.26980278167373
4301,12.6,2.501939791284744,11.20614839122676,1.3938516087732395,11.06231435534317
620,7.9,2.1216466375622347,7.34486715239964,0.5551328476003601,7.026998070890633
6864,24.89,3.148614653379552,22.30375842551936,2.586241574480642,10.390685313301093
5159,16.0,2.5376761495439024,11.650239522052813,4.3497604779471875,27.18600298716992
2492,15.5,2.4678515277477744,10.797073918913133,4.702926081086867,30.341458587657204
478,14.0,2.7592447786785415,14.78791507464934,0.7879150746493409,5.627964818923863
3968,5.3,2.0196410201930832,6.535619312893426,1.2356193128934265,23.31357194138541
2276,3.7,1.9389307810852672,5.951314518782506,2.2513145187825057,60.84633834547313
5227,6.9,2.1736589035476004,7.790388454949232,0.8903884549492318,12.904180506510604
1897,12.5,1.771545933816595,4.8799363311523365,7.6200636688476635,60.96050935078131
7044,14.766,2.7633194070421427,14.852376199593515,0.08637619959351461,0.5849668129047447
2206,1.4,1.112802594412673,2.042874398196143,0.6428743981961431,45.91959987115308
1033,4.5,1.7987663854646192,5.042189132665987,0.5421891326659871,12.048647392577491
5948,10.59,2.1808306560775077,7.853657549552693,2.7363424504473066,25.83892776626352
286,12.3,2.940088072141976,17.9175123447215,5.617512344721501,45.670832070906506
550,3.2,1.2445232178750554,2.4712793607765207,0.7287206392234795,22.772519975733736
7008,10.099,2.462817793688027,10.737839795609291,0.6388397956092913,6.325772805320243
5668,25.79,3.392008604424295,28.72559931695709,2.9355993169570915,11.382703826898377
5015,2.5,1.0632806124741112,1.8958556031050495,0.6041443968949505,24.16577587579802
2825,12.5,2.537983505254739,11.654128242993048,0.845871757006952,6.766974056055616
1055,10.799,2.3396636214397084,9.377745124578217,1.4212548754217824,13.16098597482899
2091,6.5,1.8492957523830496,5.355342211611651,1.1446577883883489,17.610119821359213
6540,25.79,3.1432692915196387,22.179523739526942,3.6104762604730567,13.999520203462804
2571,3.5,1.4530608795610158,3.276183386171134,0.2238166138288662,6.394760395110463
1677,10.3,2.0706372137756714,6.929874533554854,3.3701254664451463,32.71966472276841
1174,1.8,0.9315987246031221,1.5385644005255323,0.2614355994744677,14.52419997080376
6021,78.2,4.217863070281789,66.88825674080518,11.311743259194827,14.465144832729957
5916,12.54,3.012388953931423,19.335923526297016,6.795923526297017,54.193967514330275
5389,3.9,1.6419639199579463,4.1653038007347645,0.26530380073476456,6.802661557301655
2087,14.0,2.576352386494025,12.149087788135216,1.8509122118647845,13.220801513319888
1370,46.5,3.477990757585243,31.394568102480335,15.105431897519665,32.48479977961218
6314,16.899,2.991304662224914,18.911643521833412,2.012643521833411,11.90983798942784
2934,5.0,1.8249095955361478,5.202234284093634,0.20223428409363375,4.044685681872675
3107,16.99,2.758488638000629,14.775981702064763,2.214018297935235,13.031302518747706
1188,7.8,1.9027977318075926,5.704625972503485,2.095374027496515,26.863769583288654
2029,6.699999,2.169858445686116,7.757044355596108,1.0570453555961077,15.776798706926787
4209,4.888888,1.8841223189757306,5.580576259773576,0.6916882597735761,14.148171522308878
5027,4.5,1.8734324069050192,5.510605137079882,1.0106051370798816,22.45789193510848
7009,23.5,3.395095988785592,28.8175154846762,5.3175154846762,22.627725466707233
7093,40.9,3.832562899274087,45.18074328914026,4.280743289140261,10.466365010122889
3956,7.2,2.441057066648471,10.485174923709682,3.2851749237096817,45.627429495967796
833,9.0,2.086734792679169,7.058559292231756,1.941440707768244,21.571563419647156
1393,5.4,2.123360652658333,7.359182645654835,1.9591826456548347,36.281160104719156
549,24.9,3.136742903611497,22.028737755200417,2.8712622447995813,11.531173673893901
1020,5.5,1.9130447061775309,5.77368130286806,0.27368130286806025,4.976023688510186
248,3.6,1.5358128197593532,3.6450996246758924,0.04509962467589235,1.2527673521081206
2648,6.5,1.5917186955342817,3.912184226489188,2.587815773510812,39.812550361704794
296,6.3,2.035651526155063,6.657239392374521,0.3572393923745212,5.67046654562732
1559,7.39,1.7364467431184567,4.677135221675269,2.7128647783247306,36.70994287313573
1563,12.8,2.5130710848944697,11.342777632152726,1.4572223678472742,11.38454974880683
6766,13.69,2.715352626992013,14.109937304318356,0.4199373043183563,3.0674748306673214
3260,9.7,2.380853498012568,9.81412876363509,0.11412876363509028,1.1765851921143329
100,1.4,1.076805715851654,1.9352884148175877,0.5352884148175878,38.234886772684845
4204,43.5,3.550183153293084,33.819694245287316,9.680305754712684,22.253576447615366
3197,7.0,1.573161016270184,3.821866126315437,3.178133873684563,45.40191248120804
2937,17.5,2.717715840074312,14.145687531893303,3.3543124681066967,19.167499817752553
7017,15.99,2.6411230812691926,13.028950415043875,2.9610495849561254,18.518133739563012
1499,6.0,1.9210642156109992,5.828221303701163,0.17177869629883702,2.8629782716472834
4872,7.0,2.2248843030290146,8.252412265905612,1.2524122659056118,17.891603798651598
1656,5.0,1.880852338808721,5.559093049894652,0.5590930498946518,11.181860997893036
6788,13.29,2.7502728911726866,14.646901202850145,1.3569012028501461,10.209941330700875
346,4.0,1.5358128197593532,3.6450996246758924,0.35490037532410756,8.872509383102688
1718,7.5,2.1935074690784107,7.966608124735025,0.4666081247350249,6.221441663133665
1665,1.7,1.1683036014779873,2.2165314884317007,0.5165314884317007,30.38420520186475
681,6.0,2.0054225432877955,6.429232405919732,0.42923240591973233,7.153873431995539
6514,69.99,3.9152994588221253,49.16409134172035,20.825908658279644,29.755548875953203
3898,3.9,1.7915065024105052,4.998482391055147,1.0984823910551467,28.166215155260172
6186,20.45,3.1841773020976354,23.147414204720512,2.6974142047205127,13.190289509635761
6408,54.999,3.8919627935780974,48.00698277540118,6.9920172245988255,12.7129897354476
7289,23.79,3.219375079373665,24.01248447884344,0.22248447884344102,0.9352016765171965
5761,17.75,2.779108504070585,15.104657309979963,2.645342690020037,14.903339098704432
7063,49.59,3.767691264779307,42.28002727684258,7.309972723157422,14.740820171722971
1793,3.8,1.8904003916352687,5.622019551551501,1.8220195515515014,47.94788293556583
3542,5.9,2.171623801148487,7.772517305293189,1.8725173052931883,31.737581445647255
6741,18.8,3.0980362887144968,21.154403685441956,2.354403685441955,12.523423858733803
1706,6.2,2.1284301550199776,7.401667138449611,1.2016671384496105,19.381728039509845
1414,5.6,1.7857132353694258,4.963832046981712,0.6361679530182878,11.36014201818371
4761,2.9,1.4738077046700238,3.365827313018764,0.46582731301876423,16.06301079375049
3066,8.8,1.9130447061775309,5.77368130286806,3.0263186971319405,34.38998519468114
2991,8.0,2.098233237746794,7.151754969451174,0.848245030548826,10.603062881860325
6041,9.75,2.3340943312895965,9.320109095734013,0.42989090426598686,4.409137479651147
84,37.9,3.3325471509106364,27.00959558441728,10.890404415582719,28.734576294413504
5327,9.5,2.136016304292903,7.465645808545201,2.034354191454799,21.414254646892623
3207,9.0,2.4831480981668235,10.978915924696828,1.9789159246968282,21.987954718853647
5025,3.99,1.5500967571347897,3.7119260730012247,0.27807392699877553,6.96927135335277
1561,1.2,1.037769372841832,1.8229131194764072,0.6229131194764073,51.90942662303394
6072,8.39,3.5435628350167008,33.58993815547438,25.199938155474378,300.3568314120903
2948,8.9,2.5346781702482204,11.612371158528205,2.712371158528205,30.476080432901178
3528,7.8,2.123360652658333,7.359182645654835,0.4408173543451648,5.6515045428867285
1297,5.0,1.8831109569199074,5.573924278986471,0.5739242789864711,11.478485579729423
4866,8.499,2.204347776220907,8.064337662905862,0.4346623370941387,5.114276233605585
6289,13.28,2.674411940027802,13.503818216346643,0.22381821634664334,1.6853781351403867
4506,14.2,2.575225123249662,12.134273656056761,2.065726343943238,14.54736861931858
1912,18.5,2.7617001748939964,14.826728292987958,3.6732717070120415,19.85552274060563
6456,79.99,3.9490402249706746,50.88554447955532,29.104455520444674,36.38511754024837
5998,9.494,2.338970156725307,9.370551019236677,0.12344898076332278,1.3002841875218325
6127,18.99,2.9415853756793338,17.94585881921565,1.0441411807843473,5.4983737798017245
6875,44.199,3.3727346508995546,28.158155506353758,16.04084449364624,36.292324472604
1817,12.2,2.3389526280253556,9.370369238552723,2.8296307614472767,23.193694765961283
3722,7.6,2.2067796759487135,8.08640804880649,0.48640804880649036,6.400105905348558
5451,9.79,2.534993692806688,11.61635127401958,1.826351274019581,18.65527348334608
6187,36.99,3.5691887570626943,34.48779225012055,2.502207749879453,6.764551905594628
7164,8.99,2.5816289327893793,12.218652929031926,3.2286529290319255,35.91382568444856
3089,1.2,1.1016630799744842,2.009166349118708,0.8091663491187082,67.43052909322569
4845,6.0,1.8972515312345912,5.667543700008735,0.33245629999126525,5.5409383331877535
3142,3.2,1.246201097969551,2.477108640366908,0.7228913596330924,22.590354988534138
1623,5.5,1.868697441830674,5.479850517627036,0.020149482372963767,0.3663542249629776
6834,18.38,2.956277702046227,18.226272480543283,0.1537275194567158,0.8363847630942102
5459,16.79,3.182367440631014,23.10375025500168,6.313750255001679,37.6042302263352
5605,47.95,3.807809651067018,44.05165187920538,3.8983481207946227,8.130027363492434
6392,26.4,3.3915063706226993,28.7106738645545,2.310673864554502,8.752552517251903
1199,2.0,1.4538437503797255,3.279532396109648,1.2795323961096479,63.97661980548239
373,6.0,1.6091630737425069,3.9986259953655,2.0013740046345,33.356233410575
2457,5.7,1.8927901844959611,5.63786373121223,0.062136268787770454,1.090109978732815
5260,4.99,1.7364467431184567,4.677135221675269,0.31286477832473114,6.26983523696856
3819,21.09,3.1286012410678694,21.842006725587,0.7520067255870018,3.565702824025613
7284,23.3,3.3522136235837743,27.565897852261212,4.265897852261212,18.308574473224084
1317,8.0,2.320602780569033,9.181809853830552,1.1818098538305524,14.772623172881904
1446,13.0,2.749303893653805,14.631746737911643,1.6317467379116426,12.551897983935712
3799,18.9,2.92680970226539,17.667978983163387,1.2320210168366117,6.518629718712232
3482,3.7,1.7579208557621127,4.80036505310426,1.1003650531042597,29.739596029844854
1488,6.399,1.9975806828455622,6.371201235752643,0.027798764247356722,0.4344235700477687
4486,4.0,1.5466322479330397,3.695629807344605,0.3043701926553952,7.6092548163848805
6067,102.0,4.261550936986831,69.91989048406059,32.08010951593941,31.451087760724917
812,5.123,1.4971135408194327,3.4687715097509244,1.6542284902490758,32.29023014345258
3580,34.5,3.3629893250431766,27.87537988780913,6.624620112190868,19.201797426640198
4317,3.95,1.3764120887419158,2.9606655872919756,0.9893344127080246,25.046440828051253
3366,3.9,1.3707155913145543,2.938167806077605,0.9618321939223948,24.66236394672807
3651,4.0,1.564399151294043,3.779802134994802,0.2201978650051979,5.504946625129947
6684,40.5,3.4437179589008426,30.303125816474747,10.196874183525253,25.17746711981544
1511,3.5,1.2774286738830298,2.5874034717089383,0.9125965282910617,26.074186522601767
7149,18.29,2.924192191712684,17.619179245952875,0.6708207540471243,3.6676913835271967
1801,3.4,1.3837791743693082,2.989951894725461,0.41004810527453905,12.06023839042762
4516,4.6,1.8927901844959611,5.63786373121223,1.03786373121223,22.56225502635283
921,7.8,2.2608318153554676,8.591063843755679,0.791063843755679,10.141844150713833
322,15.0,2.7961906608982847,15.382122698442945,0.3821226984429451,2.5474846562863007
3838,2.5,1.3376262268908776,2.8099887138528574,0.3099887138528574,12.399548554114297
5634,27.49,3.332407821684986,27.005693301011103,0.48430669898889533,1.7617559075623697
7262,9.08,2.499584543510195,11.177433715754077,2.097433715754077,23.099490261608775
4402,6.85,1.9298885601302294,5.888742518235477,0.9612574817645223,14.03295593816821
6217,10.45,2.5014973793364104,11.200749439703738,0.7507494397037391,7.184205164629083
1569,5.9,2.140569353778602,7.504278193682289,1.6042781936822887,27.191155825123538
4661,17.5,2.881324890175961,16.837890777046436,0.6621092229535641,3.7834812740203665
231,12.9,2.4450505858912166,10.531132896719722,2.3688671032802784,18.363310878141693
1545,1.8,1.2752455311815412,2.579580200768025,0.7795802007680248,43.31001115377916
1420,1.0,1.078088903595507,1.9390573585502051,0.9390573585502051,93.90573585502051
1079,5.9,2.287923082661856,8.854449535347491,2.954449535347491,50.0754158533473
3103,7.9,1.9559366067903359,6.070538237541625,1.8294617624583758,23.157743828587034
1115,4.75,1.9585756263603464,6.089222169107961,1.3392221691079609,28.194150928588652
6946,14.45,2.8062399079414133,15.547580668108619,1.0975806681086198,7.595713966149618
1941,10.9,2.3389526280253556,9.370369238552723,1.5296307614472777,14.03330973804842
1867,10.95,2.258184864167305,8.565710335471104,2.384289664528895,21.77433483588032
2586,6.65,2.3084211581369822,9.058531281485674,2.408531281485674,36.21851551106276
2751,11.5,2.346661938654124,9.450626603327981,2.049373396672019,17.820638231930598
1425,9.59,2.292309561781155,8.897770816952304,0.6922291830476954,7.218239656388898
5395,14.5,2.5674345910457657,12.03234821638226,2.4676517836177396,17.018288162880964
4053,32.5,3.1703679130983438,22.81624505325075,9.68375494674925,29.79616906692077
7283,16.95,2.902463845120926,17.21897885754376,0.26897885754376105,1.5868959147124546
4333,4.49,2.003438877093186,6.414509895844653,1.9245098958446532,42.86213576491432
1618,9.0,2.670669625752521,13.449641806194071,4.449641806194071,49.44046451326746
2402,16.8,2.8231336890386145,15.82950656570177,0.9704934342982305,5.776746632727563
265,15.3,2.734538745617958,14.402637263245992,0.8973627367540082,5.865115926496785
0,9.99,2.292309561781155,8.897770816952304,1.0922291830476958,10.93322505553249
4015,16.5,2.547005034863226,11.768804334714838,4.731195665285162,28.673913122940377
5187,3.5,1.4862368976078173,3.4204296515915456,0.07957034840845445,2.2734385259558416
838,1.2,1.4805509212201953,3.3953665146966596,2.1953665146966594,182.94720955805496
14,21.9,2.8026094308203686,15.487613974803669,6.41238602519633,29.28030148491475
3263,2.6,1.11511900792909,2.049931123572508,0.5500688764274919,21.156495247211225
4912,21.0,2.7038196923948834,13.936676409333852,7.063323590666148,33.63487424126737
6477,29.155,3.4888387488850903,31.747897085343567,2.5928970853435658,8.893490260139139
8,16.5,2.696418360894466,13.826533221636748,2.6734667783632524,16.20282895977729
1039,8.5,2.7178299977311395,14.14741662678582,5.6474166267858195,66.44019560924494
2759,11.9,2.451811734055217,10.609360751789481,1.2906392482105193,10.845707968155624
3992,15.5,2.744144618295159,14.551305938702574,0.9486940612974255,6.120606847080165
6472,12.99,2.9643998092969186,18.38306621346414,5.39306621346414,41.51706091966235
4141,32.79,3.4555938621401885,30.67709492495147,2.1129050750485305,6.443748322807352
6629,18.1,3.016262601055046,19.414850486875288,1.3148504868752866,7.2643673308026875
339,4.1,1.4928651209549955,3.44982656363685,0.6501734363631497,15.857888691784142
1956,3.3,1.4973019830298147,3.4696136942809783,0.1696136942809785,5.13980891760541
4220,6.5,1.7917836802446883,5.000145267858334,1.4998547321416664,23.074688186794866
2770,29.999999,2.60303735408368,12.504694342621072,17.495304657378927,58.3176841351859
1090,23.5,3.316407439137188,26.56115735115223,3.0611573511522288,13.026201494264802
4512,8.999,2.0022090575375326,6.405396991341813,2.593603008658188,28.821013542151213
1883,6.0,2.1725744680872836,7.780861012880429,1.780861012880429,29.681016881340483
622,5.3,2.083442019379905,7.03206792233722,1.7320679223372197,32.680526836551316
7220,12.5,2.6830814743799944,13.630106204646165,1.1301062046461645,9.040849637169316
5192,3.8,2.0980723460291757,7.150443525095632,3.350443525095632,88.16956644988507
5045,2.8,1.909605847023424,5.750427572979704,2.950427572979704,105.37241332070373
4331,16.5,3.003174067559251,19.14939105940756,2.6493910594075594,16.056915511560966
4952,4.7,1.4284261201923394,3.172127594451614,1.5278724055483863,32.50792352230609
3032,8.4,2.074484449778737,6.960441393620172,1.439558606379828,17.137602456902716
4568,5.999,1.8785210326914827,5.543819606597373,0.4551803934026264,7.5876044907922395
889,4.5,2.1280748364388478,7.398682400300716,2.898682400300716,64.41516445112703
1507,3.1,1.303346526516283,2.681596635819217,0.41840336418078294,13.496882715509125
3688,10.0,2.1126952137067625,7.270502042868534,2.729497957131466,27.29497957131466
196,1.9,0.892595471125137,1.4414581691758257,0.4585418308241742,24.133780569693382
5533,12.99,2.6257774052470926,12.815310107013165,0.17468989298683546,1.3448028713382252
3980,11.2,2.6262055840200365,12.821226796152576,1.6212267961525768,14.475239251362293
2789,3.8,1.7323712156740168,4.654044985679365,0.8540449856793648,22.474868044193812
6575,38.0,2.8288794034842764,15.92648243572788,22.07351756427212,58.08820411650558
4236,21.5,2.576453962005308,12.150423481285909,9.349576518714091,43.48640241262368
432,4.2,1.9449802221386185,5.993493537319406,1.7934935373194056,42.70222707903347
2598,10.9,2.48429377575698,10.992647764854887,0.09264776485488646,0.8499794940815271
6091,28.99,3.2087529498902416,23.748204721784415,5.241795278215584,18.081391094224163
1694,23.5,3.2812288942667083,25.608451589915898,2.108451589915898,8.972134425174035
5357,29.9,3.4475803624164985,30.42426491311802,0.5242649131180208,1.7533943582542504
1108,13.9,2.794810161757,15.359522795287969,1.4595227952879686,10.500163994877472
6353,37.5,3.798294501289676,43.62501165559959,6.125011655599593,16.333364414932248
6690,60.89,3.777053915245039,42.687145925213336,18.202854074786664,29.894652775146437
6262,110.99,4.495422087963564,88.60598261096926,22.38401738903073,20.16759833230988
4825,1.65,1.3566560310785878,2.883186312087352,1.2331863120873523,74.73856436893045
1277,4.6,1.7964271518571957,5.028071559373026,0.4280715593730262,9.305903464631006
1195,5.9,1.8735563842337262,5.511412354550341,0.3885876454496593,6.586231278807785
6062,18.19,3.2254615547240033,24.16518658647551,5.975186586475509,32.848744290684486
604,9.0,2.283253469718123,8.80854034274576,0.1914596572542404,2.1273295250471156
3742,6.2,1.562626042255693,3.771334533836244,2.428665466163756,39.17202364780252
1593,17.9,2.984709837111049,18.780761760595986,0.8807617605959877,4.920456763106077
1219,19.4,3.1644147292602334,22.674883760488424,3.274883760488425,16.880844126228997
2229,7.0,2.1198014679593076,7.329483654135879,0.32948365413587943,4.7069093447982775
4519,4.1,1.4701154794985356,3.3497374175566046,0.750262582443395,18.299087376668176
1652,3.3,1.4540206282391483,3.2802894175873982,0.019710582412601596,0.5972903761394424
4657,5.9,1.939461380813487,5.955003863072925,0.055003863072924375,0.9322688656427859
4865,5.9,1.6021261198450578,3.963574367672102,1.9364256323278983,32.82077342928641
6264,11.09,2.440499510394311,10.478773077461396,0.611226922538604,5.511514179789035
4955,38.0,3.598382008987121,35.539066708600586,2.4609332913994137,6.476140240524773
1158,12.0,2.372599681883377,9.725238280715143,2.2747617192848573,18.95634766070714
4818,10.8,2.4588904329393135,10.691831469105782,0.1081685308942184,1.001560471242763
3256,8.8,2.2416648394964467,8.408982701304238,0.39101729869576296,4.443378394270034
5728,38.699,3.6898014647851096,39.03689743414706,0.3378974341470595,0.873142546699035
4650,17.5,2.940088072141976,17.9175123447215,0.41751234472150145,2.385784826980008
7219,15.49,2.898617651660834,17.149039726145844,1.6590397261458438,10.71039203451158
5702,14.19,2.6610871528784292,13.3118398019864,0.8781601980135996,6.188584904958418
2807,4.59,1.329389151039616,2.778734446425262,1.8112655535747377,39.46112317156292
2851,8.6,2.575260905599388,12.134743639638627,3.534743639638627,41.10167022835613
4559,10.49,2.2588633653907992,8.572202883989295,1.9177971160107052,18.282146005821783
2995,6.5,2.0247105777402936,6.573918566764245,0.07391856676424524,1.137208719449927
904,5.95,1.7382729231008893,4.687512164573488,1.262487835426512,21.21828294834474
6841,21.169,2.9692874188085954,18.47803496829242,2.690965031707581,12.711819319323448
2357,23.8,3.2019796256055315,23.581143524273667,0.2188564757263336,0.9195650240602251
3383,12.8,2.4792676847284287,10.932522848736985,1.8674771512630155,14.589665244242308
3470,9.0,2.6644813983303894,13.360500235152793,4.360500235152793,48.45000261280881
1616,7.8,2.292309561781155,8.897770816952304,1.0977708169523046,14.073984832721854
3575,5.8,2.0035776853275387,6.415539162305562,0.6155391623055619,10.612744177682103
6977,26.95,3.235032252991155,24.40719122354731,2.542808776452688,9.435283029509046
5006,10.9,2.3295910096439063,9.273738813570388,1.6262611864296126,14.919827398436814
3820,3.65,1.6198963104111483,4.052566390869802,0.40256639086980206,11.029216188213756
1860,7.5,1.8901271975198874,5.620210701872872,1.879789298127128,25.063857308361708
2088,4.99,1.576169031363767,3.8363922087874434,1.1536077912125569,23.118392609470074
7077,27.52,3.188085686556552,23.241976255172187,4.278023744827813,15.545144421612692
6930,27.699,3.266362096133517,25.2157951158659,2.4832048841341,8.96496221572656
5213,4.1,2.1457552457548075,7.548495014463088,3.448495014463088,84.10963449909971
2251,3.2,1.251658765743447,2.4961374232946487,0.7038625767053515,21.995705522042233
3784,14.0,2.9059094981918334,17.28186341496071,3.2818634149607107,23.441881535433648
3127,6.5,1.9130447061775309,5.77368130286806,0.7263186971319398,11.174133802029843
254,11.7,2.2608318153554676,8.591063843755679,3.1089361562443205,26.57210389952411
6705,16.78,2.806911686733853,15.558700716555801,1.2212992834441998,7.27830323864243
4989,2.999999,1.5358128197593532,3.6450996246758924,0.6451006246758926,21.503361323650193
221,14.85,2.8529169369591654,16.3382828286523,1.4882828286523004,10.022106590251182
267,2.9,1.2398415268239005,2.4550658861109524,0.44493411388904747,15.342555651346466
107,8.1,1.9176737168999145,5.805109430699945,2.2948905693000548,28.331982337037715
4800,5.5,1.5853154413506079,3.88083075155337,1.6191692484466298,29.439440880847815
1226,5.4,2.1497819538074694,7.5829867055560065,2.182986705556006,40.42567973251863
4938,4.9,1.894821266917039,5.651359480400177,0.7513594804001764,15.333866946942376
3418,9.5,2.266249381055068,8.643165065723887,0.8568349342761135,9.019315097643299
4154,8.5,1.8289457816330605,5.2273182435920456,3.2726817564079544,38.502138310681815
1758,6.99,2.2224223592758263,8.229661364536812,1.2396613645368113,17.734783469768402
2284,9.99,2.322964075737081,9.205880520030016,0.7841194799699842,7.849043843543385
2526,3.3,1.4721818762112129,3.3587349937365394,0.058734993736539565,1.7798482950466537
4004,15.0,1.9630734670573555,6.121180178229946,8.878819821770055,59.192132145133705
1210,15.5,3.0496044043838064,20.106992936867112,4.606992936867112,29.72253507656201
6664,11.5,2.7141412212957086,14.091644122666438,2.5916441226664375,22.536035849273368
2464,13.6,2.5559692706086232,11.883781478128684,1.7162185218713155,12.619253837289085
4240,13.5,2.503988204925831,11.231177258080866,2.2688227419191342,16.806094384586178
4198,14.5,2.600855086106012,12.475255613889466,2.024744386110534,13.9637543869692
376,4.5,1.6237030575264475,4.071836889088608,0.4281631109113917,9.514735798030927
755,1.8,1.285564922522604,2.6167105414548133,0.8167105414548133,45.37280785860073
291,12.49,2.692822095600451,13.773308836648603,1.2833088366486027,10.274690445545257
5091,1.7,1.6224601847515436,4.065537156794236,2.365537156794236,139.149244517308
1465,1.35,1.2239780251441097,2.4006888877545216,1.0506888877545215,77.82880650033492
188,4.7,1.857848761841599,5.409932637080783,0.709932637080783,15.104949725123044
1870,33.0,2.831169491673869,15.965289992648646,17.034710007351354,51.62033335561016
1201,8.7,2.4359824341761445,10.427039514766506,1.7270395147665063,19.851028905362142
1649,4.0,1.5078856591322412,3.5171698535042344,0.4828301464957656,12.07075366239414
6030,128.96,4.889423023313983,131.87688506473864,2.9168850647386364,2.2618525626075034
3706,30.49,3.2958574903197446,26.00055686225865,4.489443137741347,14.72431334123105
4176,6.5,1.9997453688979385,6.387174854954764,0.11282514504523622,1.7357714622344034
501,10.0,2.325923626154998,9.236130078455423,0.7638699215445772,7.638699215445772
6193,26.99,3.1241280856334273,21.74005906292969,5.24994093707031,19.451429926158987
2605,5.5,1.9585756263603464,6.089222169107961,0.5892221691079609,10.71313034741747
6874,64.89,4.345342238518532,76.1184258593021,11.228425859302106,17.303784649872256
3312,23.5,2.8801122102525603,16.816272235860065,6.683727764139935,28.441394741020996
2812,6.5,2.02587700489082,6.582758145376417,0.08275814537641679,1.2732022365602584
4763,5.5,2.1224116885179085,7.351253843750204,1.8512538437502037,33.65916079545825
6753,76.79,3.833442000448859,45.22135868472287,31.568641315277134,41.11035462335868
672,7.9,1.9130447061775309,5.77368130286806,2.12631869713194,26.915426545973926
4766,13.8,2.7788870407347313,15.101091113754741,1.3010911137547403,9.428196476483624
3753,7.35,2.027522635619487,6.595246838258495,0.7547531617415046,10.268750499884417
1374,12.8,2.5998350190945105,12.461516958532044,0.33848304146795627,2.644398761468408
7043,23.99,3.429940144465258,29.874794667023767,5.884794667023769,24.530198695388783
6988,15.58,2.833277785378027,16.001095537769356,0.4210955377693555,2.702795492742975
5718,79.99,4.471164881991382,86.45854257928116,6.468542579281163,8.086689060233983
1192,4.9,1.9349061239592595,5.92339408404529,1.0233940840452895,20.885593551944684
3053,52.9,3.7306488487455423,40.70616037652482,12.193839623475178,23.050736528308466
3950,2.8,1.1680131364091109,2.215597334067544,0.5844026659324557,20.87152378330199
216,13.0,2.5394501542679273,11.672701024239773,1.3272989757602272,10.209992121232517
4697,6.49,2.1441406337677216,7.534703648789501,1.0447036487895005,16.09712864082435
421,1.2,0.8531885451570224,1.3471188276002484,0.14711882760024841,12.259902300020702
505,3.9,1.8453248862236702,5.330156036850967,1.4301560368509674,36.67066761156327
4836,2.9,1.4274224382017853,3.1679422058736932,0.26794220587369333,9.239386409437701
6453,19.9,2.93123639013273,17.750799474224568,2.1492005257754307,10.800002642087593
6845,49.5,3.4794475654364683,31.441795155647547,18.058204844352453,36.48122190778273
6252,20.59,3.113885269791919,21.508325653071513,0.9183256530715127,4.460056595781995
506,16.3,2.749303893653805,14.631746737911643,1.6682532620883581,10.23468258949913
1807,8.9,1.9553878177177575,6.066659067939915,2.8333409320600857,31.835291371461636
4436,20.89,3.1457323616882737,22.236686902514307,1.346686902514307,6.446562482117314
1438,5.99,1.3338559875108469,2.795651189299894,3.1943488107001063,53.32802688981813
5520,76.49,4.29830496381273,72.57497569768073,3.9150243023192672,5.118347891645009
7069,41.599,3.349329069084805,27.48361669239207,14.115383307607928,33.93202554774857
4704,3.8,1.4248118243804613,3.1570755088908813,0.6429244911091185,16.91906555550312
1426,27.9,3.5288818479438033,33.08583315423624,5.185833154236242,18.587215606581513
2859,7.5,2.035651526155063,6.657239392374521,0.842760607625479,11.236808101673052
3016,5.0,1.7078023506565563,4.516824100796838,0.48317589920316184,9.663517984063237
2688,20.49,3.0370570523355065,19.84381063913444,0.6461893608655593,3.15368160500517
4664,12.0,1.8202022583680058,5.173106886150274,6.826893113849726,56.89077594874772
2280,2.95,1.5767358738204922,3.8391344583670763,0.8891344583670762,30.14015113108733
347,6.5,2.0049199423863184,6.425499405198581,0.07450059480141924,1.1461629969449114
4320,12.99,2.797186175639794,15.398439463528991,2.4084394635289907,18.54071950368738
333,11.5,2.0524866638343293,6.787241301372445,4.712758698627555,40.980510422848305
4386,6.5,2.0639503691284955,6.877025587745926,0.3770255877459263,5.800393657629636
3381,7.75,1.8995809039298774,5.683092997271557,2.066907002728443,26.669767777141196
5781,18.355,3.0851929217000387,20.871685957920384,2.5166859579203837,13.711173837757471
6380,15.89,2.782459184076084,15.158709368228887,0.7312906317711132,4.602206619075602
5832,83.49,4.524690109804036,91.26732865733648,7.777328657336483,9.315281659284325
6831,8.29,2.395176584049506,9.970135038924312,1.6801350389243126,20.26700891344165
3023,9.79,2.414391576795464,10.182964312301626,0.3929643123016273,4.013935774276071
6726,5.65,1.720800065043217,4.588998238099638,1.0610017619003624,18.77879224602411
746,14.5,2.743091544506176,14.534937885930377,0.03493788593037728,0.24095093745087778
3410,34.0,3.0546992516720395,20.214804250474685,13.785195749525315,40.54469338095681
5257,5.7,1.8822512756641616,5.56827522804665,0.1317247719533503,2.3109609114622858
3704,5.0,1.5993809712459606,3.9499673037015253,1.0500326962984747,21.000653925969495
3589,2.5,1.2581113078563029,2.5187693354099823,0.01876933540998227,0.7507734163992907
5019,7.8,2.0503499818906494,6.7706202068125485,1.0293797931874513,13.197176835736554
4038,24.2,3.0370570523355065,19.84381063913444,4.35618936086556,18.00078248291554
3608,9.3,2.023780483927773,6.566877386955244,2.733122613044757,29.388415194029644
6968,28.59,3.387896979611823,28.603629723672213,0.0136297236722136,0.04767304537325499
259,4.8,1.8823476080068111,5.5689079958640475,0.7689079958640477,16.018916580500996
1795,11.49,2.292309561781155,8.897770816952304,2.592229183047696,22.56074136682068
4210,20.0,2.822145365870373,15.812881791130984,4.187118208869016,20.93559104434508
3653,8.3,1.6830614273139737,4.382007400304923,3.9179925996950775,47.20473011680816
3265,4.59,1.9130447061775309,5.77368130286806,1.1836813028680604,25.78826367904271
3246,5.0,1.9837239911201954,6.269765179700977,1.2697651797009772,25.39530359401955
1730,25.0,2.678750003807829,13.566873374586972,11.433126625413028,45.73250650165211
599,11.5,2.8052359849601567,15.530976507635408,4.030976507635408,35.051969631612245
45,13.0,2.569053298302827,12.053460855998184,0.9465391440018163,7.2810703384755096
4651,23.5,2.5964328880464014,12.415796930594905,11.084203069405095,47.16682157193658
5070,6.0,1.9254537713688054,5.858260041965967,0.14173995803403283,2.3623326339005475
4575,6.0,1.5019061303489356,3.4902399007992537,2.5097600992007463,41.82933498667911
3921,14.2,2.1406403580791813,7.504882055445501,6.695117944554498,47.148717919397875
3881,2.686686,1.4967201569257487,3.467013912742277,0.7803279127422771,29.044254250116207
6979,5.85,2.535233088333352,11.619371933629173,5.7693719336291736,98.62174245519955
6997,28.9,3.173706122496074,22.89588151394356,6.004118486056438,20.775496491544768
1421,1.9,1.251075015442336,2.494097147584793,0.5940971475847929,31.268270925515417
4251,17.2,2.9377253611568936,17.872868491523704,0.6728684915237046,3.912026113509911
3529,2.3,1.1193617607171624,2.0628987170447415,0.23710128295525834,10.308751432837319
6651,12.09,2.806756242604496,15.556126963782198,3.466126963782198,28.66937108173861
6497,96.79,4.57772931757654,96.29322118796782,0.4967788120321899,0.5132542742351378
7180,15.99,2.9808251351903428,18.704068459146903,2.714068459146903,16.973536329874314
3044,13.2,2.794810161757,15.359522795287969,2.1595227952879696,16.360021176424013
1298,4.1,1.9130447061775309,5.77368130286806,1.6736813028680606,40.82149519190392
426,6.5,1.856831880003947,5.403417805969665,1.0965821940303346,16.87049529277438
4603,8.2,1.8775333621711596,5.5373596595563885,2.6626403404436108,32.471223663946475
805,19.9,2.8958174539040082,17.098289913732813,2.8017100862671853,14.078945157121536
410,7.7,2.475267356010132,10.884884183592236,3.184884183592236,41.362132254444624
6097,12.38,2.7567531436239308,14.748626318956779,2.368626318956778,19.13268432113714
3858,15.0,1.9059867560262518,5.726041315982074,9.273958684017927,61.82639122678618
438,8.8,2.4558946821413117,10.656858067605627,1.8568580676056268,21.100659859154845
2389,2.0,1.2286425914999572,2.416588680717504,0.4165886807175041,20.829434035875206
4161,9.2,2.4644297588707214,10.756776042865111,1.5567760428651116,16.921478726794692
434,5.8,2.017484676411536,6.5193874340930265,0.7193874340930266,12.403231622293562
751,10.5,2.169858445686116,7.757044355596108,2.7429556444038923,26.12338708956088
3411,8.5,1.9459811390730077,6.000496947762818,2.4995030522371824,29.405918261613913
2874,6.99,1.9112205311846764,5.761336186075786,1.2286638139242143,17.577450842978745
4383,14.6,2.7458040717765324,14.577134031814888,0.022865968185111996,0.15661622044597256
2142,9.0,2.1931328010847397,7.963249252929069,1.036750747070931,11.519452745232567
6044,24.0,3.4813157353694604,31.50245858908756,7.50245858908756,31.260244121198166
4937,7.5,1.9754475761169348,6.2098458865998625,1.2901541134001375,17.202054845335166
4856,5.9,2.178024941767798,7.828851531445444,1.928851531445444,32.692398838058374
1049,6.0,2.116314815236524,7.300492208195902,1.3004922081959016,21.674870136598358
626,6.5,1.9816564930749714,6.254750481181048,0.24524951881895163,3.7730695202915636
1926,10.2,2.41009404853733,10.135008327067885,0.0649916729321145,0.6371732640403382
1223,7.6,1.9112205311846764,5.761336186075786,1.8386638139242137,24.192944920055446
210,7.89,2.429189750238464,10.349682276077596,2.4596822760775963,31.174680305165985
2431,3.89,1.3737623683991598,2.950184822794059,0.9398151772059413,24.159773192954788
6216,14.59,2.8488451029497615,16.267827756988808,1.6778277569888083,11.499847546187857
4927,16.0,2.821719904158438,15.805730075160117,0.19426992483988315,1.2141870302492697
51,18.8,2.7348273042703664,14.407082468818627,4.392917531181373,23.36658261266688
1109,12.5,2.599383956245167,12.455446337554967,0.04455366244503267,0.35642929956026137
1436,7.2,2.225751358302656,8.260438097671738,1.0604380976717378,14.72830691210747
7277,10.49,2.5675441492297355,12.033776095002176,1.5437760950021762,14.716645328905397
3882,2.8,1.588350086165191,3.8956648359891277,1.095664835989128,39.13088699961171
1786,10.8,1.8822512756641616,5.56827522804665,5.231724771953351,48.4418960366051
5456,22.0,3.245693795596961,24.679520219269087,2.6795202192690866,12.17963736031403
4338,6.0,1.684211012600584,4.388198034473952,1.6118019655260483,26.863366092100804
6336,19.592,3.2013387654814687,23.565395496265666,3.973395496265667,20.280703839657345
1558,2.8,1.3641979058205624,2.912583532587868,0.11258353258786835,4.020840449566728
2249,26.49,2.8980950629135838,17.139557720022207,9.350442279977791,35.29800785193579
5044,36.0,3.1215762313886475,21.682103724921298,14.317896275078702,39.77193409744084
3786,8.5,2.5820323852456744,12.223987102995492,3.7239871029954923,43.81161297641756
4233,12.8,2.8289481948319843,15.927646871317677,3.127646871317676,24.434741182169343
4561,13.0,2.1865504765019264,7.904443987024456,5.095556012975544,39.1965847151965
3733,3.5,1.5772925018350572,3.841828805977964,0.34182880597796395,9.766537313656112
5661,63.05,4.45208235570131,84.80543553416094,21.755435534160938,34.50505239359388
5664,70.99,4.29830496381273,72.57497569768073,1.5849756976807328,2.232674598789594
6291,8.89,2.31326201675508,9.107341255098415,0.21734125509841462,2.4447835219169245
6970,20.49,3.3786269179762005,28.33047030993474,7.840470309934741,38.26486242037453
4693,29.5,2.652701778707122,13.192331431631406,16.307668568368594,55.28023243514778
3164,1.0,0.8797181502938044,1.4102202907943338,0.41022029079433375,41.02202907943337
2112,5.4,1.7410394485150982,4.703268596755904,0.6967314032440965,12.902433393409193
705,7.2,2.129051764032993,7.4068913139963115,0.20689131399631133,2.8734904721709906
2943,26.5,2.8801122102525603,16.816272235860065,9.683727764139935,36.54236892128277
6952,20.99,2.6923509186096077,13.766349633083198,7.2236503669168,34.41472304391044
57,3.8,1.8540874069607058,5.385867892065071,1.585867892065071,41.733365580659765
4881,9.8,2.400965037509246,10.033819293899231,0.23381929389923073,2.385911162237048
5640,17.2,3.1832871178883018,23.12592812260359,5.92592812260359,34.45307048025343
527,4.5,2.21338598750696,8.14663440933323,3.6466344093332292,81.0363202074051
1935,3.8,1.5839591622694946,3.8742154700046374,0.07421547000463757,1.9530386843325678
5058,1.95,1.512210368936324,3.536747605791284,1.586747605791284,81.37167209186072
565,4.0,1.9751797315924682,6.207915027453457,2.207915027453457,55.19787568633643
1871,4.9,1.901493593100265,5.695887909316262,0.7958879093162619,16.242610394209425
6095,18.85,3.0698181678416807,20.537986020442386,1.6879860204423842,8.954832999694345
640,5.5,1.5693838707661467,3.8036875894572377,1.6963124105427623,30.842043828050226
5282,5.0,1.581198320945986,3.8607770936636063,1.1392229063363937,22.784458126727873
1747,41.0,3.4053419675921694,29.124595598127577,11.875404401872423,28.96440098017664
730,6.5,2.1436607298045254,7.530608793331012,1.0306087933310124,15.85551989740019
