sample_id,y_true_price,raw_prediction,y_pred_price,absolute_error,absolute_percentage_error
3909,5.5,1.6834343278552195,4.384014728021021,1.1159852719789791,20.29064130870871
6004,37.499,3.403017117056725,29.054641763534086,8.444358236465916,22.518889134286024
1768,27.49,2.951227649770537,18.12942355135583,9.360576448644167,34.050841937592466
3360,7.8,2.214472819114378,8.15658066468409,0.356580664684091,4.571546983129371
4700,12.99,2.509220730175323,11.295344935004087,1.6946550649959136,13.045843456473547
865,3.5,1.4241356478637544,3.1542655421774075,0.3457344578225925,9.878127366359786
7074,52.5,3.5634807198397422,34.28580363868004,18.214196361319956,34.69370735489515
2233,26.0,2.9932170124703865,18.94975799070145,7.05024200929855,27.11631542037904
1720,22.0,2.4844265440055735,10.994240113398948,11.005759886601052,50.026181302732056
1662,4.7,2.0838195038852403,7.035100475858675,2.335100475858675,49.68298884805691
1566,11.49,2.807521934487168,15.568808710342463,4.078808710342463,35.498770324999676
5141,3.2,1.7907016287478574,4.993656313014821,1.7936563130148206,56.05175978171314
7264,63.86,3.9308008597903865,49.94776335029289,13.912236649707111,21.785525602422663
5464,127.0,4.716974479553527,110.82939818997622,16.170601810023783,12.732757330727388
6348,31.79,3.3117673090906115,26.433566245398673,5.356433754601326,16.8494298666289
6283,17.99,3.534795698878559,33.28800891993308,15.298008919933078,85.03618076672085
6419,30.9,3.458391834484176,30.765850670647144,0.13414932935285506,0.4341402244428967
763,7.9,2.4958961351049846,11.132601098211248,3.232601098211248,40.919001243180354
3297,4.8,1.8936882546238645,5.643827675961795,0.8438276759617951,17.579743249204068
2654,3.59,1.2332650167870551,2.432418163746723,1.1575818362532768,32.244619394241695
2189,3.1399,1.5927787461986878,3.917394151546553,0.777494151546553,24.761748831063187
3945,1.9,1.1587221584482956,2.1858596501074006,0.28585965010740066,15.045244742494774
6006,20.04,3.164320633791239,22.67265616600251,2.632656166002512,13.1370068163798
1197,19.8,2.464100095577546,10.752900904138288,9.047099095861713,45.69241967606925
429,7.5,2.005731771189884,6.431530087105999,1.0684699128940007,14.246265505253344
4271,5.7,1.876358683653485,5.529684872188436,0.17031512781156444,2.987984698448499
3905,5.1,2.1084589543061667,7.235540156935933,2.1355401569359334,41.8733364105085
2316,2.7,1.956766027083582,6.076405118158598,3.3764051181585977,125.05204141328139
4584,13.5,2.3513756161008037,9.5000037688426,3.9999962311574,29.629601712277037
7086,51.49,4.144507798094485,62.08656293224242,10.59656293224242,20.579846440556263
1992,16.5,2.7377928094747452,14.452840065726559,2.0471599342734415,12.407029904687523
7240,13.1,2.6767162832516482,13.537278528789322,0.4372785287893226,3.338004036559715
554,7.2,2.26569190860367,8.637790765006942,1.437790765006942,19.96931618065197
1905,11.999,2.6786637361266394,13.565616778401361,1.566616778401361,13.056227838997925
2034,14.5,2.6046264638544216,12.526171844886452,1.973828155113548,13.612607966300331
1215,6.2,2.0494954804876473,6.76398303708291,0.5639830370829095,9.096500598111444
1615,7.0,2.0631101882283738,6.870410240730587,0.12958975926941285,1.8512822752773266
1002,3.2,1.3531165437825348,2.8694661190158945,0.33053388098410563,10.3291837807533
2388,9.95,1.9336915024212018,5.914989885467878,4.035010114532121,40.552865472684644
6001,38.9,3.6564264447326624,37.722717554957406,1.177282445042593,3.0264330206750465
1533,4.95,1.6967610384620853,4.4562461689298365,0.4937538310701637,9.974824870104317
5326,26.5,3.381438249910149,28.41304401441525,1.9130440144152487,7.219034016661316
2764,22.5,3.0660282222968354,20.456512713499006,2.0434872865009943,9.082165717782196
6702,12.99,2.6686399592431806,13.420343595005034,0.4303435950050343,3.3128837182835587
496,10.89,2.6603074477488238,13.300685136318833,2.4106851363188326,22.13668628391949
2691,29.5,3.505509656555523,32.298410281599075,2.7984102815990752,9.486136547793475
7213,26.25,3.4645228406386153,30.961205545643992,4.711205545643992,17.947449697691397
5400,13.99,2.6385135689420816,12.992389419930115,0.9976105800698853,7.130883345746142
5931,44.99,3.5964452275374814,35.46836700904579,9.52163299095421,21.16388751045612
828,4.8,1.440680271007133,3.22356801081511,1.57643198918489,32.842333108018536
3552,1.55,1.8714219815218163,5.497529199754643,3.9475291997546433,254.679303209977
61,6.9,2.268514187532587,8.6650297186864,1.7650297186863995,25.580140850527528
1429,10.0,2.486479903873194,11.018893907583902,1.0188939075839016,10.188939075839016
2970,3.2,1.5545090459569186,3.7327623858550343,0.5327623858550341,16.648824557969817
3955,29.9,3.572087583247064,34.59081444109012,4.690814441090119,15.688342612341536
4121,14.5,2.5827923254623375,12.234040362073815,2.2659596379261853,15.627307847766794
3550,16.4,2.8160921396933247,15.711417019386143,0.6885829806138553,4.198676711060093
5189,4.6,1.4187896440338446,3.1321160809828124,1.4678839190171873,31.91051997863451
465,5.95,2.039304294300688,6.685260658948739,0.7352606589487385,12.357321999138462
5636,7.5,2.7991284520010917,15.430320715940134,7.930320715940134,105.73760954586847
6951,12.9,2.985347921192475,18.793387577531924,5.893387577531923,45.68517501962731
4230,8.2,2.030452552402227,6.617532911666476,1.582467088333523,19.298379126018574
6145,42.45,4.019870888990406,54.69391466502587,12.24391466502587,28.843144087222306
1902,8.9,2.221035676411324,8.216871620985998,0.6831283790140024,7.675599764202273
185,4.7,1.6967610384620853,4.4562461689298365,0.24375383107016368,5.186251724897099
2662,4.8,1.7461919054256798,4.7327302772913304,0.06726972270866938,1.4014525564306122
932,2.0,1.600891129242681,3.9574481836423203,1.9574481836423203,97.87240918211602
6485,20.95,3.3045457168779393,26.236165847514563,5.286165847514564,25.232295214866657
5510,12.99,3.250341571919224,24.799150677764555,11.809150677764555,90.909551022052
1487,18.99,2.268514187532587,8.6650297186864,10.324970281313599,54.37056493582727
1084,17.0,2.442716220143489,10.504246408710763,6.495753591289237,38.21031524287786
7123,11.999,2.677983830066635,13.55571689316338,1.5567168931633795,12.973721919854816
5735,99.69,4.399120510326362,80.37926495904391,19.31073504095609,19.370784472821835
2939,12.5,2.6246533120020756,12.799789135388076,0.2997891353880764,2.398313083104611
1940,7.5,2.1775501385974887,7.824660559770175,0.32466055977017483,4.328807463602331
5481,17.86,2.95862394588074,18.271434964193077,0.41143496419307723,2.303667212727196
3268,2.2,1.3331326451990602,2.792906626942598,0.592906626942598,26.95030122466354
1703,22.5,3.297838010131687,26.054084989319083,3.554084989319083,15.795933285862592
6381,19.8,3.1375969894222964,22.04841467505064,2.2484146750506397,11.355629671972927
3244,1.5,1.450291490132993,3.264357352114362,1.764357352114362,117.62382347429082
4438,1.5,1.0440438866781423,1.8406812116800464,0.3406812116800464,22.712080778669762
5549,17.5,2.8522446905844765,16.326631147716338,1.1733688522836623,6.704964870192357
4063,8.0,2.1223510315668137,7.350747297517152,0.6492527024828476,8.115658781035595
5269,5.299999,1.7038090069953873,4.494837455577329,0.8051615444226705,15.19173011962211
7091,24.299,3.552293027806869,33.89323698644913,9.594236986449133,39.48408159368341
2718,22.0,2.8809299245144815,16.830846813869634,5.169153186130366,23.49615084604712
1740,7.8,2.317618310389827,9.15146784588191,1.3514678458819107,17.32651084463988
5023,17.5,2.7524009441938695,14.680234092726222,2.819765907273778,16.112948041564444
3994,7.0,2.1759637188977092,7.81067204317721,0.8106720431772096,11.581029188245852
101,12.6,2.598743529592616,12.44683186986021,0.15316813013978958,1.2156200804745205
4505,15.0,2.926137107485455,17.655427219545906,2.6554272195459063,17.70284813030604
736,8.2,2.443994485091625,10.518961286402295,2.3189612864022955,28.280015687832876
7111,48.49,3.9022915947293098,48.51578931282661,0.025789312826610455,0.05318480681915953
538,25.5,3.0025746309962447,19.13731639704285,6.362683602957151,24.951700403753534
4520,9.0,2.0882551220495404,7.070820274610757,1.9291797253892433,21.435330282102704
5153,8.5,2.3277840641408845,9.255191489470421,0.7551914894704215,8.884605758475548
733,10.8,2.7051668628809984,13.956812219092146,3.1568122190921457,29.22974276937172
5218,4.4,2.1337774147932325,7.446713364769742,3.046713364769742,69.24348556294866
79,3.7,1.3464326404661675,2.84368922269606,0.85631077730394,23.143534521728107
5808,17.79,2.8925902288866596,17.039976805124276,0.7500231948757232,4.215981983562244
3113,5.5,1.876358683653485,5.529684872188436,0.02968487218843574,0.5397249488806498
5278,5.3,1.6119507976281675,4.012580225681847,1.2874197743181526,24.29093913807835
3082,5.9,1.5687189067841005,3.800494372034197,2.0995056279658035,35.58484115196277
4939,11.5,2.391436694339359,9.92918456662871,1.5708154333712905,13.659264638011221
132,8.9,2.0418990091758085,6.705227612172596,2.1947723878274044,24.660363908173082
737,12.2,2.205055744312549,8.070757196887548,4.129242803112451,33.846252484528286
1041,9.0,2.2694208190716774,8.673796312890508,0.32620368710949244,3.6244854123276937
2095,13.5,2.708230628963317,14.002706662087885,0.5027066620878848,3.7237530525028504
7199,21.99,3.12430037551945,21.743977282638916,0.2460227173610825,1.1187936214692247
6848,42.499,3.459120126820436,30.788993922748965,11.710006077251037,27.55360379597411
1634,9.3,2.7377928094747452,14.452840065726559,5.152840065726558,55.40688242716728
6425,20.34,3.088412970471568,20.94222736585548,0.6022273658554802,2.9608031752973463
5527,23.9,3.49829118856999,32.05891221751151,8.158912217511514,34.13770802306073
6243,47.499,3.464774346567116,30.969244989262243,16.52975501073776,34.80021686927674
6607,41.0,3.8358495878912997,45.33277471556477,4.332774715564767,10.567743208694553
3308,17.2,2.869983209447466,16.636722067042815,0.5632779329571846,3.274871703239446
4726,5.0,2.203031711279847,8.052416252289749,3.052416252289749,61.04832504579498
5241,1.8,1.4030396556803753,3.067545131478586,1.2675451314785862,70.41917397103256
5112,14.499,2.1786620437766877,7.834478202683769,6.664521797316231,45.96538931868564
2647,7.5,1.9476313295914578,6.01205863832286,1.48794136167714,19.8392181556952
3139,6.2,1.8865698351233808,5.596702052449291,0.6032979475507094,9.730612057269507
5239,6.6,1.9394187536625425,5.954707397392222,0.6452926026077774,9.777160645572385
319,9.0,2.177618597095359,7.825264703455463,1.1747352965445366,13.052614406050406
5857,4.845,2.509934828210823,11.304128152333849,6.459128152333849,133.31533854146232
6898,38.8,3.746813932593537,41.38582255388977,2.58582255388977,6.664491118272603
842,7.5,1.9443538777764988,5.989114573583567,1.5108854264164329,20.14513901888577
1894,5.5,1.5578500681703593,3.7486010941219856,1.7513989058780144,31.84361647050935
177,7.5,2.4545484878153587,10.641176229185799,3.141176229185799,41.88234972247732
5163,3.8,1.1711643634055704,2.225746393793358,1.574253606206642,41.42772647912216
4671,7.3,1.8250603487180617,5.203169361128085,2.096830638871915,28.723707381807056
3832,22.9,2.726852254996301,14.28469888316986,8.615301116830139,37.62140225690017
3961,3.95,1.6091295231745384,3.99845829143759,0.04845829143758973,1.226792188293411
1509,4.0,0.9133057930754669,1.492548779254673,2.507451220745327,62.686280518633176
6654,19.49,2.845332548287077,16.2072799690474,3.2827200309526,16.843099183953825
2177,11.4,2.2063807558186803,8.082784020623084,3.3172159793769165,29.09838578400804
3671,1.4,0.9807683742890525,1.6665043283477283,0.2665043283477284,19.03602345340917
1755,6.9,1.7246231261697023,4.610406215929083,2.2895937840709175,33.18251860972344
2245,4.0,1.8643276782444482,5.451596878610596,1.4515968786105962,36.2899219652649
3193,4.799,1.8936882546238645,5.643827675961795,0.8448276759617945,17.60424413339851
1038,13.5,2.5977305292873907,12.4332171221078,1.0667828778921997,7.902095391794071
6559,8.1,1.8803819435514049,5.556008409188744,2.543991590811256,31.40730359026242
3450,7.29,2.0503359744035135,6.770511360712295,0.5194886392877054,7.1260444346736
5444,41.29,3.4465484436992906,30.391854351388364,10.898145648611635,26.39415269704925
3433,17.49,2.877147941945572,16.763538222219278,0.7264617777807203,4.153583635109894
3002,15.9,2.8193297384920584,15.76560956257222,0.1343904374277809,0.8452228769042823
2516,1.5,0.9040872551519237,1.4696767093038416,0.030323290696158356,2.0215527130772237
3698,5.35,1.6872858796865149,4.404791525578432,0.9452084744215679,17.66744812002931
2045,4.99,1.8102255602474746,5.1118258617192085,0.12182586171920828,2.4414000344530717
4239,9.49,1.9829122578592706,6.263866463921293,3.2261335360787076,33.995084679438435
4710,4.99,1.9895355001406438,6.312136486983897,1.3221364869838972,26.495721182042026
1728,31.5,3.354219011460015,27.62324103593322,3.8767589640667808,12.307171314497717
3319,9.19,2.5069094720135543,11.266960033724484,2.0769600337244842,22.600217994825726
5372,2.899,1.680348235437962,4.367424773228162,1.4684247732281621,50.652803491830355
2771,27.5,2.974296673872683,18.575850199780902,8.924149800219098,32.451453818978536
4552,1.5,1.3183490906228088,2.7372464263510317,1.2372464263510317,82.48309509006879
3379,5.0,2.4635967755439117,10.746986922097586,5.7469869220975855,114.9397384419517
3857,6.7,2.0205354677177523,6.542362544218406,0.15763745578159405,2.3527978474864786
5435,23.49,3.4345815433455082,30.018429980955645,6.5284299809556465,27.792379654983595
4104,3.2,1.4739227903533607,3.3663297861515913,0.1663297861515911,5.197805817237223
6784,28.799,2.8930469512537442,17.048217947846712,11.750782052153287,40.802743331897936
2412,21.49,2.702824555458776,13.921819764360361,7.5681802356396375,35.217218406885245
6248,27.89,3.4909317443822525,31.81651006476588,3.9265100647658784,14.07855885538142
3045,11.5,2.494927943942367,11.120860105728138,0.37913989427186223,3.2968686458422805
1918,14.9,2.5731049665123207,12.106456436127926,2.793543563872074,18.748614522631367
3824,4.0,1.889943735781243,5.618996257912721,1.6189962579127206,40.474906447818014
1550,13.5,2.566354261852725,12.018276592511855,1.4817234074881451,10.97572894435663
1934,7.9,2.1598489277265718,7.669827788929156,0.23017221107084396,2.913572292035999
7148,19.199,2.8309044337009026,15.960793803174163,3.238206196825839,16.86653574053773
3370,8.99,2.2536221062229655,8.522163736488737,0.46783626351126273,5.203962886665881
2481,10.7,2.513046853629911,11.342478554666059,0.6424785546660594,6.004472473514574
6017,21.999,2.750102866234338,14.644241065589032,7.354758934410967,33.432242076507876
5643,21.1,2.9718344089664552,18.52770856387727,2.5722914361227325,12.190954673567452
3889,2.9,1.95858691044006,6.089302164907362,3.1893021649073625,109.97593672094355
3664,26.0,3.047127738996344,20.054782658409312,5.945217341590688,22.86622054457957
1600,14.8,2.7377928094747452,14.452840065726559,0.34715993427344216,2.3456752315773115
2275,23.49,2.8793586986567377,16.802852524724944,6.687147475275054,28.4680607717116
4024,8.2,1.984000270684176,6.271773944732652,1.9282260552673476,23.51495189350424
2312,8.0,2.1441083802566987,7.534428379070519,0.4655716209294809,5.819645261618511
3935,6.9,1.959641638484808,6.096783395356624,0.8032166046433762,11.640820357150378
4352,1.0,1.921625152021491,5.832052576098939,4.832052576098939,483.2052576098939
1672,1.3,1.8462893939918408,5.336264466862797,4.036264466862797,310.481882066369
3792,15.9,2.745566204809281,14.573429186831858,1.3265708131681428,8.34321266143486
1034,4.6,1.8643276782444482,5.451596878610596,0.8515968786105965,18.512975621969492
3439,10.5,2.2854327033774298,8.829938751607239,1.670061248392761,15.9053452227882
3221,8.9,2.4943525422574697,11.113887748546304,2.2138877485463038,24.8751432420933
2955,5.5,1.7668416600643508,4.852340461160073,0.6476595388399273,11.77562797890777
4490,2.0,0.9002105467096192,1.4601210270198002,0.5398789729801998,26.99394864900999
7244,46.49,3.5821541206347756,34.9509000722818,11.539099927718205,24.8206064265825
6285,16.09,2.895891019827054,17.09962138011054,1.0096213801105414,6.274837663831829
2268,16.49,2.981032710658866,18.70815896491876,2.2181589649187607,13.451540114728692
1699,2.6,1.1611052347039181,2.1934608501156436,0.40653914988435647,15.636121149398324
3519,10.5,2.3926719662665636,9.942693423349082,0.5573065766509178,5.307681682389693
87,8.5,2.446352884428946,10.546159656769547,2.0461596567695466,24.072466550229958
7113,22.59,3.0348564648145477,19.79799244151956,2.7920075584804387,12.359484543959445
676,5.3,1.8982695405592713,5.67433477777181,0.3743347777718098,7.062920335317166
4407,24.99,2.7930022263037033,15.329972554540376,9.660027445459622,38.65557201064275
3317,4.9,1.8936882546238645,5.643827675961795,0.7438276759617946,15.180156652281521
6902,67.0,4.2316099045433155,67.82794945634224,0.8279494563422389,1.2357454572272224
2569,4.1,1.907241392963315,5.73448535184931,1.6344853518493103,39.86549638656855
393,2.999,1.455879762618044,3.2882544525362265,0.2892544525362264,9.645030094572403
1149,5.6,1.8245056294249309,5.199729297627918,0.4002707023720813,7.147691113787166
1168,5.9,1.9997699071041923,6.387356125199002,0.4873561251990015,8.260273308457652
2208,3.4,1.3769843234313006,2.9629326661227884,0.43706733387721153,12.854921584623868
230,18.5,2.8284495927195015,15.919208814619534,2.580791185380466,13.950222623678195
2802,4.999999,1.8936882546238645,5.643827675961795,0.643828675961795,12.87657609455112
1543,4.4,1.7519747068128029,4.765977556445631,0.3659775564456309,8.317671737400701
2345,28.5,3.337206417766962,27.140404264415274,1.3595957355847261,4.770511352928864
3599,6.0,1.854599969587729,5.389141888280023,0.6108581117199767,10.180968528666279
2892,2.2,1.484663117461448,3.4134783385214407,1.2134783385214405,55.15810629642911
4691,25.9,3.2845562198134512,25.697134026501068,0.20286597349893043,0.7832663069456773
2942,16.0,2.908085688798103,17.32169155548389,1.3216915554838913,8.260572221774321
5121,24.49,2.9068729408719207,17.299485429983807,7.190514570016191,29.36102315237318
7189,54.99,3.8686894192594323,46.879594868429315,8.110405131570687,14.748872761539712
970,3.2,1.0012904080146898,1.721791785267822,1.4782082147321782,46.19400671038057
3718,5.6,1.733864356543343,4.662493577223496,0.9375064227765035,16.741186121008994
5329,7.0,1.9645298488366396,6.131558891138227,0.8684411088617727,12.406301555168183
169,10.5,2.5842990740237304,12.25399576346157,1.7539957634615693,16.70472155677685
1056,9.0,1.8143056289107187,5.136813471811297,3.8631865281887032,42.92429475765226
5968,24.1145,3.0464369102506854,20.040242432296644,4.074257567703356,16.895467738096812
251,3.7,1.631451469973056,4.111288218371582,0.411288218371582,11.11589779382654
5889,51.0,3.4234981628929066,29.67653907378681,21.32346092621319,41.810707698457236
2705,10.5,2.0544826245526537,6.802799851075863,3.6972001489241366,35.21142998975368
1729,4.3,1.8289601329340996,5.227407614352117,0.9274076143521173,21.567618938421333
2533,8.6,1.924370728116751,5.850836270565106,2.749163729434894,31.967020109708074
95,7.5,1.311053905643055,2.710081728578166,4.7899182714218345,63.86557695229113
5646,17.5,3.065494785871688,20.445070080291,2.945070080291,16.828971887377143
5174,23.49,2.3623248289843386,9.615602246679819,13.87439775332018,59.06512453520724
3692,2.8,1.7039502899775518,4.495613837443043,1.6956138374430436,60.55763705153727
1172,6.69,2.1084589543061667,7.235540156935933,0.5455401569359326,8.15456138917687
1383,11.9,2.8068808606949314,15.558190285270353,3.6581902852703525,30.74109483420464
5263,7.2,2.287786118159422,8.853099917997064,1.6530999179970634,22.959721083292546
711,13.7,2.7377928094747452,14.452840065726559,0.7528400657265593,5.495182961507732
2354,7.9,2.2208900495374726,8.215529494512358,0.3155294945123579,3.994044234333644
2215,7.0,2.205055744312549,8.070757196887548,1.0707571968875484,15.296531384107833
3779,7.49,2.232520289977847,8.323333999318528,0.833333999318528,11.125954597043098
5242,5.5,2.4952882311784275,11.125227883694384,5.625227883694384,102.27687061262516
69,5.5,1.8632573467710274,5.444695225604694,0.05530477439530568,1.0055413526419215
263,6.5,2.3314213237692516,9.292560202113247,2.792560202113247,42.96246464789611
408,16.0,2.3103205604825465,9.077654635116707,6.922345364883293,43.264658530520585
7137,54.99,3.8177745938397964,44.50283327688173,10.487166723118271,19.071043322637333
6024,24.39,3.0682558261451667,20.504362599299444,3.8856374007005563,15.931272655598836
3217,1.79,1.6205306918737228,4.055772662218622,2.2657726622186223,126.57947833623588
5196,11.6,2.6728390671299063,13.481023485065048,1.8810234850650485,16.215719698836626
37,13.8,2.702824555458776,13.921819764360361,0.12181976436036024,0.8827519156547843
3504,6.99,2.085903109693497,7.051859911845881,0.06185991184588069,0.8849772796263332
1862,31.0,3.170210976880624,22.81250771510133,8.18749228489867,26.411265435157
4602,13.3,2.566354261852725,12.018276592511855,1.2817234074881458,9.637018101414629
6222,20.66,3.208322533121784,23.737554971562886,3.0775549715628863,14.896200249578346
6474,9.29,2.5561268399333894,11.885811726824885,2.595811726824886,27.941999212323854
2333,28.5,3.508227914949207,32.38904709617529,3.8890470961752897,13.645779284825576
1575,6.8,2.3513756161008037,9.5000037688426,2.7000037688426,39.70593777709706
6763,35.89,3.663084198072579,37.98138397022162,2.091383970221621,5.827205266708333
5733,20.0,3.458330626701348,30.763906412860397,10.763906412860397,53.81953206430199
3295,11.0,2.52977740280531,11.550712072405657,0.5507120724056573,5.006473385505976
3985,19.5,2.702960809248792,13.923853057375986,5.576146942624014,28.595625346789816
5958,89.09,4.6906963696865684,107.9290082613745,18.839008261374502,21.146041375434393
3641,13.8,2.415662875006773,10.197190235608423,3.602809764391578,26.107317133272307
1163,5.39,1.8936882546238645,5.643827675961795,0.25382767596179523,4.709233320255941
3781,8.5,2.4423945168701118,10.500546050223974,2.0005460502239742,23.535835884987932
1554,23.99,3.1066716541009787,21.346543460788403,2.643456539211595,11.018993494004148
19,10.0,1.8011769091356382,5.056771541154399,4.943228458845601,49.432284588456014
3257,7.1,2.5955350608933854,12.40375726940739,5.30375726940739,74.70080661137169
3279,6.699999,2.177618597095359,7.825264703455463,1.1252657034554634,16.795013006053633
982,1.7,1.2716473476015244,2.566723358576878,0.8667233585768781,50.98372697511048
6602,12.15,2.704712876091863,13.950023565033325,1.8000235650333245,14.815008765706375
239,4.8,1.7623681987787105,4.826218713552045,0.02621871355204508,0.5462231990009392
7053,20.99,3.1099971599253062,21.420980723395957,0.43098072339595817,2.053266905173693
2509,22.05,2.9512605372054783,18.130052679373485,3.919947320626516,17.777538869054492
3800,7.3,1.641540351770863,4.16311640565634,3.1368835943436597,42.971008141693964
6775,25.99,3.5296264872256167,33.111224256989225,7.121224256989226,27.399862473987017
1322,2.5,1.4769069719976897,3.3793791685320995,0.8793791685320995,35.17516674128398
3842,10.9,2.7789237524308326,15.101682222968854,4.201682222968854,38.54754332998949
3166,10.9,2.183781459524214,7.879821536172145,3.0201784638278557,27.708059301172987
4381,12.0,2.3823964234258126,9.830827036508701,2.169172963491299,18.076441362427488
5635,15.999,3.3128745821491465,26.46395951792234,10.46495951792234,65.41008511733446
5514,28.49,3.4831885139470926,31.563385530781765,3.073385530781767,10.787594000638004
1965,4.5,1.8458710893921215,5.333614532569762,0.8336145325697624,18.524767390439166
2486,4.686,2.2408623163484918,8.401434803973995,3.715434803973995,79.28798130546298
4706,3.0,1.703480406591116,4.493032146396929,1.4930321463969287,49.767738213230956
2676,6.2,1.619870589401205,4.052436435430723,2.1475635645692774,34.63812200918189
1726,6.799999,2.263644701597037,8.618080394712383,1.818081394712383,26.736495030549023
332,4.0,1.3691199368272493,2.931888861791132,1.068111138208868,26.702778455221697
4728,4.99,1.8936882546238645,5.643827675961795,0.6538276759617947,13.102759037310516
3544,4.75,2.445288485320522,10.533876472989773,5.783876472989773,121.76582048399523
6459,13.19,2.6134071414617797,12.645463764609675,0.5445362353903249,4.128402087872061
1562,25.0,3.351064871573942,27.53310156070027,2.5331015607002705,10.132406242801082
3989,4.5,1.6841773987952966,4.388016919678367,0.11198308032163329,2.488512896036295
1320,29.5,3.576423113961477,34.745454491365805,5.245454491365805,17.781201665646797
6674,35.99,3.6706387659321624,38.27698665006474,2.2869866500647404,6.354505835134037
2036,10.799,2.5501517206741604,11.80904703249484,1.0100470324948407,9.353153370634695
3774,5.5,1.7851159065266786,4.960270741827783,0.5397292581722173,9.81325923949486
3121,8.2,2.1363013258452277,7.4680590439506975,0.7319409560493018,8.926109220113437
2650,3.6,1.652588519917775,4.220475657751416,0.6204756577514163,17.235434937539342
4595,3.95,1.6124131751941222,4.014898466235661,0.06489846623566109,1.6429991452066097
2471,3.55,1.1810357067607486,2.257746526321244,1.2922534736787559,36.40150630081003
4397,10.8,2.0463811326909496,6.73984090662637,4.060159093373631,37.594065679385466
6418,5.8,2.0131499606940753,6.486863568977726,0.686863568977726,11.842475327202173
1888,13.8,3.0496384378907466,20.107711294081753,6.307711294081752,45.70805285566487
5537,25.99,2.757095949282446,14.754025962634087,11.235974037365912,43.231912417721865
7214,57.99,3.9216369508355107,49.48301539183458,8.506984608165425,14.669744107890024
2519,29.5,3.4460439379135392,30.376020973593814,0.876020973593814,2.969562622351912
1142,13.89,2.6443236529717993,13.073923007372418,0.8160769926275826,5.875284324172661
308,11.3,2.035635971637208,6.657120288633974,4.642879711366026,41.08743107403563
5255,1.99,0.7921461126492844,1.2081302410306796,0.7818697589693204,39.28993763664927
381,4.5,2.133108971118033,7.4410690992917825,2.9410690992917825,65.35709109537294
4118,7.5,1.9579327725189317,6.084666299939802,1.4153337000601978,18.871116000802637
3617,7.2,1.9829122578592706,6.263866463921293,0.9361335360787075,13.001854667759826
1400,9.8,1.9472822067022093,6.009610995440408,3.790389004559593,38.677438822036656
7075,23.5,3.044302972348503,19.99539173282272,3.5046082671772787,14.913226668839483
6806,14.4,2.839602464951252,16.10896277271694,1.708962772716939,11.86779703275652
2465,4.3,1.5409042058304783,3.6688099281397504,0.6311900718602494,14.678838880470918
994,10.5,2.4673117655119707,10.790708022108621,0.2907080221086211,2.768647829605915
683,4.7,2.0343460388571617,6.6472494858776185,1.9472494858776184,41.43084012505571
3428,7.9,2.2347506198679596,8.34415131592502,0.4441513159250192,5.622168556012901
2906,11.9,2.3820208927966036,9.826760492820473,2.0732395071795278,17.422180732601074
2984,12.8,2.5413556967897457,11.69687241740245,1.1031275825975513,8.61818423904337
457,2.7,1.6802586941646305,4.366944188695853,1.6669441886958527,61.738673655401946
4028,4.8,1.5990915014916525,3.948534645247939,0.8514653547520608,17.7388615573346
3622,3.8,1.969808183111192,6.169301163401463,2.369301163401463,62.350030615827976
756,2.95,1.4857400809875396,3.418234054121685,0.46823405412168473,15.872340817684227
5845,21.99,3.230239813138583,24.28572009182237,2.2957200918223712,10.439836706786592
4100,1.5,0.9432670869213786,1.5683587774687475,0.06835877746874752,4.557251831249834
1046,11.89,2.223308346404269,8.23784234929412,3.652157650705881,30.716212369267293
1024,4.49,1.357247976687544,2.8854856276412844,1.6045143723587159,35.735286689503695
2344,13.4,2.544374169718623,11.735255483055179,1.6647445169448218,12.423466544364342
2997,3.2,2.2133984963865605,8.146748824197406,4.946748824197406,154.5859007561689
4591,3.55,1.847630380282981,5.344767010272838,1.794767010272838,50.556817190784166
4974,26.9,2.9650173799727675,18.39504032381475,8.504959676185248,31.616950469090142
1515,28.2,3.309664080252111,26.375927812383008,1.8240721876169914,6.468341090840394
5186,24.19,3.016941973762612,19.428724491401496,4.761275508598505,19.6828255832927
1737,4.3,1.9654583967029087,6.138183960300671,1.8381839603006709,42.748464193038856
6156,22.85,3.09799105975451,21.153401687463976,1.6965983125360253,7.424937910442124
1869,5.6,1.9077288688671312,5.737769051480137,0.13776905148013707,2.4601616335738763
6526,22.99,3.254188736180431,24.898595415688337,1.908595415688339,8.301850437965808
1042,3.5,0.6656027099638314,0.9456628383967149,2.554337161603285,72.98106176009385
3442,6.5,1.563205555177712,3.774100385199775,2.725899614800225,41.93691715077269
50,7.5,2.2309665427039644,8.308859142580204,0.8088591425802036,10.784788567736049
786,6.5,1.9543683211456482,6.0594583044444255,0.44054169555557454,6.777564547008839
245,18.5,2.9547294354359077,18.196528116865082,0.30347188313491813,1.640388557486044
5303,4.25,2.2735885890069,8.714198605569877,4.464198605569877,105.03996718987945
3076,14.0,2.417728274907498,10.220340810577277,3.7796591894227234,26.99756563873374
5462,37.19,3.0502067454259736,20.1197103747226,17.070289625277397,45.90021410399945
7234,54.95,3.642526140340263,37.188183692530345,17.76181630746966,32.32359655590474
625,7.5,2.2969076733447213,8.943386664407209,1.4433866644072086,19.24515552542945
6414,26.59,2.959806031492329,18.294228919728138,8.295771080271862,31.198838210875753
2272,5.7,1.9586040533057516,6.089423696903924,0.38942369690392376,6.831994682524978
4812,12.99,2.61567098883694,12.676390004871859,0.31360999512814125,2.4142416868987007
7182,57.28,3.522673828458011,32.87488310632138,24.405116893678624,42.60669848756743
4894,6.9,1.9645298488366396,6.131558891138227,0.7684411088617731,11.136827664663377
6403,5.3,1.9822729694665113,6.259224242421618,0.9592242424216177,18.098570611728636
1025,12.5,2.2408623163484918,8.401434803973995,4.098565196026005,32.78852156820804
5457,53.99,3.717054948440538,40.1430471146747,13.846952885325301,25.64725483483108
2926,7.5,2.3343667974686686,9.322921359532923,1.8229213595329234,24.305618127105646
321,31.8,3.658621532303595,37.80781067022709,6.007810670227091,18.89248638436192
3326,17.0,3.198102590342646,23.486026070035802,6.486026070035802,38.153094529622365
3105,11.9,2.709266191045138,14.018250943376847,2.1182509433768466,17.800428095603753
1893,4.5,1.4348068089375583,3.1988337532729787,1.3011662467270213,28.914805482822697
4920,6.8,1.9695307454371802,6.1673124050534005,0.6326875949465993,9.304229337449991
2138,11.49,2.4030282918585506,10.056608371293875,1.4333916287061257,12.475122965240432
5476,40.49,3.151762116217372,22.37722168994546,18.11277831005454,44.73395482848738
3475,1.55,1.1295245747517004,2.0941850966633826,0.5441850966633826,35.108715913766616
4098,11.0,2.549522401619109,11.800988591051578,0.8009885910515777,7.281714464105252
7001,45.499,3.6746428277590204,38.43456940799987,7.064430592000136,15.526562324446989
5321,14.799,2.908524150507175,17.32972667709425,2.5307266770942505,17.10066002496284
5339,2.7,1.3987283947642082,3.050046630533773,0.3500466305337726,12.964690019769353
4296,24.5,3.243066708825608,24.61214642855235,0.11214642855235013,0.4577405247034699
3767,5.9,1.9443538777764988,5.989114573583567,0.08911457358356678,1.510416501416386
2126,16.3,3.083003354395482,20.823848819879842,4.523848819879841,27.75367374159412
4279,5.9,1.4391234076447599,3.21699760845706,2.6830023915429404,45.474616805812545
233,3.8,1.8143056289107187,5.136813471811297,1.336813471811297,35.179301889770976
65,15.0,2.4695803925655504,10.817487105699932,4.182512894300068,27.883419295333784
5856,20.709,3.3597047905588227,27.78069329263688,7.07169329263688,34.14792260677425
1595,14.5,2.8493719605420584,16.27692784015851,1.7769278401585105,12.254674759713865
5133,9.8,2.702960809248792,13.923853057375986,4.123853057375985,42.08013323853046
2656,20.9,3.1162475313133564,21.56155905552812,0.661559055528123,3.1653543326704456
3218,32.99,3.571791570133263,34.5802806524314,1.590280652431396,4.82049303556046
509,5.0,1.8920400268005604,5.6328861538706345,0.6328861538706345,12.657723077412692
6253,15.5,3.0532669941149453,20.184440935998488,4.684440935998488,30.22219958708702
6481,18.99,3.3378366549459146,27.15814498325655,8.16814498325655,43.01287510930253
576,26.7,2.6124088853674166,12.63184889394067,14.068151106059329,52.689704517076144
217,4.999999,1.5885920624528238,3.8968496141299624,1.1031493858700374,22.062992129999177
5697,15.59,3.1840997938207694,23.14554265278605,7.555542652786052,48.4640324104301
7082,11.9,2.3485911759121345,9.470807802441838,2.4291921975581623,20.413379811413126
3757,4.0,1.6326230904899348,4.117280218005329,0.1172802180053294,2.932005450133235
3954,9.2,2.594209976307881,12.386007919553899,3.1860079195538997,34.6305208647163
6731,24.5,3.243597131804527,24.625735303164564,0.12573530316456427,0.5132053190390378
6889,39.9,3.4476969695354955,30.427929419765768,9.47207058023423,23.73952526374494
2115,10.5,2.0450575255458885,6.729603174762899,3.7703968252371007,35.9085411927343
3467,2.0,1.4812981748566207,3.398652195773866,1.3986521957738658,69.93260978869328
4871,17.5,2.8304424977171476,15.95296081151307,1.5470391884869308,8.840223934211034
6130,20.5,3.529494606243358,33.106725931856445,12.606725931856445,61.49622405783632
3478,9.0,2.2408623163484918,8.401434803973995,0.598565196026005,6.6507244002889445
4487,4.499999,1.9347047840005072,5.922000268486074,1.422001268486074,31.600035210809473
3933,29.99,3.1610513476862883,22.59538985179544,7.39461014820456,24.656919467170923
3347,7.6,1.889943735781243,5.618996257912721,1.981003742087279,26.065838711674726
1261,6.5,1.8382617412331415,5.285602755316411,1.214397244683589,18.683034533593677
4382,9.5,2.423462516865952,10.284865783739118,0.784865783739118,8.261745091990717
3163,9.65,2.440723566561931,10.48134525551153,0.831345255511529,8.614976741052114
1412,4.0,1.4742979404693215,3.367968122569023,0.6320318774309772,15.80079693577443
1281,14.0,1.8040552738552198,5.074230252889217,8.925769747110783,63.75549819364845
4588,6.0,2.1966276504062923,7.9946292607595755,1.9946292607595755,33.243821012659595
2917,6.2,1.8368180094441113,5.276534578388109,0.9234654216118914,14.894603574385346
1565,13.6,2.948139908924169,18.07044794643777,4.470447946437771,32.87094078263067
6580,22.562,2.784219041160915,15.187171424622274,7.374828575377727,32.686945197135564
4002,7.6,1.9216414493964504,5.832163921528831,1.767836078471169,23.26100103251538
6500,7.899,2.535728854408294,11.625629741197118,3.726629741197118,47.178500331651065
6365,25.4,3.5524598637373024,33.89905891774776,8.49905891774776,33.4608618808967
6900,21.699,3.0509836170400173,20.13612405304442,1.5628759469555824,7.2025252175472705
3007,5.0,2.297390715887235,8.948190903415277,3.948190903415277,78.96381806830554
1315,9.2,2.5228371810121843,11.463908911972423,2.2639089119724236,24.60770556491765
3885,2.3,1.5258605418166358,3.5990995844156064,1.2990995844156066,56.48259062676551
3745,12.4,2.513046853629911,11.342478554666059,1.0575214453339417,8.528398752693079
6498,18.006229,3.723887908623072,40.42513857971699,22.418909579716992,124.50641152968225
1702,40.99,3.4649990337612846,30.97642887625205,10.013571123747951,24.429302570743964
1839,6.2,2.162469958217466,7.69258147794498,1.49258147794498,24.07389480556419
503,10.5,1.811036741433992,5.116785671253628,5.383214328746372,51.2687078928226
7023,38.9,3.872939795265259,47.08353425213288,8.18353425213288,21.037363116022828
5818,9.79,2.390515666075187,9.919123112891384,0.129123112891385,1.3189286301469358
4694,11.0,1.6543170910957519,4.22950742528638,6.77049257471362,61.54993249739654
1721,36.0,3.6852665560582762,38.855744824309404,2.8557448243094044,7.932624511970568
7187,50.999,4.383828036533813,79.14424202871785,28.145242028717853,55.18783119025442
4618,14.99,2.6443236529717993,13.073923007372418,1.9160769926275822,12.782368196314758
1803,18.8,2.9650173799727675,18.39504032381475,0.40495967618524986,2.1540408307726056
1385,4.2,1.771694779565898,4.880811599819794,0.6808115998197941,16.209799995709385
1373,1.2,1.2521808958000253,2.4979633383663673,1.2979633383663673,108.16361153053063
5834,26.9,3.213448592691141,23.864686716013793,3.0353132839862056,11.283692505524929
5654,44.99,4.0013667496174214,53.672823051849704,8.682823051849702,19.29945110435586
5670,16.0,3.0154436993928444,19.398139575108562,3.398139575108562,21.238372344428512
856,6.9,2.14535732092202,7.545094032726292,0.6450940327262913,9.349188880091178
2458,13.899999,2.205055744312549,8.070757196887548,5.829241803112451,41.93699440634816
2726,7.8,2.467386115745389,10.791584696592306,2.991584696592306,38.35364995631162
5886,37.99,3.602077620899324,35.674350743464416,2.315649256535586,6.095417890327944
4252,24.79,3.1162475313133564,21.56155905552812,3.2284409444718776,13.023158307671956
3269,8.1,1.9242139458722058,5.849762265272275,2.2502377347277243,27.78071277441635
2505,6.0,2.039250295181343,6.684845672845762,0.6848456728457624,11.414094547429372
318,1.7,1.154952551717268,2.173872819139933,0.47387281913993307,27.87487171411371
6053,30.49,3.546604844605036,33.6953212859836,3.2053212859836044,10.512696903849147
176,4.7,1.8382617412331415,5.285602755316411,0.5856027553164109,12.45963309183853
5683,80.49,4.148813753015624,62.35879652050874,18.131203479491255,22.526032400908505
4967,2.0,1.4058958323561044,3.0791793658158753,1.0791793658158753,53.95896829079376
3100,2.6,1.6351342479341968,4.130146662391728,1.530146662391728,58.85179470737415
2840,1.85,1.5482311554027557,3.7031436903196235,1.8531436903196234,100.16992920646612
6504,14.2,2.8915717030360697,17.021611976518184,2.8216119765181844,19.870506876888623
3043,2.7,1.3373627173253464,2.808984877648221,0.10898487764822073,4.036476949934101
3169,12.5,2.2187796116667213,8.196101200383012,4.303898799616988,34.431190396935904
468,4.6,1.8615098913240327,5.4334432418618865,0.8334432418618869,18.11833134482363
472,28.5,3.135060234086865,21.990020583226922,6.509979416773078,22.842033041309044
91,7.9,1.588839756605245,3.8980626853737927,4.001937314626208,50.65743436235706
4304,2.7,1.7652472140001536,4.8430166550736855,2.1430166550736853,79.3709872249513
4149,5.8,2.136926943334749,7.473358467324015,1.6733584673240154,28.85100805731061
1047,5.6,2.004521526442828,6.422541557113215,0.8225415571132153,14.688242091307416
6571,129.29,4.698295663995421,108.7599451219725,20.530054878027485,15.879074079996508
6768,9.49,2.3632365570120686,9.625285202219583,0.13528520221958296,1.4255553447795886
435,5.5,2.0906590762734534,7.0902454964175,1.5902454964175003,28.913554480318187
6016,151.89,4.867851502872304,129.04122334880964,22.84877665119035,15.042976266502306
1335,20.49,2.814472312702401,15.684369327246515,4.805630672753484,23.453541594697334
1352,8.9,2.225784229571702,8.260742505027034,0.6392574949729664,7.182668482842318
4074,2.55,1.694776978097528,4.4454313793122076,1.8954313793122077,74.33064232596894
4868,5.9,2.0445976278340043,6.726049165252115,0.8260491652521145,14.000833309357871
6046,25.09,3.1872160046796982,23.220902612774623,1.869097387225377,7.449571092966828
5546,18.99,3.0491765510299804,20.09796417078155,1.1079641707815533,5.834461141556363
4207,8.8,2.220925748342592,8.215858483776083,0.5841415162239176,6.637971775271791
3758,11.5,2.786845598158622,15.2297438379609,3.7297438379609,32.432555112703476
106,7.7,1.965883896694546,6.141221903792714,1.558778096207286,20.2438713793154
5694,19.0,3.2142321133494827,23.884176345985768,4.884176345985768,25.70619129466194
5676,26.99,3.209253757034008,23.760601903543957,3.229398096456041,11.965165233256915
4791,4.1,1.67667974947817,4.347770523518781,0.24777052351878126,6.043183500458079
5900,27.9,2.8000320817887925,15.445174353244372,12.454825646755626,44.64095213890906
5313,12.9,2.733165470327891,14.381499719245856,1.4814997192458552,11.484493947642289
3333,10.99,2.4274031980464192,10.329423578327118,0.6605764216728822,6.010704473820584
4086,15.0,2.708230628963317,14.002706662087885,0.9972933379121152,6.648622252747434
1617,12.99,2.5595857724243753,11.930460052937288,1.0595399470627118,8.156581578619798
2252,4.0,1.035716138053602,1.8171229623655174,2.1828770376344826,54.571925940862066
4860,7.8,2.3806035317690535,9.811425934313279,2.011425934313279,25.787511978375377
5584,9.299,2.4742643045209083,10.872969009578151,1.5739690095781516,16.92621797589151
3494,15.9,2.960622833358853,18.309994919895548,2.4099949198955475,15.157200754060046
1498,6.666,1.8105028541976365,5.113520869051884,1.5524791309481163,23.289515915813325
996,6.5,2.223308346404269,8.23784234929412,1.7378423492941195,26.736036142986453
5912,15.3205,2.59187325046002,12.354765006126563,2.9657349938734363,19.357951723987053
6638,87.999,4.843036715433397,125.8539868805335,37.8549868805335,43.017519381508315
41,18.0,2.600754941226657,12.47390620361113,5.526093796388871,30.700521091049282
5253,17.2,2.9357001697514673,17.834685996939005,0.6346859969390053,3.6900348659244493
5689,13.69,2.514391266310548,11.35908309852412,2.330916901475879,17.026420025389914
3282,3.7,2.2924048149494363,8.898713655885027,5.198713655885027,140.5057744833791
1539,7.3,1.4000979138631688,3.0555970465788382,4.244402953421162,58.14250621124879
1805,8.9,2.3707940814206294,9.70589025816816,0.8058902581681604,9.054946720990566
1144,2.9,2.3576229964172355,9.56580661940489,6.66580661940489,229.85540066913416
6198,34.79,3.558561561776011,34.11265341898427,0.6773465810157262,1.9469576919106817
2615,6.5,1.986421569372486,6.289402414729845,0.21059758527015493,3.2399628503100755
2114,14.99,2.7897662262751814,15.277214171990977,0.28721417199097665,1.916038505610251
5792,10.89,2.3836291773571814,9.84418701420854,1.0458129857914606,9.603425030224615
4546,11.0,2.697680974818971,13.845265232094606,2.845265232094606,25.86604756449642
3172,1.0,1.7537936209047635,4.776474918282501,3.776474918282501,377.6474918282501
167,9.2,2.951227649770537,18.12942355135583,8.929423551355832,97.0589516451721
2337,11.3,2.502184073631516,11.2091305020245,0.09086949797550048,0.8041548493407121
6928,39.18,3.403017117056725,29.054641763534086,10.125358236465914,25.84318079751382
3964,5.4,1.4311747653833944,3.183611067667436,2.2163889323325643,41.04423948764008
2445,25.0,3.329213435614102,26.91637503888215,1.9163750388821512,7.665500155528606
7257,17.99,3.0890074579733104,20.955275623913753,2.9652756239137545,16.48291063876462
3341,1.9,1.3060860511105432,2.6916962881556885,0.7916962881556886,41.66822569240466
4103,1.3,1.2322219899889473,2.428839926042929,1.128839926042929,86.83384046484068
3017,18.5,2.709266191045138,14.018250943376847,4.481749056623153,24.22567057634137
6151,13.09,2.6194528782934072,12.728210528014486,0.3617894719855137,2.7638615124943753
4958,8.99,2.411832310587893,10.154380721746884,1.164380721746884,12.951954635671678
6935,25.4,3.8802473451750066,47.43619404870661,22.036194048706612,86.7566694830969
789,3.6,1.8840094302552015,5.57983342886867,1.97983342886867,54.99537302412973
4617,19.2,2.7762278220402754,15.058331669817829,4.141668330182171,21.571189219698805
1097,3.5,1.5261238278195721,3.60031062237997,0.10031062237997013,2.8660177822848607
3206,15.3,2.650395918421989,13.159643599500134,2.1403564004998668,13.989257519606971
6535,19.99,3.1690288637869233,22.784375269079867,2.794375269079868,13.978865778288485
6251,31.49,3.3666673656520754,27.981780260130467,3.5082197398695314,11.140742266972154
544,4.0,1.6859359125358275,4.397500157223791,0.3975001572237913,9.937503930594783
6770,19.299,3.037551107040726,19.85411116615781,0.5551111661578112,2.876372693703359
5924,14.25,2.7507927730360993,14.655037857870543,0.4050378578705427,2.8423709324248607
4838,2.4,1.4483079960494618,3.2559074075142886,0.8559074075142887,35.6628086464287
6194,19.59,2.8763139680267478,16.74873007030042,2.8412699296995783,14.50367498570484
6068,7.39,1.947018542907062,6.0077630584305926,1.3822369415694071,18.704153471845835
4229,16.7,2.9573815550321108,18.247507176663515,1.5475071766635153,9.26651003990129
877,9.5,1.7102218099196531,4.530187992146637,4.969812007853363,52.31381060898277
3908,9.7,2.145824594352887,7.549087861164336,2.150912138835663,22.174351946759412
3914,12.8,2.2915803787007207,8.890556160660893,3.909443839339108,30.54252999483678
5397,10.9,2.279291492394618,8.769756010387754,2.1302439896122465,19.543522840479323
1078,8.2,1.876358683653485,5.529684872188436,2.6703151278115635,32.56481863184834
5983,42.7,4.1710975345854004,63.78651854610413,21.08651854610413,49.38294741476377
4990,10.5,2.127529148571114,7.394100591442372,3.1058994085576277,29.5799943672155
511,13.0,2.1767932540207346,7.817983837370242,5.182016162629758,39.86166278945967
2375,4.4,1.5181695215811213,3.563863490890549,0.8361365091094513,19.003102479760255
2877,15.6,2.9650173799727675,18.39504032381475,2.795040323814751,17.91692515265866
2069,1.5,1.2917096849976197,2.639002788812754,1.1390027888127539,75.9335192541836
4851,3.5,1.2348993904140528,2.4380326042673732,1.0619673957326268,30.341925592360763
3262,11.0,2.1865211424890143,7.904182787780595,3.095817212219405,28.143792838358227
4934,10.89,2.9632194724452794,18.360201163000085,7.470201163000084,68.59688854912841
1302,8.9,2.536520033585395,11.635622829186426,2.7356228291864255,30.73733515939804
6045,47.89,3.896669702688736,48.23819791655816,0.34819791655815635,0.7270785478349475
4394,2.5,1.5873426355594482,3.8907351790944587,1.3907351790944587,55.629407163778346
3689,16.3,2.8649548580257385,16.548261023558958,0.24826102355895685,1.5230737641653793
3159,8.5,2.1139113022843126,7.280565823917808,1.219434176082192,14.346284424496378
858,7.99,2.3599480497385357,9.59040126402801,1.6004012640280099,20.030053367058947
4678,19.9,3.006571526501097,19.217964209505993,0.6820357904940053,3.42731553012063
7140,24.85,3.4905200203547215,31.80300150016364,6.953001500163637,27.979885312529724
7028,12.5,2.842248830446271,16.154299303511017,3.654299303511017,29.23439442808814
7112,25.99,3.496270553838866,31.99217967506366,6.002179675063662,23.094188822869036
4357,9.9,2.709266191045138,14.018250943376847,4.118250943376847,41.5984943775439
2890,7.9,2.299111270488342,8.965322042350678,1.0653220423506777,13.485089143679465
4794,8.8,2.459264350340729,10.696204065790548,1.8962040657905472,21.54777347489258
2024,12.0,2.7377928094747452,14.452840065726559,2.4528400657265585,20.440333881054652
4194,16.5,2.7671107561783095,14.912592170157698,1.5874078298423022,9.620653514195771
4921,4.5,1.5887295711566627,3.8975230198718096,0.6024769801281904,13.388377336182009
5356,9.5,2.1221140269172984,7.348768366097952,2.1512316339020483,22.644543514758404
743,5.3,1.944977733154943,5.993476130649818,0.6934761306498185,13.084455295279596
2499,1.15,1.243621180064353,2.4681495473588315,1.3181495473588316,114.62169977033318
4241,9.3,2.497455233400792,11.15153176946112,1.8515317694611184,19.908943757646433
179,25.99,2.9559917412903087,18.220775307156647,7.769224692843352,29.89313079200982
3613,8.5,1.965883896694546,6.141221903792714,2.3587780962072857,27.750330543615124
3693,20.0,2.668009623930816,13.411256807383094,6.588743192616906,32.94371596308453
3771,7.0,2.155887690876214,7.6355524787352405,0.6355524787352405,9.07932112478915
6566,35.55,3.609295889756565,35.94003379957876,0.3900337995787595,1.0971414896730225
31,11.0,2.1441083802566987,7.534428379070519,3.465571620929481,31.505196553904373
5151,6.8,1.9668134255359149,6.147862961564104,0.652137038435896,9.590250565233765
2484,3.2,1.890084644251125,5.619928996261401,2.419928996261401,75.62278113316879
168,11.5,2.2738087562399314,8.716337589256405,2.783662410743595,24.20576009342257
3248,2.8,1.2349494696654066,2.438204782677572,0.3617952173224279,12.921257761515283
642,5.0,2.0327334815288047,6.634927795063852,1.6349277950638523,32.69855590127705
1483,14.9,2.5838935974524317,12.248622668109151,2.651377331890849,17.794478737522475
1790,6.0,1.944977733154943,5.993476130649818,0.006523869350181677,0.10873115583636128
5035,8.0,1.9267040255560623,5.866839972730282,2.133160027269718,26.664500340871477
3982,3.0,2.2914992641939267,8.889753925612892,5.889753925612892,196.32513085376306
7092,62.49,4.074780351166993,57.837555568498985,4.652444431501017,7.4451023067707105
6492,22.89,3.200458320944923,23.54377654655252,0.6537765465525212,2.856166651605597
6912,19.899,2.9954842994820603,18.995041133421964,0.9039588665780371,4.542735145374325
6178,24.5,3.221186227463477,24.05782684080032,0.4421731591996796,1.8047884048966516
6644,18.15,2.8446097989452515,16.194847911946876,1.9551520880531221,10.77218781296486
2758,9.5,1.9645298488366396,6.131558891138227,3.3684411088617727,35.45727483012392
3412,12.6,2.4076085694693727,10.107366862320283,2.492633137679716,19.78280267999775
6122,20.7,3.2312147161631066,24.310383236951136,3.6103832369511366,17.441464912807426
800,2.5,1.7304022790398224,4.642923481736853,2.1429234817368528,85.71693926947411
1954,10.5,2.388908755094389,9.901591143989798,0.5984088560102023,5.699131962001927
7248,48.99,3.4795542098780197,31.445255077262267,17.544744922737735,35.812910640411786
5306,4.0,1.455879762618044,3.2882544525362265,0.7117455474637735,17.79363868659434
6637,15.69,2.5830091799051877,12.236910533716678,3.4530894662833216,22.0082183956872
2119,20.5,3.020048042656301,19.492276163924803,1.007723836075197,4.915726029635107
5309,3.5,1.5632356254873814,3.774243946035199,0.27424394603519886,7.835541315291396
5660,25.49,3.4013719617673592,29.00523786035592,3.5152378603559207,13.79065461104716
5679,19.5,3.0890074579733104,20.955275623913753,1.455275623913753,7.462951917506426
1406,8.7,2.1473428727380446,7.562077615012704,1.137922384987295,13.079567643532128
1501,9.8,2.214472819114378,8.15658066468409,1.64341933531591,16.769585054243976
1074,5.3,1.6532868723506,4.22412266292676,1.0758773370732397,20.299572397608298
500,13.6,2.5450652802167038,11.744059993909753,1.855940006090247,13.646617691840051
437,17.5,2.702960809248792,13.923853057375986,3.576146942624014,20.435125386422936
5437,9.5,2.4419762730609613,10.49573702377949,0.9957370237794905,10.481442355573584
4113,8.9,1.9443538777764988,5.989114573583567,2.910885426416433,32.706577824903746
3386,3.6,1.5623848481025584,3.7701838546181623,0.1701838546181622,4.72732929494895
6683,22.99,3.00175388186519,19.12079549279452,3.8692045072054775,16.829945659875936
80,16.9,2.6053862237730168,12.536452392985895,4.3635476070141035,25.819808325527244
1608,19.99,2.6926859307424555,13.771297368097509,6.21870263190249,31.109067693359133
960,5.0,2.310264909274647,9.077093817068713,4.077093817068713,81.54187634137425
3114,22.5,3.2974973033230177,26.04486904841696,3.5448690484169596,15.754973548519821
5198,3.8,1.8382617412331415,5.285602755316411,1.4856027553164113,39.09480935043187
4628,13.0,2.951227649770537,18.12942355135583,5.129423551355831,39.45710424119871
1632,12.19,2.6728390671299063,13.481023485065048,1.2910234850650486,10.590840730640268
3305,4.8,1.8094541803486794,5.107113139987631,0.30711313998763146,6.398190416408989
5935,21.3,3.0503997238695,20.123786416839923,1.1762135831600773,5.5221294984041185
5419,9.5,2.2246161578363703,8.24993160863917,1.2500683913608306,13.15861464590348
2477,3.0,1.4128337501675372,3.1075787794765795,0.10757877947657946,3.5859593158859817
5506,16.45,2.8158952520766354,15.70812707220325,0.7418729277967486,4.509865822472636
6399,22.45,2.749377233623304,14.632893211781287,7.817106788218712,34.82007478048425
5517,51.999,3.4888649572624932,31.74875536583656,20.250244634163444,38.94352705660387
534,6.9,2.250507581097764,8.492552854139804,1.5925528541398037,23.08047614695368
5701,26.69,3.2349861330008873,24.406019471156164,2.2839805288438377,8.557439223843529
2794,20.3,2.7909968657995368,15.297257885861036,5.0027421141389645,24.644049823344652
585,4.5,1.5325764780826288,3.630090795118413,0.8699092048815871,19.331315664035266
6722,50.9,3.93355389805955,50.08821774197101,0.8117822580289911,1.5948570884656015
4970,25.0,2.764170246070855,14.865869759571659,10.134130240428341,40.536520961713364
1451,2.75,1.6958900954323892,4.451496158155345,1.7014961581553454,61.87258756928529
6275,25.49,3.1480427989487074,22.290435877650467,3.199564122349532,12.552232727930686
1410,30.5,3.04628120225979,20.03696655346643,10.463033446533569,34.30502769355269
5684,20.59,3.761846207332938,42.02779091726607,21.437790917266067,104.11748867054914
4536,10.0,2.440723566561931,10.48134525551153,0.4813452555115294,4.813452555115294
866,15.0,2.3343667974686686,9.322921359532923,5.6770786404670766,37.84719093644718
4638,2.0,0.9287880433002526,1.5314393228807375,0.4685606771192625,23.428033855963125
6358,54.8,3.849613791087927,45.97491759598227,8.825082404017728,16.10416497083527
4679,3.95,2.359445576463601,9.585081207127141,5.635081207127141,142.66028372473772
742,7.1,1.9654583967029087,6.138183960300671,0.9618160396993289,13.54670478449759
1544,6.9,1.8996387922684366,5.683479881619543,1.2165201183804575,17.630726353339963
5509,53.29,3.809006082439007,44.10558534628601,9.184414653713986,17.234780735060962
2706,18.9,2.6078031142303386,12.569208083113129,6.33079191688687,33.49625352850196
3734,7.89,1.9250603275765186,5.855562232879488,2.0344377671205116,25.785016059829047
2589,8.2,2.2408623163484918,8.401434803973995,0.2014348039739957,2.4565219996828747
5283,2.5,1.1808217482158776,2.257049578176578,0.24295042182342197,9.718016872936879
6816,50.709,3.7280570884924593,40.59820796156974,10.110792038430262,19.938851167308094
5944,15.9,2.826462290782121,15.885618626141618,0.014381373858382673,0.09044889219108598
4253,3.7,1.3290745981596959,2.777546021543719,0.9224539784562813,24.931188606926522
748,16.5,2.7329539935914973,14.378247233809015,2.121752766190985,12.85910767388476
4055,5.79,2.2536221062229655,8.522163736488737,2.7321637364887374,47.18762930032362
401,5.3,1.8643276782444482,5.451596878610596,0.15159687861059634,2.860318464350874
3749,20.8,3.0660282222968354,20.456512713499006,0.343487286500995,1.6513811851009377
157,7.5,2.2286875702236646,8.287668664201254,0.787668664201254,10.50224885601672
5434,98.19,4.79592511960091,120.01628455021843,21.826284550218432,22.228622619633803
6483,29.5,3.2947316965626308,25.970176907894665,3.5298230921053353,11.965502007136731
5749,14.3,2.715339393611323,14.109737350088839,0.19026264991116193,1.3305080413367967
4528,12.0,2.7789237524308326,15.101682222968854,3.1016822229688543,25.847351858073786
1820,8.9,1.924370728116751,5.850836270565106,3.0491637294348948,34.26026662286398
2922,9.0,2.333523511657173,9.314219855860197,0.3142198558601965,3.4913317317799613
2864,15.3,2.0340894142713135,6.6452872654332005,8.6547127345668,56.56674989912941
3362,3.3,1.3582223621324263,2.8892734333748575,0.4107265666251423,12.446259594701283
5281,1.6,1.0533057645464918,1.8671134713544073,0.2671134713544072,16.694591959650452
3803,1.4,1.305107178695597,2.688084356593349,1.288084356593349,92.00602547095352
4237,5.4,2.1279921627929683,7.39798807930752,1.99798807930752,36.99977924643555
7295,47.59,3.6327776526377855,36.817715340400184,10.77228465959982,22.635605504517375
2666,4.8,1.5711804690932505,3.812325643777889,0.9876743562221106,20.57654908796064
1782,13.0,1.8578409181752458,5.409882359905009,7.590117640094991,58.385520308423
5910,45.3565,3.6274135028979724,36.61539856635547,8.741101433644523,19.271992842579397
2415,8.0,2.2992922322017924,8.967125547280297,0.9671255472802969,12.089069341003711
535,11.9,2.4258244908706823,10.311551846854243,1.588448153145757,13.348303807947538
5978,119.9,4.730722956948176,112.37749977770532,7.522500222294681,6.273978500662787
2406,1.5,1.1161656217485967,2.0531248946659257,0.5531248946659257,36.87499297772838
3098,5.8,1.866183815213176,5.463583046627827,0.33641695337217303,5.800292299520224
5359,8.0,2.4559940395893842,10.658016320815358,2.658016320815358,33.22520401019198
5154,8.4,2.13030245451964,7.417412310868917,0.9825876891310834,11.697472489655754
1966,8.9,1.7450988587657086,4.726467558954433,4.173532441045567,46.89362293309626
5416,10.5,2.5228371810121843,11.463908911972423,0.9639089119724229,9.180084875927836
1176,7.86,2.7485147149329596,14.619415362485983,6.759415362485982,85.99765092221351
5902,21.5,3.276740083643343,25.489278961532822,3.989278961532822,18.55478586759452
1760,2.8,1.1731177266055905,2.2320536062244227,0.5679463937755771,20.283799777699183
997,5.2,2.112512526229999,7.268991263723171,2.068991263723171,39.7882935331379
473,6.2,1.905730864043528,5.724320396128032,0.47567960387196795,7.672251675354322
2266,2.1,0.8779939381578015,1.4060681403412696,0.6939318596587305,33.044374269463354
4205,15.7,2.7836467662401456,15.177910562510078,0.522089437489921,3.3254104298721083
1882,5.2,2.0642031454904837,6.879016965293268,1.6790169652932674,32.288787794101296
4222,18.9,2.487505132160993,11.031222336253055,7.868777663746943,41.633744252629334
2578,10.8,2.2955957094220696,8.930349853617209,1.8696501463827921,17.311575429470295
3783,2.6,1.4646735905134043,3.3261309196434556,0.7261309196434556,27.92811229397906
469,14.9,2.639628334515986,13.00799635137083,1.8920036486291707,12.698011064625305
5097,14.9,2.6124004092322064,12.631733349035969,2.2682666509640317,15.22326611385256
7040,17.29,3.0106748482704453,19.30109546267742,2.011095462677421,11.63155270490122
4712,10.0,2.5884436621199662,12.309042109949536,2.3090421099495355,23.090421099495355
3997,7.0,2.1289917519891866,7.406386814404678,0.4063868144046783,5.805525920066833
247,6.5,1.397360996698314,3.0445123892221497,3.4554876107778503,53.16134785812078
3780,17.9,2.2710620754446516,8.689686529132244,9.210313470867755,51.45426520037852
2182,9.9,2.7825438381745258,15.160077327103284,5.260077327103284,53.132094213164486
3395,6.5,2.4267380781115353,10.321890658279779,3.821890658279779,58.798317819688904
7097,83.99,4.302272477587675,72.86746527178249,11.122534728217502,13.24268928231635
811,4.0,1.2379925400548666,2.448683417369861,1.5513165826301392,38.78291456575348
6502,26.8,3.296340066702373,26.013589837768347,0.7864101622316539,2.9343662769837833
1419,7.4,2.223308346404269,8.23784234929412,0.8378423492941192,11.322193909379989
6733,13.9,2.8126863639533752,15.654598491225027,1.7545984912250265,12.623010728237603
3625,3.9,1.4892245852147836,3.4336562631320646,0.4663437368679353,11.957531714562442
228,9.0,2.111793477930695,7.263047596765929,1.7369524032340706,19.29947114704523
7107,45.5,3.7997375524660195,43.6894543170098,1.8105456829902025,3.979221281297148
17,18.0,3.337206417766962,27.140404264415274,9.140404264415274,50.780023691195964
1407,10.6,2.4559940395893842,10.658016320815358,0.05801632081535857,0.5473237812769677
7070,59.99,4.3643242115474274,77.59626754064816,17.606267540648155,29.348670679526844
2392,13.5,2.7018394177636536,13.907126955638804,0.4071269556388035,3.0157552269541
6272,47.9,3.673883487921803,38.40463653453475,9.495363465465246,19.82330577341388
5439,109.0,4.594772229482365,97.96559153632256,11.034408463677437,10.123310517135263
6745,45.49,3.743380968541501,41.24056302677355,4.249436973226452,9.341474990605521
5879,10.99,3.011344906587668,19.314702938933113,8.324702938933113,75.74797942614298
2440,3.9,1.9645798878596386,6.131915756306117,2.2319157563061167,57.228609136054274
5831,17.9,2.8997027311272974,17.16874356467074,0.7312564353292572,4.085231482286353
5853,13.5,2.3552177394870313,9.540423678295118,3.9595763217048816,29.330194975591716
4844,9.0,2.2723709536490615,8.70237745226233,0.29762254773767083,3.3069171970852316
6915,25.49,3.704768252901509,39.640627877865555,14.150627877865556,55.514428708770325
6092,21.69,3.0813567086720743,20.787942243370832,0.9020577566291692,4.158864714749512
5461,23.2,2.9732900336182615,18.556154275973356,4.643845724026644,20.01657639666657
2585,5.7,1.9062809578489828,5.728020420710834,0.028020420710833882,0.49158632826024357
543,9.9,1.8996387922684366,5.683479881619543,4.2165201183804575,42.591112306873306
6112,17.0,3.11526418300443,21.539384089228815,4.539384089228815,26.702259348404795
3794,16.5,2.3472751070171403,9.457036561925918,7.042963438074082,42.68462689741868
4119,7.799999,1.8095526545764526,5.107714562849854,2.6922844371501453,34.516471568139245
3153,12.0,2.0496708606941936,6.765344805441693,5.234655194558307,43.62212662131923
1535,10.499,2.4899546540053388,11.06072920228252,0.5617292022825193,5.350311479974467
1832,14.5,2.9451163177000677,18.012873791604285,3.512873791604285,24.226715804167483
6746,33.79,3.6230546508644688,36.45179542978837,2.66179542978837,7.877465018610151
3590,8.99,2.205055744312549,8.070757196887548,0.9192428031124518,10.225170223720264
3289,2.0,1.628129901347553,4.094338888553845,2.094338888553845,104.71694442769225
96,3.8,1.1913585739855115,2.291549985295098,1.508450014704902,39.69605301855005
6679,62.99,4.080237780979012,58.15953518977614,4.830464810223859,7.668621702212826
2094,5.7,1.8996387922684366,5.683479881619543,0.016520118380457305,0.2898266382536369
4773,8.0,2.2965829237835322,8.940158078220557,0.9401580782205574,11.751975977756967
2927,9.5,2.224445433131717,8.248352551593081,1.2516474484069189,13.175236299020199
7038,44.5,3.4799092197267227,31.456775507170427,13.043224492829573,29.310616837819264
156,12.99,2.6878645028430186,13.700250035283847,0.7102500352838472,5.467667708112757
1022,6.4,2.0114897095493904,6.474443807981292,0.07444380798129124,1.1631844997076757
5447,24.49,3.3745870512760123,28.212218141954658,3.7222181419546594,15.198930755225234
4966,5.8,1.913481191289875,5.776638559264771,0.023361440735229166,0.40278346095222706
6458,49.5,4.045632548086906,56.14732303360176,6.647323033601758,13.428935421417693
2716,12.5,2.3012026781487886,8.98618540249982,3.513814597500181,28.110516780001447
1287,15.0,2.6452640600271153,13.087164449061262,1.9128355509387376,12.752237006258252
696,18.0,2.9278568117341006,17.68753663843438,0.3124633615656194,1.735907564253441
425,25.0,3.198781055357725,23.502644618997188,1.4973553810028122,5.989421524011249
6872,47.39,3.6450813843758763,37.28588859791813,10.10411140208187,21.321188862802003
712,10.9,2.5953242105775365,12.400931380883785,1.5009313808837845,13.770012668658573
4173,2.45,1.0529136894226825,1.8659895678268557,0.5840104321731445,23.837160496863042
1811,16.0,2.74952377498144,14.635184245045593,1.3648157549544067,8.530098468465042
5096,18.7,3.192311312964241,23.344630526762238,4.6446305267622385,24.837596399798066
6480,17.9,3.164320633791239,22.67265616600251,4.772656166002513,26.662883608952587
447,31.49,3.470145091272523,31.141405543888517,0.3485944561114813,1.1070004957493849
6748,15.899,2.680509044496219,13.592519647361208,2.3064803526387916,14.507078134717855
4080,5.99,2.1747961345282336,7.800390843467051,1.8103908434670508,30.223553313306358
1009,5.3,1.2324765292701245,2.4297128115800914,2.8702871884199084,54.156362045658646
592,1.5,1.1513677451907722,2.1625154682590138,0.6625154682590138,44.167697883934245
6096,29.85,3.4124097905774966,29.338265106980693,0.5117348930193089,1.7143547504834469
1242,8.5,1.977407547588297,6.223990836171191,2.2760091638288094,26.776578397985993
3058,8.4,2.299111270488342,8.965322042350678,0.5653220423506777,6.730024313698545
131,15.8,2.951227649770537,18.12942355135583,2.3294235513558306,14.743187033897662
2404,4.5,1.7770635459490098,4.912469208554471,0.4124692085544712,9.165982412321583
2306,8.95,2.303911479105118,9.013272661501777,0.06327266150177735,0.7069571117517023
6277,62.5,4.322936637020277,74.40975452619897,11.909754526198967,19.055607241918345
7103,20.89,2.9046257982150205,17.25841004408536,3.6315899559146416,17.384346366274013
624,8.5,1.7061083328743256,4.507486414005411,3.9925135859945886,46.97074807052457
2986,6.0,2.0414235887453294,6.701565260191737,0.701565260191737,11.69275433652895
2127,8.3,2.0795223948603856,7.00064685159405,1.2993531484059506,15.654857209710245
6539,43.9,3.6472783584606385,37.370094167837756,6.5299058321622425,14.87450075663381
4739,3.9,1.7652472140001536,4.8430166550736855,0.9430166550736856,24.179914232658607
3686,17.9,2.9357001697514673,17.834685996939005,0.065314003060994,0.36488269866477097
3844,6.0,2.0343460388571617,6.6472494858776185,0.6472494858776185,10.787491431293644
2815,9.9,2.177669020415901,7.825709713825827,2.0742902861741737,20.95242713307246
2579,3.999999,1.5759412882637336,3.8352908792476983,0.16470812075230157,4.117704048233552
1945,5.6,2.2641658821472834,8.623094457647355,3.023094457647355,53.98382960084563
2436,6.99,1.7652472140001536,4.8430166550736855,2.1469833449263147,30.715069312250563
93,6.5,1.9580646701606386,6.085600812345681,0.41439918765431916,6.375372117758757
6701,35.19,3.260874526833292,25.072328125955053,10.117671874044945,28.751554060940453
1375,4.868,1.944977733154943,5.993476130649818,1.125476130649818,23.119887646873828
3903,5.6,2.413198284512902,10.169627726096838,4.569627726096838,81.60049510887212
3477,13.5,2.283580474253453,8.811748304403226,4.688251695596774,34.72779033775388
6022,42.99,3.7701030028862648,42.384533337866415,0.6054666621335869,1.408389537412391
2223,8.8,1.8643276782444482,5.451596878610596,3.3484031213894045,38.05003547033414
1087,13.9,2.7788448800581538,15.100412295169576,1.200412295169576,8.636059677478963
2531,2.5,1.820788981639885,5.176729854356124,2.6767298543561244,107.06919417424498
6729,78.99,4.246885954390545,68.88744045851581,10.102559541484183,12.789668997954404
6880,17.375,2.905343816500791,17.27152462405679,0.10347537594320855,0.5955417320472435
764,1.8,1.091352703681836,1.9783001064533385,0.1783001064533385,9.905561469629916
4669,6.5,1.8835798130953765,5.577007226654791,0.922992773345209,14.199888820695522
476,12.99,2.6728390671299063,13.481023485065048,0.4910234850650479,3.780011432371423
5594,56.5,4.085907881562294,58.49592849544737,1.995928495447373,3.5326168061015455
2622,1.5,1.202475387605848,2.328345679496465,0.828345679496465,55.22304529976433
5111,5.7,2.085903109693497,7.051859911845881,1.3518599118458807,23.716840558699662
6466,21.6,3.068841458638107,20.516959941123872,1.0830400588761293,5.014074346648746
4461,10.0,2.011074713391791,6.471342586062883,3.5286574139371174,35.286574139371176
6338,13.5,2.787607414266193,15.242112629012333,1.7421126290123325,12.904537992683945
7034,23.29,2.96460911660312,18.387123655450512,4.902876344549487,21.051422690208188
2181,20.0,2.919810267669734,17.537769911777836,2.4622300882221637,12.311150441110819
6334,34.0,3.443295874250944,30.289916035592753,3.7100839644072465,10.912011660021314
2620,10.0,2.050771578213608,6.773896962404366,3.2261030375956343,32.261030375956345
5170,8.9,2.709266191045138,14.018250943376847,5.118250943376847,57.50843756603198
752,6.8,1.9216414493964504,5.832163921528831,0.9678360784711693,14.232883506928959
2283,11.5,2.418035312869256,10.223786410087843,1.2762135899121567,11.097509477497015
2799,8.0,1.7834159786758617,4.950147318577755,3.0498526814222453,38.123158517778066
3049,14.9,3.034191621793531,19.784169636900412,4.8841696369004115,32.77966199262021
351,3.5,1.998431626151688,6.377476379619492,2.877476379619492,82.2136108462712
487,1.8,1.3510775638156904,2.8615843931880214,1.0615843931880213,58.976910732667854
927,5.0,1.8643276782444482,5.451596878610596,0.45159687861059616,9.031937572211923
3318,6.5,1.7502490696801112,4.756036151563649,1.7439638484363513,26.83021305286694
1061,18.0,2.7827435891080867,15.163305640054318,2.8366943599456818,15.759413110809342
6018,39.39,3.7902114034834002,43.265757222175125,3.8757572221751246,9.839444585364623
2191,3.5,1.8671980195131013,5.470141765724999,1.9701417657249989,56.28976473499997
4608,2.1,1.5426699455781412,3.6770611139837337,1.5770611139837336,75.0981482849397
6128,27.9,2.943402927582375,17.980325213709424,9.919674786290575,35.55438991501998
561,12.99,2.558817369657395,11.920528068025313,1.0694719319746877,8.233040276941399
3535,9.9,2.2237345642682205,8.2417805219279,1.6582194780721,16.74969169769798
5501,21.99,3.1190006245832826,21.62375871336566,0.3662412866343381,1.6654901620479223
2966,9.5,2.3456376792549523,9.439927930845553,0.060072069154447405,0.6323375700468148
6026,37.49,3.786484250391651,43.101079049304325,5.6110790493043226,14.966868629779468
334,13.5,2.7486938403947097,14.622213448071758,1.1222134480717578,8.312692207938948
2225,6.8,1.8487845918431667,5.3520944415922775,1.4479055584077223,21.292728800113565
4847,13.0,2.4876753552030166,11.03327050183594,1.9667294981640602,15.128688447415847
5507,25.5,3.0751385412323105,20.652881520611423,4.847118479388577,19.008307762308142
3213,12.5,1.9433146402012154,5.981854995967029,6.518145004032971,52.145160032263774
1103,7.9,2.3675881860069836,9.671623251259666,1.7716232512596655,22.425610775438802
2110,26.99,3.04628120225979,20.03696655346643,6.953033446533567,25.761517030505992
23,12.99,2.8068808606949314,15.558190285270353,2.5681902852703526,19.770517977446904
4151,21.99,3.129001564343634,21.85115274310413,0.1388472568958683,0.6314108999357357
1005,3.2,1.2135846229635652,2.3655272017466307,0.8344727982533695,26.077274945417795
1643,9.7,2.308034918107622,9.054647024244296,0.6453529757557028,6.653123461398999
2550,59.7,3.9660196809428436,51.7740546608933,7.925945339106704,13.276290350262485
3038,8.69,1.969808183111192,6.169301163401463,2.5206988365985366,29.006891100098237
4030,1.7,1.657681050539994,4.247128898521688,2.547128898521688,149.83111167774638
3817,7.999,2.183781459524214,7.879821536172145,0.11917846382785502,1.4899170374778725
1671,14.9,2.800311216089451,15.449765406217043,0.549765406217043,3.6897007128660597
1372,14.3,2.5953242105775365,12.400931380883785,1.8990686191162158,13.28020013367983
3203,30.99,3.505509656555523,32.298410281599075,1.3084102815990768,4.222040276215156
445,6.9,2.1545634846435724,7.624124794295968,0.7241247942959674,10.49456223617344
5433,62.99,3.881036036311757,47.47441031408466,15.515589685915344,24.631829950651444
7125,59.999,4.281225276336172,71.32900875849774,11.330008758497733,18.88366265854053
3399,22.5,3.1884885081322523,23.251743413324323,0.7517434133243235,3.341081836996993
3939,2.0,1.1955147479811072,2.3052587079340054,0.30525870793400545,15.262935396700271
5206,20.49,3.1441263453333295,22.199398354338086,1.709398354338088,8.342598117804236
6378,83.79,4.496338006211719,88.68809196257307,4.898091962573062,5.845676050331856
2592,16.99,2.6728390671299063,13.481023485065048,3.5089765149349503,20.653187256827255
3887,11.0,2.7762278220402754,15.058331669817829,4.058331669817829,36.89392427107117
3518,1.2,1.446105606793253,3.2465445568699494,2.046544556869949,170.54537973916243
4295,10.9,2.509220730175323,11.295344935004087,0.3953449350040863,3.6270177523310667
1128,10.8,1.8611881557043555,5.431373706953209,5.368626293046792,49.70950271339622
2570,7.5,1.8996387922684366,5.683479881619543,1.8165201183804571,24.220268245072763
5277,9.6,2.263644701597037,8.618080394712383,0.9819196052876169,10.22832922174601
1783,10.6,2.423170115983309,10.281566561394714,0.31843343860528606,3.004089043446095
2523,18.0,2.7621462831127532,14.833790301648424,3.166209698351576,17.590053879730977
4248,5.15,1.271329242897941,2.5655889475404434,2.584411052459557,50.18273888270984
1844,6.49,1.919514701959794,5.817649074599606,0.6723509254003943,10.359798542378956
5291,7.9,1.8749850808177562,5.520721835766982,2.3792781642330185,30.117445116873654
6129,24.49,3.1938651652681616,23.38248789175417,1.1075121082458281,4.5223034228086085
6060,5.69,2.4824222407025465,10.970224094055638,5.2802240940556375,92.79831448252438
2515,6.699,2.1139113022843126,7.280565823917808,0.5815658239178081,8.681382652900554
5040,17.5,2.709266191045138,14.018250943376847,3.481749056623153,19.895708894989447
6799,56.99,3.442922611459367,30.278238853649437,26.711761146350565,46.87096182900608
3554,3.5,1.5467995481725656,3.696415453053624,0.19641545305362396,5.611870087246399
3878,4.2,2.3573454442447095,9.562874463755094,5.362874463755094,127.68748723226413
5945,29.7,3.3300558715677293,26.939902705794648,2.7600972942053517,9.293256882846302
2264,14.5,2.649167746298037,13.142263794826592,1.357736205173408,9.36369796671316
2462,4.9,1.7100059542063109,4.528994398299335,0.37100560170066554,7.571542891850316
1775,6.6,2.388908755094389,9.901591143989798,3.301591143989798,50.02410824226967
6861,28.05,3.184353989983745,23.1516811372379,4.8983188627621,17.462812344962924
378,7.8,2.223308346404269,8.23784234929412,0.4378423492941197,5.613363452488715
6853,9.999,2.6889624405725674,13.716398858010027,3.717398858010027,37.17770635073534
4913,1.6,0.945231843966691,1.5734099389993674,0.02659006100063266,1.6618788125395412
5246,8.2,2.3472751070171403,9.457036561925918,1.2570365619259185,15.329714169828277
199,1.5,1.1601623193324286,2.190451105981818,0.6904511059818179,46.030073732121195
2446,11.0,2.7574333458020965,14.759342212956108,3.759342212956108,34.17583829960098
2957,3.8,1.826918918901671,5.214709107138692,1.414709107138692,37.22918702996558
1328,11.49,2.6732056626688614,13.486333136862045,1.9963331368620452,17.37452686564008
1193,10.5,2.299111270488342,8.965322042350678,1.534677957649322,14.61598054904116
5686,12.75,2.677240274382631,13.544897929881998,0.7948979298819978,6.234493567701944
1075,9.3,2.558817369657395,11.920528068025313,2.620528068025312,28.17772116156249
5427,3.4,1.529556827866889,3.6161306284678902,0.21613062846789033,6.356783190232068
6969,24.5,3.173833365418654,22.89892228919949,1.60107771080051,6.5350110644918775
2063,10.5,2.7778870627536687,15.084998424678268,4.584998424678268,43.66665166360256
965,14.5,2.7788448800581538,15.100412295169576,0.6004122951695763,4.140774449445353
5060,9.49,2.299111270488342,8.965322042350678,0.5246779576493221,5.528745602205713
1467,9.4,2.1884238605536415,7.921141065516123,1.4788589344838776,15.732541856211462
5975,18.46,3.1245681366553097,21.75006805122925,3.290068051229248,17.822687168089104
3296,51.0,3.322960405601023,26.74235774260742,24.25764225739258,47.564004426259956
5414,7.5,2.133108971118033,7.4410690992917825,0.05893090070821749,0.7857453427762333
7126,29.95,3.300241495074373,26.119187280076922,3.8308127199230775,12.790693555669709
5724,62.05,3.6965248520061893,39.306987942836074,22.743012057163924,36.65271886730689
2755,6.0,1.9668134255359149,6.147862961564104,0.14786296156410383,2.4643826927350636
4022,6.5,2.028255453384187,6.600814809973967,0.10081480997396675,1.5509970765225654
3091,6.5,2.165286847537935,7.717102037514758,1.217102037514758,18.724646730996277
2022,5.89,1.8382617412331415,5.285602755316411,0.6043972446835886,10.261413322302014
5090,8.6,2.442900803551722,10.50637009771488,1.9063700977148805,22.167094159475358
2907,7.0,2.010819843094801,6.469438605403427,0.5305613945965728,7.579448494236754
5744,42.345,3.4784557630045883,31.409635255087643,10.935364744912356,25.824453288256834
5769,15.1,2.885508794572993,16.912679151308392,1.8126791513083926,12.004497690784058
6155,18.49,2.9482512326124226,18.072571057213885,0.4174289427861133,2.2575929842407425
6547,13.79,2.466934842131658,10.786264666039648,3.0037353339603516,21.78198211718892
2850,6.699999,1.9216414493964504,5.832163921528831,0.8678350784711695,12.952764298489738
2132,16.5,2.415662875006773,10.197190235608423,6.3028097643915775,38.19884705691865
6114,86.19,4.525255364560787,91.31949794683327,5.129497946833268,5.951384089608155
6570,20.79,3.1497523888702292,22.330287026950277,1.5402870269502777,7.408788008418845
6434,31.0,3.5415559303399586,33.5205890586116,2.5205890586115984,8.130932447134189
4246,7.5,1.9826779445846299,6.262164642970984,1.2378353570290157,16.504471427053545
1701,4.5,2.277733504612367,8.754546700923651,4.254546700923651,94.54548224274781
6332,39.999,3.6330763804789945,36.82901423242607,3.169985767573934,7.925162547998534
3927,19.5,3.198102590342646,23.486026070035802,3.986026070035802,20.441159333516936
5780,66.99,4.336684673670601,75.45364990916825,8.463649909168254,12.634198998609127
547,12.4,2.4852387303289416,11.003985628229458,1.3960143717705424,11.258180417504374
6811,37.99,3.792187180974496,43.353302965896624,5.363302965896622,14.11767034982001
6203,33.3,3.7484601042728585,41.455654356380855,8.155654356380857,24.49145452366624
1263,19.9,2.8604341732109417,16.469109909840796,3.4308900901592025,17.240653719392977
5231,2.299,1.412087319643083,3.1045139012955936,0.8055139012955936,35.03757726383617
3011,13.29,2.4573422764578248,10.673744688632137,2.616255311367862,19.685893990728832
5865,13.69,2.643089267178488,13.056561074622069,0.6334389253779307,4.627019177340619
1789,11.9,2.44426471850025,10.522074515204807,1.3779254847951936,11.579205754581459
6610,21.49,3.3882659809289026,28.614555517722817,7.124555517722818,33.152887471953555
3018,6.4,1.7971107030034714,5.032193463202817,1.3678065367971834,21.371977137455993
5494,26.59,3.244345483080102,24.644919532242074,1.9450804677579256,7.315082616614989
4715,13.8,2.6586588806440457,13.277128919564374,0.5228710804356265,3.788920872721931
2199,5.9,2.1473428727380446,7.562077615012704,1.662077615012704,28.170807034113626
1244,2.5,0.9211458512161621,1.5121673113284708,0.9878326886715292,39.513307546861164
7130,10.89,3.0834839041077347,20.834338784423334,9.944338784423334,91.316242281206
5008,38.0,1.6543170910957519,4.22950742528638,33.77049257471362,88.86971730187796
5482,12.726,2.6625285010860584,13.332483020091747,0.6064830200917459,4.765700299322222
4837,8.5,2.3343667974686686,9.322921359532923,0.8229213595329234,9.681427759210864
7202,35.29,3.598630239711085,35.5481379534169,0.2581379534168988,0.7314762069053523
6764,20.99,2.913114634017085,17.4140624079402,3.575937592059798,17.036386813052875
3915,5.2,1.7833577158642142,4.949800656364114,0.25019934363588625,4.811525839151658
6083,32.299,3.3057407651164104,26.268733835815894,6.0302661641841055,18.670132710561024
518,13.29,2.805811006626322,15.540484910797083,2.250484910797084,16.933671262581523
611,12.5,2.333300112166982,9.311915921761111,3.188084078238889,25.504672625911113
5806,11.22,2.361330894478113,9.60505627517317,1.61494372482683,14.393437832681194
5672,16.5,2.8008157318861193,15.458066666598384,1.0419333334016159,6.314747475161308
2288,7.5,1.8970895347516874,5.666463668862711,1.8335363311372888,24.44715108183052
957,10.99,2.4291148599527252,10.34883232695576,0.6411676730442402,5.834100755634578
4401,6.15,2.2208900495374726,8.215529494512358,2.065529494512358,33.58584543922533
491,25.8,2.668009623930816,13.411256807383094,12.388743192616907,48.01838446750739
1330,4.9,2.0343460388571617,6.6472494858776185,1.7472494858776182,35.65815277301262
3458,21.5,3.069215178348249,20.525002755941806,0.9749972440581942,4.534870902596253
323,5.89,1.342692771255705,2.8293411743530172,3.0606588256469824,51.96364729451584
5362,7.2,2.1305870109239,7.419807880270412,0.21980788027041154,3.0528872259779383
7010,22.79,3.0811998224508605,20.784524283566657,2.0054757164333417,8.79980568860615
4247,10.5,2.4569819080947775,10.669538598284529,0.16953859828452877,1.614653316995512
2031,4.75,1.4915304995979344,3.443891691354392,1.3061083086456078,27.49701702411806
5516,32.0,3.77990311582206,42.81179686002379,10.81179686002379,33.78686518757434
1153,6.3,1.7534855198638197,4.774695454488593,1.525304545511407,24.211183262085825
6685,15.7,2.87067264785111,16.648885693103892,0.9488856931038931,6.043857917859192
7286,6.6,2.069029063916541,6.91713235535293,0.31713235535293016,4.805035687165609
6854,21.69,3.119913120060047,21.644412212538214,0.0455877874617876,0.2101788264720498
1606,6.4,1.955645518044044,6.068480382954136,0.3315196170458643,5.17999401634163
324,23.9,2.9789111998079703,18.66639221179883,5.233607788201169,21.89794053640657
2083,7.99,2.065676165408217,6.890631466310888,1.0993685336891126,13.759305803368116
2687,10.8,2.234436818232675,8.341219565979756,2.4587804340202446,22.766485500187446
6858,35.35,3.4699977450653323,31.13666997858021,4.213330021419793,11.918896807411013
586,7.89,1.959641638484808,6.096783395356624,1.7932166046433755,22.727713620321616
4125,9.8,2.566354261852725,12.018276592511855,2.218276592511854,22.635475433794426
3245,8.99,2.497455233400792,11.15153176946112,2.161531769461119,24.043734921703212
4556,4.4,2.0406532396875914,6.695634651263228,2.295634651263228,52.173514801436994
706,24.9,3.1672346508533544,22.741739295800382,2.1582607041996162,8.667713671484403
1978,6.4,2.0823792237802,7.02353601053508,0.62353601053508,9.742750164610625
4160,7.4,1.267820014663706,2.5530984110238406,4.846901588976159,65.49867012129945
4995,4.39,1.3414747152261823,2.8246796618145655,1.5653203381854341,35.656499730875495
6812,9.8,2.4868831788949013,11.023741804737591,1.2237418047375908,12.487161272832557
6202,17.34,2.8925902288866596,17.039976805124276,0.30002319487572393,1.7302375713709568
5939,27.79,3.087144244529718,20.914406345131688,6.875593654868311,24.741251007082806
6218,29.3,3.322648638115012,26.733709925602117,2.566290074397884,8.758669195897214
4453,9.5,2.095864973699378,7.132472303468489,2.3675276965315106,24.921344174015903
3801,8.9,2.3343667974686686,9.322921359532923,0.4229213595329231,4.751925388010371
2572,56.99,3.580324195793555,34.88517278351586,22.10482721648414,38.78720339793673
208,2.25,1.6434532068475711,4.173002151069344,1.923002151069344,85.46676226974861
3682,29.8,3.1792697334605773,23.029199422940362,6.770800577059639,22.720807305569256
747,2.5,1.8290614435260255,5.228038548663315,2.7280385486633154,109.1215419465326
5101,9.9,1.9645298488366396,6.131558891138227,3.768441108861773,38.065061705674474
6260,40.99,3.735960663093751,40.92828517819828,0.06171482180172205,0.15056067773047585
798,5.0,1.368102845091091,2.9278918031545373,2.0721081968454627,41.44216393690925
88,6.99,2.608790133487831,12.582607764584072,5.592607764584072,80.00869477230431
734,1.7,1.8558237138168399,5.396965349776369,3.6969653497763693,217.46854998684526
1221,4.8,2.0774385256666767,6.98399190947769,2.1839919094776903,45.49983144745188
3574,14.5,2.388908755094389,9.901591143989798,4.598408856010202,31.713164524208292
1480,6.9,1.6221998806892373,4.064218748495522,2.8357812515044785,41.09827900731128
3936,10.49,3.0438483171742723,19.98584823900021,9.495848239000209,90.5228621449019
6199,28.99,3.2619289296867087,25.099833361377357,3.8901666386226417,13.418994959029465
852,13.5,2.426174200441869,10.315508296563907,3.184491703436093,23.588827432859947
486,7.89,2.016392301153379,6.511177926051613,1.3788220739483865,17.475564942311618
2678,3.6,1.5746495324829828,3.829048896729284,0.22904889672928386,6.3624693535912185
3195,4.0,1.5873880772763762,3.890957427547674,0.10904257245232607,2.7260643113081517
1430,8.4,2.317618310389827,9.15146784588191,0.7514678458819102,8.946045784308454
1536,14.9,2.8420728908154578,16.151281447912684,1.2512814479126835,8.397862066528077
1891,6.0,2.6882733038574282,13.70626074091792,7.706260740917919,128.43767901529867
6513,39.99,2.999590100491425,19.077305558604788,20.912694441395214,52.294809805939515
1919,5.6,2.177618597095359,7.825264703455463,2.225264703455464,39.736869704561855
4302,14.8,2.7957982853725802,15.37569601535602,0.5756960153560193,3.8898379415947253
198,5.0,1.4392373180532507,3.21747799573728,1.7825220042627201,35.6504400852544
4629,6.6,1.9333915182540107,5.912915809096542,0.687084190903458,10.410366528840273
2882,3.85,2.2270498900740674,8.272470881544043,4.422470881544044,114.86937354659854
1057,8.9,2.388908755094389,9.901591143989798,1.0015911439897973,11.253833078537049
73,7.0,1.9994403461569676,6.3849219422447465,0.6150780577552535,8.786829396503622
548,27.8,3.187528387542111,23.228469989560903,4.571530010439098,16.444352555536323
6352,13.69,2.906078581521527,17.284954834646314,3.5949548346463143,26.259713912683086
2963,4.0,1.9708497061338373,6.176772045491922,2.176772045491922,54.41930113729805
6569,27.3,3.6327152393492863,36.81535508607865,9.515355086078646,34.85478053508662
1512,34.99,2.9592418568163588,18.28334667441151,16.70665332558849,47.746937198023694
3912,10.9,2.3926719662665636,9.942693423349082,0.9573065766509181,8.782629143586403
1582,1.9,1.3972749263828765,3.0441642917456626,1.1441642917456627,60.21917324977173
6697,15.44,2.96460911660312,18.387123655450512,2.947123655450513,19.087588442037003
5822,10.08,2.530228114661218,11.55637010211153,1.4763701021115292,14.64652879078898
2865,6.9,2.0343460388571617,6.6472494858776185,0.2527505141223818,3.6630509293098807
3647,10.8,2.4559940395893842,10.658016320815358,0.1419836791846425,1.3146636961540972
5349,20.499,2.5959285443422,12.409032463827613,8.089967536172386,39.46518140481188
4428,3.0,1.434759096534404,3.198633421603355,0.19863342160335495,6.621114053445165
6213,25.55,3.048830251016053,20.09065921042231,5.459340789577691,21.36728293376787
4359,28.8,3.521942322826114,32.85011249957299,4.050112499572986,14.062890623517314
1452,3.6,1.8499736501291872,5.359651944386861,1.7596519443868606,48.879220677412796
7037,24.89,2.992588195102643,18.937217179747712,5.952782820252288,23.91636327943868
2020,1.9,1.2577079034891772,2.517350134768284,0.6173501347682842,32.49211235622548
4903,29.49,3.3896059363918294,28.654264301230267,0.8357356987697315,2.833963034146258
5220,6.9,1.9333915182540107,5.912915809096542,0.9870841909034587,14.305567984108094
6818,12.35,2.828001993419834,15.911637483190912,3.5616374831909123,28.839169904379858
4814,10.0,2.70298721007581,13.92424706464003,3.9242470646400296,39.24247064640029
5267,8.8,2.317657517829598,9.1518658667487,0.3518658667486996,3.9984757585079493
2098,9.2,2.5877069457900674,12.299240732152672,3.0992407321526727,33.687399262529055
1880,13.5,2.1456432540753076,7.547537707755415,5.952462292244585,44.092313275885815
937,9.5,2.299111270488342,8.965322042350678,0.5346779576493219,5.6281890278876
7120,29.999,3.434425534431986,30.013591206850904,0.014591206850905536,0.048638977468934086
2855,13.5,2.454634536386121,10.642177978861255,2.8578220211387446,21.169052008435145
6139,14.99,2.9471002234834573,18.05063098284936,3.060630982849359,20.417818431283248
5985,12.49,2.455337868426004,10.650369175875799,1.8396308241242014,14.728829656718986
1295,7.0,2.3880586533760435,9.892327620652019,2.8923276206520185,41.31896600931455
1175,45.9,3.4756463381219307,31.318710602160024,14.581289397839974,31.767515027973804
2197,5.5,1.586997660911209,3.8890482904300603,1.6109517095699397,29.29003108308981
2614,41.9,3.6209844151108554,36.374341585374715,5.525658414625283,13.187728913186833
6148,27.36,2.9600281331528766,18.29851467592936,9.061485324070638,33.119463903766956
4335,4.0,2.002367050494393,6.406567084339993,2.4065670843399927,60.164177108499814
4914,11.5,2.5228371810121843,11.463908911972423,0.0360910880275771,0.3138355480658878
1321,7.2,1.8936882546238645,5.643827675961795,1.5561723240382053,21.613504500530627
1181,12.79,2.8068808606949314,15.558190285270353,2.7681902852703537,21.643395506414027
6150,22.799,3.108816077524219,21.39451532963035,1.4044846703696479,6.160290672264783
3438,12.6,2.280418726990824,8.780775026700573,3.819224973299427,30.311309311900214
6343,34.99,3.4180860467783587,29.510962546181947,5.479037453818055,15.658866687105045
4301,12.6,2.5228371810121843,11.463908911972423,1.1360910880275767,9.0165959367268
620,7.9,2.170605582078002,7.763589506875421,0.1364104931245791,1.7267151028427734
6864,24.89,3.1980684780385613,23.48519080951509,1.4048091904849116,5.6440706729004075
5159,16.0,2.514957814048941,11.366087092963461,4.633912907036539,28.96195566897837
2492,15.5,2.386541413161352,9.875813873982555,5.624186126017445,36.28507178075771
478,14.0,2.689974448935086,13.73129951524363,0.2687004847563692,1.9192891768312088
3968,5.3,2.0194333670229394,6.5340546801102075,1.2340546801102077,23.284050568117127
2276,3.7,1.9289455081634024,5.882249138333274,2.1822491383332734,58.979706441439816
5227,6.9,2.1720840269380988,7.776555573183137,0.8765555731831363,12.703703959175888
1897,12.5,1.8337982378799391,5.257609466885069,7.242390533114931,57.93912426491945
7044,14.766,2.832478988459837,15.98752053760391,1.2215205376039098,8.272521587457062
2206,1.4,1.093616467282038,1.985049910923121,0.5850499109231211,41.78927935165151
1033,4.5,1.8151860003039633,5.142218525715875,0.642218525715875,14.271522793686112
5948,10.59,2.1859992384369256,7.899536871169923,2.6904631288300767,25.40569526751725
286,12.3,2.951227649770537,18.12942355135583,5.829423551355831,47.393687409396996
550,3.2,1.2755784671974073,2.5807721703523336,0.6192278296476665,19.35086967648958
7008,10.099,2.444591795909465,10.525843741866865,0.4268437418668647,4.226594136715167
5668,25.79,3.4680655685847226,31.074636210075987,5.284636210075988,20.491028344614143
5015,2.5,0.8396406941765294,1.3155348421414028,1.1844651578585972,47.378606314343884
2825,12.5,2.5462144765531156,11.75871383942584,0.7412861605741607,5.930289284593286
1055,10.799,2.353381501848398,9.521086714673416,1.2779132853265835,11.83362612581335
2091,6.5,1.8172007550781404,5.154606064550775,1.3453939354492253,20.69836823768039
6540,25.79,3.119913120060047,21.644412212538214,4.1455877874617855,16.0744001064823
2571,3.5,1.3599489830914877,2.8959945351282643,0.6040054648717357,17.257298996335305
1677,10.3,2.0513689465405047,6.778542229555861,3.5214577704441394,34.18891039266155
1174,1.8,0.9211458512161621,1.5121673113284708,0.2878326886715292,15.990704926196067
6021,78.2,4.27644810492709,70.98430469655533,7.215695303444676,9.227231845837181
5916,12.54,2.975386282263694,18.59719183532086,6.057191835320861,48.302965193946264
5389,3.9,1.6131560041984472,4.018625062210555,0.11862506221055513,3.041668261809106
2087,14.0,2.573047278866529,12.10570037731929,1.8942996226807107,13.530711590576505
1370,46.5,3.580324195793555,34.88517278351586,11.614827216484137,24.978123046202448
6314,16.899,2.9448376475854317,18.007576210058332,1.108576210058331,6.560010711038114
2934,5.0,1.8163145759469672,5.149154397029545,0.14915439702954458,2.9830879405908917
3107,16.99,2.7629513101514287,14.846542063033654,2.1434579369663442,12.61599727466948
1188,7.8,1.9240677937847923,5.848761231372298,1.951238768627702,25.0158816490731
2029,6.699999,2.112512526229999,7.268991263723171,0.568992263723171,8.492423114140331
4209,4.888888,1.8835798130953765,5.577007226654791,0.6881192266547913,14.075168558878651
5027,4.5,1.8700822716629057,5.488830224179935,0.9888302241799352,21.97400498177634
7009,23.5,3.42064330539582,29.589086817488287,6.089086817488287,25.911007733992708
7093,40.9,3.8270511111690464,44.92690501162607,4.02690501162607,9.845733524758119
3956,7.2,2.3998069314594628,10.021048357499478,2.8210483574994774,39.18122718749274
833,9.0,2.0271787526086276,6.592635410946012,2.407364589053988,26.7484954339332
1393,5.4,2.1618769790139365,7.687428485863137,2.2874284858631366,42.35978677524327
549,24.9,3.1066716541009787,21.346543460788403,3.553456539211595,14.270909796030503
1020,5.5,1.8996387922684366,5.683479881619543,0.18347988161954287,3.335997847628052
248,3.6,1.5205446708082355,3.574716231070324,0.025283768929675876,0.7023269147132188
2648,6.5,1.5775560964307305,3.8431052541094193,2.6568947458905807,40.87530378293201
296,6.3,2.06756839012441,6.90557644937175,0.6055764493717506,9.612324593202391
1559,7.39,1.7304022790398224,4.642923481736853,2.747076518263147,37.172889286375465
1563,12.8,2.493167189764882,11.099537028519817,1.7004629714801833,13.284866964688932
6766,13.69,2.728877135421663,14.315679926614603,0.6256799266146036,4.570342780238156
3260,9.7,2.2341667483003937,8.338697124077337,1.3613028759226626,14.034050267243947
100,1.4,1.0267864918346443,1.792079034079776,0.3920790340797762,28.005645291412584
4204,43.5,3.55974260628647,34.1541475239216,9.345852476078399,21.48471833581241
3197,7.0,1.6613166760047955,4.266240213703574,2.7337597862964262,39.05371123280609
2937,17.5,2.674589993461249,13.506400900899258,3.9935990991007415,22.820566280575665
7017,15.99,2.6183056252867436,12.712469828219172,3.2775301717808283,20.497374432650584
1499,6.0,1.956766027083582,6.076405118158598,0.07640511815859785,1.2734186359766309
4872,7.0,2.1010827414380873,7.175016551569502,0.17501655156950235,2.5002364509928907
1656,5.0,1.873998447411478,5.51429144651083,0.5142914465108301,10.285828930216603
6788,13.29,2.752038011271888,14.674544252127289,1.3845442521272897,10.417940196593603
346,4.0,1.5205446708082355,3.574716231070324,0.4252837689296758,10.632094223241895
1718,7.5,2.223308346404269,8.23784234929412,0.7378423492941195,9.83789799058826
1665,1.7,1.0339713969195736,1.8122120973932954,0.1122120973932954,6.6007116113703175
681,6.0,2.048052450108736,6.752787453425457,0.7527874534254568,12.546457557090948
6514,69.99,4.016653378879763,54.515006904597165,15.47499309540283,22.11029160651926
3898,3.9,1.756631120378757,4.792888939199534,0.8928889391995338,22.894588184603432
6186,20.45,3.1153352095721183,21.540985041172867,1.0909850411728677,5.334890176884439
6408,54.999,3.8163867486635903,44.439726190776504,10.559273809223498,19.1990287263832
7289,23.79,3.2914900077210456,25.882889542035322,2.092889542035323,8.7973499034692
5761,17.75,2.8259238932940445,15.87652989838233,1.87347010161767,10.554761135874198
7063,49.59,3.7846105166688635,43.01852273870368,6.571477261296323,13.251617788458
1793,3.8,1.9151496031305162,5.78795422024332,1.9879542202433198,52.31458474324526
3542,5.9,2.2221130726964478,8.226807195545385,2.326807195545385,39.43741009398957
6741,18.8,3.079063188127774,20.73802841129716,1.9380284112971609,10.30866176221894
1706,6.2,2.129331355703003,7.409242139398673,1.2092421393986728,19.50390547417214
1414,5.6,1.7395347875510574,4.694693564007273,0.9053064359927268,16.16618635701298
4761,2.9,1.5057503338366849,3.5075345174012957,0.6075345174012958,20.949466117286065
3066,8.8,1.8996387922684366,5.683479881619543,3.116520118380458,35.41500134523247
2991,8.0,2.172824521322641,7.783056970127587,0.21694302987241265,2.711787873405158
6041,9.75,2.4248612301782666,10.300661119736718,0.5506611197367182,5.647806356274032
84,37.9,3.5556814004770607,34.011668809294136,3.8883311907058626,10.25944905199436
5327,9.5,2.1289917519891866,7.406386814404678,2.0936131855953217,22.038033532582336
3207,9.0,2.459427511927749,10.698112592702936,1.6981125927029357,18.867917696699283
5025,3.99,1.5679816106848892,3.7969562907264605,0.19304370927353975,4.838188202344354
1561,1.2,0.8823208106351149,1.4165014458699843,0.21650144586998432,18.04178715583203
6072,8.39,3.6467724020596584,37.35068548347541,28.96068548347541,345.1809950354637
2948,8.9,2.4899546540053388,11.06072920228252,2.1607292022825195,24.277856205421568
3528,7.8,2.1618769790139365,7.687428485863137,0.11257151413686284,1.4432245402161903
1297,5.0,1.850385360677022,5.362270819245131,0.36227081924513094,7.245416384902619
4866,8.499,2.2019370091194115,8.042511974767288,0.45648802523271215,5.371079247355126
6289,13.28,2.661702344249866,13.320647031129889,0.040647031129889655,0.30607704164073535
4506,14.2,2.6179875473174112,12.70810888725807,1.4918911127419285,10.506275441844567
1912,18.5,2.702960809248792,13.923853057375986,4.576146942624014,24.735929419589265
6456,79.99,3.888357205205636,47.830601937568915,32.15939806243108,40.20427311217787
5998,9.494,2.3774925823067536,9.777844396932585,0.2838443969325848,2.9897240039244237
6127,18.99,2.9323576503140023,17.771835790429954,1.2181642095700447,6.414766769721142
6875,44.199,3.3110728975232253,26.414522672467125,17.784477327532873,40.2372843899927
1817,12.2,2.4031957559470793,10.058460111182631,2.141539888817368,17.553605646044
3722,7.6,2.2807690721608207,8.784202274314769,1.184202274314769,15.581608872562752
5451,9.79,2.5517644390475542,11.829721084220484,2.039721084220485,20.83474039040332
6187,36.99,3.62914900271342,36.68073676444107,0.3092632355589302,0.836072548145256
7164,8.99,2.5993372632960576,12.454818077751648,3.464818077751648,38.54080175474581
3089,1.2,0.9572621553007155,1.6045558335191679,0.4045558335191679,33.71298612659733
4845,6.0,1.8490370563724874,5.353698322578685,0.6463016774213148,10.771694623688582
3142,3.2,1.3745735019721967,2.953390250162658,0.2466097498373423,7.706554682416947
1623,5.5,1.8946098242088154,5.649953247612346,0.14995324761234574,2.726422683860832
6834,18.38,2.9804076891564444,18.69584479050532,0.3158447905053201,1.7184156175479877
5459,16.79,3.230364902769672,24.28888327105681,7.498883271056812,44.66279494375707
5605,47.95,3.9172238372610333,49.260718981759766,1.3107189817597629,2.733511953617858
6392,26.4,3.459892869679424,30.813568134347612,4.413568134347614,16.718061114953084
1199,2.0,1.4355849210589657,3.202102188151665,1.202102188151665,60.10510940758324
373,6.0,1.6020781927704235,3.9633364837735154,2.0366635162264846,33.94439193710808
2457,5.7,1.8936882546238645,5.643827675961795,0.05617232403820527,0.9854793690913204
5260,4.99,1.7304022790398224,4.642923481736853,0.34707651826314745,6.955441247758467
3819,21.09,3.1137766992214018,21.50588204396839,0.41588204396839146,1.971939516208589
7284,23.3,3.4367084686569234,30.084474075332913,6.784474075332913,29.117914486407347
1317,8.0,2.372916416943312,9.728635877745447,1.7286358777454467,21.607948471818084
1446,13.0,2.7377928094747452,14.452840065726559,1.4528400657265585,11.17569281328122
3799,18.9,2.9023222653683702,17.216399601614803,1.6836003983851953,8.907938615794684
3482,3.7,1.7970876816469854,5.032054595525175,1.3320545955251752,36.00147555473446
1488,6.399,1.969808183111192,6.169301163401463,0.22969883659853707,3.5896051976642767
4486,4.0,1.4782327802666393,3.3851892363134963,0.6148107636865037,15.37026909216259
6067,102.0,4.359890767354157,77.24858665609125,24.75141334390875,24.26609151363603
812,5.123,1.5160613128020417,3.554252048835666,1.568747951164334,30.62166603873383
3580,34.5,3.3372976220380823,27.142970906517824,7.357029093482176,21.324722010093264
4317,3.95,1.4580649083903077,3.297635158996477,0.6523648410035232,16.5155655950259
3366,3.9,1.3135238784989296,2.7192568562343515,1.1807431437656484,30.275465224760218
3651,4.0,1.6543170910957519,4.22950742528638,0.22950742528638024,5.737685632159506
6684,40.5,3.5734669964122663,34.639942755422176,5.860057244577824,14.469277147105739
1511,3.5,1.1976271911000829,2.312248258863207,1.1877517411367928,33.935764032479796
7149,18.29,3.003971718504893,19.165469651939972,0.875469651939973,4.786602799015708
1801,3.4,1.3759220243809593,2.9587250817671134,0.44127491823288656,12.978674065673134
4516,4.6,1.8936882546238645,5.643827675961795,1.0438276759617953,22.691905999169464
921,7.8,2.263644701597037,8.618080394712383,0.8180803947123829,10.488210188620293
322,15.0,2.792753027084964,15.325903645143324,0.32590364514332393,2.1726909676221595
3838,2.5,1.3342722135551863,2.797231367012855,0.2972313670128548,11.889254680514192
5634,27.49,3.353894362921568,27.61395005079925,0.1239500507992517,0.4508914179674489
7262,9.08,2.479295499305862,10.932854751433581,1.852854751433581,20.40588933296895
4402,6.85,1.9001226356481768,5.686714421556157,1.1632855784438423,16.98227121815828
6217,10.45,2.489076434175739,11.050141880416122,0.6001418804161229,5.742984501589694
1569,5.9,2.0097637474973733,6.461554328185034,0.5615543281850339,9.517869969237863
4661,17.5,2.866987493119997,16.58396651057822,0.9160334894217783,5.234477082410162
231,12.9,2.4996378850970786,11.17808329671733,1.7219167032826697,13.348191498315268
1545,1.8,1.1394121712270338,2.124930900884802,0.3249309008848018,18.051716715822323
1420,1.0,1.147633952706877,2.1507293090026187,1.1507293090026187,115.07293090026187
1079,5.9,2.3066885610734555,9.0411189883238,3.1411189883238,53.23930488684406
3103,7.9,1.9340370766084718,5.917379940424393,1.9826200595756074,25.096456450324144
1115,4.75,2.0114897095493904,6.474443807981292,1.7244438079812916,36.30408016802719
6946,14.45,2.6110448714833563,12.613267538278414,1.836732461721585,12.7109512921909
1941,10.9,2.4031957559470793,10.058460111182631,0.8415398888173691,7.72054943869146
1867,10.95,2.3277840641408845,9.255191489470421,1.6948085105295778,15.477703292507561
2586,6.65,2.321836048776614,9.19437450241722,2.54437450241722,38.2612707130409
2751,11.5,2.3513756161008037,9.5000037688426,1.9999962311574002,17.391271575281742
1425,9.59,2.299111270488342,8.965322042350678,0.6246779576493218,6.513847316468422
5395,14.5,2.534812833394509,11.614069694473104,2.8859303055268963,19.902967624323423
4053,32.5,3.209141606138234,23.757825135571995,8.742174864428005,26.8989995828554
7283,16.95,2.8512652883861445,16.309669714468907,0.6403302855310926,3.7777597966436143
4333,4.49,1.8887888798701438,5.611356683111855,1.1213566831118547,24.974536372201662
1618,9.0,2.655670818222469,13.234531640510427,4.234531640510427,47.050351561226975
2402,16.8,2.7897662262751814,15.277214171990977,1.5227858280090238,9.06420135719657
265,15.3,2.6957873059998776,13.817179816843797,1.4828201831562033,9.691635184027472
0,9.99,2.299111270488342,8.965322042350678,1.0246779576493221,10.257036613106326
4015,16.5,2.5827923254623375,12.234040362073815,4.265959637926185,25.854300835916273
5187,3.5,1.4665837466492033,3.3344024025607952,0.16559759743920477,4.731359926834422
838,1.2,1.5723138436410309,3.8177829031534447,2.6177829031534445,218.14857526278706
14,21.9,2.792446769378046,15.32090447688558,6.579095523114418,30.04153206901561
3263,2.6,0.9841879912709051,1.675638360375702,0.9243616396242982,35.552370754780696
4912,21.0,2.741455820839063,14.509547791613453,6.490452208386547,30.90691527803117
6477,29.155,3.6319449541147844,36.78623769220738,7.631237692207378,26.17471340150018
8,16.5,2.774842389721058,15.03609934237834,1.4639006576216609,8.872125197707035
1039,8.5,2.579660510281124,12.192658627355174,3.692658627355174,43.44304267476675
2759,11.9,2.4559940395893842,10.658016320815358,1.2419836791846421,10.436837640207077
3992,15.5,2.8064901693195616,15.551722406688626,0.05172240668862571,0.3336929463782304
6472,12.99,3.080173198749262,20.76217125064906,7.772171250649061,59.83195727982341
4141,32.79,3.439388647706065,30.1678977767931,2.6221022232068982,7.996652098831651
6629,18.1,2.9892382180101458,18.870539705269927,0.7705397052699254,4.257125443480251
339,4.1,1.4753618749388708,3.372617827468569,0.7273821725314304,17.741028598327574
1956,3.3,1.4554327305311527,3.2863378936127727,0.013662106387227091,0.41400322385536636
4220,6.5,1.7833463676322725,4.949733137029372,1.550266862970628,23.85025943031735
2770,29.999999,2.639262626215311,13.002874447447784,16.997124552552215,56.65708373041017
1090,23.5,3.3153005330377248,26.53066661627539,3.03066661627539,12.896453686278257
4512,8.999,1.997082618214646,6.367530815258939,2.6314691847410616,29.241795585521295
1883,6.0,2.1483641434540024,7.570826280766344,1.5708262807663438,26.180438012772395
622,5.3,2.098168903730333,7.151230551181932,1.8512305511819322,34.9288783241874
7220,12.5,2.721667209638724,14.205652133769792,1.7056521337697923,13.645217070158338
5192,3.8,2.0774385256666767,6.98399190947769,3.1839919094776903,83.78926077572869
5045,2.8,1.8416401945588914,5.306874283048588,2.506874283048588,89.53122439459243
4331,16.5,2.9847391137633146,18.78134088355695,2.2813408835569504,13.82630838519364
4952,4.7,1.3691199368272493,2.931888861791132,1.7681111382088681,37.61938591933762
3032,8.4,2.184556299650545,7.886704644522929,0.5132953554770712,6.110658993774656
4568,5.999,1.8643276782444482,5.451596878610596,0.5474031213894035,9.124906174185757
889,4.5,2.139196376715895,7.4926100266832485,2.9926100266832485,66.50244503740552
1507,3.1,1.4885054891882394,3.4304691845752835,0.3304691845752834,10.660296276622045
3688,10.0,2.156174074113967,7.638025910371663,2.3619740896283368,23.619740896283368
196,1.9,0.9248019711732564,1.5213689071901402,0.37863109280985974,19.92795225315051
5533,12.99,2.6718422183124213,13.466595286489119,0.4765952864891183,3.6689398498007573
3980,11.2,2.5953242105775365,12.400931380883785,1.2009313808837856,10.722601615033799
2789,3.8,1.7609493103165061,4.817957821069555,1.0179578210695555,26.788363712356723
6575,38.0,2.8347326055481328,16.025847074623574,21.974152925376426,57.82671822467481
4236,21.5,2.576713392705404,12.153835547434433,9.346164452565567,43.470532337514264
432,4.2,1.8382432138371523,5.285486300543938,1.0854863005439377,25.8449119177128
2598,10.9,2.52977740280531,11.550712072405657,0.650712072405657,5.969835526657404
6091,28.99,3.0975934884478917,21.144595881192988,7.845404118807011,27.062449530207004
1694,23.5,3.342492115680091,27.289539735815715,3.7895397358157155,16.12570100347113
5357,29.9,3.448010714496096,30.437791321223372,0.5377913212233736,1.7986331813490755
1108,13.9,2.800311216089451,15.449765406217043,1.549765406217043,11.149391411633403
6353,37.5,3.7839735465331916,42.99049318224563,5.490493182245629,14.641315152655011
6690,60.89,3.8505870260986588,46.020657484633084,14.869342515366917,24.420007415613266
6262,110.99,4.4759938292119426,86.88189661986951,24.108103380130487,21.720968898216494
4825,1.65,1.3555505546228988,2.878895912950835,1.228895912950835,74.47854017883849
1277,4.6,1.7603504313854859,4.814474611823373,0.21447461182337335,4.662491561377681
1195,5.9,1.8382617412331415,5.285602755316411,0.6143972446835892,10.41351262175575
6062,18.19,3.2954370164660554,25.989206220554284,7.799206220554282,42.8763398601115
604,9.0,2.3979049249988753,10.000106174717962,1.0001061747179616,11.112290830199573
3742,6.2,1.4498030938565811,3.2622751643700587,2.9377248356299415,47.382658639192606
1593,17.9,2.946956705432836,18.04789706961523,0.14789706961523308,0.8262406123756039
1219,19.4,3.2338751797804366,24.377810244472823,4.977810244472824,25.658815693158886
2229,7.0,2.110944049299993,7.256031707730736,0.25603170773073636,3.6575958247248055
4519,4.1,1.4826150001162302,3.4044482674627536,0.695551732537246,16.964676403347465
1652,3.3,1.4374755559926895,3.2100543442870073,0.08994565571299251,2.7256259306967427
4657,5.9,1.938277559517609,5.946775252949841,0.04677525294984086,0.7928008974549298
4865,5.9,1.621568683140171,4.061023234639887,1.8389767653601137,31.169097717968025
6264,11.09,2.456867103313709,10.668198956360703,0.42180104363929694,3.803435921003579
4955,38.0,3.606422872425602,35.83405675210981,2.1659432478901905,5.699850652342606
1158,12.0,2.35101641451784,9.496232828172182,2.5037671718278176,20.864726431898482
4818,10.8,2.4558388435777108,10.656207183567417,0.14379281643258324,1.3314149669683633
3256,8.8,2.1966276504062923,7.9946292607595755,0.8053707392404252,9.151940218641196
5728,38.699,3.817626165131898,44.496079851346245,5.797079851346247,14.979921577679647
4650,17.5,2.951227649770537,18.12942355135583,0.6294235513558313,3.5967060077476076
7219,15.49,2.8694025248306816,16.626483666776444,1.136483666776444,7.336886163824687
5702,14.19,2.6752924396831794,13.516594447195795,0.6734055528042049,4.745634621594115
2807,4.59,1.3437216338055384,2.8332830675632668,1.756716932436733,38.27270005308787
2851,8.6,2.524935428466785,11.490088733388134,2.8900887333881347,33.60568294637366
4559,10.49,2.2773401768333907,8.750710721183008,1.739289278816992,16.580450703689152
2995,6.5,2.062127457028011,6.862679542248832,0.3626795422488316,5.57968526536664
904,5.95,1.7751641996583243,4.901250040010267,1.048749959989733,17.626049747726604
6841,21.169,3.0964005118578974,21.118193648465915,0.05080635153408508,0.24000355016337604
2357,23.8,3.1610513476862883,22.59538985179544,1.2046101482045621,5.061387177330093
3383,12.8,2.4959319393576127,11.133035504702757,1.6669644952972433,13.023160119509713
3470,9.0,2.5931763634412683,12.372179117580668,3.372179117580668,37.46865686200742
1616,7.8,2.299111270488342,8.965322042350678,1.1653220423506783,14.940026183983054
3575,5.8,2.004521526442828,6.422541557113215,0.6225415571132151,10.733475122641641
6977,26.95,3.1016613816169576,21.234861201876527,5.715138798123473,21.206451941088954
5006,10.9,2.3343667974686686,9.322921359532923,1.577078640467077,14.468611380431899
3820,3.65,1.6704369125898075,4.314489257271567,0.6644892572715668,18.20518513072786
1860,7.5,1.8775730920101457,5.537619392962606,1.9623806070373941,26.16507476049859
2088,4.99,1.628129901347553,4.094338888553845,0.895661111446155,17.949120469862827
7077,27.52,3.240556818953818,24.547943366648102,2.9720566333518974,10.799624394447301
6930,27.699,3.232267249741701,24.337037289877298,3.361962710122704,12.137487671478045
5213,4.1,2.1374011072990013,7.477377181254784,3.3773771812547846,82.37505320133621
2251,3.2,1.2858993462081119,2.617920257391058,0.5820797426089421,18.189991956529443
3784,14.0,2.931804160330791,17.76144864220989,3.7614486422098885,26.867490301499203
3127,6.5,1.8996387922684366,5.683479881619543,0.8165201183804571,12.561847975083957
254,11.7,2.263644701597037,8.618080394712383,3.0819196052876165,26.341193207586468
6705,16.78,2.8029594681837082,15.493386265927015,1.2866137340729864,7.667543111281205
4989,2.999999,1.5205446708082355,3.574716231070324,0.5747172310703244,19.15724742142662
221,14.85,2.832705894047934,15.991375538285862,1.1413755382858621,7.6860305608475565
267,2.9,1.1990501900866422,2.3169649398990586,0.5830350601009413,20.104657244860046
107,8.1,1.8970895347516874,5.666463668862711,2.4335363311372884,30.043658409102324
4800,5.5,1.6160834098695527,4.033338138743439,1.4666618612565614,26.666579295573843
1226,5.4,2.1441083802566987,7.534428379070519,2.1344283790705187,39.52645146426887
4938,4.9,1.8661093043348536,5.463101457319956,0.5631014573199558,11.491866475917464
3418,9.5,2.2368108709064547,8.36342245825643,1.13657754174357,11.963974123616525
4154,8.5,1.8312206210350241,5.241500517582997,3.258499482417003,38.33528802843533
1758,6.99,2.2371744929893618,8.366827824529507,1.3768278245295065,19.69710764706018
2284,9.99,2.362324070376307,9.61559419360175,0.3744058063982507,3.7478058698523595
2526,3.3,1.4157518706813084,3.1195826952931913,0.1804173047068085,5.4671910517214695
4004,15.0,1.9670633738170533,6.149649780922071,8.850350219077928,59.00233479385285
1210,15.5,3.0883390417204466,20.940605264350207,5.440605264350207,35.10067912484004
6664,11.5,2.7199749958493973,14.179942678635673,2.6799426786356726,23.30384937944063
2464,13.6,2.621906945014589,12.761941845135322,0.8380581548646777,6.162192315181454
4240,13.5,2.6631045448633475,13.3407415361536,0.15925846384640074,1.1796923247881537
4198,14.5,2.56730399101611,12.030646302456141,2.469353697543859,17.030025500302475
376,4.5,1.6073537961071886,3.9895902696778265,0.5104097303221735,11.342438451603856
755,1.8,1.3146455539949256,2.7234309960908587,0.9234309960908587,51.3017220050477
291,12.49,2.6728390671299063,13.481023485065048,0.9910234850650479,7.9345355089275245
5091,1.7,1.8137753444904536,5.133560077925407,3.4335600779254065,201.97412223090626
1465,1.35,1.537117681131571,3.6511647919869272,2.301164791986927,170.4566512582909
188,4.7,1.8256850407499507,5.207045642215337,0.5070456422153367,10.7882051535178
1870,33.0,2.8376263395267904,16.075186700264865,16.924813299735135,51.2873130295004
1201,8.7,2.418035312869256,10.223786410087843,1.523786410087844,17.51478632284878
1649,4.0,1.4234151861261455,3.151273630714683,0.8487263692853171,21.218159232132926
6030,128.96,4.91143869896264,134.83469913755212,5.874699137552113,4.555442879615472
3706,30.49,3.329931448790196,26.93642656175621,3.553573438243788,11.654881725955356
4176,6.5,2.032688682832645,6.634585767914602,0.13458576791460164,2.070550275609256
501,10.0,2.322673085148398,9.20291113690169,0.7970888630983097,7.970888630983097
6193,26.99,3.126943417125268,21.80417007186128,5.18582992813872,19.213893768576213
2605,5.5,2.0114897095493904,6.474443807981292,0.9744438079812916,17.717160145114395
6874,64.89,4.412301818471886,81.45905098924668,16.569050989246676,25.534059160497268
3312,23.5,2.9559917412903087,18.220775307156647,5.2792246928433535,22.464785926992995
2812,6.5,2.101893407112405,7.181646443824793,0.6816464438247927,10.486868366535273
4763,5.5,2.0970928762339986,7.142464320178519,1.6424643201785187,29.862987639609432
6753,76.79,3.7750123886917173,42.59804843515934,34.191951564840664,44.52656799692755
672,7.9,1.8996387922684366,5.683479881619543,2.2165201183804575,28.05721668836022
4766,13.8,2.9083218925974412,17.326019719783904,3.5260197197839034,25.550867534665965
3753,7.35,2.148086786177288,7.568449429363671,0.2184494293636714,2.9721010797778424
1374,12.8,2.5368962352944244,11.64037726634704,1.1596227336529612,9.05955260666376
7043,23.99,3.3386619252015177,27.181392654250438,3.191392654250439,13.303012314507875
6988,15.58,2.850144547857082,16.290280933001274,0.7102809330012736,4.558927682935003
5718,79.99,4.469232797714439,86.28972843836763,6.299728438367637,7.875645003584995
1192,4.9,1.9543683211456482,6.0594583044444255,1.159458304444425,23.662414376416837
3053,52.9,3.7434671191721454,41.24420223467486,11.65579776532514,22.033644168856597
3950,2.8,1.1743196163412462,2.2359405136279893,0.5640594863720105,20.144981656143234
216,13.0,2.4570955576602347,10.67086491164135,2.3291350883586492,17.916423756604992
4697,6.49,2.151585050412997,7.598476620459897,1.1084766204598964,17.07976302711705
421,1.2,0.982844728562507,1.6720466879649094,0.47204668796490945,39.33722399707579
505,3.9,1.8671980195131013,5.470141765724999,1.570141765724999,40.260045274999975
4836,2.9,1.4531238694988946,3.276452751180541,0.3764527511805409,12.981129351053134
6453,19.9,2.8956416691191826,17.09510878933944,2.804891210660557,14.094930706836973
6845,49.5,3.495036357990861,31.95148598105169,17.54851401894831,35.451543472622845
6252,20.59,3.0407338099499137,19.92058934045781,0.6694106595421907,3.2511445339591583
506,16.3,2.7377928094747452,14.452840065726559,1.8471599342734422,11.33226953541989
1807,8.9,1.9829122578592706,6.263866463921293,2.6361335360787077,29.619477933468623
4436,20.89,3.1291808175271947,21.855249252126534,0.965249252126533,4.620628301228018
1438,5.99,1.400946190132628,3.0590387728729302,2.93096122712707,48.93090529427496
5520,76.49,4.285552863794868,71.64269713708428,4.847302862915711,6.337172000151277
7069,41.599,3.4035003677606026,29.069169200235393,12.529830799764603,30.120509627069413
4704,3.8,1.484768770457269,3.4139446603636125,0.3860553396363873,10.159351043062824
1426,27.9,3.585026619225379,35.05431744408754,7.154317444087539,25.642714853360353
2859,7.5,2.06756839012441,6.90557644937175,0.5944235506282496,7.925647341709994
3016,5.0,1.6765124482054945,4.3468759095413345,0.6531240904586655,13.06248180917331
2688,20.49,3.04628120225979,20.03696655346643,0.45303344653356703,2.2109977868890534
4664,12.0,1.7591449205200602,4.807469422766201,7.192530577233799,59.93775481028166
2280,2.95,1.5099040329583993,3.5262963981959876,0.5762963981959874,19.53547112528771
347,6.5,2.010199486999081,6.464806330611467,0.035193669388532633,0.5414410675158867
4320,12.99,2.846930414987799,16.2347968870488,3.2447968870488015,24.979190816388
333,11.5,2.031271658030425,6.6237750318763,4.8762249681237,42.401956244553915
4386,6.5,2.1084589543061667,7.235540156935933,0.735540156935933,11.31600241439897
3381,7.75,1.9725712400825357,6.189137743140461,1.5608622568595392,20.14015815302631
5781,18.355,2.9998148468181824,19.08181836637976,0.72681836637976,3.9597840718047403
6380,15.89,2.8601020608824967,16.463309166375304,0.5733091663753029,3.6079872018584194
5832,83.49,4.522704553592767,91.0843084484088,7.59430844840881,9.0960695273791
6831,8.29,2.3489608339471024,9.47467913616934,1.1846791361693416,14.290460026168175
3023,9.79,2.4943470039385858,11.113820658158811,1.3238206581588123,13.522172197740678
6726,5.65,1.6990240740028462,4.468607830092864,1.1813921699071361,20.90959592755993
746,14.5,2.708230628963317,14.002706662087885,0.49729333791211516,3.429609226980104
3410,34.0,3.1198395901230525,21.642747231548668,12.357252768451332,36.344861083680385
5257,5.7,1.866183815213176,5.463583046627827,0.2364169533721734,4.14766584863462
3704,5.0,1.7334142773776164,4.6599455802815095,0.3400544197184905,6.80108839436981
3589,2.5,1.27363862013337,2.5738327528511116,0.07383275285111157,2.953310114044463
5019,7.8,2.0021682407598584,6.405094733067874,1.3949052669321258,17.883400858104178
4038,24.2,3.04628120225979,20.03696655346643,4.163033446533568,17.202617547659372
3608,9.3,1.9227099010353088,5.839467659418274,3.460532340581727,37.210025167545446
6968,28.59,3.3752920315044106,28.232819439072735,0.35718056092726513,1.2493199053069786
259,4.8,1.8700443148856096,5.488583933770428,0.6885839337704285,14.345498620217262
1795,11.49,2.299111270488342,8.965322042350678,2.524677957649322,21.972828177974954
4210,20.0,2.8959507425833726,17.10070237166726,2.8992976283327394,14.496488141663697
3653,8.3,1.8239680014480528,5.19639704554468,3.1036029544553205,37.392806680184584
3265,4.59,1.8996387922684366,5.683479881619543,1.093479881619543,23.82309110282229
3246,5.0,2.0192343855627826,6.532555692049421,1.5325556920494208,30.651113840988415
1730,25.0,2.832292024870873,15.984344786680744,9.015655213319256,36.062620853277025
599,11.5,2.7911859435496744,15.30033962605058,3.8003396260505795,33.04643153087461
45,13.0,2.5632392085260265,11.977787062967357,1.0222129370326432,7.86317643871264
4651,23.5,2.558817369657395,11.920528068025313,11.579471931974687,49.2743486467008
5070,6.0,1.8730490796273416,5.5081099228090515,0.49189007719094846,8.198167953182473
4575,6.0,1.633127756969671,4.119863389563997,1.8801366104360033,31.335610173933386
3921,14.2,2.2196345780325974,8.203966919590084,5.996033080409916,42.22558507330927
3881,2.686686,1.505412390152419,3.5060114819441317,0.8193254819441318,30.495766231860806
6979,5.85,2.5163920325293034,11.383835488097764,5.533835488097765,94.59547842902163
6997,28.9,3.058443614405576,20.29438907715577,8.605610922844228,29.777200425066535
1421,1.9,1.1715454469962265,2.2269759070704382,0.32697590707043833,17.209258266865177
4251,17.2,2.9846170778355914,18.77892699656408,1.578926996564082,9.179808119558617
3529,2.3,1.2071466881992587,2.3439297532522714,0.04392975325227155,1.9099892718378937
6651,12.09,2.729545568971759,14.325920863231586,2.235920863231586,18.49396909207267
6497,96.79,4.567165897337983,95.27088121610943,1.5191187838905762,1.5694997250651679
7180,15.99,2.9654177462896754,18.402806999329368,2.4128069993293675,15.089474667475718
3044,13.2,2.800311216089451,15.449765406217043,2.249765406217044,17.04367731982609
1298,4.1,1.8996387922684366,5.683479881619543,1.5834798816195432,38.621460527305935
426,6.5,1.839772926266931,5.295108644898591,1.2048913551014087,18.536790078483207
4603,8.2,1.796373860332307,5.027750322807157,3.172249677192842,38.68597167308344
805,19.9,2.8259907223856424,15.87765777923197,4.022342220768028,20.212774978733812
410,7.7,2.446126569016831,10.543546878555619,2.8435468785556184,36.929180240982056
6097,12.38,2.791130650927707,15.299438362450541,2.9194383624505402,23.581893073106137
3858,15.0,1.7264173561877816,4.620481611260751,10.37951838873925,69.19678925826166
438,8.8,2.517990895492475,11.403651381229114,2.6036513812291133,29.586947513967193
2389,2.0,1.2535396451509326,2.5027194242144257,0.5027194242144257,25.135971210721287
4161,9.2,2.4461145500202255,10.543408137538636,1.3434081375386366,14.6022623645504
434,5.8,2.0343460388571617,6.6472494858776185,0.8472494858776187,14.607749756510668
751,10.5,2.112512526229999,7.268991263723171,3.231008736276829,30.771511774065036
3411,8.5,1.9714483667727587,6.181069782744777,2.3189302172552226,27.2815319677085
2874,6.99,1.9333915182540107,5.912915809096542,1.0770841909034585,15.408929769720437
4383,14.6,2.7524009441938695,14.680234092726222,0.08023409272622217,0.5495485803165903
2142,9.0,2.1681427125704884,7.742032486463277,1.2579675135367232,13.977416817074703
6044,24.0,3.5750802335041536,34.69748483505697,10.697484835056969,44.57285347940403
4937,7.5,1.9645298488366396,6.131558891138227,1.3684411088617727,18.245881451490302
4856,5.9,2.16710703172051,7.732983217713212,1.8329832177132115,31.0675121646307
1049,6.0,2.0560824377819933,6.815292864082691,0.8152928640826911,13.588214401378185
626,6.5,2.011603828037521,6.475296828880075,0.024703171119925038,0.3800487864603852
1926,10.2,2.3821328156771084,9.827972322855853,0.3720276771441462,3.6473301680798644
1223,7.6,1.9333915182540107,5.912915809096542,1.687084190903458,22.19847619609813
210,7.89,2.415662875006773,10.197190235608423,2.307190235608423,29.241954823934385
2431,3.89,1.4225414828107692,3.147648233172043,0.7423517668279573,19.08359297758245
6216,14.59,2.8949100278841744,17.081874503562155,2.491874503562155,17.079331758479473
4927,16.0,2.908465430293251,17.328650383223014,1.3286503832230139,8.304064895143837
51,18.8,2.82232283561018,15.815865833668656,2.9841341663313443,15.873054076230556
1109,12.5,2.5554418858612804,11.876988559687254,0.6230114403127462,4.98409152250197
1436,7.2,2.07733381075314,6.98315591022677,0.21684408977322978,3.0117234690726358
7277,10.49,2.501675927582969,11.202928056611228,0.7129280566112275,6.796263647390156
3882,2.8,1.4885264545847323,3.430562072092096,0.6305620720920961,22.52007400328915
1786,10.8,1.866183815213176,5.463583046627827,5.336416953372174,49.41126808677939
5456,22.0,3.1664796314795396,22.723820588000983,0.7238205880009829,3.2900935818226498
4338,6.0,1.8368250662044454,5.276578870544636,0.7234211294553639,12.057018824256065
6336,19.592,3.2002063358038897,23.537592658714598,3.945592658714599,20.138794705566553
1558,2.8,1.4812981748566207,3.398652195773866,0.598652195773866,21.380435563352357
2249,26.49,3.0583708152014486,20.292838919004396,6.197161080995603,23.39434156661232
5044,36.0,3.127918736381573,21.82642226779006,14.173577732209939,39.37104925613872
3786,8.5,2.498906773990193,11.16918301870103,2.6691830187010304,31.402153161188593
4233,12.8,2.890823442863807,17.008132165867842,4.208132165867841,32.87603254584251
4561,13.0,2.2457548996633063,8.447544813583734,4.552455186416266,35.01888604935589
3733,3.5,1.6480703443886058,4.196941837384347,0.6969418373843466,19.912623925267045
5661,63.05,4.444875062683452,84.18923385814429,21.139233858144294,33.527730147730836
5664,70.99,4.285552863794868,71.64269713708428,0.6526971370842887,0.9194212383212971
6291,8.89,2.297327748460426,8.947564511154049,0.05756451115404815,0.6475198105067282
6970,20.49,3.3302293029780783,26.94474878274476,6.454748782744762,31.50194623106277
4693,29.5,2.5708610179042566,12.077079194288839,17.42292080571116,59.060748493936146
3164,1.0,0.8663312125149727,1.3781698291419358,0.37816982914193575,37.816982914193574
2112,5.4,1.7463552981423314,4.733667040193201,0.6663329598067991,12.339499255681464
705,7.2,2.142608130735413,7.521634206605633,0.3216342066056326,4.467141758411564
2943,26.5,2.9559917412903087,18.220775307156647,8.279224692843353,31.242357331484357
6952,20.99,2.7266426133382815,14.281494909408583,6.708505090591416,31.96048161310823
57,3.8,1.87745216604982,5.536828872857432,1.7368288728574326,45.706022969932434
4881,9.8,2.3871884887262556,9.882853624768572,0.08285362476857117,0.8454451506997057
5640,17.2,3.090958158829464,20.998145598524303,3.798145598524304,22.082241851885488
527,4.5,2.3573454442447095,9.562874463755094,5.062874463755094,112.50832141677986
1935,3.8,1.5733102186375256,3.822585613829774,0.022585613829773976,0.5943582586782625
5058,1.95,1.5846210752536531,3.8774428445145324,1.9274428445145324,98.84322279561705
565,4.0,1.8850222083154686,5.586500715476542,1.586500715476542,39.66251788691355
1871,4.9,1.8593089556686964,5.419299217997117,0.5192992179971165,10.59794322443095
6095,18.85,3.120744378436462,21.663243395573843,2.813243395573842,14.924368146280328
640,5.5,1.6751237089510242,4.339455646674692,1.1605443533253084,21.100806424096515
5282,5.0,1.4875486026792595,3.42623175607652,1.57376824392348,31.4753648784696
1747,41.0,3.325736286396889,26.819474204231103,14.180525795768897,34.586648282363164
730,6.5,2.1327407773996674,7.437961722766497,0.9379617227664969,14.4301803502538
