sample_id,y_true_price,raw_prediction,y_pred_price,absolute_error,absolute_percentage_error
3909,5.5,3.554980449725929,3.554980449725929,1.945019550274071,35.36399182316492
6004,37.499,29.207138169739046,29.207138169739046,8.291861830260956,22.11222120659472
1768,27.49,19.684401939174414,19.684401939174414,7.805598060825584,28.394318155058514
3360,7.8,7.660749134120088,7.660749134120088,0.13925086587991142,1.7852675112809155
4700,12.99,11.10142069636414,11.10142069636414,1.8885793036358596,14.538716733147494
865,3.5,2.9964277727079636,2.9964277727079636,0.5035722272920364,14.387777922629613
7074,52.5,36.25934870323384,36.25934870323384,16.24065129676616,30.934573898602206
2233,26.0,29.076612523471375,29.076612523471375,3.0766125234713755,11.833125090274521
1720,22.0,12.02562625798997,12.02562625798997,9.97437374201003,45.33806246368196
1662,4.7,8.264255170827187,8.264255170827187,3.5642551708271872,75.83521640057846
1566,11.49,16.13433444210042,16.13433444210042,4.644334442100421,40.42066529243186
5141,3.2,5.477969632959382,5.477969632959382,2.2779696329593815,71.18655102998068
7264,63.86,54.53214923626747,54.53214923626747,9.327850763732528,14.606719016179968
5464,127.0,106.98039248955365,106.98039248955365,20.01960751044635,15.763470480666417
6348,31.79,28.306873688844426,28.306873688844426,3.483126311155573,10.95667288818991
6283,17.99,32.29997029148236,32.29997029148236,14.309970291482362,79.54402607827885
6419,30.9,30.57466180345055,30.57466180345055,0.32533819654944907,1.0528744224901263
763,7.9,12.431171235663022,12.431171235663022,4.531171235663022,57.35659791978509
3297,4.8,5.765940227628385,5.765940227628385,0.9659402276283853,20.123754742258026
2654,3.59,2.5931148837471825,2.5931148837471825,0.9968851162528174,27.76838763935425
2189,3.1399,4.8246430073098034,4.8246430073098034,1.6847430073098035,53.655944689633536
3945,1.9,2.057603814925383,2.057603814925383,0.1576038149253831,8.294937627651743
6006,20.04,24.604313398851357,24.604313398851357,4.564313398851358,22.77601496432813
1197,19.8,12.6204771682631,12.6204771682631,7.1795228317369,36.260216321903535
429,7.5,7.121058476009594,7.121058476009594,0.3789415239904059,5.052553653205413
4271,5.7,5.868448739342048,5.868448739342048,0.16844873934204774,2.9552410410885566
3905,5.1,6.486883111707546,6.486883111707546,1.3868831117075464,27.19378650406954
2316,2.7,6.215839442734059,6.215839442734059,3.515839442734059,130.216275656817
4584,13.5,9.297169809644346,9.297169809644346,4.2028301903556535,31.13207548411595
7086,51.49,57.29426280798467,57.29426280798467,5.804262807984671,11.27260207415939
1992,16.5,15.142985154129759,15.142985154129759,1.357014845870241,8.224332399213582
7240,13.1,14.288472258784402,14.288472258784402,1.1884722587844028,9.072307318964908
554,7.2,9.454477182373596,9.454477182373596,2.254477182373596,31.312183088522165
1905,11.999,11.381280751634453,11.381280751634453,0.6177192483655478,5.148089410497106
2034,14.5,12.424768369709522,12.424768369709522,2.075231630290478,14.311942277865366
1215,6.2,6.0575029544274015,6.0575029544274015,0.14249704557259868,2.2983394447193337
1615,7.0,8.263614357714156,8.263614357714156,1.2636143577141556,18.051633681630793
1002,3.2,2.3679483222463364,2.3679483222463364,0.8320516777536637,26.001614929801992
2388,9.95,7.970313756022592,7.970313756022592,1.9796862439774072,19.89634416057696
6001,38.9,34.04724405345498,34.04724405345498,4.852755946545017,12.474951019395931
1533,4.95,4.6070480209412965,4.6070480209412965,0.34295197905870367,6.92832280926674
5326,26.5,29.047618075430186,29.047618075430186,2.5476180754301865,9.613653114830893
2764,22.5,19.990120575867618,19.990120575867618,2.5098794241323823,11.155019662810588
6702,12.99,12.331875716883472,12.331875716883472,0.6581242831165284,5.06639170990399
496,10.89,13.455910295165635,13.455910295165635,2.5659102951656347,23.562078008867168
2691,29.5,30.956697033031286,30.956697033031286,1.4566970330312863,4.937956044173852
7213,26.25,32.26572793529898,32.26572793529898,6.015727935298983,22.917058801138985
5400,13.99,13.4739568513987,13.4739568513987,0.5160431486013,3.6886572451844173
5931,44.99,36.45253131897659,36.45253131897659,8.537468681023412,18.9763695955177
828,4.8,3.5910031019329134,3.5910031019329134,1.2089968980670864,25.187435376397637
3552,1.55,3.546586599620186,3.546586599620186,1.996586599620186,128.8120386851733
61,6.9,9.378764498383878,9.378764498383878,2.478764498383878,35.92412316498374
1429,10.0,15.200483688886758,15.200483688886758,5.200483688886758,52.00483688886758
2970,3.2,3.5560572841002682,3.5560572841002682,0.35605728410026805,11.126790128133376
3955,29.9,33.37044128250297,33.37044128250297,3.470441282502975,11.606827031782526
4121,14.5,13.125646196782027,13.125646196782027,1.3743538032179732,9.478302091158437
3550,16.4,15.993834469565435,15.993834469565435,0.4061655304345635,2.476619088015631
5189,4.6,3.0663729173438985,3.0663729173438985,1.5336270826561011,33.33971918817611
465,5.95,6.809182093606543,6.809182093606543,0.8591820936065426,14.440035186664582
5636,7.5,14.998293072154544,14.998293072154544,7.498293072154544,99.97724096206059
6951,12.9,18.160899098414692,18.160899098414692,5.260899098414692,40.78216355360226
4230,8.2,7.406633229199363,7.406633229199363,0.7933667708006364,9.675204521958982
6145,42.45,60.83181592047221,60.83181592047221,18.381815920472206,43.302275431029926
1902,8.9,8.267379386810855,8.267379386810855,0.632620613189145,7.108096777406122
185,4.7,4.6070480209412965,4.6070480209412965,0.09295197905870367,1.977701682100078
2662,4.8,4.665188908396849,4.665188908396849,0.13481109160315086,2.8085644083989765
932,2.0,3.8132773849815886,3.8132773849815886,1.8132773849815886,90.66386924907943
6485,20.95,26.11382518690801,26.11382518690801,5.16382518690801,24.648330247770932
5510,12.99,27.439413057487783,27.439413057487783,14.449413057487783,111.23489651645716
1487,18.99,9.378764498383878,9.378764498383878,9.61123550161612,50.61208794953197
1084,17.0,12.132073124068954,12.132073124068954,4.867926875931046,28.634863976064974
7123,11.999,14.949385340178038,14.949385340178038,2.9503853401780376,24.588593550946225
5735,99.69,74.7398198598208,74.7398198598208,24.9501801401792,25.027766215447084
2939,12.5,11.403706429760659,11.403706429760659,1.0962935702393413,8.77034856191473
1940,7.5,8.156914148010216,8.156914148010216,0.6569141480102161,8.75885530680288
5481,17.86,18.983206707572037,18.983206707572037,1.123206707572038,6.288951330190582
3268,2.2,2.5918674157384896,2.5918674157384896,0.3918674157384894,17.812155260840427
1703,22.5,25.41148340538904,25.41148340538904,2.9114834053890384,12.939926246173503
6381,19.8,20.641622234362192,20.641622234362192,0.8416222343621911,4.250617345263591
3244,1.5,2.617372141226278,2.617372141226278,1.1173721412262778,74.49147608175186
4438,1.5,2.5921567874055707,2.5921567874055707,1.0921567874055707,72.81045249370472
5549,17.5,15.543291876851562,15.543291876851562,1.956708123148438,11.181189275133931
4063,8.0,8.592338193232287,8.592338193232287,0.5923381932322869,7.404227415403586
5269,5.299999,5.58590164620555,5.58590164620555,0.2859026462055505,5.394390568857664
7091,24.299,31.307460789065054,31.307460789065054,7.0084607890650545,28.842589361969857
2718,22.0,17.450358483676457,17.450358483676457,4.549641516323543,20.680188710561563
1740,7.8,8.82178385785753,8.82178385785753,1.021783857857531,13.099793049455524
5023,17.5,14.643542155391788,14.643542155391788,2.8564578446082116,16.322616254904066
3994,7.0,8.047612291160751,8.047612291160751,1.0476122911607515,14.965889873725022
101,12.6,12.462309200080153,12.462309200080153,0.1376907999198469,1.0927841263479912
4505,15.0,16.874722261617357,16.874722261617357,1.8747222616173573,12.498148410782383
736,8.2,10.630737605024375,10.630737605024375,2.430737605024376,29.643141524687515
7111,48.49,53.99216105214348,53.99216105214348,5.502161052143478,11.347001551131115
538,25.5,19.65729922239797,19.65729922239797,5.84270077760203,22.912552069027566
4520,9.0,6.374927074691175,6.374927074691175,2.6250729253088254,29.167476947875837
5153,8.5,8.861450240026956,8.861450240026956,0.36145024002695614,4.2523557650230135
733,10.8,14.581048970921184,14.581048970921184,3.7810489709211836,35.00971269371466
5218,4.4,7.681005927561229,7.681005927561229,3.281005927561228,74.56831653548245
79,3.7,3.2982182968406883,3.2982182968406883,0.40178170315931183,10.858964950251671
5808,17.79,16.993272323214114,16.993272323214114,0.7967276767858849,4.478514203405761
3113,5.5,5.868448739342048,5.868448739342048,0.3684487393420479,6.699067988037235
5278,5.3,4.055967476917598,4.055967476917598,1.244032523082402,23.47231175627174
3082,5.9,6.814746558711079,6.814746558711079,0.9147465587110784,15.504178961204717
4939,11.5,9.728533149104925,9.728533149104925,1.7714668508950755,15.404059573000655
132,8.9,6.580904672047116,6.580904672047116,2.3190953279528843,26.057250875875106
737,12.2,8.029558911494327,8.029558911494327,4.170441088505672,34.183943348407155
1041,9.0,9.162192181663176,9.162192181663176,0.16219218166317617,1.8021353518130685
2095,13.5,16.18786206126946,16.18786206126946,2.6878620612694597,19.91008934273674
7199,21.99,22.28682280726462,22.28682280726462,0.29682280726462196,1.3498081276244747
6848,42.499,35.38035434990131,35.38035434990131,7.118645650098692,16.750148591963793
1634,9.3,15.142985154129759,15.142985154129759,5.842985154129758,62.82779735623396
6425,20.34,19.016701879593008,19.016701879593008,1.3232981204069922,6.505890464144505
5527,23.9,29.303060232390404,29.303060232390404,5.403060232390406,22.606946579039356
6243,47.499,32.5325293919207,32.5325293919207,14.966470608079305,31.50902252274638
6607,41.0,47.8362373939246,47.8362373939246,6.836237393924598,16.673749741279508
3308,17.2,16.220853182629696,16.220853182629696,0.9791468173703031,5.692714054478507
4726,5.0,8.304797684952266,8.304797684952266,3.3047976849522662,66.09595369904532
5241,1.8,4.2956403817955255,4.2956403817955255,2.4956403817955257,138.64668787752922
5112,14.499,9.016354882833769,9.016354882833769,5.482645117166232,37.813953494490875
2647,7.5,8.296106088294643,8.296106088294643,0.7961060882946427,10.61474784392857
3139,6.2,6.158712072516729,6.158712072516729,0.04128792748327115,0.6659343142463088
5239,6.6,7.007433328156555,7.007433328156555,0.4074333281565554,6.173232244796294
319,9.0,8.161658820252198,8.161658820252198,0.8383411797478022,9.314901997197802
5857,4.845,11.16394673425352,11.16394673425352,6.31894673425352,130.4220172188549
6898,38.8,41.922206484906916,41.922206484906916,3.1222064849069184,8.046923930172472
842,7.5,5.863947741972149,5.863947741972149,1.636052258027851,21.81403010703801
1894,5.5,4.031960958719805,4.031960958719805,1.4680390412801954,26.691618932367188
177,7.5,11.400729889588675,11.400729889588675,3.900729889588675,52.00973186118233
5163,3.8,1.9943550572519455,1.9943550572519455,1.8056449427480543,47.51697217758038
4671,7.3,6.227047392206094,6.227047392206094,1.0729526077939058,14.697980928683641
3832,22.9,14.825624780946397,14.825624780946397,8.074375219053602,35.259280432548486
3961,3.95,4.5909727227823796,4.5909727227823796,0.6409727227823794,16.227157538794415
1509,4.0,2.0318361543689187,2.0318361543689187,1.9681638456310813,49.20409614077703
6654,19.49,17.970346994916056,17.970346994916056,1.519653005083942,7.797090841887851
2177,11.4,8.265093889278345,8.265093889278345,3.134906110721655,27.499176409839077
3671,1.4,2.7149407621885273,2.7149407621885273,1.3149407621885274,93.9243401563234
1755,6.9,4.726620334758051,4.726620334758051,2.1733796652419493,31.498256017999264
2245,4.0,5.758324896582351,5.758324896582351,1.7583248965823506,43.958122414558765
3193,4.799,5.765940227628385,5.765940227628385,0.9669402276283847,20.14878573928703
1038,13.5,11.564707087939569,11.564707087939569,1.9352929120604312,14.335503052299488
6559,8.1,6.564193756942601,6.564193756942601,1.5358062430573982,18.96057090194319
3450,7.29,6.4688742756395525,6.4688742756395525,0.8211257243604475,11.263727357482132
5444,41.29,37.52947420537538,37.52947420537538,3.7605257946246198,9.107594561939017
3433,17.49,14.884516146091865,14.884516146091865,2.605483853908133,14.896991731893273
3002,15.9,16.05344259053003,16.05344259053003,0.1534425905300285,0.9650477391825693
2516,1.5,1.4532078330752445,1.4532078330752445,0.04679216692475552,3.119477794983701
3698,5.35,4.2946385398412685,4.2946385398412685,1.0553614601587311,19.72638243287348
2045,4.99,5.85835324601697,5.85835324601697,0.8683532460169694,17.401868657654695
4239,9.49,6.03960681662393,6.03960681662393,3.45039318337607,36.358200035575024
4710,4.99,5.909133027295382,5.909133027295382,0.9191330272953815,18.419499544997624
1728,31.5,29.8168768751297,29.8168768751297,1.6831231248702991,5.343248015461268
3319,9.19,10.807318431197103,10.807318431197103,1.6173184311971038,17.59867716210124
5372,2.899,5.5959433814283255,5.5959433814283255,2.6969433814283255,93.03012698959384
2771,27.5,20.239557638929217,20.239557638929217,7.260442361070783,26.401608585711937
4552,1.5,2.2498955993273464,2.2498955993273464,0.7498955993273464,49.993039955156426
3379,5.0,10.368789300625902,10.368789300625902,5.368789300625902,107.37578601251805
3857,6.7,7.19534415805201,7.19534415805201,0.49534415805200993,7.393196388835969
5435,23.49,30.774880180987203,30.774880180987203,7.284880180987205,31.012687019954043
4104,3.2,3.6189107958612836,3.6189107958612836,0.41891079586128344,13.090962370665107
6784,28.799,17.60423266217601,17.60423266217601,11.19476733782399,38.87206964764051
2412,21.49,14.322484964033489,14.322484964033489,7.16751503596651,33.352792163641276
6248,27.89,31.075961507421688,31.075961507421688,3.1859615074216876,11.42331124927102
3045,11.5,11.725112224119554,11.725112224119554,0.22511222411955423,1.957497601039602
1918,14.9,12.903103836139985,12.903103836139985,1.996896163860015,13.401987676912853
3824,4.0,6.54192443807394,6.54192443807394,2.5419244380739396,63.54811095184849
1550,13.5,12.848298910841878,12.848298910841878,0.6517010891581219,4.827415475245347
1934,7.9,7.9405370946955856,7.9405370946955856,0.040537094695585196,0.5131277809567746
7148,19.199,14.804074801273597,14.804074801273597,4.394925198726405,22.891427671891268
3370,8.99,8.600437499036925,8.600437499036925,0.3895625009630752,4.333286996252227
2481,10.7,11.649159785189944,11.649159785189944,0.9491597851899449,8.870652198036868
6017,21.999,14.053143068086278,14.053143068086278,7.9458569319137204,36.11917328930279
5643,21.1,19.656430150677902,19.656430150677902,1.443569849322099,6.841563266929379
3889,2.9,6.226586172529749,6.226586172529749,3.326586172529749,114.70986801826722
3664,26.0,23.87705243667558,23.87705243667558,2.12294756332442,8.165182935863154
1600,14.8,15.142985154129759,15.142985154129759,0.3429851541297584,2.3174672576335027
2275,23.49,17.063359711565585,17.063359711565585,6.426640288434413,27.359047630627558
4024,8.2,7.462167981701404,7.462167981701404,0.7378320182985956,8.997951442665801
2312,8.0,7.975165602230003,7.975165602230003,0.02483439776999674,0.31042997212495926
3935,6.9,5.9037685556912844,5.9037685556912844,0.9962314443087159,14.438136874039358
4352,1.0,4.555016507460856,4.555016507460856,3.5550165074608557,355.5016507460856
1672,1.3,5.475081837595916,5.475081837595916,4.175081837595916,321.16014135353197
3792,15.9,15.382234875721025,15.382234875721025,0.5177651242789754,3.256384429427518
1034,4.6,5.758324896582351,5.758324896582351,1.158324896582351,25.180976012659805
3439,10.5,9.245060291352525,9.245060291352525,1.2549397086474752,11.951806749023573
3221,8.9,11.06129062258703,11.06129062258703,2.16129062258703,24.284164298730673
2955,5.5,5.483825771809029,5.483825771809029,0.016174228190971363,0.2940768761994793
4490,2.0,1.800366418612672,1.800366418612672,0.199633581387328,9.9816790693664
7244,46.49,35.88777974629912,35.88777974629912,10.602220253700885,22.805378046248407
6285,16.09,16.838478406324096,16.838478406324096,0.7484784063240966,4.651823532157219
2268,16.49,20.189155344275527,20.189155344275527,3.6991553442755283,22.43271888584311
1699,2.6,2.669330159703813,2.669330159703813,0.06933015970381273,2.666544603992797
3519,10.5,10.067043071116043,10.067043071116043,0.4329569288839572,4.123399322704354
87,8.5,9.838763027576784,9.838763027576784,1.3387630275767837,15.750153265609221
7113,22.59,21.943195641240216,21.943195641240216,0.646804358759784,2.8632331065063483
676,5.3,5.836906830262183,5.836906830262183,0.5369068302621836,10.130317552116672
4407,24.99,15.610576946252277,15.610576946252277,9.379423053747722,37.532705297109736
3317,4.9,5.765940227628385,5.765940227628385,0.8659402276283847,17.672249543436422
6902,67.0,68.46758297285787,68.46758297285787,1.467582972857869,2.1904223475490583
2569,4.1,4.097883867364782,4.097883867364782,0.0021161326352174825,0.051612991102865435
393,2.999,3.61272939424638,3.61272939424638,0.6137293942463797,20.464467964200725
1149,5.6,5.141033682634846,5.141033682634846,0.4589663173651539,8.19582709580632
1168,5.9,6.266015339902148,6.266015339902148,0.3660153399021473,6.2036498288499535
2208,3.4,2.478101075018282,2.478101075018282,0.921898924981718,27.114674264168176
230,18.5,29.100016244664246,29.100016244664246,10.600016244664246,57.29738510629322
2802,4.999999,5.765940227628385,5.765940227628385,0.7659412276283852,15.318827616333227
1543,4.4,5.089683539839363,5.089683539839363,0.689683539839363,15.674625905440069
2345,28.5,26.182369233757584,26.182369233757584,2.3176307662424165,8.132037776289181
3599,6.0,6.672007423642575,6.672007423642575,0.672007423642575,11.20012372737625
2892,2.2,2.9941354607645416,2.9941354607645416,0.7941354607645414,36.09706639838824
4691,25.9,26.79779427861064,26.79779427861064,0.8977942786106397,3.466387176102856
2942,16.0,20.189215208799048,20.189215208799048,4.189215208799048,26.182595054994053
5121,24.49,17.07486049005164,17.07486049005164,7.415139509948357,30.278234013672346
7189,54.99,52.73673956348575,52.73673956348575,2.2532604365142532,4.097582172239049
970,3.2,2.290403119396118,2.290403119396118,0.9095968806038823,28.42490251887132
3718,5.6,5.5406711559067165,5.5406711559067165,0.059328844093283095,1.0594436445229125
5329,7.0,6.672060139957671,6.672060139957671,0.32793986004232867,4.684855143461838
169,10.5,13.605523710259344,13.605523710259344,3.1055237102593445,29.57641628818423
1056,9.0,5.57530068110156,5.57530068110156,3.4246993188984396,38.05221465442711
5968,24.1145,20.417938424433608,20.417938424433608,3.696561575566392,15.329206807383075
251,3.7,5.114929180667574,5.114929180667574,1.4149291806675741,38.241329207231736
5889,51.0,29.4690443530503,29.4690443530503,21.5309556469497,42.217560092058235
2705,10.5,6.669838688046434,6.669838688046434,3.8301613119535656,36.47772678051015
1729,4.3,4.976196160247106,4.976196160247106,0.6761961602471063,15.725492098769914
2533,8.6,5.854189129469317,5.854189129469317,2.7458108705306827,31.928033378263756
95,7.5,2.2839860012317588,2.2839860012317588,5.216013998768242,69.54685331690989
5646,17.5,23.29274819947794,23.29274819947794,5.792748199477941,33.101418282731096
5174,23.49,11.418235224810648,11.418235224810648,12.07176477518935,51.391080354147945
3692,2.8,4.067535001007137,4.067535001007137,1.2675350010071371,45.26910717882633
1172,6.69,6.486883111707546,6.486883111707546,0.20311688829245433,3.0361268803057446
1383,11.9,15.102963645561653,15.102963645561653,3.2029636455616526,26.91566088707271
5263,7.2,9.158015336248408,9.158015336248408,1.9580153362484074,27.19465744789455
711,13.7,15.142985154129759,15.142985154129759,1.4429851541297598,10.532738351312116
2354,7.9,8.408093396675532,8.408093396675532,0.5080933966755321,6.431561983234584
2215,7.0,8.029558911494327,8.029558911494327,1.0295589114943269,14.707984449918957
3779,7.49,8.92092147917946,8.92092147917946,1.4309214791794602,19.10442562322377
5242,5.5,12.876652314053842,12.876652314053842,7.3766523140538425,134.12095116461532
69,5.5,5.936791098443553,5.936791098443553,0.43679109844355324,7.941656335337331
263,6.5,9.527318105513082,9.527318105513082,3.027318105513082,46.57412470020127
408,16.0,9.845584662742525,9.845584662742525,6.1544153372574755,38.465095857859225
7137,54.99,46.625806047827076,46.625806047827076,8.364193952172926,15.210390893204085
6024,24.39,20.673500433364186,20.673500433364186,3.7164995666358145,15.23780060121285
3217,1.79,5.309826703657343,5.309826703657343,3.519826703657343,196.63836333281245
5196,11.6,13.630869308256875,13.630869308256875,2.030869308256875,17.5074940366972
37,13.8,14.322484964033489,14.322484964033489,0.5224849640334881,3.786122927778899
3504,6.99,6.2948043842074455,6.2948043842074455,0.6951956157925547,9.945573902611656
1862,31.0,24.519264270129167,24.519264270129167,6.480735729870833,20.90559912861559
4602,13.3,12.848298910841878,12.848298910841878,0.45170108915812257,3.3962487906625753
6222,20.66,22.971976460456272,22.971976460456272,2.311976460456272,11.190592741801897
6474,9.29,10.667043470800449,10.667043470800449,1.3770434708004498,14.822857597421418
2333,28.5,33.422560993705225,33.422560993705225,4.9225609937052255,17.272143837562197
1575,6.8,9.297169809644346,9.297169809644346,2.4971698096443466,36.723085435946274
6763,35.89,48.75000934290799,48.75000934290799,12.860009342907986,35.83173402872105
5733,20.0,30.74578940732257,30.74578940732257,10.745789407322569,53.72894703661284
3295,11.0,11.128253122467134,11.128253122467134,0.12825312246713416,1.1659374769739468
3985,19.5,15.436620045868326,15.436620045868326,4.063379954131674,20.83784591862397
5958,89.09,111.57944687529155,111.57944687529155,22.48944687529155,25.243514283636266
3641,13.8,10.486715046968273,10.486715046968273,3.3132849530317277,24.009311253853095
1163,5.39,5.765940227628385,5.765940227628385,0.3759402276283854,6.9747723122149425
3781,8.5,10.107203940351392,10.107203940351392,1.6072039403513916,18.908281651192844
1554,23.99,21.459748651778312,21.459748651778312,2.530251348221686,10.547108579498483
19,10.0,5.454356400321315,5.454356400321315,4.545643599678685,45.45643599678685
3257,7.1,13.1490212153139,13.1490212153139,6.0490212153139,85.19748190582958
3279,6.699999,8.161658820252198,8.161658820252198,1.4616598202521978,21.81582146881213
982,1.7,2.6480811960971544,2.6480811960971544,0.9480811960971545,55.769482123362025
6602,12.15,15.398488316551449,15.398488316551449,3.248488316551448,26.736529354332905
239,4.8,5.428977879706049,5.428977879706049,0.6289778797060492,13.10370582720936
7053,20.99,22.062540391235352,22.062540391235352,1.0725403912353535,5.109768419415691
2509,22.05,19.08635960039251,19.08635960039251,2.963640399607492,13.44054602996595
3800,7.3,4.633422992461547,4.633422992461547,2.6665770075384527,36.528452158061
6775,25.99,40.07720545029567,40.07720545029567,14.087205450295674,54.20240650363861
1322,2.5,2.890472924819644,2.890472924819644,0.3904729248196439,15.618916992785756
3842,10.9,14.280458404059969,14.280458404059969,3.3804584040599686,31.01337985376118
3166,10.9,8.25911672180629,8.25911672180629,2.6408832781937104,24.2282869559056
4381,12.0,10.580488140218554,10.580488140218554,1.419511859781446,11.829265498178716
5635,15.999,26.65765837483919,26.65765837483919,10.65865837483919,66.62077864141003
5514,28.49,35.34150217464431,35.34150217464431,6.851502174644313,24.048796681798223
1965,4.5,5.205981957949587,5.205981957949587,0.7059819579495867,15.68848795443526
2486,4.686,9.252619057362574,9.252619057362574,4.5666190573625745,97.45239132229139
4706,3.0,4.574722545946335,4.574722545946335,1.5747225459463348,52.49075153154449
2676,6.2,6.062473983625188,6.062473983625188,0.137526016374812,2.2181615544324513
1726,6.799999,8.993015747065435,8.993015747065435,2.1930167470654354,32.25025102305803
332,4.0,3.0099109116007363,3.0099109116007363,0.9900890883992637,24.75222720998159
4728,4.99,5.765940227628385,5.765940227628385,0.7759402276283849,15.54990436129028
3544,4.75,8.852052847910214,8.852052847910214,4.102052847910214,86.35900732442555
6459,13.19,11.455644672221151,11.455644672221151,1.7343553277788484,13.149016889907871
1562,25.0,27.2361416613719,27.2361416613719,2.2361416613718994,8.944566645487598
3989,4.5,5.4215505666160295,5.4215505666160295,0.9215505666160295,20.478901480356214
1320,29.5,36.299580487929404,36.299580487929404,6.799580487929404,23.04942538281154
6674,35.99,38.926389653288936,38.926389653288936,2.936389653288934,8.158904288104846
2036,10.799,12.462128474889754,12.462128474889754,1.6631284748897546,15.40076372710209
3774,5.5,4.942449626448361,4.942449626448361,0.5575503735516394,10.137279519120716
3121,8.2,8.672790697762936,8.672790697762936,0.47279069776293703,5.765740216621184
2650,3.6,5.93773525710074,5.93773525710074,2.3377352571007397,64.93709047502054
4595,3.95,4.091660107306972,4.091660107306972,0.1416601073069721,3.5863318305562553
2471,3.55,2.941302881159441,2.941302881159441,0.608697118840559,17.146397713818565
4397,10.8,6.890604108005868,6.890604108005868,3.9093958919941327,36.19811011105678
6418,5.8,6.6913756023957305,6.6913756023957305,0.8913756023957307,15.36854486889191
1888,13.8,22.78550052866655,22.78550052866655,8.985500528666549,65.11232267149673
5537,25.99,17.350893708220116,17.350893708220116,8.639106291779882,33.24011655167327
7214,57.99,58.56735517771063,58.56735517771063,0.5773551777106292,0.995611618745696
2519,29.5,33.019985891067584,33.019985891067584,3.5199858910675843,11.932155562940963
1142,13.89,13.600086850247747,13.600086850247747,0.2899131497522536,2.087207701600098
308,11.3,7.131082083715106,7.131082083715106,4.168917916284895,36.893078905176054
5255,1.99,2.0599282872775437,2.0599282872775437,0.06992828727754374,3.5139842853037053
381,4.5,7.3070100707058305,7.3070100707058305,2.8070100707058305,62.37800157124068
4118,7.5,7.1112365433166085,7.1112365433166085,0.3887634566833915,5.183512755778554
3617,7.2,6.03960681662393,6.03960681662393,1.16039318337607,16.116571991334304
1400,9.8,6.468001945635043,6.468001945635043,3.3319980543649574,33.999980146581194
7075,23.5,17.93196273181419,17.93196273181419,5.568037268185812,23.693775609301326
6806,14.4,15.35992634939866,15.35992634939866,0.9599263493986605,6.666155204157365
2465,4.3,3.271788710976759,3.271788710976759,1.0282112890232407,23.911890442400946
994,10.5,11.17561320660988,11.17561320660988,0.6756132066098797,6.434411491522664
683,4.7,6.337737204660449,6.337737204660449,1.637737204660449,34.84547243958402
3428,7.9,8.221728851744839,8.221728851744839,0.32172885174483845,4.072517110694157
2906,11.9,10.51798108990811,10.51798108990811,1.3820189100918903,11.613604286486472
2984,12.8,10.375144372149215,10.375144372149215,2.4248556278507856,18.94418459258426
457,2.7,4.588095862717179,4.588095862717179,1.8880958627171784,69.92947639693253
4028,4.8,4.025534264295328,4.025534264295328,0.7744657357046716,16.134702827180657
3622,3.8,6.651817537844738,6.651817537844738,2.851817537844738,75.04782994328258
756,2.95,2.7895781049128545,2.7895781049128545,0.16042189508714566,5.438030341937141
5845,21.99,23.841813220867913,23.841813220867913,1.8518132208679141,8.421160622409797
4100,1.5,3.0616900494232335,3.0616900494232335,1.5616900494232335,104.1126699615489
1046,11.89,8.235638411990987,8.235638411990987,3.6543615880090137,30.7347484273256
1024,4.49,2.571642303108464,2.571642303108464,1.9183576968915363,42.72511574368678
2344,13.4,12.851286266770106,12.851286266770106,0.5487137332298939,4.094878606193238
2997,3.2,7.5912377159977655,7.5912377159977655,4.391237715997765,137.22617862493016
4591,3.55,7.376024429318778,7.376024429318778,3.826024429318778,107.77533603714869
4974,26.9,18.986544666805468,18.986544666805468,7.9134553331945305,29.418049565778926
1515,28.2,28.87996263248226,28.87996263248226,0.6799626324822619,2.4112150088023467
5186,24.19,19.3851023354095,19.3851023354095,4.804897664590502,19.863156943325762
1737,4.3,5.859715524940988,5.859715524940988,1.5597155249409882,36.27245406839508
6156,22.85,23.694560383106598,23.694560383106598,0.8445603831065966,3.6961067094380593
1869,5.6,6.127866655685008,6.127866655685008,0.527866655685008,9.426190280089429
6526,22.99,24.440917351130853,24.440917351130853,1.4509173511308546,6.311080257202501
1042,3.5,1.470428548054666,1.470428548054666,2.0295714519453343,57.98775576986669
3442,6.5,5.176866873172974,5.176866873172974,1.3231331268270257,20.35589425887732
50,7.5,11.833533071293639,11.833533071293639,4.333533071293639,57.78044095058185
786,6.5,5.909133027295382,5.909133027295382,0.5908669727046183,9.090261118532588
245,18.5,29.424696086988213,29.424696086988213,10.924696086988213,59.05241128101737
5303,4.25,9.018913254164758,9.018913254164758,4.768913254164758,112.20972362740606
3076,14.0,11.438952421979998,11.438952421979998,2.561047578020002,18.293196985857158
5462,37.19,22.568652912672913,22.568652912672913,14.621347087327084,39.315265090957475
7234,54.95,36.675145858231495,36.675145858231495,18.274854141768508,33.25724138629392
625,7.5,9.078541733649654,9.078541733649654,1.5785417336496543,21.047223115328727
6414,26.59,17.81928152503907,17.81928152503907,8.77071847496093,32.98502623151911
2272,5.7,4.863743929294547,4.863743929294547,0.8362560707054536,14.671159135183395
4812,12.99,13.332438409997353,13.332438409997353,0.342438409997353,2.6361694380088756
7182,57.28,37.25018132314177,37.25018132314177,20.029818676858234,34.968258863230155
4894,6.9,6.672060139957671,6.672060139957671,0.22793986004232902,3.3034762324975215
6403,5.3,6.869446180515935,6.869446180515935,1.5694461805159348,29.612192085206317
1025,12.5,9.252619057362574,9.252619057362574,3.2473809426374256,25.979047541099405
5457,53.99,37.83221336477816,37.83221336477816,16.15778663522184,29.927369207671497
2926,7.5,9.665146792979101,9.665146792979101,2.165146792979101,28.868623906388013
321,31.8,35.05863393053221,35.05863393053221,3.258633930532209,10.247276511107575
3326,17.0,23.447949813304206,23.447949813304206,6.447949813304206,37.92911654884827
3105,11.9,14.377099011435014,14.377099011435014,2.4770990114350138,20.815958079285828
1893,4.5,3.1630420285511773,3.1630420285511773,1.3369579714488227,29.71017714330717
4920,6.8,5.950314303939474,5.950314303939474,0.8496856960605257,12.495377883243025
2138,11.49,11.220511393318382,11.220511393318382,0.2694886066816178,2.3454186830428005
5476,40.49,29.496906648516156,29.496906648516156,10.993093351483846,27.150144113321428
3475,1.55,1.6161669079824452,1.6161669079824452,0.06616690798244518,4.268832773060979
4098,11.0,12.035608679051114,12.035608679051114,1.0356086790511139,9.414624355010126
7001,45.499,41.19552684120058,41.19552684120058,4.30347315879942,9.458390643309567
5321,14.799,19.423716536687753,19.423716536687753,4.624716536687753,31.250196207093406
5339,2.7,3.183557086298489,3.183557086298489,0.48355708629848904,17.909521714758853
4296,24.5,22.895655640063108,22.895655640063108,1.604344359936892,6.548344326273028
3767,5.9,5.863947741972149,5.863947741972149,0.03605225802785128,0.6110552208110387
2126,16.3,22.354511606987472,22.354511606987472,6.054511606987472,37.1442429876532
4279,5.9,3.7322733864711224,3.7322733864711224,2.167726613528878,36.74112904286233
233,3.8,5.57530068110156,5.57530068110156,1.7753006811015606,46.71843897635686
65,15.0,14.073116616872614,14.073116616872614,0.9268833831273859,6.179222554182573
5856,20.709,30.077825115192454,30.077825115192454,9.368825115192454,45.24035499151313
1595,14.5,17.55123674234998,17.55123674234998,3.0512367423499818,21.04301201620677
5133,9.8,15.436620045868326,15.436620045868326,5.636620045868325,57.51653108028903
2656,20.9,21.706581328579453,21.706581328579453,0.8065813285794547,3.8592408066002624
3218,32.99,39.5259241813349,39.5259241813349,6.535924181334899,19.811834438723547
509,5.0,4.69973111028241,4.69973111028241,0.30026888971759025,6.005377794351805
6253,15.5,19.241813707404088,19.241813707404088,3.741813707404088,24.140733596155407
6481,18.99,28.80049449495054,28.80049449495054,9.810494494950543,51.66137174802814
576,26.7,14.072976357833738,14.072976357833738,12.627023642166261,47.292223378899855
217,4.999999,4.017571036048147,4.017571036048147,0.982427963951853,19.6485632087497
5697,15.59,25.28111532433215,25.28111532433215,9.691115324332149,62.162381810982346
7082,11.9,10.955896756873459,10.955896756873459,0.9441032431265413,7.933640698542363
3757,4.0,5.147146466763245,5.147146466763245,1.1471464667632452,28.67866166908113
3954,9.2,13.743958556639129,13.743958556639129,4.543958556639129,49.39085387651228
6731,24.5,27.648454670821216,27.648454670821216,3.1484546708212164,12.850835391107008
6889,39.9,27.807784366988635,27.807784366988635,12.092215633011364,30.30630484464001
2115,10.5,6.314557339483717,6.314557339483717,4.185442660516283,39.861358671583645
3467,2.0,3.545040270748234,3.545040270748234,1.5450402707482338,77.25201353741168
4871,17.5,16.635086945437045,16.635086945437045,0.8649130545629546,4.942360311788312
6130,20.5,27.58684285671375,27.58684285671375,7.086842856713751,34.56996515470123
3478,9.0,9.252619057362574,9.252619057362574,0.2526190573625744,2.8068784151397153
4487,4.499999,6.503482207660649,6.503482207660649,2.003483207660649,44.52185895287196
3933,29.99,23.265152086831915,23.265152086831915,6.724847913168084,22.423634255312052
3347,7.6,6.54192443807394,6.54192443807394,1.05807556192606,13.92204686744816
1261,6.5,5.845299900223098,5.845299900223098,0.6547000997769024,10.072309227336959
4382,9.5,11.198650521538479,11.198650521538479,1.6986505215384788,17.8805318056682
3163,9.65,9.958967629582295,9.958967629582295,0.30896762958229473,3.2017370941170435
1412,4.0,3.3953779775144306,3.3953779775144306,0.6046220224855694,15.115550562139235
1281,14.0,10.667033865379883,10.667033865379883,3.3329661346201167,23.80690096157226
4588,6.0,8.356121645107992,8.356121645107992,2.356121645107992,39.2686940851332
2917,6.2,5.504202247655487,5.504202247655487,0.6957977523445136,11.222544392653443
1565,13.6,20.01843474228506,20.01843474228506,6.41843474228506,47.1943731050372
6580,22.562,15.705652678941929,15.705652678941929,6.856347321058072,30.388916412809465
4002,7.6,6.189229854930685,6.189229854930685,1.410770145069315,18.562765066701516
6500,7.899,10.508715105809388,10.508715105809388,2.6097151058093884,33.03855052296985
6365,25.4,35.36645946081206,35.36645946081206,9.966459460812061,39.238029373275836
6900,21.699,19.527476597472898,19.527476597472898,2.1715234025271037,10.007481462404275
3007,5.0,8.90843974631154,8.90843974631154,3.90843974631154,78.1687949262308
1315,9.2,10.457690257146542,10.457690257146542,1.2576902571465425,13.670546273331984
3885,2.3,3.6105845445086473,3.6105845445086473,1.3105845445086475,56.98193671776729
3745,12.4,11.649159785189944,11.649159785189944,0.7508402148100561,6.055163022661743
6498,18.006229,40.986610116873756,40.986610116873756,22.980381116873755,127.62461877427947
1702,40.99,26.62748448630142,26.62748448630142,14.362515513698582,35.03907175823026
1839,6.2,7.486226526111432,7.486226526111432,1.2862265261114318,20.745589130829543
503,10.5,5.562330781502587,5.562330781502587,4.937669218497413,47.02542112854678
7023,38.9,53.66144921620196,53.66144921620196,14.76144921620196,37.94717022159887
5818,9.79,10.044579430075126,10.044579430075126,0.2545794300751272,2.6004027586836282
4694,11.0,4.120437832233098,4.120437832233098,6.879562167766902,62.541474252426376
1721,36.0,41.48652282724549,41.48652282724549,5.486522827245487,15.24034118679302
7187,50.999,78.9320143641305,78.9320143641305,27.933014364130493,54.771690354968705
4618,14.99,13.600086850247747,13.600086850247747,1.3899131497522532,9.272269177800222
1803,18.8,18.986544666805468,18.986544666805468,0.18654466680546733,0.9922588659865283
1385,4.2,5.3198736765765755,5.3198736765765755,1.1198736765765753,26.663658966108933
1373,1.2,1.7633332202142136,1.7633332202142136,0.5633332202142136,46.94443501785114
5834,26.9,26.26564997380714,26.26564997380714,0.634350026192859,2.358178536032933
5654,44.99,66.14228193637875,66.14228193637875,21.15228193637875,47.01551886281118
5670,16.0,19.808227143518526,19.808227143518526,3.8082271435185255,23.801419646990784
856,6.9,7.537933258660046,7.537933258660046,0.6379332586600457,9.245409545797763
2458,13.899999,8.029558911494327,8.029558911494327,5.8704400885056724,42.23338497006851
2726,7.8,11.792647189736831,11.792647189736831,3.9926471897368314,51.18778448380553
5886,37.99,33.909829002454686,33.909829002454686,4.080170997545316,10.740118445762874
4252,24.79,21.706581328579453,21.706581328579453,3.083418671420546,12.43815518927207
3269,8.1,6.009334369195874,6.009334369195874,2.090665630804126,25.810686800050934
2505,6.0,7.576842018221636,7.576842018221636,1.5768420182216358,26.280700303693934
318,1.7,2.1654932449981574,2.1654932449981574,0.4654932449981575,27.38195558812691
6053,30.49,37.33044988719285,37.33044988719285,6.84044988719285,22.43506030565054
176,4.7,5.845299900223098,5.845299900223098,1.1452999002230975,24.368082983470156
5683,80.49,56.86908223785095,56.86908223785095,23.62091776214905,29.346400499626103
4967,2.0,2.9893208583114235,2.9893208583114235,0.9893208583114235,49.46604291557117
3100,2.6,5.978456195180602,5.978456195180602,3.378456195180602,129.94062289156162
2840,1.85,3.2737386049770265,3.2737386049770265,1.4237386049770264,76.95884351227168
6504,14.2,18.039383274034357,18.039383274034357,3.8393832740343576,27.037910380523645
3043,2.7,2.9710994934174177,2.9710994934174177,0.27109949341741757,10.040721978422873
3169,12.5,9.29150475782964,9.29150475782964,3.2084952421703594,25.667961937362875
468,4.6,5.946544091180951,5.946544091180951,1.3465440911809514,29.272697634368512
472,28.5,23.79020810193695,23.79020810193695,4.709791898063049,16.525585607238767
91,7.9,4.905683452624576,4.905683452624576,2.9943165473754245,37.90274110601803
4304,2.7,4.847634808047738,4.847634808047738,2.147634808047738,79.542029927694
4149,5.8,7.42873458315539,7.42873458315539,1.6287345831553903,28.081630744058454
1047,5.6,6.39695371900031,6.39695371900031,0.7969537190003102,14.231316410719828
6571,129.29,119.34548549929643,119.34548549929643,9.944514500703562,7.691634697736532
6768,9.49,9.479472874732748,9.479472874732748,0.010527125267252302,0.11092861187831721
435,5.5,7.758105707961701,7.758105707961701,2.2581057079617013,41.05646741748548
6016,151.89,133.05088329943194,133.05088329943194,18.83911670056804,12.403131674611918
1335,20.49,17.45065311598336,17.45065311598336,3.0393468840166378,14.83331812599628
1352,8.9,8.347945582419326,8.347945582419326,0.5520544175806741,6.202858624501956
4074,2.55,4.798017163332146,4.798017163332146,2.248017163332146,88.1575358169469
4868,5.9,6.438460726602561,6.438460726602561,0.538460726602561,9.126452993263744
6046,25.09,24.521311638550156,24.521311638550156,0.5686883614498441,2.2665937084489602
5546,18.99,20.049694796542127,20.049694796542127,1.0596947965421286,5.580278022865343
4207,8.8,8.252760924617844,8.252760924617844,0.5472390753821568,6.218625856615417
3758,11.5,15.692370866838278,15.692370866838278,4.192370866838278,36.455398842071986
106,7.7,5.91392152525963,5.91392152525963,1.7860784747403704,23.195824347277537
5694,19.0,25.40096033113054,25.40096033113054,6.400960331130541,33.68926490068706
5676,26.99,27.568786438488548,27.568786438488548,0.5787864384885495,2.1444477157782496
4791,4.1,4.939378755156682,4.939378755156682,0.839378755156682,20.472652564797126
5900,27.9,15.933368003550697,15.933368003550697,11.966631996449301,42.89115410913728
5313,12.9,13.318486179378787,13.318486179378787,0.41848617937878707,3.244078909913078
3333,10.99,10.018042027055747,10.018042027055747,0.9719579729442529,8.844021591849435
4086,15.0,16.18786206126946,16.18786206126946,1.1878620612694597,7.919080408463065
1617,12.99,12.08310966932512,12.08310966932512,0.9068903306748801,6.981449812739647
2252,4.0,1.8506498630151687,1.8506498630151687,2.1493501369848316,53.73375342462079
4860,7.8,10.673869418714691,10.673869418714691,2.8738694187146914,36.84447972711143
5584,9.299,10.800397182740909,10.800397182740909,1.5013971827409094,16.145791835045806
3494,15.9,16.124654519857543,16.124654519857543,0.22465451985754292,1.4129215085380058
1498,6.666,5.841502708166806,5.841502708166806,0.8244972918331941,12.368696247122624
996,6.5,8.235638411990987,8.235638411990987,1.735638411990987,26.702129415245953
5912,15.3205,12.139188981512591,12.139188981512591,3.181311018487408,20.765060007750456
6638,87.999,102.72271969589131,102.72271969589131,14.723719695891319,16.731689787260446
41,18.0,14.333583024041376,14.333583024041376,3.666416975958624,20.36898319977013
5253,17.2,17.647992108942823,17.647992108942823,0.4479921089428238,2.6046052845513015
5689,13.69,12.795860729458708,12.795860729458708,0.8941392705412916,6.531331413742087
3282,3.7,8.123599056824327,8.123599056824327,4.423599056824327,119.55673126552233
1539,7.3,4.082980182283873,4.082980182283873,3.2170198177161264,44.06876462624831
1805,8.9,9.33556925984029,9.33556925984029,0.43556925984028894,4.894036627418977
1144,2.9,9.691032300325043,9.691032300325043,6.791032300325043,234.17352759741527
6198,34.79,35.2864985919441,35.2864985919441,0.4964985919441034,1.4271301866746289
2615,6.5,6.358016761372828,6.358016761372828,0.141983238627172,2.1843575173411076
2114,14.99,15.955126747873608,15.955126747873608,0.9651267478736081,6.438470632912663
5792,10.89,8.697991247283717,8.697991247283717,2.1920087527162835,20.128638684263393
4546,11.0,13.286984866758951,13.286984866758951,2.286984866758951,20.790771515990468
3172,1.0,5.226055428116365,5.226055428116365,4.226055428116365,422.6055428116365
167,9.2,19.684401939174414,19.684401939174414,10.484401939174415,113.96089064320016
2337,11.3,11.524192006325405,11.524192006325405,0.2241920063254046,1.9840000559770317
6928,39.18,29.207138169739046,29.207138169739046,9.972861830260953,25.453960771467464
3964,5.4,3.0663729173438985,3.0663729173438985,2.333627082656102,43.21531634548336
2445,25.0,25.3040266983855,25.3040266983855,0.3040266983854991,1.2161067935419965
7257,17.99,21.98816297477899,21.98816297477899,3.9981629747789924,22.224363395102795
3341,1.9,3.303249443586505,3.303249443586505,1.403249443586505,73.85523387297395
4103,1.3,0.6040022135666102,0.6040022135666102,0.6959977864333898,53.53829126410691
3017,18.5,14.377099011435014,14.377099011435014,4.122900988564986,22.285951289540463
6151,13.09,14.780727637515177,14.780727637515177,1.6907276375151774,12.91617752112435
4958,8.99,10.860799567141033,10.860799567141033,1.8707995671410327,20.8097838391661
6935,25.4,42.66961254070065,42.66961254070065,17.26961254070065,67.99060055393956
789,3.6,6.246957121927217,6.246957121927217,2.6469571219272168,73.52658672020046
4617,19.2,16.24596870611404,16.24596870611404,2.954031293885958,15.38557965565603
1097,3.5,3.7106160115855804,3.7106160115855804,0.2106160115855804,6.017600331016583
3206,15.3,11.588695276703577,11.588695276703577,3.711304723296424,24.256893616316493
6535,19.99,22.684051827276505,22.684051827276505,2.694051827276507,13.476997635200135
6251,31.49,27.401534478882287,27.401534478882287,4.088465521117712,12.9833773296847
544,4.0,5.980828302026162,5.980828302026162,1.9808283020261621,49.52070755065405
6770,19.299,19.96438651169089,19.96438651169089,0.6653865116908904,3.4477771474733943
5924,14.25,15.72257070198477,15.72257070198477,1.47257070198477,10.333829487612421
4838,2.4,3.8629402717468038,3.8629402717468038,1.4629402717468039,60.95584465611683
6194,19.59,17.078224642569342,17.078224642569342,2.5117753574306576,12.821722089998252
6068,7.39,7.692998006135391,7.692998006135391,0.3029980061353914,4.100108337420723
4229,16.7,15.959192356450302,15.959192356450302,0.7408076435496973,4.4359739134712415
877,9.5,4.4406207710328,4.4406207710328,5.0593792289672,53.25662346281263
3908,9.7,7.791917078210553,7.791917078210553,1.908082921789446,19.67095795659223
3914,12.8,9.233752620993357,9.233752620993357,3.5662473790066436,27.861307648489404
5397,10.9,8.689999387701938,8.689999387701938,2.210000612298062,20.27523497521158
1078,8.2,5.868448739342048,5.868448739342048,2.3315512606579514,28.433551959243314
5983,42.7,74.15424995946395,74.15424995946395,31.45424995946395,73.66334885120362
4990,10.5,10.125949073150194,10.125949073150194,0.37405092684980623,3.5623897795219643
511,13.0,10.409675154904043,10.409675154904043,2.5903248450959566,19.925575731507358
2375,4.4,3.8752534828275205,3.8752534828275205,0.5247465171724799,11.926057208465451
2877,15.6,18.986544666805468,18.986544666805468,3.3865446668054684,21.70861965900941
2069,1.5,3.0024936308856454,3.0024936308856454,1.5024936308856454,100.16624205904303
4851,3.5,2.5855169512060767,2.5855169512060767,0.9144830487939233,26.128087108397807
3262,11.0,8.574180928886648,8.574180928886648,2.4258190711133523,22.05290064648502
4934,10.89,19.454321294863252,19.454321294863252,8.564321294863252,78.6439053706451
1302,8.9,11.74609929397904,11.74609929397904,2.846099293979039,31.978643752573472
6045,47.89,50.716462108660664,50.716462108660664,2.826462108660664,5.901988115808444
4394,2.5,11.092848080405593,11.092848080405593,8.592848080405593,343.7139232162237
3689,16.3,16.184208063418126,16.184208063418126,0.11579193658187492,0.7103799790299075
3159,8.5,8.113436799802562,8.113436799802562,0.38656320019743795,4.547802355263976
858,7.99,9.87212840824519,9.87212840824519,1.8821284082451903,23.556050165772096
4678,19.9,20.39889743983105,20.39889743983105,0.49889743983105106,2.507022310708799
7140,24.85,33.74422859679985,33.74422859679985,8.894228596799849,35.791664373440035
7028,12.5,17.412601021481105,17.412601021481105,4.912601021481105,39.30080817184884
7112,25.99,32.396786600578004,32.396786600578004,6.406786600578005,24.650968066864202
4357,9.9,14.377099011435014,14.377099011435014,4.477099011435014,45.22322233772741
2890,7.9,8.78492079952259,8.78492079952259,0.8849207995225896,11.20152910788088
4794,8.8,11.019836237729974,11.019836237729974,2.2198362377299734,25.22541179238606
2024,12.0,15.142985154129759,15.142985154129759,3.142985154129759,26.191542951081324
4194,16.5,15.191920272830922,15.191920272830922,1.308079727169078,7.9277559222368374
4921,4.5,3.501005110463528,3.501005110463528,0.9989948895364722,22.199886434143824
5356,9.5,8.196707582937792,8.196707582937792,1.3032924170622078,13.718867548023239
743,5.3,6.230923439078402,6.230923439078402,0.930923439078402,17.56459319015853
2499,1.15,2.435690389227961,2.435690389227961,1.2856903892279612,111.79916428069228
4241,9.3,11.450131866906762,11.450131866906762,2.1501318669067615,23.11969749362109
179,25.99,18.613467451140867,18.613467451140867,7.376532548859132,28.382195263020897
3613,8.5,5.91392152525963,5.91392152525963,2.5860784747403702,30.424452644004358
3693,20.0,14.24740354308484,14.24740354308484,5.75259645691516,28.7629822845758
3771,7.0,8.491624811363591,8.491624811363591,1.4916248113635913,21.308925876622734
6566,35.55,41.89400577206883,41.89400577206883,6.344005772068833,17.84530456278153
31,11.0,7.975165602230003,7.975165602230003,3.0248343977699967,27.498494525181787
5151,6.8,6.466445255270988,6.466445255270988,0.33355474472901214,4.9052168342501785
2484,3.2,4.590778873962352,4.590778873962352,1.3907788739623514,43.461839811323486
168,11.5,8.942457919324148,8.942457919324148,2.5575420806758515,22.239496353703057
3248,2.8,3.3596695203649993,3.3596695203649993,0.5596695203649995,19.98819715589284
642,5.0,6.627879611741976,6.627879611741976,1.6278796117419763,32.557592234839525
1483,14.9,12.771017601977483,12.771017601977483,2.128982398022517,14.28847246994978
1790,6.0,6.230923439078402,6.230923439078402,0.23092343907840185,3.848723984640031
5035,8.0,5.99440078876996,5.99440078876996,2.00559921123004,25.0699901403755
3982,3.0,9.010969112624464,9.010969112624464,6.010969112624464,200.36563708748213
7092,62.49,57.64252077300092,57.64252077300092,4.847479226999084,7.75720791646517
6492,22.89,27.207101816584164,27.207101816584164,4.317101816584163,18.860208897265892
6912,19.899,19.124519421673973,19.124519421673973,0.7744805783260276,3.892057783436492
6178,24.5,25.324829365049673,25.324829365049673,0.8248293650496734,3.3666504695905033
6644,18.15,15.67506262566224,15.67506262566224,2.474937374337758,13.636018591392606
2758,9.5,6.672060139957671,6.672060139957671,2.8279398600423287,29.767788000445567
3412,12.6,8.885693102748302,8.885693102748302,3.7143068972516975,29.478626168664267
6122,20.7,22.81444416960475,22.81444416960475,2.1144441696047522,10.214706133356291
800,2.5,4.864557107860742,4.864557107860742,2.364557107860742,94.58228431442969
1954,10.5,9.447195121213039,9.447195121213039,1.0528048787869615,10.026713131304394
7248,48.99,32.75924369811732,32.75924369811732,16.230756301882685,33.1307538311547
5306,4.0,3.61272939424638,3.61272939424638,0.38727060575362016,9.681765143840504
6637,15.69,13.961408199831585,13.961408199831585,1.7285918001684148,11.017156151487667
2119,20.5,22.7096625170439,22.7096625170439,2.209662517043899,10.778841546555604
5309,3.5,3.9817250187057924,3.9817250187057924,0.48172501870579243,13.763571963022642
5660,25.49,32.57327617861418,32.57327617861418,7.083276178614181,27.788451073417736
5679,19.5,21.98816297477899,21.98816297477899,2.488162974778991,12.759810127071747
1406,8.7,8.272501470325928,8.272501470325928,0.42749852967407165,4.913776203150249
1501,9.8,7.660749134120088,7.660749134120088,2.1392508658799123,21.829090468162367
1074,5.3,4.710008252422891,4.710008252422891,0.589991747577109,11.131919765605831
500,13.6,13.585390959869907,13.585390959869907,0.01460904013009312,0.10741941272127294
437,17.5,15.436620045868326,15.436620045868326,2.0633799541316744,11.79074259503814
5437,9.5,9.941022769231262,9.941022769231262,0.44102276923126205,4.642344939276442
4113,8.9,5.863947741972149,5.863947741972149,3.0360522580278513,34.112946719414055
3386,3.6,4.358225874248747,4.358225874248747,0.7582258742487471,21.061829840242975
6683,22.99,19.661947778317472,19.661947778317472,3.328052221682526,14.476086218714773
80,16.9,11.47213080908536,11.47213080908536,5.427869190914638,32.1175691770097
1608,19.99,14.997847539649115,14.997847539649115,4.992152460350884,24.97324892621753
960,5.0,8.865512756151814,8.865512756151814,3.865512756151814,77.31025512303627
3114,22.5,27.59742329348242,27.59742329348242,5.0974232934824215,22.65521463769965
5198,3.8,5.845299900223098,5.845299900223098,2.045299900223098,53.82368158481836
4628,13.0,19.684401939174414,19.684401939174414,6.684401939174414,51.4184764551878
1632,12.19,13.630869308256875,13.630869308256875,1.4408693082568753,11.82009276666838
3305,4.8,2.761723034845701,2.761723034845701,2.038276965154299,42.46410344071456
5935,21.3,21.678151903050683,21.678151903050683,0.37815190305068214,1.775361047186301
5419,9.5,9.397602924529611,9.397602924529611,0.1023970754703889,1.0778639523198832
2477,3.0,4.02538691720015,4.02538691720015,1.0253869172001497,34.17956390667165
5506,16.45,14.97079960996407,14.97079960996407,1.4792003900359294,8.992099635476775
6399,22.45,15.573078188544008,15.573078188544008,6.876921811455992,30.63216842519373
5517,51.999,35.076562745680064,35.076562745680064,16.922437254319938,32.54377440781541
534,6.9,8.775006218340485,8.775006218340485,1.8750062183404843,27.174003164354843
5701,26.69,24.568485806797636,24.568485806797636,2.1215141932023656,7.948723091803542
2794,20.3,14.121174280428425,14.121174280428425,6.1788257195715754,30.437565121042244
585,4.5,3.89730194661479,3.89730194661479,0.6026980533852102,13.393290075226894
6722,50.9,52.30699765953889,52.30699765953889,1.406997659538888,2.7642390167758117
4970,25.0,21.071214957934245,21.071214957934245,3.928785042065755,15.71514016826302
1451,2.75,4.6361673971703805,4.6361673971703805,1.8861673971703805,68.5879053516502
6275,25.49,22.047946887206813,22.047946887206813,3.442053112793186,13.503543008211793
1410,30.5,20.347631323468747,20.347631323468747,10.152368676531253,33.28645467715165
5684,20.59,43.50370891611004,43.50370891611004,22.913708916110043,111.28561882520663
4536,10.0,9.958967629582295,9.958967629582295,0.04103237041770491,0.41032370417704905
866,15.0,9.665146792979101,9.665146792979101,5.334853207020899,35.565688046805995
4638,2.0,1.519457725951667,1.519457725951667,0.48054227404833294,24.027113702416646
6358,54.8,47.35543793489406,47.35543793489406,7.444562065105934,13.584967272091122
4679,3.95,9.225620328067938,9.225620328067938,5.275620328067938,133.5600083055174
742,7.1,5.859715524940988,5.859715524940988,1.2402844750590116,17.468795423366362
1544,6.9,5.826674576412617,5.826674576412617,1.0733254235873835,15.555440921556283
5509,53.29,42.86155204686277,42.86155204686277,10.42844795313723,19.569239919566954
2706,18.9,12.216918350111456,12.216918350111456,6.683081649888543,35.360220369780656
3734,7.89,7.546630216863833,7.546630216863833,0.3433697831361666,4.3519617634495145
2589,8.2,9.252619057362574,9.252619057362574,1.052619057362575,12.836817772714332
5283,2.5,2.8391868982878887,2.8391868982878887,0.3391868982878887,13.567475931515549
6816,50.709,37.87441923480558,37.87441923480558,12.834580765194424,25.310262015015923
5944,15.9,16.89112526843832,16.89112526843832,0.9911252684383189,6.233492254329049
4253,3.7,3.0214715085313895,3.0214715085313895,0.6785284914686107,18.33860787753002
748,16.5,13.181541478588278,13.181541478588278,3.3184585214117224,20.11186982673771
4055,5.79,8.600437499036925,8.600437499036925,2.810437499036925,48.539507755387305
401,5.3,5.758324896582351,5.758324896582351,0.45832489658235076,8.647639558157563
3749,20.8,19.990120575867618,19.990120575867618,0.809879424132383,3.8936510775595337
157,7.5,7.942143134889133,7.942143134889133,0.44214313488913337,5.895241798521778
5434,98.19,102.01716031353192,102.01716031353192,3.8271603135319197,3.8977088436011
6483,29.5,24.77467991872049,24.77467991872049,4.725320081279509,16.018034173828845
5749,14.3,13.112222953548184,13.112222953548184,1.1877770464518171,8.30613319197075
4528,12.0,14.280458404059969,14.280458404059969,2.280458404059969,19.003820033833073
1820,8.9,5.854189129469317,5.854189129469317,3.0458108705306834,34.22259405090655
2922,9.0,9.600920059545288,9.600920059545288,0.6009200595452882,6.676889550503201
2864,15.3,8.217055099697319,8.217055099697319,7.082944900302682,46.29375751831818
3362,3.3,3.156394389046023,3.156394389046023,0.14360561095397673,4.351685180423537
5281,1.6,2.3821431129944437,2.3821431129944437,0.7821431129944436,48.88394456215273
3803,1.4,2.5414898201449736,2.5414898201449736,1.1414898201449737,81.53498715321241
4237,5.4,9.497278618815054,9.497278618815054,4.097278618815054,75.87552997805655
7295,47.59,41.570695049232015,41.570695049232015,6.019304950767989,12.648255832670705
2666,4.8,3.8139207321244,3.8139207321244,0.9860792678755996,20.54331808074166
1782,13.0,6.407042234684526,6.407042234684526,6.592957765315474,50.71505973319596
5910,45.3565,43.39054456536681,43.39054456536681,1.9659554346331873,4.334451367793343
2415,8.0,10.244919860083385,10.244919860083385,2.2449198600833853,28.061498251042316
535,11.9,10.226385931669377,10.226385931669377,1.6736140683306235,14.063983767484231
5978,119.9,101.73968106069283,101.73968106069283,18.160318939307174,15.146220966895058
2406,1.5,1.9605518470876546,1.9605518470876546,0.4605518470876546,30.70345647251031
3098,5.8,5.6404037136182446,5.6404037136182446,0.15959628638175527,2.7516601100302633
5359,8.0,10.445059005328782,10.445059005328782,2.4450590053287815,30.563237566609768
5154,8.4,7.5594415508071915,7.5594415508071915,0.8405584491928089,10.006648204676296
1966,8.9,3.564641016825899,3.564641016825899,5.3353589831741015,59.94785374352924
5416,10.5,10.457690257146542,10.457690257146542,0.04230974285345823,0.4029499319376974
1176,7.86,11.932575349593483,11.932575349593483,4.072575349593483,51.81393574546416
5902,21.5,25.24561071271898,25.24561071271898,3.7456107127189817,17.421445175437125
1760,2.8,2.0820601833736085,2.0820601833736085,0.7179398166263913,25.640707736656832
997,5.2,8.212828608343855,8.212828608343855,3.012828608343855,57.93901169892028
473,6.2,5.631751770859869,5.631751770859869,0.5682482291401314,9.165294018389215
2266,2.1,1.7362285619950355,1.7362285619950355,0.3637714380049646,17.322449428807836
4205,15.7,15.445748742561754,15.445748742561754,0.25425125743824495,1.6194347607531527
1882,5.2,7.883062354431485,7.883062354431485,2.6830623544314847,51.597352969836244
4222,18.9,12.26644893085114,12.26644893085114,6.633551069148858,35.09815380502042
2578,10.8,9.736941280706416,9.736941280706416,1.0630587192935845,9.843136289755412
3783,2.6,4.235247715860549,4.235247715860549,1.6352477158605487,62.89414291771342
469,14.9,13.021852832938523,13.021852832938523,1.8781471670614778,12.605014544036763
5097,14.9,12.486383451690878,12.486383451690878,2.413616548309122,16.198768780598133
7040,17.29,20.542316911098375,20.542316911098375,3.252316911098376,18.810392776740173
4712,10.0,12.968573078036625,12.968573078036625,2.9685730780366253,29.685730780366253
3997,7.0,7.749051218027937,7.749051218027937,0.7490512180279367,10.700731686113382
247,6.5,2.6536569525687606,2.6536569525687606,3.8463430474312394,59.174508422019066
3780,17.9,11.231600858413021,11.231600858413021,6.668399141586978,37.25362648931273
2182,9.9,16.01227134717637,16.01227134717637,6.112271347176369,61.74011461794312
3395,6.5,9.95393288978569,9.95393288978569,3.4539328897856905,53.13742907362601
7097,83.99,70.76940155204798,70.76940155204798,13.220598447952014,15.740681566796063
811,4.0,2.730860301069324,2.730860301069324,1.269139698930676,31.7284924732669
6502,26.8,24.527885722565895,24.527885722565895,2.272114277434106,8.478038348634724
1419,7.4,8.235638411990987,8.235638411990987,0.8356384119909865,11.292410972851169
6733,13.9,14.939055806164212,14.939055806164212,1.0390558061642121,7.475221627080662
3625,3.9,3.7882791903393778,3.7882791903393778,0.11172080966062214,2.8646361451441575
228,9.0,6.909628486992555,6.909628486992555,2.0903715130074447,23.226350144527164
7107,45.5,46.86068708994743,46.86068708994743,1.360687089947433,2.9905210768075454
17,18.0,26.182369233757584,26.182369233757584,8.182369233757584,45.4576068542088
1407,10.6,10.445059005328782,10.445059005328782,0.15494099467121814,1.4617074968982842
7070,59.99,70.86581882270977,70.86581882270977,10.875818822709768,18.12938626889443
2392,13.5,14.348561854333656,14.348561854333656,0.8485618543336564,6.285643365434492
6272,47.9,39.98294922281207,39.98294922281207,7.9170507771879315,16.528289722730545
5439,109.0,124.31117252096624,124.31117252096624,15.311172520966238,14.046947266941503
6745,45.49,38.92213749739777,38.92213749739777,6.567862502602232,14.438035837771448
5879,10.99,20.567039017563275,20.567039017563275,9.577039017563274,87.14321217073044
2440,3.9,5.975231967115905,5.975231967115905,2.0752319671159047,53.211076079894994
5831,17.9,17.579279465850764,17.579279465850764,0.32072053414923474,1.7917348276493563
5853,13.5,9.449674576027727,9.449674576027727,4.050325423972273,30.002410547942766
4844,9.0,8.632133492319953,8.632133492319953,0.3678665076800467,4.087405640889408
6915,25.49,42.743890891761644,42.743890891761644,17.253890891761646,67.6888618743101
6092,21.69,23.586569490843047,23.586569490843047,1.8965694908430457,8.74398105506245
5461,23.2,19.01112913508155,19.01112913508155,4.188870864918449,18.0554778660278
2585,5.7,6.265035066371365,6.265035066371365,0.5650350663713652,9.912895901252021
543,9.9,5.826674576412617,5.826674576412617,4.0733254235873835,41.14470124835741
6112,17.0,23.445285821322507,23.445285821322507,6.445285821322507,37.913446007779456
3794,16.5,10.884877943393413,10.884877943393413,5.615122056606587,34.031042767312655
4119,7.799999,5.1567296034773005,5.1567296034773005,2.643269396522699,33.88807353081326
3153,12.0,6.548738360383348,6.548738360383348,5.451261639616652,45.42718033013877
1535,10.499,11.123776344331372,11.123776344331372,0.6247763443313712,5.950817642931433
1832,14.5,22.435681530177437,22.435681530177437,7.935681530177437,54.72883813915473
6746,33.79,37.40530534812712,37.40530534812712,3.615305348127123,10.699335152788171
3590,8.99,8.029558911494327,8.029558911494327,0.9604410885056733,10.683438136881794
3289,2.0,3.930886745586087,3.930886745586087,1.9308867455860872,96.54433727930436
96,3.8,2.0307967722458073,2.0307967722458073,1.7692032277541925,46.55797967774191
6679,62.99,58.4996879178323,58.4996879178323,4.490312082167705,7.128611021063193
2094,5.7,5.826674576412617,5.826674576412617,0.1266745764126167,2.2223609896950296
4773,8.0,8.687251638402133,8.687251638402133,0.6872516384021328,8.590645480026659
2927,9.5,9.353210603649915,9.353210603649915,0.14678939635008525,1.5451515405272132
7038,44.5,32.730490979666484,32.730490979666484,11.769509020333516,26.448334877153968
156,12.99,10.54430983454736,10.54430983454736,2.445690165452641,18.827483952676218
1022,6.4,6.282385968401229,6.282385968401229,0.11761403159877126,1.837719243730801
5447,24.49,27.23356118593589,27.23356118593589,2.743561185935892,11.202781486059177
4966,5.8,5.765940227628385,5.765940227628385,0.03405977237161473,0.5872374546830126
6458,49.5,56.81085616969374,56.81085616969374,7.310856169693743,14.769406403421703
2716,12.5,13.29566825260123,13.29566825260123,0.7956682526012298,6.365346020809838
1287,15.0,14.25550660505502,14.25550660505502,0.7444933949449801,4.9632892996332005
696,18.0,18.713367999445794,18.713367999445794,0.7133679994457935,3.9631555524766306
425,25.0,23.678150680476197,23.678150680476197,1.3218493195238032,5.287397278095213
6872,47.39,40.82877381895953,40.82877381895953,6.5612261810404675,13.845170249083072
712,10.9,13.189831899578644,13.189831899578644,2.289831899578644,21.00763210622609
4173,2.45,1.7529092267631452,1.7529092267631452,0.697090773236855,28.452684621912443
1811,16.0,14.457979387027128,14.457979387027128,1.5420206129728715,9.637628831080447
5096,18.7,24.591033553741138,24.591033553741138,5.8910335537411385,31.502853228562238
6480,17.9,24.604313398851357,24.604313398851357,6.704313398851358,37.454264798052286
447,31.49,28.92116887988607,28.92116887988607,2.568831120113927,8.157609146122349
6748,15.899,12.484845334576923,12.484845334576923,3.4141546654230766,21.474021419102314
4080,5.99,7.407322673412247,7.407322673412247,1.4173226734122464,23.661480357466548
1009,5.3,2.02337049696665,2.02337049696665,3.27662950303335,61.82319817044056
592,1.5,2.059497292399226,2.059497292399226,0.5594972923992261,37.29981949328174
6096,29.85,29.643134704983503,29.643134704983503,0.20686529501649886,0.6930160637068639
1242,8.5,5.917873826871228,5.917873826871228,2.5821261731287724,30.377954977985556
3058,8.4,8.78492079952259,8.78492079952259,0.3849207995225896,4.582390470507018
131,15.8,19.684401939174414,19.684401939174414,3.8844019391744133,24.584822399838057
2404,4.5,5.819666582532368,5.819666582532368,1.319666582532368,29.325924056274843
2306,8.95,9.21019844483924,9.21019844483924,0.26019844483924004,2.907245193734526
6277,62.5,74.13603535491464,74.13603535491464,11.63603535491464,18.61765656786342
7103,20.89,19.799056175141743,19.799056175141743,1.0909438248582575,5.222325633596254
624,8.5,4.598098699561271,4.598098699561271,3.9019013004387286,45.904721181632105
2986,6.0,6.041177097440577,6.041177097440577,0.04117709744057674,0.6862849573429457
2127,8.3,7.604771198578875,7.604771198578875,0.6952288014211261,8.376250619531639
6539,43.9,41.36105711726888,41.36105711726888,2.5389428827311207,5.783468981164284
4739,3.9,4.847634808047738,4.847634808047738,0.9476348080477384,24.298328411480473
3686,17.9,17.647992108942823,17.647992108942823,0.25200789105717547,1.407865313168578
3844,6.0,6.337737204660449,6.337737204660449,0.3377372046604492,5.628953411007487
2815,9.9,8.225101847359477,8.225101847359477,1.674898152640523,16.91816315798508
2579,3.999999,5.2397224603821435,5.2397224603821435,1.2397234603821436,30.99309425782716
1945,5.6,9.504897948851534,9.504897948851534,3.9048979488515343,69.73032051520597
2436,6.99,4.847634808047738,4.847634808047738,2.142365191952262,30.649001315483005
93,6.5,6.316131510016004,6.316131510016004,0.18386848998399596,2.8287459997537843
6701,35.19,25.216394346773907,25.216394346773907,9.973605653226091,28.342158719028394
1375,4.868,6.230923439078402,6.230923439078402,1.3629234390784015,27.9976055685785
3903,5.6,9.338267748795285,9.338267748795285,3.738267748795286,66.75478122848725
3477,13.5,10.265969984457465,10.265969984457465,3.234030015542535,23.95577789290767
6022,42.99,40.42286191633118,40.42286191633118,2.567138083668823,5.971477282318731
2223,8.8,5.758324896582351,5.758324896582351,3.04167510341765,34.5644898115642
1087,13.9,15.627106337640896,15.627106337640896,1.7271063376408957,12.425225450653926
2531,2.5,4.816064728263473,4.816064728263473,2.3160647282634734,92.64258913053894
6729,78.99,65.99899165689799,65.99899165689799,12.99100834310201,16.446396180658322
6880,17.375,18.505381378184396,18.505381378184396,1.1303813781843957,6.505792104658392
764,1.8,3.539634684731615,3.539634684731615,1.7396346847316149,96.6463713739786
4669,6.5,6.33008766650163,6.33008766650163,0.16991233349837032,2.614035899974928
476,12.99,13.630869308256875,13.630869308256875,0.6408693082568746,4.93355895501828
5594,56.5,56.67131099437067,56.67131099437067,0.1713109943706712,0.3032052997710995
2622,1.5,3.09012638050325,3.09012638050325,1.59012638050325,106.00842536688333
5111,5.7,6.2948043842074455,6.2948043842074455,0.5948043842074453,10.435164635218339
6466,21.6,21.641043768137518,21.641043768137518,0.04104376813751642,0.19001744508109453
4461,10.0,8.722013327551263,8.722013327551263,1.277986672448737,12.779866724487372
6338,13.5,14.603711823525858,14.603711823525858,1.1037118235258578,8.175643137228576
7034,23.29,18.717100177913515,18.717100177913515,4.572899822086484,19.634606363617362
2181,20.0,17.107049990897846,17.107049990897846,2.8929500091021545,14.46475004551077
6334,34.0,30.29596771197274,30.29596771197274,3.7040322880272605,10.894212611844884
2620,10.0,6.826987643901715,6.826987643901715,3.173012356098285,31.730123560982847
5170,8.9,14.377099011435014,14.377099011435014,5.477099011435014,61.54043833073048
752,6.8,6.189229854930685,6.189229854930685,0.6107701450693153,8.981913898078165
2283,11.5,10.38478487798143,10.38478487798143,1.1152151220185704,9.697522800161481
2799,8.0,5.864896606000483,5.864896606000483,2.1351033939995174,26.688792424993967
3049,14.9,20.07984560581462,20.07984560581462,5.179845605814618,34.76406446855449
351,3.5,6.393590264893256,6.393590264893256,2.8935902648932563,82.67400756837876
487,1.8,2.8219288998897474,2.8219288998897474,1.0219288998897473,56.77382777165263
927,5.0,5.758324896582351,5.758324896582351,0.7583248965823506,15.16649793164701
3318,6.5,7.968179154379177,7.968179154379177,1.4681791543791771,22.587371605833496
1061,18.0,13.862900291256222,13.862900291256222,4.1370997087437775,22.983887270798764
6018,39.39,42.121763055927794,42.121763055927794,2.731763055927793,6.935168966559516
2191,3.5,5.332158900609294,5.332158900609294,1.8321589006092944,52.34739716026555
4608,2.1,4.130929852437056,4.130929852437056,2.030929852437056,96.71094535414552
6128,27.9,21.59188847485034,21.59188847485034,6.308111525149659,22.609718728134983
561,12.99,12.40219770840055,12.40219770840055,0.5878022915994503,4.525036886831796
3535,9.9,10.270173183212124,10.270173183212124,0.370173183212124,3.7391230627487273
5501,21.99,21.179747869907196,21.179747869907196,0.8102521300928025,3.684639063632572
2966,9.5,9.895557172327127,9.895557172327127,0.39555717232712695,4.163759708706599
6026,37.49,47.193088507792474,47.193088507792474,9.703088507792472,25.881804501980454
334,13.5,16.08104583208945,16.08104583208945,2.581045832089451,19.118858015477418
2225,6.8,5.818221561974381,5.818221561974381,0.9817784380256187,14.437918206259098
4847,13.0,10.787820884270985,10.787820884270985,2.2121791157290147,17.01676242868473
5507,25.5,19.095181285717466,19.095181285717466,6.404818714282534,25.11693613444131
3213,12.5,6.6025787785670955,6.6025787785670955,5.8974212214329045,47.179369771463236
1103,7.9,8.995354291684768,8.995354291684768,1.0953542916847674,13.86524419854136
2110,26.99,20.347631323468747,20.347631323468747,6.642368676531252,24.61048046139775
23,12.99,15.102963645561653,15.102963645561653,2.1129636455616527,16.26607887268401
4151,21.99,22.906583747573467,22.906583747573467,0.916583747573469,4.168184390966208
1005,3.2,2.580348523336873,2.580348523336873,0.6196514766631274,19.36410864572273
1643,9.7,10.297159961255408,10.297159961255408,0.597159961255409,6.156288260365042
2550,59.7,54.71134171059975,54.71134171059975,4.988658289400256,8.356211540033929
3038,8.69,6.651817537844738,6.651817537844738,2.0381824621552616,23.454343638150306
4030,1.7,4.770922193831341,4.770922193831341,3.0709221938313407,180.64248199007886
3817,7.999,8.25911672180629,8.25911672180629,0.2601167218062903,3.2518655057668497
1671,14.9,16.728743824504477,16.728743824504477,1.8287438245044765,12.273448486607224
1372,14.3,13.189831899578644,13.189831899578644,1.1101681004213564,7.763413289659835
3203,30.99,30.956697033031286,30.956697033031286,0.033302966968712155,0.10746359138016186
445,6.9,7.825099630595294,7.825099630595294,0.9250996305952937,13.407241023120198
5433,62.99,46.90629980803743,46.90629980803743,16.08370019196257,25.53373581832445
7125,59.999,65.11625368747562,65.11625368747562,5.117253687475618,8.528898294097598
3399,22.5,22.189191386828135,22.189191386828135,0.31080861317186503,1.381371614097178
3939,2.0,2.791761714972028,2.791761714972028,0.791761714972028,39.5880857486014
5206,20.49,23.310937982873988,23.310937982873988,2.820937982873989,13.767388886647092
6378,83.79,80.22356352854544,80.22356352854544,3.5664364714545655,4.2563987008647395
2592,16.99,13.630869308256875,13.630869308256875,3.3591306917431236,19.771222435215563
3887,11.0,16.24596870611404,16.24596870611404,5.245968706114041,47.69062460103674
3518,1.2,3.5695239415373834,3.5695239415373834,2.369523941537383,197.4603284614486
4295,10.9,11.10142069636414,11.10142069636414,0.20142069636414028,1.847896296918718
1128,10.8,8.077473973766951,8.077473973766951,2.7225260262330497,25.208574316972683
2570,7.5,5.826674576412617,5.826674576412617,1.6733254235873831,22.311005647831774
5277,9.6,8.993015747065435,8.993015747065435,0.6069842529345646,6.322752634735049
1783,10.6,8.78492079952259,8.78492079952259,1.8150792004774097,17.12338868374915
2523,18.0,15.93553871465521,15.93553871465521,2.0644612853447892,11.469229363026606
4248,5.15,2.9838786147466396,2.9838786147466396,2.1661213852533607,42.06060942239535
1844,6.49,6.290441828318463,6.290441828318463,0.1995581716815371,3.0748562662794625
5291,7.9,5.850943562019837,5.850943562019837,2.0490564379801635,25.93742326557169
6129,24.49,28.48302403692644,28.48302403692644,3.9930240369264425,16.304712278180656
6060,5.69,12.22226355042009,12.22226355042009,6.532263550420089,114.80252285448312
2515,6.699,8.113436799802562,8.113436799802562,1.4144367998025622,21.114148377408004
5040,17.5,14.377099011435014,14.377099011435014,3.122900988564986,17.845148506085636
6799,56.99,30.725785141292494,30.725785141292494,26.264214858707508,46.08565513021145
3554,3.5,4.5496451030952425,4.5496451030952425,1.0496451030952425,29.9898600884355
3878,4.2,11.418846081844459,11.418846081844459,7.218846081844458,171.87728766296328
5945,29.7,29.234348205986272,29.234348205986272,0.465651794013727,1.5678511582953771
2264,14.5,12.001170352444735,12.001170352444735,2.498829647555265,17.233307914174244
2462,4.9,4.83884567437137,4.83884567437137,0.06115432562862999,1.2480474618087753
1775,6.6,9.447195121213039,9.447195121213039,2.847195121213039,43.13932001837938
6861,28.05,23.292961871973098,23.292961871973098,4.7570381280269025,16.959137711325855
378,7.8,8.235638411990987,8.235638411990987,0.4356384119909871,5.585107846038296
6853,9.999,13.517395625747746,13.517395625747746,3.518395625747745,35.18747500497795
4913,1.6,1.2663675771250238,1.2663675771250238,0.3336324228749763,20.852026429686017
5246,8.2,10.884877943393413,10.884877943393413,2.6848779433934133,32.74241394382212
199,1.5,2.6912003511216263,2.6912003511216263,1.1912003511216263,79.41335674144176
2446,11.0,14.973076335153849,14.973076335153849,3.9730763351538485,36.1188757741259
2957,3.8,6.202840361385759,6.202840361385759,2.402840361385759,63.23264108909892
1328,11.49,11.685515678909795,11.685515678909795,0.1955156789097945,1.7016160044368536
1193,10.5,8.78492079952259,8.78492079952259,1.71507920047741,16.33408762359438
5686,12.75,11.650683858986266,11.650683858986266,1.099316141013734,8.622087380499874
1075,9.3,12.40219770840055,12.40219770840055,3.102197708400549,33.35696460645752
5427,3.4,4.57243784298392,4.57243784298392,1.17243784298392,34.4834659701153
6969,24.5,21.690850295620947,21.690850295620947,2.8091497043790525,11.465917160730827
2063,10.5,15.084959357556656,15.084959357556656,4.584959357556656,43.666279595777674
965,14.5,15.627106337640896,15.627106337640896,1.127106337640896,7.773147156144111
5060,9.49,8.78492079952259,8.78492079952259,0.7050792004774102,7.429707065093891
1467,9.4,8.829874031676725,8.829874031676725,0.5701259683232749,6.06516987577952
5975,18.46,23.670430033650064,23.670430033650064,5.210430033650063,28.225514808505213
3296,51.0,25.224607026599923,25.224607026599923,25.775392973400077,50.53998622235309
5414,7.5,7.3070100707058305,7.3070100707058305,0.19298992929416947,2.573199057255593
7126,29.95,26.013936933146727,26.013936933146727,3.936063066853272,13.14211374575383
5724,62.05,41.348212121420886,41.348212121420886,20.70178787857911,33.36307474388253
2755,6.0,6.466445255270988,6.466445255270988,0.4664452552709877,7.774087587849794
4022,6.5,6.961744361427921,6.961744361427921,0.46174436142792086,7.103759406583397
3091,6.5,8.32061789822651,8.32061789822651,1.8206178982265104,28.0095061265617
2022,5.89,5.845299900223098,5.845299900223098,0.044700099776902036,0.7589151065687952
5090,8.6,11.410112390902928,11.410112390902928,2.810112390902928,32.675725475615444
2907,7.0,6.273460662590991,6.273460662590991,0.726539337409009,10.379133391557271
5744,42.345,30.761781447884914,30.761781447884914,11.583218552115085,27.354394974885075
5769,15.1,17.369403450250303,17.369403450250303,2.2694034502503033,15.02916192218744
6155,18.49,16.13145857015315,16.13145857015315,2.3585414298468486,12.755767603282036
6547,13.79,10.909823648893454,10.909823648893454,2.8801763511065452,20.885977890547828
2850,6.699999,6.189229854930685,6.189229854930685,0.5107691450693155,7.6234212134854875
2132,16.5,10.486715046968273,10.486715046968273,6.013284953031727,36.444151230495315
6114,86.19,85.99590963815241,85.99590963815241,0.19409036184758577,0.2251889567787281
6570,20.79,22.886652666967535,22.886652666967535,2.096652666967536,10.084909413023261
6434,31.0,33.622793223979336,33.622793223979336,2.622793223979336,8.460623303159148
4246,7.5,5.899557615432875,5.899557615432875,1.600442384567125,21.339231794228333
1701,4.5,8.732047628980323,8.732047628980323,4.2320476289803235,94.04550286622941
6332,39.999,39.59998410977645,39.59998410977645,0.3990158902235521,0.997564664675497
3927,19.5,23.447949813304206,23.447949813304206,3.9479498133042057,20.245896478483104
5780,66.99,68.67986473209486,68.67986473209486,1.6898647320948612,2.522562669196688
547,12.4,11.454117747891374,11.454117747891374,0.9458822521086265,7.6280826782953755
6811,37.99,43.2918524118784,43.2918524118784,5.3018524118784,13.955915798574361
6203,33.3,42.49651652836271,42.49651652836271,9.196516528362714,27.61716675183998
1263,19.9,17.030348109464885,17.030348109464885,2.8696518905351134,14.420361258970422
5231,2.299,2.9432513770795055,2.9432513770795055,0.6442513770795055,28.02311340058745
3011,13.29,12.31459378245182,12.31459378245182,0.9754062175481799,7.339399680573212
5865,13.69,13.193277084540528,13.193277084540528,0.4967229154594719,3.6283631516396775
1789,11.9,9.981022552826923,9.981022552826923,1.9189774471730772,16.125860900614093
6610,21.49,28.1410173822816,28.1410173822816,6.651017382281601,30.94935961973756
3018,6.4,5.500749615592955,5.500749615592955,0.8992503844070452,14.050787256360081
5494,26.59,26.715645233773294,26.715645233773294,0.1256452337732945,0.47252814506692176
4715,13.8,14.539668246687103,14.539668246687103,0.7396682466871027,5.359914831065962
2199,5.9,8.272501470325928,8.272501470325928,2.3725014703259273,40.21188932755809
1244,2.5,2.018133108218903,2.018133108218903,0.4818668917810971,19.274675671243884
7130,10.89,23.52100759916839,23.52100759916839,12.631007599168388,115.98721395012292
5008,38.0,4.120437832233098,4.120437832233098,33.8795621677669,89.156742546755
5482,12.726,12.374530023741034,12.374530023741034,0.3514699762589668,2.761825996062917
4837,8.5,9.665146792979101,9.665146792979101,1.165146792979101,13.707609329165896
7202,35.29,33.66406136683354,33.66406136683354,1.6259386331664558,4.607363653064483
6764,20.99,18.893109038346275,18.893109038346275,2.096890961653724,9.989952175577532
3915,5.2,5.9689428349009965,5.9689428349009965,0.7689428349009964,14.787362209634544
6083,32.299,29.099324510564966,29.099324510564966,3.199675489435034,9.90642276675759
518,13.29,16.297594946779505,16.297594946779505,3.0075949467795056,22.630511262449254
611,12.5,10.844366032018508,10.844366032018508,1.6556339679814922,13.245071743851938
5806,11.22,10.07185635765622,10.07185635765622,1.148143642343781,10.233009290051523
5672,16.5,19.761895432847606,19.761895432847606,3.2618954328476057,19.76906322937943
2288,7.5,5.836906830262183,5.836906830262183,1.6630931697378166,22.174575596504223
957,10.99,10.04694838589473,10.04694838589473,0.9430516141052703,8.580997398592086
4401,6.15,8.408093396675532,8.408093396675532,2.258093396675532,36.71696579960215
491,25.8,14.24740354308484,14.24740354308484,11.552596456915161,44.77750564695799
1330,4.9,6.337737204660449,6.337737204660449,1.4377372046604489,29.341575605315278
3458,21.5,19.313777752394458,19.313777752394458,2.186222247605542,10.168475570258336
323,5.89,3.6775384223924266,3.6775384223924266,2.212461577607573,37.563014899958795
5362,7.2,8.14315700224277,8.14315700224277,0.9431570022427698,13.099402808927357
7010,22.79,21.37737827854617,21.37737827854617,1.412621721453828,6.198427913355981
4247,10.5,11.25785926676375,11.25785926676375,0.7578592667637505,7.21770730251191
2031,4.75,3.3357772263222296,3.3357772263222296,1.4142227736777704,29.773111024795167
5516,32.0,42.54679586744078,42.54679586744078,10.546795867440778,32.95873708575243
1153,6.3,5.418695124290386,5.418695124290386,0.8813048757096142,13.98896628110499
6685,15.7,16.477775557232544,16.477775557232544,0.7777755572325447,4.953984440971623
7286,6.6,7.466857495961378,7.466857495961378,0.8668574959613782,13.134204484263307
6854,21.69,22.082317397310504,22.082317397310504,0.39231739731050297,1.8087477976510047
1606,6.4,7.147112243092316,7.147112243092316,0.7471122430923156,11.67362879831743
324,23.9,29.61389501491341,29.61389501491341,5.713895014913412,23.90751052265026
2083,7.99,6.327504950810883,6.327504950810883,1.6624950491891175,20.807197111253036
2687,10.8,9.703106353061395,9.703106353061395,1.0968936469386055,10.156422656838938
6858,35.35,31.27217361607363,31.27217361607363,4.0778263839263715,11.535576757924671
586,7.89,5.9037685556912844,5.9037685556912844,1.9862314443087152,25.174036049540117
4125,9.8,12.848298910841878,12.848298910841878,3.0482989108418774,31.105090926957928
3245,8.99,11.450131866906762,11.450131866906762,2.460131866906762,27.365204303745962
4556,4.4,6.712815122582704,6.712815122582704,2.3128151225827036,52.5639800586978
706,24.9,23.297480546149075,23.297480546149075,1.602519453850924,6.435821099802908
1978,6.4,6.43971599943522,6.43971599943522,0.039715999435220084,0.6205624911753138
4160,7.4,3.0858872034235114,3.0858872034235114,4.314112796576489,58.29882157535795
4995,4.39,3.5327481590721153,3.5327481590721153,0.8572518409278844,19.527376786512175
6812,9.8,10.625904148025464,10.625904148025464,0.8259041480254634,8.427593347198606
6202,17.34,16.993272323214114,16.993272323214114,0.34672767678588556,1.9995829111066066
5939,27.79,24.656771020597073,24.656771020597073,3.1332289794029258,11.274663473922008
6218,29.3,23.697787776907752,23.697787776907752,5.602212223092248,19.12017823580972
4453,9.5,8.403643393489995,8.403643393489995,1.096356606510005,11.540595858000053
3801,8.9,9.665146792979101,9.665146792979101,0.7651467929791007,8.597154977293266
2572,56.99,30.742004994969456,30.742004994969456,26.247995005030546,46.05719425343138
208,2.25,4.824894292819185,4.824894292819185,2.5748942928191854,114.43974634751935
3682,29.8,22.30978217087569,22.30978217087569,7.490217829124312,25.134959158135274
747,2.5,4.289898822446725,4.289898822446725,1.789898822446725,71.595952897869
5101,9.9,6.672060139957671,6.672060139957671,3.227939860042329,32.605453131740695
6260,40.99,40.02911589273398,40.02911589273398,0.9608841072660255,2.3441915278507572
798,5.0,4.10270913380557,4.10270913380557,0.8972908661944299,17.945817323888598
88,6.99,10.709566856839391,10.709566856839391,3.719566856839391,53.21268750843191
734,1.7,5.02883813222874,5.02883813222874,3.32883813222874,195.81400777816117
1221,4.8,8.421649128176742,8.421649128176742,3.6216491281767427,75.45102350368215
3574,14.5,9.447195121213039,9.447195121213039,5.0528048787869615,34.84693019853077
1480,6.9,5.949835348473554,5.949835348473554,0.9501646515264461,13.77050219603545
3936,10.49,18.54932354530171,18.54932354530171,8.05932354530171,76.82863246236138
6199,28.99,24.561339010281706,24.561339010281706,4.428660989718292,15.27651255508207
852,13.5,11.08144599572847,11.08144599572847,2.4185540042715292,17.915214846455772
486,7.89,6.225155120113777,6.225155120113777,1.664844879886223,21.10069556256303
2678,3.6,4.199988987738703,4.199988987738703,0.5999889877387026,16.666360770519514
3195,4.0,4.4627590992477195,4.4627590992477195,0.4627590992477195,11.568977481192988
1430,8.4,8.82178385785753,8.82178385785753,0.42178385785753036,5.021236403065838
1536,14.9,18.005739088478773,18.005739088478773,3.1057390884787726,20.843886499857533
1891,6.0,9.350449313667172,9.350449313667172,3.3504493136671716,55.840821894452866
6513,39.99,21.12872326433645,21.12872326433645,18.86127673566355,47.16498308493011
1919,5.6,8.161658820252198,8.161658820252198,2.561658820252198,45.74390750450354
4302,14.8,15.795316291408474,15.795316291408474,0.9953162914084732,6.725110077084278
198,5.0,4.244353902438224,4.244353902438224,0.755646097561776,15.112921951235519
4629,6.6,5.700030336416745,5.700030336416745,0.8999696635832546,13.635903993685677
2882,3.85,8.017639323202978,8.017639323202978,4.1676393232029785,108.25037203124619
1057,8.9,9.447195121213039,9.447195121213039,0.5471951212130381,6.148259788910541
73,7.0,8.402705370506466,8.402705370506466,1.4027053705064656,20.038648150092367
548,27.8,24.29226775656629,24.29226775656629,3.5077322434337113,12.617741882855077
6352,13.69,16.28200196970988,16.28200196970988,2.592001969709882,18.933542510663855
2963,4.0,5.562469624820663,5.562469624820663,1.5624696248206629,39.061740620516574
6569,27.3,36.30926898116205,36.30926898116205,9.009268981162048,33.00098527898186
1512,34.99,19.3510546221515,19.3510546221515,15.6389453778485,44.69547121419977
3912,10.9,10.067043071116043,10.067043071116043,0.8329569288839576,7.641806687008784
1582,1.9,2.797515047031817,2.797515047031817,0.897515047031817,47.23763405430616
6697,15.44,18.717100177913515,18.717100177913515,3.277100177913516,21.224742084932096
5822,10.08,10.020972017101862,10.020972017101862,0.059027982898138376,0.5855950684339125
2865,6.9,6.337737204660449,6.337737204660449,0.5622627953395511,8.14873616434132
3647,10.8,10.445059005328782,10.445059005328782,0.3549409946712192,3.2864906914001777
5349,20.499,13.579459305351751,13.579459305351751,6.919540694648248,33.75550365699912
4428,3.0,2.8271995448305605,2.8271995448305605,0.17280045516943954,5.760015172314651
6213,25.55,21.16207322041329,21.16207322041329,4.38792677958671,17.173881720495928
4359,28.8,31.06992714948973,31.06992714948973,2.269927149489728,7.881691491283778
1452,3.6,6.792079190051356,6.792079190051356,3.192079190051356,88.66886639031544
7037,24.89,21.31137562598572,21.31137562598572,3.5786243740142822,14.377759638466381
2020,1.9,2.6802062182462256,2.6802062182462256,0.7802062182462257,41.06348517085399
4903,29.49,28.426563429502707,28.426563429502707,1.0634365704972915,3.6060921346127213
5220,6.9,5.700030336416745,5.700030336416745,1.1999696635832553,17.390864689612396
6818,12.35,14.846209802277412,14.846209802277412,2.496209802277413,20.212225119655166
4814,10.0,14.90806397677395,14.90806397677395,4.908063976773949,49.08063976773949
5267,8.8,8.993706303984299,8.993706303984299,0.1937063039842979,2.2012079998215666
2098,9.2,13.003579915386632,13.003579915386632,3.803579915386633,41.34325994985471
1880,13.5,9.685929926777774,9.685929926777774,3.8140700732222257,28.25237091275723
937,9.5,8.78492079952259,8.78492079952259,0.71507920047741,7.527149478709578
7120,29.999,27.35711737612007,27.35711737612007,2.64188262387993,8.806568965231941
2855,13.5,12.595202538398139,12.595202538398139,0.904797461601861,6.7022034192730455
6139,14.99,18.29168418636937,18.29168418636937,3.3016841863693696,22.025911850362707
5985,12.49,12.878324573158842,12.878324573158842,0.38832457315884206,3.1090838523526183
1295,7.0,10.442114020525947,10.442114020525947,3.4421140205259473,49.17305743608496
1175,45.9,33.73128207253013,33.73128207253013,12.16871792746987,26.511368033703427
2197,5.5,5.047617203303094,5.047617203303094,0.45238279669690584,8.225141758125561
2614,41.9,37.483925860175624,37.483925860175624,4.416074139824374,10.539556419628578
6148,27.36,18.453651123780748,18.453651123780748,8.906348876219251,32.552444723023584
4335,4.0,8.296735216941054,8.296735216941054,4.2967352169410535,107.41838042352634
4914,11.5,10.457690257146542,10.457690257146542,1.0423097428534582,9.06356298133442
1321,7.2,5.765940227628385,5.765940227628385,1.434059772371615,19.917496838494653
1181,12.79,15.102963645561653,15.102963645561653,2.312963645561654,18.08415672839448
6150,22.799,22.585795882661422,22.585795882661422,0.21320411733857725,0.9351467930109972
3438,12.6,9.271238789474687,9.271238789474687,3.328761210525313,26.418739766073912
6343,34.99,28.110011801422985,28.110011801422985,6.879988198577017,19.662727060808848
4301,12.6,10.457690257146542,10.457690257146542,2.142309742853458,17.002458276614746
620,7.9,7.718477709173117,7.718477709173117,0.18152229082688365,2.2977505167959955
6864,24.89,23.910841150850064,23.910841150850064,0.9791588491499361,3.933944753515211
5159,16.0,11.691445441435992,11.691445441435992,4.308554558564008,26.928465991025053
2492,15.5,10.770581042249734,10.770581042249734,4.729418957750266,30.51238037258236
478,14.0,15.377855208669084,15.377855208669084,1.377855208669084,9.841822919064887
3968,5.3,7.786481990947704,7.786481990947704,2.486481990947704,46.91475454618309
2276,3.7,6.201992452752442,6.201992452752442,2.501992452752442,67.62141764195789
5227,6.9,8.564768858873993,8.564768858873993,1.6647688588739928,24.127084911217285
1897,12.5,5.015164290220762,5.015164290220762,7.484835709779238,59.878685678233914
7044,14.766,14.627061481950198,14.627061481950198,0.13893851804980173,0.9409353789096689
2206,1.4,0.732096340756571,0.732096340756571,0.6679036592434289,47.70740423167349
1033,4.5,5.8406175429906675,5.8406175429906675,1.3406175429906675,29.791500955348166
5948,10.59,7.451542134370774,7.451542134370774,3.138457865629226,29.636051611229707
286,12.3,19.684401939174414,19.684401939174414,7.384401939174413,60.035788123369215
550,3.2,3.110116225273335,3.110116225273335,0.08988377472666498,2.8088679602082807
7008,10.099,9.919847303266257,9.919847303266257,0.1791526967337429,1.7739647166426664
5668,25.79,33.32978050641107,33.32978050641107,7.53978050641107,29.235286957778477
5015,2.5,2.687644510728006,2.687644510728006,0.1876445107280058,7.5057804291202315
2825,12.5,11.876990538474171,11.876990538474171,0.6230094615258288,4.9840756922066305
1055,10.799,11.346468485541301,11.346468485541301,0.5474684855413017,5.069622053350327
2091,6.5,5.476441462423459,5.476441462423459,1.023558537576541,15.747054424254477
6540,25.79,22.082317397310504,22.082317397310504,3.707682602689495,14.376435062774313
2571,3.5,3.8904361869087896,3.8904361869087896,0.39043618690878956,11.155319625965417
1677,10.3,7.856422154132199,7.856422154132199,2.443577845867802,23.724056755998074
1174,1.8,2.018133108218903,2.018133108218903,0.21813310821890286,12.118506012161271
6021,78.2,71.85685629742663,71.85685629742663,6.3431437025733715,8.111436959812496
5916,12.54,20.567393079394584,20.567393079394584,8.027393079394585,64.0142988787447
5389,3.9,4.348112335976342,4.348112335976342,0.44811233597634237,11.49005989682929
2087,14.0,13.977073445843242,13.977073445843242,0.022926554156757817,0.1637611011196987
1370,46.5,30.742004994969456,30.742004994969456,15.757995005030544,33.888161301140954
6314,16.899,17.06512678324824,17.06512678324824,0.16612678324823804,0.9830568864917334
2934,5.0,5.782102046855076,5.782102046855076,0.7821020468550763,15.642040937101525
3107,16.99,15.100861938294884,15.100861938294884,1.8891380617051148,11.119117490907092
1188,7.8,5.878542568052568,5.878542568052568,1.9214574319474318,24.63406964035169
2029,6.699999,8.212828608343855,8.212828608343855,1.5128296083438553,22.579549763273924
4209,4.888888,6.33008766650163,6.33008766650163,1.44119966650163,29.47908944736779
5027,4.5,5.546098385923839,5.546098385923839,1.0460983859238393,23.246630798307542
7009,23.5,27.384026856294124,27.384026856294124,3.884026856294124,16.52777385657074
7093,40.9,41.570066802509004,41.570066802509004,0.6700668025090053,1.638305140608815
3956,7.2,11.8715497443576,11.8715497443576,4.671549744357599,64.88263533829999
833,9.0,7.751551531964168,7.751551531964168,1.248448468035832,13.871649644842579
1393,5.4,8.014370535450276,8.014370535450276,2.6143705354502753,48.414269175005096
549,24.9,21.459748651778312,21.459748651778312,3.440251348221686,13.816270474785888
1020,5.5,5.826674576412617,5.826674576412617,0.3266745764126169,5.93953775295667
248,3.6,4.284843995323234,4.284843995323234,0.6848439953232339,19.023444314534274
2648,6.5,4.866669247128521,4.866669247128521,1.6333307528714789,25.12816542879198
296,6.3,6.9308944657465865,6.9308944657465865,0.6308944657465867,10.01419786899344
1559,7.39,4.864557107860742,4.864557107860742,2.5254428921392575,34.17378744437426
1563,12.8,10.645707201526127,10.645707201526127,2.1542927984738736,16.830412488077137
6766,13.69,14.516326999641603,14.516326999641603,0.8263269996416032,6.035989770939395
3260,9.7,11.46700854401831,11.46700854401831,1.76700854401831,18.21658292802382
100,1.4,0.9835544429547272,0.9835544429547272,0.41644555704527275,29.746111217519484
4204,43.5,36.86829035050508,36.86829035050508,6.631709649494923,15.245309539068788
3197,7.0,6.507629430525994,6.507629430525994,0.4923705694740059,7.033865278200084
2937,17.5,17.997249372610543,17.997249372610543,0.49724937261054336,2.841424986345962
7017,15.99,13.853533127691897,13.853533127691897,2.1364668723081035,13.361268744891202
1499,6.0,6.215839442734059,6.215839442734059,0.21583944273405908,3.5973240455676514
4872,7.0,8.575152983990456,8.575152983990456,1.5751529839904563,22.502185485577947
1656,5.0,5.759639031399634,5.759639031399634,0.759639031399634,15.192780627992681
6788,13.29,14.986464040410615,14.986464040410615,1.696464040410616,12.764966444022694
346,4.0,4.284843995323234,4.284843995323234,0.284843995323234,7.12109988308085
1718,7.5,8.235638411990987,8.235638411990987,0.7356384119909869,9.808512159879825
1665,1.7,2.1704104597230836,2.1704104597230836,0.4704104597230836,27.671203513122567
681,6.0,6.112481520581269,6.112481520581269,0.11248152058126859,1.87469200968781
6514,69.99,46.91110682480115,46.91110682480115,23.078893175198843,32.97455804429039
3898,3.9,5.448820410720729,5.448820410720729,1.548820410720729,39.71334386463408
6186,20.45,21.847885939759134,21.847885939759134,1.397885939759135,6.835628067281833
6408,54.999,48.44932942973344,48.44932942973344,6.549670570266564,11.90870846791135
7289,23.79,25.899557126992548,25.899557126992548,2.1095571269925486,8.867411210561364
5761,17.75,17.09586996275017,17.09586996275017,0.6541300372498284,3.6852396464779065
7063,49.59,47.37138683631738,47.37138683631738,2.218613163682626,4.473912409120036
1793,3.8,6.4298216791298035,6.4298216791298035,2.6298216791298037,69.20583366131062
3542,5.9,7.590429004968115,7.590429004968115,1.6904290049681148,28.65133906725618
6741,18.8,19.74519352180451,19.74519352180451,0.9451935218045087,5.0276251159814285
1706,6.2,8.049360063508201,8.049360063508201,1.8493600635082013,29.82838812110002
1414,5.6,5.275128863941176,5.275128863941176,0.3248711360588237,5.801270286764709
4761,2.9,3.581714754982359,3.581714754982359,0.6817147549823592,23.507405344219283
3066,8.8,5.826674576412617,5.826674576412617,2.973325423587384,33.78778890440209
2991,8.0,7.399966035598984,7.399966035598984,0.6000339644010158,7.500424555012697
6041,9.75,15.204164339855824,15.204164339855824,5.454164339855824,55.940147075444344
84,37.9,34.2314216132802,34.2314216132802,3.668578386719801,9.679626350184172
5327,9.5,7.749051218027937,7.749051218027937,1.7509487819720633,18.431039810232246
3207,9.0,11.454337167583617,11.454337167583617,2.454337167583617,27.2704129731513
5025,3.99,4.247597571912963,4.247597571912963,0.25759757191296284,6.456079496565484
1561,1.2,3.2939668156078565,3.2939668156078565,2.093966815607857,174.49723463398809
6072,8.39,40.227955440310744,40.227955440310744,31.837955440310743,379.47503504542004
2948,8.9,11.123776344331372,11.123776344331372,2.2237763443313714,24.986251059903047
3528,7.8,8.014370535450276,8.014370535450276,0.21437053545027585,2.7483401980804594
1297,5.0,5.8317002028918665,5.8317002028918665,0.8317002028918665,16.63400405783733
4866,8.499,8.492649957613601,8.492649957613601,0.006350042386399579,0.07471517103658759
6289,13.28,14.50375154986246,14.50375154986246,1.2237515498624614,9.2149966104101
4506,14.2,13.560085598326744,13.560085598326744,0.6399144016732556,4.506439448403209
1912,18.5,15.436620045868326,15.436620045868326,3.0633799541316744,16.558810562873916
6456,79.99,48.7825360463274,48.7825360463274,31.207463953672594,39.01420671793049
5998,9.494,8.511067815242665,8.511067815242665,0.9829321847573347,10.353193435404831
6127,18.99,18.563976655015644,18.563976655015644,0.4260233449843547,2.2434088730087134
6875,44.199,27.458600572760226,27.458600572760226,16.740399427239772,37.87506375085358
1817,12.2,9.88774273593728,9.88774273593728,2.312257264062719,18.952928393956714
3722,7.6,8.828196830895054,8.828196830895054,1.2281968308950546,16.160484617040193
5451,9.79,11.058427841073959,11.058427841073959,1.2684278410739598,12.956362013012871
6187,36.99,35.41890161004494,35.41890161004494,1.5710983899550612,4.247359799824442
7164,8.99,11.963916182805104,11.963916182805104,2.9739161828051035,33.080268996719724
3089,1.2,2.038965829444598,2.038965829444598,0.8389658294445981,69.91381912038318
4845,6.0,5.751210436297335,5.751210436297335,0.24878956370266536,4.146492728377757
3142,3.2,1.8659553042614696,1.8659553042614696,1.3340446957385306,41.688896741829076
1623,5.5,5.530524702110193,5.530524702110193,0.03052470211019287,0.5549945838216885
6834,18.38,18.75905546145265,18.75905546145265,0.37905546145265134,2.062325687990486
5459,16.79,24.253276753339364,24.253276753339364,7.463276753339365,44.45072515389735
5605,47.95,46.33126335846118,46.33126335846118,1.618736641538824,3.3758845496117287
6392,26.4,28.584893093433436,28.584893093433436,2.1848930934334376,8.276110202399385
1199,2.0,3.1113127699627214,3.1113127699627214,1.1113127699627214,55.565638498136074
373,6.0,4.308009951122944,4.308009951122944,1.6919900488770558,28.19983414795093
2457,5.7,5.765940227628385,5.765940227628385,0.06594022762838492,1.156846098743595
5260,4.99,4.864557107860742,4.864557107860742,0.12544289213925808,2.513885614013188
3819,21.09,21.836075215100774,21.836075215100774,0.7460752151007739,3.5375780706532667
7284,23.3,31.433777141421622,31.433777141421622,8.133777141421621,34.908914770049876
1317,8.0,9.661359166410001,9.661359166410001,1.6613591664100014,20.766989580125017
1446,13.0,15.142985154129759,15.142985154129759,2.142985154129759,16.48450118561353
3799,18.9,19.12935098520299,19.12935098520299,0.22935098520299135,1.2134972762063034
3482,3.7,4.295265051170381,4.295265051170381,0.5952650511703812,16.08824462622652
1488,6.399,6.651817537844738,6.651817537844738,0.2528175378447379,3.9508913555983427
4486,4.0,4.705714830894764,4.705714830894764,0.7057148308947641,17.6428707723691
6067,102.0,70.0096536997724,70.0096536997724,31.9903463002276,31.363084608066274
812,5.123,4.260537471878864,4.260537471878864,0.862462528121136,16.83510693189803
3580,34.5,24.14641568545303,24.14641568545303,10.353584314546971,30.01038931752745
4317,3.95,2.829745715110225,2.829745715110225,1.120254284889775,28.360867971893033
3366,3.9,2.906489608136295,2.906489608136295,0.9935103918637047,25.474625432402686
3651,4.0,4.120437832233098,4.120437832233098,0.12043783223309834,3.0109458058274585
6684,40.5,34.5452853734911,34.5452853734911,5.954714626508903,14.702999077799758
1511,3.5,2.9357890476321744,2.9357890476321744,0.5642109523678256,16.120312924795016
7149,18.29,20.924548944549148,20.924548944549148,2.634548944549149,14.404313529519678
1801,3.4,3.1577839512850887,3.1577839512850887,0.2422160487149112,7.124001432791506
4516,4.6,5.765940227628385,5.765940227628385,1.1659402276283855,25.3465266875736
921,7.8,8.993015747065435,8.993015747065435,1.1930157470654352,15.295073680326093
322,15.0,16.32728115456078,16.32728115456078,1.3272811545607794,8.848541030405196
3838,2.5,2.9809329895986116,2.9809329895986116,0.48093298959861164,19.237319583944466
5634,27.49,28.401505038624588,28.401505038624588,0.9115050386245898,3.315769511184394
7262,9.08,13.80758550096074,13.80758550096074,4.727585500960741,52.06591961410507
4402,6.85,6.675875377538488,6.675875377538488,0.1741246224615116,2.541965291408929
6217,10.45,10.20366938670714,10.20366938670714,0.24633061329285866,2.357230749213959
1569,5.9,7.698937228449235,7.698937228449235,1.7989372284492342,30.49046149913956
4661,17.5,16.130519510019102,16.130519510019102,1.3694804899808979,7.825602799890845
231,12.9,10.759691062688754,10.759691062688754,2.1403089373112465,16.591542149699585
1545,1.8,3.251852563110177,3.251852563110177,1.451852563110177,80.65847572834318
1420,1.0,2.634628722066161,2.634628722066161,1.6346287220661608,163.46287220661608
1079,5.9,8.976791658039039,8.976791658039039,3.0767916580390384,52.149011153204036
3103,7.9,6.8926876762659095,6.8926876762659095,1.0073123237340909,12.750788908026466
1115,4.75,6.282385968401229,6.282385968401229,1.532385968401229,32.26075722949956
6946,14.45,13.292757789063664,13.292757789063664,1.1572422109363352,8.008596615476367
1941,10.9,9.88774273593728,9.88774273593728,1.01225726406272,9.286763890483671
1867,10.95,8.861450240026956,8.861450240026956,2.088549759973043,19.07351378970816
2586,6.65,9.059157119811083,9.059157119811083,2.4091571198110824,36.22792661370048
2751,11.5,9.297169809644346,9.297169809644346,2.2028301903556535,19.15504513352742
1425,9.59,8.78492079952259,8.78492079952259,0.8050792004774099,8.394986449190927
5395,14.5,13.7127373141374,13.7127373141374,0.7872626858626006,5.429397833535177
4053,32.5,25.629914334921132,25.629914334921132,6.870085665078868,21.138725123319592
7283,16.95,17.59737752504267,17.59737752504267,0.6473775250426712,3.819336430930214
4333,4.49,7.785767961700311,7.785767961700311,3.295767961700311,73.40240449221183
1618,9.0,13.590021419183484,13.590021419183484,4.5900214191834845,51.00023799092761
2402,16.8,15.955126747873608,15.955126747873608,0.8448732521263924,5.029007453133287
265,15.3,14.745395739727453,14.745395739727453,0.5546042602725478,3.6248644462258026
0,9.99,8.78492079952259,8.78492079952259,1.2050792004774102,12.062854859633736
4015,16.5,13.125646196782027,13.125646196782027,3.374353803217973,20.45062911041196
5187,3.5,3.7218945465349718,3.7218945465349718,0.22189454653497176,6.33984418671348
838,1.2,2.7652695896282617,2.7652695896282617,1.5652695896282618,130.4391324690218
14,21.9,16.037765138107538,16.037765138107538,5.8622348618924605,26.76819571640393
3263,2.6,2.3622372930087243,2.3622372930087243,0.23776270699127577,9.144719499664452
4912,21.0,13.678077196180622,13.678077196180622,7.321922803819378,34.86629906580656
6477,29.155,37.877868060060365,37.877868060060365,8.722868060060364,29.91894378343462
8,16.5,14.442583287026116,14.442583287026116,2.0574167129738843,12.469192199841723
1039,8.5,14.365887464964546,14.365887464964546,5.865887464964546,69.01044076428877
2759,11.9,10.445059005328782,10.445059005328782,1.4549409946712188,12.22639491320352
3992,15.5,14.277635048102837,14.277635048102837,1.2223649518971627,7.886225496110727
6472,12.99,21.5519099374004,21.5519099374004,8.561909937400399,65.91154686220476
4141,32.79,28.542135081461392,28.542135081461392,4.247864918538607,12.95475729959929
6629,18.1,20.00461065482369,20.00461065482369,1.9046106548236885,10.522710800130874
339,4.1,3.4537612697245885,3.4537612697245885,0.6462387302754111,15.761920250619784
1956,3.3,4.291973925491738,4.291973925491738,0.9919739254917381,30.059815923992065
4220,6.5,5.278097800073925,5.278097800073925,1.2219021999260749,18.798495383478077
2770,29.999999,12.530863249154825,12.530863249154825,17.469135750845176,58.2304544438324
1090,23.5,25.455284467572653,25.455284467572653,1.9552844675726533,8.320359436479375
4512,8.999,6.36105277410164,6.36105277410164,2.637947225898361,29.313781819072794
1883,6.0,8.0598732376067,8.0598732376067,2.0598732376067,34.33122062677833
622,5.3,7.348567756906545,7.348567756906545,2.048567756906545,38.652221828425375
7220,12.5,16.41603684927025,16.41603684927025,3.916036849270249,31.32829479416199
5192,3.8,8.421649128176742,8.421649128176742,4.621649128176743,121.62234547833535
5045,2.8,7.365966120163795,7.365966120163795,4.565966120163795,163.07021857727838
4331,16.5,19.758751941475587,19.758751941475587,3.2587519414755874,19.750011766518714
4952,4.7,3.0099109116007363,3.0099109116007363,1.6900890883992639,35.95934230636731
3032,8.4,6.403794270532227,6.403794270532227,1.996205729467773,23.764353922235394
4568,5.999,5.758324896582351,5.758324896582351,0.24067510341764908,4.011920377023656
889,4.5,8.024122776421235,8.024122776421235,3.524122776421235,78.31383947602745
1507,3.1,1.9337688262858201,1.9337688262858201,1.16623117371418,37.6203604423929
3688,10.0,7.4516361932536155,7.4516361932536155,2.5483638067463845,25.483638067463843
196,1.9,0.35472726621033024,0.35472726621033024,1.5452727337896697,81.33014388366682
5533,12.99,14.644485903537321,14.644485903537321,1.6544859035373207,12.73661203646898
3980,11.2,13.189831899578644,13.189831899578644,1.989831899578645,17.7663562462379
2789,3.8,3.9061442320220574,3.9061442320220574,0.10614423202205758,2.7932692637383574
6575,38.0,16.797348658675627,16.797348658675627,21.202651341324373,55.79645089822204
4236,21.5,13.357658528337247,13.357658528337247,8.142341471662753,37.87135568215234
432,4.2,6.998465860726836,6.998465860726836,2.798465860726836,66.63013954111513
2598,10.9,11.128253122467134,11.128253122467134,0.2282531224671338,2.0940653437351724
6091,28.99,22.04128264006557,22.04128264006557,6.948717359934427,23.969359641029417
1694,23.5,25.71359208220821,25.71359208220821,2.2135920822082085,9.419540775354077
5357,29.9,30.897396051548174,30.897396051548174,0.9973960515481757,3.335772747652762
1108,13.9,16.728743824504477,16.728743824504477,2.8287438245044765,20.35067499643508
6353,37.5,43.55047729515209,43.55047729515209,6.050477295152092,16.13460612040558
6690,60.89,44.29660359280563,44.29660359280563,16.59339640719437,27.251431117087154
6262,110.99,96.11291238868769,96.11291238868769,14.877087611312305,13.40398919840734
4825,1.65,3.425418828803842,3.425418828803842,1.7754188288038422,107.6011411396268
1277,4.6,4.768494456458078,4.768494456458078,0.16849445645807837,3.6629229664799645
1195,5.9,5.845299900223098,5.845299900223098,0.05470009977690271,0.9271203352017409
6062,18.19,26.823126129179975,26.823126129179975,8.633126129179974,47.460836334139486
604,9.0,9.281842458942165,9.281842458942165,0.2818424589421653,3.13158287713517
3742,6.2,4.467217810082686,4.467217810082686,1.7327821899173141,27.948099837376034
1593,17.9,18.954405919238372,18.954405919238372,1.0544059192383735,5.8905358616668915
1219,19.4,22.21968597526547,22.21968597526547,2.8196859752654717,14.534463790028207
2229,7.0,8.207789629755583,8.207789629755583,1.2077896297555828,17.254137567936898
4519,4.1,3.1578371194773056,3.1578371194773056,0.942162880522694,22.979582451773027
1652,3.3,3.6910227473624735,3.6910227473624735,0.39102274736247367,11.849174162499203
4657,5.9,7.6192185007120266,7.6192185007120266,1.7192185007120262,29.13929662223773
4865,5.9,3.913090786758843,3.913090786758843,1.9869092132411574,33.676427343070465
6264,11.09,10.205078153581326,10.205078153581326,0.8849218464186741,7.979457587183717
4955,38.0,35.11310816363026,35.11310816363026,2.886891836369742,7.597083779920373
1158,12.0,10.41116960618489,10.41116960618489,1.58883039381511,13.240253281792583
4818,10.8,10.981962897463044,10.981962897463044,0.18196289746304295,1.6848416431763233
3256,8.8,8.356121645107992,8.356121645107992,0.4438783548920089,5.044072214681919
5728,38.699,40.12131703151045,40.12131703151045,1.4223170315104525,3.675332777359758
4650,17.5,19.684401939174414,19.684401939174414,2.184401939174414,12.482296795282366
7219,15.49,17.846295274218537,17.846295274218537,2.356295274218537,15.211719007221024
5702,14.19,13.084861158127985,13.084861158127985,1.105138841872014,7.788152514954293
2807,4.59,3.328396795904647,3.328396795904647,1.2616032040953526,27.4859085859554
2851,8.6,13.143715991015416,13.143715991015416,4.543715991015416,52.83390687227229
4559,10.49,9.038184664634255,9.038184664634255,1.4518153353657457,13.839993664115783
2995,6.5,9.226325282068357,9.226325282068357,2.7263252820683572,41.94346587797473
904,5.95,4.4654990059036095,4.4654990059036095,1.4845009940963907,24.949596539435138
6841,21.169,19.526394172064116,19.526394172064116,1.6426058279358848,7.759487117652627
2357,23.8,23.265152086831915,23.265152086831915,0.5348479131680861,2.2472601393617064
3383,12.8,11.266427667037826,11.266427667037826,1.5335723329621747,11.98103385126699
3470,9.0,14.092892689926874,14.092892689926874,5.092892689926874,56.58769655474304
1616,7.8,8.78492079952259,8.78492079952259,0.9849207995225902,12.627189737469106
3575,5.8,6.39695371900031,6.39695371900031,0.59695371900031,10.292305500005346
6977,26.95,19.889252942085335,19.889252942085335,7.060747057914664,26.199432496900428
5006,10.9,9.665146792979101,9.665146792979101,1.2348532070208993,11.328928504778892
3820,3.65,4.170422355152214,4.170422355152214,0.5204223551522138,14.25814671649901
1860,7.5,5.901448547770393,5.901448547770393,1.5985514522296072,21.31401936306143
2088,4.99,3.930886745586087,3.930886745586087,1.059113254413913,21.224714517312883
7077,27.52,22.74348015563851,22.74348015563851,4.776519844361488,17.3565401321275
6930,27.699,25.28409130309837,25.28409130309837,2.4149086969016302,8.718396681835554
5213,4.1,7.863263628375197,7.863263628375197,3.7632636283751975,91.78691776524872
2251,3.2,2.4408716362754737,2.4408716362754737,0.7591283637245265,23.722761366391452
3784,14.0,18.38859084500722,18.38859084500722,4.388590845007219,31.347077464337275
3127,6.5,5.826674576412617,5.826674576412617,0.6733254235873831,10.358852670575125
254,11.7,8.993015747065435,8.993015747065435,2.7069842529345642,23.136617546449266
6705,16.78,15.997320162380245,15.997320162380245,0.7826798376197566,4.664361368413329
4989,2.999999,4.284843995323234,4.284843995323234,1.2848449953232342,42.828180786834736
221,14.85,14.941031994407243,14.941031994407243,0.09103199440724374,0.6130100633484428
267,2.9,3.205763416812598,3.205763416812598,0.305763416812598,10.543566096986138
107,8.1,5.836906830262183,5.836906830262183,2.2630931697378163,27.939421848615016
4800,5.5,4.182808308189231,4.182808308189231,1.317191691810769,23.94893985110489
1226,5.4,7.975165602230003,7.975165602230003,2.575165602230003,47.6882518931482
4938,4.9,5.991646118756501,5.991646118756501,1.0916461187565005,22.27849221952042
3418,9.5,8.699289374518138,8.699289374518138,0.8007106254818623,8.428532899809078
4154,8.5,6.316411073326076,6.316411073326076,2.1835889266739237,25.689281490281456
1758,6.99,8.066843927883864,8.066843927883864,1.0768439278838642,15.405492530527384
2284,9.99,8.85341137233019,8.85341137233019,1.136588627669811,11.377263540238348
2526,3.3,4.07967864455934,4.07967864455934,0.7796786445593398,23.626625592707267
4004,15.0,7.008539122057669,7.008539122057669,7.991460877942331,53.27640585294887
1210,15.5,24.095725340738753,24.095725340738753,8.595725340738753,55.456292520895175
6664,11.5,14.439280571795237,14.439280571795237,2.939280571795237,25.558961493871628
2464,13.6,11.918810449789914,11.918810449789914,1.6811895502100853,12.361687869191803
4240,13.5,13.22891765036385,13.22891765036385,0.2710823496361492,2.0080174047122163
4198,14.5,13.104868003223876,13.104868003223876,1.395131996776124,9.621599977766373
376,4.5,3.9907043933957325,3.9907043933957325,0.5092956066042675,11.317680146761502
755,1.8,2.7613759436316614,2.7613759436316614,0.9613759436316613,53.40977464620341
291,12.49,13.630869308256875,13.630869308256875,1.1408693082568746,9.134261875555442
5091,1.7,4.385954053804541,4.385954053804541,2.685954053804541,157.99729728262005
1465,1.35,3.401316201024994,3.401316201024994,2.051316201024994,151.94934822407362
188,4.7,6.177449716529158,6.177449716529158,1.4774497165291578,31.43510035168421
1870,33.0,18.549017394904325,18.549017394904325,14.450982605095675,43.7908563790778
1201,8.7,10.38478487798143,10.38478487798143,1.6847848779814303,19.365343425073913
1649,4.0,3.7857628662728446,3.7857628662728446,0.21423713372715536,5.355928343178884
6030,128.96,135.2242972728062,135.2242972728062,6.264297272806203,4.857550614769078
3706,30.49,27.176992443411223,27.176992443411223,3.3130075565887758,10.865882442075355
4176,6.5,6.378407636040899,6.378407636040899,0.12159236395910078,1.8706517532169349
501,10.0,9.939366127127027,9.939366127127027,0.06063387287297317,0.6063387287297317
6193,26.99,22.896126644153156,22.896126644153156,4.093873355846842,15.16811172970301
2605,5.5,6.282385968401229,6.282385968401229,0.7823859684012291,14.225199425476893
6874,64.89,72.90595176233468,72.90595176233468,8.01595176233468,12.353138792317274
3312,23.5,18.613467451140867,18.613467451140867,4.886532548859133,20.79375552706014
2812,6.5,6.293764349006725,6.293764349006725,0.2062356509932748,3.172856169127304
4763,5.5,8.1054236684383,8.1054236684383,2.6054236684383003,47.37133942615092
6753,76.79,50.112582844247704,50.112582844247704,26.677417155752302,34.74074378923336
672,7.9,5.826674576412617,5.826674576412617,2.0733254235873835,26.24462561503017
4766,13.8,17.423901912263315,17.423901912263315,3.623901912263314,26.26015878451676
3753,7.35,6.871144846966025,6.871144846966025,0.4788551530339751,6.515036095700341
1374,12.8,12.899244578979214,12.899244578979214,0.09924457897921357,0.775348273275106
7043,23.99,25.568503927819446,25.568503927819446,1.5785039278194475,6.579841299789277
6988,15.58,16.8389655629306,16.8389655629306,1.2589655629305998,8.08065188017073
5718,79.99,82.18205861358472,82.18205861358472,2.19205861358472,2.74041581895827
1192,4.9,5.909133027295382,5.909133027295382,1.0091330272953813,20.59455157745676
3053,52.9,43.164912382224465,43.164912382224465,9.735087617775534,18.40281213190082
3950,2.8,2.5785893274018625,2.5785893274018625,0.2214106725981373,7.907524021362048
216,13.0,10.933254310518173,10.933254310518173,2.0667456894818272,15.898043765244823
4697,6.49,7.973384889479349,7.973384889479349,1.4833848894793489,22.856469791669472
421,1.2,1.2959298730101418,1.2959298730101418,0.09592987301014189,7.994156084178491
505,3.9,5.332158900609294,5.332158900609294,1.4321589006092945,36.72202309254601
4836,2.9,3.2634483365454448,3.2634483365454448,0.36344833654544484,12.532701260187753
6453,19.9,18.53732760121558,18.53732760121558,1.3626723987844187,6.847599993891553
6845,49.5,31.606326867717822,31.606326867717822,17.893673132282178,36.14883461067107
6252,20.59,25.671231689882408,25.671231689882408,5.081231689882408,24.67815293774846
506,16.3,15.142985154129759,15.142985154129759,1.1570148458702416,7.098250588160991
1807,8.9,6.03960681662393,6.03960681662393,2.86039318337607,32.139249251416516
4436,20.89,21.972512994380544,21.972512994380544,1.0825129943805436,5.181967421639749
1438,5.99,2.2561349163819915,2.2561349163819915,3.7338650836180087,62.33497635422385
5520,76.49,69.40057774928573,69.40057774928573,7.089422250714264,9.268430187886343
7069,41.599,29.972014839761925,29.972014839761925,11.626985160238071,27.95015543700106
4704,3.8,3.126094369144035,3.126094369144035,0.6739056308559648,17.734358706735918
1426,27.9,35.717548818666145,35.717548818666145,7.817548818666147,28.019888238946766
2859,7.5,6.9308944657465865,6.9308944657465865,0.5691055342534135,7.588073790045513
3016,5.0,4.437294235415801,4.437294235415801,0.5627057645841989,11.254115291683977
2688,20.49,20.347631323468747,20.347631323468747,0.14236867653125174,0.6948202856576464
4664,12.0,5.798898097582078,5.798898097582078,6.201101902417922,51.675849186816016
2280,2.95,4.311333757306442,4.311333757306442,1.3613337573064417,46.146907027337
347,6.5,6.942135221491836,6.942135221491836,0.44213522149183593,6.80208033064363
4320,12.99,14.86423016007049,14.86423016007049,1.8742301600704891,14.428253734183905
333,11.5,6.841990627765888,6.841990627765888,4.658009372234112,40.504429323774886
4386,6.5,6.486883111707546,6.486883111707546,0.013116888292453943,0.20179828142236836
3381,7.75,6.993165086348762,6.993165086348762,0.7568349136512378,9.76561178904823
5781,18.355,23.772984508734314,23.772984508734314,5.417984508734314,29.517758151644312
6380,15.89,16.368490618718347,16.368490618718347,0.47849061871834664,3.011268840266499
5832,83.49,97.23975923215316,97.23975923215316,13.749759232153167,16.46874982890546
6831,8.29,10.043900494566609,10.043900494566609,1.7539004945666097,21.156821406111096
3023,9.79,9.77524905721196,9.77524905721196,0.014750942788039012,0.15067357291153233
6726,5.65,5.343138031203413,5.343138031203413,0.30686196879658745,5.431185288435176
746,14.5,16.18786206126946,16.18786206126946,1.6878620612694597,11.640428008754894
3410,34.0,25.993788411539054,25.993788411539054,8.006211588460946,23.547681142532195
5257,5.7,5.6404037136182446,5.6404037136182446,0.059596286381755625,1.0455488838904494
3704,5.0,4.363781158989073,4.363781158989073,0.6362188410109271,12.724376820218541
3589,2.5,3.000724308533744,3.000724308533744,0.5007243085337438,20.028972341349753
5019,7.8,6.3498772724394446,6.3498772724394446,1.4501227275605553,18.59131702000712
4038,24.2,20.347631323468747,20.347631323468747,3.8523686765312526,15.918878828641539
3608,9.3,8.906028283262293,8.906028283262293,0.3939717167377079,4.236255018685031
6968,28.59,28.76313170454536,28.76313170454536,0.17313170454535864,0.6055673471331187
259,4.8,5.847803904395557,5.847803904395557,1.0478039043955576,21.829248008240786
1795,11.49,8.78492079952259,8.78492079952259,2.7050792004774102,23.542899917122803
4210,20.0,16.19096041485653,16.19096041485653,3.80903958514347,19.04519792571735
3653,8.3,4.8448157641909955,4.8448157641909955,3.4551842358090052,41.628725732638614
3265,4.59,5.826674576412617,5.826674576412617,1.236674576412617,26.94280122903305
3246,5.0,5.977232997001338,5.977232997001338,0.9772329970013383,19.544659940026765
1730,25.0,16.64191538767627,16.64191538767627,8.35808461232373,33.43233844929492
599,11.5,15.352782818197538,15.352782818197538,3.8527828181975377,33.50245928867424
45,13.0,13.20099083794504,13.20099083794504,0.20099083794504047,1.5460833688080036
4651,23.5,12.40219770840055,12.40219770840055,11.09780229159945,47.22469060255085
5070,6.0,6.257486024278389,6.257486024278389,0.2574860242783892,4.291433737973152
4575,6.0,4.831998815965309,4.831998815965309,1.1680011840346909,19.466686400578183
3921,14.2,7.4885231417193046,7.4885231417193046,6.711476858280695,47.26392153718799
3881,2.686686,3.63004473783889,3.63004473783889,0.9433587378388899,35.112355438592004
6979,5.85,13.517909769860092,13.517909769860092,7.667909769860092,131.0753806813691
6997,28.9,22.247468101408764,22.247468101408764,6.652531898591235,23.01914151761673
1421,1.9,3.3906632365474794,3.3906632365474794,1.4906632365474795,78.4559598182884
4251,17.2,17.991482530711973,17.991482530711973,0.7914825307119742,4.601642620418454
3529,2.3,2.219962107242532,2.219962107242532,0.08003789275746787,3.479908380759473
6651,12.09,14.470588574989284,14.470588574989284,2.380588574989284,19.69055893291385
6497,96.79,97.19672104350244,97.19672104350244,0.4067210435024293,0.4202097773555422
7180,15.99,17.62532399060887,17.62532399060887,1.6353239906088692,10.227166920630827
3044,13.2,16.728743824504477,16.728743824504477,3.5287438245044775,26.732907761397556
1298,4.1,5.826674576412617,5.826674576412617,1.7266745764126172,42.114014058844326
426,6.5,5.498413424914418,5.498413424914418,1.0015865750855824,15.409024232085883
4603,8.2,5.899113902841961,5.899113902841961,2.3008860971580383,28.059586550707788
805,19.9,18.631152344791918,18.631152344791918,1.2688476552080807,6.376118870392366
410,7.7,11.139152344413436,11.139152344413436,3.4391523444134355,44.66431616121345
6097,12.38,15.31242795371218,15.31242795371218,2.93242795371218,23.68681707360404
3858,15.0,7.553581649323465,7.553581649323465,7.446418350676535,49.642789004510234
438,8.8,10.867083133372542,10.867083133372542,2.0670831333725417,23.48958106105161
2389,2.0,2.096143141260549,2.096143141260549,0.09614314126054913,4.807157063027456
4161,9.2,10.978996971521774,10.978996971521774,1.7789969715217744,19.33692360349755
434,5.8,6.337737204660449,6.337737204660449,0.5377372046604494,9.271331114835334
751,10.5,8.212828608343855,8.212828608343855,2.2871713916561447,21.782584682439474
3411,8.5,6.03960681662393,6.03960681662393,2.4603931833760697,28.945802157365524
2874,6.99,5.700030336416745,5.700030336416745,1.2899696635832552,18.454501624939272
4383,14.6,14.643542155391788,14.643542155391788,0.04354215539178874,0.2982339410396489
2142,9.0,8.205028153121564,8.205028153121564,0.7949718468784361,8.833020520871512
6044,24.0,37.33940836423275,37.33940836423275,13.339408364232753,55.580868184303135
4937,7.5,6.672060139957671,6.672060139957671,0.8279398600423287,11.039198133897715
4856,5.9,8.593891329818963,8.593891329818963,2.693891329818962,45.659175081677326
1049,6.0,7.264448027409931,7.264448027409931,1.264448027409931,21.07413379016552
626,6.5,6.529555079724845,6.529555079724845,0.029555079724844724,0.4546935342283804
1926,10.2,9.854647888581384,9.854647888581384,0.3453521114186149,3.3858050139079894
1223,7.6,5.700030336416745,5.700030336416745,1.8999696635832546,24.99960083662177
210,7.89,10.486715046968273,10.486715046968273,2.5967150469682734,32.91147081075125
2431,3.89,2.586395345064996,2.586395345064996,1.303604654935004,33.51168778753223
6216,14.59,17.76224999069401,17.76224999069401,3.1722499906940094,21.742631875901367
4927,16.0,18.694583283865676,18.694583283865676,2.6945832838656756,16.841145524160474
51,18.8,14.832951240501107,14.832951240501107,3.967048759498894,21.101323188823905
1109,12.5,12.686010656202079,12.686010656202079,0.1860106562020789,1.4880852496166312
1436,7.2,10.55095574726153,10.55095574726153,3.350955747261529,46.54105204529901
7277,10.49,12.793280528177295,12.793280528177295,2.303280528177295,21.956916379192513
3882,2.8,4.62340320892173,4.62340320892173,1.8234032089217305,65.1215431757761
1786,10.8,5.6404037136182446,5.6404037136182446,5.159596286381756,47.77403968871996
5456,22.0,24.044594811097394,24.044594811097394,2.0445948110973937,9.293612777715426
4338,6.0,5.516789700736513,5.516789700736513,0.4832102992634866,8.053504987724775
6336,19.592,25.300732933855034,25.300732933855034,5.708732933855035,29.138081532538973
1558,2.8,3.545040270748234,3.545040270748234,0.745040270748234,26.608581098151213
2249,26.49,18.50862366927662,18.50862366927662,7.9813763307233785,30.129770972908187
5044,36.0,23.557517034488225,23.557517034488225,12.442482965511775,34.56245268197715
3786,8.5,12.520742876341485,12.520742876341485,4.020742876341485,47.30285736872335
4233,12.8,16.108094350345894,16.108094350345894,3.3080943503458933,25.844487112077292
4561,13.0,8.07859223122329,8.07859223122329,4.92140776877671,37.856982836743924
3733,3.5,4.187867145874268,4.187867145874268,0.687867145874268,19.653347024979087
5661,63.05,80.4034237734045,80.4034237734045,17.3534237734045,27.523273232996832
5664,70.99,69.40057774928573,69.40057774928573,1.5894222507142644,2.2389382317428717
6291,8.89,8.814323198525223,8.814323198525223,0.07567680147477773,0.8512576093900757
6970,20.49,28.407441314614754,28.407441314614754,7.917441314614756,38.6405139805503
4693,29.5,14.198881465368471,14.198881465368471,15.301118534631529,51.868198422479765
3164,1.0,1.5026948933884339,1.5026948933884339,0.5026948933884339,50.269489338843385
2112,5.4,4.94085837545147,4.94085837545147,0.45914162454853,8.502622676824629
705,7.2,7.307058865042087,7.307058865042087,0.10705886504208717,1.4869286811400995
2943,26.5,18.613467451140867,18.613467451140867,7.886532548859133,29.760500184374088
6952,20.99,13.990005770959865,13.990005770959865,6.999994229040134,33.34918641753279
57,3.8,5.82154809759138,5.82154809759138,2.0215480975913804,53.19863414714159
4881,9.8,9.943851914019971,9.943851914019971,0.14385191401997055,1.4678766736731688
5640,17.2,24.389708722436964,24.389708722436964,7.189708722436965,41.80063210719166
527,4.5,11.418846081844459,11.418846081844459,6.918846081844459,153.7521351520991
1935,3.8,3.8435030745455805,3.8435030745455805,0.04350307454558067,1.1448177511994913
5058,1.95,3.6184768131804352,3.6184768131804352,1.6684768131804353,85.56291349643259
565,4.0,6.863912316864988,6.863912316864988,2.8639123168649876,71.59780792162469
1871,4.9,5.775441747026096,5.775441747026096,0.8754417470260956,17.866158102573376
6095,18.85,19.528277399911328,19.528277399911328,0.6782773999113267,3.5982885936940407
640,5.5,4.399132384734312,4.399132384734312,1.1008676152656882,20.015774823012514
5282,5.0,3.8772041968477984,3.8772041968477984,1.1227958031522016,22.455916063044032
1747,41.0,30.56073487630293,30.56073487630293,10.43926512369707,25.461622252919682
730,6.5,8.043529675685763,8.043529675685763,1.5435296756857628,23.746610395165582
